2026-09-22 05:31:08: -- Analysis Started by On Schedule Min=30 Hour=5 
2026-09-22 05:31:08: L: Reading State File C:/rock/bannister/_gsdata_/_file_state_v4._gs
2026-09-22 05:31:12: R: Reading State File goodrive://www.googleapis.com/:personal:/bannister/_gsdata_/_file_state_v4._gs
2026-09-22 05:31:15: Changes: 1,458, Conflicts: 0, CopyTime: 0, FixState: 0, Errors: 0, All: 26387
2026-09-22 05:31:15: Left to Right: Copy File: 1453 Delete File: 5 
2026-09-22 05:31:15: == Sync Started by On Schedule Min=30 Hour=5 
2026-09-22 05:31:15: ConnectCloned connected to file:///C:/rock/bannister
2026-09-22 05:31:15: ConnectCloned connected to file:///C:/rock/bannister
2026-09-22 05:31:15: ConnectCloned connected to file:///C:/rock/bannister
2026-09-22 05:31:16: GsConnectAndSetRoot1 connected to goodrive://www.googleapis.com/:personal:/bannister
2026-09-22 05:31:16: GsConnectAndSetRoot1 connected to goodrive://www.googleapis.com/:personal:/bannister
2026-09-22 05:31:16: GsConnectAndSetRoot1 connected to goodrive://www.googleapis.com/:personal:/bannister
2026-09-22 05:31:16: > Copy Over 'C:/rock/bannister/.vs/Bannister/CopilotIndices/18.8.1106.51376/CodeChunks.db' -> 'goodrive://www.googleapis.com/:personal:/bannister/.vs/Bannister/CopilotIndices/18.8.1106.51376/CodeChunks.db' (6,594,560)
2026-09-22 05:31:16: > Copy Over 'C:/rock/bannister/.vs/Bannister/CopilotIndices/18.8.1106.51376/CodeChunks.db-wal' -> 'goodrive://www.googleapis.com/:personal:/bannister/.vs/Bannister/CopilotIndices/18.8.1106.51376/CodeChunks.db-wal' (4,276,592)
2026-09-22 05:31:21: C:/rock/bannister/.vs/Bannister/CopilotIndices/18.8.1106.51376/CodeChunks.db-wal: Source file has changed between Analyze and Sync from '[file] size=4,276,592 accu-time=2026-09-21 16:39:55 attr=Archive,WArchive cktype=0' to 'size=4,276,592 time=2026-09-21 18:28:58', noted in source file state
2026-09-22 05:31:21: < Copy Over 'C:/rock/bannister/.vs/Bannister/CopilotIndices/18.8.1106.51376/CodeChunks.db-wal' -> 'goodrive://www.googleapis.com/:personal:/bannister/.vs/Bannister/CopilotIndices/18.8.1106.51376/CodeChunks.db-wal' (4,276,592)
2026-09-22 05:31:21: Copy Over 'C:/rock/bannister/.git/COMMIT_EDITMSG' -> 'goodrive://www.googleapis.com/:personal:/bannister/.git/COMMIT_EDITMSG' (286)
2026-09-22 05:31:21: > Copy Over 'C:/rock/bannister/.vs/Bannister/CopilotIndices/18.8.1106.51376/SemanticSymbols.db' -> 'goodrive://www.googleapis.com/:personal:/bannister/.vs/Bannister/CopilotIndices/18.8.1106.51376/SemanticSymbols.db' (3,489,792)
2026-09-22 05:31:21: > Copy Over 'C:/rock/bannister/Bannister/bin/Debug/net8.0-android/Bannister.dll' -> 'goodrive://www.googleapis.com/:personal:/bannister/bannister/bin/Debug/net8.0-android/Bannister.dll' (7,945,216)
2026-09-22 05:31:21: < Copy Over 'C:/rock/bannister/.vs/Bannister/CopilotIndices/18.8.1106.51376/CodeChunks.db' -> 'goodrive://www.googleapis.com/:personal:/bannister/.vs/Bannister/CopilotIndices/18.8.1106.51376/CodeChunks.db' (6,594,560)
2026-09-22 05:31:21: > Copy Over 'C:/rock/bannister/Bannister/bin/Debug/net8.0-android/Bannister.pdb' -> 'goodrive://www.googleapis.com/:personal:/bannister/bannister/bin/Debug/net8.0-android/Bannister.pdb' (1,707,244)
2026-09-22 05:31:24: < Copy Over 'C:/rock/bannister/.vs/Bannister/CopilotIndices/18.8.1106.51376/SemanticSymbols.db' -> 'goodrive://www.googleapis.com/:personal:/bannister/.vs/Bannister/CopilotIndices/18.8.1106.51376/SemanticSymbols.db' (3,489,792)
2026-09-22 05:31:25: < Copy Over 'C:/rock/bannister/Bannister/bin/Debug/net8.0-android/Bannister.pdb' -> 'goodrive://www.googleapis.com/:personal:/bannister/bannister/bin/Debug/net8.0-android/Bannister.pdb' (1,707,244)
2026-09-22 05:31:25: < Copy Over 'C:/rock/bannister/Bannister/bin/Debug/net8.0-android/Bannister.dll' -> 'goodrive://www.googleapis.com/:personal:/bannister/bannister/bin/Debug/net8.0-android/Bannister.dll' (7,945,216)
2026-09-22 05:31:25: > Copy Over 'C:/rock/bannister/Bannister/bin/Debug/net8.0-android/com.bannister.app-Signed.apk' -> 'goodrive://www.googleapis.com/:personal:/bannister/bannister/bin/Debug/net8.0-android/com.bannister.app-Signed.apk' (65,861,082)
2026-09-22 05:31:28: Copy Over 'C:/rock/bannister/Bannister/bin/Debug/net8.0-android/Bannister.runtimeconfig.json' -> 'goodrive://www.googleapis.com/:personal:/bannister/bannister/bin/Debug/net8.0-android/Bannister.runtimeconfig.json' (1,423)
2026-09-22 05:31:29: Copy Over 'C:/rock/bannister/Bannister/bin/Debug/net8.0-android/Bannister.xml' -> 'goodrive://www.googleapis.com/:personal:/bannister/bannister/bin/Debug/net8.0-android/Bannister.xml' (235,306)
2026-09-22 05:31:29: > Copy Over 'C:/rock/bannister/Bannister/bin/Debug/net8.0-android/com.bannister.app.apk' -> 'goodrive://www.googleapis.com/:personal:/bannister/bannister/bin/Debug/net8.0-android/com.bannister.app.apk' (65,768,040)
2026-09-22 05:31:32: Copy Over 'C:/rock/bannister/Bannister/bin/Debug/net8.0-android/com.bannister.app-Signed.apk.idsig' -> 'goodrive://www.googleapis.com/:personal:/bannister/bannister/bin/Debug/net8.0-android/com.bannister.app-Signed.apk.idsig' (522,163)
2026-09-22 05:31:32: > Copy Over 'C:/rock/bannister/.vs/Bannister/CopilotIndices/18.8.1106.51376/SemanticSymbols.db-wal' -> 'goodrive://www.googleapis.com/:personal:/bannister/.vs/Bannister/CopilotIndices/18.8.1106.51376/SemanticSymbols.db-wal' (4,358,992)
2026-09-22 05:31:33: < Copy Over 'C:/rock/bannister/Bannister/bin/Debug/net8.0-android/com.bannister.app-Signed.apk' -> 'goodrive://www.googleapis.com/:personal:/bannister/bannister/bin/Debug/net8.0-android/com.bannister.app-Signed.apk' (65,861,082)
2026-09-22 05:31:36: C:/rock/bannister/.vs/Bannister/CopilotIndices/18.8.1106.51376/SemanticSymbols.db-wal: Source file has changed between Analyze and Sync from '[file] size=4,358,992 accu-time=2026-09-21 16:39:51 attr=Archive,WArchive cktype=0' to 'size=4,358,992 time=2026-09-21 18:28:58', noted in source file state
2026-09-22 05:31:36: < Copy Over 'C:/rock/bannister/.vs/Bannister/CopilotIndices/18.8.1106.51376/SemanticSymbols.db-wal' -> 'goodrive://www.googleapis.com/:personal:/bannister/.vs/Bannister/CopilotIndices/18.8.1106.51376/SemanticSymbols.db-wal' (4,358,992)
2026-09-22 05:31:36: CopyFileSimple: OpenDownload: ERR: Cannot open file C:/rock/bannister/.vs/Bannister/FileContentIndex/2bec41b1-535d-4dc6-a8e4-4ec8229d47c3.vsidx: cannot open file 'C:/rock/bannister/.vs/Bannister/FileContentIndex/2bec41b1-535d-4dc6-a8e4-4ec8229d47c3.vsidx': The process cannot access the file because it is being used by another process.  (error 32)
2026-09-22 05:31:36: Creating Snapshot of Volume 'C:' because this file is locked: C:/rock/bannister/.vs/Bannister/FileContentIndex/2bec41b1-535d-4dc6-a8e4-4ec8229d47c3.vsidx
2026-09-22 05:31:36: Connecting to Elevated Local GoodSync Server to complete operation
2026-09-22 05:31:36: LOCAL C:(127.0.0.1) -> S:127.0.0.1:33333
2026-09-22 05:31:36: Copy Over 'C:/rock/bannister/.vs/Bannister/DesignTimeBuild/.dtbcache.v2' -> 'goodrive://www.googleapis.com/:personal:/bannister/.vs/Bannister/DesignTimeBuild/.dtbcache.v2' (208,846)
2026-09-22 05:31:37: Delete File goodrive://www.googleapis.com/:personal:/bannister/.vs/Bannister/FileContentIndex/2c26c47b-afc2-414e-a918-9ca5bf21f28c.vsidx
2026-09-22 05:31:39: Created Snapshot of Volume 'C:' at '/GLOBALROOT/Device/HarddiskVolumeShadowCopy18', Elevated
2026-09-22 05:31:39: Open File Snap GetShadow: AbsPath=/GLOBALROOT/Device/HarddiskVolumeShadowCopy18/rock/bannister/.vs/Bannister/FileContentIndex/2bec41b1-535d-4dc6-a8e4-4ec8229d47c3.vsidx SnapshotPath=/GLOBALROOT/Device/HarddiskVolumeShadowCopy18 SnapVolume=C:
2026-09-22 05:31:39: < Copy Over 'C:/rock/bannister/Bannister/bin/Debug/net8.0-android/com.bannister.app.apk' -> 'goodrive://www.googleapis.com/:personal:/bannister/bannister/bin/Debug/net8.0-android/com.bannister.app.apk' (65,768,040)
2026-09-22 05:31:41: Copy Over 'C:/rock/bannister/Bannister/bin/x64/Debug/net8.0-windows10.0.19041.0/AppxManifest.xml' -> 'goodrive://www.googleapis.com/:personal:/bannister/bannister/bin/x64/Debug/net8.0-windows10.0.19041.0/AppxManifest.xml' (2,821)
2026-09-22 05:31:41: Copy New 'C:/rock/bannister/.vs/Bannister/FileContentIndex/2bec41b1-535d-4dc6-a8e4-4ec8229d47c3.vsidx' -> 'goodrive://www.googleapis.com/:personal:/bannister/.vs/Bannister/FileContentIndex/2bec41b1-535d-4dc6-a8e4-4ec8229d47c3.vsidx' (722,817)
2026-09-22 05:31:41: > Copy Over 'C:/rock/bannister/Bannister/bin/x64/Debug/net8.0-windows10.0.19041.0/AppX/Bannister.dll' -> 'goodrive://www.googleapis.com/:personal:/bannister/bannister/bin/x64/Debug/net8.0-windows10.0.19041.0/AppX/Bannister.dll' (8,399,872)
2026-09-22 05:31:43: Copy Over 'C:/rock/bannister/Bannister/bin/x64/Debug/net8.0-windows10.0.19041.0/AppX/AppxManifest.xml' -> 'goodrive://www.googleapis.com/:personal:/bannister/bannister/bin/x64/Debug/net8.0-windows10.0.19041.0/AppX/AppxManifest.xml' (2,821)
2026-09-22 05:31:44: Copy Over 'C:/rock/bannister/Bannister/bin/x64/Debug/net8.0-windows10.0.19041.0/AppX/Bannister.deps.json' -> 'goodrive://www.googleapis.com/:personal:/bannister/bannister/bin/x64/Debug/net8.0-windows10.0.19041.0/AppX/Bannister.deps.json' (72,297)
2026-09-22 05:31:46: < Copy Over 'C:/rock/bannister/Bannister/bin/x64/Debug/net8.0-windows10.0.19041.0/AppX/Bannister.dll' -> 'goodrive://www.googleapis.com/:personal:/bannister/bannister/bin/x64/Debug/net8.0-windows10.0.19041.0/AppX/Bannister.dll' (8,399,872)
2026-09-22 05:31:46: Copy Over 'C:/rock/bannister/Bannister/bin/x64/Debug/net8.0-windows10.0.19041.0/AppX/Bannister.exe' -> 'goodrive://www.googleapis.com/:personal:/bannister/bannister/bin/x64/Debug/net8.0-windows10.0.19041.0/AppX/Bannister.exe' (153,088)
2026-09-22 05:31:48: Copy Over 'C:/rock/bannister/Bannister/bin/x64/Debug/net8.0-windows10.0.19041.0/AppX/Bannister.runtimeconfig.json' -> 'goodrive://www.googleapis.com/:personal:/bannister/bannister/bin/x64/Debug/net8.0-windows10.0.19041.0/AppX/Bannister.runtimeconfig.json' (385)
2026-09-22 05:31:49: Copy Over 'C:/rock/bannister/Bannister/bin/x64/Debug/net8.0-windows10.0.19041.0/AppX/resources.pri' -> 'goodrive://www.googleapis.com/:personal:/bannister/bannister/bin/x64/Debug/net8.0-windows10.0.19041.0/AppX/resources.pri' (140,744)
2026-09-22 05:31:50: Copy Over 'C:/rock/bannister/Bannister/bin/x64/Debug/net8.0-windows10.0.19041.0/AppX/vs.appxrecipe' -> 'goodrive://www.googleapis.com/:personal:/bannister/bannister/bin/x64/Debug/net8.0-windows10.0.19041.0/AppX/vs.appxrecipe' (72,682)
2026-09-22 05:31:50: > Copy Over 'C:/rock/bannister/Bannister/bin/x64/Debug/net8.0-windows10.0.19041.0/Bannister.dll' -> 'goodrive://www.googleapis.com/:personal:/bannister/bannister/bin/x64/Debug/net8.0-windows10.0.19041.0/Bannister.dll' (8,399,872)
2026-09-22 05:31:52: Copy Over 'C:/rock/bannister/Bannister/bin/x64/Debug/net8.0-windows10.0.19041.0/Bannister.build.appxrecipe' -> 'goodrive://www.googleapis.com/:personal:/bannister/bannister/bin/x64/Debug/net8.0-windows10.0.19041.0/Bannister.build.appxrecipe' (60,573)
2026-09-22 05:31:53: Copy Over 'C:/rock/bannister/Bannister/bin/x64/Debug/net8.0-windows10.0.19041.0/Bannister.deps.json' -> 'goodrive://www.googleapis.com/:personal:/bannister/bannister/bin/x64/Debug/net8.0-windows10.0.19041.0/Bannister.deps.json' (72,297)
2026-09-22 05:31:53: > Copy Over 'C:/rock/bannister/Bannister/bin/x64/Debug/net8.0-windows10.0.19041.0/Bannister.pdb' -> 'goodrive://www.googleapis.com/:personal:/bannister/bannister/bin/x64/Debug/net8.0-windows10.0.19041.0/Bannister.pdb' (1,776,152)
2026-09-22 05:31:55: < Copy Over 'C:/rock/bannister/Bannister/bin/x64/Debug/net8.0-windows10.0.19041.0/Bannister.dll' -> 'goodrive://www.googleapis.com/:personal:/bannister/bannister/bin/x64/Debug/net8.0-windows10.0.19041.0/Bannister.dll' (8,399,872)
2026-09-22 05:31:55: Copy Over 'C:/rock/bannister/Bannister/bin/x64/Debug/net8.0-windows10.0.19041.0/Bannister.exe' -> 'goodrive://www.googleapis.com/:personal:/bannister/bannister/bin/x64/Debug/net8.0-windows10.0.19041.0/Bannister.exe' (153,088)
2026-09-22 05:31:57: < Copy Over 'C:/rock/bannister/Bannister/bin/x64/Debug/net8.0-windows10.0.19041.0/Bannister.pdb' -> 'goodrive://www.googleapis.com/:personal:/bannister/bannister/bin/x64/Debug/net8.0-windows10.0.19041.0/Bannister.pdb' (1,776,152)
2026-09-22 05:31:58: Delete File goodrive://www.googleapis.com/:personal:/bannister/.vs/Bannister/FileContentIndex/42147a65-1ef0-414d-ba09-6e57278b2cdd.vsidx
2026-09-22 05:31:58: Copy Over 'C:/rock/bannister/Bannister/bin/x64/Debug/net8.0-windows10.0.19041.0/Bannister.runtimeconfig.json' -> 'goodrive://www.googleapis.com/:personal:/bannister/bannister/bin/x64/Debug/net8.0-windows10.0.19041.0/Bannister.runtimeconfig.json' (385)
2026-09-22 05:31:58: CopyFileSimple: OpenDownload: ERR: Cannot open file C:/rock/bannister/.vs/Bannister/FileContentIndex/475b5174-f3d3-4593-ae7e-cc24fdcf4a4c.vsidx: cannot open file 'C:/rock/bannister/.vs/Bannister/FileContentIndex/475b5174-f3d3-4593-ae7e-cc24fdcf4a4c.vsidx': The process cannot access the file because it is being used by another process.  (error 32)
2026-09-22 05:31:58: Open File Snap GetShadow: AbsPath=/GLOBALROOT/Device/HarddiskVolumeShadowCopy18/rock/bannister/.vs/Bannister/FileContentIndex/475b5174-f3d3-4593-ae7e-cc24fdcf4a4c.vsidx SnapshotPath=/GLOBALROOT/Device/HarddiskVolumeShadowCopy18 SnapVolume=C:
2026-09-22 05:31:59: Delete File goodrive://www.googleapis.com/:personal:/bannister/.vs/Bannister/FileContentIndex/44edbbe4-c8f6-4aab-afa8-aee4541e7b82.vsidx
2026-09-22 05:31:59: CopyFileSimple: OpenDownload: ERR: Cannot open file C:/rock/bannister/.vs/Bannister/FileContentIndex/4b45de38-06f0-48a7-90bd-ca3507ab0d0a.vsidx: cannot open file 'C:/rock/bannister/.vs/Bannister/FileContentIndex/4b45de38-06f0-48a7-90bd-ca3507ab0d0a.vsidx': The process cannot access the file because it is being used by another process.  (error 32)
2026-09-22 05:31:59: Open File Snap GetShadow: AbsPath=/GLOBALROOT/Device/HarddiskVolumeShadowCopy18/rock/bannister/.vs/Bannister/FileContentIndex/4b45de38-06f0-48a7-90bd-ca3507ab0d0a.vsidx SnapshotPath=/GLOBALROOT/Device/HarddiskVolumeShadowCopy18 SnapVolume=C:
2026-09-22 05:31:59: Copy Over 'C:/rock/bannister/Bannister/bin/x64/Debug/net8.0-windows10.0.19041.0/resources.pri' -> 'goodrive://www.googleapis.com/:personal:/bannister/bannister/bin/x64/Debug/net8.0-windows10.0.19041.0/resources.pri' (140,744)
2026-09-22 05:31:59: CopyFileSimple: OpenDownload: ERR: Cannot open file C:/rock/bannister/.vs/Bannister/FileContentIndex/8c340ebb-40fd-43e2-ad4b-082a40053502.vsidx: cannot open file 'C:/rock/bannister/.vs/Bannister/FileContentIndex/8c340ebb-40fd-43e2-ad4b-082a40053502.vsidx': The process cannot access the file because it is being used by another process.  (error 32)
2026-09-22 05:31:59: Open File Snap GetShadow: AbsPath=/GLOBALROOT/Device/HarddiskVolumeShadowCopy18/rock/bannister/.vs/Bannister/FileContentIndex/8c340ebb-40fd-43e2-ad4b-082a40053502.vsidx SnapshotPath=/GLOBALROOT/Device/HarddiskVolumeShadowCopy18 SnapVolume=C:
2026-09-22 05:32:01: Copy New 'C:/rock/bannister/.vs/Bannister/FileContentIndex/475b5174-f3d3-4593-ae7e-cc24fdcf4a4c.vsidx' -> 'goodrive://www.googleapis.com/:personal:/bannister/.vs/Bannister/FileContentIndex/475b5174-f3d3-4593-ae7e-cc24fdcf4a4c.vsidx' (241,354)
2026-09-22 05:32:01: Copy New 'C:/rock/bannister/.vs/Bannister/FileContentIndex/4b45de38-06f0-48a7-90bd-ca3507ab0d0a.vsidx' -> 'goodrive://www.googleapis.com/:personal:/bannister/.vs/Bannister/FileContentIndex/4b45de38-06f0-48a7-90bd-ca3507ab0d0a.vsidx' (241,303)
2026-09-22 05:32:01: CopyFileSimple: OpenDownload: ERR: Cannot open file C:/rock/bannister/.vs/Bannister/FileContentIndex/ccb5b1a6-f7f2-4503-880d-cda95c26ecd2.vsidx: cannot open file 'C:/rock/bannister/.vs/Bannister/FileContentIndex/ccb5b1a6-f7f2-4503-880d-cda95c26ecd2.vsidx': The process cannot access the file because it is being used by another process.  (error 32)
2026-09-22 05:32:01: Open File Snap GetShadow: AbsPath=/GLOBALROOT/Device/HarddiskVolumeShadowCopy18/rock/bannister/.vs/Bannister/FileContentIndex/ccb5b1a6-f7f2-4503-880d-cda95c26ecd2.vsidx SnapshotPath=/GLOBALROOT/Device/HarddiskVolumeShadowCopy18 SnapVolume=C:
2026-09-22 05:32:01: Copy New 'C:/rock/bannister/.vs/Bannister/FileContentIndex/8c340ebb-40fd-43e2-ad4b-082a40053502.vsidx' -> 'goodrive://www.googleapis.com/:personal:/bannister/.vs/Bannister/FileContentIndex/8c340ebb-40fd-43e2-ad4b-082a40053502.vsidx' (242,759)
2026-09-22 05:32:01: Delete File goodrive://www.googleapis.com/:personal:/bannister/.vs/Bannister/FileContentIndex/bed331b4-47b3-45e2-b63a-f1bbd2b7d821.vsidx
2026-09-22 05:32:02: Delete File goodrive://www.googleapis.com/:personal:/bannister/.vs/Bannister/FileContentIndex/d32b86e1-a127-4cc2-b409-e7566603f47f.vsidx
2026-09-22 05:32:03: Copy New 'C:/rock/bannister/.vs/Bannister/FileContentIndex/ccb5b1a6-f7f2-4503-880d-cda95c26ecd2.vsidx' -> 'goodrive://www.googleapis.com/:personal:/bannister/.vs/Bannister/FileContentIndex/ccb5b1a6-f7f2-4503-880d-cda95c26ecd2.vsidx' (247,995)
2026-09-22 05:32:05: Copy Over 'C:/rock/bannister/.vs/Bannister/v18/.suo' -> 'goodrive://www.googleapis.com/:personal:/bannister/.vs/Bannister/v18/.suo' (96,768)
2026-09-22 05:32:05: > Copy Over 'C:/rock/bannister/Bannister/bin/x64/Release/net8.0-windows10.0.19041.0/win-x64/Bannister.dll' -> 'goodrive://www.googleapis.com/:personal:/bannister/bannister/bin/x64/Release/net8.0-windows10.0.19041.0/win-x64/Bannister.dll' (7,431,168)
2026-09-22 05:32:05: Copy Over 'C:/rock/bannister/.vs/Bannister/v18/DocumentLayout.backup.json' -> 'goodrive://www.googleapis.com/:personal:/bannister/.vs/Bannister/v18/DocumentLayout.backup.json' (19,514)
2026-09-22 05:32:07: Copy Over 'C:/rock/bannister/Bannister/bin/x64/Release/net8.0-windows10.0.19041.0/win-x64/Bannister.deps.json' -> 'goodrive://www.googleapis.com/:personal:/bannister/bannister/bin/x64/Release/net8.0-windows10.0.19041.0/win-x64/Bannister.deps.json' (100,548)
2026-09-22 05:32:07: > Copy Over 'C:/rock/bannister/Bannister/bin/x64/Release/net8.0-windows10.0.19041.0/win-x64/Bannister.pdb' -> 'goodrive://www.googleapis.com/:personal:/bannister/bannister/bin/x64/Release/net8.0-windows10.0.19041.0/win-x64/Bannister.pdb' (1,351,328)
2026-09-22 05:32:09: Copy Over 'C:/rock/bannister/Bannister/bin/x64/Release/net8.0-windows10.0.19041.0/win-x64/Bannister.exe' -> 'goodrive://www.googleapis.com/:personal:/bannister/bannister/bin/x64/Release/net8.0-windows10.0.19041.0/win-x64/Bannister.exe' (271,872)
2026-09-22 05:32:09: < Copy Over 'C:/rock/bannister/Bannister/bin/x64/Release/net8.0-windows10.0.19041.0/win-x64/Bannister.dll' -> 'goodrive://www.googleapis.com/:personal:/bannister/bannister/bin/x64/Release/net8.0-windows10.0.19041.0/win-x64/Bannister.dll' (7,431,168)
2026-09-22 05:32:09: > Copy Over 'C:/rock/bannister/Bannister/bin/x64/Release/net8.0-windows10.0.19041.0/win-x64/resources.pri' -> 'goodrive://www.googleapis.com/:personal:/bannister/bannister/bin/x64/Release/net8.0-windows10.0.19041.0/win-x64/resources.pri' (1,369,768)
2026-09-22 05:32:10: < Copy Over 'C:/rock/bannister/Bannister/bin/x64/Release/net8.0-windows10.0.19041.0/win-x64/Bannister.pdb' -> 'goodrive://www.googleapis.com/:personal:/bannister/bannister/bin/x64/Release/net8.0-windows10.0.19041.0/win-x64/Bannister.pdb' (1,351,328)
2026-09-22 05:32:12: Copy Over 'C:/rock/bannister/Bannister/bin/x64/Release/net8.0-windows10.0.19041.0/win-x64/Bannister.runtimeconfig.json' -> 'goodrive://www.googleapis.com/:personal:/bannister/bannister/bin/x64/Release/net8.0-windows10.0.19041.0/win-x64/Bannister.runtimeconfig.json' (489)
2026-09-22 05:32:13: < Copy Over 'C:/rock/bannister/Bannister/bin/x64/Release/net8.0-windows10.0.19041.0/win-x64/resources.pri' -> 'goodrive://www.googleapis.com/:personal:/bannister/bannister/bin/x64/Release/net8.0-windows10.0.19041.0/win-x64/resources.pri' (1,369,768)
2026-09-22 05:32:13: Create Folder goodrive://www.googleapis.com/:personal:/bannister/bannister/Data
2026-09-22 05:32:14: Copy Over 'C:/rock/bannister/.vs/Bannister/v18/DocumentLayout.json' -> 'goodrive://www.googleapis.com/:personal:/bannister/.vs/Bannister/v18/DocumentLayout.json' (19,514)
2026-09-22 05:32:16: Copy New 'C:/rock/bannister/Bannister/Data/ActivitySuggestions.cs' -> 'goodrive://www.googleapis.com/:personal:/bannister/bannister/Data/ActivitySuggestions.cs' (1,981)
2026-09-22 05:32:16: Copy New 'C:/rock/bannister/Bannister/Models/ActivitySuggestion.cs' -> 'goodrive://www.googleapis.com/:personal:/bannister/bannister/Models/ActivitySuggestion.cs' (965)
2026-09-22 05:32:16: Copy Over 'C:/rock/bannister/Bannister/MauiProgram.cs' -> 'goodrive://www.googleapis.com/:personal:/bannister/bannister/MauiProgram.cs' (12,810)
2026-09-22 05:32:16: > Copy Over 'C:/rock/bannister/Bannister/obj/project.assets.json' -> 'goodrive://www.googleapis.com/:personal:/bannister/bannister/obj/project.assets.json' (1,266,805)
2026-09-22 05:32:19: Copy Over 'C:/rock/bannister/Bannister/obj/Bannister.csproj.nuget.dgspec.json' -> 'goodrive://www.googleapis.com/:personal:/bannister/bannister/obj/Bannister.csproj.nuget.dgspec.json' (7,559)
2026-09-22 05:32:19: Copy Over 'C:/rock/bannister/Bannister/obj/Bannister.csproj.nuget.g.props' -> 'goodrive://www.googleapis.com/:personal:/bannister/bannister/obj/Bannister.csproj.nuget.g.props' (5,005)
2026-09-22 05:32:21: < Copy Over 'C:/rock/bannister/Bannister/obj/project.assets.json' -> 'goodrive://www.googleapis.com/:personal:/bannister/bannister/obj/project.assets.json' (1,266,805)
2026-09-22 05:32:22: Copy New 'C:/rock/bannister/Bannister/obj/Debug/net8.0-android/adb.props' -> 'goodrive://www.googleapis.com/:personal:/bannister/bannister/obj/Debug/net8.0-android/adb.props' (25)
2026-09-22 05:32:22: Copy Over 'C:/rock/bannister/Bannister/obj/project.nuget.cache' -> 'goodrive://www.googleapis.com/:personal:/bannister/bannister/obj/project.nuget.cache' (27,012)
2026-09-22 05:32:22: > Copy Over 'C:/rock/bannister/Bannister/obj/Debug/net8.0-android/android/assets/Bannister.dll' -> 'goodrive://www.googleapis.com/:personal:/bannister/bannister/obj/Debug/net8.0-android/android/assets/Bannister.dll' (7,945,216)
2026-09-22 05:32:25: Copy Over 'C:/rock/bannister/Bannister/obj/Debug/net8.0-android/android/AndroidManifest.xml' -> 'goodrive://www.googleapis.com/:personal:/bannister/bannister/obj/Debug/net8.0-android/android/AndroidManifest.xml' (4,994)
2026-09-22 05:32:25: > Copy Over 'C:/rock/bannister/Bannister/obj/Debug/net8.0-android/android/bin/classes.dex' -> 'goodrive://www.googleapis.com/:personal:/bannister/bannister/obj/Debug/net8.0-android/android/bin/classes.dex' (8,171,880)
2026-09-22 05:32:25: Copy Over 'C:/rock/bannister/Bannister/obj/Debug/net8.0-android/android-arm/Bannister.assets.cache' -> 'goodrive://www.googleapis.com/:personal:/bannister/bannister/obj/Debug/net8.0-android/android-arm/Bannister.assets.cache' (101,435)
2026-09-22 05:32:27: < Copy Over 'C:/rock/bannister/Bannister/obj/Debug/net8.0-android/android/assets/Bannister.dll' -> 'goodrive://www.googleapis.com/:personal:/bannister/bannister/obj/Debug/net8.0-android/android/assets/Bannister.dll' (7,945,216)
2026-09-22 05:32:28: Copy Over 'C:/rock/bannister/Bannister/obj/Debug/net8.0-android/android/bin/classes/androidx/activity/ktx/R.class' -> 'goodrive://www.googleapis.com/:personal:/bannister/bannister/obj/Debug/net8.0-android/android/bin/classes/androidx/activity/ktx/R.class' (198)
2026-09-22 05:32:29: < Copy Over 'C:/rock/bannister/Bannister/obj/Debug/net8.0-android/android/bin/classes.dex' -> 'goodrive://www.googleapis.com/:personal:/bannister/bannister/obj/Debug/net8.0-android/android/bin/classes.dex' (8,171,880)
2026-09-22 05:32:30: Copy Over 'C:/rock/bannister/Bannister/obj/Debug/net8.0-android/android/bin/classes/androidx/activity/R$id.class' -> 'goodrive://www.googleapis.com/:personal:/bannister/bannister/obj/Debug/net8.0-android/android/bin/classes/androidx/activity/R$id.class' (380)
2026-09-22 05:32:32: Copy Over 'C:/rock/bannister/Bannister/obj/Debug/net8.0-android/android/bin/classes/com/bannister/app/R$anim.class' -> 'goodrive://www.googleapis.com/:personal:/bannister/bannister/obj/Debug/net8.0-android/android/bin/classes/com/bannister/app/R$anim.class' (2,906)
2026-09-22 05:32:32: Copy Over 'C:/rock/bannister/Bannister/obj/Debug/net8.0-android/android/bin/classes/com/bannister/app/R$animator.class' -> 'goodrive://www.googleapis.com/:personal:/bannister/bannister/obj/Debug/net8.0-android/android/bin/classes/com/bannister/app/R$animator.class' (2,331)
2026-09-22 05:32:34: Copy Over 'C:/rock/bannister/Bannister/obj/Debug/net8.0-android/android/bin/classes/com/bannister/app/R$attr.class' -> 'goodrive://www.googleapis.com/:personal:/bannister/bannister/obj/Debug/net8.0-android/android/bin/classes/com/bannister/app/R$attr.class' (54,839)
2026-09-22 05:32:35: Copy Over 'C:/rock/bannister/Bannister/obj/Debug/net8.0-android/android/bin/classes/com/bannister/app/R$bool.class' -> 'goodrive://www.googleapis.com/:personal:/bannister/bannister/obj/Debug/net8.0-android/android/bin/classes/com/bannister/app/R$bool.class' (443)
2026-09-22 05:32:36: Copy Over 'C:/rock/bannister/Bannister/obj/Debug/net8.0-android/android/bin/classes/com/bannister/app/R$color.class' -> 'goodrive://www.googleapis.com/:personal:/bannister/bannister/obj/Debug/net8.0-android/android/bin/classes/com/bannister/app/R$color.class' (42,362)
2026-09-22 05:32:37: Copy Over 'C:/rock/bannister/Bannister/obj/Debug/net8.0-android/android/bin/classes/com/bannister/app/R$dimen.class' -> 'goodrive://www.googleapis.com/:personal:/bannister/bannister/obj/Debug/net8.0-android/android/bin/classes/com/bannister/app/R$dimen.class' (46,419)
2026-09-22 05:32:39: Copy Over 'C:/rock/bannister/Bannister/obj/Debug/net8.0-android/android/bin/classes/com/bannister/app/R$drawable.class' -> 'goodrive://www.googleapis.com/:personal:/bannister/bannister/obj/Debug/net8.0-android/android/bin/classes/com/bannister/app/R$drawable.class' (10,686)
2026-09-22 05:32:40: Copy Over 'C:/rock/bannister/Bannister/obj/Debug/net8.0-android/android/bin/classes/com/bannister/app/R$id.class' -> 'goodrive://www.googleapis.com/:personal:/bannister/bannister/obj/Debug/net8.0-android/android/bin/classes/com/bannister/app/R$id.class' (20,962)
2026-09-22 05:32:40: Copy Over 'C:/rock/bannister/Bannister/obj/Debug/net8.0-android/android/bin/classes/com/bannister/app/R$integer.class' -> 'goodrive://www.googleapis.com/:personal:/bannister/bannister/obj/Debug/net8.0-android/android/bin/classes/com/bannister/app/R$integer.class' (3,932)
2026-09-22 05:32:43: Copy Over 'C:/rock/bannister/Bannister/obj/Debug/net8.0-android/android/bin/classes/com/bannister/app/R$interpolator.class' -> 'goodrive://www.googleapis.com/:personal:/bannister/bannister/obj/Debug/net8.0-android/android/bin/classes/com/bannister/app/R$interpolator.class' (1,370)
2026-09-22 05:32:43: Copy Over 'C:/rock/bannister/Bannister/obj/Debug/net8.0-android/android/bin/classes/com/bannister/app/R$layout.class' -> 'goodrive://www.googleapis.com/:personal:/bannister/bannister/obj/Debug/net8.0-android/android/bin/classes/com/bannister/app/R$layout.class' (5,883)
2026-09-22 05:32:43: Copy Over 'C:/rock/bannister/Bannister/obj/Debug/net8.0-android/android/bin/classes/com/bannister/app/R$mipmap.class' -> 'goodrive://www.googleapis.com/:personal:/bannister/bannister/obj/Debug/net8.0-android/android/bin/classes/com/bannister/app/R$mipmap.class' (438)
2026-09-22 05:32:46: Copy Over 'C:/rock/bannister/Bannister/obj/Debug/net8.0-android/android/bin/classes/com/bannister/app/R$plurals.class' -> 'goodrive://www.googleapis.com/:personal:/bannister/bannister/obj/Debug/net8.0-android/android/bin/classes/com/bannister/app/R$plurals.class' (342)
2026-09-22 05:32:46: Copy Over 'C:/rock/bannister/Bannister/obj/Debug/net8.0-android/android/bin/classes/com/bannister/app/R$string.class' -> 'goodrive://www.googleapis.com/:personal:/bannister/bannister/obj/Debug/net8.0-android/android/bin/classes/com/bannister/app/R$string.class' (9,918)
2026-09-22 05:32:47: Copy Over 'C:/rock/bannister/Bannister/obj/Debug/net8.0-android/android/bin/classes/com/bannister/app/R$style.class' -> 'goodrive://www.googleapis.com/:personal:/bannister/bannister/obj/Debug/net8.0-android/android/bin/classes/com/bannister/app/R$style.class' (73,620)
2026-09-22 05:32:50: Copy Over 'C:/rock/bannister/Bannister/obj/Debug/net8.0-android/android/bin/classes/com/bannister/app/R$styleable.class' -> 'goodrive://www.googleapis.com/:personal:/bannister/bannister/obj/Debug/net8.0-android/android/bin/classes/com/bannister/app/R$styleable.class' (130,989)
2026-09-22 05:32:50: Copy Over 'C:/rock/bannister/Bannister/obj/Debug/net8.0-android/android/bin/classes/com/bannister/app/R$xml.class' -> 'goodrive://www.googleapis.com/:personal:/bannister/bannister/obj/Debug/net8.0-android/android/bin/classes/com/bannister/app/R$xml.class' (398)
2026-09-22 05:32:51: Copy Over 'C:/rock/bannister/Bannister/obj/Debug/net8.0-android/android/bin/classes/com/bannister/app/R.class' -> 'goodrive://www.googleapis.com/:personal:/bannister/bannister/obj/Debug/net8.0-android/android/bin/classes/com/bannister/app/R.class' (1,048)
2026-09-22 05:32:53: Copy Over 'C:/rock/bannister/Bannister/obj/Debug/net8.0-android/android/bin/classes/androidx/activity/R.class' -> 'goodrive://www.googleapis.com/:personal:/bannister/bannister/obj/Debug/net8.0-android/android/bin/classes/androidx/activity/R.class' (258)
2026-09-22 05:32:53: Copy Over 'C:/rock/bannister/Bannister/obj/Debug/net8.0-android/android/bin/classes/com/bumptech/glide/gifdecoder/R.class' -> 'goodrive://www.googleapis.com/:personal:/bannister/bannister/obj/Debug/net8.0-android/android/bin/classes/com/bumptech/glide/gifdecoder/R.class' (206)
2026-09-22 05:32:54: Copy Over 'C:/rock/bannister/Bannister/obj/Debug/net8.0-android/android/bin/classes/com/google/android/material/R$anim.class' -> 'goodrive://www.googleapis.com/:personal:/bannister/bannister/obj/Debug/net8.0-android/android/bin/classes/com/google/android/material/R$anim.class' (2,592)
2026-09-22 05:32:57: Copy Over 'C:/rock/bannister/Bannister/obj/Debug/net8.0-android/android/bin/classes/com/google/android/material/R$animator.class' -> 'goodrive://www.googleapis.com/:personal:/bannister/bannister/obj/Debug/net8.0-android/android/bin/classes/com/google/android/material/R$animator.class' (2,161)
2026-09-22 05:32:57: Copy Over 'C:/rock/bannister/Bannister/obj/Debug/net8.0-android/android/bin/classes/com/google/android/material/R$attr.class' -> 'goodrive://www.googleapis.com/:personal:/bannister/bannister/obj/Debug/net8.0-android/android/bin/classes/com/google/android/material/R$attr.class' (49,187)
2026-09-22 05:32:58: Copy Over 'C:/rock/bannister/Bannister/obj/Debug/net8.0-android/android/bin/classes/com/google/android/material/R$bool.class' -> 'goodrive://www.googleapis.com/:personal:/bannister/bannister/obj/Debug/net8.0-android/android/bin/classes/com/google/android/material/R$bool.class' (463)
2026-09-22 05:33:01: Copy Over 'C:/rock/bannister/Bannister/obj/Debug/net8.0-android/android/bin/classes/com/google/android/material/R$color.class' -> 'goodrive://www.googleapis.com/:personal:/bannister/bannister/obj/Debug/net8.0-android/android/bin/classes/com/google/android/material/R$color.class' (41,872)
2026-09-22 05:33:01: Copy Over 'C:/rock/bannister/Bannister/obj/Debug/net8.0-android/android/bin/classes/com/google/android/material/R$dimen.class' -> 'goodrive://www.googleapis.com/:personal:/bannister/bannister/obj/Debug/net8.0-android/android/bin/classes/com/google/android/material/R$dimen.class' (46,259)
2026-09-22 05:33:01: Copy Over 'C:/rock/bannister/Bannister/obj/Debug/net8.0-android/android/bin/classes/com/google/android/material/R$drawable.class' -> 'goodrive://www.googleapis.com/:personal:/bannister/bannister/obj/Debug/net8.0-android/android/bin/classes/com/google/android/material/R$drawable.class' (9,708)
2026-09-22 05:33:04: Copy Over 'C:/rock/bannister/Bannister/obj/Debug/net8.0-android/android/bin/classes/com/google/android/material/R$integer.class' -> 'goodrive://www.googleapis.com/:personal:/bannister/bannister/obj/Debug/net8.0-android/android/bin/classes/com/google/android/material/R$integer.class' (3,910)
2026-09-22 05:33:04: Copy Over 'C:/rock/bannister/Bannister/obj/Debug/net8.0-android/android/bin/classes/com/google/android/material/R$id.class' -> 'goodrive://www.googleapis.com/:personal:/bannister/bannister/obj/Debug/net8.0-android/android/bin/classes/com/google/android/material/R$id.class' (16,168)
2026-09-22 05:33:04: Copy Over 'C:/rock/bannister/Bannister/obj/Debug/net8.0-android/android/bin/classes/com/google/android/material/R$interpolator.class' -> 'goodrive://www.googleapis.com/:personal:/bannister/bannister/obj/Debug/net8.0-android/android/bin/classes/com/google/android/material/R$interpolator.class' (1,390)
2026-09-22 05:33:08: Copy Over 'C:/rock/bannister/Bannister/obj/Debug/net8.0-android/android/bin/classes/com/google/android/material/R$layout.class' -> 'goodrive://www.googleapis.com/:personal:/bannister/bannister/obj/Debug/net8.0-android/android/bin/classes/com/google/android/material/R$layout.class' (5,537)
2026-09-22 05:33:08: Copy Over 'C:/rock/bannister/Bannister/obj/Debug/net8.0-android/android/bin/classes/com/google/android/material/R$plurals.class' -> 'goodrive://www.googleapis.com/:personal:/bannister/bannister/obj/Debug/net8.0-android/android/bin/classes/com/google/android/material/R$plurals.class' (362)
2026-09-22 05:33:08: Copy Over 'C:/rock/bannister/Bannister/obj/Debug/net8.0-android/android/bin/classes/com/google/android/material/R$string.class' -> 'goodrive://www.googleapis.com/:personal:/bannister/bannister/obj/Debug/net8.0-android/android/bin/classes/com/google/android/material/R$string.class' (9,069)
2026-09-22 05:33:11: Copy Over 'C:/rock/bannister/Bannister/obj/Debug/net8.0-android/android/bin/classes/com/google/android/material/R$styleable.class' -> 'goodrive://www.googleapis.com/:personal:/bannister/bannister/obj/Debug/net8.0-android/android/bin/classes/com/google/android/material/R$styleable.class' (109,039)
2026-09-22 05:33:11: Copy Over 'C:/rock/bannister/Bannister/obj/Debug/net8.0-android/android/bin/classes/com/google/android/material/R$style.class' -> 'goodrive://www.googleapis.com/:personal:/bannister/bannister/obj/Debug/net8.0-android/android/bin/classes/com/google/android/material/R$style.class' (73,038)
2026-09-22 05:33:11: Copy Over 'C:/rock/bannister/Bannister/obj/Debug/net8.0-android/android/bin/classes/com/google/android/material/R.class' -> 'goodrive://www.googleapis.com/:personal:/bannister/bannister/obj/Debug/net8.0-android/android/bin/classes/com/google/android/material/R.class' (1,116)
2026-09-22 05:33:15: Copy Over 'C:/rock/bannister/Bannister/obj/Debug/net8.0-android/android/bin/classes/com/bumptech/glide/R$anim.class' -> 'goodrive://www.googleapis.com/:personal:/bannister/bannister/obj/Debug/net8.0-android/android/bin/classes/com/bumptech/glide/R$anim.class' (1,681)
2026-09-22 05:33:15: Copy Over 'C:/rock/bannister/Bannister/obj/Debug/net8.0-android/android/bin/classes/com/bumptech/glide/R$animator.class' -> 'goodrive://www.googleapis.com/:personal:/bannister/bannister/obj/Debug/net8.0-android/android/bin/classes/com/bumptech/glide/R$animator.class' (549)
2026-09-22 05:33:15: Copy Over 'C:/rock/bannister/Bannister/obj/Debug/net8.0-android/android/bin/classes/com/google/android/material/snackbar/Snackbar_SnackbarActionClickImplementor.class' -> 'goodrive://www.googleapis.com/:personal:/bannister/bannister/obj/Debug/net8.0-android/android/bin/classes/com/google/android/material/snackbar/Snackbar_SnackbarActionClickImplementor.class' (1,698)
2026-09-22 05:33:18: Copy Over 'C:/rock/bannister/Bannister/obj/Debug/net8.0-android/android/bin/classes/com/bumptech/glide/R$color.class' -> 'goodrive://www.googleapis.com/:personal:/bannister/bannister/obj/Debug/net8.0-android/android/bin/classes/com/bumptech/glide/R$color.class' (4,868)
2026-09-22 05:33:18: Copy Over 'C:/rock/bannister/Bannister/obj/Debug/net8.0-android/android/bin/classes/com/bumptech/glide/R$bool.class' -> 'goodrive://www.googleapis.com/:personal:/bannister/bannister/obj/Debug/net8.0-android/android/bin/classes/com/bumptech/glide/R$bool.class' (389)
2026-09-22 05:33:18: Copy Over 'C:/rock/bannister/Bannister/obj/Debug/net8.0-android/android/bin/classes/com/bumptech/glide/R$attr.class' -> 'goodrive://www.googleapis.com/:personal:/bannister/bannister/obj/Debug/net8.0-android/android/bin/classes/com/bumptech/glide/R$attr.class' (11,893)
2026-09-22 05:33:21: Copy Over 'C:/rock/bannister/Bannister/obj/Debug/net8.0-android/android/bin/classes/com/bumptech/glide/R$dimen.class' -> 'goodrive://www.googleapis.com/:personal:/bannister/bannister/obj/Debug/net8.0-android/android/bin/classes/com/bumptech/glide/R$dimen.class' (7,012)
2026-09-22 05:33:21: Copy Over 'C:/rock/bannister/Bannister/obj/Debug/net8.0-android/android/bin/classes/com/bumptech/glide/R$id.class' -> 'goodrive://www.googleapis.com/:personal:/bannister/bannister/obj/Debug/net8.0-android/android/bin/classes/com/bumptech/glide/R$id.class' (6,760)
2026-09-22 05:33:21: Copy Over 'C:/rock/bannister/Bannister/obj/Debug/net8.0-android/android/bin/classes/com/bumptech/glide/R$drawable.class' -> 'goodrive://www.googleapis.com/:personal:/bannister/bannister/obj/Debug/net8.0-android/android/bin/classes/com/bumptech/glide/R$drawable.class' (5,651)
2026-09-22 05:33:25: Copy Over 'C:/rock/bannister/Bannister/obj/Debug/net8.0-android/android/bin/classes/com/bumptech/glide/R$integer.class' -> 'goodrive://www.googleapis.com/:personal:/bannister/bannister/obj/Debug/net8.0-android/android/bin/classes/com/bumptech/glide/R$integer.class' (548)
2026-09-22 05:33:25: Copy Over 'C:/rock/bannister/Bannister/obj/Debug/net8.0-android/android/bin/classes/com/bumptech/glide/R$layout.class' -> 'goodrive://www.googleapis.com/:personal:/bannister/bannister/obj/Debug/net8.0-android/android/bin/classes/com/bumptech/glide/R$layout.class' (2,280)
2026-09-22 05:33:25: Copy Over 'C:/rock/bannister/Bannister/obj/Debug/net8.0-android/android/bin/classes/com/bumptech/glide/R$interpolator.class' -> 'goodrive://www.googleapis.com/:personal:/bannister/bannister/obj/Debug/net8.0-android/android/bin/classes/com/bumptech/glide/R$interpolator.class' (779)
2026-09-22 05:33:28: Copy Over 'C:/rock/bannister/Bannister/obj/Debug/net8.0-android/android/bin/classes/com/bumptech/glide/R$style.class' -> 'goodrive://www.googleapis.com/:personal:/bannister/bannister/obj/Debug/net8.0-android/android/bin/classes/com/bumptech/glide/R$style.class' (21,850)
2026-09-22 05:33:28: Copy Over 'C:/rock/bannister/Bannister/obj/Debug/net8.0-android/android/bin/classes/com/bumptech/glide/R$string.class' -> 'goodrive://www.googleapis.com/:personal:/bannister/bannister/obj/Debug/net8.0-android/android/bin/classes/com/bumptech/glide/R$string.class' (1,832)
2026-09-22 05:33:28: Copy Over 'C:/rock/bannister/Bannister/obj/Debug/net8.0-android/android/bin/classes/com/bumptech/glide/R$styleable.class' -> 'goodrive://www.googleapis.com/:personal:/bannister/bannister/obj/Debug/net8.0-android/android/bin/classes/com/bumptech/glide/R$styleable.class' (29,637)
2026-09-22 05:33:32: Copy Over 'C:/rock/bannister/Bannister/obj/Debug/net8.0-android/android/bin/classes/com/bumptech/glide/R.class' -> 'goodrive://www.googleapis.com/:personal:/bannister/bannister/obj/Debug/net8.0-android/android/bin/classes/com/bumptech/glide/R.class' (920)
2026-09-22 05:33:32: Copy Over 'C:/rock/bannister/Bannister/obj/Debug/net8.0-android/android/bin/classes/com/microsoft/maui/R$anim.class' -> 'goodrive://www.googleapis.com/:personal:/bannister/bannister/obj/Debug/net8.0-android/android/bin/classes/com/microsoft/maui/R$anim.class' (2,574)
2026-09-22 05:33:32: Copy Over 'C:/rock/bannister/Bannister/obj/Debug/net8.0-android/android/bin/classes/androidx/annotation/experimental/R.class' -> 'goodrive://www.googleapis.com/:personal:/bannister/bannister/obj/Debug/net8.0-android/android/bin/classes/androidx/annotation/experimental/R.class' (209)
2026-09-22 05:33:36: Copy Over 'C:/rock/bannister/Bannister/obj/Debug/net8.0-android/android/bin/classes/com/microsoft/maui/R$bool.class' -> 'goodrive://www.googleapis.com/:personal:/bannister/bannister/obj/Debug/net8.0-android/android/bin/classes/com/microsoft/maui/R$bool.class' (445)
2026-09-22 05:33:36: Copy Over 'C:/rock/bannister/Bannister/obj/Debug/net8.0-android/android/bin/classes/com/microsoft/maui/R$animator.class' -> 'goodrive://www.googleapis.com/:personal:/bannister/bannister/obj/Debug/net8.0-android/android/bin/classes/com/microsoft/maui/R$animator.class' (2,143)
2026-09-22 05:33:36: Copy Over 'C:/rock/bannister/Bannister/obj/Debug/net8.0-android/android/bin/classes/com/microsoft/maui/R$attr.class' -> 'goodrive://www.googleapis.com/:personal:/bannister/bannister/obj/Debug/net8.0-android/android/bin/classes/com/microsoft/maui/R$attr.class' (50,072)
2026-09-22 05:33:39: Copy Over 'C:/rock/bannister/Bannister/obj/Debug/net8.0-android/android/bin/classes/com/microsoft/maui/R$color.class' -> 'goodrive://www.googleapis.com/:personal:/bannister/bannister/obj/Debug/net8.0-android/android/bin/classes/com/microsoft/maui/R$color.class' (41,854)
2026-09-22 05:33:39: Copy Over 'C:/rock/bannister/Bannister/obj/Debug/net8.0-android/android/bin/classes/com/microsoft/maui/R$dimen.class' -> 'goodrive://www.googleapis.com/:personal:/bannister/bannister/obj/Debug/net8.0-android/android/bin/classes/com/microsoft/maui/R$dimen.class' (46,241)
2026-09-22 05:33:39: Copy Over 'C:/rock/bannister/Bannister/obj/Debug/net8.0-android/android/bin/classes/com/microsoft/maui/R$drawable.class' -> 'goodrive://www.googleapis.com/:personal:/bannister/bannister/obj/Debug/net8.0-android/android/bin/classes/com/microsoft/maui/R$drawable.class' (9,690)
2026-09-22 05:33:42: Copy Over 'C:/rock/bannister/Bannister/obj/Debug/net8.0-android/android/bin/classes/com/microsoft/maui/R$id.class' -> 'goodrive://www.googleapis.com/:personal:/bannister/bannister/obj/Debug/net8.0-android/android/bin/classes/com/microsoft/maui/R$id.class' (16,574)
2026-09-22 05:33:42: Copy Over 'C:/rock/bannister/Bannister/obj/Debug/net8.0-android/android/bin/classes/com/microsoft/maui/R$integer.class' -> 'goodrive://www.googleapis.com/:personal:/bannister/bannister/obj/Debug/net8.0-android/android/bin/classes/com/microsoft/maui/R$integer.class' (3,892)
2026-09-22 05:33:43: Copy Over 'C:/rock/bannister/Bannister/obj/Debug/net8.0-android/android/bin/classes/com/microsoft/maui/R$interpolator.class' -> 'goodrive://www.googleapis.com/:personal:/bannister/bannister/obj/Debug/net8.0-android/android/bin/classes/com/microsoft/maui/R$interpolator.class' (1,372)
2026-09-22 05:33:45: Copy Over 'C:/rock/bannister/Bannister/obj/Debug/net8.0-android/android/bin/classes/com/microsoft/maui/R$layout.class' -> 'goodrive://www.googleapis.com/:personal:/bannister/bannister/obj/Debug/net8.0-android/android/bin/classes/com/microsoft/maui/R$layout.class' (5,519)
2026-09-22 05:33:46: Copy Over 'C:/rock/bannister/Bannister/obj/Debug/net8.0-android/android/bin/classes/com/microsoft/maui/R$plurals.class' -> 'goodrive://www.googleapis.com/:personal:/bannister/bannister/obj/Debug/net8.0-android/android/bin/classes/com/microsoft/maui/R$plurals.class' (344)
2026-09-22 05:33:46: Copy Over 'C:/rock/bannister/Bannister/obj/Debug/net8.0-android/android/bin/classes/com/microsoft/maui/R$string.class' -> 'goodrive://www.googleapis.com/:personal:/bannister/bannister/obj/Debug/net8.0-android/android/bin/classes/com/microsoft/maui/R$string.class' (9,092)
2026-09-22 05:33:49: Copy Over 'C:/rock/bannister/Bannister/obj/Debug/net8.0-android/android/bin/classes/com/microsoft/maui/R$style.class' -> 'goodrive://www.googleapis.com/:personal:/bannister/bannister/obj/Debug/net8.0-android/android/bin/classes/com/microsoft/maui/R$style.class' (73,020)
2026-09-22 05:33:50: Copy Over 'C:/rock/bannister/Bannister/obj/Debug/net8.0-android/android/bin/classes/com/microsoft/maui/R$styleable.class' -> 'goodrive://www.googleapis.com/:personal:/bannister/bannister/obj/Debug/net8.0-android/android/bin/classes/com/microsoft/maui/R$styleable.class' (111,244)
2026-09-22 05:33:50: Copy Over 'C:/rock/bannister/Bannister/obj/Debug/net8.0-android/android/bin/classes/com/microsoft/maui/R.class' -> 'goodrive://www.googleapis.com/:personal:/bannister/bannister/obj/Debug/net8.0-android/android/bin/classes/com/microsoft/maui/R.class' (972)
2026-09-22 05:33:52: Copy Over 'C:/rock/bannister/Bannister/obj/Debug/net8.0-android/android/bin/classes/androidx/appcompat/R$anim.class' -> 'goodrive://www.googleapis.com/:personal:/bannister/bannister/obj/Debug/net8.0-android/android/bin/classes/androidx/appcompat/R$anim.class' (1,626)
2026-09-22 05:33:53: Copy Over 'C:/rock/bannister/Bannister/obj/Debug/net8.0-android/android/bin/classes/androidx/appcompat/app/AlertDialog_IDialogInterfaceOnCancelListenerImplementor.class' -> 'goodrive://www.googleapis.com/:personal:/bannister/bannister/obj/Debug/net8.0-android/android/bin/classes/androidx/appcompat/app/AlertDialog_IDialogInterfaceOnCancelListenerImplementor.class' (1,806)
2026-09-22 05:33:54: Copy Over 'C:/rock/bannister/Bannister/obj/Debug/net8.0-android/android/bin/classes/androidx/appcompat/app/AlertDialog_IDialogInterfaceOnClickListenerImplementor.class' -> 'goodrive://www.googleapis.com/:personal:/bannister/bannister/obj/Debug/net8.0-android/android/bin/classes/androidx/appcompat/app/AlertDialog_IDialogInterfaceOnClickListenerImplementor.class' (1,800)
2026-09-22 05:33:56: Copy Over 'C:/rock/bannister/Bannister/obj/Debug/net8.0-android/android/bin/classes/androidx/appcompat/app/AlertDialog_IDialogInterfaceOnMultiChoiceClickListenerImplementor.class' -> 'goodrive://www.googleapis.com/:personal:/bannister/bannister/obj/Debug/net8.0-android/android/bin/classes/androidx/appcompat/app/AlertDialog_IDialogInterfaceOnMultiChoiceClickListenerImplementor.class' (1,870)
2026-09-22 05:33:57: Copy Over 'C:/rock/bannister/Bannister/obj/Debug/net8.0-android/android/bin/classes/androidx/appcompat/R$attr.class' -> 'goodrive://www.googleapis.com/:personal:/bannister/bannister/obj/Debug/net8.0-android/android/bin/classes/androidx/appcompat/R$attr.class' (11,577)
2026-09-22 05:33:57: Copy Over 'C:/rock/bannister/Bannister/obj/Debug/net8.0-android/android/bin/classes/androidx/appcompat/R$bool.class' -> 'goodrive://www.googleapis.com/:personal:/bannister/bannister/obj/Debug/net8.0-android/android/bin/classes/androidx/appcompat/R$bool.class' (389)
2026-09-22 05:33:59: Copy Over 'C:/rock/bannister/Bannister/obj/Debug/net8.0-android/android/bin/classes/androidx/appcompat/R$color.class' -> 'goodrive://www.googleapis.com/:personal:/bannister/bannister/obj/Debug/net8.0-android/android/bin/classes/androidx/appcompat/R$color.class' (4,628)
2026-09-22 05:34:00: Copy Over 'C:/rock/bannister/Bannister/obj/Debug/net8.0-android/android/bin/classes/androidx/appcompat/R$dimen.class' -> 'goodrive://www.googleapis.com/:personal:/bannister/bannister/obj/Debug/net8.0-android/android/bin/classes/androidx/appcompat/R$dimen.class' (5,751)
2026-09-22 05:34:00: Copy Over 'C:/rock/bannister/Bannister/obj/Debug/net8.0-android/android/bin/classes/androidx/appcompat/R$drawable.class' -> 'goodrive://www.googleapis.com/:personal:/bannister/bannister/obj/Debug/net8.0-android/android/bin/classes/androidx/appcompat/R$drawable.class' (5,055)
2026-09-22 05:34:03: Copy Over 'C:/rock/bannister/Bannister/obj/Debug/net8.0-android/android/bin/classes/androidx/appcompat/R$id.class' -> 'goodrive://www.googleapis.com/:personal:/bannister/bannister/obj/Debug/net8.0-android/android/bin/classes/androidx/appcompat/R$id.class' (3,121)
2026-09-22 05:34:03: Copy Over 'C:/rock/bannister/Bannister/obj/Debug/net8.0-android/android/bin/classes/androidx/appcompat/R$integer.class' -> 'goodrive://www.googleapis.com/:personal:/bannister/bannister/obj/Debug/net8.0-android/android/bin/classes/androidx/appcompat/R$integer.class' (489)
2026-09-22 05:34:04: Copy Over 'C:/rock/bannister/Bannister/obj/Debug/net8.0-android/android/bin/classes/androidx/appcompat/R$interpolator.class' -> 'goodrive://www.googleapis.com/:personal:/bannister/bannister/obj/Debug/net8.0-android/android/bin/classes/androidx/appcompat/R$interpolator.class' (779)
2026-09-22 05:34:06: Copy Over 'C:/rock/bannister/Bannister/obj/Debug/net8.0-android/android/bin/classes/androidx/appcompat/R$layout.class' -> 'goodrive://www.googleapis.com/:personal:/bannister/bannister/obj/Debug/net8.0-android/android/bin/classes/androidx/appcompat/R$layout.class' (1,918)
2026-09-22 05:34:07: Copy Over 'C:/rock/bannister/Bannister/obj/Debug/net8.0-android/android/bin/classes/androidx/appcompat/R$string.class' -> 'goodrive://www.googleapis.com/:personal:/bannister/bannister/obj/Debug/net8.0-android/android/bin/classes/androidx/appcompat/R$string.class' (1,771)
2026-09-22 05:34:07: Copy Over 'C:/rock/bannister/Bannister/obj/Debug/net8.0-android/android/bin/classes/androidx/appcompat/R$style.class' -> 'goodrive://www.googleapis.com/:personal:/bannister/bannister/obj/Debug/net8.0-android/android/bin/classes/androidx/appcompat/R$style.class' (21,413)
2026-09-22 05:34:10: Copy Over 'C:/rock/bannister/Bannister/obj/Debug/net8.0-android/android/bin/classes/androidx/appcompat/R$styleable.class' -> 'goodrive://www.googleapis.com/:personal:/bannister/bannister/obj/Debug/net8.0-android/android/bin/classes/androidx/appcompat/R$styleable.class' (25,717)
2026-09-22 05:34:10: Copy Over 'C:/rock/bannister/Bannister/obj/Debug/net8.0-android/android/bin/classes/androidx/appcompat/R.class' -> 'goodrive://www.googleapis.com/:personal:/bannister/bannister/obj/Debug/net8.0-android/android/bin/classes/androidx/appcompat/R.class' (866)
2026-09-22 05:34:11: Copy Over 'C:/rock/bannister/Bannister/obj/Debug/net8.0-android/android/bin/classes/androidx/appcompat/resources/R$drawable.class' -> 'goodrive://www.googleapis.com/:personal:/bannister/bannister/obj/Debug/net8.0-android/android/bin/classes/androidx/appcompat/resources/R$drawable.class' (351)
2026-09-22 05:34:13: Copy Over 'C:/rock/bannister/Bannister/obj/Debug/net8.0-android/android/bin/classes/androidx/appcompat/widget/Toolbar_NavigationOnClickEventDispatcher.class' -> 'goodrive://www.googleapis.com/:personal:/bannister/bannister/obj/Debug/net8.0-android/android/bin/classes/androidx/appcompat/widget/Toolbar_NavigationOnClickEventDispatcher.class' (1,926)
2026-09-22 05:34:14: Copy Over 'C:/rock/bannister/Bannister/obj/Debug/net8.0-android/android/bin/classes/androidx/appcompat/resources/R$styleable.class' -> 'goodrive://www.googleapis.com/:personal:/bannister/bannister/obj/Debug/net8.0-android/android/bin/classes/androidx/appcompat/resources/R$styleable.class' (2,066)
2026-09-22 05:34:15: Copy Over 'C:/rock/bannister/Bannister/obj/Debug/net8.0-android/android/bin/classes/androidx/appcompat/resources/R.class' -> 'goodrive://www.googleapis.com/:personal:/bannister/bannister/obj/Debug/net8.0-android/android/bin/classes/androidx/appcompat/resources/R.class' (358)
2026-09-22 05:34:17: Copy Over 'C:/rock/bannister/Bannister/obj/Debug/net8.0-android/android/bin/classes/androidx/arch/core/R.class' -> 'goodrive://www.googleapis.com/:personal:/bannister/bannister/obj/Debug/net8.0-android/android/bin/classes/androidx/arch/core/R.class' (195)
2026-09-22 05:34:18: Copy Over 'C:/rock/bannister/Bannister/obj/Debug/net8.0-android/android/bin/classes/androidx/browser/customtabs/CustomTabsClient_CustomTabsCallbackImpl.class' -> 'goodrive://www.googleapis.com/:personal:/bannister/bannister/obj/Debug/net8.0-android/android/bin/classes/androidx/browser/customtabs/CustomTabsClient_CustomTabsCallbackImpl.class' (1,811)
2026-09-22 05:34:18: Copy Over 'C:/rock/bannister/Bannister/obj/Debug/net8.0-android/android/bin/classes/androidx/browser/R$color.class' -> 'goodrive://www.googleapis.com/:personal:/bannister/bannister/obj/Debug/net8.0-android/android/bin/classes/androidx/browser/R$color.class' (483)
2026-09-22 05:34:20: Copy Over 'C:/rock/bannister/Bannister/obj/Debug/net8.0-android/android/bin/classes/androidx/browser/R$dimen.class' -> 'goodrive://www.googleapis.com/:personal:/bannister/bannister/obj/Debug/net8.0-android/android/bin/classes/androidx/browser/R$dimen.class' (408)
2026-09-22 05:34:21: Copy Over 'C:/rock/bannister/Bannister/obj/Debug/net8.0-android/android/bin/classes/androidx/browser/R$id.class' -> 'goodrive://www.googleapis.com/:personal:/bannister/bannister/obj/Debug/net8.0-android/android/bin/classes/androidx/browser/R$id.class' (534)
2026-09-22 05:34:21: Copy Over 'C:/rock/bannister/Bannister/obj/Debug/net8.0-android/android/bin/classes/androidx/browser/R$layout.class' -> 'goodrive://www.googleapis.com/:personal:/bannister/bannister/obj/Debug/net8.0-android/android/bin/classes/androidx/browser/R$layout.class' (397)
2026-09-22 05:34:24: Copy Over 'C:/rock/bannister/Bannister/obj/Debug/net8.0-android/android/bin/classes/androidx/browser/R$string.class' -> 'goodrive://www.googleapis.com/:personal:/bannister/bannister/obj/Debug/net8.0-android/android/bin/classes/androidx/browser/R$string.class' (485)
2026-09-22 05:34:24: Copy Over 'C:/rock/bannister/Bannister/obj/Debug/net8.0-android/android/bin/classes/androidx/browser/R$xml.class' -> 'goodrive://www.googleapis.com/:personal:/bannister/bannister/obj/Debug/net8.0-android/android/bin/classes/androidx/browser/R$xml.class' (323)
2026-09-22 05:34:24: Copy Over 'C:/rock/bannister/Bannister/obj/Debug/net8.0-android/android/bin/classes/androidx/browser/R.class' -> 'goodrive://www.googleapis.com/:personal:/bannister/bannister/obj/Debug/net8.0-android/android/bin/classes/androidx/browser/R.class' (486)
2026-09-22 05:34:27: Copy Over 'C:/rock/bannister/Bannister/obj/Debug/net8.0-android/android/bin/classes/androidx/cardview/R$attr.class' -> 'goodrive://www.googleapis.com/:personal:/bannister/bannister/obj/Debug/net8.0-android/android/bin/classes/androidx/cardview/R$attr.class' (779)
2026-09-22 05:34:27: Copy Over 'C:/rock/bannister/Bannister/obj/Debug/net8.0-android/android/bin/classes/androidx/cardview/R$color.class' -> 'goodrive://www.googleapis.com/:personal:/bannister/bannister/obj/Debug/net8.0-android/android/bin/classes/androidx/cardview/R$color.class' (481)
2026-09-22 05:34:28: Copy Over 'C:/rock/bannister/Bannister/obj/Debug/net8.0-android/android/bin/classes/androidx/constraintlayout/widget/R$anim.class' -> 'goodrive://www.googleapis.com/:personal:/bannister/bannister/obj/Debug/net8.0-android/android/bin/classes/androidx/constraintlayout/widget/R$anim.class' (1,654)
2026-09-22 05:34:30: Copy Over 'C:/rock/bannister/Bannister/obj/Debug/net8.0-android/android/bin/classes/androidx/constraintlayout/widget/R$attr.class' -> 'goodrive://www.googleapis.com/:personal:/bannister/bannister/obj/Debug/net8.0-android/android/bin/classes/androidx/constraintlayout/widget/R$attr.class' (23,341)
2026-09-22 05:34:30: Copy Over 'C:/rock/bannister/Bannister/obj/Debug/net8.0-android/android/bin/classes/androidx/constraintlayout/widget/R$bool.class' -> 'goodrive://www.googleapis.com/:personal:/bannister/bannister/obj/Debug/net8.0-android/android/bin/classes/androidx/constraintlayout/widget/R$bool.class' (417)
2026-09-22 05:34:31: Copy Over 'C:/rock/bannister/Bannister/obj/Debug/net8.0-android/android/bin/classes/androidx/constraintlayout/widget/R$color.class' -> 'goodrive://www.googleapis.com/:personal:/bannister/bannister/obj/Debug/net8.0-android/android/bin/classes/androidx/constraintlayout/widget/R$color.class' (4,896)
2026-09-22 05:34:33: Copy Over 'C:/rock/bannister/Bannister/obj/Debug/net8.0-android/android/bin/classes/androidx/constraintlayout/widget/R$dimen.class' -> 'goodrive://www.googleapis.com/:personal:/bannister/bannister/obj/Debug/net8.0-android/android/bin/classes/androidx/constraintlayout/widget/R$dimen.class' (6,927)
2026-09-22 05:34:34: Copy Over 'C:/rock/bannister/Bannister/obj/Debug/net8.0-android/android/bin/classes/androidx/constraintlayout/widget/R$drawable.class' -> 'goodrive://www.googleapis.com/:personal:/bannister/bannister/obj/Debug/net8.0-android/android/bin/classes/androidx/constraintlayout/widget/R$drawable.class' (5,417)
2026-09-22 05:34:35: Copy Over 'C:/rock/bannister/Bannister/obj/Debug/net8.0-android/android/bin/classes/androidx/constraintlayout/widget/R$id.class' -> 'goodrive://www.googleapis.com/:personal:/bannister/bannister/obj/Debug/net8.0-android/android/bin/classes/androidx/constraintlayout/widget/R$id.class' (9,913)
2026-09-22 05:34:37: Copy Over 'C:/rock/bannister/Bannister/obj/Debug/net8.0-android/android/bin/classes/androidx/constraintlayout/widget/R$integer.class' -> 'goodrive://www.googleapis.com/:personal:/bannister/bannister/obj/Debug/net8.0-android/android/bin/classes/androidx/constraintlayout/widget/R$integer.class' (576)
2026-09-22 05:34:37: Copy Over 'C:/rock/bannister/Bannister/obj/Debug/net8.0-android/android/bin/classes/androidx/constraintlayout/widget/R$interpolator.class' -> 'goodrive://www.googleapis.com/:personal:/bannister/bannister/obj/Debug/net8.0-android/android/bin/classes/androidx/constraintlayout/widget/R$interpolator.class' (807)
2026-09-22 05:34:38: Copy Over 'C:/rock/bannister/Bannister/obj/Debug/net8.0-android/android/bin/classes/androidx/constraintlayout/widget/R$layout.class' -> 'goodrive://www.googleapis.com/:personal:/bannister/bannister/obj/Debug/net8.0-android/android/bin/classes/androidx/constraintlayout/widget/R$layout.class' (2,308)
2026-09-22 05:34:40: Copy Over 'C:/rock/bannister/Bannister/obj/Debug/net8.0-android/android/bin/classes/androidx/constraintlayout/widget/R$string.class' -> 'goodrive://www.googleapis.com/:personal:/bannister/bannister/obj/Debug/net8.0-android/android/bin/classes/androidx/constraintlayout/widget/R$string.class' (1,860)
2026-09-22 05:34:40: Copy Over 'C:/rock/bannister/Bannister/obj/Debug/net8.0-android/android/bin/classes/androidx/constraintlayout/widget/R$style.class' -> 'goodrive://www.googleapis.com/:personal:/bannister/bannister/obj/Debug/net8.0-android/android/bin/classes/androidx/constraintlayout/widget/R$style.class' (21,878)
2026-09-22 05:34:42: Copy Over 'C:/rock/bannister/Bannister/obj/Debug/net8.0-android/android/bin/classes/androidx/constraintlayout/widget/R$styleable.class' -> 'goodrive://www.googleapis.com/:personal:/bannister/bannister/obj/Debug/net8.0-android/android/bin/classes/androidx/constraintlayout/widget/R$styleable.class' (82,207)
2026-09-22 05:34:43: Copy Over 'C:/rock/bannister/Bannister/obj/Debug/net8.0-android/android/bin/classes/androidx/cardview/R$dimen.class' -> 'goodrive://www.googleapis.com/:personal:/bannister/bannister/obj/Debug/net8.0-android/android/bin/classes/androidx/cardview/R$dimen.class' (433)
2026-09-22 05:34:43: Copy Over 'C:/rock/bannister/Bannister/obj/Debug/net8.0-android/android/bin/classes/androidx/constraintlayout/widget/R.class' -> 'goodrive://www.googleapis.com/:personal:/bannister/bannister/obj/Debug/net8.0-android/android/bin/classes/androidx/constraintlayout/widget/R.class' (1,062)
2026-09-22 05:34:45: Copy Over 'C:/rock/bannister/Bannister/obj/Debug/net8.0-android/android/bin/classes/androidx/cardview/R$style.class' -> 'goodrive://www.googleapis.com/:personal:/bannister/bannister/obj/Debug/net8.0-android/android/bin/classes/androidx/cardview/R$style.class' (428)
2026-09-22 05:34:47: Copy Over 'C:/rock/bannister/Bannister/obj/Debug/net8.0-android/android/bin/classes/androidx/cardview/R$styleable.class' -> 'goodrive://www.googleapis.com/:personal:/bannister/bannister/obj/Debug/net8.0-android/android/bin/classes/androidx/cardview/R$styleable.class' (1,178)
2026-09-22 05:34:47: Copy Over 'C:/rock/bannister/Bannister/obj/Debug/net8.0-android/android/bin/classes/androidx/cardview/R.class' -> 'goodrive://www.googleapis.com/:personal:/bannister/bannister/obj/Debug/net8.0-android/android/bin/classes/androidx/cardview/R.class' (458)
2026-09-22 05:34:48: Copy Over 'C:/rock/bannister/Bannister/obj/Debug/net8.0-android/android/bin/classes/androidx/coordinatorlayout/R$attr.class' -> 'goodrive://www.googleapis.com/:personal:/bannister/bannister/obj/Debug/net8.0-android/android/bin/classes/androidx/coordinatorlayout/R$attr.class' (665)
2026-09-22 05:34:50: Copy Over 'C:/rock/bannister/Bannister/obj/Debug/net8.0-android/android/bin/classes/androidx/core/R$attr.class' -> 'goodrive://www.googleapis.com/:personal:/bannister/bannister/obj/Debug/net8.0-android/android/bin/classes/androidx/core/R$attr.class' (950)
2026-09-22 05:34:51: Copy Over 'C:/rock/bannister/Bannister/obj/Debug/net8.0-android/android/bin/classes/androidx/core/ktx/R.class' -> 'goodrive://www.googleapis.com/:personal:/bannister/bannister/obj/Debug/net8.0-android/android/bin/classes/androidx/core/ktx/R.class' (194)
2026-09-22 05:34:51: Copy Over 'C:/rock/bannister/Bannister/obj/Debug/net8.0-android/android/bin/classes/androidx/core/R$color.class' -> 'goodrive://www.googleapis.com/:personal:/bannister/bannister/obj/Debug/net8.0-android/android/bin/classes/androidx/core/R$color.class' (625)
2026-09-22 05:34:54: Copy Over 'C:/rock/bannister/Bannister/obj/Debug/net8.0-android/android/bin/classes/androidx/core/R$drawable.class' -> 'goodrive://www.googleapis.com/:personal:/bannister/bannister/obj/Debug/net8.0-android/android/bin/classes/androidx/core/R$drawable.class' (1,136)
2026-09-22 05:34:54: Copy Over 'C:/rock/bannister/Bannister/obj/Debug/net8.0-android/android/bin/classes/androidx/core/R$dimen.class' -> 'goodrive://www.googleapis.com/:personal:/bannister/bannister/obj/Debug/net8.0-android/android/bin/classes/androidx/core/R$dimen.class' (1,537)
2026-09-22 05:34:54: Copy Over 'C:/rock/bannister/Bannister/obj/Debug/net8.0-android/android/bin/classes/androidx/core/R$id.class' -> 'goodrive://www.googleapis.com/:personal:/bannister/bannister/obj/Debug/net8.0-android/android/bin/classes/androidx/core/R$id.class' (3,611)
2026-09-22 05:34:57: Copy Over 'C:/rock/bannister/Bannister/obj/Debug/net8.0-android/android/bin/classes/androidx/core/R$integer.class' -> 'goodrive://www.googleapis.com/:personal:/bannister/bannister/obj/Debug/net8.0-android/android/bin/classes/androidx/core/R$integer.class' (339)
2026-09-22 05:34:57: Copy Over 'C:/rock/bannister/Bannister/obj/Debug/net8.0-android/android/bin/classes/androidx/core/R$layout.class' -> 'goodrive://www.googleapis.com/:personal:/bannister/bannister/obj/Debug/net8.0-android/android/bin/classes/androidx/core/R$layout.class' (640)
2026-09-22 05:34:58: Copy Over 'C:/rock/bannister/Bannister/obj/Debug/net8.0-android/android/bin/classes/androidx/core/R$string.class' -> 'goodrive://www.googleapis.com/:personal:/bannister/bannister/obj/Debug/net8.0-android/android/bin/classes/androidx/core/R$string.class' (732)
2026-09-22 05:35:00: Copy Over 'C:/rock/bannister/Bannister/obj/Debug/net8.0-android/android/bin/classes/androidx/core/R$style.class' -> 'goodrive://www.googleapis.com/:personal:/bannister/bannister/obj/Debug/net8.0-android/android/bin/classes/androidx/core/R$style.class' (713)
2026-09-22 05:35:00: Copy Over 'C:/rock/bannister/Bannister/obj/Debug/net8.0-android/android/bin/classes/androidx/core/R$styleable.class' -> 'goodrive://www.googleapis.com/:personal:/bannister/bannister/obj/Debug/net8.0-android/android/bin/classes/androidx/core/R$styleable.class' (2,912)
2026-09-22 05:35:01: Copy Over 'C:/rock/bannister/Bannister/obj/Debug/net8.0-android/android/bin/classes/androidx/core/R.class' -> 'goodrive://www.googleapis.com/:personal:/bannister/bannister/obj/Debug/net8.0-android/android/bin/classes/androidx/core/R.class' (657)
2026-09-22 05:35:04: Copy Over 'C:/rock/bannister/Bannister/obj/Debug/net8.0-android/android/bin/classes/androidx/coordinatorlayout/R$id.class' -> 'goodrive://www.googleapis.com/:personal:/bannister/bannister/obj/Debug/net8.0-android/android/bin/classes/androidx/coordinatorlayout/R$id.class' (494)
2026-09-22 05:35:04: Copy Over 'C:/rock/bannister/Bannister/obj/Debug/net8.0-android/android/bin/classes/androidx/coordinatorlayout/R$style.class' -> 'goodrive://www.googleapis.com/:personal:/bannister/bannister/obj/Debug/net8.0-android/android/bin/classes/androidx/coordinatorlayout/R$style.class' (358)
2026-09-22 05:35:05: Copy Over 'C:/rock/bannister/Bannister/obj/Debug/net8.0-android/android/bin/classes/androidx/coordinatorlayout/R$styleable.class' -> 'goodrive://www.googleapis.com/:personal:/bannister/bannister/obj/Debug/net8.0-android/android/bin/classes/androidx/coordinatorlayout/R$styleable.class' (1,122)
2026-09-22 05:35:07: Copy Over 'C:/rock/bannister/Bannister/obj/Debug/net8.0-android/android/bin/classes/androidx/coordinatorlayout/R.class' -> 'goodrive://www.googleapis.com/:personal:/bannister/bannister/obj/Debug/net8.0-android/android/bin/classes/androidx/coordinatorlayout/R.class' (450)
2026-09-22 05:35:07: Copy Over 'C:/rock/bannister/Bannister/obj/Debug/net8.0-android/android/bin/classes/androidx/cursoradapter/R.class' -> 'goodrive://www.googleapis.com/:personal:/bannister/bannister/obj/Debug/net8.0-android/android/bin/classes/androidx/cursoradapter/R.class' (199)
2026-09-22 05:35:08: Copy Over 'C:/rock/bannister/Bannister/obj/Debug/net8.0-android/android/bin/classes/androidx/customview/R$attr.class' -> 'goodrive://www.googleapis.com/:personal:/bannister/bannister/obj/Debug/net8.0-android/android/bin/classes/androidx/customview/R$attr.class' (754)
2026-09-22 05:35:10: Copy Over 'C:/rock/bannister/Bannister/obj/Debug/net8.0-android/android/bin/classes/androidx/customview/poolingcontainer/R$id.class' -> 'goodrive://www.googleapis.com/:personal:/bannister/bannister/obj/Debug/net8.0-android/android/bin/classes/androidx/customview/poolingcontainer/R$id.class' (425)
2026-09-22 05:35:10: Copy Over 'C:/rock/bannister/Bannister/obj/Debug/net8.0-android/android/bin/classes/androidx/customview/poolingcontainer/R.class' -> 'goodrive://www.googleapis.com/:personal:/bannister/bannister/obj/Debug/net8.0-android/android/bin/classes/androidx/customview/poolingcontainer/R.class' (296)
2026-09-22 05:35:12: Copy Over 'C:/rock/bannister/Bannister/obj/Debug/net8.0-android/android/bin/classes/androidx/customview/R$color.class' -> 'goodrive://www.googleapis.com/:personal:/bannister/bannister/obj/Debug/net8.0-android/android/bin/classes/androidx/customview/R$color.class' (528)
2026-09-22 05:35:14: Copy Over 'C:/rock/bannister/Bannister/obj/Debug/net8.0-android/android/bin/classes/androidx/customview/R$dimen.class' -> 'goodrive://www.googleapis.com/:personal:/bannister/bannister/obj/Debug/net8.0-android/android/bin/classes/androidx/customview/R$dimen.class' (1,549)
2026-09-22 05:35:14: Copy Over 'C:/rock/bannister/Bannister/obj/Debug/net8.0-android/android/bin/classes/androidx/customview/R$drawable.class' -> 'goodrive://www.googleapis.com/:personal:/bannister/bannister/obj/Debug/net8.0-android/android/bin/classes/androidx/customview/R$drawable.class' (894)
2026-09-22 05:35:15: Copy Over 'C:/rock/bannister/Bannister/obj/Debug/net8.0-android/android/bin/classes/androidx/customview/R$id.class' -> 'goodrive://www.googleapis.com/:personal:/bannister/bannister/obj/Debug/net8.0-android/android/bin/classes/androidx/customview/R$id.class' (3,354)
2026-09-22 05:35:17: Copy Over 'C:/rock/bannister/Bannister/obj/Debug/net8.0-android/android/bin/classes/androidx/customview/R$integer.class' -> 'goodrive://www.googleapis.com/:personal:/bannister/bannister/obj/Debug/net8.0-android/android/bin/classes/androidx/customview/R$integer.class' (351)
2026-09-22 05:35:18: Copy Over 'C:/rock/bannister/Bannister/obj/Debug/net8.0-android/android/bin/classes/androidx/customview/R$layout.class' -> 'goodrive://www.googleapis.com/:personal:/bannister/bannister/obj/Debug/net8.0-android/android/bin/classes/androidx/customview/R$layout.class' (652)
2026-09-22 05:35:18: Copy Over 'C:/rock/bannister/Bannister/obj/Debug/net8.0-android/android/bin/classes/androidx/customview/R$string.class' -> 'goodrive://www.googleapis.com/:personal:/bannister/bannister/obj/Debug/net8.0-android/android/bin/classes/androidx/customview/R$string.class' (351)
2026-09-22 05:35:21: Copy Over 'C:/rock/bannister/Bannister/obj/Debug/net8.0-android/android/bin/classes/androidx/customview/R$style.class' -> 'goodrive://www.googleapis.com/:personal:/bannister/bannister/obj/Debug/net8.0-android/android/bin/classes/androidx/customview/R$style.class' (725)
2026-09-22 05:35:21: Copy Over 'C:/rock/bannister/Bannister/obj/Debug/net8.0-android/android/bin/classes/androidx/customview/R$styleable.class' -> 'goodrive://www.googleapis.com/:personal:/bannister/bannister/obj/Debug/net8.0-android/android/bin/classes/androidx/customview/R$styleable.class' (2,617)
2026-09-22 05:35:21: Copy Over 'C:/rock/bannister/Bannister/obj/Debug/net8.0-android/android/bin/classes/androidx/customview/R.class' -> 'goodrive://www.googleapis.com/:personal:/bannister/bannister/obj/Debug/net8.0-android/android/bin/classes/androidx/customview/R.class' (723)
2026-09-22 05:35:24: Copy Over 'C:/rock/bannister/Bannister/obj/Debug/net8.0-android/android/bin/classes/androidx/documentfile/R.class' -> 'goodrive://www.googleapis.com/:personal:/bannister/bannister/obj/Debug/net8.0-android/android/bin/classes/androidx/documentfile/R.class' (198)
2026-09-22 05:35:24: Copy Over 'C:/rock/bannister/Bannister/obj/Debug/net8.0-android/android/bin/classes/androidx/drawerlayout/R$attr.class' -> 'goodrive://www.googleapis.com/:personal:/bannister/bannister/obj/Debug/net8.0-android/android/bin/classes/androidx/drawerlayout/R$attr.class' (364)
2026-09-22 05:35:24: Copy Over 'C:/rock/bannister/Bannister/obj/Debug/net8.0-android/android/bin/classes/androidx/drawerlayout/R$dimen.class' -> 'goodrive://www.googleapis.com/:personal:/bannister/bannister/obj/Debug/net8.0-android/android/bin/classes/androidx/drawerlayout/R$dimen.class' (336)
2026-09-22 05:35:27: Copy Over 'C:/rock/bannister/Bannister/obj/Debug/net8.0-android/android/bin/classes/androidx/drawerlayout/R$styleable.class' -> 'goodrive://www.googleapis.com/:personal:/bannister/bannister/obj/Debug/net8.0-android/android/bin/classes/androidx/drawerlayout/R$styleable.class' (450)
2026-09-22 05:35:27: Copy Over 'C:/rock/bannister/Bannister/obj/Debug/net8.0-android/android/bin/classes/androidx/drawerlayout/R.class' -> 'goodrive://www.googleapis.com/:personal:/bannister/bannister/obj/Debug/net8.0-android/android/bin/classes/androidx/drawerlayout/R.class' (380)
2026-09-22 05:35:28: Copy Over 'C:/rock/bannister/Bannister/obj/Debug/net8.0-android/android/bin/classes/androidx/dynamicanimation/R$attr.class' -> 'goodrive://www.googleapis.com/:personal:/bannister/bannister/obj/Debug/net8.0-android/android/bin/classes/androidx/dynamicanimation/R$attr.class' (766)
2026-09-22 05:35:30: Copy Over 'C:/rock/bannister/Bannister/obj/Debug/net8.0-android/android/bin/classes/androidx/emoji2/R.class' -> 'goodrive://www.googleapis.com/:personal:/bannister/bannister/obj/Debug/net8.0-android/android/bin/classes/androidx/emoji2/R.class' (192)
2026-09-22 05:35:30: Copy Over 'C:/rock/bannister/Bannister/obj/Debug/net8.0-android/android/bin/classes/androidx/dynamicanimation/R$color.class' -> 'goodrive://www.googleapis.com/:personal:/bannister/bannister/obj/Debug/net8.0-android/android/bin/classes/androidx/dynamicanimation/R$color.class' (512)
2026-09-22 05:35:31: Copy Over 'C:/rock/bannister/Bannister/obj/Debug/net8.0-android/android/bin/classes/androidx/emoji2/viewsintegration/R.class' -> 'goodrive://www.googleapis.com/:personal:/bannister/bannister/obj/Debug/net8.0-android/android/bin/classes/androidx/emoji2/viewsintegration/R.class' (209)
2026-09-22 05:35:34: Copy Over 'C:/rock/bannister/Bannister/obj/Debug/net8.0-android/android/bin/classes/androidx/dynamicanimation/R$dimen.class' -> 'goodrive://www.googleapis.com/:personal:/bannister/bannister/obj/Debug/net8.0-android/android/bin/classes/androidx/dynamicanimation/R$dimen.class' (1,561)
2026-09-22 05:35:34: Copy Over 'C:/rock/bannister/Bannister/obj/Debug/net8.0-android/android/bin/classes/androidx/dynamicanimation/R$drawable.class' -> 'goodrive://www.googleapis.com/:personal:/bannister/bannister/obj/Debug/net8.0-android/android/bin/classes/androidx/dynamicanimation/R$drawable.class' (906)
2026-09-22 05:35:36: Copy Over 'C:/rock/bannister/Bannister/obj/Debug/net8.0-android/android/bin/classes/androidx/dynamicanimation/R$id.class' -> 'goodrive://www.googleapis.com/:personal:/bannister/bannister/obj/Debug/net8.0-android/android/bin/classes/androidx/dynamicanimation/R$id.class' (1,294)
2026-09-22 05:35:37: Copy Over 'C:/rock/bannister/Bannister/obj/Debug/net8.0-android/android/bin/classes/androidx/dynamicanimation/R$integer.class' -> 'goodrive://www.googleapis.com/:personal:/bannister/bannister/obj/Debug/net8.0-android/android/bin/classes/androidx/dynamicanimation/R$integer.class' (363)
2026-09-22 05:35:37: Copy Over 'C:/rock/bannister/Bannister/obj/Debug/net8.0-android/android/bin/classes/androidx/dynamicanimation/R$layout.class' -> 'goodrive://www.googleapis.com/:personal:/bannister/bannister/obj/Debug/net8.0-android/android/bin/classes/androidx/dynamicanimation/R$layout.class' (627)
2026-09-22 05:35:39: Copy Over 'C:/rock/bannister/Bannister/obj/Debug/net8.0-android/android/bin/classes/androidx/dynamicanimation/R$string.class' -> 'goodrive://www.googleapis.com/:personal:/bannister/bannister/obj/Debug/net8.0-android/android/bin/classes/androidx/dynamicanimation/R$string.class' (363)
2026-09-22 05:35:41: Copy Over 'C:/rock/bannister/Bannister/obj/Debug/net8.0-android/android/bin/classes/androidx/dynamicanimation/R$styleable.class' -> 'goodrive://www.googleapis.com/:personal:/bannister/bannister/obj/Debug/net8.0-android/android/bin/classes/androidx/dynamicanimation/R$styleable.class' (2,629)
2026-09-22 05:35:41: Copy Over 'C:/rock/bannister/Bannister/obj/Debug/net8.0-android/android/bin/classes/androidx/dynamicanimation/R$style.class' -> 'goodrive://www.googleapis.com/:personal:/bannister/bannister/obj/Debug/net8.0-android/android/bin/classes/androidx/dynamicanimation/R$style.class' (737)
2026-09-22 05:35:42: Copy Over 'C:/rock/bannister/Bannister/obj/Debug/net8.0-android/android/bin/classes/androidx/dynamicanimation/R.class' -> 'goodrive://www.googleapis.com/:personal:/bannister/bannister/obj/Debug/net8.0-android/android/bin/classes/androidx/dynamicanimation/R.class' (789)
2026-09-22 05:35:44: Copy Over 'C:/rock/bannister/Bannister/obj/Debug/net8.0-android/android/bin/classes/androidx/exifinterface/R.class' -> 'goodrive://www.googleapis.com/:personal:/bannister/bannister/obj/Debug/net8.0-android/android/bin/classes/androidx/exifinterface/R.class' (199)
2026-09-22 05:35:45: Copy Over 'C:/rock/bannister/Bannister/obj/Debug/net8.0-android/android/bin/classes/androidx/fragment/R$anim.class' -> 'goodrive://www.googleapis.com/:personal:/bannister/bannister/obj/Debug/net8.0-android/android/bin/classes/androidx/fragment/R$anim.class' (337)
2026-09-22 05:35:45: Copy Over 'C:/rock/bannister/Bannister/obj/Debug/net8.0-android/android/bin/classes/androidx/fragment/ktx/R.class' -> 'goodrive://www.googleapis.com/:personal:/bannister/bannister/obj/Debug/net8.0-android/android/bin/classes/androidx/fragment/ktx/R.class' (198)
2026-09-22 05:35:48: Copy Over 'C:/rock/bannister/Bannister/obj/Debug/net8.0-android/android/bin/classes/androidx/fragment/R$id.class' -> 'goodrive://www.googleapis.com/:personal:/bannister/bannister/obj/Debug/net8.0-android/android/bin/classes/androidx/fragment/R$id.class' (446)
2026-09-22 05:35:48: Copy Over 'C:/rock/bannister/Bannister/obj/Debug/net8.0-android/android/bin/classes/androidx/fragment/R$animator.class' -> 'goodrive://www.googleapis.com/:personal:/bannister/bannister/obj/Debug/net8.0-android/android/bin/classes/androidx/fragment/R$animator.class' (547)
2026-09-22 05:35:49: Copy Over 'C:/rock/bannister/Bannister/obj/Debug/net8.0-android/android/bin/classes/androidx/fragment/R$styleable.class' -> 'goodrive://www.googleapis.com/:personal:/bannister/bannister/obj/Debug/net8.0-android/android/bin/classes/androidx/fragment/R$styleable.class' (711)
2026-09-22 05:35:51: Copy Over 'C:/rock/bannister/Bannister/obj/Debug/net8.0-android/android/bin/classes/androidx/fragment/R.class' -> 'goodrive://www.googleapis.com/:personal:/bannister/bannister/obj/Debug/net8.0-android/android/bin/classes/androidx/fragment/R.class' (411)
2026-09-22 05:35:51: Copy Over 'C:/rock/bannister/Bannister/obj/Debug/net8.0-android/android/bin/classes/androidx/interpolator/R.class' -> 'goodrive://www.googleapis.com/:personal:/bannister/bannister/obj/Debug/net8.0-android/android/bin/classes/androidx/interpolator/R.class' (198)
2026-09-22 05:35:52: Copy Over 'C:/rock/bannister/Bannister/obj/Debug/net8.0-android/android/bin/classes/androidx/legacy/coreutils/R$attr.class' -> 'goodrive://www.googleapis.com/:personal:/bannister/bannister/obj/Debug/net8.0-android/android/bin/classes/androidx/legacy/coreutils/R$attr.class' (766)
2026-09-22 05:35:54: Copy Over 'C:/rock/bannister/Bannister/obj/Debug/net8.0-android/android/bin/classes/androidx/lifecycle/ktx/R.class' -> 'goodrive://www.googleapis.com/:personal:/bannister/bannister/obj/Debug/net8.0-android/android/bin/classes/androidx/lifecycle/ktx/R.class' (199)
2026-09-22 05:35:55: Copy Over 'C:/rock/bannister/Bannister/obj/Debug/net8.0-android/android/bin/classes/androidx/lifecycle/livedata/R.class' -> 'goodrive://www.googleapis.com/:personal:/bannister/bannister/obj/Debug/net8.0-android/android/bin/classes/androidx/lifecycle/livedata/R.class' (204)
2026-09-22 05:35:56: Copy Over 'C:/rock/bannister/Bannister/obj/Debug/net8.0-android/android/bin/classes/androidx/lifecycle/livedata/core/R.class' -> 'goodrive://www.googleapis.com/:personal:/bannister/bannister/obj/Debug/net8.0-android/android/bin/classes/androidx/lifecycle/livedata/core/R.class' (209)
2026-09-22 05:35:57: Copy Over 'C:/rock/bannister/Bannister/obj/Debug/net8.0-android/android/bin/classes/androidx/lifecycle/livedata/core/ktx/R.class' -> 'goodrive://www.googleapis.com/:personal:/bannister/bannister/obj/Debug/net8.0-android/android/bin/classes/androidx/lifecycle/livedata/core/ktx/R.class' (213)
2026-09-22 05:35:58: Copy Over 'C:/rock/bannister/Bannister/obj/Debug/net8.0-android/android/bin/classes/androidx/lifecycle/process/R.class' -> 'goodrive://www.googleapis.com/:personal:/bannister/bannister/obj/Debug/net8.0-android/android/bin/classes/androidx/lifecycle/process/R.class' (203)
2026-09-22 05:35:59: Copy Over 'C:/rock/bannister/Bannister/obj/Debug/net8.0-android/android/bin/classes/androidx/lifecycle/runtime/R$id.class' -> 'goodrive://www.googleapis.com/:personal:/bannister/bannister/obj/Debug/net8.0-android/android/bin/classes/androidx/lifecycle/runtime/R$id.class' (345)
2026-09-22 05:36:01: Copy Over 'C:/rock/bannister/Bannister/obj/Debug/net8.0-android/android/bin/classes/androidx/lifecycle/runtime/R.class' -> 'goodrive://www.googleapis.com/:personal:/bannister/bannister/obj/Debug/net8.0-android/android/bin/classes/androidx/lifecycle/runtime/R.class' (276)
2026-09-22 05:36:02: Copy Over 'C:/rock/bannister/Bannister/obj/Debug/net8.0-android/android/bin/classes/androidx/legacy/coreutils/R$color.class' -> 'goodrive://www.googleapis.com/:personal:/bannister/bannister/obj/Debug/net8.0-android/android/bin/classes/androidx/legacy/coreutils/R$color.class' (512)
2026-09-22 05:36:03: Copy Over 'C:/rock/bannister/Bannister/obj/Debug/net8.0-android/android/bin/classes/androidx/lifecycle/viewmodel/R$id.class' -> 'goodrive://www.googleapis.com/:personal:/bannister/bannister/obj/Debug/net8.0-android/android/bin/classes/androidx/lifecycle/viewmodel/R$id.class' (356)
2026-09-22 05:36:05: Copy Over 'C:/rock/bannister/Bannister/obj/Debug/net8.0-android/android/bin/classes/androidx/lifecycle/viewmodel/ktx/R.class' -> 'goodrive://www.googleapis.com/:personal:/bannister/bannister/obj/Debug/net8.0-android/android/bin/classes/androidx/lifecycle/viewmodel/ktx/R.class' (209)
2026-09-22 05:36:05: Copy Over 'C:/rock/bannister/Bannister/obj/Debug/net8.0-android/android/bin/classes/androidx/lifecycle/viewmodel/R.class' -> 'goodrive://www.googleapis.com/:personal:/bannister/bannister/obj/Debug/net8.0-android/android/bin/classes/androidx/lifecycle/viewmodel/R.class' (280)
2026-09-22 05:36:06: Copy Over 'C:/rock/bannister/Bannister/obj/Debug/net8.0-android/android/bin/classes/androidx/legacy/coreutils/R$dimen.class' -> 'goodrive://www.googleapis.com/:personal:/bannister/bannister/obj/Debug/net8.0-android/android/bin/classes/androidx/legacy/coreutils/R$dimen.class' (1,561)
2026-09-22 05:36:09: Copy Over 'C:/rock/bannister/Bannister/obj/Debug/net8.0-android/android/bin/classes/androidx/lifecycle/viewmodel/savedstate/R.class' -> 'goodrive://www.googleapis.com/:personal:/bannister/bannister/obj/Debug/net8.0-android/android/bin/classes/androidx/lifecycle/viewmodel/savedstate/R.class' (216)
2026-09-22 05:36:09: Copy Over 'C:/rock/bannister/Bannister/obj/Debug/net8.0-android/android/bin/classes/androidx/legacy/coreutils/R$drawable.class' -> 'goodrive://www.googleapis.com/:personal:/bannister/bannister/obj/Debug/net8.0-android/android/bin/classes/androidx/legacy/coreutils/R$drawable.class' (906)
2026-09-22 05:36:09: Copy Over 'C:/rock/bannister/Bannister/obj/Debug/net8.0-android/android/bin/classes/androidx/legacy/coreutils/R$id.class' -> 'goodrive://www.googleapis.com/:personal:/bannister/bannister/obj/Debug/net8.0-android/android/bin/classes/androidx/legacy/coreutils/R$id.class' (1,294)
2026-09-22 05:36:12: Copy Over 'C:/rock/bannister/Bannister/obj/Debug/net8.0-android/android/bin/classes/androidx/legacy/coreutils/R$integer.class' -> 'goodrive://www.googleapis.com/:personal:/bannister/bannister/obj/Debug/net8.0-android/android/bin/classes/androidx/legacy/coreutils/R$integer.class' (363)
2026-09-22 05:36:12: Copy Over 'C:/rock/bannister/Bannister/obj/Debug/net8.0-android/android/bin/classes/androidx/legacy/coreutils/R$layout.class' -> 'goodrive://www.googleapis.com/:personal:/bannister/bannister/obj/Debug/net8.0-android/android/bin/classes/androidx/legacy/coreutils/R$layout.class' (627)
2026-09-22 05:36:12: Copy Over 'C:/rock/bannister/Bannister/obj/Debug/net8.0-android/android/bin/classes/androidx/legacy/coreutils/R$string.class' -> 'goodrive://www.googleapis.com/:personal:/bannister/bannister/obj/Debug/net8.0-android/android/bin/classes/androidx/legacy/coreutils/R$string.class' (363)
2026-09-22 05:36:15: Copy Over 'C:/rock/bannister/Bannister/obj/Debug/net8.0-android/android/bin/classes/androidx/legacy/coreutils/R$style.class' -> 'goodrive://www.googleapis.com/:personal:/bannister/bannister/obj/Debug/net8.0-android/android/bin/classes/androidx/legacy/coreutils/R$style.class' (737)
2026-09-22 05:36:16: Copy Over 'C:/rock/bannister/Bannister/obj/Debug/net8.0-android/android/bin/classes/androidx/legacy/coreutils/R$styleable.class' -> 'goodrive://www.googleapis.com/:personal:/bannister/bannister/obj/Debug/net8.0-android/android/bin/classes/androidx/legacy/coreutils/R$styleable.class' (2,629)
2026-09-22 05:36:16: Copy Over 'C:/rock/bannister/Bannister/obj/Debug/net8.0-android/android/bin/classes/androidx/legacy/coreutils/R.class' -> 'goodrive://www.googleapis.com/:personal:/bannister/bannister/obj/Debug/net8.0-android/android/bin/classes/androidx/legacy/coreutils/R.class' (789)
2026-09-22 05:36:19: Copy Over 'C:/rock/bannister/Bannister/obj/Debug/net8.0-android/android/bin/classes/androidx/loader/R$color.class' -> 'goodrive://www.googleapis.com/:personal:/bannister/bannister/obj/Debug/net8.0-android/android/bin/classes/androidx/loader/R$color.class' (492)
2026-09-22 05:36:19: Copy Over 'C:/rock/bannister/Bannister/obj/Debug/net8.0-android/android/bin/classes/androidx/localbroadcastmanager/R.class' -> 'goodrive://www.googleapis.com/:personal:/bannister/bannister/obj/Debug/net8.0-android/android/bin/classes/androidx/localbroadcastmanager/R.class' (207)
2026-09-22 05:36:20: Copy Over 'C:/rock/bannister/Bannister/obj/Debug/net8.0-android/android/bin/classes/androidx/loader/R$attr.class' -> 'goodrive://www.googleapis.com/:personal:/bannister/bannister/obj/Debug/net8.0-android/android/bin/classes/androidx/loader/R$attr.class' (746)
2026-09-22 05:36:22: Copy Over 'C:/rock/bannister/Bannister/obj/Debug/net8.0-android/android/bin/classes/androidx/loader/R$dimen.class' -> 'goodrive://www.googleapis.com/:personal:/bannister/bannister/obj/Debug/net8.0-android/android/bin/classes/androidx/loader/R$dimen.class' (1,541)
2026-09-22 05:36:22: Copy Over 'C:/rock/bannister/Bannister/obj/Debug/net8.0-android/android/bin/classes/androidx/loader/R$drawable.class' -> 'goodrive://www.googleapis.com/:personal:/bannister/bannister/obj/Debug/net8.0-android/android/bin/classes/androidx/loader/R$drawable.class' (886)
2026-09-22 05:36:23: Copy Over 'C:/rock/bannister/Bannister/obj/Debug/net8.0-android/android/bin/classes/androidx/loader/R$id.class' -> 'goodrive://www.googleapis.com/:personal:/bannister/bannister/obj/Debug/net8.0-android/android/bin/classes/androidx/loader/R$id.class' (1,274)
2026-09-22 05:36:26: Copy Over 'C:/rock/bannister/Bannister/obj/Debug/net8.0-android/android/bin/classes/androidx/loader/R$layout.class' -> 'goodrive://www.googleapis.com/:personal:/bannister/bannister/obj/Debug/net8.0-android/android/bin/classes/androidx/loader/R$layout.class' (607)
2026-09-22 05:36:26: Copy Over 'C:/rock/bannister/Bannister/obj/Debug/net8.0-android/android/bin/classes/androidx/loader/R$integer.class' -> 'goodrive://www.googleapis.com/:personal:/bannister/bannister/obj/Debug/net8.0-android/android/bin/classes/androidx/loader/R$integer.class' (343)
2026-09-22 05:36:26: Copy Over 'C:/rock/bannister/Bannister/obj/Debug/net8.0-android/android/bin/classes/androidx/loader/R$string.class' -> 'goodrive://www.googleapis.com/:personal:/bannister/bannister/obj/Debug/net8.0-android/android/bin/classes/androidx/loader/R$string.class' (343)
2026-09-22 05:36:29: Copy Over 'C:/rock/bannister/Bannister/obj/Debug/net8.0-android/android/bin/classes/androidx/loader/R$styleable.class' -> 'goodrive://www.googleapis.com/:personal:/bannister/bannister/obj/Debug/net8.0-android/android/bin/classes/androidx/loader/R$styleable.class' (2,609)
2026-09-22 05:36:29: Copy Over 'C:/rock/bannister/Bannister/obj/Debug/net8.0-android/android/bin/classes/androidx/loader/R$style.class' -> 'goodrive://www.googleapis.com/:personal:/bannister/bannister/obj/Debug/net8.0-android/android/bin/classes/androidx/loader/R$style.class' (717)
2026-09-22 05:36:30: Copy Over 'C:/rock/bannister/Bannister/obj/Debug/net8.0-android/android/bin/classes/androidx/loader/R.class' -> 'goodrive://www.googleapis.com/:personal:/bannister/bannister/obj/Debug/net8.0-android/android/bin/classes/androidx/loader/R.class' (679)
2026-09-22 05:36:33: Copy Over 'C:/rock/bannister/Bannister/obj/Debug/net8.0-android/android/bin/classes/androidx/print/R.class' -> 'goodrive://www.googleapis.com/:personal:/bannister/bannister/obj/Debug/net8.0-android/android/bin/classes/androidx/print/R.class' (191)
2026-09-22 05:36:33: Copy Over 'C:/rock/bannister/Bannister/obj/Debug/net8.0-android/android/bin/classes/androidx/navigation/common/R$attr.class' -> 'goodrive://www.googleapis.com/:personal:/bannister/bannister/obj/Debug/net8.0-android/android/bin/classes/androidx/navigation/common/R$attr.class' (878)
2026-09-22 05:36:33: Copy Over 'C:/rock/bannister/Bannister/obj/Debug/net8.0-android/android/bin/classes/androidx/navigation/common/R$styleable.class' -> 'goodrive://www.googleapis.com/:personal:/bannister/bannister/obj/Debug/net8.0-android/android/bin/classes/androidx/navigation/common/R$styleable.class' (1,803)
2026-09-22 05:36:36: Copy Over 'C:/rock/bannister/Bannister/obj/Debug/net8.0-android/android/bin/classes/androidx/navigation/common/R.class' -> 'goodrive://www.googleapis.com/:personal:/bannister/bannister/obj/Debug/net8.0-android/android/bin/classes/androidx/navigation/common/R.class' (344)
2026-09-22 05:36:37: Copy Over 'C:/rock/bannister/Bannister/obj/Debug/net8.0-android/android/bin/classes/androidx/navigation/fragment/R$attr.class' -> 'goodrive://www.googleapis.com/:personal:/bannister/bannister/obj/Debug/net8.0-android/android/bin/classes/androidx/navigation/fragment/R$attr.class' (342)
2026-09-22 05:36:37: Copy Over 'C:/rock/bannister/Bannister/obj/Debug/net8.0-android/android/bin/classes/androidx/navigation/R$attr.class' -> 'goodrive://www.googleapis.com/:personal:/bannister/bannister/obj/Debug/net8.0-android/android/bin/classes/androidx/navigation/R$attr.class' (477)
2026-09-22 05:36:40: Copy Over 'C:/rock/bannister/Bannister/obj/Debug/net8.0-android/android/bin/classes/androidx/navigation/fragment/R$dimen.class' -> 'goodrive://www.googleapis.com/:personal:/bannister/bannister/obj/Debug/net8.0-android/android/bin/classes/androidx/navigation/fragment/R$dimen.class' (360)
2026-09-22 05:36:40: Copy Over 'C:/rock/bannister/Bannister/obj/Debug/net8.0-android/android/bin/classes/androidx/navigation/fragment/R$id.class' -> 'goodrive://www.googleapis.com/:personal:/bannister/bannister/obj/Debug/net8.0-android/android/bin/classes/androidx/navigation/fragment/R$id.class' (447)
2026-09-22 05:36:40: Copy Over 'C:/rock/bannister/Bannister/obj/Debug/net8.0-android/android/bin/classes/androidx/navigation/fragment/R$styleable.class' -> 'goodrive://www.googleapis.com/:personal:/bannister/bannister/obj/Debug/net8.0-android/android/bin/classes/androidx/navigation/fragment/R$styleable.class' (696)
2026-09-22 05:36:43: Copy Over 'C:/rock/bannister/Bannister/obj/Debug/net8.0-android/android/bin/classes/androidx/navigation/R$styleable.class' -> 'goodrive://www.googleapis.com/:personal:/bannister/bannister/obj/Debug/net8.0-android/android/bin/classes/androidx/navigation/R$styleable.class' (870)
2026-09-22 05:36:43: Copy Over 'C:/rock/bannister/Bannister/obj/Debug/net8.0-android/android/bin/classes/androidx/navigation/R$id.class' -> 'goodrive://www.googleapis.com/:personal:/bannister/bannister/obj/Debug/net8.0-android/android/bin/classes/androidx/navigation/R$id.class' (329)
2026-09-22 05:36:43: Copy Over 'C:/rock/bannister/Bannister/obj/Debug/net8.0-android/android/bin/classes/androidx/navigation/fragment/R.class' -> 'goodrive://www.googleapis.com/:personal:/bannister/bannister/obj/Debug/net8.0-android/android/bin/classes/androidx/navigation/fragment/R.class' (460)
2026-09-22 05:36:47: Copy Over 'C:/rock/bannister/Bannister/obj/Debug/net8.0-android/android/bin/classes/androidx/navigation/R.class' -> 'goodrive://www.googleapis.com/:personal:/bannister/bannister/obj/Debug/net8.0-android/android/bin/classes/androidx/navigation/R.class' (366)
2026-09-22 05:36:47: Copy Over 'C:/rock/bannister/Bannister/obj/Debug/net8.0-android/android/bin/classes/androidx/navigation/ui/R$anim.class' -> 'goodrive://www.googleapis.com/:personal:/bannister/bannister/obj/Debug/net8.0-android/android/bin/classes/androidx/navigation/ui/R$anim.class' (482)
2026-09-22 05:36:47: Copy Over 'C:/rock/bannister/Bannister/obj/Debug/net8.0-android/android/bin/classes/androidx/profileinstaller/R.class' -> 'goodrive://www.googleapis.com/:personal:/bannister/bannister/obj/Debug/net8.0-android/android/bin/classes/androidx/profileinstaller/R.class' (202)
2026-09-22 05:36:50: Copy Over 'C:/rock/bannister/Bannister/obj/Debug/net8.0-android/android/bin/classes/androidx/navigation/ui/R$animator.class' -> 'goodrive://www.googleapis.com/:personal:/bannister/bannister/obj/Debug/net8.0-android/android/bin/classes/androidx/navigation/ui/R$animator.class' (490)
2026-09-22 05:36:50: Copy Over 'C:/rock/bannister/Bannister/obj/Debug/net8.0-android/android/bin/classes/androidx/navigation/ui/R$integer.class' -> 'goodrive://www.googleapis.com/:personal:/bannister/bannister/obj/Debug/net8.0-android/android/bin/classes/androidx/navigation/ui/R$integer.class' (340)
2026-09-22 05:36:50: Copy Over 'C:/rock/bannister/Bannister/obj/Debug/net8.0-android/android/bin/classes/androidx/navigation/ui/R$string.class' -> 'goodrive://www.googleapis.com/:personal:/bannister/bannister/obj/Debug/net8.0-android/android/bin/classes/androidx/navigation/ui/R$string.class' (448)
2026-09-22 05:36:53: Copy Over 'C:/rock/bannister/Bannister/obj/Debug/net8.0-android/android/bin/classes/androidx/navigation/ui/R.class' -> 'goodrive://www.googleapis.com/:personal:/bannister/bannister/obj/Debug/net8.0-android/android/bin/classes/androidx/navigation/ui/R.class' (440)
2026-09-22 05:36:53: Copy Over 'C:/rock/bannister/Bannister/obj/Debug/net8.0-android/android/bin/classes/androidx/recyclerview/R$attr.class' -> 'goodrive://www.googleapis.com/:personal:/bannister/bannister/obj/Debug/net8.0-android/android/bin/classes/androidx/recyclerview/R$attr.class' (739)
2026-09-22 05:36:54: Copy Over 'C:/rock/bannister/Bannister/obj/Debug/net8.0-android/android/bin/classes/androidx/savedstate/R$id.class' -> 'goodrive://www.googleapis.com/:personal:/bannister/bannister/obj/Debug/net8.0-android/android/bin/classes/androidx/savedstate/R$id.class' (342)
2026-09-22 05:36:57: Copy Over 'C:/rock/bannister/Bannister/obj/Debug/net8.0-android/android/bin/classes/androidx/savedstate/R.class' -> 'goodrive://www.googleapis.com/:personal:/bannister/bannister/obj/Debug/net8.0-android/android/bin/classes/androidx/savedstate/R.class' (262)
2026-09-22 05:36:57: Copy Over 'C:/rock/bannister/Bannister/obj/Debug/net8.0-android/android/bin/classes/androidx/recyclerview/R$dimen.class' -> 'goodrive://www.googleapis.com/:personal:/bannister/bannister/obj/Debug/net8.0-android/android/bin/classes/androidx/recyclerview/R$dimen.class' (630)
2026-09-22 05:36:57: Copy Over 'C:/rock/bannister/Bannister/obj/Debug/net8.0-android/android/bin/classes/androidx/savedstate/ktx/R.class' -> 'goodrive://www.googleapis.com/:personal:/bannister/bannister/obj/Debug/net8.0-android/android/bin/classes/androidx/savedstate/ktx/R.class' (200)
2026-09-22 05:37:00: Copy Over 'C:/rock/bannister/Bannister/obj/Debug/net8.0-android/android/bin/classes/androidx/recyclerview/R$id.class' -> 'goodrive://www.googleapis.com/:personal:/bannister/bannister/obj/Debug/net8.0-android/android/bin/classes/androidx/recyclerview/R$id.class' (346)
2026-09-22 05:37:00: Copy Over 'C:/rock/bannister/Bannister/obj/Debug/net8.0-android/android/bin/classes/androidx/recyclerview/R$styleable.class' -> 'goodrive://www.googleapis.com/:personal:/bannister/bannister/obj/Debug/net8.0-android/android/bin/classes/androidx/recyclerview/R$styleable.class' (1,227)
2026-09-22 05:37:00: Copy Over 'C:/rock/bannister/Bannister/obj/Debug/net8.0-android/android/bin/classes/androidx/recyclerview/R.class' -> 'goodrive://www.googleapis.com/:personal:/bannister/bannister/obj/Debug/net8.0-android/android/bin/classes/androidx/recyclerview/R.class' (425)
2026-09-22 05:37:04: Copy Over 'C:/rock/bannister/Bannister/obj/Debug/net8.0-android/android/bin/classes/androidx/security/R.class' -> 'goodrive://www.googleapis.com/:personal:/bannister/bannister/obj/Debug/net8.0-android/android/bin/classes/androidx/security/R.class' (194)
2026-09-22 05:37:04: Copy Over 'C:/rock/bannister/Bannister/obj/Debug/net8.0-android/android/bin/classes/androidx/slidingpanelayout/R.class' -> 'goodrive://www.googleapis.com/:personal:/bannister/bannister/obj/Debug/net8.0-android/android/bin/classes/androidx/slidingpanelayout/R.class' (203)
2026-09-22 05:37:04: Copy Over 'C:/rock/bannister/Bannister/obj/Debug/net8.0-android/android/bin/classes/androidx/startup/R$string.class' -> 'goodrive://www.googleapis.com/:personal:/bannister/bannister/obj/Debug/net8.0-android/android/bin/classes/androidx/startup/R$string.class' (324)
2026-09-22 05:37:07: Copy Over 'C:/rock/bannister/Bannister/obj/Debug/net8.0-android/android/bin/classes/androidx/swiperefreshlayout/R$attr.class' -> 'goodrive://www.googleapis.com/:personal:/bannister/bannister/obj/Debug/net8.0-android/android/bin/classes/androidx/swiperefreshlayout/R$attr.class' (842)
2026-09-22 05:37:07: Copy Over 'C:/rock/bannister/Bannister/obj/Debug/net8.0-android/android/bin/classes/androidx/swiperefreshlayout/R$color.class' -> 'goodrive://www.googleapis.com/:personal:/bannister/bannister/obj/Debug/net8.0-android/android/bin/classes/androidx/swiperefreshlayout/R$color.class' (516)
2026-09-22 05:37:07: Copy Over 'C:/rock/bannister/Bannister/obj/Debug/net8.0-android/android/bin/classes/androidx/swiperefreshlayout/R$dimen.class' -> 'goodrive://www.googleapis.com/:personal:/bannister/bannister/obj/Debug/net8.0-android/android/bin/classes/androidx/swiperefreshlayout/R$dimen.class' (1,565)
2026-09-22 05:37:11: Copy Over 'C:/rock/bannister/Bannister/obj/Debug/net8.0-android/android/bin/classes/androidx/swiperefreshlayout/R$id.class' -> 'goodrive://www.googleapis.com/:personal:/bannister/bannister/obj/Debug/net8.0-android/android/bin/classes/androidx/swiperefreshlayout/R$id.class' (3,370)
2026-09-22 05:37:11: Copy Over 'C:/rock/bannister/Bannister/obj/Debug/net8.0-android/android/bin/classes/androidx/swiperefreshlayout/R$integer.class' -> 'goodrive://www.googleapis.com/:personal:/bannister/bannister/obj/Debug/net8.0-android/android/bin/classes/androidx/swiperefreshlayout/R$integer.class' (367)
2026-09-22 05:37:11: Copy Over 'C:/rock/bannister/Bannister/obj/Debug/net8.0-android/android/bin/classes/androidx/swiperefreshlayout/R$drawable.class' -> 'goodrive://www.googleapis.com/:personal:/bannister/bannister/obj/Debug/net8.0-android/android/bin/classes/androidx/swiperefreshlayout/R$drawable.class' (910)
2026-09-22 05:37:14: Copy Over 'C:/rock/bannister/Bannister/obj/Debug/net8.0-android/android/bin/classes/androidx/swiperefreshlayout/R$string.class' -> 'goodrive://www.googleapis.com/:personal:/bannister/bannister/obj/Debug/net8.0-android/android/bin/classes/androidx/swiperefreshlayout/R$string.class' (367)
2026-09-22 05:37:14: Copy Over 'C:/rock/bannister/Bannister/obj/Debug/net8.0-android/android/bin/classes/androidx/swiperefreshlayout/R$style.class' -> 'goodrive://www.googleapis.com/:personal:/bannister/bannister/obj/Debug/net8.0-android/android/bin/classes/androidx/swiperefreshlayout/R$style.class' (741)
2026-09-22 05:37:14: Copy Over 'C:/rock/bannister/Bannister/obj/Debug/net8.0-android/android/bin/classes/androidx/swiperefreshlayout/R$layout.class' -> 'goodrive://www.googleapis.com/:personal:/bannister/bannister/obj/Debug/net8.0-android/android/bin/classes/androidx/swiperefreshlayout/R$layout.class' (668)
2026-09-22 05:37:17: Copy Over 'C:/rock/bannister/Bannister/obj/Debug/net8.0-android/android/bin/classes/androidx/swiperefreshlayout/R.class' -> 'goodrive://www.googleapis.com/:personal:/bannister/bannister/obj/Debug/net8.0-android/android/bin/classes/androidx/swiperefreshlayout/R.class' (811)
2026-09-22 05:37:17: Copy Over 'C:/rock/bannister/Bannister/obj/Debug/net8.0-android/android/bin/classes/androidx/startup/R.class' -> 'goodrive://www.googleapis.com/:personal:/bannister/bannister/obj/Debug/net8.0-android/android/bin/classes/androidx/startup/R.class' (264)
2026-09-22 05:37:17: Copy Over 'C:/rock/bannister/Bannister/obj/Debug/net8.0-android/android/bin/classes/androidx/swiperefreshlayout/R$styleable.class' -> 'goodrive://www.googleapis.com/:personal:/bannister/bannister/obj/Debug/net8.0-android/android/bin/classes/androidx/swiperefreshlayout/R$styleable.class' (2,778)
2026-09-22 05:37:21: Copy Over 'C:/rock/bannister/Bannister/obj/Debug/net8.0-android/android/bin/classes/androidx/tracing/R.class' -> 'goodrive://www.googleapis.com/:personal:/bannister/bannister/obj/Debug/net8.0-android/android/bin/classes/androidx/tracing/R.class' (193)
2026-09-22 05:37:21: Copy Over 'C:/rock/bannister/Bannister/obj/Debug/net8.0-android/android/bin/classes/androidx/transition/R$anim.class' -> 'goodrive://www.googleapis.com/:personal:/bannister/bannister/obj/Debug/net8.0-android/android/bin/classes/androidx/transition/R$anim.class' (845)
2026-09-22 05:37:21: Copy Over 'C:/rock/bannister/Bannister/obj/Debug/net8.0-android/android/bin/classes/androidx/transition/R$attr.class' -> 'goodrive://www.googleapis.com/:personal:/bannister/bannister/obj/Debug/net8.0-android/android/bin/classes/androidx/transition/R$attr.class' (11,464)
2026-09-22 05:37:24: Copy Over 'C:/rock/bannister/Bannister/obj/Debug/net8.0-android/android/bin/classes/androidx/transition/R$color.class' -> 'goodrive://www.googleapis.com/:personal:/bannister/bannister/obj/Debug/net8.0-android/android/bin/classes/androidx/transition/R$color.class' (4,628)
2026-09-22 05:37:24: Copy Over 'C:/rock/bannister/Bannister/obj/Debug/net8.0-android/android/bin/classes/androidx/transition/R$bool.class' -> 'goodrive://www.googleapis.com/:personal:/bannister/bannister/obj/Debug/net8.0-android/android/bin/classes/androidx/transition/R$bool.class' (391)
2026-09-22 05:37:24: Copy Over 'C:/rock/bannister/Bannister/obj/Debug/net8.0-android/android/bin/classes/androidx/transition/R$dimen.class' -> 'goodrive://www.googleapis.com/:personal:/bannister/bannister/obj/Debug/net8.0-android/android/bin/classes/androidx/transition/R$dimen.class' (6,730)
2026-09-22 05:37:28: Copy Over 'C:/rock/bannister/Bannister/obj/Debug/net8.0-android/android/bin/classes/androidx/transition/R$drawable.class' -> 'goodrive://www.googleapis.com/:personal:/bannister/bannister/obj/Debug/net8.0-android/android/bin/classes/androidx/transition/R$drawable.class' (4,846)
2026-09-22 05:37:28: Copy Over 'C:/rock/bannister/Bannister/obj/Debug/net8.0-android/android/bin/classes/androidx/transition/R$id.class' -> 'goodrive://www.googleapis.com/:personal:/bannister/bannister/obj/Debug/net8.0-android/android/bin/classes/androidx/transition/R$id.class' (6,708)
2026-09-22 05:37:28: Copy Over 'C:/rock/bannister/Bannister/obj/Debug/net8.0-android/android/bin/classes/androidx/transition/R$integer.class' -> 'goodrive://www.googleapis.com/:personal:/bannister/bannister/obj/Debug/net8.0-android/android/bin/classes/androidx/transition/R$integer.class' (550)
2026-09-22 05:37:31: Copy Over 'C:/rock/bannister/Bannister/obj/Debug/net8.0-android/android/bin/classes/androidx/transition/R$string.class' -> 'goodrive://www.googleapis.com/:personal:/bannister/bannister/obj/Debug/net8.0-android/android/bin/classes/androidx/transition/R$string.class' (1,834)
2026-09-22 05:37:31: Copy Over 'C:/rock/bannister/Bannister/obj/Debug/net8.0-android/android/bin/classes/androidx/transition/R$layout.class' -> 'goodrive://www.googleapis.com/:personal:/bannister/bannister/obj/Debug/net8.0-android/android/bin/classes/androidx/transition/R$layout.class' (2,282)
2026-09-22 05:37:31: Copy Over 'C:/rock/bannister/Bannister/obj/Debug/net8.0-android/android/bin/classes/androidx/transition/R$style.class' -> 'goodrive://www.googleapis.com/:personal:/bannister/bannister/obj/Debug/net8.0-android/android/bin/classes/androidx/transition/R$style.class' (21,640)
2026-09-22 05:37:35: Copy Over 'C:/rock/bannister/Bannister/obj/Debug/net8.0-android/android/bin/classes/androidx/transition/R$styleable.class' -> 'goodrive://www.googleapis.com/:personal:/bannister/bannister/obj/Debug/net8.0-android/android/bin/classes/androidx/transition/R$styleable.class' (29,138)
2026-09-22 05:37:35: Copy Over 'C:/rock/bannister/Bannister/obj/Debug/net8.0-android/android/bin/classes/androidx/transition/R.class' -> 'goodrive://www.googleapis.com/:personal:/bannister/bannister/obj/Debug/net8.0-android/android/bin/classes/androidx/transition/R.class' (817)
2026-09-22 05:37:35: Copy Over 'C:/rock/bannister/Bannister/obj/Debug/net8.0-android/android/bin/classes/androidx/versionedparcelable/R.class' -> 'goodrive://www.googleapis.com/:personal:/bannister/bannister/obj/Debug/net8.0-android/android/bin/classes/androidx/versionedparcelable/R.class' (205)
2026-09-22 05:37:38: Copy Over 'C:/rock/bannister/Bannister/obj/Debug/net8.0-android/android/bin/classes/androidx/vectordrawable/animated/R$color.class' -> 'goodrive://www.googleapis.com/:personal:/bannister/bannister/obj/Debug/net8.0-android/android/bin/classes/androidx/vectordrawable/animated/R$color.class' (526)
2026-09-22 05:37:38: Copy Over 'C:/rock/bannister/Bannister/obj/Debug/net8.0-android/android/bin/classes/androidx/vectordrawable/animated/R$dimen.class' -> 'goodrive://www.googleapis.com/:personal:/bannister/bannister/obj/Debug/net8.0-android/android/bin/classes/androidx/vectordrawable/animated/R$dimen.class' (1,575)
2026-09-22 05:37:38: Copy Over 'C:/rock/bannister/Bannister/obj/Debug/net8.0-android/android/bin/classes/androidx/vectordrawable/animated/R$attr.class' -> 'goodrive://www.googleapis.com/:personal:/bannister/bannister/obj/Debug/net8.0-android/android/bin/classes/androidx/vectordrawable/animated/R$attr.class' (780)
2026-09-22 05:37:41: Copy Over 'C:/rock/bannister/Bannister/obj/Debug/net8.0-android/android/bin/classes/androidx/vectordrawable/animated/R$drawable.class' -> 'goodrive://www.googleapis.com/:personal:/bannister/bannister/obj/Debug/net8.0-android/android/bin/classes/androidx/vectordrawable/animated/R$drawable.class' (920)
2026-09-22 05:37:41: Copy Over 'C:/rock/bannister/Bannister/obj/Debug/net8.0-android/android/bin/classes/androidx/vectordrawable/animated/R$id.class' -> 'goodrive://www.googleapis.com/:personal:/bannister/bannister/obj/Debug/net8.0-android/android/bin/classes/androidx/vectordrawable/animated/R$id.class' (3,380)
2026-09-22 05:37:41: Copy Over 'C:/rock/bannister/Bannister/obj/Debug/net8.0-android/android/bin/classes/androidx/vectordrawable/animated/R$integer.class' -> 'goodrive://www.googleapis.com/:personal:/bannister/bannister/obj/Debug/net8.0-android/android/bin/classes/androidx/vectordrawable/animated/R$integer.class' (377)
2026-09-22 05:37:45: Copy Over 'C:/rock/bannister/Bannister/obj/Debug/net8.0-android/android/bin/classes/androidx/vectordrawable/animated/R$style.class' -> 'goodrive://www.googleapis.com/:personal:/bannister/bannister/obj/Debug/net8.0-android/android/bin/classes/androidx/vectordrawable/animated/R$style.class' (751)
2026-09-22 05:37:45: Copy Over 'C:/rock/bannister/Bannister/obj/Debug/net8.0-android/android/bin/classes/androidx/vectordrawable/animated/R$string.class' -> 'goodrive://www.googleapis.com/:personal:/bannister/bannister/obj/Debug/net8.0-android/android/bin/classes/androidx/vectordrawable/animated/R$string.class' (377)
2026-09-22 05:37:45: Copy Over 'C:/rock/bannister/Bannister/obj/Debug/net8.0-android/android/bin/classes/androidx/vectordrawable/animated/R$layout.class' -> 'goodrive://www.googleapis.com/:personal:/bannister/bannister/obj/Debug/net8.0-android/android/bin/classes/androidx/vectordrawable/animated/R$layout.class' (678)
2026-09-22 05:37:48: Copy Over 'C:/rock/bannister/Bannister/obj/Debug/net8.0-android/android/bin/classes/androidx/vectordrawable/animated/R.class' -> 'goodrive://www.googleapis.com/:personal:/bannister/bannister/obj/Debug/net8.0-android/android/bin/classes/androidx/vectordrawable/animated/R.class' (866)
2026-09-22 05:37:48: Copy Over 'C:/rock/bannister/Bannister/obj/Debug/net8.0-android/android/bin/classes/androidx/vectordrawable/animated/R$styleable.class' -> 'goodrive://www.googleapis.com/:personal:/bannister/bannister/obj/Debug/net8.0-android/android/bin/classes/androidx/vectordrawable/animated/R$styleable.class' (2,643)
2026-09-22 05:37:49: Copy Over 'C:/rock/bannister/Bannister/obj/Debug/net8.0-android/android/bin/classes/androidx/vectordrawable/R$attr.class' -> 'goodrive://www.googleapis.com/:personal:/bannister/bannister/obj/Debug/net8.0-android/android/bin/classes/androidx/vectordrawable/R$attr.class' (762)
2026-09-22 05:37:52: Copy Over 'C:/rock/bannister/Bannister/obj/Debug/net8.0-android/android/bin/classes/androidx/vectordrawable/R$color.class' -> 'goodrive://www.googleapis.com/:personal:/bannister/bannister/obj/Debug/net8.0-android/android/bin/classes/androidx/vectordrawable/R$color.class' (508)
2026-09-22 05:37:52: Copy Over 'C:/rock/bannister/Bannister/obj/Debug/net8.0-android/android/bin/classes/androidx/vectordrawable/R$dimen.class' -> 'goodrive://www.googleapis.com/:personal:/bannister/bannister/obj/Debug/net8.0-android/android/bin/classes/androidx/vectordrawable/R$dimen.class' (1,557)
2026-09-22 05:37:52: Copy Over 'C:/rock/bannister/Bannister/obj/Debug/net8.0-android/android/bin/classes/androidx/vectordrawable/R$drawable.class' -> 'goodrive://www.googleapis.com/:personal:/bannister/bannister/obj/Debug/net8.0-android/android/bin/classes/androidx/vectordrawable/R$drawable.class' (902)
2026-09-22 05:37:55: Copy Over 'C:/rock/bannister/Bannister/obj/Debug/net8.0-android/android/bin/classes/androidx/vectordrawable/R$layout.class' -> 'goodrive://www.googleapis.com/:personal:/bannister/bannister/obj/Debug/net8.0-android/android/bin/classes/androidx/vectordrawable/R$layout.class' (660)
2026-09-22 05:37:55: Copy Over 'C:/rock/bannister/Bannister/obj/Debug/net8.0-android/android/bin/classes/androidx/vectordrawable/R$integer.class' -> 'goodrive://www.googleapis.com/:personal:/bannister/bannister/obj/Debug/net8.0-android/android/bin/classes/androidx/vectordrawable/R$integer.class' (359)
2026-09-22 05:37:56: Copy Over 'C:/rock/bannister/Bannister/obj/Debug/net8.0-android/android/bin/classes/androidx/vectordrawable/R$id.class' -> 'goodrive://www.googleapis.com/:personal:/bannister/bannister/obj/Debug/net8.0-android/android/bin/classes/androidx/vectordrawable/R$id.class' (3,362)
2026-09-22 05:37:59: Copy Over 'C:/rock/bannister/Bannister/obj/Debug/net8.0-android/android/bin/classes/androidx/vectordrawable/R$style.class' -> 'goodrive://www.googleapis.com/:personal:/bannister/bannister/obj/Debug/net8.0-android/android/bin/classes/androidx/vectordrawable/R$style.class' (733)
2026-09-22 05:37:59: Copy Over 'C:/rock/bannister/Bannister/obj/Debug/net8.0-android/android/bin/classes/androidx/vectordrawable/R$string.class' -> 'goodrive://www.googleapis.com/:personal:/bannister/bannister/obj/Debug/net8.0-android/android/bin/classes/androidx/vectordrawable/R$string.class' (359)
2026-09-22 05:37:59: Copy Over 'C:/rock/bannister/Bannister/obj/Debug/net8.0-android/android/bin/classes/androidx/vectordrawable/R$styleable.class' -> 'goodrive://www.googleapis.com/:personal:/bannister/bannister/obj/Debug/net8.0-android/android/bin/classes/androidx/vectordrawable/R$styleable.class' (2,625)
2026-09-22 05:38:02: Copy Over 'C:/rock/bannister/Bannister/obj/Debug/net8.0-android/android/bin/classes/androidx/viewpager/R$attr.class' -> 'goodrive://www.googleapis.com/:personal:/bannister/bannister/obj/Debug/net8.0-android/android/bin/classes/androidx/viewpager/R$attr.class' (752)
2026-09-22 05:38:02: Copy Over 'C:/rock/bannister/Bannister/obj/Debug/net8.0-android/android/bin/classes/androidx/vectordrawable/R.class' -> 'goodrive://www.googleapis.com/:personal:/bannister/bannister/obj/Debug/net8.0-android/android/bin/classes/androidx/vectordrawable/R.class' (767)
2026-09-22 05:38:02: Copy Over 'C:/rock/bannister/Bannister/obj/Debug/net8.0-android/android/bin/classes/androidx/viewpager2/R$attr.class' -> 'goodrive://www.googleapis.com/:personal:/bannister/bannister/obj/Debug/net8.0-android/android/bin/classes/androidx/viewpager2/R$attr.class' (1,203)
2026-09-22 05:38:05: Copy Over 'C:/rock/bannister/Bannister/obj/Debug/net8.0-android/android/bin/classes/androidx/viewpager2/R$color.class' -> 'goodrive://www.googleapis.com/:personal:/bannister/bannister/obj/Debug/net8.0-android/android/bin/classes/androidx/viewpager2/R$color.class' (500)
2026-09-22 05:38:06: Copy Over 'C:/rock/bannister/Bannister/obj/Debug/net8.0-android/android/bin/classes/androidx/viewpager2/R$dimen.class' -> 'goodrive://www.googleapis.com/:personal:/bannister/bannister/obj/Debug/net8.0-android/android/bin/classes/androidx/viewpager2/R$dimen.class' (1,887)
2026-09-22 05:38:06: Copy Over 'C:/rock/bannister/Bannister/obj/Debug/net8.0-android/android/bin/classes/androidx/viewpager2/R$drawable.class' -> 'goodrive://www.googleapis.com/:personal:/bannister/bannister/obj/Debug/net8.0-android/android/bin/classes/androidx/viewpager2/R$drawable.class' (894)
2026-09-22 05:38:09: Copy Over 'C:/rock/bannister/Bannister/obj/Debug/net8.0-android/android/bin/classes/androidx/viewpager2/R$id.class' -> 'goodrive://www.googleapis.com/:personal:/bannister/bannister/obj/Debug/net8.0-android/android/bin/classes/androidx/viewpager2/R$id.class' (3,414)
2026-09-22 05:38:09: Copy Over 'C:/rock/bannister/Bannister/obj/Debug/net8.0-android/android/bin/classes/androidx/viewpager2/R$layout.class' -> 'goodrive://www.googleapis.com/:personal:/bannister/bannister/obj/Debug/net8.0-android/android/bin/classes/androidx/viewpager2/R$layout.class' (652)
2026-09-22 05:38:10: Copy Over 'C:/rock/bannister/Bannister/obj/Debug/net8.0-android/android/bin/classes/androidx/viewpager2/R$integer.class' -> 'goodrive://www.googleapis.com/:personal:/bannister/bannister/obj/Debug/net8.0-android/android/bin/classes/androidx/viewpager2/R$integer.class' (351)
2026-09-22 05:38:12: Copy Over 'C:/rock/bannister/Bannister/obj/Debug/net8.0-android/android/bin/classes/androidx/viewpager2/R$string.class' -> 'goodrive://www.googleapis.com/:personal:/bannister/bannister/obj/Debug/net8.0-android/android/bin/classes/androidx/viewpager2/R$string.class' (351)
2026-09-22 05:38:12: Copy Over 'C:/rock/bannister/Bannister/obj/Debug/net8.0-android/android/bin/classes/androidx/viewpager2/R$style.class' -> 'goodrive://www.googleapis.com/:personal:/bannister/bannister/obj/Debug/net8.0-android/android/bin/classes/androidx/viewpager2/R$style.class' (725)
2026-09-22 05:38:13: Copy Over 'C:/rock/bannister/Bannister/obj/Debug/net8.0-android/android/bin/classes/androidx/viewpager2/R$styleable.class' -> 'goodrive://www.googleapis.com/:personal:/bannister/bannister/obj/Debug/net8.0-android/android/bin/classes/androidx/viewpager2/R$styleable.class' (3,528)
2026-09-22 05:38:15: Copy Over 'C:/rock/bannister/Bannister/obj/Debug/net8.0-android/android/bin/classes/androidx/viewpager2/R.class' -> 'goodrive://www.googleapis.com/:personal:/bannister/bannister/obj/Debug/net8.0-android/android/bin/classes/androidx/viewpager2/R.class' (723)
2026-09-22 05:38:16: Copy Over 'C:/rock/bannister/Bannister/obj/Debug/net8.0-android/android/bin/classes/androidx/viewpager/R$color.class' -> 'goodrive://www.googleapis.com/:personal:/bannister/bannister/obj/Debug/net8.0-android/android/bin/classes/androidx/viewpager/R$color.class' (498)
2026-09-22 05:38:16: Copy Over 'C:/rock/bannister/Bannister/obj/Debug/net8.0-android/android/bin/classes/androidx/viewpager/R$dimen.class' -> 'goodrive://www.googleapis.com/:personal:/bannister/bannister/obj/Debug/net8.0-android/android/bin/classes/androidx/viewpager/R$dimen.class' (1,547)
2026-09-22 05:38:19: Copy Over 'C:/rock/bannister/Bannister/obj/Debug/net8.0-android/android/bin/classes/androidx/viewpager/R$drawable.class' -> 'goodrive://www.googleapis.com/:personal:/bannister/bannister/obj/Debug/net8.0-android/android/bin/classes/androidx/viewpager/R$drawable.class' (892)
2026-09-22 05:38:19: Copy Over 'C:/rock/bannister/Bannister/obj/Debug/net8.0-android/android/bin/classes/androidx/viewpager/R$id.class' -> 'goodrive://www.googleapis.com/:personal:/bannister/bannister/obj/Debug/net8.0-android/android/bin/classes/androidx/viewpager/R$id.class' (1,280)
2026-09-22 05:38:20: Copy Over 'C:/rock/bannister/Bannister/obj/Debug/net8.0-android/android/bin/classes/androidx/viewpager/R$integer.class' -> 'goodrive://www.googleapis.com/:personal:/bannister/bannister/obj/Debug/net8.0-android/android/bin/classes/androidx/viewpager/R$integer.class' (349)
2026-09-22 05:38:22: Copy Over 'C:/rock/bannister/Bannister/obj/Debug/net8.0-android/android/bin/classes/androidx/viewpager/R$layout.class' -> 'goodrive://www.googleapis.com/:personal:/bannister/bannister/obj/Debug/net8.0-android/android/bin/classes/androidx/viewpager/R$layout.class' (613)
2026-09-22 05:38:22: Copy Over 'C:/rock/bannister/Bannister/obj/Debug/net8.0-android/android/bin/classes/androidx/viewpager/R$string.class' -> 'goodrive://www.googleapis.com/:personal:/bannister/bannister/obj/Debug/net8.0-android/android/bin/classes/androidx/viewpager/R$string.class' (349)
2026-09-22 05:38:23: Copy Over 'C:/rock/bannister/Bannister/obj/Debug/net8.0-android/android/bin/classes/androidx/viewpager/R$style.class' -> 'goodrive://www.googleapis.com/:personal:/bannister/bannister/obj/Debug/net8.0-android/android/bin/classes/androidx/viewpager/R$style.class' (723)
2026-09-22 05:38:25: Copy Over 'C:/rock/bannister/Bannister/obj/Debug/net8.0-android/android/bin/classes/androidx/viewpager/R.class' -> 'goodrive://www.googleapis.com/:personal:/bannister/bannister/obj/Debug/net8.0-android/android/bin/classes/androidx/viewpager/R.class' (712)
2026-09-22 05:38:25: Copy Over 'C:/rock/bannister/Bannister/obj/Debug/net8.0-android/android/bin/classes/androidx/viewpager/R$styleable.class' -> 'goodrive://www.googleapis.com/:personal:/bannister/bannister/obj/Debug/net8.0-android/android/bin/classes/androidx/viewpager/R$styleable.class' (2,615)
2026-09-22 05:38:27: Copy Over 'C:/rock/bannister/Bannister/obj/Debug/net8.0-android/android/bin/classes/crc640a1f4d108c17e3f1/ClipboardChangeListener.class' -> 'goodrive://www.googleapis.com/:personal:/bannister/bannister/obj/Debug/net8.0-android/android/bin/classes/crc640a1f4d108c17e3f1/ClipboardChangeListener.class' (1,711)
2026-09-22 05:38:29: Copy Over 'C:/rock/bannister/Bannister/obj/Debug/net8.0-android/android/bin/classes/androidx/window/R$attr.class' -> 'goodrive://www.googleapis.com/:personal:/bannister/bannister/obj/Debug/net8.0-android/android/bin/classes/androidx/window/R$attr.class' (1,181)
2026-09-22 05:38:29: Copy Over 'C:/rock/bannister/Bannister/obj/Debug/net8.0-android/android/bin/classes/androidx/window/extensions/core/R.class' -> 'goodrive://www.googleapis.com/:personal:/bannister/bannister/obj/Debug/net8.0-android/android/bin/classes/androidx/window/extensions/core/R.class' (208)
2026-09-22 05:38:30: Copy Over 'C:/rock/bannister/Bannister/obj/Debug/net8.0-android/android/bin/classes/androidx/window/R$id.class' -> 'goodrive://www.googleapis.com/:personal:/bannister/bannister/obj/Debug/net8.0-android/android/bin/classes/androidx/window/R$id.class' (646)
2026-09-22 05:38:32: Copy Over 'C:/rock/bannister/Bannister/obj/Debug/net8.0-android/android/bin/classes/androidx/window/R$styleable.class' -> 'goodrive://www.googleapis.com/:personal:/bannister/bannister/obj/Debug/net8.0-android/android/bin/classes/androidx/window/R$styleable.class' (2,587)
2026-09-22 05:38:33: Copy Over 'C:/rock/bannister/Bannister/obj/Debug/net8.0-android/android/bin/classes/androidx/window/R.class' -> 'goodrive://www.googleapis.com/:personal:/bannister/bannister/obj/Debug/net8.0-android/android/bin/classes/androidx/window/R.class' (350)
2026-09-22 05:38:34: Copy Over 'C:/rock/bannister/Bannister/obj/Debug/net8.0-android/android/bin/classes/crc640a8d9a12ddbf2cf2/BatteryBroadcastReceiver.class' -> 'goodrive://www.googleapis.com/:personal:/bannister/bannister/obj/Debug/net8.0-android/android/bin/classes/crc640a8d9a12ddbf2cf2/BatteryBroadcastReceiver.class' (1,535)
2026-09-22 05:38:35: Copy Over 'C:/rock/bannister/Bannister/obj/Debug/net8.0-android/android/bin/classes/crc640ec207abc449b2ca/ContainerView.class' -> 'goodrive://www.googleapis.com/:personal:/bannister/bannister/obj/Debug/net8.0-android/android/bin/classes/crc640ec207abc449b2ca/ContainerView.class' (2,662)
2026-09-22 05:38:37: Copy Over 'C:/rock/bannister/Bannister/obj/Debug/net8.0-android/android/bin/classes/crc640ec207abc449b2ca/CustomFrameLayout.class' -> 'goodrive://www.googleapis.com/:personal:/bannister/bannister/obj/Debug/net8.0-android/android/bin/classes/crc640ec207abc449b2ca/CustomFrameLayout.class' (2,688)
2026-09-22 05:38:37: Copy Over 'C:/rock/bannister/Bannister/obj/Debug/net8.0-android/android/bin/classes/crc640ec207abc449b2ca/RecyclerViewContainer.class' -> 'goodrive://www.googleapis.com/:personal:/bannister/bannister/obj/Debug/net8.0-android/android/bin/classes/crc640ec207abc449b2ca/RecyclerViewContainer.class' (2,053)
2026-09-22 05:38:40: Copy Over 'C:/rock/bannister/Bannister/obj/Debug/net8.0-android/android/bin/classes/crc640ec207abc449b2ca/ShellContentFragment.class' -> 'goodrive://www.googleapis.com/:personal:/bannister/bannister/obj/Debug/net8.0-android/android/bin/classes/crc640ec207abc449b2ca/ShellContentFragment.class' (3,624)
2026-09-22 05:38:40: Copy Over 'C:/rock/bannister/Bannister/obj/Debug/net8.0-android/android/bin/classes/crc640ec207abc449b2ca/ShellFlyoutLayout.class' -> 'goodrive://www.googleapis.com/:personal:/bannister/bannister/obj/Debug/net8.0-android/android/bin/classes/crc640ec207abc449b2ca/ShellFlyoutLayout.class' (2,203)
2026-09-22 05:38:41: Copy Over 'C:/rock/bannister/Bannister/obj/Debug/net8.0-android/android/bin/classes/crc640ec207abc449b2ca/ScrollLayoutManager.class' -> 'goodrive://www.googleapis.com/:personal:/bannister/bannister/obj/Debug/net8.0-android/android/bin/classes/crc640ec207abc449b2ca/ScrollLayoutManager.class' (2,350)
2026-09-22 05:38:43: Copy Over 'C:/rock/bannister/Bannister/obj/Debug/net8.0-android/android/bin/classes/crc640ec207abc449b2ca/ShellFlyoutRecyclerAdapter_ElementViewHolder.class' -> 'goodrive://www.googleapis.com/:personal:/bannister/bannister/obj/Debug/net8.0-android/android/bin/classes/crc640ec207abc449b2ca/ShellFlyoutRecyclerAdapter_ElementViewHolder.class' (1,537)
2026-09-22 05:38:43: Copy Over 'C:/rock/bannister/Bannister/obj/Debug/net8.0-android/android/bin/classes/crc640ec207abc449b2ca/ShellFlyoutRecyclerAdapter.class' -> 'goodrive://www.googleapis.com/:personal:/bannister/bannister/obj/Debug/net8.0-android/android/bin/classes/crc640ec207abc449b2ca/ShellFlyoutRecyclerAdapter.class' (2,757)
2026-09-22 05:38:44: Copy Over 'C:/rock/bannister/Bannister/obj/Debug/net8.0-android/android/bin/classes/crc640ec207abc449b2ca/ShellFlyoutRecyclerAdapter_ShellLinearLayout.class' -> 'goodrive://www.googleapis.com/:personal:/bannister/bannister/obj/Debug/net8.0-android/android/bin/classes/crc640ec207abc449b2ca/ShellFlyoutRecyclerAdapter_ShellLinearLayout.class' (2,466)
2026-09-22 05:38:46: Copy Over 'C:/rock/bannister/Bannister/obj/Debug/net8.0-android/android/bin/classes/crc640ec207abc449b2ca/ShellFlyoutTemplatedContentRenderer.class' -> 'goodrive://www.googleapis.com/:personal:/bannister/bannister/obj/Debug/net8.0-android/android/bin/classes/crc640ec207abc449b2ca/ShellFlyoutTemplatedContentRenderer.class' (1,876)
2026-09-22 05:38:46: Copy Over 'C:/rock/bannister/Bannister/obj/Debug/net8.0-android/android/bin/classes/crc640ec207abc449b2ca/ShellFlyoutRenderer.class' -> 'goodrive://www.googleapis.com/:personal:/bannister/bannister/obj/Debug/net8.0-android/android/bin/classes/crc640ec207abc449b2ca/ShellFlyoutRenderer.class' (2,572)
2026-09-22 05:38:48: Copy Over 'C:/rock/bannister/Bannister/obj/Debug/net8.0-android/android/bin/classes/crc640ec207abc449b2ca/ShellFlyoutTemplatedContentRenderer_HeaderContainer.class' -> 'goodrive://www.googleapis.com/:personal:/bannister/bannister/obj/Debug/net8.0-android/android/bin/classes/crc640ec207abc449b2ca/ShellFlyoutTemplatedContentRenderer_HeaderContainer.class' (2,789)
2026-09-22 05:38:50: Copy Over 'C:/rock/bannister/Bannister/obj/Debug/net8.0-android/android/bin/classes/crc640ec207abc449b2ca/ShellFragmentContainer.class' -> 'goodrive://www.googleapis.com/:personal:/bannister/bannister/obj/Debug/net8.0-android/android/bin/classes/crc640ec207abc449b2ca/ShellFragmentContainer.class' (2,162)
2026-09-22 05:38:50: Copy Over 'C:/rock/bannister/Bannister/obj/Debug/net8.0-android/android/bin/classes/crc640ec207abc449b2ca/ShellFragmentStateAdapter.class' -> 'goodrive://www.googleapis.com/:personal:/bannister/bannister/obj/Debug/net8.0-android/android/bin/classes/crc640ec207abc449b2ca/ShellFragmentStateAdapter.class' (2,752)
2026-09-22 05:38:51: Copy Over 'C:/rock/bannister/Bannister/obj/Debug/net8.0-android/android/bin/classes/crc640ec207abc449b2ca/ShellItemRenderer.class' -> 'goodrive://www.googleapis.com/:personal:/bannister/bannister/obj/Debug/net8.0-android/android/bin/classes/crc640ec207abc449b2ca/ShellItemRenderer.class' (2,599)
2026-09-22 05:38:53: Copy Over 'C:/rock/bannister/Bannister/obj/Debug/net8.0-android/android/bin/classes/crc640ec207abc449b2ca/ShellPageContainer.class' -> 'goodrive://www.googleapis.com/:personal:/bannister/bannister/obj/Debug/net8.0-android/android/bin/classes/crc640ec207abc449b2ca/ShellPageContainer.class' (2,677)
2026-09-22 05:38:53: Copy Over 'C:/rock/bannister/Bannister/obj/Debug/net8.0-android/android/bin/classes/crc640ec207abc449b2ca/ShellItemRendererBase.class' -> 'goodrive://www.googleapis.com/:personal:/bannister/bannister/obj/Debug/net8.0-android/android/bin/classes/crc640ec207abc449b2ca/ShellItemRendererBase.class' (1,619)
2026-09-22 05:38:55: Copy Over 'C:/rock/bannister/Bannister/obj/Debug/net8.0-android/android/bin/classes/crc640ec207abc449b2ca/ShellSearchView.class' -> 'goodrive://www.googleapis.com/:personal:/bannister/bannister/obj/Debug/net8.0-android/android/bin/classes/crc640ec207abc449b2ca/ShellSearchView.class' (4,454)
2026-09-22 05:38:56: Copy Over 'C:/rock/bannister/Bannister/obj/Debug/net8.0-android/android/bin/classes/crc640ec207abc449b2ca/ShellSearchViewAdapter.class' -> 'goodrive://www.googleapis.com/:personal:/bannister/bannister/obj/Debug/net8.0-android/android/bin/classes/crc640ec207abc449b2ca/ShellSearchViewAdapter.class' (2,282)
2026-09-22 05:38:56: Copy Over 'C:/rock/bannister/Bannister/obj/Debug/net8.0-android/android/bin/classes/crc640ec207abc449b2ca/ShellSearchView_ClipDrawableWrapper.class' -> 'goodrive://www.googleapis.com/:personal:/bannister/bannister/obj/Debug/net8.0-android/android/bin/classes/crc640ec207abc449b2ca/ShellSearchView_ClipDrawableWrapper.class' (1,666)
2026-09-22 05:38:58: Copy Over 'C:/rock/bannister/Bannister/obj/Debug/net8.0-android/android/bin/classes/crc640ec207abc449b2ca/ShellSearchViewAdapter_CustomFilter.class' -> 'goodrive://www.googleapis.com/:personal:/bannister/bannister/obj/Debug/net8.0-android/android/bin/classes/crc640ec207abc449b2ca/ShellSearchViewAdapter_CustomFilter.class' (2,238)
2026-09-22 05:38:59: Copy Over 'C:/rock/bannister/Bannister/obj/Debug/net8.0-android/android/bin/classes/crc640ec207abc449b2ca/ShellSearchViewAdapter_ObjectWrapper.class' -> 'goodrive://www.googleapis.com/:personal:/bannister/bannister/obj/Debug/net8.0-android/android/bin/classes/crc640ec207abc449b2ca/ShellSearchViewAdapter_ObjectWrapper.class' (1,430)
2026-09-22 05:39:00: Copy Over 'C:/rock/bannister/Bannister/obj/Debug/net8.0-android/android/bin/classes/crc640ec207abc449b2ca/ShellSectionRenderer.class' -> 'goodrive://www.googleapis.com/:personal:/bannister/bannister/obj/Debug/net8.0-android/android/bin/classes/crc640ec207abc449b2ca/ShellSectionRenderer.class' (3,126)
2026-09-22 05:39:02: Copy Over 'C:/rock/bannister/Bannister/obj/Debug/net8.0-android/android/bin/classes/crc640ec207abc449b2ca/ShellSectionRenderer_ViewPagerPageChanged.class' -> 'goodrive://www.googleapis.com/:personal:/bannister/bannister/obj/Debug/net8.0-android/android/bin/classes/crc640ec207abc449b2ca/ShellSectionRenderer_ViewPagerPageChanged.class' (1,902)
2026-09-22 05:39:02: Copy Over 'C:/rock/bannister/Bannister/obj/Debug/net8.0-android/android/bin/classes/crc640ec207abc449b2ca/ShellToolbarTracker.class' -> 'goodrive://www.googleapis.com/:personal:/bannister/bannister/obj/Debug/net8.0-android/android/bin/classes/crc640ec207abc449b2ca/ShellToolbarTracker.class' (1,629)
2026-09-22 05:39:03: Copy Over 'C:/rock/bannister/Bannister/obj/Debug/net8.0-android/android/bin/classes/crc640ec207abc449b2ca/ShellToolbarTracker_FlyoutIconDrawerDrawable.class' -> 'goodrive://www.googleapis.com/:personal:/bannister/bannister/obj/Debug/net8.0-android/android/bin/classes/crc640ec207abc449b2ca/ShellToolbarTracker_FlyoutIconDrawerDrawable.class' (1,657)
2026-09-22 05:39:05: Copy Over 'C:/rock/bannister/Bannister/obj/Debug/net8.0-android/android/bin/classes/crc640a8d9a12ddbf2cf2/DeviceDisplayImplementation_Listener.class' -> 'goodrive://www.googleapis.com/:personal:/bannister/bannister/obj/Debug/net8.0-android/android/bin/classes/crc640a8d9a12ddbf2cf2/DeviceDisplayImplementation_Listener.class' (1,891)
2026-09-22 05:39:06: Copy Over 'C:/rock/bannister/Bannister/obj/Debug/net8.0-android/android/bin/classes/crc640a8d9a12ddbf2cf2/EnergySaverBroadcastReceiver.class' -> 'goodrive://www.googleapis.com/:personal:/bannister/bannister/obj/Debug/net8.0-android/android/bin/classes/crc640a8d9a12ddbf2cf2/EnergySaverBroadcastReceiver.class' (1,547)
2026-09-22 05:39:06: Copy Over 'C:/rock/bannister/Bannister/obj/Debug/net8.0-android/android/bin/classes/crc640fd0ddb16fe433d4/TouchBehavior_AccessibilityListener.class' -> 'goodrive://www.googleapis.com/:personal:/bannister/bannister/obj/Debug/net8.0-android/android/bin/classes/crc640fd0ddb16fe433d4/TouchBehavior_AccessibilityListener.class' (2,341)
2026-09-22 05:39:08: Copy Over 'C:/rock/bannister/Bannister/obj/Debug/net8.0-android/android/bin/classes/crc64124e178812aeed4c/ButtonRenderer.class' -> 'goodrive://www.googleapis.com/:personal:/bannister/bannister/obj/Debug/net8.0-android/android/bin/classes/crc64124e178812aeed4c/ButtonRenderer.class' (4,672)
2026-09-22 05:39:09: Copy Over 'C:/rock/bannister/Bannister/obj/Debug/net8.0-android/android/bin/classes/crc64124e178812aeed4c/FrameRenderer.class' -> 'goodrive://www.googleapis.com/:personal:/bannister/bannister/obj/Debug/net8.0-android/android/bin/classes/crc64124e178812aeed4c/FrameRenderer.class' (2,787)
2026-09-22 05:39:10: Copy Over 'C:/rock/bannister/Bannister/obj/Debug/net8.0-android/android/bin/classes/crc64124e178812aeed4c/ImageRenderer.class' -> 'goodrive://www.googleapis.com/:personal:/bannister/bannister/obj/Debug/net8.0-android/android/bin/classes/crc64124e178812aeed4c/ImageRenderer.class' (3,100)
2026-09-22 05:39:11: Copy Over 'C:/rock/bannister/Bannister/obj/Debug/net8.0-android/android/bin/classes/crc64124e178812aeed4c/LabelRenderer.class' -> 'goodrive://www.googleapis.com/:personal:/bannister/bannister/obj/Debug/net8.0-android/android/bin/classes/crc64124e178812aeed4c/LabelRenderer.class' (2,432)
2026-09-22 05:39:13: Copy Over 'C:/rock/bannister/Bannister/obj/Debug/net8.0-android/android/bin/classes/crc6413a2ffd8f229512a/CarouselViewAdapter_2.class' -> 'goodrive://www.googleapis.com/:personal:/bannister/bannister/obj/Debug/net8.0-android/android/bin/classes/crc6413a2ffd8f229512a/CarouselViewAdapter_2.class' (1,928)
2026-09-22 05:39:14: Copy Over 'C:/rock/bannister/Bannister/obj/Debug/net8.0-android/android/bin/classes/crc64159f3caeb1269279/MauiDrawingView.class' -> 'goodrive://www.googleapis.com/:personal:/bannister/bannister/obj/Debug/net8.0-android/android/bin/classes/crc64159f3caeb1269279/MauiDrawingView.class' (2,609)
2026-09-22 05:39:14: Copy Over 'C:/rock/bannister/Bannister/obj/Debug/net8.0-android/android/bin/classes/crc64159f3caeb1269279/MauiPopup.class' -> 'goodrive://www.googleapis.com/:personal:/bannister/bannister/obj/Debug/net8.0-android/android/bin/classes/crc64159f3caeb1269279/MauiPopup.class' (2,633)
2026-09-22 05:39:17: Copy Over 'C:/rock/bannister/Bannister/obj/Debug/net8.0-android/android/bin/classes/crc6413a2ffd8f229512a/RecyclerViewScrollListener_2.class' -> 'goodrive://www.googleapis.com/:personal:/bannister/bannister/obj/Debug/net8.0-android/android/bin/classes/crc6413a2ffd8f229512a/RecyclerViewScrollListener_2.class' (1,721)
2026-09-22 05:39:17: Copy Over 'C:/rock/bannister/Bannister/obj/Debug/net8.0-android/android/bin/classes/crc64159f3caeb1269279/MauiSemanticOrderView.class' -> 'goodrive://www.googleapis.com/:personal:/bannister/bannister/obj/Debug/net8.0-android/android/bin/classes/crc64159f3caeb1269279/MauiSemanticOrderView.class' (2,549)
2026-09-22 05:39:17: Copy Over 'C:/rock/bannister/Bannister/obj/Debug/net8.0-android/android/bin/classes/crc64338477404e88479c/ColorChangeRevealDrawable.class' -> 'goodrive://www.googleapis.com/:personal:/bannister/bannister/obj/Debug/net8.0-android/android/bin/classes/crc64338477404e88479c/ColorChangeRevealDrawable.class' (1,463)
2026-09-22 05:39:20: Copy Over 'C:/rock/bannister/Bannister/obj/Debug/net8.0-android/android/bin/classes/crc64396a3fe5f8138e3f/KeepAliveService.class' -> 'goodrive://www.googleapis.com/:personal:/bannister/bannister/obj/Debug/net8.0-android/android/bin/classes/crc64396a3fe5f8138e3f/KeepAliveService.class' (1,447)
2026-09-22 05:39:20: Copy Over 'C:/rock/bannister/Bannister/obj/Debug/net8.0-android/android/bin/classes/crc64396a3fe5f8138e3f/CustomTabsServiceConnectionImpl.class' -> 'goodrive://www.googleapis.com/:personal:/bannister/bannister/obj/Debug/net8.0-android/android/bin/classes/crc64396a3fe5f8138e3f/CustomTabsServiceConnectionImpl.class' (2,018)
2026-09-22 05:39:21: Copy Over 'C:/rock/bannister/Bannister/obj/Debug/net8.0-android/android/bin/classes/crc64338477404e88479c/ControlsAccessibilityDelegate.class' -> 'goodrive://www.googleapis.com/:personal:/bannister/bannister/obj/Debug/net8.0-android/android/bin/classes/crc64338477404e88479c/ControlsAccessibilityDelegate.class' (2,397)
2026-09-22 05:39:23: Copy Over 'C:/rock/bannister/Bannister/obj/Debug/net8.0-android/android/bin/classes/crc64338477404e88479c/DragAndDropGestureHandler.class' -> 'goodrive://www.googleapis.com/:personal:/bannister/bannister/obj/Debug/net8.0-android/android/bin/classes/crc64338477404e88479c/DragAndDropGestureHandler.class' (1,695)
2026-09-22 05:39:23: Copy Over 'C:/rock/bannister/Bannister/obj/Debug/net8.0-android/android/bin/classes/crc64338477404e88479c/DragAndDropGestureHandler_CustomLocalStateData.class' -> 'goodrive://www.googleapis.com/:personal:/bannister/bannister/obj/Debug/net8.0-android/android/bin/classes/crc64338477404e88479c/DragAndDropGestureHandler_CustomLocalStateData.class' (1,281)
2026-09-22 05:39:24: Copy Over 'C:/rock/bannister/Bannister/obj/Debug/net8.0-android/android/bin/classes/crc64338477404e88479c/FragmentContainer.class' -> 'goodrive://www.googleapis.com/:personal:/bannister/bannister/obj/Debug/net8.0-android/android/bin/classes/crc64338477404e88479c/FragmentContainer.class' (2,113)
2026-09-22 05:39:26: Copy Over 'C:/rock/bannister/Bannister/obj/Debug/net8.0-android/android/bin/classes/crc64338477404e88479c/GenericAnimatorListener.class' -> 'goodrive://www.googleapis.com/:personal:/bannister/bannister/obj/Debug/net8.0-android/android/bin/classes/crc64338477404e88479c/GenericAnimatorListener.class' (2,065)
2026-09-22 05:39:27: Copy Over 'C:/rock/bannister/Bannister/obj/Debug/net8.0-android/android/bin/classes/crc64338477404e88479c/GenericGlobalLayoutListener.class' -> 'goodrive://www.googleapis.com/:personal:/bannister/bannister/obj/Debug/net8.0-android/android/bin/classes/crc64338477404e88479c/GenericGlobalLayoutListener.class' (1,659)
2026-09-22 05:39:27: Copy Over 'C:/rock/bannister/Bannister/obj/Debug/net8.0-android/android/bin/classes/crc64338477404e88479c/GenericMenuClickListener.class' -> 'goodrive://www.googleapis.com/:personal:/bannister/bannister/obj/Debug/net8.0-android/android/bin/classes/crc64338477404e88479c/GenericMenuClickListener.class' (1,705)
2026-09-22 05:39:30: Copy Over 'C:/rock/bannister/Bannister/obj/Debug/net8.0-android/android/bin/classes/crc64338477404e88479c/GradientStrokeDrawable.class' -> 'goodrive://www.googleapis.com/:personal:/bannister/bannister/obj/Debug/net8.0-android/android/bin/classes/crc64338477404e88479c/GradientStrokeDrawable.class' (1,882)
2026-09-22 05:39:30: Copy Over 'C:/rock/bannister/Bannister/obj/Debug/net8.0-android/android/bin/classes/crc64338477404e88479c/InnerGestureListener.class' -> 'goodrive://www.googleapis.com/:personal:/bannister/bannister/obj/Debug/net8.0-android/android/bin/classes/crc64338477404e88479c/InnerGestureListener.class' (4,498)
2026-09-22 05:39:31: Copy Over 'C:/rock/bannister/Bannister/obj/Debug/net8.0-android/android/bin/classes/crc64338477404e88479c/InnerScaleListener.class' -> 'goodrive://www.googleapis.com/:personal:/bannister/bannister/obj/Debug/net8.0-android/android/bin/classes/crc64338477404e88479c/InnerScaleListener.class' (2,051)
2026-09-22 05:39:34: Copy Over 'C:/rock/bannister/Bannister/obj/Debug/net8.0-android/android/bin/classes/crc64338477404e88479c/MauiViewPager.class' -> 'goodrive://www.googleapis.com/:personal:/bannister/bannister/obj/Debug/net8.0-android/android/bin/classes/crc64338477404e88479c/MauiViewPager.class' (2,078)
2026-09-22 05:39:34: Copy Over 'C:/rock/bannister/Bannister/obj/Debug/net8.0-android/android/bin/classes/crc64338477404e88479c/ModalNavigationManager_ModalContainer.class' -> 'goodrive://www.googleapis.com/:personal:/bannister/bannister/obj/Debug/net8.0-android/android/bin/classes/crc64338477404e88479c/ModalNavigationManager_ModalContainer.class' (3,275)
2026-09-22 05:39:34: Copy Over 'C:/rock/bannister/Bannister/obj/Debug/net8.0-android/android/bin/classes/crc64338477404e88479c/ModalNavigationManager_ModalContainer_ModalFragment.class' -> 'goodrive://www.googleapis.com/:personal:/bannister/bannister/obj/Debug/net8.0-android/android/bin/classes/crc64338477404e88479c/ModalNavigationManager_ModalContainer_ModalFragment.class' (1,965)
2026-09-22 05:39:37: Copy Over 'C:/rock/bannister/Bannister/obj/Debug/net8.0-android/android/bin/classes/crc64338477404e88479c/PointerGestureHandler.class' -> 'goodrive://www.googleapis.com/:personal:/bannister/bannister/obj/Debug/net8.0-android/android/bin/classes/crc64338477404e88479c/PointerGestureHandler.class' (1,696)
2026-09-22 05:39:37: Copy Over 'C:/rock/bannister/Bannister/obj/Debug/net8.0-android/android/bin/classes/crc64338477404e88479c/TapAndPanGestureDetector.class' -> 'goodrive://www.googleapis.com/:personal:/bannister/bannister/obj/Debug/net8.0-android/android/bin/classes/crc64338477404e88479c/TapAndPanGestureDetector.class' (3,212)
2026-09-22 05:39:37: Copy Over 'C:/rock/bannister/Bannister/obj/Debug/net8.0-android/android/bin/classes/crc64338477404e88479c/MultiPageFragmentStateAdapter_1.class' -> 'goodrive://www.googleapis.com/:personal:/bannister/bannister/obj/Debug/net8.0-android/android/bin/classes/crc64338477404e88479c/MultiPageFragmentStateAdapter_1.class' (2,756)
2026-09-22 05:39:41: Copy Over 'C:/rock/bannister/Bannister/obj/Debug/net8.0-android/android/bin/classes/crc64338477404e88479c/ToolbarExtensions_ToolbarTitleIconImageView.class' -> 'goodrive://www.googleapis.com/:personal:/bannister/bannister/obj/Debug/net8.0-android/android/bin/classes/crc64338477404e88479c/ToolbarExtensions_ToolbarTitleIconImageView.class' (2,108)
2026-09-22 05:39:41: Copy Over 'C:/rock/bannister/Bannister/obj/Debug/net8.0-android/android/bin/classes/crc6452ffdc5b34af3a0f/AccessibilityDelegateCompatWrapper.class' -> 'goodrive://www.googleapis.com/:personal:/bannister/bannister/obj/Debug/net8.0-android/android/bin/classes/crc6452ffdc5b34af3a0f/AccessibilityDelegateCompatWrapper.class' (5,319)
2026-09-22 05:39:41: Copy Over 'C:/rock/bannister/Bannister/obj/Debug/net8.0-android/android/bin/classes/crc643f2b18b2570eaa5a/PlatformGraphicsView.class' -> 'goodrive://www.googleapis.com/:personal:/bannister/bannister/obj/Debug/net8.0-android/android/bin/classes/crc643f2b18b2570eaa5a/PlatformGraphicsView.class' (2,727)
2026-09-22 05:39:44: Copy Over 'C:/rock/bannister/Bannister/obj/Debug/net8.0-android/android/bin/classes/crc6452ffdc5b34af3a0f/ContainerView.class' -> 'goodrive://www.googleapis.com/:personal:/bannister/bannister/obj/Debug/net8.0-android/android/bin/classes/crc6452ffdc5b34af3a0f/ContainerView.class' (2,341)
2026-09-22 05:39:44: Copy Over 'C:/rock/bannister/Bannister/obj/Debug/net8.0-android/android/bin/classes/crc6452ffdc5b34af3a0f/ContentViewGroup.class' -> 'goodrive://www.googleapis.com/:personal:/bannister/bannister/obj/Debug/net8.0-android/android/bin/classes/crc6452ffdc5b34af3a0f/ContentViewGroup.class' (2,850)
2026-09-22 05:39:44: Copy Over 'C:/rock/bannister/Bannister/obj/Debug/net8.0-android/android/bin/classes/crc6452ffdc5b34af3a0f/BorderDrawable.class' -> 'goodrive://www.googleapis.com/:personal:/bannister/bannister/obj/Debug/net8.0-android/android/bin/classes/crc6452ffdc5b34af3a0f/BorderDrawable.class' (2,268)
2026-09-22 05:39:47: Copy Over 'C:/rock/bannister/Bannister/obj/Debug/net8.0-android/android/bin/classes/crc6452ffdc5b34af3a0f/FragmentManagerExtensions_CallBacks.class' -> 'goodrive://www.googleapis.com/:personal:/bannister/bannister/obj/Debug/net8.0-android/android/bin/classes/crc6452ffdc5b34af3a0f/FragmentManagerExtensions_CallBacks.class' (2,102)
2026-09-22 05:39:47: Copy Over 'C:/rock/bannister/Bannister/obj/Debug/net8.0-android/android/bin/classes/crc6452ffdc5b34af3a0f/LocalizedDigitsKeyListener.class' -> 'goodrive://www.googleapis.com/:personal:/bannister/bannister/obj/Debug/net8.0-android/android/bin/classes/crc6452ffdc5b34af3a0f/LocalizedDigitsKeyListener.class' (2,202)
2026-09-22 05:39:48: Copy Over 'C:/rock/bannister/Bannister/obj/Debug/net8.0-android/android/bin/classes/crc6452ffdc5b34af3a0f/LayoutViewGroup.class' -> 'goodrive://www.googleapis.com/:personal:/bannister/bannister/obj/Debug/net8.0-android/android/bin/classes/crc6452ffdc5b34af3a0f/LayoutViewGroup.class' (2,857)
2026-09-22 05:39:51: Copy Over 'C:/rock/bannister/Bannister/obj/Debug/net8.0-android/android/bin/classes/crc6452ffdc5b34af3a0f/MauiAccessibilityDelegateCompat.class' -> 'goodrive://www.googleapis.com/:personal:/bannister/bannister/obj/Debug/net8.0-android/android/bin/classes/crc6452ffdc5b34af3a0f/MauiAccessibilityDelegateCompat.class' (2,385)
2026-09-22 05:39:51: Copy Over 'C:/rock/bannister/Bannister/obj/Debug/net8.0-android/android/bin/classes/crc6452ffdc5b34af3a0f/MauiAppCompatEditText.class' -> 'goodrive://www.googleapis.com/:personal:/bannister/bannister/obj/Debug/net8.0-android/android/bin/classes/crc6452ffdc5b34af3a0f/MauiAppCompatEditText.class' (2,201)
2026-09-22 05:39:51: Copy Over 'C:/rock/bannister/Bannister/obj/Debug/net8.0-android/android/bin/classes/crc6452ffdc5b34af3a0f/MauiBoxView.class' -> 'goodrive://www.googleapis.com/:personal:/bannister/bannister/obj/Debug/net8.0-android/android/bin/classes/crc6452ffdc5b34af3a0f/MauiBoxView.class' (2,350)
2026-09-22 05:39:54: Copy Over 'C:/rock/bannister/Bannister/obj/Debug/net8.0-android/android/bin/classes/crc6452ffdc5b34af3a0f/MauiDatePicker.class' -> 'goodrive://www.googleapis.com/:personal:/bannister/bannister/obj/Debug/net8.0-android/android/bin/classes/crc6452ffdc5b34af3a0f/MauiDatePicker.class' (2,411)
2026-09-22 05:39:54: Copy Over 'C:/rock/bannister/Bannister/obj/Debug/net8.0-android/android/bin/classes/crc6452ffdc5b34af3a0f/MauiHorizontalScrollView.class' -> 'goodrive://www.googleapis.com/:personal:/bannister/bannister/obj/Debug/net8.0-android/android/bin/classes/crc6452ffdc5b34af3a0f/MauiHorizontalScrollView.class' (3,616)
2026-09-22 05:39:55: Copy Over 'C:/rock/bannister/Bannister/obj/Debug/net8.0-android/android/bin/classes/crc6452ffdc5b34af3a0f/MauiLayerDrawable.class' -> 'goodrive://www.googleapis.com/:personal:/bannister/bannister/obj/Debug/net8.0-android/android/bin/classes/crc6452ffdc5b34af3a0f/MauiLayerDrawable.class' (1,377)
2026-09-22 05:39:58: Copy Over 'C:/rock/bannister/Bannister/obj/Debug/net8.0-android/android/bin/classes/crc6452ffdc5b34af3a0f/MauiMaterialButton_MauiResizableDrawable.class' -> 'goodrive://www.googleapis.com/:personal:/bannister/bannister/obj/Debug/net8.0-android/android/bin/classes/crc6452ffdc5b34af3a0f/MauiMaterialButton_MauiResizableDrawable.class' (1,446)
2026-09-22 05:39:58: Copy Over 'C:/rock/bannister/Bannister/obj/Debug/net8.0-android/android/bin/classes/crc6452ffdc5b34af3a0f/MauiPageControl.class' -> 'goodrive://www.googleapis.com/:personal:/bannister/bannister/obj/Debug/net8.0-android/android/bin/classes/crc6452ffdc5b34af3a0f/MauiPageControl.class' (2,347)
2026-09-22 05:39:58: Copy Over 'C:/rock/bannister/Bannister/obj/Debug/net8.0-android/android/bin/classes/crc6452ffdc5b34af3a0f/MauiMaterialButton.class' -> 'goodrive://www.googleapis.com/:personal:/bannister/bannister/obj/Debug/net8.0-android/android/bin/classes/crc6452ffdc5b34af3a0f/MauiMaterialButton.class' (2,621)
2026-09-22 05:40:01: Copy Over 'C:/rock/bannister/Bannister/obj/Debug/net8.0-android/android/bin/classes/crc6452ffdc5b34af3a0f/MauiPicker.class' -> 'goodrive://www.googleapis.com/:personal:/bannister/bannister/obj/Debug/net8.0-android/android/bin/classes/crc6452ffdc5b34af3a0f/MauiPicker.class' (2,436)
2026-09-22 05:40:01: Copy Over 'C:/rock/bannister/Bannister/obj/Debug/net8.0-android/android/bin/classes/crc6452ffdc5b34af3a0f/MauiPageControl_TEditClickListener.class' -> 'goodrive://www.googleapis.com/:personal:/bannister/bannister/obj/Debug/net8.0-android/android/bin/classes/crc6452ffdc5b34af3a0f/MauiPageControl_TEditClickListener.class' (1,642)
2026-09-22 05:40:01: Copy Over 'C:/rock/bannister/Bannister/obj/Debug/net8.0-android/android/bin/classes/crc6452ffdc5b34af3a0f/MauiPickerBase.class' -> 'goodrive://www.googleapis.com/:personal:/bannister/bannister/obj/Debug/net8.0-android/android/bin/classes/crc6452ffdc5b34af3a0f/MauiPickerBase.class' (2,002)
2026-09-22 05:40:05: Copy Over 'C:/rock/bannister/Bannister/obj/Debug/net8.0-android/android/bin/classes/crc6452ffdc5b34af3a0f/MauiScrollView.class' -> 'goodrive://www.googleapis.com/:personal:/bannister/bannister/obj/Debug/net8.0-android/android/bin/classes/crc6452ffdc5b34af3a0f/MauiScrollView.class' (3,242)
2026-09-22 05:40:05: Copy Over 'C:/rock/bannister/Bannister/obj/Debug/net8.0-android/android/bin/classes/crc6452ffdc5b34af3a0f/MauiShapeView.class' -> 'goodrive://www.googleapis.com/:personal:/bannister/bannister/obj/Debug/net8.0-android/android/bin/classes/crc6452ffdc5b34af3a0f/MauiShapeView.class' (2,356)
2026-09-22 05:40:05: Copy Over 'C:/rock/bannister/Bannister/obj/Debug/net8.0-android/android/bin/classes/crc6452ffdc5b34af3a0f/MauiSearchView.class' -> 'goodrive://www.googleapis.com/:personal:/bannister/bannister/obj/Debug/net8.0-android/android/bin/classes/crc6452ffdc5b34af3a0f/MauiSearchView.class' (1,995)
2026-09-22 05:40:08: Copy Over 'C:/rock/bannister/Bannister/obj/Debug/net8.0-android/android/bin/classes/crc6452ffdc5b34af3a0f/MauiStepper.class' -> 'goodrive://www.googleapis.com/:personal:/bannister/bannister/obj/Debug/net8.0-android/android/bin/classes/crc6452ffdc5b34af3a0f/MauiStepper.class' (2,335)
2026-09-22 05:40:08: Copy Over 'C:/rock/bannister/Bannister/obj/Debug/net8.0-android/android/bin/classes/crc6452ffdc5b34af3a0f/MauiSwipeView.class' -> 'goodrive://www.googleapis.com/:personal:/bannister/bannister/obj/Debug/net8.0-android/android/bin/classes/crc6452ffdc5b34af3a0f/MauiSwipeView.class' (3,174)
2026-09-22 05:40:08: Copy Over 'C:/rock/bannister/Bannister/obj/Debug/net8.0-android/android/bin/classes/crc6452ffdc5b34af3a0f/MauiSwipeRefreshLayout.class' -> 'goodrive://www.googleapis.com/:personal:/bannister/bannister/obj/Debug/net8.0-android/android/bin/classes/crc6452ffdc5b34af3a0f/MauiSwipeRefreshLayout.class' (1,816)
2026-09-22 05:40:12: Copy Over 'C:/rock/bannister/Bannister/obj/Debug/net8.0-android/android/bin/classes/crc6452ffdc5b34af3a0f/MauiTimePicker.class' -> 'goodrive://www.googleapis.com/:personal:/bannister/bannister/obj/Debug/net8.0-android/android/bin/classes/crc6452ffdc5b34af3a0f/MauiTimePicker.class' (2,411)
2026-09-22 05:40:12: Copy Over 'C:/rock/bannister/Bannister/obj/Debug/net8.0-android/android/bin/classes/crc6452ffdc5b34af3a0f/MauiTextView.class' -> 'goodrive://www.googleapis.com/:personal:/bannister/bannister/obj/Debug/net8.0-android/android/bin/classes/crc6452ffdc5b34af3a0f/MauiTextView.class' (1,515)
2026-09-22 05:40:12: Copy Over 'C:/rock/bannister/Bannister/obj/Debug/net8.0-android/android/bin/classes/crc6452ffdc5b34af3a0f/MauiWebChromeClient.class' -> 'goodrive://www.googleapis.com/:personal:/bannister/bannister/obj/Debug/net8.0-android/android/bin/classes/crc6452ffdc5b34af3a0f/MauiWebChromeClient.class' (1,806)
2026-09-22 05:40:15: Copy Over 'C:/rock/bannister/Bannister/obj/Debug/net8.0-android/android/bin/classes/crc6452ffdc5b34af3a0f/MauiWebView.class' -> 'goodrive://www.googleapis.com/:personal:/bannister/bannister/obj/Debug/net8.0-android/android/bin/classes/crc6452ffdc5b34af3a0f/MauiWebView.class' (2,748)
2026-09-22 05:40:15: Copy Over 'C:/rock/bannister/Bannister/obj/Debug/net8.0-android/android/bin/classes/crc6452ffdc5b34af3a0f/MauiWebViewClient.class' -> 'goodrive://www.googleapis.com/:personal:/bannister/bannister/obj/Debug/net8.0-android/android/bin/classes/crc6452ffdc5b34af3a0f/MauiWebViewClient.class' (2,658)
2026-09-22 05:40:15: Copy Over 'C:/rock/bannister/Bannister/obj/Debug/net8.0-android/android/bin/classes/crc6452ffdc5b34af3a0f/NavigationRootManager_ElementBasedFragment.class' -> 'goodrive://www.googleapis.com/:personal:/bannister/bannister/obj/Debug/net8.0-android/android/bin/classes/crc6452ffdc5b34af3a0f/NavigationRootManager_ElementBasedFragment.class' (1,795)
2026-09-22 05:40:18: Copy Over 'C:/rock/bannister/Bannister/obj/Debug/net8.0-android/android/bin/classes/crc6452ffdc5b34af3a0f/NavigationViewFragment.class' -> 'goodrive://www.googleapis.com/:personal:/bannister/bannister/obj/Debug/net8.0-android/android/bin/classes/crc6452ffdc5b34af3a0f/NavigationViewFragment.class' (2,350)
2026-09-22 05:40:18: Copy Over 'C:/rock/bannister/Bannister/obj/Debug/net8.0-android/android/bin/classes/crc6452ffdc5b34af3a0f/ScopedFragment.class' -> 'goodrive://www.googleapis.com/:personal:/bannister/bannister/obj/Debug/net8.0-android/android/bin/classes/crc6452ffdc5b34af3a0f/ScopedFragment.class' (2,195)
2026-09-22 05:40:18: Copy Over 'C:/rock/bannister/Bannister/obj/Debug/net8.0-android/android/bin/classes/crc6452ffdc5b34af3a0f/PlatformTouchGraphicsView.class' -> 'goodrive://www.googleapis.com/:personal:/bannister/bannister/obj/Debug/net8.0-android/android/bin/classes/crc6452ffdc5b34af3a0f/PlatformTouchGraphicsView.class' (2,954)
2026-09-22 05:40:22: Copy Over 'C:/rock/bannister/Bannister/obj/Debug/net8.0-android/android/bin/classes/crc6452ffdc5b34af3a0f/StackNavigationManager_Callbacks.class' -> 'goodrive://www.googleapis.com/:personal:/bannister/bannister/obj/Debug/net8.0-android/android/bin/classes/crc6452ffdc5b34af3a0f/StackNavigationManager_Callbacks.class' (5,643)
2026-09-22 05:40:22: Copy Over 'C:/rock/bannister/Bannister/obj/Debug/net8.0-android/android/bin/classes/crc6452ffdc5b34af3a0f/StepperHandlerHolder.class' -> 'goodrive://www.googleapis.com/:personal:/bannister/bannister/obj/Debug/net8.0-android/android/bin/classes/crc6452ffdc5b34af3a0f/StepperHandlerHolder.class' (1,185)
2026-09-22 05:40:22: Copy Over 'C:/rock/bannister/Bannister/obj/Debug/net8.0-android/android/bin/classes/crc6452ffdc5b34af3a0f/StepperHandlerManager_StepperListener.class' -> 'goodrive://www.googleapis.com/:personal:/bannister/bannister/obj/Debug/net8.0-android/android/bin/classes/crc6452ffdc5b34af3a0f/StepperHandlerManager_StepperListener.class' (1,651)
2026-09-22 05:40:25: Copy Over 'C:/rock/bannister/Bannister/obj/Debug/net8.0-android/android/bin/classes/crc6452ffdc5b34af3a0f/ViewFragment.class' -> 'goodrive://www.googleapis.com/:personal:/bannister/bannister/obj/Debug/net8.0-android/android/bin/classes/crc6452ffdc5b34af3a0f/ViewFragment.class' (2,017)
2026-09-22 05:40:25: Copy Over 'C:/rock/bannister/Bannister/obj/Debug/net8.0-android/android/bin/classes/crc6452ffdc5b34af3a0f/SwipeViewPager.class' -> 'goodrive://www.googleapis.com/:personal:/bannister/bannister/obj/Debug/net8.0-android/android/bin/classes/crc6452ffdc5b34af3a0f/SwipeViewPager.class' (2,063)
2026-09-22 05:40:25: Copy Over 'C:/rock/bannister/Bannister/obj/Debug/net8.0-android/android/bin/classes/crc6452ffdc5b34af3a0f/WebViewExtensions_JavascriptResult.class' -> 'goodrive://www.googleapis.com/:personal:/bannister/bannister/obj/Debug/net8.0-android/android/bin/classes/crc6452ffdc5b34af3a0f/WebViewExtensions_JavascriptResult.class' (1,560)
2026-09-22 05:40:29: Copy Over 'C:/rock/bannister/Bannister/obj/Debug/net8.0-android/android/bin/classes/crc645d80431ce5f73f11/CarouselSpacingItemDecoration.class' -> 'goodrive://www.googleapis.com/:personal:/bannister/bannister/obj/Debug/net8.0-android/android/bin/classes/crc645d80431ce5f73f11/CarouselSpacingItemDecoration.class' (2,029)
2026-09-22 05:40:29: Copy Over 'C:/rock/bannister/Bannister/obj/Debug/net8.0-android/android/bin/classes/crc6468b6408a11370c2f/WebAuthenticatorCallbackActivity.class' -> 'goodrive://www.googleapis.com/:personal:/bannister/bannister/obj/Debug/net8.0-android/android/bin/classes/crc6468b6408a11370c2f/WebAuthenticatorCallbackActivity.class' (1,458)
2026-09-22 05:40:29: Copy Over 'C:/rock/bannister/Bannister/obj/Debug/net8.0-android/android/bin/classes/crc6452ffdc5b34af3a0f/WrapperView.class' -> 'goodrive://www.googleapis.com/:personal:/bannister/bannister/obj/Debug/net8.0-android/android/bin/classes/crc6452ffdc5b34af3a0f/WrapperView.class' (2,740)
2026-09-22 05:40:32: Copy Over 'C:/rock/bannister/Bannister/obj/Debug/net8.0-android/android/bin/classes/crc6468b6408a11370c2f/WebAuthenticatorIntermediateActivity.class' -> 'goodrive://www.googleapis.com/:personal:/bannister/bannister/obj/Debug/net8.0-android/android/bin/classes/crc6468b6408a11370c2f/WebAuthenticatorIntermediateActivity.class' (2,015)
2026-09-22 05:40:32: Copy Over 'C:/rock/bannister/Bannister/obj/Debug/net8.0-android/android/bin/classes/crc645d80431ce5f73f11/CarouselViewAdapter_2.class' -> 'goodrive://www.googleapis.com/:personal:/bannister/bannister/obj/Debug/net8.0-android/android/bin/classes/crc645d80431ce5f73f11/CarouselViewAdapter_2.class' (2,041)
2026-09-22 05:40:32: Copy Over 'C:/rock/bannister/Bannister/obj/Debug/net8.0-android/android/bin/classes/crc645d80431ce5f73f11/CarouselViewOnScrollListener.class' -> 'goodrive://www.googleapis.com/:personal:/bannister/bannister/obj/Debug/net8.0-android/android/bin/classes/crc645d80431ce5f73f11/CarouselViewOnScrollListener.class' (1,883)
2026-09-22 05:40:36: Copy Over 'C:/rock/bannister/Bannister/obj/Debug/net8.0-android/android/bin/classes/crc645d80431ce5f73f11/DataChangeObserver.class' -> 'goodrive://www.googleapis.com/:personal:/bannister/bannister/obj/Debug/net8.0-android/android/bin/classes/crc645d80431ce5f73f11/DataChangeObserver.class' (2,388)
2026-09-22 05:40:36: Copy Over 'C:/rock/bannister/Bannister/obj/Debug/net8.0-android/android/bin/classes/crc645d80431ce5f73f11/EdgeSnapHelper.class' -> 'goodrive://www.googleapis.com/:personal:/bannister/bannister/obj/Debug/net8.0-android/android/bin/classes/crc645d80431ce5f73f11/EdgeSnapHelper.class' (1,238)
2026-09-22 05:40:36: Copy Over 'C:/rock/bannister/Bannister/obj/Debug/net8.0-android/android/bin/classes/crc645d80431ce5f73f11/CenterSnapHelper.class' -> 'goodrive://www.googleapis.com/:personal:/bannister/bannister/obj/Debug/net8.0-android/android/bin/classes/crc645d80431ce5f73f11/CenterSnapHelper.class' (1,755)
2026-09-22 05:40:39: Copy Over 'C:/rock/bannister/Bannister/obj/Debug/net8.0-android/android/bin/classes/crc645d80431ce5f73f11/EmptyViewAdapter.class' -> 'goodrive://www.googleapis.com/:personal:/bannister/bannister/obj/Debug/net8.0-android/android/bin/classes/crc645d80431ce5f73f11/EmptyViewAdapter.class' (2,719)
2026-09-22 05:40:39: Copy Over 'C:/rock/bannister/Bannister/obj/Debug/net8.0-android/android/bin/classes/crc645d80431ce5f73f11/EndSnapHelper.class' -> 'goodrive://www.googleapis.com/:personal:/bannister/bannister/obj/Debug/net8.0-android/android/bin/classes/crc645d80431ce5f73f11/EndSnapHelper.class' (2,179)
2026-09-22 05:40:39: Copy Over 'C:/rock/bannister/Bannister/obj/Debug/net8.0-android/android/bin/classes/crc645d80431ce5f73f11/EndSingleSnapHelper.class' -> 'goodrive://www.googleapis.com/:personal:/bannister/bannister/obj/Debug/net8.0-android/android/bin/classes/crc645d80431ce5f73f11/EndSingleSnapHelper.class' (1,849)
2026-09-22 05:40:42: Copy Over 'C:/rock/bannister/Bannister/obj/Debug/net8.0-android/android/bin/classes/crc645d80431ce5f73f11/GridLayoutSpanSizeLookup.class' -> 'goodrive://www.googleapis.com/:personal:/bannister/bannister/obj/Debug/net8.0-android/android/bin/classes/crc645d80431ce5f73f11/GridLayoutSpanSizeLookup.class' (1,536)
2026-09-22 05:40:43: Copy Over 'C:/rock/bannister/Bannister/obj/Debug/net8.0-android/android/bin/classes/crc645d80431ce5f73f11/GroupableItemsViewAdapter_2.class' -> 'goodrive://www.googleapis.com/:personal:/bannister/bannister/obj/Debug/net8.0-android/android/bin/classes/crc645d80431ce5f73f11/GroupableItemsViewAdapter_2.class' (2,277)
2026-09-22 05:40:43: Copy Over 'C:/rock/bannister/Bannister/obj/Debug/net8.0-android/android/bin/classes/crc645d80431ce5f73f11/ItemContentView.class' -> 'goodrive://www.googleapis.com/:personal:/bannister/bannister/obj/Debug/net8.0-android/android/bin/classes/crc645d80431ce5f73f11/ItemContentView.class' (2,660)
2026-09-22 05:40:46: Copy Over 'C:/rock/bannister/Bannister/obj/Debug/net8.0-android/android/bin/classes/crc645d80431ce5f73f11/ItemsViewAdapter_2.class' -> 'goodrive://www.googleapis.com/:personal:/bannister/bannister/obj/Debug/net8.0-android/android/bin/classes/crc645d80431ce5f73f11/ItemsViewAdapter_2.class' (2,859)
2026-09-22 05:40:46: Copy Over 'C:/rock/bannister/Bannister/obj/Debug/net8.0-android/android/bin/classes/crc645d80431ce5f73f11/MauiCarouselRecyclerView.class' -> 'goodrive://www.googleapis.com/:personal:/bannister/bannister/obj/Debug/net8.0-android/android/bin/classes/crc645d80431ce5f73f11/MauiCarouselRecyclerView.class' (2,975)
2026-09-22 05:40:46: Copy Over 'C:/rock/bannister/Bannister/obj/Debug/net8.0-android/android/bin/classes/crc645d80431ce5f73f11/MauiCarouselRecyclerView_CarouselViewOnGlobalLayoutListener.class' -> 'goodrive://www.googleapis.com/:personal:/bannister/bannister/obj/Debug/net8.0-android/android/bin/classes/crc645d80431ce5f73f11/MauiCarouselRecyclerView_CarouselViewOnGlobalLayoutListener.class' (2,062)
2026-09-22 05:40:49: Copy Over 'C:/rock/bannister/Bannister/obj/Debug/net8.0-android/android/bin/classes/crc645d80431ce5f73f11/NongreedySnapHelper.class' -> 'goodrive://www.googleapis.com/:personal:/bannister/bannister/obj/Debug/net8.0-android/android/bin/classes/crc645d80431ce5f73f11/NongreedySnapHelper.class' (1,571)
2026-09-22 05:40:50: Copy Over 'C:/rock/bannister/Bannister/obj/Debug/net8.0-android/android/bin/classes/crc645d80431ce5f73f11/NongreedySnapHelper_InitialScrollListener.class' -> 'goodrive://www.googleapis.com/:personal:/bannister/bannister/obj/Debug/net8.0-android/android/bin/classes/crc645d80431ce5f73f11/NongreedySnapHelper_InitialScrollListener.class' (2,001)
2026-09-22 05:40:50: Copy Over 'C:/rock/bannister/Bannister/obj/Debug/net8.0-android/android/bin/classes/crc645d80431ce5f73f11/MauiRecyclerView_3.class' -> 'goodrive://www.googleapis.com/:personal:/bannister/bannister/obj/Debug/net8.0-android/android/bin/classes/crc645d80431ce5f73f11/MauiRecyclerView_3.class' (2,188)
2026-09-22 05:40:53: Copy Over 'C:/rock/bannister/Bannister/obj/Debug/net8.0-android/android/bin/classes/crc645d80431ce5f73f11/PositionalSmoothScroller.class' -> 'goodrive://www.googleapis.com/:personal:/bannister/bannister/obj/Debug/net8.0-android/android/bin/classes/crc645d80431ce5f73f11/PositionalSmoothScroller.class' (1,960)
2026-09-22 05:40:53: Copy Over 'C:/rock/bannister/Bannister/obj/Debug/net8.0-android/android/bin/classes/crc645d80431ce5f73f11/RecyclerViewScrollListener_2.class' -> 'goodrive://www.googleapis.com/:personal:/bannister/bannister/obj/Debug/net8.0-android/android/bin/classes/crc645d80431ce5f73f11/RecyclerViewScrollListener_2.class' (1,676)
2026-09-22 05:40:53: Copy Over 'C:/rock/bannister/Bannister/obj/Debug/net8.0-android/android/bin/classes/crc645d80431ce5f73f11/ReorderableItemsViewAdapter_2.class' -> 'goodrive://www.googleapis.com/:personal:/bannister/bannister/obj/Debug/net8.0-android/android/bin/classes/crc645d80431ce5f73f11/ReorderableItemsViewAdapter_2.class' (1,291)
2026-09-22 05:40:56: Copy Over 'C:/rock/bannister/Bannister/obj/Debug/net8.0-android/android/bin/classes/crc645d80431ce5f73f11/SelectableViewHolder.class' -> 'goodrive://www.googleapis.com/:personal:/bannister/bannister/obj/Debug/net8.0-android/android/bin/classes/crc645d80431ce5f73f11/SelectableViewHolder.class' (1,795)
2026-09-22 05:40:56: Copy Over 'C:/rock/bannister/Bannister/obj/Debug/net8.0-android/android/bin/classes/crc645d80431ce5f73f11/SelectableItemsViewAdapter_2.class' -> 'goodrive://www.googleapis.com/:personal:/bannister/bannister/obj/Debug/net8.0-android/android/bin/classes/crc645d80431ce5f73f11/SelectableItemsViewAdapter_2.class' (2,090)
2026-09-22 05:40:56: Copy Over 'C:/rock/bannister/Bannister/obj/Debug/net8.0-android/android/bin/classes/crc645d80431ce5f73f11/ScrollHelper.class' -> 'goodrive://www.googleapis.com/:personal:/bannister/bannister/obj/Debug/net8.0-android/android/bin/classes/crc645d80431ce5f73f11/ScrollHelper.class' (1,856)
2026-09-22 05:41:00: Copy Over 'C:/rock/bannister/Bannister/obj/Debug/net8.0-android/android/bin/classes/crc645d80431ce5f73f11/SimpleItemTouchHelperCallback.class' -> 'goodrive://www.googleapis.com/:personal:/bannister/bannister/obj/Debug/net8.0-android/android/bin/classes/crc645d80431ce5f73f11/SimpleItemTouchHelperCallback.class' (3,022)
2026-09-22 05:41:00: Copy Over 'C:/rock/bannister/Bannister/obj/Debug/net8.0-android/android/bin/classes/crc645d80431ce5f73f11/SimpleViewHolder.class' -> 'goodrive://www.googleapis.com/:personal:/bannister/bannister/obj/Debug/net8.0-android/android/bin/classes/crc645d80431ce5f73f11/SimpleViewHolder.class' (1,445)
2026-09-22 05:41:00: Copy Over 'C:/rock/bannister/Bannister/obj/Debug/net8.0-android/android/bin/classes/crc645d80431ce5f73f11/SingleSnapHelper.class' -> 'goodrive://www.googleapis.com/:personal:/bannister/bannister/obj/Debug/net8.0-android/android/bin/classes/crc645d80431ce5f73f11/SingleSnapHelper.class' (2,120)
2026-09-22 05:41:03: Copy Over 'C:/rock/bannister/Bannister/obj/Debug/net8.0-android/android/bin/classes/crc645d80431ce5f73f11/SpacingItemDecoration.class' -> 'goodrive://www.googleapis.com/:personal:/bannister/bannister/obj/Debug/net8.0-android/android/bin/classes/crc645d80431ce5f73f11/SpacingItemDecoration.class' (2,005)
2026-09-22 05:41:03: Copy Over 'C:/rock/bannister/Bannister/obj/Debug/net8.0-android/android/bin/classes/crc645d80431ce5f73f11/SizedItemContentView.class' -> 'goodrive://www.googleapis.com/:personal:/bannister/bannister/obj/Debug/net8.0-android/android/bin/classes/crc645d80431ce5f73f11/SizedItemContentView.class' (2,538)
2026-09-22 05:41:04: Copy Over 'C:/rock/bannister/Bannister/obj/Debug/net8.0-android/android/bin/classes/crc645d80431ce5f73f11/StartSingleSnapHelper.class' -> 'goodrive://www.googleapis.com/:personal:/bannister/bannister/obj/Debug/net8.0-android/android/bin/classes/crc645d80431ce5f73f11/StartSingleSnapHelper.class' (1,855)
2026-09-22 05:41:06: Copy Over 'C:/rock/bannister/Bannister/obj/Debug/net8.0-android/android/bin/classes/crc645d80431ce5f73f11/StructuredItemsViewAdapter_2.class' -> 'goodrive://www.googleapis.com/:personal:/bannister/bannister/obj/Debug/net8.0-android/android/bin/classes/crc645d80431ce5f73f11/StructuredItemsViewAdapter_2.class' (2,270)
2026-09-22 05:41:07: Copy Over 'C:/rock/bannister/Bannister/obj/Debug/net8.0-android/android/bin/classes/crc645d80431ce5f73f11/StartSnapHelper.class' -> 'goodrive://www.googleapis.com/:personal:/bannister/bannister/obj/Debug/net8.0-android/android/bin/classes/crc645d80431ce5f73f11/StartSnapHelper.class' (2,185)
2026-09-22 05:41:07: Copy Over 'C:/rock/bannister/Bannister/obj/Debug/net8.0-android/android/bin/classes/crc645d80431ce5f73f11/TemplatedItemViewHolder.class' -> 'goodrive://www.googleapis.com/:personal:/bannister/bannister/obj/Debug/net8.0-android/android/bin/classes/crc645d80431ce5f73f11/TemplatedItemViewHolder.class' (1,365)
2026-09-22 05:41:10: Copy Over 'C:/rock/bannister/Bannister/obj/Debug/net8.0-android/android/bin/classes/crc645d80431ce5f73f11/TextViewHolder.class' -> 'goodrive://www.googleapis.com/:personal:/bannister/bannister/obj/Debug/net8.0-android/android/bin/classes/crc645d80431ce5f73f11/TextViewHolder.class' (1,338)
2026-09-22 05:41:10: Copy Over 'C:/rock/bannister/Bannister/obj/Debug/net8.0-android/android/bin/classes/crc6477f0d89a9cfd64b1/ActivityIndicatorRenderer.class' -> 'goodrive://www.googleapis.com/:personal:/bannister/bannister/obj/Debug/net8.0-android/android/bin/classes/crc6477f0d89a9cfd64b1/ActivityIndicatorRenderer.class' (2,082)
2026-09-22 05:41:10: Copy Over 'C:/rock/bannister/Bannister/obj/Debug/net8.0-android/android/bin/classes/crc6488302ad6e9e4df1a/ImageLoaderCallback.class' -> 'goodrive://www.googleapis.com/:personal:/bannister/bannister/obj/Debug/net8.0-android/android/bin/classes/crc6488302ad6e9e4df1a/ImageLoaderCallback.class' (1,226)
2026-09-22 05:41:13: Copy Over 'C:/rock/bannister/Bannister/obj/Debug/net8.0-android/android/bin/classes/crc6488302ad6e9e4df1a/ImageLoaderCallbackBase_1.class' -> 'goodrive://www.googleapis.com/:personal:/bannister/bannister/obj/Debug/net8.0-android/android/bin/classes/crc6488302ad6e9e4df1a/ImageLoaderCallbackBase_1.class' (1,668)
2026-09-22 05:41:13: Copy Over 'C:/rock/bannister/Bannister/obj/Debug/net8.0-android/android/bin/classes/crc6488302ad6e9e4df1a/ImageLoaderResultCallback.class' -> 'goodrive://www.googleapis.com/:personal:/bannister/bannister/obj/Debug/net8.0-android/android/bin/classes/crc6488302ad6e9e4df1a/ImageLoaderResultCallback.class' (1,244)
2026-09-22 05:41:13: Copy Over 'C:/rock/bannister/Bannister/obj/Debug/net8.0-android/android/bin/classes/crc6488302ad6e9e4df1a/MauiAppCompatActivity.class' -> 'goodrive://www.googleapis.com/:personal:/bannister/bannister/obj/Debug/net8.0-android/android/bin/classes/crc6488302ad6e9e4df1a/MauiAppCompatActivity.class' (3,730)
2026-09-22 05:41:17: Copy Over 'C:/rock/bannister/Bannister/obj/Debug/net8.0-android/android/bin/classes/crc6488302ad6e9e4df1a/MauiApplication.class' -> 'goodrive://www.googleapis.com/:personal:/bannister/bannister/obj/Debug/net8.0-android/android/bin/classes/crc6488302ad6e9e4df1a/MauiApplication.class' (1,567)
2026-09-22 05:41:17: Copy Over 'C:/rock/bannister/Bannister/obj/Debug/net8.0-android/android/bin/classes/crc6477f0d89a9cfd64b1/AHorizontalScrollView.class' -> 'goodrive://www.googleapis.com/:personal:/bannister/bannister/obj/Debug/net8.0-android/android/bin/classes/crc6477f0d89a9cfd64b1/AHorizontalScrollView.class' (3,661)
2026-09-22 05:41:17: Copy Over 'C:/rock/bannister/Bannister/obj/Debug/net8.0-android/android/bin/classes/crc6488302ad6e9e4df1a/MauiApplication_ActivityLifecycleCallbacks.class' -> 'goodrive://www.googleapis.com/:personal:/bannister/bannister/obj/Debug/net8.0-android/android/bin/classes/crc6488302ad6e9e4df1a/MauiApplication_ActivityLifecycleCallbacks.class' (8,927)
2026-09-22 05:41:20: Copy Over 'C:/rock/bannister/Bannister/obj/Debug/net8.0-android/android/bin/classes/crc6477f0d89a9cfd64b1/BorderDrawable.class' -> 'goodrive://www.googleapis.com/:personal:/bannister/bannister/obj/Debug/net8.0-android/android/bin/classes/crc6477f0d89a9cfd64b1/BorderDrawable.class' (2,259)
2026-09-22 05:41:20: Copy Over 'C:/rock/bannister/Bannister/obj/Debug/net8.0-android/android/bin/classes/crc6477f0d89a9cfd64b1/BoxRenderer.class' -> 'goodrive://www.googleapis.com/:personal:/bannister/bannister/obj/Debug/net8.0-android/android/bin/classes/crc6477f0d89a9cfd64b1/BoxRenderer.class' (2,270)
2026-09-22 05:41:20: Copy Over 'C:/rock/bannister/Bannister/obj/Debug/net8.0-android/android/bin/classes/crc6477f0d89a9cfd64b1/CarouselPageAdapter.class' -> 'goodrive://www.googleapis.com/:personal:/bannister/bannister/obj/Debug/net8.0-android/android/bin/classes/crc6477f0d89a9cfd64b1/CarouselPageAdapter.class' (3,383)
2026-09-22 05:41:23: Copy Over 'C:/rock/bannister/Bannister/obj/Debug/net8.0-android/android/bin/classes/crc6477f0d89a9cfd64b1/CarouselSpacingItemDecoration.class' -> 'goodrive://www.googleapis.com/:personal:/bannister/bannister/obj/Debug/net8.0-android/android/bin/classes/crc6477f0d89a9cfd64b1/CarouselSpacingItemDecoration.class' (2,059)
2026-09-22 05:41:24: Copy Over 'C:/rock/bannister/Bannister/obj/Debug/net8.0-android/android/bin/classes/crc6477f0d89a9cfd64b1/CarouselViewRenderer.class' -> 'goodrive://www.googleapis.com/:personal:/bannister/bannister/obj/Debug/net8.0-android/android/bin/classes/crc6477f0d89a9cfd64b1/CarouselViewRenderer.class' (2,518)
2026-09-22 05:41:24: Copy Over 'C:/rock/bannister/Bannister/obj/Debug/net8.0-android/android/bin/classes/crc6477f0d89a9cfd64b1/CarouselViewRenderer_CarouselViewOnScrollListener.class' -> 'goodrive://www.googleapis.com/:personal:/bannister/bannister/obj/Debug/net8.0-android/android/bin/classes/crc6477f0d89a9cfd64b1/CarouselViewRenderer_CarouselViewOnScrollListener.class' (1,976)
2026-09-22 05:41:27: Copy Over 'C:/rock/bannister/Bannister/obj/Debug/net8.0-android/android/bin/classes/crc6477f0d89a9cfd64b1/CellRenderer_RendererHolder.class' -> 'goodrive://www.googleapis.com/:personal:/bannister/bannister/obj/Debug/net8.0-android/android/bin/classes/crc6477f0d89a9cfd64b1/CellRenderer_RendererHolder.class' (1,260)
2026-09-22 05:41:27: Copy Over 'C:/rock/bannister/Bannister/obj/Debug/net8.0-android/android/bin/classes/crc6477f0d89a9cfd64b1/CenterSnapHelper.class' -> 'goodrive://www.googleapis.com/:personal:/bannister/bannister/obj/Debug/net8.0-android/android/bin/classes/crc6477f0d89a9cfd64b1/CenterSnapHelper.class' (1,785)
2026-09-22 05:41:27: Copy Over 'C:/rock/bannister/Bannister/obj/Debug/net8.0-android/android/bin/classes/crc6477f0d89a9cfd64b1/CarouselViewRenderer_CarouselViewwOnGlobalLayoutListener.class' -> 'goodrive://www.googleapis.com/:personal:/bannister/bannister/obj/Debug/net8.0-android/android/bin/classes/crc6477f0d89a9cfd64b1/CarouselViewRenderer_CarouselViewwOnGlobalLayoutListener.class' (1,782)
2026-09-22 05:41:30: Copy Over 'C:/rock/bannister/Bannister/obj/Debug/net8.0-android/android/bin/classes/crc6477f0d89a9cfd64b1/CheckBoxRenderer.class' -> 'goodrive://www.googleapis.com/:personal:/bannister/bannister/obj/Debug/net8.0-android/android/bin/classes/crc6477f0d89a9cfd64b1/CheckBoxRenderer.class' (2,061)
2026-09-22 05:41:30: Copy Over 'C:/rock/bannister/Bannister/obj/Debug/net8.0-android/android/bin/classes/crc6477f0d89a9cfd64b1/CheckBoxRendererBase.class' -> 'goodrive://www.googleapis.com/:personal:/bannister/bannister/obj/Debug/net8.0-android/android/bin/classes/crc6477f0d89a9cfd64b1/CheckBoxRendererBase.class' (3,050)
2026-09-22 05:41:31: Copy Over 'C:/rock/bannister/Bannister/obj/Debug/net8.0-android/android/bin/classes/crc6477f0d89a9cfd64b1/CircularProgress.class' -> 'goodrive://www.googleapis.com/:personal:/bannister/bannister/obj/Debug/net8.0-android/android/bin/classes/crc6477f0d89a9cfd64b1/CircularProgress.class' (2,732)
2026-09-22 05:41:34: Copy Over 'C:/rock/bannister/Bannister/obj/Debug/net8.0-android/android/bin/classes/crc6477f0d89a9cfd64b1/CollectionViewRenderer.class' -> 'goodrive://www.googleapis.com/:personal:/bannister/bannister/obj/Debug/net8.0-android/android/bin/classes/crc6477f0d89a9cfd64b1/CollectionViewRenderer.class' (2,087)
2026-09-22 05:41:34: Copy Over 'C:/rock/bannister/Bannister/obj/Debug/net8.0-android/android/bin/classes/crc6477f0d89a9cfd64b1/DatePickerRenderer.class' -> 'goodrive://www.googleapis.com/:personal:/bannister/bannister/obj/Debug/net8.0-android/android/bin/classes/crc6477f0d89a9cfd64b1/DatePickerRenderer.class' (2,071)
2026-09-22 05:41:34: Copy Over 'C:/rock/bannister/Bannister/obj/Debug/net8.0-android/android/bin/classes/crc6477f0d89a9cfd64b1/DataChangeObserver.class' -> 'goodrive://www.googleapis.com/:personal:/bannister/bannister/obj/Debug/net8.0-android/android/bin/classes/crc6477f0d89a9cfd64b1/DataChangeObserver.class' (2,418)
2026-09-22 05:41:37: Copy Over 'C:/rock/bannister/Bannister/obj/Debug/net8.0-android/android/bin/classes/crc6477f0d89a9cfd64b1/DragAndDropGestureHandler.class' -> 'goodrive://www.googleapis.com/:personal:/bannister/bannister/obj/Debug/net8.0-android/android/bin/classes/crc6477f0d89a9cfd64b1/DragAndDropGestureHandler.class' (1,731)
2026-09-22 05:41:37: Copy Over 'C:/rock/bannister/Bannister/obj/Debug/net8.0-android/android/bin/classes/crc6477f0d89a9cfd64b1/DatePickerRendererBase_1.class' -> 'goodrive://www.googleapis.com/:personal:/bannister/bannister/obj/Debug/net8.0-android/android/bin/classes/crc6477f0d89a9cfd64b1/DatePickerRendererBase_1.class' (2,079)
2026-09-22 05:41:38: Copy Over 'C:/rock/bannister/Bannister/obj/Debug/net8.0-android/android/bin/classes/crc6477f0d89a9cfd64b1/DragAndDropGestureHandler_CustomLocalStateData.class' -> 'goodrive://www.googleapis.com/:personal:/bannister/bannister/obj/Debug/net8.0-android/android/bin/classes/crc6477f0d89a9cfd64b1/DragAndDropGestureHandler_CustomLocalStateData.class' (1,317)
2026-09-22 05:41:41: Copy Over 'C:/rock/bannister/Bannister/obj/Debug/net8.0-android/android/bin/classes/crc6477f0d89a9cfd64b1/EdgeSnapHelper.class' -> 'goodrive://www.googleapis.com/:personal:/bannister/bannister/obj/Debug/net8.0-android/android/bin/classes/crc6477f0d89a9cfd64b1/EdgeSnapHelper.class' (1,268)
2026-09-22 05:41:41: Copy Over 'C:/rock/bannister/Bannister/obj/Debug/net8.0-android/android/bin/classes/crc6477f0d89a9cfd64b1/EditorRenderer.class' -> 'goodrive://www.googleapis.com/:personal:/bannister/bannister/obj/Debug/net8.0-android/android/bin/classes/crc6477f0d89a9cfd64b1/EditorRenderer.class' (2,218)
2026-09-22 05:41:41: Copy Over 'C:/rock/bannister/Bannister/obj/Debug/net8.0-android/android/bin/classes/crc6477f0d89a9cfd64b1/EditorRendererBase_1.class' -> 'goodrive://www.googleapis.com/:personal:/bannister/bannister/obj/Debug/net8.0-android/android/bin/classes/crc6477f0d89a9cfd64b1/EditorRendererBase_1.class' (3,123)
2026-09-22 05:41:44: Copy Over 'C:/rock/bannister/Bannister/obj/Debug/net8.0-android/android/bin/classes/crc6477f0d89a9cfd64b1/EllipseRenderer.class' -> 'goodrive://www.googleapis.com/:personal:/bannister/bannister/obj/Debug/net8.0-android/android/bin/classes/crc6477f0d89a9cfd64b1/EllipseRenderer.class' (2,053)
2026-09-22 05:41:44: Copy Over 'C:/rock/bannister/Bannister/obj/Debug/net8.0-android/android/bin/classes/crc6477f0d89a9cfd64b1/EllipseView.class' -> 'goodrive://www.googleapis.com/:personal:/bannister/bannister/obj/Debug/net8.0-android/android/bin/classes/crc6477f0d89a9cfd64b1/EllipseView.class' (2,393)
2026-09-22 05:41:44: Copy Over 'C:/rock/bannister/Bannister/obj/Debug/net8.0-android/android/bin/classes/crc6477f0d89a9cfd64b1/EmptyViewAdapter.class' -> 'goodrive://www.googleapis.com/:personal:/bannister/bannister/obj/Debug/net8.0-android/android/bin/classes/crc6477f0d89a9cfd64b1/EmptyViewAdapter.class' (2,749)
2026-09-22 05:41:47: Copy Over 'C:/rock/bannister/Bannister/obj/Debug/net8.0-android/android/bin/classes/crc6477f0d89a9cfd64b1/EndSingleSnapHelper.class' -> 'goodrive://www.googleapis.com/:personal:/bannister/bannister/obj/Debug/net8.0-android/android/bin/classes/crc6477f0d89a9cfd64b1/EndSingleSnapHelper.class' (1,879)
2026-09-22 05:41:47: Copy Over 'C:/rock/bannister/Bannister/obj/Debug/net8.0-android/android/bin/classes/crc6477f0d89a9cfd64b1/EndSnapHelper.class' -> 'goodrive://www.googleapis.com/:personal:/bannister/bannister/obj/Debug/net8.0-android/android/bin/classes/crc6477f0d89a9cfd64b1/EndSnapHelper.class' (2,209)
2026-09-22 05:41:48: Copy Over 'C:/rock/bannister/Bannister/obj/Debug/net8.0-android/android/bin/classes/crc6477f0d89a9cfd64b1/EntryAccessibilityDelegate.class' -> 'goodrive://www.googleapis.com/:personal:/bannister/bannister/obj/Debug/net8.0-android/android/bin/classes/crc6477f0d89a9cfd64b1/EntryAccessibilityDelegate.class' (1,825)
2026-09-22 05:41:50: Copy Over 'C:/rock/bannister/Bannister/obj/Debug/net8.0-android/android/bin/classes/crc6477f0d89a9cfd64b1/EntryRenderer.class' -> 'goodrive://www.googleapis.com/:personal:/bannister/bannister/obj/Debug/net8.0-android/android/bin/classes/crc6477f0d89a9cfd64b1/EntryRenderer.class' (2,051)
2026-09-22 05:41:51: Copy Over 'C:/rock/bannister/Bannister/obj/Debug/net8.0-android/android/bin/classes/crc6477f0d89a9cfd64b1/EntryRendererBase_1.class' -> 'goodrive://www.googleapis.com/:personal:/bannister/bannister/obj/Debug/net8.0-android/android/bin/classes/crc6477f0d89a9cfd64b1/EntryRendererBase_1.class' (3,683)
2026-09-22 05:41:51: Copy Over 'C:/rock/bannister/Bannister/obj/Debug/net8.0-android/android/bin/classes/crc6477f0d89a9cfd64b1/FlyoutPageContainer.class' -> 'goodrive://www.googleapis.com/:personal:/bannister/bannister/obj/Debug/net8.0-android/android/bin/classes/crc6477f0d89a9cfd64b1/FlyoutPageContainer.class' (2,980)
2026-09-22 05:41:53: Copy Over 'C:/rock/bannister/Bannister/obj/Debug/net8.0-android/android/bin/classes/crc6477f0d89a9cfd64b1/FlyoutPageRenderer.class' -> 'goodrive://www.googleapis.com/:personal:/bannister/bannister/obj/Debug/net8.0-android/android/bin/classes/crc6477f0d89a9cfd64b1/FlyoutPageRenderer.class' (3,841)
2026-09-22 05:41:55: Copy Over 'C:/rock/bannister/Bannister/obj/Debug/net8.0-android/android/bin/classes/crc6477f0d89a9cfd64b1/FormsAppCompatActivity.class' -> 'goodrive://www.googleapis.com/:personal:/bannister/bannister/obj/Debug/net8.0-android/android/bin/classes/crc6477f0d89a9cfd64b1/FormsAppCompatActivity.class' (3,586)
2026-09-22 05:41:55: Copy Over 'C:/rock/bannister/Bannister/obj/Debug/net8.0-android/android/bin/classes/crc6477f0d89a9cfd64b1/FormsAnimationDrawable.class' -> 'goodrive://www.googleapis.com/:personal:/bannister/bannister/obj/Debug/net8.0-android/android/bin/classes/crc6477f0d89a9cfd64b1/FormsAnimationDrawable.class' (1,801)
2026-09-22 05:41:57: Copy Over 'C:/rock/bannister/Bannister/obj/Debug/net8.0-android/android/bin/classes/crc6477f0d89a9cfd64b1/FormsEditText.class' -> 'goodrive://www.googleapis.com/:personal:/bannister/bannister/obj/Debug/net8.0-android/android/bin/classes/crc6477f0d89a9cfd64b1/FormsEditText.class' (2,439)
2026-09-22 05:41:58: Copy Over 'C:/rock/bannister/Bannister/obj/Debug/net8.0-android/android/bin/classes/crc6477f0d89a9cfd64b1/FormsEditTextBase.class' -> 'goodrive://www.googleapis.com/:personal:/bannister/bannister/obj/Debug/net8.0-android/android/bin/classes/crc6477f0d89a9cfd64b1/FormsEditTextBase.class' (2,281)
2026-09-22 05:41:58: Copy Over 'C:/rock/bannister/Bannister/obj/Debug/net8.0-android/android/bin/classes/crc6477f0d89a9cfd64b1/FormsImageView.class' -> 'goodrive://www.googleapis.com/:personal:/bannister/bannister/obj/Debug/net8.0-android/android/bin/classes/crc6477f0d89a9cfd64b1/FormsImageView.class' (2,526)
2026-09-22 05:42:00: Copy Over 'C:/rock/bannister/Bannister/obj/Debug/net8.0-android/android/bin/classes/crc6477f0d89a9cfd64b1/FormsSeekBar.class' -> 'goodrive://www.googleapis.com/:personal:/bannister/bannister/obj/Debug/net8.0-android/android/bin/classes/crc6477f0d89a9cfd64b1/FormsSeekBar.class' (2,879)
2026-09-22 05:42:02: Copy Over 'C:/rock/bannister/Bannister/obj/Debug/net8.0-android/android/bin/classes/crc6477f0d89a9cfd64b1/FormsTextView.class' -> 'goodrive://www.googleapis.com/:personal:/bannister/bannister/obj/Debug/net8.0-android/android/bin/classes/crc6477f0d89a9cfd64b1/FormsTextView.class' (2,053)
2026-09-22 05:42:02: Copy Over 'C:/rock/bannister/Bannister/obj/Debug/net8.0-android/android/bin/classes/crc6477f0d89a9cfd64b1/FormsVideoView.class' -> 'goodrive://www.googleapis.com/:personal:/bannister/bannister/obj/Debug/net8.0-android/android/bin/classes/crc6477f0d89a9cfd64b1/FormsVideoView.class' (3,000)
2026-09-22 05:42:04: Copy Over 'C:/rock/bannister/Bannister/obj/Debug/net8.0-android/android/bin/classes/crc6477f0d89a9cfd64b1/FormsWebChromeClient.class' -> 'goodrive://www.googleapis.com/:personal:/bannister/bannister/obj/Debug/net8.0-android/android/bin/classes/crc6477f0d89a9cfd64b1/FormsWebChromeClient.class' (1,863)
2026-09-22 05:42:05: Copy Over 'C:/rock/bannister/Bannister/obj/Debug/net8.0-android/android/bin/classes/crc6477f0d89a9cfd64b1/FormsWebViewClient.class' -> 'goodrive://www.googleapis.com/:personal:/bannister/bannister/obj/Debug/net8.0-android/android/bin/classes/crc6477f0d89a9cfd64b1/FormsWebViewClient.class' (3,589)
2026-09-22 05:42:05: Copy Over 'C:/rock/bannister/Bannister/obj/Debug/net8.0-android/android/bin/classes/crc6477f0d89a9cfd64b1/GridLayoutSpanSizeLookup.class' -> 'goodrive://www.googleapis.com/:personal:/bannister/bannister/obj/Debug/net8.0-android/android/bin/classes/crc6477f0d89a9cfd64b1/GridLayoutSpanSizeLookup.class' (1,566)
2026-09-22 05:42:07: Copy Over 'C:/rock/bannister/Bannister/obj/Debug/net8.0-android/android/bin/classes/crc6477f0d89a9cfd64b1/GroupableItemsViewAdapter_2.class' -> 'goodrive://www.googleapis.com/:personal:/bannister/bannister/obj/Debug/net8.0-android/android/bin/classes/crc6477f0d89a9cfd64b1/GroupableItemsViewAdapter_2.class' (2,307)
2026-09-22 05:42:08: Copy Over 'C:/rock/bannister/Bannister/obj/Debug/net8.0-android/android/bin/classes/crc6477f0d89a9cfd64b1/GroupableItemsViewRenderer_3.class' -> 'goodrive://www.googleapis.com/:personal:/bannister/bannister/obj/Debug/net8.0-android/android/bin/classes/crc6477f0d89a9cfd64b1/GroupableItemsViewRenderer_3.class' (2,106)
2026-09-22 05:42:08: Copy Over 'C:/rock/bannister/Bannister/obj/Debug/net8.0-android/android/bin/classes/crc6477f0d89a9cfd64b1/GroupedListViewAdapter.class' -> 'goodrive://www.googleapis.com/:personal:/bannister/bannister/obj/Debug/net8.0-android/android/bin/classes/crc6477f0d89a9cfd64b1/GroupedListViewAdapter.class' (2,386)
2026-09-22 05:42:11: Copy Over 'C:/rock/bannister/Bannister/obj/Debug/net8.0-android/android/bin/classes/crc6477f0d89a9cfd64b1/ImageButtonRenderer.class' -> 'goodrive://www.googleapis.com/:personal:/bannister/bannister/obj/Debug/net8.0-android/android/bin/classes/crc6477f0d89a9cfd64b1/ImageButtonRenderer.class' (4,024)
2026-09-22 05:42:11: Copy Over 'C:/rock/bannister/Bannister/obj/Debug/net8.0-android/android/bin/classes/crc6477f0d89a9cfd64b1/ImageCache_CacheEntry.class' -> 'goodrive://www.googleapis.com/:personal:/bannister/bannister/obj/Debug/net8.0-android/android/bin/classes/crc6477f0d89a9cfd64b1/ImageCache_CacheEntry.class' (1,242)
2026-09-22 05:42:11: Copy Over 'C:/rock/bannister/Bannister/obj/Debug/net8.0-android/android/bin/classes/crc6477f0d89a9cfd64b1/ImageCache_FormsLruCache.class' -> 'goodrive://www.googleapis.com/:personal:/bannister/bannister/obj/Debug/net8.0-android/android/bin/classes/crc6477f0d89a9cfd64b1/ImageCache_FormsLruCache.class' (1,637)
2026-09-22 05:42:14: Copy Over 'C:/rock/bannister/Bannister/obj/Debug/net8.0-android/android/bin/classes/crc6477f0d89a9cfd64b1/ImageRenderer.class' -> 'goodrive://www.googleapis.com/:personal:/bannister/bannister/obj/Debug/net8.0-android/android/bin/classes/crc6477f0d89a9cfd64b1/ImageRenderer.class' (2,267)
2026-09-22 05:42:14: Copy Over 'C:/rock/bannister/Bannister/obj/Debug/net8.0-android/android/bin/classes/crc6477f0d89a9cfd64b1/IndicatorViewRenderer.class' -> 'goodrive://www.googleapis.com/:personal:/bannister/bannister/obj/Debug/net8.0-android/android/bin/classes/crc6477f0d89a9cfd64b1/IndicatorViewRenderer.class' (2,419)
2026-09-22 05:42:15: Copy Over 'C:/rock/bannister/Bannister/obj/Debug/net8.0-android/android/bin/classes/crc6477f0d89a9cfd64b1/ItemContentView.class' -> 'goodrive://www.googleapis.com/:personal:/bannister/bannister/obj/Debug/net8.0-android/android/bin/classes/crc6477f0d89a9cfd64b1/ItemContentView.class' (2,690)
2026-09-22 05:42:18: Copy Over 'C:/rock/bannister/Bannister/obj/Debug/net8.0-android/android/bin/classes/crc6477f0d89a9cfd64b1/ItemsViewAdapter_2.class' -> 'goodrive://www.googleapis.com/:personal:/bannister/bannister/obj/Debug/net8.0-android/android/bin/classes/crc6477f0d89a9cfd64b1/ItemsViewAdapter_2.class' (2,755)
2026-09-22 05:42:18: Copy Over 'C:/rock/bannister/Bannister/obj/Debug/net8.0-android/android/bin/classes/crc6477f0d89a9cfd64b1/ItemsViewRenderer_3.class' -> 'goodrive://www.googleapis.com/:personal:/bannister/bannister/obj/Debug/net8.0-android/android/bin/classes/crc6477f0d89a9cfd64b1/ItemsViewRenderer_3.class' (2,221)
2026-09-22 05:42:19: Copy Over 'C:/rock/bannister/Bannister/obj/Debug/net8.0-android/android/bin/classes/crc6477f0d89a9cfd64b1/LabelRenderer.class' -> 'goodrive://www.googleapis.com/:personal:/bannister/bannister/obj/Debug/net8.0-android/android/bin/classes/crc6477f0d89a9cfd64b1/LabelRenderer.class' (2,419)
2026-09-22 05:42:21: Copy Over 'C:/rock/bannister/Bannister/obj/Debug/net8.0-android/android/bin/classes/crc6477f0d89a9cfd64b1/LineRenderer.class' -> 'goodrive://www.googleapis.com/:personal:/bannister/bannister/obj/Debug/net8.0-android/android/bin/classes/crc6477f0d89a9cfd64b1/LineRenderer.class' (2,044)
2026-09-22 05:42:21: Copy Over 'C:/rock/bannister/Bannister/obj/Debug/net8.0-android/android/bin/classes/crc6477f0d89a9cfd64b1/LineView.class' -> 'goodrive://www.googleapis.com/:personal:/bannister/bannister/obj/Debug/net8.0-android/android/bin/classes/crc6477f0d89a9cfd64b1/LineView.class' (2,384)
2026-09-22 05:42:23: Copy Over 'C:/rock/bannister/Bannister/obj/Debug/net8.0-android/android/bin/classes/crc6477f0d89a9cfd64b1/ListViewAdapter.class' -> 'goodrive://www.googleapis.com/:personal:/bannister/bannister/obj/Debug/net8.0-android/android/bin/classes/crc6477f0d89a9cfd64b1/ListViewAdapter.class' (2,928)
2026-09-22 05:42:24: Copy Over 'C:/rock/bannister/Bannister/obj/Debug/net8.0-android/android/bin/classes/crc6477f0d89a9cfd64b1/ListViewRenderer_Container.class' -> 'goodrive://www.googleapis.com/:personal:/bannister/bannister/obj/Debug/net8.0-android/android/bin/classes/crc6477f0d89a9cfd64b1/ListViewRenderer_Container.class' (2,723)
2026-09-22 05:42:24: Copy Over 'C:/rock/bannister/Bannister/obj/Debug/net8.0-android/android/bin/classes/crc6477f0d89a9cfd64b1/ListViewRenderer.class' -> 'goodrive://www.googleapis.com/:personal:/bannister/bannister/obj/Debug/net8.0-android/android/bin/classes/crc6477f0d89a9cfd64b1/ListViewRenderer.class' (2,974)
2026-09-22 05:42:26: Copy Over 'C:/rock/bannister/Bannister/obj/Debug/net8.0-android/android/bin/classes/crc6477f0d89a9cfd64b1/ListViewRenderer_ListViewScrollDetector.class' -> 'goodrive://www.googleapis.com/:personal:/bannister/bannister/obj/Debug/net8.0-android/android/bin/classes/crc6477f0d89a9cfd64b1/ListViewRenderer_ListViewScrollDetector.class' (2,479)
2026-09-22 05:42:28: Copy Over 'C:/rock/bannister/Bannister/obj/Debug/net8.0-android/android/bin/classes/crc6477f0d89a9cfd64b1/ListViewRenderer_SwipeRefreshLayoutWithFixedNestedScrolling.class' -> 'goodrive://www.googleapis.com/:personal:/bannister/bannister/obj/Debug/net8.0-android/android/bin/classes/crc6477f0d89a9cfd64b1/ListViewRenderer_SwipeRefreshLayoutWithFixedNestedScrolling.class' (2,845)
2026-09-22 05:42:29: Copy Over 'C:/rock/bannister/Bannister/obj/Debug/net8.0-android/android/bin/classes/crc6477f0d89a9cfd64b1/NativeViewWrapperRenderer.class' -> 'goodrive://www.googleapis.com/:personal:/bannister/bannister/obj/Debug/net8.0-android/android/bin/classes/crc6477f0d89a9cfd64b1/NativeViewWrapperRenderer.class' (2,376)
2026-09-22 05:42:29: Copy Over 'C:/rock/bannister/Bannister/obj/Debug/net8.0-android/android/bin/classes/crc6477f0d89a9cfd64b1/NongreedySnapHelper.class' -> 'goodrive://www.googleapis.com/:personal:/bannister/bannister/obj/Debug/net8.0-android/android/bin/classes/crc6477f0d89a9cfd64b1/NongreedySnapHelper.class' (1,601)
2026-09-22 05:42:31: Copy Over 'C:/rock/bannister/Bannister/obj/Debug/net8.0-android/android/bin/classes/crc6477f0d89a9cfd64b1/NongreedySnapHelper_InitialScrollListener.class' -> 'goodrive://www.googleapis.com/:personal:/bannister/bannister/obj/Debug/net8.0-android/android/bin/classes/crc6477f0d89a9cfd64b1/NongreedySnapHelper_InitialScrollListener.class' (2,061)
2026-09-22 05:42:32: Copy Over 'C:/rock/bannister/Bannister/obj/Debug/net8.0-android/android/bin/classes/crc6477f0d89a9cfd64b1/ObjectJavaBox_1.class' -> 'goodrive://www.googleapis.com/:personal:/bannister/bannister/obj/Debug/net8.0-android/android/bin/classes/crc6477f0d89a9cfd64b1/ObjectJavaBox_1.class' (1,224)
2026-09-22 05:42:32: Copy Over 'C:/rock/bannister/Bannister/obj/Debug/net8.0-android/android/bin/classes/crc6477f0d89a9cfd64b1/PageContainer.class' -> 'goodrive://www.googleapis.com/:personal:/bannister/bannister/obj/Debug/net8.0-android/android/bin/classes/crc6477f0d89a9cfd64b1/PageContainer.class' (2,684)
2026-09-22 05:42:35: Copy Over 'C:/rock/bannister/Bannister/obj/Debug/net8.0-android/android/bin/classes/crc6477f0d89a9cfd64b1/PageExtensions_EmbeddedFragment.class' -> 'goodrive://www.googleapis.com/:personal:/bannister/bannister/obj/Debug/net8.0-android/android/bin/classes/crc6477f0d89a9cfd64b1/PageExtensions_EmbeddedFragment.class' (1,941)
2026-09-22 05:42:35: Copy Over 'C:/rock/bannister/Bannister/obj/Debug/net8.0-android/android/bin/classes/crc6477f0d89a9cfd64b1/PageExtensions_EmbeddedSupportFragment.class' -> 'goodrive://www.googleapis.com/:personal:/bannister/bannister/obj/Debug/net8.0-android/android/bin/classes/crc6477f0d89a9cfd64b1/PageExtensions_EmbeddedSupportFragment.class' (1,962)
2026-09-22 05:42:35: Copy Over 'C:/rock/bannister/Bannister/obj/Debug/net8.0-android/android/bin/classes/crc6477f0d89a9cfd64b1/PageRenderer.class' -> 'goodrive://www.googleapis.com/:personal:/bannister/bannister/obj/Debug/net8.0-android/android/bin/classes/crc6477f0d89a9cfd64b1/PageRenderer.class' (2,759)
2026-09-22 05:42:38: Copy Over 'C:/rock/bannister/Bannister/obj/Debug/net8.0-android/android/bin/classes/crc6477f0d89a9cfd64b1/PathRenderer.class' -> 'goodrive://www.googleapis.com/:personal:/bannister/bannister/obj/Debug/net8.0-android/android/bin/classes/crc6477f0d89a9cfd64b1/PathRenderer.class' (2,044)
2026-09-22 05:42:38: Copy Over 'C:/rock/bannister/Bannister/obj/Debug/net8.0-android/android/bin/classes/crc6477f0d89a9cfd64b1/PathView.class' -> 'goodrive://www.googleapis.com/:personal:/bannister/bannister/obj/Debug/net8.0-android/android/bin/classes/crc6477f0d89a9cfd64b1/PathView.class' (2,384)
2026-09-22 05:42:39: Copy Over 'C:/rock/bannister/Bannister/obj/Debug/net8.0-android/android/bin/classes/crc6477f0d89a9cfd64b1/PickerEditText.class' -> 'goodrive://www.googleapis.com/:personal:/bannister/bannister/obj/Debug/net8.0-android/android/bin/classes/crc6477f0d89a9cfd64b1/PickerEditText.class' (2,505)
2026-09-22 05:42:41: Copy Over 'C:/rock/bannister/Bannister/obj/Debug/net8.0-android/android/bin/classes/crc6477f0d89a9cfd64b1/PickerManager_PickerListener.class' -> 'goodrive://www.googleapis.com/:personal:/bannister/bannister/obj/Debug/net8.0-android/android/bin/classes/crc6477f0d89a9cfd64b1/PickerManager_PickerListener.class' (1,678)
2026-09-22 05:42:41: Copy Over 'C:/rock/bannister/Bannister/obj/Debug/net8.0-android/android/bin/classes/crc6477f0d89a9cfd64b1/Platform_DefaultRenderer.class' -> 'goodrive://www.googleapis.com/:personal:/bannister/bannister/obj/Debug/net8.0-android/android/bin/classes/crc6477f0d89a9cfd64b1/Platform_DefaultRenderer.class' (3,061)
2026-09-22 05:42:42: Copy Over 'C:/rock/bannister/Bannister/obj/Debug/net8.0-android/android/bin/classes/crc6477f0d89a9cfd64b1/Platform_ModalContainer.class' -> 'goodrive://www.googleapis.com/:personal:/bannister/bannister/obj/Debug/net8.0-android/android/bin/classes/crc6477f0d89a9cfd64b1/Platform_ModalContainer.class' (2,572)
2026-09-22 05:42:44: Copy Over 'C:/rock/bannister/Bannister/obj/Debug/net8.0-android/android/bin/classes/crc6477f0d89a9cfd64b1/PolygonRenderer.class' -> 'goodrive://www.googleapis.com/:personal:/bannister/bannister/obj/Debug/net8.0-android/android/bin/classes/crc6477f0d89a9cfd64b1/PolygonRenderer.class' (2,053)
2026-09-22 05:42:44: Copy Over 'C:/rock/bannister/Bannister/obj/Debug/net8.0-android/android/bin/classes/crc6477f0d89a9cfd64b1/PlatformRenderer.class' -> 'goodrive://www.googleapis.com/:personal:/bannister/bannister/obj/Debug/net8.0-android/android/bin/classes/crc6477f0d89a9cfd64b1/PlatformRenderer.class' (2,938)
2026-09-22 05:42:46: Copy Over 'C:/rock/bannister/Bannister/obj/Debug/net8.0-android/android/bin/classes/crc6477f0d89a9cfd64b1/PolygonView.class' -> 'goodrive://www.googleapis.com/:personal:/bannister/bannister/obj/Debug/net8.0-android/android/bin/classes/crc6477f0d89a9cfd64b1/PolygonView.class' (2,393)
2026-09-22 05:42:47: Copy Over 'C:/rock/bannister/Bannister/obj/Debug/net8.0-android/android/bin/classes/crc6477f0d89a9cfd64b1/PolylineRenderer.class' -> 'goodrive://www.googleapis.com/:personal:/bannister/bannister/obj/Debug/net8.0-android/android/bin/classes/crc6477f0d89a9cfd64b1/PolylineRenderer.class' (2,056)
2026-09-22 05:42:48: Copy Over 'C:/rock/bannister/Bannister/obj/Debug/net8.0-android/android/bin/classes/crc6477f0d89a9cfd64b1/PolylineView.class' -> 'goodrive://www.googleapis.com/:personal:/bannister/bannister/obj/Debug/net8.0-android/android/bin/classes/crc6477f0d89a9cfd64b1/PolylineView.class' (2,396)
2026-09-22 05:42:49: Copy Over 'C:/rock/bannister/Bannister/obj/Debug/net8.0-android/android/bin/classes/crc6477f0d89a9cfd64b1/PositionalSmoothScroller.class' -> 'goodrive://www.googleapis.com/:personal:/bannister/bannister/obj/Debug/net8.0-android/android/bin/classes/crc6477f0d89a9cfd64b1/PositionalSmoothScroller.class' (1,990)
2026-09-22 05:42:50: Copy Over 'C:/rock/bannister/Bannister/obj/Debug/net8.0-android/android/bin/classes/crc6477f0d89a9cfd64b1/ProgressBarRenderer.class' -> 'goodrive://www.googleapis.com/:personal:/bannister/bannister/obj/Debug/net8.0-android/android/bin/classes/crc6477f0d89a9cfd64b1/ProgressBarRenderer.class' (2,064)
2026-09-22 05:42:51: Copy Over 'C:/rock/bannister/Bannister/obj/Debug/net8.0-android/android/bin/classes/crc6477f0d89a9cfd64b1/RadioButtonRenderer.class' -> 'goodrive://www.googleapis.com/:personal:/bannister/bannister/obj/Debug/net8.0-android/android/bin/classes/crc6477f0d89a9cfd64b1/RadioButtonRenderer.class' (3,271)
2026-09-22 05:42:53: Copy Over 'C:/rock/bannister/Bannister/obj/Debug/net8.0-android/android/bin/classes/crc6477f0d89a9cfd64b1/RectangleRenderer.class' -> 'goodrive://www.googleapis.com/:personal:/bannister/bannister/obj/Debug/net8.0-android/android/bin/classes/crc6477f0d89a9cfd64b1/RectangleRenderer.class' (2,059)
2026-09-22 05:42:54: Copy Over 'C:/rock/bannister/Bannister/obj/Debug/net8.0-android/android/bin/classes/crc6477f0d89a9cfd64b1/RectView.class' -> 'goodrive://www.googleapis.com/:personal:/bannister/bannister/obj/Debug/net8.0-android/android/bin/classes/crc6477f0d89a9cfd64b1/RectView.class' (2,384)
2026-09-22 05:42:55: Copy Over 'C:/rock/bannister/Bannister/obj/Debug/net8.0-android/android/bin/classes/crc6477f0d89a9cfd64b1/RefreshViewRenderer.class' -> 'goodrive://www.googleapis.com/:personal:/bannister/bannister/obj/Debug/net8.0-android/android/bin/classes/crc6477f0d89a9cfd64b1/RefreshViewRenderer.class' (2,676)
2026-09-22 05:42:56: Copy Over 'C:/rock/bannister/Bannister/obj/Debug/net8.0-android/android/bin/classes/crc6477f0d89a9cfd64b1/ScrollHelper.class' -> 'goodrive://www.googleapis.com/:personal:/bannister/bannister/obj/Debug/net8.0-android/android/bin/classes/crc6477f0d89a9cfd64b1/ScrollHelper.class' (1,886)
2026-09-22 05:42:57: Copy Over 'C:/rock/bannister/Bannister/obj/Debug/net8.0-android/android/bin/classes/crc6477f0d89a9cfd64b1/ScrollViewContainer.class' -> 'goodrive://www.googleapis.com/:personal:/bannister/bannister/obj/Debug/net8.0-android/android/bin/classes/crc6477f0d89a9cfd64b1/ScrollViewContainer.class' (2,702)
2026-09-22 05:42:59: Copy Over 'C:/rock/bannister/Bannister/obj/Debug/net8.0-android/android/bin/classes/crc6477f0d89a9cfd64b1/ScrollViewRenderer.class' -> 'goodrive://www.googleapis.com/:personal:/bannister/bannister/obj/Debug/net8.0-android/android/bin/classes/crc6477f0d89a9cfd64b1/ScrollViewRenderer.class' (3,359)
2026-09-22 05:43:00: Copy Over 'C:/rock/bannister/Bannister/obj/Debug/net8.0-android/android/bin/classes/crc6477f0d89a9cfd64b1/SearchBarRenderer.class' -> 'goodrive://www.googleapis.com/:personal:/bannister/bannister/obj/Debug/net8.0-android/android/bin/classes/crc6477f0d89a9cfd64b1/SearchBarRenderer.class' (2,813)
2026-09-22 05:43:00: Copy Over 'C:/rock/bannister/Bannister/obj/Debug/net8.0-android/android/bin/classes/crc6477f0d89a9cfd64b1/SelectableItemsViewAdapter_2.class' -> 'goodrive://www.googleapis.com/:personal:/bannister/bannister/obj/Debug/net8.0-android/android/bin/classes/crc6477f0d89a9cfd64b1/SelectableItemsViewAdapter_2.class' (2,120)
2026-09-22 05:43:02: Copy Over 'C:/rock/bannister/Bannister/obj/Debug/net8.0-android/android/bin/classes/crc6477f0d89a9cfd64b1/SelectableItemsViewRenderer_3.class' -> 'goodrive://www.googleapis.com/:personal:/bannister/bannister/obj/Debug/net8.0-android/android/bin/classes/crc6477f0d89a9cfd64b1/SelectableItemsViewRenderer_3.class' (2,109)
2026-09-22 05:43:03: Copy Over 'C:/rock/bannister/Bannister/obj/Debug/net8.0-android/android/bin/classes/crc6477f0d89a9cfd64b1/SelectableViewHolder.class' -> 'goodrive://www.googleapis.com/:personal:/bannister/bannister/obj/Debug/net8.0-android/android/bin/classes/crc6477f0d89a9cfd64b1/SelectableViewHolder.class' (1,825)
2026-09-22 05:43:04: Copy Over 'C:/rock/bannister/Bannister/obj/Debug/net8.0-android/android/bin/classes/crc6477f0d89a9cfd64b1/ShapeRenderer_2.class' -> 'goodrive://www.googleapis.com/:personal:/bannister/bannister/obj/Debug/net8.0-android/android/bin/classes/crc6477f0d89a9cfd64b1/ShapeRenderer_2.class' (2,052)
2026-09-22 05:43:05: Copy Over 'C:/rock/bannister/Bannister/obj/Debug/net8.0-android/android/bin/classes/crc6477f0d89a9cfd64b1/ShapeView.class' -> 'goodrive://www.googleapis.com/:personal:/bannister/bannister/obj/Debug/net8.0-android/android/bin/classes/crc6477f0d89a9cfd64b1/ShapeView.class' (2,571)
2026-09-22 05:43:07: Copy Over 'C:/rock/bannister/Bannister/obj/Debug/net8.0-android/android/bin/classes/crc6477f0d89a9cfd64b1/SimpleViewHolder.class' -> 'goodrive://www.googleapis.com/:personal:/bannister/bannister/obj/Debug/net8.0-android/android/bin/classes/crc6477f0d89a9cfd64b1/SimpleViewHolder.class' (1,475)
2026-09-22 05:43:07: Copy Over 'C:/rock/bannister/Bannister/obj/Debug/net8.0-android/android/bin/classes/crc6477f0d89a9cfd64b1/SingleSnapHelper.class' -> 'goodrive://www.googleapis.com/:personal:/bannister/bannister/obj/Debug/net8.0-android/android/bin/classes/crc6477f0d89a9cfd64b1/SingleSnapHelper.class' (2,150)
2026-09-22 05:43:08: Copy Over 'C:/rock/bannister/Bannister/obj/Debug/net8.0-android/android/bin/classes/crc6477f0d89a9cfd64b1/SizedItemContentView.class' -> 'goodrive://www.googleapis.com/:personal:/bannister/bannister/obj/Debug/net8.0-android/android/bin/classes/crc6477f0d89a9cfd64b1/SizedItemContentView.class' (2,568)
2026-09-22 05:43:10: Copy Over 'C:/rock/bannister/Bannister/obj/Debug/net8.0-android/android/bin/classes/crc6477f0d89a9cfd64b1/SliderRenderer.class' -> 'goodrive://www.googleapis.com/:personal:/bannister/bannister/obj/Debug/net8.0-android/android/bin/classes/crc6477f0d89a9cfd64b1/SliderRenderer.class' (3,427)
2026-09-22 05:43:11: Copy Over 'C:/rock/bannister/Bannister/obj/Debug/net8.0-android/android/bin/classes/crc6477f0d89a9cfd64b1/SpacingItemDecoration.class' -> 'goodrive://www.googleapis.com/:personal:/bannister/bannister/obj/Debug/net8.0-android/android/bin/classes/crc6477f0d89a9cfd64b1/SpacingItemDecoration.class' (2,035)
2026-09-22 05:43:11: Copy Over 'C:/rock/bannister/Bannister/obj/Debug/net8.0-android/android/bin/classes/crc6477f0d89a9cfd64b1/StartSingleSnapHelper.class' -> 'goodrive://www.googleapis.com/:personal:/bannister/bannister/obj/Debug/net8.0-android/android/bin/classes/crc6477f0d89a9cfd64b1/StartSingleSnapHelper.class' (1,885)
2026-09-22 05:43:14: Copy Over 'C:/rock/bannister/Bannister/obj/Debug/net8.0-android/android/bin/classes/crc6477f0d89a9cfd64b1/StartSnapHelper.class' -> 'goodrive://www.googleapis.com/:personal:/bannister/bannister/obj/Debug/net8.0-android/android/bin/classes/crc6477f0d89a9cfd64b1/StartSnapHelper.class' (2,215)
2026-09-22 05:43:14: Copy Over 'C:/rock/bannister/Bannister/obj/Debug/net8.0-android/android/bin/classes/crc6477f0d89a9cfd64b1/StepperRenderer.class' -> 'goodrive://www.googleapis.com/:personal:/bannister/bannister/obj/Debug/net8.0-android/android/bin/classes/crc6477f0d89a9cfd64b1/StepperRenderer.class' (2,052)
2026-09-22 05:43:14: Copy Over 'C:/rock/bannister/Bannister/obj/Debug/net8.0-android/android/bin/classes/crc6477f0d89a9cfd64b1/StepperRendererManager_StepperListener.class' -> 'goodrive://www.googleapis.com/:personal:/bannister/bannister/obj/Debug/net8.0-android/android/bin/classes/crc6477f0d89a9cfd64b1/StepperRendererManager_StepperListener.class' (1,708)
2026-09-22 05:43:17: Copy Over 'C:/rock/bannister/Bannister/obj/Debug/net8.0-android/android/bin/classes/crc6477f0d89a9cfd64b1/StructuredItemsViewAdapter_2.class' -> 'goodrive://www.googleapis.com/:personal:/bannister/bannister/obj/Debug/net8.0-android/android/bin/classes/crc6477f0d89a9cfd64b1/StructuredItemsViewAdapter_2.class' (2,300)
2026-09-22 05:43:17: Copy Over 'C:/rock/bannister/Bannister/obj/Debug/net8.0-android/android/bin/classes/crc6477f0d89a9cfd64b1/StructuredItemsViewRenderer_3.class' -> 'goodrive://www.googleapis.com/:personal:/bannister/bannister/obj/Debug/net8.0-android/android/bin/classes/crc6477f0d89a9cfd64b1/StructuredItemsViewRenderer_3.class' (2,099)
2026-09-22 05:43:18: Copy Over 'C:/rock/bannister/Bannister/obj/Debug/net8.0-android/android/bin/classes/crc6477f0d89a9cfd64b1/SwipeViewRenderer.class' -> 'goodrive://www.googleapis.com/:personal:/bannister/bannister/obj/Debug/net8.0-android/android/bin/classes/crc6477f0d89a9cfd64b1/SwipeViewRenderer.class' (2,880)
2026-09-22 05:43:21: Copy Over 'C:/rock/bannister/Bannister/obj/Debug/net8.0-android/android/bin/classes/crc6477f0d89a9cfd64b1/TemplatedItemViewHolder.class' -> 'goodrive://www.googleapis.com/:personal:/bannister/bannister/obj/Debug/net8.0-android/android/bin/classes/crc6477f0d89a9cfd64b1/TemplatedItemViewHolder.class' (1,395)
2026-09-22 05:43:21: Copy Over 'C:/rock/bannister/Bannister/obj/Debug/net8.0-android/android/bin/classes/crc6477f0d89a9cfd64b1/TableViewModelRenderer.class' -> 'goodrive://www.googleapis.com/:personal:/bannister/bannister/obj/Debug/net8.0-android/android/bin/classes/crc6477f0d89a9cfd64b1/TableViewModelRenderer.class' (2,656)
2026-09-22 05:43:21: Copy Over 'C:/rock/bannister/Bannister/obj/Debug/net8.0-android/android/bin/classes/crc6477f0d89a9cfd64b1/TableViewRenderer.class' -> 'goodrive://www.googleapis.com/:personal:/bannister/bannister/obj/Debug/net8.0-android/android/bin/classes/crc6477f0d89a9cfd64b1/TableViewRenderer.class' (2,221)
2026-09-22 05:43:24: Copy Over 'C:/rock/bannister/Bannister/obj/Debug/net8.0-android/android/bin/classes/crc6477f0d89a9cfd64b1/TextCellRenderer_TextCellView.class' -> 'goodrive://www.googleapis.com/:personal:/bannister/bannister/obj/Debug/net8.0-android/android/bin/classes/crc6477f0d89a9cfd64b1/TextCellRenderer_TextCellView.class' (2,450)
2026-09-22 05:43:24: Copy Over 'C:/rock/bannister/Bannister/obj/Debug/net8.0-android/android/bin/classes/crc6477f0d89a9cfd64b1/TextViewHolder.class' -> 'goodrive://www.googleapis.com/:personal:/bannister/bannister/obj/Debug/net8.0-android/android/bin/classes/crc6477f0d89a9cfd64b1/TextViewHolder.class' (1,368)
2026-09-22 05:43:24: Copy Over 'C:/rock/bannister/Bannister/obj/Debug/net8.0-android/android/bin/classes/crc6477f0d89a9cfd64b1/TimePickerRenderer.class' -> 'goodrive://www.googleapis.com/:personal:/bannister/bannister/obj/Debug/net8.0-android/android/bin/classes/crc6477f0d89a9cfd64b1/TimePickerRenderer.class' (2,071)
2026-09-22 05:43:28: Copy Over 'C:/rock/bannister/Bannister/obj/Debug/net8.0-android/android/bin/classes/crc6477f0d89a9cfd64b1/TimePickerRendererBase_1.class' -> 'goodrive://www.googleapis.com/:personal:/bannister/bannister/obj/Debug/net8.0-android/android/bin/classes/crc6477f0d89a9cfd64b1/TimePickerRendererBase_1.class' (2,566)
2026-09-22 05:43:28: Copy Over 'C:/rock/bannister/Bannister/obj/Debug/net8.0-android/android/bin/classes/crc6477f0d89a9cfd64b1/ViewCellRenderer_ViewCellContainer_LongPressGestureListener.class' -> 'goodrive://www.googleapis.com/:personal:/bannister/bannister/obj/Debug/net8.0-android/android/bin/classes/crc6477f0d89a9cfd64b1/ViewCellRenderer_ViewCellContainer_LongPressGestureListener.class' (3,573)
2026-09-22 05:43:28: Copy Over 'C:/rock/bannister/Bannister/obj/Debug/net8.0-android/android/bin/classes/crc6477f0d89a9cfd64b1/ViewCellRenderer_ViewCellContainer.class' -> 'goodrive://www.googleapis.com/:personal:/bannister/bannister/obj/Debug/net8.0-android/android/bin/classes/crc6477f0d89a9cfd64b1/ViewCellRenderer_ViewCellContainer.class' (3,217)
2026-09-22 05:43:31: Copy Over 'C:/rock/bannister/Bannister/obj/Debug/net8.0-android/android/bin/classes/crc6477f0d89a9cfd64b1/ViewRenderer_2.class' -> 'goodrive://www.googleapis.com/:personal:/bannister/bannister/obj/Debug/net8.0-android/android/bin/classes/crc6477f0d89a9cfd64b1/ViewRenderer_2.class' (2,665)
2026-09-22 05:43:32: Copy Over 'C:/rock/bannister/Bannister/obj/Debug/net8.0-android/android/bin/classes/crc6477f0d89a9cfd64b1/ViewCellRenderer_ViewCellContainer_TapGestureListener.class' -> 'goodrive://www.googleapis.com/:personal:/bannister/bannister/obj/Debug/net8.0-android/android/bin/classes/crc6477f0d89a9cfd64b1/ViewCellRenderer_ViewCellContainer_TapGestureListener.class' (3,555)
2026-09-22 05:43:32: Copy Over 'C:/rock/bannister/Bannister/obj/Debug/net8.0-android/android/bin/classes/crc6477f0d89a9cfd64b1/ViewRenderer.class' -> 'goodrive://www.googleapis.com/:personal:/bannister/bannister/obj/Debug/net8.0-android/android/bin/classes/crc6477f0d89a9cfd64b1/ViewRenderer.class' (2,043)
2026-09-22 05:43:35: Copy Over 'C:/rock/bannister/Bannister/obj/Debug/net8.0-android/android/bin/classes/crc6477f0d89a9cfd64b1/VisualElementRenderer_1.class' -> 'goodrive://www.googleapis.com/:personal:/bannister/bannister/obj/Debug/net8.0-android/android/bin/classes/crc6477f0d89a9cfd64b1/VisualElementRenderer_1.class' (3,176)
2026-09-22 05:43:35: Copy Over 'C:/rock/bannister/Bannister/obj/Debug/net8.0-android/android/bin/classes/crc6477f0d89a9cfd64b1/WebViewRenderer.class' -> 'goodrive://www.googleapis.com/:personal:/bannister/bannister/obj/Debug/net8.0-android/android/bin/classes/crc6477f0d89a9cfd64b1/WebViewRenderer.class' (2,052)
2026-09-22 05:43:35: Copy Over 'C:/rock/bannister/Bannister/obj/Debug/net8.0-android/android/bin/classes/crc6477f0d89a9cfd64b1/VisualElementTracker_AttachTracker.class' -> 'goodrive://www.googleapis.com/:personal:/bannister/bannister/obj/Debug/net8.0-android/android/bin/classes/crc6477f0d89a9cfd64b1/VisualElementTracker_AttachTracker.class' (2,143)
2026-09-22 05:43:38: Copy Over 'C:/rock/bannister/Bannister/obj/Debug/net8.0-android/android/bin/classes/crc6477f0d89a9cfd64b1/WebViewRenderer_JavascriptResult.class' -> 'goodrive://www.googleapis.com/:personal:/bannister/bannister/obj/Debug/net8.0-android/android/bin/classes/crc6477f0d89a9cfd64b1/WebViewRenderer_JavascriptResult.class' (1,608)
2026-09-22 05:43:38: Copy Over 'C:/rock/bannister/Bannister/obj/Debug/net8.0-android/android/bin/classes/crc648afdc667cfb0dccb/ButtonRenderer.class' -> 'goodrive://www.googleapis.com/:personal:/bannister/bannister/obj/Debug/net8.0-android/android/bin/classes/crc648afdc667cfb0dccb/ButtonRenderer.class' (3,843)
2026-09-22 05:43:39: Copy Over 'C:/rock/bannister/Bannister/obj/Debug/net8.0-android/android/bin/classes/crc648fc34c62be8fbbff/Snackbar_SnackbarCallback.class' -> 'goodrive://www.googleapis.com/:personal:/bannister/bannister/obj/Debug/net8.0-android/android/bin/classes/crc648fc34c62be8fbbff/Snackbar_SnackbarCallback.class' (1,765)
2026-09-22 05:43:41: Copy Over 'C:/rock/bannister/Bannister/obj/Debug/net8.0-android/android/bin/classes/crc648afdc667cfb0dccb/CarouselPageRenderer.class' -> 'goodrive://www.googleapis.com/:personal:/bannister/bannister/obj/Debug/net8.0-android/android/bin/classes/crc648afdc667cfb0dccb/CarouselPageRenderer.class' (3,525)
2026-09-22 05:43:42: Copy Over 'C:/rock/bannister/Bannister/obj/Debug/net8.0-android/android/bin/classes/crc648afdc667cfb0dccb/FormsFragmentPagerAdapter_1.class' -> 'goodrive://www.googleapis.com/:personal:/bannister/bannister/obj/Debug/net8.0-android/android/bin/classes/crc648afdc667cfb0dccb/FormsFragmentPagerAdapter_1.class' (2,965)
2026-09-22 05:43:42: Copy Over 'C:/rock/bannister/Bannister/obj/Debug/net8.0-android/android/bin/classes/crc648afdc667cfb0dccb/FormsViewPager.class' -> 'goodrive://www.googleapis.com/:personal:/bannister/bannister/obj/Debug/net8.0-android/android/bin/classes/crc648afdc667cfb0dccb/FormsViewPager.class' (1,681)
2026-09-22 05:43:45: Copy Over 'C:/rock/bannister/Bannister/obj/Debug/net8.0-android/android/bin/classes/crc648afdc667cfb0dccb/FragmentContainer.class' -> 'goodrive://www.googleapis.com/:personal:/bannister/bannister/obj/Debug/net8.0-android/android/bin/classes/crc648afdc667cfb0dccb/FragmentContainer.class' (2,456)
2026-09-22 05:43:45: Copy Over 'C:/rock/bannister/Bannister/obj/Debug/net8.0-android/android/bin/classes/crc648afdc667cfb0dccb/FrameRenderer.class' -> 'goodrive://www.googleapis.com/:personal:/bannister/bannister/obj/Debug/net8.0-android/android/bin/classes/crc648afdc667cfb0dccb/FrameRenderer.class' (2,055)
2026-09-22 05:43:46: Copy Over 'C:/rock/bannister/Bannister/obj/Debug/net8.0-android/android/bin/classes/crc648afdc667cfb0dccb/NavigationPageRenderer.class' -> 'goodrive://www.googleapis.com/:personal:/bannister/bannister/obj/Debug/net8.0-android/android/bin/classes/crc648afdc667cfb0dccb/NavigationPageRenderer.class' (2,987)
2026-09-22 05:43:48: Copy Over 'C:/rock/bannister/Bannister/obj/Debug/net8.0-android/android/bin/classes/crc648afdc667cfb0dccb/NavigationPageRenderer_ClickListener.class' -> 'goodrive://www.googleapis.com/:personal:/bannister/bannister/obj/Debug/net8.0-android/android/bin/classes/crc648afdc667cfb0dccb/NavigationPageRenderer_ClickListener.class' (1,712)
2026-09-22 05:43:48: Copy Over 'C:/rock/bannister/Bannister/obj/Debug/net8.0-android/android/bin/classes/crc648afdc667cfb0dccb/NavigationPageRenderer_Container.class' -> 'goodrive://www.googleapis.com/:personal:/bannister/bannister/obj/Debug/net8.0-android/android/bin/classes/crc648afdc667cfb0dccb/NavigationPageRenderer_Container.class' (2,751)
2026-09-22 05:43:49: Copy Over 'C:/rock/bannister/Bannister/obj/Debug/net8.0-android/android/bin/classes/crc648afdc667cfb0dccb/NavigationPageRenderer_DrawerMultiplexedListener.class' -> 'goodrive://www.googleapis.com/:personal:/bannister/bannister/obj/Debug/net8.0-android/android/bin/classes/crc648afdc667cfb0dccb/NavigationPageRenderer_DrawerMultiplexedListener.class' (2,675)
2026-09-22 05:43:52: Copy Over 'C:/rock/bannister/Bannister/obj/Debug/net8.0-android/android/bin/classes/crc648afdc667cfb0dccb/PickerRenderer.class' -> 'goodrive://www.googleapis.com/:personal:/bannister/bannister/obj/Debug/net8.0-android/android/bin/classes/crc648afdc667cfb0dccb/PickerRenderer.class' (2,065)
2026-09-22 05:43:52: Copy Over 'C:/rock/bannister/Bannister/obj/Debug/net8.0-android/android/bin/classes/crc648afdc667cfb0dccb/PickerRendererBase_1.class' -> 'goodrive://www.googleapis.com/:personal:/bannister/bannister/obj/Debug/net8.0-android/android/bin/classes/crc648afdc667cfb0dccb/PickerRendererBase_1.class' (2,077)
2026-09-22 05:43:52: Copy Over 'C:/rock/bannister/Bannister/obj/Debug/net8.0-android/android/bin/classes/crc648afdc667cfb0dccb/SwitchRenderer.class' -> 'goodrive://www.googleapis.com/:personal:/bannister/bannister/obj/Debug/net8.0-android/android/bin/classes/crc648afdc667cfb0dccb/SwitchRenderer.class' (2,603)
2026-09-22 05:43:55: Copy Over 'C:/rock/bannister/Bannister/obj/Debug/net8.0-android/android/bin/classes/crc648afdc667cfb0dccb/ViewRenderer_2.class' -> 'goodrive://www.googleapis.com/:personal:/bannister/bannister/obj/Debug/net8.0-android/android/bin/classes/crc648afdc667cfb0dccb/ViewRenderer_2.class' (2,059)
2026-09-22 05:43:55: Copy Over 'C:/rock/bannister/Bannister/obj/Debug/net8.0-android/android/bin/classes/crc648afdc667cfb0dccb/TabbedPageRenderer.class' -> 'goodrive://www.googleapis.com/:personal:/bannister/bannister/obj/Debug/net8.0-android/android/bin/classes/crc648afdc667cfb0dccb/TabbedPageRenderer.class' (5,403)
2026-09-22 05:43:56: Copy Over 'C:/rock/bannister/Bannister/obj/Debug/net8.0-android/android/bin/classes/crc6493855b22b6fa0721/TextToSpeechInternalImplementation.class' -> 'goodrive://www.googleapis.com/:personal:/bannister/bannister/obj/Debug/net8.0-android/android/bin/classes/crc6493855b22b6fa0721/TextToSpeechInternalImplementation.class' (2,108)
2026-09-22 05:43:58: Copy Over 'C:/rock/bannister/Bannister/obj/Debug/net8.0-android/android/bin/classes/crc649ff77a65592e7d55/TabbedPageManager_Listeners.class' -> 'goodrive://www.googleapis.com/:personal:/bannister/bannister/obj/Debug/net8.0-android/android/bin/classes/crc649ff77a65592e7d55/TabbedPageManager_Listeners.class' (4,023)
2026-09-22 05:43:59: Copy Over 'C:/rock/bannister/Bannister/obj/Debug/net8.0-android/android/bin/classes/crc649ff77a65592e7d55/TabbedPageManager_TempView.class' -> 'goodrive://www.googleapis.com/:personal:/bannister/bannister/obj/Debug/net8.0-android/android/bin/classes/crc649ff77a65592e7d55/TabbedPageManager_TempView.class' (2,388)
2026-09-22 05:43:59: Copy Over 'C:/rock/bannister/Bannister/obj/Debug/net8.0-android/android/bin/classes/crc64a096dc44ad241142/PlatformTicker_DurationScaleListener.class' -> 'goodrive://www.googleapis.com/:personal:/bannister/bannister/obj/Debug/net8.0-android/android/bin/classes/crc64a096dc44ad241142/PlatformTicker_DurationScaleListener.class' (1,681)
2026-09-22 05:44:02: Copy Over 'C:/rock/bannister/Bannister/obj/Debug/net8.0-android/android/bin/classes/crc64a25b61d9f8ee364f/RectEvaluator.class' -> 'goodrive://www.googleapis.com/:personal:/bannister/bannister/obj/Debug/net8.0-android/android/bin/classes/crc64a25b61d9f8ee364f/RectEvaluator.class' (1,602)
2026-09-22 05:44:02: Copy Over 'C:/rock/bannister/Bannister/obj/Debug/net8.0-android/android/bin/classes/crc64a25b61d9f8ee364f/FloatArrayEvaluator.class' -> 'goodrive://www.googleapis.com/:personal:/bannister/bannister/obj/Debug/net8.0-android/android/bin/classes/crc64a25b61d9f8ee364f/FloatArrayEvaluator.class' (1,620)
2026-09-22 05:44:02: Copy Over 'C:/rock/bannister/Bannister/obj/Debug/net8.0-android/android/bin/classes/crc64a25b61d9f8ee364f/TransitionUtils.class' -> 'goodrive://www.googleapis.com/:personal:/bannister/bannister/obj/Debug/net8.0-android/android/bin/classes/crc64a25b61d9f8ee364f/TransitionUtils.class' (1,180)
2026-09-22 05:44:05: Copy Over 'C:/rock/bannister/Bannister/obj/Debug/net8.0-android/android/bin/classes/crc64b5e713d400f589b7/LinearGradientShaderFactory.class' -> 'goodrive://www.googleapis.com/:personal:/bannister/bannister/obj/Debug/net8.0-android/android/bin/classes/crc64b5e713d400f589b7/LinearGradientShaderFactory.class' (1,537)
2026-09-22 05:44:05: Copy Over 'C:/rock/bannister/Bannister/obj/Debug/net8.0-android/android/bin/classes/crc64ba438d8f48cf7e75/ActivityLifecycleContextListener.class' -> 'goodrive://www.googleapis.com/:personal:/bannister/bannister/obj/Debug/net8.0-android/android/bin/classes/crc64ba438d8f48cf7e75/ActivityLifecycleContextListener.class' (8,925)
2026-09-22 05:44:05: Copy Over 'C:/rock/bannister/Bannister/obj/Debug/net8.0-android/android/bin/classes/crc64a25b61d9f8ee364f/TransitionUtils_MatrixEvaluator.class' -> 'goodrive://www.googleapis.com/:personal:/bannister/bannister/obj/Debug/net8.0-android/android/bin/classes/crc64a25b61d9f8ee364f/TransitionUtils_MatrixEvaluator.class' (1,656)
2026-09-22 05:44:08: Copy Over 'C:/rock/bannister/Bannister/obj/Debug/net8.0-android/android/bin/classes/crc64ba438d8f48cf7e75/IntermediateActivity.class' -> 'goodrive://www.googleapis.com/:personal:/bannister/bannister/obj/Debug/net8.0-android/android/bin/classes/crc64ba438d8f48cf7e75/IntermediateActivity.class' (1,874)
2026-09-22 05:44:08: Copy Over 'C:/rock/bannister/Bannister/obj/Debug/net8.0-android/android/bin/classes/crc64b5e713d400f589b7/MauiDrawable.class' -> 'goodrive://www.googleapis.com/:personal:/bannister/bannister/obj/Debug/net8.0-android/android/bin/classes/crc64b5e713d400f589b7/MauiDrawable.class' (2,262)
2026-09-22 05:44:08: Copy Over 'C:/rock/bannister/Bannister/obj/Debug/net8.0-android/android/bin/classes/crc64b5e713d400f589b7/RadialGradientShaderFactory.class' -> 'goodrive://www.googleapis.com/:personal:/bannister/bannister/obj/Debug/net8.0-android/android/bin/classes/crc64b5e713d400f589b7/RadialGradientShaderFactory.class' (1,537)
2026-09-22 05:44:11: Copy Over 'C:/rock/bannister/Bannister/obj/Debug/net8.0-android/android/bin/classes/crc64e1fb321c08285b90/CellAdapter.class' -> 'goodrive://www.googleapis.com/:personal:/bannister/bannister/obj/Debug/net8.0-android/android/bin/classes/crc64e1fb321c08285b90/CellAdapter.class' (5,645)
2026-09-22 05:44:12: Copy Over 'C:/rock/bannister/Bannister/obj/Debug/net8.0-android/android/bin/classes/crc64e1fb321c08285b90/BaseCellView.class' -> 'goodrive://www.googleapis.com/:personal:/bannister/bannister/obj/Debug/net8.0-android/android/bin/classes/crc64e1fb321c08285b90/BaseCellView.class' (2,370)
2026-09-22 05:44:12: Copy Over 'C:/rock/bannister/Bannister/obj/Debug/net8.0-android/android/bin/classes/crc64e1fb321c08285b90/CellRenderer_RendererHolder.class' -> 'goodrive://www.googleapis.com/:personal:/bannister/bannister/obj/Debug/net8.0-android/android/bin/classes/crc64e1fb321c08285b90/CellRenderer_RendererHolder.class' (1,238)
2026-09-22 05:44:15: Copy Over 'C:/rock/bannister/Bannister/obj/Debug/net8.0-android/android/bin/classes/crc64e1fb321c08285b90/ConditionalFocusLayout.class' -> 'goodrive://www.googleapis.com/:personal:/bannister/bannister/obj/Debug/net8.0-android/android/bin/classes/crc64e1fb321c08285b90/ConditionalFocusLayout.class' (2,884)
2026-09-22 05:44:15: Copy Over 'C:/rock/bannister/Bannister/obj/Debug/net8.0-android/android/bin/classes/crc64e1fb321c08285b90/EntryCellView.class' -> 'goodrive://www.googleapis.com/:personal:/bannister/bannister/obj/Debug/net8.0-android/android/bin/classes/crc64e1fb321c08285b90/EntryCellView.class' (4,424)
2026-09-22 05:44:15: Copy Over 'C:/rock/bannister/Bannister/obj/Debug/net8.0-android/android/bin/classes/crc64e1fb321c08285b90/EntryCellEditText.class' -> 'goodrive://www.googleapis.com/:personal:/bannister/bannister/obj/Debug/net8.0-android/android/bin/classes/crc64e1fb321c08285b90/EntryCellEditText.class' (2,487)
2026-09-22 05:44:19: Copy Over 'C:/rock/bannister/Bannister/obj/Debug/net8.0-android/android/bin/classes/crc64e1fb321c08285b90/ListViewAdapter.class' -> 'goodrive://www.googleapis.com/:personal:/bannister/bannister/obj/Debug/net8.0-android/android/bin/classes/crc64e1fb321c08285b90/ListViewAdapter.class' (2,906)
2026-09-22 05:44:19: Copy Over 'C:/rock/bannister/Bannister/obj/Debug/net8.0-android/android/bin/classes/crc64e1fb321c08285b90/FrameRenderer.class' -> 'goodrive://www.googleapis.com/:personal:/bannister/bannister/obj/Debug/net8.0-android/android/bin/classes/crc64e1fb321c08285b90/FrameRenderer.class' (2,893)
2026-09-22 05:44:19: Copy Over 'C:/rock/bannister/Bannister/obj/Debug/net8.0-android/android/bin/classes/crc64e1fb321c08285b90/GroupedListViewAdapter.class' -> 'goodrive://www.googleapis.com/:personal:/bannister/bannister/obj/Debug/net8.0-android/android/bin/classes/crc64e1fb321c08285b90/GroupedListViewAdapter.class' (2,364)
2026-09-22 05:44:22: Copy Over 'C:/rock/bannister/Bannister/obj/Debug/net8.0-android/android/bin/classes/crc64e1fb321c08285b90/ListViewRenderer.class' -> 'goodrive://www.googleapis.com/:personal:/bannister/bannister/obj/Debug/net8.0-android/android/bin/classes/crc64e1fb321c08285b90/ListViewRenderer.class' (2,877)
2026-09-22 05:44:22: Copy Over 'C:/rock/bannister/Bannister/obj/Debug/net8.0-android/android/bin/classes/crc64e1fb321c08285b90/ListViewRenderer_Container.class' -> 'goodrive://www.googleapis.com/:personal:/bannister/bannister/obj/Debug/net8.0-android/android/bin/classes/crc64e1fb321c08285b90/ListViewRenderer_Container.class' (2,701)
2026-09-22 05:44:22: Copy Over 'C:/rock/bannister/Bannister/obj/Debug/net8.0-android/android/bin/classes/crc64e1fb321c08285b90/ListViewRenderer_ListViewScrollDetector.class' -> 'goodrive://www.googleapis.com/:personal:/bannister/bannister/obj/Debug/net8.0-android/android/bin/classes/crc64e1fb321c08285b90/ListViewRenderer_ListViewScrollDetector.class' (2,435)
2026-09-22 05:44:25: Copy Over 'C:/rock/bannister/Bannister/obj/Debug/net8.0-android/android/bin/classes/crc64e1fb321c08285b90/ListViewRenderer_ListViewSwipeRefreshLayoutListener.class' -> 'goodrive://www.googleapis.com/:personal:/bannister/bannister/obj/Debug/net8.0-android/android/bin/classes/crc64e1fb321c08285b90/ListViewRenderer_ListViewSwipeRefreshLayoutListener.class' (2,034)
2026-09-22 05:44:25: Copy Over 'C:/rock/bannister/Bannister/obj/Debug/net8.0-android/android/bin/classes/crc64e1fb321c08285b90/ListViewRenderer_SwipeRefreshLayoutWithFixedNestedScrolling.class' -> 'goodrive://www.googleapis.com/:personal:/bannister/bannister/obj/Debug/net8.0-android/android/bin/classes/crc64e1fb321c08285b90/ListViewRenderer_SwipeRefreshLayoutWithFixedNestedScrolling.class' (2,823)
2026-09-22 05:44:25: Copy Over 'C:/rock/bannister/Bannister/obj/Debug/net8.0-android/android/bin/classes/crc64e1fb321c08285b90/SwitchCellView.class' -> 'goodrive://www.googleapis.com/:personal:/bannister/bannister/obj/Debug/net8.0-android/android/bin/classes/crc64e1fb321c08285b90/SwitchCellView.class' (2,927)
2026-09-22 05:44:29: Copy Over 'C:/rock/bannister/Bannister/obj/Debug/net8.0-android/android/bin/classes/crc64e1fb321c08285b90/TableViewModelRenderer.class' -> 'goodrive://www.googleapis.com/:personal:/bannister/bannister/obj/Debug/net8.0-android/android/bin/classes/crc64e1fb321c08285b90/TableViewModelRenderer.class' (2,792)
2026-09-22 05:44:29: Copy Over 'C:/rock/bannister/Bannister/obj/Debug/net8.0-android/android/bin/classes/crc64e1fb321c08285b90/TableViewRenderer.class' -> 'goodrive://www.googleapis.com/:personal:/bannister/bannister/obj/Debug/net8.0-android/android/bin/classes/crc64e1fb321c08285b90/TableViewRenderer.class' (2,699)
2026-09-22 05:44:29: Copy Over 'C:/rock/bannister/Bannister/obj/Debug/net8.0-android/android/bin/classes/crc64e1fb321c08285b90/TextCellRenderer_TextCellView.class' -> 'goodrive://www.googleapis.com/:personal:/bannister/bannister/obj/Debug/net8.0-android/android/bin/classes/crc64e1fb321c08285b90/TextCellRenderer_TextCellView.class' (2,428)
2026-09-22 05:44:32: Copy Over 'C:/rock/bannister/Bannister/obj/Debug/net8.0-android/android/bin/classes/crc64e1fb321c08285b90/ViewCellRenderer_ViewCellContainer.class' -> 'goodrive://www.googleapis.com/:personal:/bannister/bannister/obj/Debug/net8.0-android/android/bin/classes/crc64e1fb321c08285b90/ViewCellRenderer_ViewCellContainer.class' (3,379)
2026-09-22 05:44:32: Copy Over 'C:/rock/bannister/Bannister/obj/Debug/net8.0-android/android/bin/classes/crc64e1fb321c08285b90/ViewCellRenderer_ViewCellContainer_LongPressGestureListener.class' -> 'goodrive://www.googleapis.com/:personal:/bannister/bannister/obj/Debug/net8.0-android/android/bin/classes/crc64e1fb321c08285b90/ViewCellRenderer_ViewCellContainer_LongPressGestureListener.class' (3,551)
2026-09-22 05:44:32: Copy Over 'C:/rock/bannister/Bannister/obj/Debug/net8.0-android/android/bin/classes/crc64e1fb321c08285b90/ViewCellRenderer_ViewCellContainer_TapGestureListener.class' -> 'goodrive://www.googleapis.com/:personal:/bannister/bannister/obj/Debug/net8.0-android/android/bin/classes/crc64e1fb321c08285b90/ViewCellRenderer_ViewCellContainer_TapGestureListener.class' (3,533)
2026-09-22 05:44:35: Copy Over 'C:/rock/bannister/Bannister/obj/Debug/net8.0-android/android/bin/classes/crc64e1fb321c08285b90/ViewRenderer.class' -> 'goodrive://www.googleapis.com/:personal:/bannister/bannister/obj/Debug/net8.0-android/android/bin/classes/crc64e1fb321c08285b90/ViewRenderer.class' (2,379)
2026-09-22 05:44:35: Copy Over 'C:/rock/bannister/Bannister/obj/Debug/net8.0-android/android/bin/classes/crc64e1fb321c08285b90/VisualElementRenderer_1.class' -> 'goodrive://www.googleapis.com/:personal:/bannister/bannister/obj/Debug/net8.0-android/android/bin/classes/crc64e1fb321c08285b90/VisualElementRenderer_1.class' (2,692)
2026-09-22 05:44:36: Copy Over 'C:/rock/bannister/Bannister/obj/Debug/net8.0-android/android/bin/classes/crc64e1fb321c08285b90/ViewRenderer_2.class' -> 'goodrive://www.googleapis.com/:personal:/bannister/bannister/obj/Debug/net8.0-android/android/bin/classes/crc64e1fb321c08285b90/ViewRenderer_2.class' (2,394)
2026-09-22 05:44:39: Copy Over 'C:/rock/bannister/Bannister/obj/Debug/net8.0-android/android/bin/classes/crc64e53d2f592022988e/ConnectivityBroadcastReceiver.class' -> 'goodrive://www.googleapis.com/:personal:/bannister/bannister/obj/Debug/net8.0-android/android/bin/classes/crc64e53d2f592022988e/ConnectivityBroadcastReceiver.class' (1,553)
2026-09-22 05:44:39: Copy Over 'C:/rock/bannister/Bannister/obj/Debug/net8.0-android/android/bin/classes/crc64d6358e7bf64fbac4/SpeechToTextImplementation_SpeechRecognitionListener.class' -> 'goodrive://www.googleapis.com/:personal:/bannister/bannister/obj/Debug/net8.0-android/android/bin/classes/crc64d6358e7bf64fbac4/SpeechToTextImplementation_SpeechRecognitionListener.class' (4,786)
2026-09-22 05:44:39: Copy Over 'C:/rock/bannister/Bannister/obj/Debug/net8.0-android/android/bin/classes/crc64f62664462a8937a9/AccelerometerListener.class' -> 'goodrive://www.googleapis.com/:personal:/bannister/bannister/obj/Debug/net8.0-android/android/bin/classes/crc64f62664462a8937a9/AccelerometerListener.class' (1,979)
2026-09-22 05:44:42: Copy Over 'C:/rock/bannister/Bannister/obj/Debug/net8.0-android/android/bin/classes/crc64f62664462a8937a9/GyroscopeListener.class' -> 'goodrive://www.googleapis.com/:personal:/bannister/bannister/obj/Debug/net8.0-android/android/bin/classes/crc64f62664462a8937a9/GyroscopeListener.class' (1,967)
2026-09-22 05:44:42: Copy Over 'C:/rock/bannister/Bannister/obj/Debug/net8.0-android/android/bin/classes/crc64f62664462a8937a9/BarometerListener.class' -> 'goodrive://www.googleapis.com/:personal:/bannister/bannister/obj/Debug/net8.0-android/android/bin/classes/crc64f62664462a8937a9/BarometerListener.class' (1,967)
2026-09-22 05:44:42: Copy Over 'C:/rock/bannister/Bannister/obj/Debug/net8.0-android/android/bin/classes/crc64f62664462a8937a9/ContinuousLocationListener.class' -> 'goodrive://www.googleapis.com/:personal:/bannister/bannister/obj/Debug/net8.0-android/android/bin/classes/crc64f62664462a8937a9/ContinuousLocationListener.class' (2,928)
2026-09-22 05:44:45: Copy Over 'C:/rock/bannister/Bannister/obj/Debug/net8.0-android/android/bin/classes/crc64f62664462a8937a9/SensorListener.class' -> 'goodrive://www.googleapis.com/:personal:/bannister/bannister/obj/Debug/net8.0-android/android/bin/classes/crc64f62664462a8937a9/SensorListener.class' (1,958)
2026-09-22 05:44:45: Copy Over 'C:/rock/bannister/Bannister/obj/Debug/net8.0-android/android/bin/classes/crc64f62664462a8937a9/MagnetometerListener.class' -> 'goodrive://www.googleapis.com/:personal:/bannister/bannister/obj/Debug/net8.0-android/android/bin/classes/crc64f62664462a8937a9/MagnetometerListener.class' (1,976)
2026-09-22 05:44:45: Copy Over 'C:/rock/bannister/Bannister/obj/Debug/net8.0-android/android/bin/classes/crc64f62664462a8937a9/OrientationSensorListener.class' -> 'goodrive://www.googleapis.com/:personal:/bannister/bannister/obj/Debug/net8.0-android/android/bin/classes/crc64f62664462a8937a9/OrientationSensorListener.class' (1,991)
2026-09-22 05:44:49: Copy Over 'C:/rock/bannister/Bannister/obj/Debug/net8.0-android/android/bin/classes/crc64f6cd8863fe06af2a/AppMain_AndroidUncaughtHandler.class' -> 'goodrive://www.googleapis.com/:personal:/bannister/bannister/obj/Debug/net8.0-android/android/bin/classes/crc64f6cd8863fe06af2a/AppMain_AndroidUncaughtHandler.class' (1,735)
2026-09-22 05:44:49: Copy Over 'C:/rock/bannister/Bannister/obj/Debug/net8.0-android/android/bin/classes/crc64f62664462a8937a9/SingleLocationListener.class' -> 'goodrive://www.googleapis.com/:personal:/bannister/bannister/obj/Debug/net8.0-android/android/bin/classes/crc64f62664462a8937a9/SingleLocationListener.class' (2,916)
2026-09-22 05:44:49: Copy Over 'C:/rock/bannister/Bannister/obj/Debug/net8.0-android/android/bin/classes/crc64e53d2f592022988e/ConnectivityImplementation_EssentialsNetworkCallback.class' -> 'goodrive://www.googleapis.com/:personal:/bannister/bannister/obj/Debug/net8.0-android/android/bin/classes/crc64e53d2f592022988e/ConnectivityImplementation_EssentialsNetworkCallback.class' (3,060)
2026-09-22 05:44:52: Copy Over 'C:/rock/bannister/Bannister/obj/Debug/net8.0-android/android/bin/classes/crc64f728827fec74e9c3/Toolbar_Container.class' -> 'goodrive://www.googleapis.com/:personal:/bannister/bannister/obj/Debug/net8.0-android/android/bin/classes/crc64f728827fec74e9c3/Toolbar_Container.class' (2,651)
2026-09-22 05:44:52: Copy Over 'C:/rock/bannister/Bannister/obj/Debug/net8.0-android/android/bin/classes/crc64f728827fec74e9c3/TapWindowTracker_GestureListener.class' -> 'goodrive://www.googleapis.com/:personal:/bannister/bannister/obj/Debug/net8.0-android/android/bin/classes/crc64f728827fec74e9c3/TapWindowTracker_GestureListener.class' (3,634)
2026-09-22 05:44:52: Copy Over 'C:/rock/bannister/Bannister/obj/Debug/net8.0-android/android/bin/classes/crc64f6cd8863fe06af2a/MainActivity.class' -> 'goodrive://www.googleapis.com/:personal:/bannister/bannister/obj/Debug/net8.0-android/android/bin/classes/crc64f6cd8863fe06af2a/MainActivity.class' (1,421)
2026-09-22 05:44:56: Copy Over 'C:/rock/bannister/Bannister/obj/Debug/net8.0-android/android/bin/classes/crc64fcf28c0e24b4cc31/ButtonHandler_ButtonTouchListener.class' -> 'goodrive://www.googleapis.com/:personal:/bannister/bannister/obj/Debug/net8.0-android/android/bin/classes/crc64fcf28c0e24b4cc31/ButtonHandler_ButtonTouchListener.class' (1,714)
2026-09-22 05:44:56: Copy Over 'C:/rock/bannister/Bannister/obj/Debug/net8.0-android/android/bin/classes/crc64fcf28c0e24b4cc31/ButtonHandler_ButtonClickListener.class' -> 'goodrive://www.googleapis.com/:personal:/bannister/bannister/obj/Debug/net8.0-android/android/bin/classes/crc64fcf28c0e24b4cc31/ButtonHandler_ButtonClickListener.class' (1,639)
2026-09-22 05:44:56: Copy Over 'C:/rock/bannister/Bannister/obj/Debug/net8.0-android/android/bin/classes/crc64f6cd8863fe06af2a/MainApplication.class' -> 'goodrive://www.googleapis.com/:personal:/bannister/bannister/obj/Debug/net8.0-android/android/bin/classes/crc64f6cd8863fe06af2a/MainApplication.class' (881)
2026-09-22 05:44:59: Copy Over 'C:/rock/bannister/Bannister/obj/Debug/net8.0-android/android/bin/classes/microsoft/maui/essentials/fileProvider.class' -> 'goodrive://www.googleapis.com/:personal:/bannister/bannister/obj/Debug/net8.0-android/android/bin/classes/microsoft/maui/essentials/fileProvider.class' (1,445)
2026-09-22 05:44:59: Copy Over 'C:/rock/bannister/Bannister/obj/Debug/net8.0-android/android/bin/classes/microsoft/maui/platform/MauiNavHostFragment.class' -> 'goodrive://www.googleapis.com/:personal:/bannister/bannister/obj/Debug/net8.0-android/android/bin/classes/microsoft/maui/platform/MauiNavHostFragment.class' (1,234)
2026-09-22 05:44:59: Copy Over 'C:/rock/bannister/Bannister/obj/Debug/net8.0-android/android/bin/classes/crc64fcf28c0e24b4cc31/SearchBarHandler_FocusChangeListener.class' -> 'goodrive://www.googleapis.com/:personal:/bannister/bannister/obj/Debug/net8.0-android/android/bin/classes/crc64fcf28c0e24b4cc31/SearchBarHandler_FocusChangeListener.class' (1,694)
2026-09-22 05:45:03: Copy Over 'C:/rock/bannister/Bannister/obj/Debug/net8.0-android/android/bin/classes/crc64fcf28c0e24b4cc31/SwitchHandler_CheckedChangeListener.class' -> 'goodrive://www.googleapis.com/:personal:/bannister/bannister/obj/Debug/net8.0-android/android/bin/classes/crc64fcf28c0e24b4cc31/SwitchHandler_CheckedChangeListener.class' (1,780)
2026-09-22 05:45:03: > Copy Over 'C:/rock/bannister/Bannister/obj/Debug/net8.0-android/android/bin/classes.zip' -> 'goodrive://www.googleapis.com/:personal:/bannister/bannister/obj/Debug/net8.0-android/android/bin/classes.zip' (2,906,126)
2026-09-22 05:45:03: Copy Over 'C:/rock/bannister/Bannister/obj/Debug/net8.0-android/android/bin/classes/crc64fcf28c0e24b4cc31/SliderHandler_SeekBarChangeListener.class' -> 'goodrive://www.googleapis.com/:personal:/bannister/bannister/obj/Debug/net8.0-android/android/bin/classes/crc64fcf28c0e24b4cc31/SliderHandler_SeekBarChangeListener.class' (2,462)
2026-09-22 05:45:03: Copy Over 'C:/rock/bannister/Bannister/obj/Debug/net8.0-android/android/bin/classes/crc64fcf28c0e24b4cc31/ToolbarHandler_ProcessBackClick.class' -> 'goodrive://www.googleapis.com/:personal:/bannister/bannister/obj/Debug/net8.0-android/android/bin/classes/crc64fcf28c0e24b4cc31/ToolbarHandler_ProcessBackClick.class' (1,633)
2026-09-22 05:45:06: Copy Over 'C:/rock/bannister/Bannister/obj/Debug/net8.0-android/android/bin/classes/mono/androidx/activity/contextaware/OnContextAvailableListenerImplementor.class' -> 'goodrive://www.googleapis.com/:personal:/bannister/bannister/obj/Debug/net8.0-android/android/bin/classes/mono/androidx/activity/contextaware/OnContextAvailableListenerImplementor.class' (1,679)
2026-09-22 05:45:06: Copy Over 'C:/rock/bannister/Bannister/obj/Debug/net8.0-android/android/bin/classes/mono/android/app/ApplicationRegistration.class' -> 'goodrive://www.googleapis.com/:personal:/bannister/bannister/obj/Debug/net8.0-android/android/bin/classes/mono/android/app/ApplicationRegistration.class' (774)
2026-09-22 05:45:07: < Copy Over 'C:/rock/bannister/Bannister/obj/Debug/net8.0-android/android/bin/classes.zip' -> 'goodrive://www.googleapis.com/:personal:/bannister/bannister/obj/Debug/net8.0-android/android/bin/classes.zip' (2,906,126)
2026-09-22 05:45:10: Copy Over 'C:/rock/bannister/Bannister/obj/Debug/net8.0-android/android/bin/classes/mono/androidx/appcompat/app/ActionBar_OnMenuVisibilityListenerImplementor.class' -> 'goodrive://www.googleapis.com/:personal:/bannister/bannister/obj/Debug/net8.0-android/android/bin/classes/mono/androidx/appcompat/app/ActionBar_OnMenuVisibilityListenerImplementor.class' (1,733)
2026-09-22 05:45:10: Copy Over 'C:/rock/bannister/Bannister/obj/Debug/net8.0-android/android/bin/classes/mono/androidx/appcompat/widget/ActionMenuView_OnMenuItemClickListenerImplementor.class' -> 'goodrive://www.googleapis.com/:personal:/bannister/bannister/obj/Debug/net8.0-android/android/bin/classes/mono/androidx/appcompat/widget/ActionMenuView_OnMenuItemClickListenerImplementor.class' (1,802)
2026-09-22 05:45:10: Copy Over 'C:/rock/bannister/Bannister/obj/Debug/net8.0-android/android/bin/classes/mono/androidx/appcompat/widget/ContentFrameLayout_OnAttachListenerImplementor.class' -> 'goodrive://www.googleapis.com/:personal:/bannister/bannister/obj/Debug/net8.0-android/android/bin/classes/mono/androidx/appcompat/widget/ContentFrameLayout_OnAttachListenerImplementor.class' (2,000)
2026-09-22 05:45:13: Copy Over 'C:/rock/bannister/Bannister/obj/Debug/net8.0-android/android/bin/classes/mono/androidx/appcompat/widget/FitWindowsViewGroup_OnFitSystemWindowsListenerImplementor.class' -> 'goodrive://www.googleapis.com/:personal:/bannister/bannister/obj/Debug/net8.0-android/android/bin/classes/mono/androidx/appcompat/widget/FitWindowsViewGroup_OnFitSystemWindowsListenerImplementor.class' (1,864)
2026-09-22 05:45:13: Copy Over 'C:/rock/bannister/Bannister/obj/Debug/net8.0-android/android/bin/classes/mono/androidx/appcompat/widget/MenuItemHoverListenerImplementor.class' -> 'goodrive://www.googleapis.com/:personal:/bannister/bannister/obj/Debug/net8.0-android/android/bin/classes/mono/androidx/appcompat/widget/MenuItemHoverListenerImplementor.class' (2,117)
2026-09-22 05:45:13: Copy Over 'C:/rock/bannister/Bannister/obj/Debug/net8.0-android/android/bin/classes/mono/androidx/appcompat/widget/PopupMenu_OnDismissListenerImplementor.class' -> 'goodrive://www.googleapis.com/:personal:/bannister/bannister/obj/Debug/net8.0-android/android/bin/classes/mono/androidx/appcompat/widget/PopupMenu_OnDismissListenerImplementor.class' (1,758)
2026-09-22 05:45:16: Copy Over 'C:/rock/bannister/Bannister/obj/Debug/net8.0-android/android/bin/classes/mono/androidx/appcompat/widget/PopupMenu_OnMenuItemClickListenerImplementor.class' -> 'goodrive://www.googleapis.com/:personal:/bannister/bannister/obj/Debug/net8.0-android/android/bin/classes/mono/androidx/appcompat/widget/PopupMenu_OnMenuItemClickListenerImplementor.class' (1,772)
2026-09-22 05:45:16: Copy Over 'C:/rock/bannister/Bannister/obj/Debug/net8.0-android/android/bin/classes/mono/androidx/appcompat/widget/SearchView_OnCloseListenerImplementor.class' -> 'goodrive://www.googleapis.com/:personal:/bannister/bannister/obj/Debug/net8.0-android/android/bin/classes/mono/androidx/appcompat/widget/SearchView_OnCloseListenerImplementor.class' (1,627)
2026-09-22 05:45:16: Copy Over 'C:/rock/bannister/Bannister/obj/Debug/net8.0-android/android/bin/classes/mono/androidx/appcompat/widget/SearchView_OnQueryTextListenerImplementor.class' -> 'goodrive://www.googleapis.com/:personal:/bannister/bannister/obj/Debug/net8.0-android/android/bin/classes/mono/androidx/appcompat/widget/SearchView_OnQueryTextListenerImplementor.class' (2,033)
2026-09-22 05:45:20: Copy Over 'C:/rock/bannister/Bannister/obj/Debug/net8.0-android/android/bin/classes/mono/androidx/appcompat/widget/SearchView_OnSuggestionListenerImplementor.class' -> 'goodrive://www.googleapis.com/:personal:/bannister/bannister/obj/Debug/net8.0-android/android/bin/classes/mono/androidx/appcompat/widget/SearchView_OnSuggestionListenerImplementor.class' (1,959)
2026-09-22 05:45:20: Copy Over 'C:/rock/bannister/Bannister/obj/Debug/net8.0-android/android/bin/classes/mono/androidx/appcompat/widget/Toolbar_OnMenuItemClickListenerImplementor.class' -> 'goodrive://www.googleapis.com/:personal:/bannister/bannister/obj/Debug/net8.0-android/android/bin/classes/mono/androidx/appcompat/widget/Toolbar_OnMenuItemClickListenerImplementor.class' (1,760)
2026-09-22 05:45:20: Copy Over 'C:/rock/bannister/Bannister/obj/Debug/net8.0-android/android/bin/classes/mono/androidx/appcompat/widget/ShareActionProvider_OnShareTargetSelectedListenerImplementor.class' -> 'goodrive://www.googleapis.com/:personal:/bannister/bannister/obj/Debug/net8.0-android/android/bin/classes/mono/androidx/appcompat/widget/ShareActionProvider_OnShareTargetSelectedListenerImplementor.class' (2,037)
2026-09-22 05:45:23: Copy Over 'C:/rock/bannister/Bannister/obj/Debug/net8.0-android/android/bin/classes/mono/androidx/appcompat/app/ActionBar_TabListenerImplementor.class' -> 'goodrive://www.googleapis.com/:personal:/bannister/bannister/obj/Debug/net8.0-android/android/bin/classes/mono/androidx/appcompat/app/ActionBar_TabListenerImplementor.class' (2,706)
2026-09-22 05:45:23: Copy Over 'C:/rock/bannister/Bannister/obj/Debug/net8.0-android/android/bin/classes/mono/androidx/appcompat/app/ActionBar_OnNavigationListenerImplementor.class' -> 'goodrive://www.googleapis.com/:personal:/bannister/bannister/obj/Debug/net8.0-android/android/bin/classes/mono/androidx/appcompat/app/ActionBar_OnNavigationListenerImplementor.class' (1,713)
2026-09-22 05:45:23: Copy Over 'C:/rock/bannister/Bannister/obj/Debug/net8.0-android/android/bin/classes/mono/androidx/appcompat/widget/ViewStubCompat_OnInflateListenerImplementor.class' -> 'goodrive://www.googleapis.com/:personal:/bannister/bannister/obj/Debug/net8.0-android/android/bin/classes/mono/androidx/appcompat/widget/ViewStubCompat_OnInflateListenerImplementor.class' (1,861)
2026-09-22 05:45:26: Copy Over 'C:/rock/bannister/Bannister/obj/Debug/net8.0-android/android/bin/classes/mono/androidx/core/app/SharedElementCallback_OnSharedElementsReadyListenerImplementor.class' -> 'goodrive://www.googleapis.com/:personal:/bannister/bannister/obj/Debug/net8.0-android/android/bin/classes/mono/androidx/core/app/SharedElementCallback_OnSharedElementsReadyListenerImplementor.class' (1,781)
2026-09-22 05:45:27: Copy Over 'C:/rock/bannister/Bannister/obj/Debug/net8.0-android/android/bin/classes/mono/androidx/constraintlayout/motion/widget/MotionLayout_TransitionListenerImplementor.class' -> 'goodrive://www.googleapis.com/:personal:/bannister/bannister/obj/Debug/net8.0-android/android/bin/classes/mono/androidx/constraintlayout/motion/widget/MotionLayout_TransitionListenerImplementor.class' (3,355)
2026-09-22 05:45:27: Copy Over 'C:/rock/bannister/Bannister/obj/Debug/net8.0-android/android/bin/classes/mono/androidx/core/os/CancellationSignal_OnCancelListenerImplementor.class' -> 'goodrive://www.googleapis.com/:personal:/bannister/bannister/obj/Debug/net8.0-android/android/bin/classes/mono/androidx/core/os/CancellationSignal_OnCancelListenerImplementor.class' (1,628)
2026-09-22 05:45:30: Copy Over 'C:/rock/bannister/Bannister/obj/Debug/net8.0-android/android/bin/classes/mono/androidx/core/view/ActionProvider_SubUiVisibilityListenerImplementor.class' -> 'goodrive://www.googleapis.com/:personal:/bannister/bannister/obj/Debug/net8.0-android/android/bin/classes/mono/androidx/core/view/ActionProvider_SubUiVisibilityListenerImplementor.class' (1,731)
2026-09-22 05:45:30: Copy Over 'C:/rock/bannister/Bannister/obj/Debug/net8.0-android/android/bin/classes/mono/androidx/core/view/accessibility/AccessibilityManagerCompat_AccessibilityStateChangeListenerImplementor.class' -> 'goodrive://www.googleapis.com/:personal:/bannister/bannister/obj/Debug/net8.0-android/android/bin/classes/mono/androidx/core/view/accessibility/AccessibilityManagerCompat_AccessibilityStateChangeListenerImplementor.class' (1,939)
2026-09-22 05:45:30: Copy Over 'C:/rock/bannister/Bannister/obj/Debug/net8.0-android/android/bin/classes/mono/androidx/core/view/accessibility/AccessibilityManagerCompat_TouchExplorationStateChangeListenerImplementor.class' -> 'goodrive://www.googleapis.com/:personal:/bannister/bannister/obj/Debug/net8.0-android/android/bin/classes/mono/androidx/core/view/accessibility/AccessibilityManagerCompat_TouchExplorationStateChangeListenerImplementor.class' (1,969)
2026-09-22 05:45:33: Copy Over 'C:/rock/bannister/Bannister/obj/Debug/net8.0-android/android/bin/classes/mono/androidx/core/view/DragStartHelper_OnDragStartListenerImplementor.class' -> 'goodrive://www.googleapis.com/:personal:/bannister/bannister/obj/Debug/net8.0-android/android/bin/classes/mono/androidx/core/view/DragStartHelper_OnDragStartListenerImplementor.class' (1,820)
2026-09-22 05:45:33: Copy Over 'C:/rock/bannister/Bannister/obj/Debug/net8.0-android/android/bin/classes/mono/androidx/core/view/ActionProvider_VisibilityListenerImplementor.class' -> 'goodrive://www.googleapis.com/:personal:/bannister/bannister/obj/Debug/net8.0-android/android/bin/classes/mono/androidx/core/view/ActionProvider_VisibilityListenerImplementor.class' (1,737)
2026-09-22 05:45:33: Copy Over 'C:/rock/bannister/Bannister/obj/Debug/net8.0-android/android/bin/classes/mono/androidx/core/view/MenuItemCompat_OnActionExpandListenerImplementor.class' -> 'goodrive://www.googleapis.com/:personal:/bannister/bannister/obj/Debug/net8.0-android/android/bin/classes/mono/androidx/core/view/MenuItemCompat_OnActionExpandListenerImplementor.class' (2,098)
2026-09-22 05:45:37: Copy Over 'C:/rock/bannister/Bannister/obj/Debug/net8.0-android/android/bin/classes/mono/androidx/core/view/OnApplyWindowInsetsListenerImplementor.class' -> 'goodrive://www.googleapis.com/:personal:/bannister/bannister/obj/Debug/net8.0-android/android/bin/classes/mono/androidx/core/view/OnApplyWindowInsetsListenerImplementor.class' (1,804)
2026-09-22 05:45:37: Copy Over 'C:/rock/bannister/Bannister/obj/Debug/net8.0-android/android/bin/classes/mono/androidx/core/view/OnReceiveContentListenerImplementor.class' -> 'goodrive://www.googleapis.com/:personal:/bannister/bannister/obj/Debug/net8.0-android/android/bin/classes/mono/androidx/core/view/OnReceiveContentListenerImplementor.class' (1,772)
2026-09-22 05:45:37: Copy Over 'C:/rock/bannister/Bannister/obj/Debug/net8.0-android/android/bin/classes/mono/androidx/core/view/inputmethod/InputConnectionCompat_OnCommitContentListenerImplementor.class' -> 'goodrive://www.googleapis.com/:personal:/bannister/bannister/obj/Debug/net8.0-android/android/bin/classes/mono/androidx/core/view/inputmethod/InputConnectionCompat_OnCommitContentListenerImplementor.class' (2,017)
2026-09-22 05:45:40: Copy Over 'C:/rock/bannister/Bannister/obj/Debug/net8.0-android/android/bin/classes/mono/androidx/core/view/WindowInsetsControllerCompat_OnControllableInsetsChangedListenerImplementor.class' -> 'goodrive://www.googleapis.com/:personal:/bannister/bannister/obj/Debug/net8.0-android/android/bin/classes/mono/androidx/core/view/WindowInsetsControllerCompat_OnControllableInsetsChangedListenerImplementor.class' (2,047)
2026-09-22 05:45:41: Copy Over 'C:/rock/bannister/Bannister/obj/Debug/net8.0-android/android/bin/classes/mono/androidx/core/view/ViewPropertyAnimatorListenerImplementor.class' -> 'goodrive://www.googleapis.com/:personal:/bannister/bannister/obj/Debug/net8.0-android/android/bin/classes/mono/androidx/core/view/ViewPropertyAnimatorListenerImplementor.class' (2,151)
2026-09-22 05:45:41: Copy Over 'C:/rock/bannister/Bannister/obj/Debug/net8.0-android/android/bin/classes/mono/androidx/core/view/ViewPropertyAnimatorUpdateListenerImplementor.class' -> 'goodrive://www.googleapis.com/:personal:/bannister/bannister/obj/Debug/net8.0-android/android/bin/classes/mono/androidx/core/view/ViewPropertyAnimatorUpdateListenerImplementor.class' (1,641)
2026-09-22 05:45:43: Copy Over 'C:/rock/bannister/Bannister/obj/Debug/net8.0-android/android/bin/classes/mono/androidx/core/widget/NestedScrollView_OnScrollChangeListenerImplementor.class' -> 'goodrive://www.googleapis.com/:personal:/bannister/bannister/obj/Debug/net8.0-android/android/bin/classes/mono/androidx/core/widget/NestedScrollView_OnScrollChangeListenerImplementor.class' (1,839)
2026-09-22 05:45:44: Copy Over 'C:/rock/bannister/Bannister/obj/Debug/net8.0-android/android/bin/classes/mono/androidx/customview/poolingcontainer/PoolingContainerListenerImplementor.class' -> 'goodrive://www.googleapis.com/:personal:/bannister/bannister/obj/Debug/net8.0-android/android/bin/classes/mono/androidx/customview/poolingcontainer/PoolingContainerListenerImplementor.class' (1,612)
2026-09-22 05:45:44: Copy Over 'C:/rock/bannister/Bannister/obj/Debug/net8.0-android/android/bin/classes/mono/androidx/constraintlayout/widget/SharedValues_SharedValuesListenerImplementor.class' -> 'goodrive://www.googleapis.com/:personal:/bannister/bannister/obj/Debug/net8.0-android/android/bin/classes/mono/androidx/constraintlayout/widget/SharedValues_SharedValuesListenerImplementor.class' (1,747)
2026-09-22 05:45:47: Copy Over 'C:/rock/bannister/Bannister/obj/Debug/net8.0-android/android/bin/classes/mono/androidx/drawerlayout/widget/DrawerLayout_DrawerListenerImplementor.class' -> 'goodrive://www.googleapis.com/:personal:/bannister/bannister/obj/Debug/net8.0-android/android/bin/classes/mono/androidx/drawerlayout/widget/DrawerLayout_DrawerListenerImplementor.class' (2,614)
2026-09-22 05:45:48: Copy Over 'C:/rock/bannister/Bannister/obj/Debug/net8.0-android/android/bin/classes/mono/androidx/dynamicanimation/animation/DynamicAnimation_OnAnimationEndListenerImplementor.class' -> 'goodrive://www.googleapis.com/:personal:/bannister/bannister/obj/Debug/net8.0-android/android/bin/classes/mono/androidx/dynamicanimation/animation/DynamicAnimation_OnAnimationEndListenerImplementor.class' (1,958)
2026-09-22 05:45:48: Copy Over 'C:/rock/bannister/Bannister/obj/Debug/net8.0-android/android/bin/classes/mono/androidx/fragment/app/FragmentManager_OnBackStackChangedListenerImplementor.class' -> 'goodrive://www.googleapis.com/:personal:/bannister/bannister/obj/Debug/net8.0-android/android/bin/classes/mono/androidx/fragment/app/FragmentManager_OnBackStackChangedListenerImplementor.class' (2,488)
2026-09-22 05:45:50: Copy Over 'C:/rock/bannister/Bannister/obj/Debug/net8.0-android/android/bin/classes/mono/androidx/fragment/app/FragmentOnAttachListenerImplementor.class' -> 'goodrive://www.googleapis.com/:personal:/bannister/bannister/obj/Debug/net8.0-android/android/bin/classes/mono/androidx/fragment/app/FragmentOnAttachListenerImplementor.class' (1,764)
2026-09-22 05:45:52: Copy Over 'C:/rock/bannister/Bannister/obj/Debug/net8.0-android/android/bin/classes/mono/androidx/fragment/app/FragmentResultListenerImplementor.class' -> 'goodrive://www.googleapis.com/:personal:/bannister/bannister/obj/Debug/net8.0-android/android/bin/classes/mono/androidx/fragment/app/FragmentResultListenerImplementor.class' (1,652)
2026-09-22 05:45:52: Copy Over 'C:/rock/bannister/Bannister/obj/Debug/net8.0-android/android/bin/classes/mono/androidx/dynamicanimation/animation/DynamicAnimation_OnAnimationUpdateListenerImplementor.class' -> 'goodrive://www.googleapis.com/:personal:/bannister/bannister/obj/Debug/net8.0-android/android/bin/classes/mono/androidx/dynamicanimation/animation/DynamicAnimation_OnAnimationUpdateListenerImplementor.class' (1,983)
2026-09-22 05:45:54: Copy Over 'C:/rock/bannister/Bannister/obj/Debug/net8.0-android/android/bin/classes/mono/androidx/fragment/app/strictmode/FragmentStrictMode_OnViolationListenerImplementor.class' -> 'goodrive://www.googleapis.com/:personal:/bannister/bannister/obj/Debug/net8.0-android/android/bin/classes/mono/androidx/fragment/app/strictmode/FragmentStrictMode_OnViolationListenerImplementor.class' (1,886)
2026-09-22 05:45:55: Copy Over 'C:/rock/bannister/Bannister/obj/Debug/net8.0-android/android/bin/classes/mono/androidx/loader/content/Loader_OnLoadCanceledListenerImplementor.class' -> 'goodrive://www.googleapis.com/:personal:/bannister/bannister/obj/Debug/net8.0-android/android/bin/classes/mono/androidx/loader/content/Loader_OnLoadCanceledListenerImplementor.class' (1,759)
2026-09-22 05:45:55: Copy Over 'C:/rock/bannister/Bannister/obj/Debug/net8.0-android/android/bin/classes/mono/androidx/navigation/NavController_OnDestinationChangedListenerImplementor.class' -> 'goodrive://www.googleapis.com/:personal:/bannister/bannister/obj/Debug/net8.0-android/android/bin/classes/mono/androidx/navigation/NavController_OnDestinationChangedListenerImplementor.class' (2,041)
2026-09-22 05:45:57: Copy Over 'C:/rock/bannister/Bannister/obj/Debug/net8.0-android/android/bin/classes/mono/androidx/loader/content/Loader_OnLoadCompleteListenerImplementor.class' -> 'goodrive://www.googleapis.com/:personal:/bannister/bannister/obj/Debug/net8.0-android/android/bin/classes/mono/androidx/loader/content/Loader_OnLoadCompleteListenerImplementor.class' (1,814)
2026-09-22 05:45:58: Copy Over 'C:/rock/bannister/Bannister/obj/Debug/net8.0-android/android/bin/classes/mono/androidx/navigation/ui/AppBarConfiguration_OnNavigateUpListenerImplementor.class' -> 'goodrive://www.googleapis.com/:personal:/bannister/bannister/obj/Debug/net8.0-android/android/bin/classes/mono/androidx/navigation/ui/AppBarConfiguration_OnNavigateUpListenerImplementor.class' (1,724)
2026-09-22 05:45:58: Copy Over 'C:/rock/bannister/Bannister/obj/Debug/net8.0-android/android/bin/classes/mono/androidx/recyclerview/widget/AsyncListDiffer_ListListenerImplementor.class' -> 'goodrive://www.googleapis.com/:personal:/bannister/bannister/obj/Debug/net8.0-android/android/bin/classes/mono/androidx/recyclerview/widget/AsyncListDiffer_ListListenerImplementor.class' (1,815)
2026-09-22 05:46:01: Copy Over 'C:/rock/bannister/Bannister/obj/Debug/net8.0-android/android/bin/classes/mono/androidx/recyclerview/widget/RecyclerView_ItemAnimator_ItemAnimatorFinishedListenerImplementor.class' -> 'goodrive://www.googleapis.com/:personal:/bannister/bannister/obj/Debug/net8.0-android/android/bin/classes/mono/androidx/recyclerview/widget/RecyclerView_ItemAnimator_ItemAnimatorFinishedListenerImplementor.class' (1,936)
2026-09-22 05:46:01: Copy Over 'C:/rock/bannister/Bannister/obj/Debug/net8.0-android/android/bin/classes/mono/androidx/slidingpanelayout/widget/SlidingPaneLayout_PanelSlideListenerImplementor.class' -> 'goodrive://www.googleapis.com/:personal:/bannister/bannister/obj/Debug/net8.0-android/android/bin/classes/mono/androidx/slidingpanelayout/widget/SlidingPaneLayout_PanelSlideListenerImplementor.class' (2,451)
2026-09-22 05:46:01: Copy Over 'C:/rock/bannister/Bannister/obj/Debug/net8.0-android/android/bin/classes/mono/androidx/recyclerview/widget/RecyclerView_OnChildAttachStateChangeListenerImplementor.class' -> 'goodrive://www.googleapis.com/:personal:/bannister/bannister/obj/Debug/net8.0-android/android/bin/classes/mono/androidx/recyclerview/widget/RecyclerView_OnChildAttachStateChangeListenerImplementor.class' (2,266)
2026-09-22 05:46:04: Copy Over 'C:/rock/bannister/Bannister/obj/Debug/net8.0-android/android/bin/classes/mono/androidx/recyclerview/widget/RecyclerView_OnItemTouchListenerImplementor.class' -> 'goodrive://www.googleapis.com/:personal:/bannister/bannister/obj/Debug/net8.0-android/android/bin/classes/mono/androidx/recyclerview/widget/RecyclerView_OnItemTouchListenerImplementor.class' (2,753)
2026-09-22 05:46:04: Copy Over 'C:/rock/bannister/Bannister/obj/Debug/net8.0-android/android/bin/classes/mono/androidx/recyclerview/widget/RecyclerView_RecyclerListenerImplementor.class' -> 'goodrive://www.googleapis.com/:personal:/bannister/bannister/obj/Debug/net8.0-android/android/bin/classes/mono/androidx/recyclerview/widget/RecyclerView_RecyclerListenerImplementor.class' (1,941)
2026-09-22 05:46:05: Copy Over 'C:/rock/bannister/Bannister/obj/Debug/net8.0-android/android/bin/classes/mono/androidx/transition/Transition_TransitionListenerImplementor.class' -> 'goodrive://www.googleapis.com/:personal:/bannister/bannister/obj/Debug/net8.0-android/android/bin/classes/mono/androidx/transition/Transition_TransitionListenerImplementor.class' (3,013)
2026-09-22 05:46:07: Copy Over 'C:/rock/bannister/Bannister/obj/Debug/net8.0-android/android/bin/classes/mono/androidx/viewpager/widget/ViewPager_OnAdapterChangeListenerImplementor.class' -> 'goodrive://www.googleapis.com/:personal:/bannister/bannister/obj/Debug/net8.0-android/android/bin/classes/mono/androidx/viewpager/widget/ViewPager_OnAdapterChangeListenerImplementor.class' (2,064)
2026-09-22 05:46:07: Copy Over 'C:/rock/bannister/Bannister/obj/Debug/net8.0-android/android/bin/classes/mono/androidx/swiperefreshlayout/widget/SwipeRefreshLayout_OnRefreshListenerImplementor.class' -> 'goodrive://www.googleapis.com/:personal:/bannister/bannister/obj/Debug/net8.0-android/android/bin/classes/mono/androidx/swiperefreshlayout/widget/SwipeRefreshLayout_OnRefreshListenerImplementor.class' (1,756)
2026-09-22 05:46:08: Copy Over 'C:/rock/bannister/Bannister/obj/Debug/net8.0-android/android/bin/classes/mono/androidx/viewpager/widget/ViewPager_OnPageChangeListenerImplementor.class' -> 'goodrive://www.googleapis.com/:personal:/bannister/bannister/obj/Debug/net8.0-android/android/bin/classes/mono/androidx/viewpager/widget/ViewPager_OnPageChangeListenerImplementor.class' (2,231)
2026-09-22 05:46:10: Copy Over 'C:/rock/bannister/Bannister/obj/Debug/net8.0-android/android/bin/classes/mono/com/bumptech/glide/manager/ConnectivityMonitor_ConnectivityListenerImplementor.class' -> 'goodrive://www.googleapis.com/:personal:/bannister/bannister/obj/Debug/net8.0-android/android/bin/classes/mono/com/bumptech/glide/manager/ConnectivityMonitor_ConnectivityListenerImplementor.class' (1,761)
2026-09-22 05:46:11: Copy Over 'C:/rock/bannister/Bannister/obj/Debug/net8.0-android/android/bin/classes/mono/com/bumptech/glide/manager/LifecycleListenerImplementor.class' -> 'goodrive://www.googleapis.com/:personal:/bannister/bannister/obj/Debug/net8.0-android/android/bin/classes/mono/com/bumptech/glide/manager/LifecycleListenerImplementor.class' (1,861)
2026-09-22 05:46:12: Copy Over 'C:/rock/bannister/Bannister/obj/Debug/net8.0-android/android/bin/classes/mono/com/bumptech/glide/load/engine/cache/MemoryCache_ResourceRemovedListenerImplementor.class' -> 'goodrive://www.googleapis.com/:personal:/bannister/bannister/obj/Debug/net8.0-android/android/bin/classes/mono/com/bumptech/glide/load/engine/cache/MemoryCache_ResourceRemovedListenerImplementor.class' (1,885)
2026-09-22 05:46:13: Copy Over 'C:/rock/bannister/Bannister/obj/Debug/net8.0-android/android/bin/classes/mono/com/bumptech/glide/request/RequestListenerImplementor.class' -> 'goodrive://www.googleapis.com/:personal:/bannister/bannister/obj/Debug/net8.0-android/android/bin/classes/mono/com/bumptech/glide/request/RequestListenerImplementor.class' (2,393)
2026-09-22 05:46:14: Copy Over 'C:/rock/bannister/Bannister/obj/Debug/net8.0-android/android/bin/classes/mono/MonoPackageManager_Resources.class' -> 'goodrive://www.googleapis.com/:personal:/bannister/bannister/obj/Debug/net8.0-android/android/bin/classes/mono/MonoPackageManager_Resources.class' (6,057)
2026-09-22 05:46:15: Copy Over 'C:/rock/bannister/Bannister/obj/Debug/net8.0-android/android/bin/classes/mono/MonoRuntimeProvider.class' -> 'goodrive://www.googleapis.com/:personal:/bannister/bannister/obj/Debug/net8.0-android/android/bin/classes/mono/MonoRuntimeProvider.class' (1,980)
2026-09-22 05:46:17: Copy Over 'C:/rock/bannister/Bannister/obj/Debug/net8.0-android/android/bin/classes/mono/com/google/android/material/animation/AnimatableView_ListenerImplementor.class' -> 'goodrive://www.googleapis.com/:personal:/bannister/bannister/obj/Debug/net8.0-android/android/bin/classes/mono/com/google/android/material/animation/AnimatableView_ListenerImplementor.class' (1,695)
2026-09-22 05:46:17: Copy Over 'C:/rock/bannister/Bannister/obj/Debug/net8.0-android/android/bin/classes/mono/com/google/android/material/appbar/AppBarLayout_LiftOnScrollListenerImplementor.class' -> 'goodrive://www.googleapis.com/:personal:/bannister/bannister/obj/Debug/net8.0-android/android/bin/classes/mono/com/google/android/material/appbar/AppBarLayout_LiftOnScrollListenerImplementor.class' (1,733)
2026-09-22 05:46:19: Copy Over 'C:/rock/bannister/Bannister/obj/Debug/net8.0-android/android/bin/classes/mono/com/google/android/material/appbar/AppBarLayout_OnOffsetChangedListenerImplementor.class' -> 'goodrive://www.googleapis.com/:personal:/bannister/bannister/obj/Debug/net8.0-android/android/bin/classes/mono/com/google/android/material/appbar/AppBarLayout_OnOffsetChangedListenerImplementor.class' (1,923)
2026-09-22 05:46:20: Copy Over 'C:/rock/bannister/Bannister/obj/Debug/net8.0-android/android/bin/classes/mono/com/google/android/material/behavior/HideBottomViewOnScrollBehavior_OnScrollStateChangedListenerImplementor.class' -> 'goodrive://www.googleapis.com/:personal:/bannister/bannister/obj/Debug/net8.0-android/android/bin/classes/mono/com/google/android/material/behavior/HideBottomViewOnScrollBehavior_OnScrollStateChangedListenerImplementor.class' (1,977)
2026-09-22 05:46:20: Copy Over 'C:/rock/bannister/Bannister/obj/Debug/net8.0-android/android/bin/classes/mono/com/google/android/material/button/MaterialButton_OnCheckedChangeListenerImplementor.class' -> 'goodrive://www.googleapis.com/:personal:/bannister/bannister/obj/Debug/net8.0-android/android/bin/classes/mono/com/google/android/material/button/MaterialButton_OnCheckedChangeListenerImplementor.class' (1,945)
2026-09-22 05:46:22: Copy Over 'C:/rock/bannister/Bannister/obj/Debug/net8.0-android/android/bin/classes/mono/com/google/android/material/button/MaterialButtonToggleGroup_OnButtonCheckedListenerImplementor.class' -> 'goodrive://www.googleapis.com/:personal:/bannister/bannister/obj/Debug/net8.0-android/android/bin/classes/mono/com/google/android/material/button/MaterialButtonToggleGroup_OnButtonCheckedListenerImplementor.class' (2,044)
2026-09-22 05:46:23: Copy Over 'C:/rock/bannister/Bannister/obj/Debug/net8.0-android/android/bin/classes/mono/com/google/android/material/behavior/SwipeDismissBehavior_OnDismissListenerImplementor.class' -> 'goodrive://www.googleapis.com/:personal:/bannister/bannister/obj/Debug/net8.0-android/android/bin/classes/mono/com/google/android/material/behavior/SwipeDismissBehavior_OnDismissListenerImplementor.class' (2,114)
2026-09-22 05:46:24: Copy Over 'C:/rock/bannister/Bannister/obj/Debug/net8.0-android/android/bin/classes/mono/com/google/android/material/card/MaterialCardView_OnCheckedChangeListenerImplementor.class' -> 'goodrive://www.googleapis.com/:personal:/bannister/bannister/obj/Debug/net8.0-android/android/bin/classes/mono/com/google/android/material/card/MaterialCardView_OnCheckedChangeListenerImplementor.class' (1,947)
2026-09-22 05:46:25: Copy Over 'C:/rock/bannister/Bannister/obj/Debug/net8.0-android/android/bin/classes/mono/com/google/android/material/carousel/OnMaskChangedListenerImplementor.class' -> 'goodrive://www.googleapis.com/:personal:/bannister/bannister/obj/Debug/net8.0-android/android/bin/classes/mono/com/google/android/material/carousel/OnMaskChangedListenerImplementor.class' (1,659)
2026-09-22 05:46:27: Copy Over 'C:/rock/bannister/Bannister/obj/Debug/net8.0-android/android/bin/classes/mono/com/google/android/material/checkbox/MaterialCheckBox_OnCheckedStateChangedListenerImplementor.class' -> 'goodrive://www.googleapis.com/:personal:/bannister/bannister/obj/Debug/net8.0-android/android/bin/classes/mono/com/google/android/material/checkbox/MaterialCheckBox_OnCheckedStateChangedListenerImplementor.class' (2,067)
2026-09-22 05:46:28: Copy Over 'C:/rock/bannister/Bannister/obj/Debug/net8.0-android/android/bin/classes/mono/com/google/android/material/chip/ChipGroup_OnCheckedChangeListenerImplementor.class' -> 'goodrive://www.googleapis.com/:personal:/bannister/bannister/obj/Debug/net8.0-android/android/bin/classes/mono/com/google/android/material/chip/ChipGroup_OnCheckedChangeListenerImplementor.class' (1,884)
2026-09-22 05:46:29: Copy Over 'C:/rock/bannister/Bannister/obj/Debug/net8.0-android/android/bin/classes/mono/com/google/android/material/chip/ChipGroup_OnCheckedStateChangeListenerImplementor.class' -> 'goodrive://www.googleapis.com/:personal:/bannister/bannister/obj/Debug/net8.0-android/android/bin/classes/mono/com/google/android/material/chip/ChipGroup_OnCheckedStateChangeListenerImplementor.class' (1,959)
2026-09-22 05:46:31: Copy Over 'C:/rock/bannister/Bannister/obj/Debug/net8.0-android/android/bin/classes/mono/com/google/android/material/checkbox/MaterialCheckBox_OnErrorChangedListenerImplementor.class' -> 'goodrive://www.googleapis.com/:personal:/bannister/bannister/obj/Debug/net8.0-android/android/bin/classes/mono/com/google/android/material/checkbox/MaterialCheckBox_OnErrorChangedListenerImplementor.class' (1,965)
2026-09-22 05:46:31: Copy Over 'C:/rock/bannister/Bannister/obj/Debug/net8.0-android/android/bin/classes/mono/com/google/android/material/datepicker/MaterialPickerOnPositiveButtonClickListenerImplementor.class' -> 'goodrive://www.googleapis.com/:personal:/bannister/bannister/obj/Debug/net8.0-android/android/bin/classes/mono/com/google/android/material/datepicker/MaterialPickerOnPositiveButtonClickListenerImplementor.class' (1,767)
2026-09-22 05:46:32: Copy Over 'C:/rock/bannister/Bannister/obj/Debug/net8.0-android/android/bin/classes/mono/com/google/android/material/internal/CheckableGroup_OnCheckedStateChangeListenerImplementor.class' -> 'goodrive://www.googleapis.com/:personal:/bannister/bannister/obj/Debug/net8.0-android/android/bin/classes/mono/com/google/android/material/internal/CheckableGroup_OnCheckedStateChangeListenerImplementor.class' (1,893)
2026-09-22 05:46:34: Copy Over 'C:/rock/bannister/Bannister/obj/Debug/net8.0-android/android/bin/classes/mono/com/google/android/material/internal/MaterialCheckable_OnCheckedChangeListenerImplementor.class' -> 'goodrive://www.googleapis.com/:personal:/bannister/bannister/obj/Debug/net8.0-android/android/bin/classes/mono/com/google/android/material/internal/MaterialCheckable_OnCheckedChangeListenerImplementor.class' (1,872)
2026-09-22 05:46:34: Copy Over 'C:/rock/bannister/Bannister/obj/Debug/net8.0-android/android/bin/classes/mono/com/google/android/material/internal/ViewUtils_OnApplyWindowInsetsListenerImplementor.class' -> 'goodrive://www.googleapis.com/:personal:/bannister/bannister/obj/Debug/net8.0-android/android/bin/classes/mono/com/google/android/material/internal/ViewUtils_OnApplyWindowInsetsListenerImplementor.class' (2,338)
2026-09-22 05:46:36: Copy Over 'C:/rock/bannister/Bannister/obj/Debug/net8.0-android/android/bin/classes/mono/com/google/android/material/navigation/NavigationBarView_OnItemReselectedListenerImplementor.class' -> 'goodrive://www.googleapis.com/:personal:/bannister/bannister/obj/Debug/net8.0-android/android/bin/classes/mono/com/google/android/material/navigation/NavigationBarView_OnItemReselectedListenerImplementor.class' (1,941)
2026-09-22 05:46:37: Copy Over 'C:/rock/bannister/Bannister/obj/Debug/net8.0-android/android/bin/classes/mono/com/google/android/material/search/SearchView_TransitionListenerImplementor.class' -> 'goodrive://www.googleapis.com/:personal:/bannister/bannister/obj/Debug/net8.0-android/android/bin/classes/mono/com/google/android/material/search/SearchView_TransitionListenerImplementor.class' (2,340)
2026-09-22 05:46:37: Copy Over 'C:/rock/bannister/Bannister/obj/Debug/net8.0-android/android/bin/classes/mono/com/google/android/material/navigation/NavigationBarView_OnItemSelectedListenerImplementor.class' -> 'goodrive://www.googleapis.com/:personal:/bannister/bannister/obj/Debug/net8.0-android/android/bin/classes/mono/com/google/android/material/navigation/NavigationBarView_OnItemSelectedListenerImplementor.class' (1,917)
2026-09-22 05:46:39: Copy Over 'C:/rock/bannister/Bannister/obj/Debug/net8.0-android/android/bin/classes/mono/com/google/android/material/navigation/NavigationView_OnNavigationItemSelectedListenerImplementor.class' -> 'goodrive://www.googleapis.com/:personal:/bannister/bannister/obj/Debug/net8.0-android/android/bin/classes/mono/com/google/android/material/navigation/NavigationView_OnNavigationItemSelectedListenerImplementor.class' (1,959)
2026-09-22 05:46:40: Copy Over 'C:/rock/bannister/Bannister/obj/Debug/net8.0-android/android/bin/classes/mono/com/google/android/material/shape/ShapeAppearancePathProvider_PathListenerImplementor.class' -> 'goodrive://www.googleapis.com/:personal:/bannister/bannister/obj/Debug/net8.0-android/android/bin/classes/mono/com/google/android/material/shape/ShapeAppearancePathProvider_PathListenerImplementor.class' (2,439)
2026-09-22 05:46:41: Copy Over 'C:/rock/bannister/Bannister/obj/Debug/net8.0-android/android/bin/classes/mono/com/google/android/material/slider/BaseOnChangeListenerImplementor.class' -> 'goodrive://www.googleapis.com/:personal:/bannister/bannister/obj/Debug/net8.0-android/android/bin/classes/mono/com/google/android/material/slider/BaseOnChangeListenerImplementor.class' (1,636)
2026-09-22 05:46:43: Copy Over 'C:/rock/bannister/Bannister/obj/Debug/net8.0-android/android/bin/classes/mono/com/google/android/material/slider/BaseOnSliderTouchListenerImplementor.class' -> 'goodrive://www.googleapis.com/:personal:/bannister/bannister/obj/Debug/net8.0-android/android/bin/classes/mono/com/google/android/material/slider/BaseOnSliderTouchListenerImplementor.class' (1,960)
2026-09-22 05:46:44: Copy Over 'C:/rock/bannister/Bannister/obj/Debug/net8.0-android/android/bin/classes/mono/com/google/android/material/tabs/TabLayout_BaseOnTabSelectedListenerImplementor.class' -> 'goodrive://www.googleapis.com/:personal:/bannister/bannister/obj/Debug/net8.0-android/android/bin/classes/mono/com/google/android/material/tabs/TabLayout_BaseOnTabSelectedListenerImplementor.class' (2,652)
2026-09-22 05:46:44: > Copy Over 'C:/rock/bannister/Bannister/obj/Debug/net8.0-android/android/bin/classes2.dex' -> 'goodrive://www.googleapis.com/:personal:/bannister/bannister/obj/Debug/net8.0-android/android/bin/classes2.dex' (7,168,352)
2026-09-22 05:46:44: Copy Over 'C:/rock/bannister/Bannister/obj/Debug/net8.0-android/android/bin/classes/mono/com/google/android/material/textfield/TextInputLayout_OnEditTextAttachedListenerImplementor.class' -> 'goodrive://www.googleapis.com/:personal:/bannister/bannister/obj/Debug/net8.0-android/android/bin/classes/mono/com/google/android/material/textfield/TextInputLayout_OnEditTextAttachedListenerImplementor.class' (2,000)
2026-09-22 05:46:44: > Copy Over 'C:/rock/bannister/Bannister/obj/Debug/net8.0-android/android/bin/com.bannister.app.apk' -> 'goodrive://www.googleapis.com/:personal:/bannister/bannister/obj/Debug/net8.0-android/android/bin/com.bannister.app.apk' (65,768,040)
2026-09-22 05:46:46: Copy Over 'C:/rock/bannister/Bannister/obj/Debug/net8.0-android/android/bin/classes/mono/com/google/android/material/textfield/TextInputLayout_OnEndIconChangedListenerImplementor.class' -> 'goodrive://www.googleapis.com/:personal:/bannister/bannister/obj/Debug/net8.0-android/android/bin/classes/mono/com/google/android/material/textfield/TextInputLayout_OnEndIconChangedListenerImplementor.class' (1,984)
2026-09-22 05:46:46: > Copy Over 'C:/rock/bannister/Bannister/obj/Debug/net8.0-android/android/bin/packaged_resources' -> 'goodrive://www.googleapis.com/:personal:/bannister/bannister/obj/Debug/net8.0-android/android/bin/packaged_resources' (28,115,731)
2026-09-22 05:46:48: < Copy Over 'C:/rock/bannister/Bannister/obj/Debug/net8.0-android/android/bin/classes2.dex' -> 'goodrive://www.googleapis.com/:personal:/bannister/bannister/obj/Debug/net8.0-android/android/bin/classes2.dex' (7,168,352)
2026-09-22 05:46:48: > Copy Over 'C:/rock/bannister/Bannister/obj/Debug/net8.0-android/android/assets/Bannister.pdb' -> 'goodrive://www.googleapis.com/:personal:/bannister/bannister/obj/Debug/net8.0-android/android/assets/Bannister.pdb' (1,707,244)
2026-09-22 05:46:52: < Copy Over 'C:/rock/bannister/Bannister/obj/Debug/net8.0-android/android/assets/Bannister.pdb' -> 'goodrive://www.googleapis.com/:personal:/bannister/bannister/obj/Debug/net8.0-android/android/assets/Bannister.pdb' (1,707,244)
2026-09-22 05:46:53: < Copy Over 'C:/rock/bannister/Bannister/obj/Debug/net8.0-android/android/bin/packaged_resources' -> 'goodrive://www.googleapis.com/:personal:/bannister/bannister/obj/Debug/net8.0-android/android/bin/packaged_resources' (28,115,731)
2026-09-22 05:46:54: < Copy Over 'C:/rock/bannister/Bannister/obj/Debug/net8.0-android/android/bin/com.bannister.app.apk' -> 'goodrive://www.googleapis.com/:personal:/bannister/bannister/obj/Debug/net8.0-android/android/bin/com.bannister.app.apk' (65,768,040)
2026-09-22 05:46:56: Copy Over 'C:/rock/bannister/Bannister/obj/Debug/net8.0-android/android/compressed_assemblies.arm64-v8a.o' -> 'goodrive://www.googleapis.com/:personal:/bannister/bannister/obj/Debug/net8.0-android/android/compressed_assemblies.arm64-v8a.o' (848)
2026-09-22 05:46:56: Copy Over 'C:/rock/bannister/Bannister/obj/Debug/net8.0-android/android/compressed_assemblies.armeabi-v7a.o' -> 'goodrive://www.googleapis.com/:personal:/bannister/bannister/obj/Debug/net8.0-android/android/compressed_assemblies.armeabi-v7a.o' (700)
2026-09-22 05:46:58: Copy Over 'C:/rock/bannister/Bannister/obj/Debug/net8.0-android/android/compressed_assemblies.x86.o' -> 'goodrive://www.googleapis.com/:personal:/bannister/bannister/obj/Debug/net8.0-android/android/compressed_assemblies.x86.o' (576)
2026-09-22 05:46:59: Copy Over 'C:/rock/bannister/Bannister/obj/Debug/net8.0-android/android/compressed_assemblies.x86_64.o' -> 'goodrive://www.googleapis.com/:personal:/bannister/bannister/obj/Debug/net8.0-android/android/compressed_assemblies.x86_64.o' (792)
2026-09-22 05:47:00: Copy Over 'C:/rock/bannister/Bannister/obj/Debug/net8.0-android/android/environment.arm64-v8a.ll' -> 'goodrive://www.googleapis.com/:personal:/bannister/bannister/obj/Debug/net8.0-android/android/environment.arm64-v8a.ll' (154,586)
2026-09-22 05:47:01: Copy Over 'C:/rock/bannister/Bannister/obj/Debug/net8.0-android/android/environment.arm64-v8a.o' -> 'goodrive://www.googleapis.com/:personal:/bannister/bannister/obj/Debug/net8.0-android/android/environment.arm64-v8a.o' (47,800)
2026-09-22 05:47:03: Copy Over 'C:/rock/bannister/Bannister/obj/Debug/net8.0-android/android/environment.armeabi-v7a.o' -> 'goodrive://www.googleapis.com/:personal:/bannister/bannister/obj/Debug/net8.0-android/android/environment.armeabi-v7a.o' (32,924)
2026-09-22 05:47:03: Copy Over 'C:/rock/bannister/Bannister/obj/Debug/net8.0-android/android/environment.armeabi-v7a.ll' -> 'goodrive://www.googleapis.com/:personal:/bannister/bannister/obj/Debug/net8.0-android/android/environment.armeabi-v7a.ll' (153,561)
2026-09-22 05:47:05: Copy Over 'C:/rock/bannister/Bannister/obj/Debug/net8.0-android/android/environment.x86.ll' -> 'goodrive://www.googleapis.com/:personal:/bannister/bannister/obj/Debug/net8.0-android/android/environment.x86.ll' (153,578)
2026-09-22 05:47:07: Copy Over 'C:/rock/bannister/Bannister/obj/Debug/net8.0-android/android/environment.x86.o' -> 'goodrive://www.googleapis.com/:personal:/bannister/bannister/obj/Debug/net8.0-android/android/environment.x86.o' (32,608)
2026-09-22 05:47:07: Copy Over 'C:/rock/bannister/Bannister/obj/Debug/net8.0-android/android/environment.x86_64.ll' -> 'goodrive://www.googleapis.com/:personal:/bannister/bannister/obj/Debug/net8.0-android/android/environment.x86_64.ll' (154,724)
2026-09-22 05:47:08: Copy Over 'C:/rock/bannister/Bannister/obj/Debug/net8.0-android/android/environment.x86_64.o' -> 'goodrive://www.googleapis.com/:personal:/bannister/bannister/obj/Debug/net8.0-android/android/environment.x86_64.o' (47,904)
2026-09-22 05:47:10: Copy Over 'C:/rock/bannister/Bannister/obj/Debug/net8.0-android/android/jni_remap.arm64-v8a.o' -> 'goodrive://www.googleapis.com/:personal:/bannister/bannister/obj/Debug/net8.0-android/android/jni_remap.arm64-v8a.o' (968)
2026-09-22 05:47:11: Copy Over 'C:/rock/bannister/Bannister/obj/Debug/net8.0-android/android/jni_remap.armeabi-v7a.o' -> 'goodrive://www.googleapis.com/:personal:/bannister/bannister/obj/Debug/net8.0-android/android/jni_remap.armeabi-v7a.o' (784)
2026-09-22 05:47:11: Copy Over 'C:/rock/bannister/Bannister/obj/Debug/net8.0-android/android/jni_remap.x86.o' -> 'goodrive://www.googleapis.com/:personal:/bannister/bannister/obj/Debug/net8.0-android/android/jni_remap.x86.o' (660)
2026-09-22 05:47:14: Copy Over 'C:/rock/bannister/Bannister/obj/Debug/net8.0-android/android/jni_remap.x86_64.o' -> 'goodrive://www.googleapis.com/:personal:/bannister/bannister/obj/Debug/net8.0-android/android/jni_remap.x86_64.o' (912)
2026-09-22 05:47:14: Copy Over 'C:/rock/bannister/Bannister/obj/Debug/net8.0-android/android/marshal_methods.arm64-v8a.o' -> 'goodrive://www.googleapis.com/:personal:/bannister/bannister/obj/Debug/net8.0-android/android/marshal_methods.arm64-v8a.o' (10,056)
2026-09-22 05:47:15: Copy Over 'C:/rock/bannister/Bannister/obj/Debug/net8.0-android/android/manifest/AndroidManifest.xml' -> 'goodrive://www.googleapis.com/:personal:/bannister/bannister/obj/Debug/net8.0-android/android/manifest/AndroidManifest.xml' (4,994)
2026-09-22 05:47:17: Copy Over 'C:/rock/bannister/Bannister/obj/Debug/net8.0-android/android/marshal_methods.armeabi-v7a.o' -> 'goodrive://www.googleapis.com/:personal:/bannister/bannister/obj/Debug/net8.0-android/android/marshal_methods.armeabi-v7a.o' (6,792)
2026-09-22 05:47:17: > Copy Over 'C:/rock/bannister/Bannister/obj/Debug/net8.0-android/android/typemaps.arm64-v8a.o' -> 'goodrive://www.googleapis.com/:personal:/bannister/bannister/obj/Debug/net8.0-android/android/typemaps.arm64-v8a.o' (3,181,888)
2026-09-22 05:47:18: Copy Over 'C:/rock/bannister/Bannister/obj/Debug/net8.0-android/android/marshal_methods.x86.o' -> 'goodrive://www.googleapis.com/:personal:/bannister/bannister/obj/Debug/net8.0-android/android/marshal_methods.x86.o' (6,760)
2026-09-22 05:47:18: > Copy Over 'C:/rock/bannister/Bannister/obj/Debug/net8.0-android/android/typemaps.armeabi-v7a.o' -> 'goodrive://www.googleapis.com/:personal:/bannister/bannister/obj/Debug/net8.0-android/android/typemaps.armeabi-v7a.o' (2,100,812)
2026-09-22 05:47:19: Copy Over 'C:/rock/bannister/Bannister/obj/Debug/net8.0-android/android/marshal_methods.x86_64.o' -> 'goodrive://www.googleapis.com/:personal:/bannister/bannister/obj/Debug/net8.0-android/android/marshal_methods.x86_64.o' (9,912)
2026-09-22 05:47:19: > Copy Over 'C:/rock/bannister/Bannister/obj/Debug/net8.0-android/android/typemaps.x86.o' -> 'goodrive://www.googleapis.com/:personal:/bannister/bannister/obj/Debug/net8.0-android/android/typemaps.x86.o' (2,100,688)
2026-09-22 05:47:21: < Copy Over 'C:/rock/bannister/Bannister/obj/Debug/net8.0-android/android/typemaps.armeabi-v7a.o' -> 'goodrive://www.googleapis.com/:personal:/bannister/bannister/obj/Debug/net8.0-android/android/typemaps.armeabi-v7a.o' (2,100,812)
2026-09-22 05:47:21: > Copy Over 'C:/rock/bannister/Bannister/obj/Debug/net8.0-android/android/typemaps.x86_64.o' -> 'goodrive://www.googleapis.com/:personal:/bannister/bannister/obj/Debug/net8.0-android/android/typemaps.x86_64.o' (3,370,672)
2026-09-22 05:47:22: < Copy Over 'C:/rock/bannister/Bannister/obj/Debug/net8.0-android/android/typemaps.arm64-v8a.o' -> 'goodrive://www.googleapis.com/:personal:/bannister/bannister/obj/Debug/net8.0-android/android/typemaps.arm64-v8a.o' (3,181,888)
2026-09-22 05:47:23: < Copy Over 'C:/rock/bannister/Bannister/obj/Debug/net8.0-android/android/typemaps.x86.o' -> 'goodrive://www.googleapis.com/:personal:/bannister/bannister/obj/Debug/net8.0-android/android/typemaps.x86.o' (2,100,688)
2026-09-22 05:47:26: < Copy Over 'C:/rock/bannister/Bannister/obj/Debug/net8.0-android/android/typemaps.x86_64.o' -> 'goodrive://www.googleapis.com/:personal:/bannister/bannister/obj/Debug/net8.0-android/android/typemaps.x86_64.o' (3,370,672)
2026-09-22 05:47:26: Copy Over 'C:/rock/bannister/Bannister/obj/Debug/net8.0-android/android-arm64/Bannister.assets.cache' -> 'goodrive://www.googleapis.com/:personal:/bannister/bannister/obj/Debug/net8.0-android/android-arm64/Bannister.assets.cache' (101,439)
2026-09-22 05:47:26: Copy Over 'C:/rock/bannister/Bannister/obj/Debug/net8.0-android/android-x64/Bannister.assets.cache' -> 'goodrive://www.googleapis.com/:personal:/bannister/bannister/obj/Debug/net8.0-android/android-x64/Bannister.assets.cache' (101,435)
2026-09-22 05:47:29: Copy Over 'C:/rock/bannister/Bannister/obj/Debug/net8.0-android/assets/AboutAssets.txt' -> 'goodrive://www.googleapis.com/:personal:/bannister/bannister/obj/Debug/net8.0-android/assets/AboutAssets.txt' (642)
2026-09-22 05:47:29: > Copy Over 'C:/rock/bannister/Bannister/obj/Debug/net8.0-android/app_shared_libraries/arm64-v8a/libxamarin-app.so' -> 'goodrive://www.googleapis.com/:personal:/bannister/bannister/obj/Debug/net8.0-android/app_shared_libraries/arm64-v8a/libxamarin-app.so' (3,240,856)
2026-09-22 05:47:29: Copy Over 'C:/rock/bannister/Bannister/obj/Debug/net8.0-android/android_debug_keystore.flag' -> 'goodrive://www.googleapis.com/:personal:/bannister/bannister/obj/Debug/net8.0-android/android_debug_keystore.flag' (0)
2026-09-22 05:47:29: Copy Over 'C:/rock/bannister/Bannister/obj/Debug/net8.0-android/android-x86/Bannister.assets.cache' -> 'goodrive://www.googleapis.com/:personal:/bannister/bannister/obj/Debug/net8.0-android/android-x86/Bannister.assets.cache' (101,435)
2026-09-22 05:47:33: Copy Over 'C:/rock/bannister/Bannister/obj/Debug/net8.0-android/assets/OpenSans-Semibold.ttf' -> 'goodrive://www.googleapis.com/:personal:/bannister/bannister/obj/Debug/net8.0-android/assets/OpenSans-Semibold.ttf' (111,184)
2026-09-22 05:47:33: > Copy Over 'C:/rock/bannister/Bannister/obj/Debug/net8.0-android/app_shared_libraries/armeabi-v7a/libxamarin-app.so' -> 'goodrive://www.googleapis.com/:personal:/bannister/bannister/obj/Debug/net8.0-android/app_shared_libraries/armeabi-v7a/libxamarin-app.so' (2,141,372)
2026-09-22 05:47:33: Copy Over 'C:/rock/bannister/Bannister/obj/Debug/net8.0-android/assets/OpenSans-Regular.ttf' -> 'goodrive://www.googleapis.com/:personal:/bannister/bannister/obj/Debug/net8.0-android/assets/OpenSans-Regular.ttf' (107,276)
2026-09-22 05:47:33: > Copy Over 'C:/rock/bannister/Bannister/obj/Debug/net8.0-android/app_shared_libraries/x86/libxamarin-app.so' -> 'goodrive://www.googleapis.com/:personal:/bannister/bannister/obj/Debug/net8.0-android/app_shared_libraries/x86/libxamarin-app.so' (2,140,920)
2026-09-22 05:47:33: < Copy Over 'C:/rock/bannister/Bannister/obj/Debug/net8.0-android/app_shared_libraries/arm64-v8a/libxamarin-app.so' -> 'goodrive://www.googleapis.com/:personal:/bannister/bannister/obj/Debug/net8.0-android/app_shared_libraries/arm64-v8a/libxamarin-app.so' (3,240,856)
2026-09-22 05:47:37: Copy Over 'C:/rock/bannister/Bannister/obj/Debug/net8.0-android/Bannister.AssemblyInfo.cs' -> 'goodrive://www.googleapis.com/:personal:/bannister/bannister/obj/Debug/net8.0-android/Bannister.AssemblyInfo.cs' (1,160)
2026-09-22 05:47:37: < Copy Over 'C:/rock/bannister/Bannister/obj/Debug/net8.0-android/app_shared_libraries/x86/libxamarin-app.so' -> 'goodrive://www.googleapis.com/:personal:/bannister/bannister/obj/Debug/net8.0-android/app_shared_libraries/x86/libxamarin-app.so' (2,140,920)
2026-09-22 05:47:37: > Copy Over 'C:/rock/bannister/Bannister/obj/Debug/net8.0-android/app_shared_libraries/x86_64/libxamarin-app.so' -> 'goodrive://www.googleapis.com/:personal:/bannister/bannister/obj/Debug/net8.0-android/app_shared_libraries/x86_64/libxamarin-app.so' (3,429,200)
2026-09-22 05:47:37: < Copy Over 'C:/rock/bannister/Bannister/obj/Debug/net8.0-android/app_shared_libraries/armeabi-v7a/libxamarin-app.so' -> 'goodrive://www.googleapis.com/:personal:/bannister/bannister/obj/Debug/net8.0-android/app_shared_libraries/armeabi-v7a/libxamarin-app.so' (2,141,372)
2026-09-22 05:47:40: Copy Over 'C:/rock/bannister/Bannister/obj/Debug/net8.0-android/Bannister.AssemblyInfoInputs.cache' -> 'goodrive://www.googleapis.com/:personal:/bannister/bannister/obj/Debug/net8.0-android/Bannister.AssemblyInfoInputs.cache' (66)
2026-09-22 05:47:40: Copy Over 'C:/rock/bannister/Bannister/obj/Debug/net8.0-android/Bannister.assets.cache' -> 'goodrive://www.googleapis.com/:personal:/bannister/bannister/obj/Debug/net8.0-android/Bannister.assets.cache' (102,481)
2026-09-22 05:47:40: > Copy Over 'C:/rock/bannister/Bannister/obj/Debug/net8.0-android/Bannister.dll' -> 'goodrive://www.googleapis.com/:personal:/bannister/bannister/obj/Debug/net8.0-android/Bannister.dll' (7,945,216)
2026-09-22 05:47:41: < Copy Over 'C:/rock/bannister/Bannister/obj/Debug/net8.0-android/app_shared_libraries/x86_64/libxamarin-app.so' -> 'goodrive://www.googleapis.com/:personal:/bannister/bannister/obj/Debug/net8.0-android/app_shared_libraries/x86_64/libxamarin-app.so' (3,429,200)
2026-09-22 05:47:41: > Copy Over 'C:/rock/bannister/Bannister/obj/Debug/net8.0-android/Bannister.pdb' -> 'goodrive://www.googleapis.com/:personal:/bannister/bannister/obj/Debug/net8.0-android/Bannister.pdb' (1,707,244)
2026-09-22 05:47:44: Copy Over 'C:/rock/bannister/Bannister/obj/Debug/net8.0-android/Bannister.csproj.CoreCompileInputs.cache' -> 'goodrive://www.googleapis.com/:personal:/bannister/bannister/obj/Debug/net8.0-android/Bannister.csproj.CoreCompileInputs.cache' (66)
2026-09-22 05:47:44: < Copy Over 'C:/rock/bannister/Bannister/obj/Debug/net8.0-android/Bannister.pdb' -> 'goodrive://www.googleapis.com/:personal:/bannister/bannister/obj/Debug/net8.0-android/Bannister.pdb' (1,707,244)
2026-09-22 05:47:45: < Copy Over 'C:/rock/bannister/Bannister/obj/Debug/net8.0-android/Bannister.dll' -> 'goodrive://www.googleapis.com/:personal:/bannister/bannister/obj/Debug/net8.0-android/Bannister.dll' (7,945,216)
2026-09-22 05:47:47: Copy Over 'C:/rock/bannister/Bannister/obj/Debug/net8.0-android/Bannister.runtimeconfig.json.bin' -> 'goodrive://www.googleapis.com/:personal:/bannister/bannister/obj/Debug/net8.0-android/Bannister.runtimeconfig.json.bin' (953)
2026-09-22 05:47:47: Copy Over 'C:/rock/bannister/Bannister/obj/Debug/net8.0-android/Bannister.sourcelink.json' -> 'goodrive://www.googleapis.com/:personal:/bannister/bannister/obj/Debug/net8.0-android/Bannister.sourcelink.json' (141)
2026-09-22 05:47:48: Copy Over 'C:/rock/bannister/Bannister/obj/Debug/net8.0-android/buildid.txt' -> 'goodrive://www.googleapis.com/:personal:/bannister/bannister/obj/Debug/net8.0-android/buildid.txt' (38)
2026-09-22 05:47:51: Copy Over 'C:/rock/bannister/Bannister/obj/Debug/net8.0-android/case_map.txt' -> 'goodrive://www.googleapis.com/:personal:/bannister/bannister/obj/Debug/net8.0-android/case_map.txt' (1,251)
2026-09-22 05:47:51: Copy Over 'C:/rock/bannister/Bannister/obj/Debug/net8.0-android/libraryprojectimports.cache' -> 'goodrive://www.googleapis.com/:personal:/bannister/bannister/obj/Debug/net8.0-android/libraryprojectimports.cache' (40,178)
2026-09-22 05:47:52: Copy Over 'C:/rock/bannister/Bannister/obj/Debug/net8.0-android/flat/values_colors.arsc.flat' -> 'goodrive://www.googleapis.com/:personal:/bannister/bannister/obj/Debug/net8.0-android/flat/values_colors.arsc.flat' (348)
2026-09-22 05:47:54: Copy Over 'C:/rock/bannister/Bannister/obj/Debug/net8.0-android/R.cs.flag' -> 'goodrive://www.googleapis.com/:personal:/bannister/bannister/obj/Debug/net8.0-android/R.cs.flag' (0)
2026-09-22 05:47:55: Copy Over 'C:/rock/bannister/Bannister/obj/Debug/net8.0-android/lp/100/jl/flat/100.flata' -> 'goodrive://www.googleapis.com/:personal:/bannister/bannister/obj/Debug/net8.0-android/lp/100/jl/flat/100.flata' (256)
2026-09-22 05:47:55: Copy Over 'C:/rock/bannister/Bannister/obj/Debug/net8.0-android/lp/101/jl/flat/101.flata' -> 'goodrive://www.googleapis.com/:personal:/bannister/bannister/obj/Debug/net8.0-android/lp/101/jl/flat/101.flata' (352)
2026-09-22 05:47:57: Copy Over 'C:/rock/bannister/Bannister/obj/Debug/net8.0-android/lp/103/jl/flat/103.flata' -> 'goodrive://www.googleapis.com/:personal:/bannister/bannister/obj/Debug/net8.0-android/lp/103/jl/flat/103.flata' (256)
2026-09-22 05:47:58: Copy Over 'C:/rock/bannister/Bannister/obj/Debug/net8.0-android/lp/104/jl/flat/104.flata' -> 'goodrive://www.googleapis.com/:personal:/bannister/bannister/obj/Debug/net8.0-android/lp/104/jl/flat/104.flata' (178,876)
2026-09-22 05:47:59: Copy Over 'C:/rock/bannister/Bannister/obj/Debug/net8.0-android/lp/107/jl/flat/107.flata' -> 'goodrive://www.googleapis.com/:personal:/bannister/bannister/obj/Debug/net8.0-android/lp/107/jl/flat/107.flata' (364)
2026-09-22 05:48:01: Copy Over 'C:/rock/bannister/Bannister/obj/Debug/net8.0-android/lp/108/jl/flat/108.flata' -> 'goodrive://www.googleapis.com/:personal:/bannister/bannister/obj/Debug/net8.0-android/lp/108/jl/flat/108.flata' (256)
2026-09-22 05:48:02: Copy Over 'C:/rock/bannister/Bannister/obj/Debug/net8.0-android/lp/110/jl/flat/110.flata' -> 'goodrive://www.googleapis.com/:personal:/bannister/bannister/obj/Debug/net8.0-android/lp/110/jl/flat/110.flata' (1,984)
2026-09-22 05:48:02: Copy Over 'C:/rock/bannister/Bannister/obj/Debug/net8.0-android/lp/109/jl/flat/109.flata' -> 'goodrive://www.googleapis.com/:personal:/bannister/bannister/obj/Debug/net8.0-android/lp/109/jl/flat/109.flata' (416)
2026-09-22 05:48:04: Copy Over 'C:/rock/bannister/Bannister/obj/Debug/net8.0-android/lp/111/jl/flat/111.flata' -> 'goodrive://www.googleapis.com/:personal:/bannister/bannister/obj/Debug/net8.0-android/lp/111/jl/flat/111.flata' (360)
2026-09-22 05:48:05: Copy Over 'C:/rock/bannister/Bannister/obj/Debug/net8.0-android/lp/112/jl/flat/112.flata' -> 'goodrive://www.googleapis.com/:personal:/bannister/bannister/obj/Debug/net8.0-android/lp/112/jl/flat/112.flata' (256)
2026-09-22 05:48:05: Copy Over 'C:/rock/bannister/Bannister/obj/Debug/net8.0-android/lp/114/jl/flat/114.flata' -> 'goodrive://www.googleapis.com/:personal:/bannister/bannister/obj/Debug/net8.0-android/lp/114/jl/flat/114.flata' (256)
2026-09-22 05:48:07: Copy Over 'C:/rock/bannister/Bannister/obj/Debug/net8.0-android/lp/115/jl/flat/115.flata' -> 'goodrive://www.googleapis.com/:personal:/bannister/bannister/obj/Debug/net8.0-android/lp/115/jl/flat/115.flata' (408)
2026-09-22 05:48:08: Copy Over 'C:/rock/bannister/Bannister/obj/Debug/net8.0-android/lp/116/jl/flat/116.flata' -> 'goodrive://www.googleapis.com/:personal:/bannister/bannister/obj/Debug/net8.0-android/lp/116/jl/flat/116.flata' (11,094)
2026-09-22 05:48:09: Copy Over 'C:/rock/bannister/Bannister/obj/Debug/net8.0-android/lp/117/jl/flat/117.flata' -> 'goodrive://www.googleapis.com/:personal:/bannister/bannister/obj/Debug/net8.0-android/lp/117/jl/flat/117.flata' (376)
2026-09-22 05:48:11: Copy Over 'C:/rock/bannister/Bannister/obj/Debug/net8.0-android/lp/120/jl/flat/120.flata' -> 'goodrive://www.googleapis.com/:personal:/bannister/bannister/obj/Debug/net8.0-android/lp/120/jl/flat/120.flata' (780)
2026-09-22 05:48:12: Copy Over 'C:/rock/bannister/Bannister/obj/Debug/net8.0-android/lp/122/jl/flat/122.flata' -> 'goodrive://www.googleapis.com/:personal:/bannister/bannister/obj/Debug/net8.0-android/lp/122/jl/flat/122.flata' (256)
2026-09-22 05:48:12: Copy Over 'C:/rock/bannister/Bannister/obj/Debug/net8.0-android/lp/123/jl/flat/123.flata' -> 'goodrive://www.googleapis.com/:personal:/bannister/bannister/obj/Debug/net8.0-android/lp/123/jl/flat/123.flata' (256)
2026-09-22 05:48:14: Copy Over 'C:/rock/bannister/Bannister/obj/Debug/net8.0-android/lp/126/jl/flat/126.flata' -> 'goodrive://www.googleapis.com/:personal:/bannister/bannister/obj/Debug/net8.0-android/lp/126/jl/flat/126.flata' (256)
2026-09-22 05:48:15: Copy Over 'C:/rock/bannister/Bannister/obj/Debug/net8.0-android/lp/127/jl/flat/127.flata' -> 'goodrive://www.googleapis.com/:personal:/bannister/bannister/obj/Debug/net8.0-android/lp/127/jl/flat/127.flata' (256)
2026-09-22 05:48:16: Copy Over 'C:/rock/bannister/Bannister/obj/Debug/net8.0-android/lp/129/jl/flat/129.flata' -> 'goodrive://www.googleapis.com/:personal:/bannister/bannister/obj/Debug/net8.0-android/lp/129/jl/flat/129.flata' (564)
2026-09-22 05:48:17: Copy Over 'C:/rock/bannister/Bannister/obj/Debug/net8.0-android/lp/131/jl/flat/131.flata' -> 'goodrive://www.googleapis.com/:personal:/bannister/bannister/obj/Debug/net8.0-android/lp/131/jl/flat/131.flata' (6,976)
2026-09-22 05:48:19: Copy Over 'C:/rock/bannister/Bannister/obj/Debug/net8.0-android/lp/132/jl/flat/132.flata' -> 'goodrive://www.googleapis.com/:personal:/bannister/bannister/obj/Debug/net8.0-android/lp/132/jl/flat/132.flata' (2,082)
2026-09-22 05:48:19: Copy Over 'C:/rock/bannister/Bannister/obj/Debug/net8.0-android/lp/133/jl/flat/133.flata' -> 'goodrive://www.googleapis.com/:personal:/bannister/bannister/obj/Debug/net8.0-android/lp/133/jl/flat/133.flata' (765,520)
2026-09-22 05:48:19: > Copy Over 'C:/rock/bannister/Bannister/obj/Debug/net8.0-android/lp/136/jl/flat/136.flata' -> 'goodrive://www.googleapis.com/:personal:/bannister/bannister/obj/Debug/net8.0-android/lp/136/jl/flat/136.flata' (1,757,158)
2026-09-22 05:48:21: Copy Over 'C:/rock/bannister/Bannister/obj/Debug/net8.0-android/lp/134/jl/flat/134.flata' -> 'goodrive://www.googleapis.com/:personal:/bannister/bannister/obj/Debug/net8.0-android/lp/134/jl/flat/134.flata' (74,480)
2026-09-22 05:48:23: Copy Over 'C:/rock/bannister/Bannister/obj/Debug/net8.0-android/lp/135/jl/flat/135.flata' -> 'goodrive://www.googleapis.com/:personal:/bannister/bannister/obj/Debug/net8.0-android/lp/135/jl/flat/135.flata' (4,742)
2026-09-22 05:48:23: < Copy Over 'C:/rock/bannister/Bannister/obj/Debug/net8.0-android/lp/136/jl/flat/136.flata' -> 'goodrive://www.googleapis.com/:personal:/bannister/bannister/obj/Debug/net8.0-android/lp/136/jl/flat/136.flata' (1,757,158)
2026-09-22 05:48:24: Copy Over 'C:/rock/bannister/Bannister/obj/Debug/net8.0-android/lp/137/jl/flat/137.flata' -> 'goodrive://www.googleapis.com/:personal:/bannister/bannister/obj/Debug/net8.0-android/lp/137/jl/flat/137.flata' (256)
2026-09-22 05:48:26: Copy Over 'C:/rock/bannister/Bannister/obj/Debug/net8.0-android/lp/138/jl/flat/138.flata' -> 'goodrive://www.googleapis.com/:personal:/bannister/bannister/obj/Debug/net8.0-android/lp/138/jl/flat/138.flata' (4,032)
2026-09-22 05:48:26: Copy Over 'C:/rock/bannister/Bannister/obj/Debug/net8.0-android/lp/139/jl/flat/139.flata' -> 'goodrive://www.googleapis.com/:personal:/bannister/bannister/obj/Debug/net8.0-android/lp/139/jl/flat/139.flata' (656)
2026-09-22 05:48:29: Copy Over 'C:/rock/bannister/Bannister/obj/Debug/net8.0-android/lp/140/jl/flat/140.flata' -> 'goodrive://www.googleapis.com/:personal:/bannister/bannister/obj/Debug/net8.0-android/lp/140/jl/flat/140.flata' (256)
2026-09-22 05:48:29: Copy Over 'C:/rock/bannister/Bannister/obj/Debug/net8.0-android/lp/142/jl/flat/142.flata' -> 'goodrive://www.googleapis.com/:personal:/bannister/bannister/obj/Debug/net8.0-android/lp/142/jl/flat/142.flata' (256)
2026-09-22 05:48:29: Copy Over 'C:/rock/bannister/Bannister/obj/Debug/net8.0-android/lp/141/jl/flat/141.flata' -> 'goodrive://www.googleapis.com/:personal:/bannister/bannister/obj/Debug/net8.0-android/lp/141/jl/flat/141.flata' (256)
2026-09-22 05:48:32: Copy Over 'C:/rock/bannister/Bannister/obj/Debug/net8.0-android/lp/143/jl/flat/143.flata' -> 'goodrive://www.googleapis.com/:personal:/bannister/bannister/obj/Debug/net8.0-android/lp/143/jl/flat/143.flata' (256)
2026-09-22 05:48:33: Copy Over 'C:/rock/bannister/Bannister/obj/Debug/net8.0-android/lp/145/jl/flat/145.flata' -> 'goodrive://www.googleapis.com/:personal:/bannister/bannister/obj/Debug/net8.0-android/lp/145/jl/flat/145.flata' (2,212)
2026-09-22 05:48:33: Copy Over 'C:/rock/bannister/Bannister/obj/Debug/net8.0-android/lp/144/jl/flat/144.flata' -> 'goodrive://www.googleapis.com/:personal:/bannister/bannister/obj/Debug/net8.0-android/lp/144/jl/flat/144.flata' (256)
2026-09-22 05:48:36: Copy Over 'C:/rock/bannister/Bannister/obj/Debug/net8.0-android/lp/148/jl/flat/148.flata' -> 'goodrive://www.googleapis.com/:personal:/bannister/bannister/obj/Debug/net8.0-android/lp/148/jl/flat/148.flata' (47,854)
2026-09-22 05:48:36: Copy Over 'C:/rock/bannister/Bannister/obj/Debug/net8.0-android/lp/146/jl/flat/146.flata' -> 'goodrive://www.googleapis.com/:personal:/bannister/bannister/obj/Debug/net8.0-android/lp/146/jl/flat/146.flata' (256)
2026-09-22 05:48:36: Copy Over 'C:/rock/bannister/Bannister/obj/Debug/net8.0-android/lp/147/jl/flat/147.flata' -> 'goodrive://www.googleapis.com/:personal:/bannister/bannister/obj/Debug/net8.0-android/lp/147/jl/flat/147.flata' (1,036)
2026-09-22 05:48:39: Copy Over 'C:/rock/bannister/Bannister/obj/Debug/net8.0-android/lp/150/jl/flat/150.flata' -> 'goodrive://www.googleapis.com/:personal:/bannister/bannister/obj/Debug/net8.0-android/lp/150/jl/flat/150.flata' (256)
2026-09-22 05:48:39: Copy Over 'C:/rock/bannister/Bannister/obj/Debug/net8.0-android/lp/149/jl/flat/149.flata' -> 'goodrive://www.googleapis.com/:personal:/bannister/bannister/obj/Debug/net8.0-android/lp/149/jl/flat/149.flata' (256)
2026-09-22 05:48:40: Copy Over 'C:/rock/bannister/Bannister/obj/Debug/net8.0-android/lp/151/jl/flat/151.flata' -> 'goodrive://www.googleapis.com/:personal:/bannister/bannister/obj/Debug/net8.0-android/lp/151/jl/flat/151.flata' (864)
2026-09-22 05:48:42: Copy Over 'C:/rock/bannister/Bannister/obj/Debug/net8.0-android/lp/152/jl/flat/152.flata' -> 'goodrive://www.googleapis.com/:personal:/bannister/bannister/obj/Debug/net8.0-android/lp/152/jl/flat/152.flata' (256)
2026-09-22 05:48:43: Copy Over 'C:/rock/bannister/Bannister/obj/Debug/net8.0-android/lp/154/jl/flat/154.flata' -> 'goodrive://www.googleapis.com/:personal:/bannister/bannister/obj/Debug/net8.0-android/lp/154/jl/flat/154.flata' (64,320)
2026-09-22 05:48:43: Copy Over 'C:/rock/bannister/Bannister/obj/Debug/net8.0-android/lp/156/jl/flat/156.flata' -> 'goodrive://www.googleapis.com/:personal:/bannister/bannister/obj/Debug/net8.0-android/lp/156/jl/flat/156.flata' (356)
2026-09-22 05:48:46: Copy Over 'C:/rock/bannister/Bannister/obj/Debug/net8.0-android/lp/159/jl/flat/layout_tabbar.xml.flat' -> 'goodrive://www.googleapis.com/:personal:/bannister/bannister/obj/Debug/net8.0-android/lp/159/jl/flat/layout_tabbar.xml.flat' (928)
2026-09-22 05:48:46: Copy Over 'C:/rock/bannister/Bannister/obj/Debug/net8.0-android/lp/160/jl/flat/anim_enterfromleft.xml.flat' -> 'goodrive://www.googleapis.com/:personal:/bannister/bannister/obj/Debug/net8.0-android/lp/160/jl/flat/anim_enterfromleft.xml.flat' (704)
2026-09-22 05:48:47: Copy Over 'C:/rock/bannister/Bannister/obj/Debug/net8.0-android/lp/160/jl/flat/anim_enterfromright.xml.flat' -> 'goodrive://www.googleapis.com/:personal:/bannister/bannister/obj/Debug/net8.0-android/lp/160/jl/flat/anim_enterfromright.xml.flat' (508)
2026-09-22 05:48:49: Copy Over 'C:/rock/bannister/Bannister/obj/Debug/net8.0-android/lp/160/jl/flat/anim_exittoleft.xml.flat' -> 'goodrive://www.googleapis.com/:personal:/bannister/bannister/obj/Debug/net8.0-android/lp/160/jl/flat/anim_exittoleft.xml.flat' (700)
2026-09-22 05:48:50: Copy Over 'C:/rock/bannister/Bannister/obj/Debug/net8.0-android/lp/160/jl/flat/anim_exittoright.xml.flat' -> 'goodrive://www.googleapis.com/:personal:/bannister/bannister/obj/Debug/net8.0-android/lp/160/jl/flat/anim_exittoright.xml.flat' (500)
2026-09-22 05:48:51: Copy Over 'C:/rock/bannister/Bannister/obj/Debug/net8.0-android/lp/160/jl/flat/layout_flyoutcontent.xml.flat' -> 'goodrive://www.googleapis.com/:personal:/bannister/bannister/obj/Debug/net8.0-android/lp/160/jl/flat/layout_flyoutcontent.xml.flat' (1,100)
2026-09-22 05:48:53: Copy Over 'C:/rock/bannister/Bannister/obj/Debug/net8.0-android/lp/160/jl/flat/layout_shellcontent.xml.flat' -> 'goodrive://www.googleapis.com/:personal:/bannister/bannister/obj/Debug/net8.0-android/lp/160/jl/flat/layout_shellcontent.xml.flat' (892)
2026-09-22 05:48:53: Copy Over 'C:/rock/bannister/Bannister/obj/Debug/net8.0-android/lp/160/jl/flat/values_strings.arsc.flat' -> 'goodrive://www.googleapis.com/:personal:/bannister/bannister/obj/Debug/net8.0-android/lp/160/jl/flat/values_strings.arsc.flat' (276)
2026-09-22 05:48:54: Copy Over 'C:/rock/bannister/Bannister/obj/Debug/net8.0-android/lp/159/jl/flat/layout_toolbar.xml.flat' -> 'goodrive://www.googleapis.com/:personal:/bannister/bannister/obj/Debug/net8.0-android/lp/159/jl/flat/layout_toolbar.xml.flat' (768)
2026-09-22 05:48:57: Copy Over 'C:/rock/bannister/Bannister/obj/Debug/net8.0-android/lp/159/jl/flat/values_styles.arsc.flat' -> 'goodrive://www.googleapis.com/:personal:/bannister/bannister/obj/Debug/net8.0-android/lp/159/jl/flat/values_styles.arsc.flat' (1,236)
2026-09-22 05:48:57: Copy Over 'C:/rock/bannister/Bannister/obj/Debug/net8.0-android/lp/159/jl/flat/values_attrs.arsc.flat' -> 'goodrive://www.googleapis.com/:personal:/bannister/bannister/obj/Debug/net8.0-android/lp/159/jl/flat/values_attrs.arsc.flat' (856)
2026-09-22 05:48:58: Copy Over 'C:/rock/bannister/Bannister/obj/Debug/net8.0-android/lp/161/jl/flat/values_values.arsc.flat' -> 'goodrive://www.googleapis.com/:personal:/bannister/bannister/obj/Debug/net8.0-android/lp/161/jl/flat/values_values.arsc.flat' (268)
2026-09-22 05:49:00: Copy Over 'C:/rock/bannister/Bannister/obj/Debug/net8.0-android/lp/162/jl/flat/anim_nav_default_enter_anim.xml.flat' -> 'goodrive://www.googleapis.com/:personal:/bannister/bannister/obj/Debug/net8.0-android/lp/162/jl/flat/anim_nav_default_enter_anim.xml.flat' (728)
2026-09-22 05:49:00: Copy Over 'C:/rock/bannister/Bannister/obj/Debug/net8.0-android/lp/162/jl/flat/anim_nav_default_exit_anim.xml.flat' -> 'goodrive://www.googleapis.com/:personal:/bannister/bannister/obj/Debug/net8.0-android/lp/162/jl/flat/anim_nav_default_exit_anim.xml.flat' (724)
2026-09-22 05:49:01: Copy Over 'C:/rock/bannister/Bannister/obj/Debug/net8.0-android/lp/162/jl/flat/anim_nav_default_pop_enter_anim.xml.flat' -> 'goodrive://www.googleapis.com/:personal:/bannister/bannister/obj/Debug/net8.0-android/lp/162/jl/flat/anim_nav_default_pop_enter_anim.xml.flat' (736)
2026-09-22 05:49:04: Copy Over 'C:/rock/bannister/Bannister/obj/Debug/net8.0-android/lp/162/jl/flat/drawable_maui_splash.xml.flat' -> 'goodrive://www.googleapis.com/:personal:/bannister/bannister/obj/Debug/net8.0-android/lp/162/jl/flat/drawable_maui_splash.xml.flat' (564)
2026-09-22 05:49:04: Copy Over 'C:/rock/bannister/Bannister/obj/Debug/net8.0-android/lp/162/jl/flat/anim_nav_default_pop_exit_anim.xml.flat' -> 'goodrive://www.googleapis.com/:personal:/bannister/bannister/obj/Debug/net8.0-android/lp/162/jl/flat/anim_nav_default_pop_exit_anim.xml.flat' (732)
2026-09-22 05:49:05: Copy Over 'C:/rock/bannister/Bannister/obj/Debug/net8.0-android/lp/162/jl/flat/drawable_maui_splash_image.xml.flat' -> 'goodrive://www.googleapis.com/:personal:/bannister/bannister/obj/Debug/net8.0-android/lp/162/jl/flat/drawable_maui_splash_image.xml.flat' (188)
2026-09-22 05:49:07: Copy Over 'C:/rock/bannister/Bannister/obj/Debug/net8.0-android/lp/162/jl/flat/layout_drawer_layout.xml.flat' -> 'goodrive://www.googleapis.com/:personal:/bannister/bannister/obj/Debug/net8.0-android/lp/162/jl/flat/layout_drawer_layout.xml.flat' (468)
2026-09-22 05:49:07: Copy Over 'C:/rock/bannister/Bannister/obj/Debug/net8.0-android/lp/162/jl/flat/layout_fragment_backstack.xml.flat' -> 'goodrive://www.googleapis.com/:personal:/bannister/bannister/obj/Debug/net8.0-android/lp/162/jl/flat/layout_fragment_backstack.xml.flat' (824)
2026-09-22 05:49:08: Copy Over 'C:/rock/bannister/Bannister/obj/Debug/net8.0-android/lp/162/jl/flat/layout_navigationlayout.xml.flat' -> 'goodrive://www.googleapis.com/:personal:/bannister/bannister/obj/Debug/net8.0-android/lp/162/jl/flat/layout_navigationlayout.xml.flat' (2,232)
2026-09-22 05:49:10: Copy Over 'C:/rock/bannister/Bannister/obj/Debug/net8.0-android/lp/162/jl/flat/values_attr.arsc.flat' -> 'goodrive://www.googleapis.com/:personal:/bannister/bannister/obj/Debug/net8.0-android/lp/162/jl/flat/values_attr.arsc.flat' (1,040)
2026-09-22 05:49:11: Copy Over 'C:/rock/bannister/Bannister/obj/Debug/net8.0-android/lp/162/jl/flat/values_colors.arsc.flat' -> 'goodrive://www.googleapis.com/:personal:/bannister/bannister/obj/Debug/net8.0-android/lp/162/jl/flat/values_colors.arsc.flat' (484)
2026-09-22 05:49:11: Copy Over 'C:/rock/bannister/Bannister/obj/Debug/net8.0-android/lp/162/jl/flat/values_styles.arsc.flat' -> 'goodrive://www.googleapis.com/:personal:/bannister/bannister/obj/Debug/net8.0-android/lp/162/jl/flat/values_styles.arsc.flat' (4,332)
2026-09-22 05:49:14: Copy Over 'C:/rock/bannister/Bannister/obj/Debug/net8.0-android/lp/97/jl/flat/97.flata' -> 'goodrive://www.googleapis.com/:personal:/bannister/bannister/obj/Debug/net8.0-android/lp/97/jl/flat/97.flata' (256)
2026-09-22 05:49:15: Copy Over 'C:/rock/bannister/Bannister/obj/Debug/net8.0-android/lp/98/jl/flat/98.flata' -> 'goodrive://www.googleapis.com/:personal:/bannister/bannister/obj/Debug/net8.0-android/lp/98/jl/flat/98.flata' (364)
2026-09-22 05:49:15: Copy Over 'C:/rock/bannister/Bannister/obj/Debug/net8.0-android/lp/163/jl/flat/xml_microsoft_maui_essentials_fileprovider_file_paths.xml.flat' -> 'goodrive://www.googleapis.com/:personal:/bannister/bannister/obj/Debug/net8.0-android/lp/163/jl/flat/xml_microsoft_maui_essentials_fileprovider_file_paths.xml.flat' (424)
2026-09-22 05:49:18: Copy Over 'C:/rock/bannister/Bannister/obj/Debug/net8.0-android/stamp/_BuildLibraryImportsCache.stamp' -> 'goodrive://www.googleapis.com/:personal:/bannister/bannister/obj/Debug/net8.0-android/stamp/_BuildLibraryImportsCache.stamp' (0)
2026-09-22 05:49:18: Copy Over 'C:/rock/bannister/Bannister/obj/Debug/net8.0-android/lp/99/jl/flat/99.flata' -> 'goodrive://www.googleapis.com/:personal:/bannister/bannister/obj/Debug/net8.0-android/lp/99/jl/flat/99.flata' (256)
2026-09-22 05:49:18: Copy Over 'C:/rock/bannister/Bannister/obj/Debug/net8.0-android/lp/map.cache' -> 'goodrive://www.googleapis.com/:personal:/bannister/bannister/obj/Debug/net8.0-android/lp/map.cache' (6,351)
2026-09-22 05:49:21: Copy Over 'C:/rock/bannister/Bannister/obj/Debug/net8.0-android/resizetizer/flat/drawable-hdpi_splash.png.flat' -> 'goodrive://www.googleapis.com/:personal:/bannister/bannister/obj/Debug/net8.0-android/resizetizer/flat/drawable-hdpi_splash.png.flat' (1,588)
2026-09-22 05:49:21: Copy Over 'C:/rock/bannister/Bannister/obj/Debug/net8.0-android/resizetizer/flat/drawable-v31_maui_splash_image.xml.flat' -> 'goodrive://www.googleapis.com/:personal:/bannister/bannister/obj/Debug/net8.0-android/resizetizer/flat/drawable-v31_maui_splash_image.xml.flat' (672)
2026-09-22 05:49:22: Copy Over 'C:/rock/bannister/Bannister/obj/Debug/net8.0-android/resizetizer/flat/drawable-mdpi_splash.png.flat' -> 'goodrive://www.googleapis.com/:personal:/bannister/bannister/obj/Debug/net8.0-android/resizetizer/flat/drawable-mdpi_splash.png.flat' (1,004)
2026-09-22 05:49:25: Copy Over 'C:/rock/bannister/Bannister/obj/Debug/net8.0-android/resizetizer/flat/drawable-xxxhdpi_splash.png.flat' -> 'goodrive://www.googleapis.com/:personal:/bannister/bannister/obj/Debug/net8.0-android/resizetizer/flat/drawable-xxxhdpi_splash.png.flat' (2,688)
2026-09-22 05:49:25: > Copy Over 'C:/rock/bannister/Bannister/obj/Debug/net8.0-android/resizetizer/flat/drawable_diet_dragon_default.png.flat' -> 'goodrive://www.googleapis.com/:personal:/bannister/bannister/obj/Debug/net8.0-android/resizetizer/flat/drawable_diet_dragon_default.png.flat' (2,489,492)
2026-09-22 05:49:25: Copy Over 'C:/rock/bannister/Bannister/obj/Debug/net8.0-android/resizetizer/flat/drawable-xxhdpi_splash.png.flat' -> 'goodrive://www.googleapis.com/:personal:/bannister/bannister/obj/Debug/net8.0-android/resizetizer/flat/drawable-xxhdpi_splash.png.flat' (2,552)
2026-09-22 05:49:25: > Copy Over 'C:/rock/bannister/Bannister/obj/Debug/net8.0-android/resizetizer/flat/drawable_dragon_1.png.flat' -> 'goodrive://www.googleapis.com/:personal:/bannister/bannister/obj/Debug/net8.0-android/resizetizer/flat/drawable_dragon_1.png.flat' (1,880,148)
2026-09-22 05:49:25: Copy Over 'C:/rock/bannister/Bannister/obj/Debug/net8.0-android/resizetizer/flat/drawable-xhdpi_splash.png.flat' -> 'goodrive://www.googleapis.com/:personal:/bannister/bannister/obj/Debug/net8.0-android/resizetizer/flat/drawable-xhdpi_splash.png.flat' (1,564)
2026-09-22 05:49:28: < Copy Over 'C:/rock/bannister/Bannister/obj/Debug/net8.0-android/resizetizer/flat/drawable_diet_dragon_default.png.flat' -> 'goodrive://www.googleapis.com/:personal:/bannister/bannister/obj/Debug/net8.0-android/resizetizer/flat/drawable_diet_dragon_default.png.flat' (2,489,492)
2026-09-22 05:49:28: < Copy Over 'C:/rock/bannister/Bannister/obj/Debug/net8.0-android/resizetizer/flat/drawable_dragon_1.png.flat' -> 'goodrive://www.googleapis.com/:personal:/bannister/bannister/obj/Debug/net8.0-android/resizetizer/flat/drawable_dragon_1.png.flat' (1,880,148)
2026-09-22 05:49:28: > Copy Over 'C:/rock/bannister/Bannister/obj/Debug/net8.0-android/resizetizer/flat/drawable_dragon_12.png.flat' -> 'goodrive://www.googleapis.com/:personal:/bannister/bannister/obj/Debug/net8.0-android/resizetizer/flat/drawable_dragon_12.png.flat' (2,530,216)
2026-09-22 05:49:29: Copy Over 'C:/rock/bannister/Bannister/obj/Debug/net8.0-android/resizetizer/flat/drawable_dragon_10.jpg.flat' -> 'goodrive://www.googleapis.com/:personal:/bannister/bannister/obj/Debug/net8.0-android/resizetizer/flat/drawable_dragon_10.jpg.flat' (237,424)
2026-09-22 05:49:32: Copy Over 'C:/rock/bannister/Bannister/obj/Debug/net8.0-android/resizetizer/flat/drawable_dragon_11.jpg.flat' -> 'goodrive://www.googleapis.com/:personal:/bannister/bannister/obj/Debug/net8.0-android/resizetizer/flat/drawable_dragon_11.jpg.flat' (198,312)
2026-09-22 05:49:32: < Copy Over 'C:/rock/bannister/Bannister/obj/Debug/net8.0-android/resizetizer/flat/drawable_dragon_12.png.flat' -> 'goodrive://www.googleapis.com/:personal:/bannister/bannister/obj/Debug/net8.0-android/resizetizer/flat/drawable_dragon_12.png.flat' (2,530,216)
2026-09-22 05:49:32: Copy Over 'C:/rock/bannister/Bannister/obj/Debug/net8.0-android/resizetizer/flat/drawable_dragon_13.jpg.flat' -> 'goodrive://www.googleapis.com/:personal:/bannister/bannister/obj/Debug/net8.0-android/resizetizer/flat/drawable_dragon_13.jpg.flat' (198,064)
2026-09-22 05:49:32: > Copy Over 'C:/rock/bannister/Bannister/obj/Debug/net8.0-android/resizetizer/flat/drawable_dragon_16.png.flat' -> 'goodrive://www.googleapis.com/:personal:/bannister/bannister/obj/Debug/net8.0-android/resizetizer/flat/drawable_dragon_16.png.flat' (2,775,820)
2026-09-22 05:49:36: Copy Over 'C:/rock/bannister/Bannister/obj/Debug/net8.0-android/resizetizer/flat/drawable_dragon_14.jpg.flat' -> 'goodrive://www.googleapis.com/:personal:/bannister/bannister/obj/Debug/net8.0-android/resizetizer/flat/drawable_dragon_14.jpg.flat' (246,648)
2026-09-22 05:49:36: > Copy Over 'C:/rock/bannister/Bannister/obj/Debug/net8.0-android/resizetizer/flat/drawable_dragon_2.png.flat' -> 'goodrive://www.googleapis.com/:personal:/bannister/bannister/obj/Debug/net8.0-android/resizetizer/flat/drawable_dragon_2.png.flat' (2,136,580)
2026-09-22 05:49:36: Copy Over 'C:/rock/bannister/Bannister/obj/Debug/net8.0-android/resizetizer/flat/drawable_dragon_15.jpg.flat' -> 'goodrive://www.googleapis.com/:personal:/bannister/bannister/obj/Debug/net8.0-android/resizetizer/flat/drawable_dragon_15.jpg.flat' (183,056)
2026-09-22 05:49:36: > Copy Over 'C:/rock/bannister/Bannister/obj/Debug/net8.0-android/resizetizer/flat/drawable_dragon_3.png.flat' -> 'goodrive://www.googleapis.com/:personal:/bannister/bannister/obj/Debug/net8.0-android/resizetizer/flat/drawable_dragon_3.png.flat' (2,059,096)
2026-09-22 05:49:36: < Copy Over 'C:/rock/bannister/Bannister/obj/Debug/net8.0-android/resizetizer/flat/drawable_dragon_16.png.flat' -> 'goodrive://www.googleapis.com/:personal:/bannister/bannister/obj/Debug/net8.0-android/resizetizer/flat/drawable_dragon_16.png.flat' (2,775,820)
2026-09-22 05:49:36: > Copy Over 'C:/rock/bannister/Bannister/obj/Debug/net8.0-android/resizetizer/flat/drawable_dragon_4.png.flat' -> 'goodrive://www.googleapis.com/:personal:/bannister/bannister/obj/Debug/net8.0-android/resizetizer/flat/drawable_dragon_4.png.flat' (1,772,872)
2026-09-22 05:49:39: < Copy Over 'C:/rock/bannister/Bannister/obj/Debug/net8.0-android/resizetizer/flat/drawable_dragon_2.png.flat' -> 'goodrive://www.googleapis.com/:personal:/bannister/bannister/obj/Debug/net8.0-android/resizetizer/flat/drawable_dragon_2.png.flat' (2,136,580)
2026-09-22 05:49:39: > Copy Over 'C:/rock/bannister/Bannister/obj/Debug/net8.0-android/resizetizer/flat/drawable_dragon_5.png.flat' -> 'goodrive://www.googleapis.com/:personal:/bannister/bannister/obj/Debug/net8.0-android/resizetizer/flat/drawable_dragon_5.png.flat' (1,837,532)
2026-09-22 05:49:40: < Copy Over 'C:/rock/bannister/Bannister/obj/Debug/net8.0-android/resizetizer/flat/drawable_dragon_4.png.flat' -> 'goodrive://www.googleapis.com/:personal:/bannister/bannister/obj/Debug/net8.0-android/resizetizer/flat/drawable_dragon_4.png.flat' (1,772,872)
2026-09-22 05:49:40: > Copy Over 'C:/rock/bannister/Bannister/obj/Debug/net8.0-android/resizetizer/flat/drawable_dragon_6.png.flat' -> 'goodrive://www.googleapis.com/:personal:/bannister/bannister/obj/Debug/net8.0-android/resizetizer/flat/drawable_dragon_6.png.flat' (1,817,360)
2026-09-22 05:49:40: < Copy Over 'C:/rock/bannister/Bannister/obj/Debug/net8.0-android/resizetizer/flat/drawable_dragon_3.png.flat' -> 'goodrive://www.googleapis.com/:personal:/bannister/bannister/obj/Debug/net8.0-android/resizetizer/flat/drawable_dragon_3.png.flat' (2,059,096)
2026-09-22 05:49:40: > Copy Over 'C:/rock/bannister/Bannister/obj/Debug/net8.0-android/resizetizer/flat/drawable_dragon_7.png.flat' -> 'goodrive://www.googleapis.com/:personal:/bannister/bannister/obj/Debug/net8.0-android/resizetizer/flat/drawable_dragon_7.png.flat' (1,579,760)
2026-09-22 05:49:43: < Copy Over 'C:/rock/bannister/Bannister/obj/Debug/net8.0-android/resizetizer/flat/drawable_dragon_5.png.flat' -> 'goodrive://www.googleapis.com/:personal:/bannister/bannister/obj/Debug/net8.0-android/resizetizer/flat/drawable_dragon_5.png.flat' (1,837,532)
2026-09-22 05:49:43: < Copy Over 'C:/rock/bannister/Bannister/obj/Debug/net8.0-android/resizetizer/flat/drawable_dragon_6.png.flat' -> 'goodrive://www.googleapis.com/:personal:/bannister/bannister/obj/Debug/net8.0-android/resizetizer/flat/drawable_dragon_6.png.flat' (1,817,360)
2026-09-22 05:49:43: > Copy Over 'C:/rock/bannister/Bannister/obj/Debug/net8.0-android/resizetizer/flat/drawable_dragon_8.png.flat' -> 'goodrive://www.googleapis.com/:personal:/bannister/bannister/obj/Debug/net8.0-android/resizetizer/flat/drawable_dragon_8.png.flat' (1,832,204)
2026-09-22 05:49:43: < Copy Over 'C:/rock/bannister/Bannister/obj/Debug/net8.0-android/resizetizer/flat/drawable_dragon_7.png.flat' -> 'goodrive://www.googleapis.com/:personal:/bannister/bannister/obj/Debug/net8.0-android/resizetizer/flat/drawable_dragon_7.png.flat' (1,579,760)
2026-09-22 05:49:43: > Copy Over 'C:/rock/bannister/Bannister/obj/Debug/net8.0-android/resizetizer/flat/drawable_dragon_slayer_1.png.flat' -> 'goodrive://www.googleapis.com/:personal:/bannister/bannister/obj/Debug/net8.0-android/resizetizer/flat/drawable_dragon_slayer_1.png.flat' (1,562,624)
2026-09-22 05:49:47: < Copy Over 'C:/rock/bannister/Bannister/obj/Debug/net8.0-android/resizetizer/flat/drawable_dragon_8.png.flat' -> 'goodrive://www.googleapis.com/:personal:/bannister/bannister/obj/Debug/net8.0-android/resizetizer/flat/drawable_dragon_8.png.flat' (1,832,204)
2026-09-22 05:49:47: Copy Over 'C:/rock/bannister/Bannister/obj/Debug/net8.0-android/resizetizer/flat/drawable_dragon_9.jpg.flat' -> 'goodrive://www.googleapis.com/:personal:/bannister/bannister/obj/Debug/net8.0-android/resizetizer/flat/drawable_dragon_9.jpg.flat' (149,616)
2026-09-22 05:49:47: < Copy Over 'C:/rock/bannister/Bannister/obj/Debug/net8.0-android/resizetizer/flat/drawable_dragon_slayer_1.png.flat' -> 'goodrive://www.googleapis.com/:personal:/bannister/bannister/obj/Debug/net8.0-android/resizetizer/flat/drawable_dragon_slayer_1.png.flat' (1,562,624)
2026-09-22 05:49:50: Copy Over 'C:/rock/bannister/Bannister/obj/Debug/net8.0-android/resizetizer/flat/drawable_maui_splash_image.xml.flat' -> 'goodrive://www.googleapis.com/:personal:/bannister/bannister/obj/Debug/net8.0-android/resizetizer/flat/drawable_maui_splash_image.xml.flat' (480)
2026-09-22 05:49:50: Copy Over 'C:/rock/bannister/Bannister/obj/Debug/net8.0-android/resizetizer/flat/drawable_scold_default.png.flat' -> 'goodrive://www.googleapis.com/:personal:/bannister/bannister/obj/Debug/net8.0-android/resizetizer/flat/drawable_scold_default.png.flat' (946,352)
2026-09-22 05:49:51: Copy Over 'C:/rock/bannister/Bannister/obj/Debug/net8.0-android/resizetizer/flat/mipmap-anydpi-v26_appicon.xml.flat' -> 'goodrive://www.googleapis.com/:personal:/bannister/bannister/obj/Debug/net8.0-android/resizetizer/flat/mipmap-anydpi-v26_appicon.xml.flat' (568)
2026-09-22 05:49:54: Copy Over 'C:/rock/bannister/Bannister/obj/Debug/net8.0-android/resizetizer/flat/mipmap-anydpi-v26_appicon_round.xml.flat' -> 'goodrive://www.googleapis.com/:personal:/bannister/bannister/obj/Debug/net8.0-android/resizetizer/flat/mipmap-anydpi-v26_appicon_round.xml.flat' (580)
2026-09-22 05:49:54: Copy Over 'C:/rock/bannister/Bannister/obj/Debug/net8.0-android/resizetizer/flat/mipmap-hdpi_appicon.png.flat' -> 'goodrive://www.googleapis.com/:personal:/bannister/bannister/obj/Debug/net8.0-android/resizetizer/flat/mipmap-hdpi_appicon.png.flat' (1,108)
2026-09-22 05:49:54: Copy Over 'C:/rock/bannister/Bannister/obj/Debug/net8.0-android/resizetizer/flat/mipmap-hdpi_appicon_background.png.flat' -> 'goodrive://www.googleapis.com/:personal:/bannister/bannister/obj/Debug/net8.0-android/resizetizer/flat/mipmap-hdpi_appicon_background.png.flat' (300)
2026-09-22 05:49:57: Copy Over 'C:/rock/bannister/Bannister/obj/Debug/net8.0-android/resizetizer/flat/mipmap-hdpi_appicon_foreground.png.flat' -> 'goodrive://www.googleapis.com/:personal:/bannister/bannister/obj/Debug/net8.0-android/resizetizer/flat/mipmap-hdpi_appicon_foreground.png.flat' (1,564)
2026-09-22 05:49:58: Copy Over 'C:/rock/bannister/Bannister/obj/Debug/net8.0-android/resizetizer/flat/mipmap-hdpi_appicon_round.png.flat' -> 'goodrive://www.googleapis.com/:personal:/bannister/bannister/obj/Debug/net8.0-android/resizetizer/flat/mipmap-hdpi_appicon_round.png.flat' (1,748)
2026-09-22 05:49:58: Copy Over 'C:/rock/bannister/Bannister/obj/Debug/net8.0-android/resizetizer/flat/mipmap-mdpi_appicon.png.flat' -> 'goodrive://www.googleapis.com/:personal:/bannister/bannister/obj/Debug/net8.0-android/resizetizer/flat/mipmap-mdpi_appicon.png.flat' (904)
2026-09-22 05:50:01: Copy Over 'C:/rock/bannister/Bannister/obj/Debug/net8.0-android/resizetizer/flat/mipmap-mdpi_appicon_foreground.png.flat' -> 'goodrive://www.googleapis.com/:personal:/bannister/bannister/obj/Debug/net8.0-android/resizetizer/flat/mipmap-mdpi_appicon_foreground.png.flat' (1,448)
2026-09-22 05:50:01: Copy Over 'C:/rock/bannister/Bannister/obj/Debug/net8.0-android/resizetizer/flat/mipmap-mdpi_appicon_background.png.flat' -> 'goodrive://www.googleapis.com/:personal:/bannister/bannister/obj/Debug/net8.0-android/resizetizer/flat/mipmap-mdpi_appicon_background.png.flat' (288)
2026-09-22 05:50:01: Copy Over 'C:/rock/bannister/Bannister/obj/Debug/net8.0-android/resizetizer/flat/mipmap-mdpi_appicon_round.png.flat' -> 'goodrive://www.googleapis.com/:personal:/bannister/bannister/obj/Debug/net8.0-android/resizetizer/flat/mipmap-mdpi_appicon_round.png.flat' (1,760)
2026-09-22 05:50:04: Copy Over 'C:/rock/bannister/Bannister/obj/Debug/net8.0-android/resizetizer/flat/mipmap-xhdpi_appicon.png.flat' -> 'goodrive://www.googleapis.com/:personal:/bannister/bannister/obj/Debug/net8.0-android/resizetizer/flat/mipmap-xhdpi_appicon.png.flat' (1,028)
2026-09-22 05:50:04: Copy Over 'C:/rock/bannister/Bannister/obj/Debug/net8.0-android/resizetizer/flat/mipmap-xhdpi_appicon_foreground.png.flat' -> 'goodrive://www.googleapis.com/:personal:/bannister/bannister/obj/Debug/net8.0-android/resizetizer/flat/mipmap-xhdpi_appicon_foreground.png.flat' (2,164)
2026-09-22 05:50:05: Copy Over 'C:/rock/bannister/Bannister/obj/Debug/net8.0-android/resizetizer/flat/mipmap-xhdpi_appicon_background.png.flat' -> 'goodrive://www.googleapis.com/:personal:/bannister/bannister/obj/Debug/net8.0-android/resizetizer/flat/mipmap-xhdpi_appicon_background.png.flat' (320)
2026-09-22 05:50:08: Copy Over 'C:/rock/bannister/Bannister/obj/Debug/net8.0-android/resizetizer/flat/mipmap-xhdpi_appicon_round.png.flat' -> 'goodrive://www.googleapis.com/:personal:/bannister/bannister/obj/Debug/net8.0-android/resizetizer/flat/mipmap-xhdpi_appicon_round.png.flat' (2,248)
2026-09-22 05:50:08: Copy Over 'C:/rock/bannister/Bannister/obj/Debug/net8.0-android/resizetizer/flat/mipmap-xxhdpi_appicon.png.flat' -> 'goodrive://www.googleapis.com/:personal:/bannister/bannister/obj/Debug/net8.0-android/resizetizer/flat/mipmap-xxhdpi_appicon.png.flat' (1,228)
2026-09-22 05:50:08: Copy Over 'C:/rock/bannister/Bannister/obj/Debug/net8.0-android/resizetizer/flat/mipmap-xxhdpi_appicon_background.png.flat' -> 'goodrive://www.googleapis.com/:personal:/bannister/bannister/obj/Debug/net8.0-android/resizetizer/flat/mipmap-xxhdpi_appicon_background.png.flat' (380)
2026-09-22 05:50:11: Copy Over 'C:/rock/bannister/Bannister/obj/Debug/net8.0-android/resizetizer/flat/mipmap-xxhdpi_appicon_foreground.png.flat' -> 'goodrive://www.googleapis.com/:personal:/bannister/bannister/obj/Debug/net8.0-android/resizetizer/flat/mipmap-xxhdpi_appicon_foreground.png.flat' (2,408)
2026-09-22 05:50:11: Copy Over 'C:/rock/bannister/Bannister/obj/Debug/net8.0-android/resizetizer/flat/mipmap-xxhdpi_appicon_round.png.flat' -> 'goodrive://www.googleapis.com/:personal:/bannister/bannister/obj/Debug/net8.0-android/resizetizer/flat/mipmap-xxhdpi_appicon_round.png.flat' (4,388)
2026-09-22 05:50:12: Copy Over 'C:/rock/bannister/Bannister/obj/Debug/net8.0-android/resizetizer/flat/mipmap-xxxhdpi_appicon.png.flat' -> 'goodrive://www.googleapis.com/:personal:/bannister/bannister/obj/Debug/net8.0-android/resizetizer/flat/mipmap-xxxhdpi_appicon.png.flat' (1,588)
2026-09-22 05:50:15: Copy Over 'C:/rock/bannister/Bannister/obj/Debug/net8.0-android/resizetizer/flat/mipmap-xxxhdpi_appicon_foreground.png.flat' -> 'goodrive://www.googleapis.com/:personal:/bannister/bannister/obj/Debug/net8.0-android/resizetizer/flat/mipmap-xxxhdpi_appicon_foreground.png.flat' (3,500)
2026-09-22 05:50:15: Copy Over 'C:/rock/bannister/Bannister/obj/Debug/net8.0-android/resizetizer/flat/mipmap-xxxhdpi_appicon_background.png.flat' -> 'goodrive://www.googleapis.com/:personal:/bannister/bannister/obj/Debug/net8.0-android/resizetizer/flat/mipmap-xxxhdpi_appicon_background.png.flat' (456)
2026-09-22 05:50:15: Copy Over 'C:/rock/bannister/Bannister/obj/Debug/net8.0-android/resizetizer/flat/mipmap-xxxhdpi_appicon_round.png.flat' -> 'goodrive://www.googleapis.com/:personal:/bannister/bannister/obj/Debug/net8.0-android/resizetizer/flat/mipmap-xxxhdpi_appicon_round.png.flat' (6,064)
2026-09-22 05:50:18: Copy Over 'C:/rock/bannister/Bannister/obj/Debug/net8.0-android/resizetizer/flat/values_maui_colors.arsc.flat' -> 'goodrive://www.googleapis.com/:personal:/bannister/bannister/obj/Debug/net8.0-android/resizetizer/flat/values_maui_colors.arsc.flat' (276)
2026-09-22 05:50:19: Copy Over 'C:/rock/bannister/Bannister/obj/Debug/net8.0-android/stamp/_CompileJava.stamp' -> 'goodrive://www.googleapis.com/:personal:/bannister/bannister/obj/Debug/net8.0-android/stamp/_CompileJava.stamp' (0)
2026-09-22 05:50:19: Copy Over 'C:/rock/bannister/Bannister/obj/Debug/net8.0-android/stamp/_CompileToDalvik.stamp' -> 'goodrive://www.googleapis.com/:personal:/bannister/bannister/obj/Debug/net8.0-android/stamp/_CompileToDalvik.stamp' (0)
2026-09-22 05:50:22: Copy Over 'C:/rock/bannister/Bannister/obj/Debug/net8.0-android/stamp/_ConvertResourcesCases.stamp' -> 'goodrive://www.googleapis.com/:personal:/bannister/bannister/obj/Debug/net8.0-android/stamp/_ConvertResourcesCases.stamp' (0)
2026-09-22 05:50:22: Copy Over 'C:/rock/bannister/Bannister/obj/Debug/net8.0-android/stamp/_GenerateJavaStubs.stamp' -> 'goodrive://www.googleapis.com/:personal:/bannister/bannister/obj/Debug/net8.0-android/stamp/_GenerateJavaStubs.stamp' (0)
2026-09-22 05:50:22: Copy Over 'C:/rock/bannister/Bannister/obj/Debug/net8.0-android/stamp/_GeneratePackageManagerJava.stamp' -> 'goodrive://www.googleapis.com/:personal:/bannister/bannister/obj/Debug/net8.0-android/stamp/_GeneratePackageManagerJava.stamp' (0)
2026-09-22 05:50:25: Copy New 'C:/rock/bannister/Bannister/Models/DailyDeadline.cs' -> 'goodrive://www.googleapis.com/:personal:/bannister/bannister/Models/DailyDeadline.cs' (1,309)
2026-09-22 05:50:25: Copy Over 'C:/rock/bannister/Bannister/obj/Debug/net8.0-android/stamp/_ResolveLibraryProjectImports.stamp' -> 'goodrive://www.googleapis.com/:personal:/bannister/bannister/obj/Debug/net8.0-android/stamp/_ResolveLibraryProjectImports.stamp' (0)
2026-09-22 05:50:25: Copy Over 'C:/rock/bannister/Bannister/obj/Debug/net8.0-android/XamlC.stamp' -> 'goodrive://www.googleapis.com/:personal:/bannister/bannister/obj/Debug/net8.0-android/XamlC.stamp' (0)
2026-09-22 05:50:28: Copy Over 'C:/rock/bannister/Bannister/obj/x64/Debug/net8.0-android/Bannister.AssemblyInfoInputs.cache' -> 'goodrive://www.googleapis.com/:personal:/bannister/bannister/obj/x64/Debug/net8.0-android/Bannister.AssemblyInfoInputs.cache' (66)
2026-09-22 05:50:29: Copy Over 'C:/rock/bannister/Bannister/obj/x64/Debug/net8.0-android/Bannister.AssemblyInfo.cs' -> 'goodrive://www.googleapis.com/:personal:/bannister/bannister/obj/x64/Debug/net8.0-android/Bannister.AssemblyInfo.cs' (1,200)
2026-09-22 05:50:29: Copy Over 'C:/rock/bannister/Bannister/obj/x64/Release/net8.0-windows10.0.19041.0/win-x64/apphost.exe' -> 'goodrive://www.googleapis.com/:personal:/bannister/bannister/obj/x64/Release/net8.0-windows10.0.19041.0/win-x64/apphost.exe' (271,872)
2026-09-22 05:50:32: Copy Over 'C:/rock/bannister/Bannister/obj/x64/Release/net8.0-windows10.0.19041.0/win-x64/Bannister.AssemblyInfo.cs' -> 'goodrive://www.googleapis.com/:personal:/bannister/bannister/obj/x64/Release/net8.0-windows10.0.19041.0/win-x64/Bannister.AssemblyInfo.cs' (1,675)
2026-09-22 05:50:32: Copy Over 'C:/rock/bannister/Bannister/obj/x64/Release/net8.0-windows10.0.19041.0/win-x64/Bannister.AssemblyInfoInputs.cache' -> 'goodrive://www.googleapis.com/:personal:/bannister/bannister/obj/x64/Release/net8.0-windows10.0.19041.0/win-x64/Bannister.AssemblyInfoInputs.cache' (66)
2026-09-22 05:50:32: Copy Over 'C:/rock/bannister/Bannister/obj/x64/Release/net8.0-windows10.0.19041.0/win-x64/Bannister.assets.cache' -> 'goodrive://www.googleapis.com/:personal:/bannister/bannister/obj/x64/Release/net8.0-windows10.0.19041.0/win-x64/Bannister.assets.cache' (62,951)
2026-09-22 05:50:32: > Copy Over 'C:/rock/bannister/Bannister/obj/x64/Release/net8.0-windows10.0.19041.0/win-x64/Bannister.dll' -> 'goodrive://www.googleapis.com/:personal:/bannister/bannister/obj/x64/Release/net8.0-windows10.0.19041.0/win-x64/Bannister.dll' (7,431,168)
2026-09-22 05:50:35: Copy Over 'C:/rock/bannister/Bannister/obj/x64/Release/net8.0-windows10.0.19041.0/win-x64/Bannister.csproj.CoreCompileInputs.cache' -> 'goodrive://www.googleapis.com/:personal:/bannister/bannister/obj/x64/Release/net8.0-windows10.0.19041.0/win-x64/Bannister.csproj.CoreCompileInputs.cache' (66)
2026-09-22 05:50:35: Copy Over 'C:/rock/bannister/Bannister/obj/x64/Release/net8.0-windows10.0.19041.0/win-x64/Bannister.csproj.Up2Date' -> 'goodrive://www.googleapis.com/:personal:/bannister/bannister/obj/x64/Release/net8.0-windows10.0.19041.0/win-x64/Bannister.csproj.Up2Date' (0)
2026-09-22 05:50:35: > Copy Over 'C:/rock/bannister/Bannister/obj/x64/Release/net8.0-windows10.0.19041.0/win-x64/Bannister.pdb' -> 'goodrive://www.googleapis.com/:personal:/bannister/bannister/obj/x64/Release/net8.0-windows10.0.19041.0/win-x64/Bannister.pdb' (1,351,328)
2026-09-22 05:50:36: < Copy Over 'C:/rock/bannister/Bannister/obj/x64/Release/net8.0-windows10.0.19041.0/win-x64/Bannister.dll' -> 'goodrive://www.googleapis.com/:personal:/bannister/bannister/obj/x64/Release/net8.0-windows10.0.19041.0/win-x64/Bannister.dll' (7,431,168)
2026-09-22 05:50:39: Copy Over 'C:/rock/bannister/Bannister/obj/x64/Release/net8.0-windows10.0.19041.0/win-x64/Bannister.sourcelink.json' -> 'goodrive://www.googleapis.com/:personal:/bannister/bannister/obj/x64/Release/net8.0-windows10.0.19041.0/win-x64/Bannister.sourcelink.json' (141)
2026-09-22 05:50:39: < Copy Over 'C:/rock/bannister/Bannister/obj/x64/Release/net8.0-windows10.0.19041.0/win-x64/Bannister.pdb' -> 'goodrive://www.googleapis.com/:personal:/bannister/bannister/obj/x64/Release/net8.0-windows10.0.19041.0/win-x64/Bannister.pdb' (1,351,328)
2026-09-22 05:50:40: Copy Over 'C:/rock/bannister/Bannister/obj/x64/Release/net8.0-windows10.0.19041.0/win-x64/excluded.layout.resfiles.intermediate' -> 'goodrive://www.googleapis.com/:personal:/bannister/bannister/obj/x64/Release/net8.0-windows10.0.19041.0/win-x64/excluded.layout.resfiles.intermediate' (0)
2026-09-22 05:50:42: Copy Over 'C:/rock/bannister/Bannister/obj/x64/Release/net8.0-windows10.0.19041.0/win-x64/embed/embed.resfiles.intermediate' -> 'goodrive://www.googleapis.com/:personal:/bannister/bannister/obj/x64/Release/net8.0-windows10.0.19041.0/win-x64/embed/embed.resfiles.intermediate' (27)
2026-09-22 05:50:42: Copy Over 'C:/rock/bannister/Bannister/obj/x64/Release/net8.0-windows10.0.19041.0/win-x64/filtered.layout.resfiles.intermediate' -> 'goodrive://www.googleapis.com/:personal:/bannister/bannister/obj/x64/Release/net8.0-windows10.0.19041.0/win-x64/filtered.layout.resfiles.intermediate' (2,329)
2026-09-22 05:50:42: > Copy Over 'C:/rock/bannister/Bannister/obj/x64/Release/net8.0-windows10.0.19041.0/win-x64/intermediatexaml/Bannister.dll' -> 'goodrive://www.googleapis.com/:personal:/bannister/bannister/obj/x64/Release/net8.0-windows10.0.19041.0/win-x64/intermediatexaml/Bannister.dll' (7,131,136)
2026-09-22 05:50:44: Copy Over 'C:/rock/bannister/Bannister/obj/x64/Release/net8.0-windows10.0.19041.0/win-x64/input.json' -> 'goodrive://www.googleapis.com/:personal:/bannister/bannister/obj/x64/Release/net8.0-windows10.0.19041.0/win-x64/input.json' (104,283)
2026-09-22 05:50:44: > Copy Over 'C:/rock/bannister/Bannister/obj/x64/Release/net8.0-windows10.0.19041.0/win-x64/intermediatexaml/Bannister.pdb' -> 'goodrive://www.googleapis.com/:personal:/bannister/bannister/obj/x64/Release/net8.0-windows10.0.19041.0/win-x64/intermediatexaml/Bannister.pdb' (1,327,644)
2026-09-22 05:50:45: Copy Over 'C:/rock/bannister/Bannister/obj/x64/Release/net8.0-windows10.0.19041.0/win-x64/output.json' -> 'goodrive://www.googleapis.com/:personal:/bannister/bannister/obj/x64/Release/net8.0-windows10.0.19041.0/win-x64/output.json' (8,889)
2026-09-22 05:50:47: < Copy Over 'C:/rock/bannister/Bannister/obj/x64/Release/net8.0-windows10.0.19041.0/win-x64/intermediatexaml/Bannister.dll' -> 'goodrive://www.googleapis.com/:personal:/bannister/bannister/obj/x64/Release/net8.0-windows10.0.19041.0/win-x64/intermediatexaml/Bannister.dll' (7,131,136)
2026-09-22 05:50:48: < Copy Over 'C:/rock/bannister/Bannister/obj/x64/Release/net8.0-windows10.0.19041.0/win-x64/intermediatexaml/Bannister.pdb' -> 'goodrive://www.googleapis.com/:personal:/bannister/bannister/obj/x64/Release/net8.0-windows10.0.19041.0/win-x64/intermediatexaml/Bannister.pdb' (1,327,644)
2026-09-22 05:50:49: Copy Over 'C:/rock/bannister/Bannister/obj/x64/Release/net8.0-windows10.0.19041.0/win-x64/pri.resfiles.intermediate' -> 'goodrive://www.googleapis.com/:personal:/bannister/bannister/obj/x64/Release/net8.0-windows10.0.19041.0/win-x64/pri.resfiles.intermediate' (509)
2026-09-22 05:50:50: Copy Over 'C:/rock/bannister/Bannister/obj/x64/Release/net8.0-windows10.0.19041.0/win-x64/priconfig.xml.intermediate' -> 'goodrive://www.googleapis.com/:personal:/bannister/bannister/obj/x64/Release/net8.0-windows10.0.19041.0/win-x64/priconfig.xml.intermediate' (3,194)
2026-09-22 05:50:51: Copy Over 'C:/rock/bannister/Bannister/obj/x64/Release/net8.0-windows10.0.19041.0/win-x64/Platforms/Windows/App.xaml' -> 'goodrive://www.googleapis.com/:personal:/bannister/bannister/obj/x64/Release/net8.0-windows10.0.19041.0/win-x64/Platforms/Windows/App.xaml' (304)
2026-09-22 05:50:51: Copy New 'C:/rock/bannister/Bannister/obj/x64/Release/net8.0-windows10.0.19041.0/win-x64/PublishOutputs.1211b179e5.txt' -> 'goodrive://www.googleapis.com/:personal:/bannister/bannister/obj/x64/Release/net8.0-windows10.0.19041.0/win-x64/PublishOutputs.1211b179e5.txt' (39,524)
2026-09-22 05:50:53: Copy New 'C:/rock/bannister/Bannister/obj/x64/Release/net8.0-windows10.0.19041.0/win-x64/PublishOutputs.5c673b0d2e.txt' -> 'goodrive://www.googleapis.com/:personal:/bannister/bannister/obj/x64/Release/net8.0-windows10.0.19041.0/win-x64/PublishOutputs.5c673b0d2e.txt' (39,524)
2026-09-22 05:50:53: Copy New 'C:/rock/bannister/Bannister/obj/x64/Release/net8.0-windows10.0.19041.0/win-x64/PublishOutputs.d641471544.txt' -> 'goodrive://www.googleapis.com/:personal:/bannister/bannister/obj/x64/Release/net8.0-windows10.0.19041.0/win-x64/PublishOutputs.d641471544.txt' (39,524)
2026-09-22 05:50:53: > Copy Over 'C:/rock/bannister/Bannister/obj/x64/Release/net8.0-windows10.0.19041.0/win-x64/R2R/Bannister.dll' -> 'goodrive://www.googleapis.com/:personal:/bannister/bannister/obj/x64/Release/net8.0-windows10.0.19041.0/win-x64/R2R/Bannister.dll' (19,271,680)
2026-09-22 05:50:54: Copy Over 'C:/rock/bannister/Bannister/obj/x64/Release/net8.0-windows10.0.19041.0/win-x64/PublishOutputs.187c2328ba.txt' -> 'goodrive://www.googleapis.com/:personal:/bannister/bannister/obj/x64/Release/net8.0-windows10.0.19041.0/win-x64/PublishOutputs.187c2328ba.txt' (39,524)
2026-09-22 05:50:54: > Copy Over 'C:/rock/bannister/Bannister/obj/x64/Release/net8.0-windows10.0.19041.0/win-x64/ref/Bannister.dll' -> 'goodrive://www.googleapis.com/:personal:/bannister/bannister/obj/x64/Release/net8.0-windows10.0.19041.0/win-x64/ref/Bannister.dll' (1,972,736)
2026-09-22 05:50:56: Copy Over 'C:/rock/bannister/Bannister/obj/x64/Release/net8.0-windows10.0.19041.0/win-x64/qualifiers.txt.intermediate' -> 'goodrive://www.googleapis.com/:personal:/bannister/bannister/obj/x64/Release/net8.0-windows10.0.19041.0/win-x64/qualifiers.txt.intermediate' (184)
2026-09-22 05:50:58: < Copy Over 'C:/rock/bannister/Bannister/obj/x64/Release/net8.0-windows10.0.19041.0/win-x64/ref/Bannister.dll' -> 'goodrive://www.googleapis.com/:personal:/bannister/bannister/obj/x64/Release/net8.0-windows10.0.19041.0/win-x64/ref/Bannister.dll' (1,972,736)
2026-09-22 05:50:59: < Copy Over 'C:/rock/bannister/Bannister/obj/x64/Release/net8.0-windows10.0.19041.0/win-x64/R2R/Bannister.dll' -> 'goodrive://www.googleapis.com/:personal:/bannister/bannister/obj/x64/Release/net8.0-windows10.0.19041.0/win-x64/R2R/Bannister.dll' (19,271,680)
2026-09-22 05:51:00: Copy Over 'C:/rock/bannister/Bannister/obj/x64/Release/net8.0-windows10.0.19041.0/win-x64/R2R/CommunityToolkit.Maui.Core.dll' -> 'goodrive://www.googleapis.com/:personal:/bannister/bannister/obj/x64/Release/net8.0-windows10.0.19041.0/win-x64/R2R/CommunityToolkit.Maui.Core.dll' (241,664)
2026-09-22 05:51:02: Copy Over 'C:/rock/bannister/Bannister/obj/x64/Release/net8.0-windows10.0.19041.0/win-x64/R2R/CommunityToolkit.Maui.dll' -> 'goodrive://www.googleapis.com/:personal:/bannister/bannister/obj/x64/Release/net8.0-windows10.0.19041.0/win-x64/R2R/CommunityToolkit.Maui.dll' (684,032)
2026-09-22 05:51:02: Copy Over 'C:/rock/bannister/Bannister/obj/x64/Release/net8.0-windows10.0.19041.0/win-x64/R2R/CommunityToolkit.Mvvm.dll' -> 'goodrive://www.googleapis.com/:personal:/bannister/bannister/obj/x64/Release/net8.0-windows10.0.19041.0/win-x64/R2R/CommunityToolkit.Mvvm.dll' (344,064)
2026-09-22 05:51:04: Copy Over 'C:/rock/bannister/Bannister/obj/x64/Release/net8.0-windows10.0.19041.0/win-x64/R2R/Microsoft.Extensions.Configuration.Abstractions.dll' -> 'goodrive://www.googleapis.com/:personal:/bannister/bannister/obj/x64/Release/net8.0-windows10.0.19041.0/win-x64/R2R/Microsoft.Extensions.Configuration.Abstractions.dll' (36,864)
2026-09-22 05:51:05: Copy Over 'C:/rock/bannister/Bannister/obj/x64/Release/net8.0-windows10.0.19041.0/win-x64/R2R/Microsoft.Extensions.Configuration.dll' -> 'goodrive://www.googleapis.com/:personal:/bannister/bannister/obj/x64/Release/net8.0-windows10.0.19041.0/win-x64/R2R/Microsoft.Extensions.Configuration.dll' (81,920)
2026-09-22 05:51:06: Copy Over 'C:/rock/bannister/Bannister/obj/x64/Release/net8.0-windows10.0.19041.0/win-x64/R2R/Microsoft.Extensions.DependencyInjection.Abstractions.dll' -> 'goodrive://www.googleapis.com/:personal:/bannister/bannister/obj/x64/Release/net8.0-windows10.0.19041.0/win-x64/R2R/Microsoft.Extensions.DependencyInjection.Abstractions.dll' (131,072)
2026-09-22 05:51:08: Copy Over 'C:/rock/bannister/Bannister/obj/x64/Release/net8.0-windows10.0.19041.0/win-x64/R2R/Microsoft.Extensions.DependencyInjection.dll' -> 'goodrive://www.googleapis.com/:personal:/bannister/bannister/obj/x64/Release/net8.0-windows10.0.19041.0/win-x64/R2R/Microsoft.Extensions.DependencyInjection.dll' (204,800)
2026-09-22 05:51:09: Copy Over 'C:/rock/bannister/Bannister/obj/x64/Release/net8.0-windows10.0.19041.0/win-x64/R2R/Microsoft.Extensions.Logging.Abstractions.dll' -> 'goodrive://www.googleapis.com/:personal:/bannister/bannister/obj/x64/Release/net8.0-windows10.0.19041.0/win-x64/R2R/Microsoft.Extensions.Logging.Abstractions.dll' (135,168)
2026-09-22 05:51:09: Copy Over 'C:/rock/bannister/Bannister/obj/x64/Release/net8.0-windows10.0.19041.0/win-x64/R2R/Microsoft.Extensions.Logging.Debug.dll' -> 'goodrive://www.googleapis.com/:personal:/bannister/bannister/obj/x64/Release/net8.0-windows10.0.19041.0/win-x64/R2R/Microsoft.Extensions.Logging.Debug.dll' (24,576)
2026-09-22 05:51:11: Copy Over 'C:/rock/bannister/Bannister/obj/x64/Release/net8.0-windows10.0.19041.0/win-x64/R2R/Microsoft.Extensions.Logging.dll' -> 'goodrive://www.googleapis.com/:personal:/bannister/bannister/obj/x64/Release/net8.0-windows10.0.19041.0/win-x64/R2R/Microsoft.Extensions.Logging.dll' (86,016)
2026-09-22 05:51:11: > Copy Over 'C:/rock/bannister/Bannister/obj/x64/Release/net8.0-windows10.0.19041.0/win-x64/R2R/Microsoft.Graphics.Canvas.Interop.dll' -> 'goodrive://www.googleapis.com/:personal:/bannister/bannister/obj/x64/Release/net8.0-windows10.0.19041.0/win-x64/R2R/Microsoft.Graphics.Canvas.Interop.dll' (2,269,184)
2026-09-22 05:51:12: Copy Over 'C:/rock/bannister/Bannister/obj/x64/Release/net8.0-windows10.0.19041.0/win-x64/R2R/Microsoft.Extensions.Options.dll' -> 'goodrive://www.googleapis.com/:personal:/bannister/bannister/obj/x64/Release/net8.0-windows10.0.19041.0/win-x64/R2R/Microsoft.Extensions.Options.dll' (126,976)
2026-09-22 05:51:12: > Copy Over 'C:/rock/bannister/Bannister/obj/x64/Release/net8.0-windows10.0.19041.0/win-x64/R2R/Microsoft.InteractiveExperiences.Projection.dll' -> 'goodrive://www.googleapis.com/:personal:/bannister/bannister/obj/x64/Release/net8.0-windows10.0.19041.0/win-x64/R2R/Microsoft.InteractiveExperiences.Projection.dll' (2,576,384)
2026-09-22 05:51:14: Copy Over 'C:/rock/bannister/Bannister/obj/x64/Release/net8.0-windows10.0.19041.0/win-x64/R2R/Microsoft.Extensions.Primitives.dll' -> 'goodrive://www.googleapis.com/:personal:/bannister/bannister/obj/x64/Release/net8.0-windows10.0.19041.0/win-x64/R2R/Microsoft.Extensions.Primitives.dll' (73,728)
2026-09-22 05:51:14: < Copy Over 'C:/rock/bannister/Bannister/obj/x64/Release/net8.0-windows10.0.19041.0/win-x64/R2R/Microsoft.Graphics.Canvas.Interop.dll' -> 'goodrive://www.googleapis.com/:personal:/bannister/bannister/obj/x64/Release/net8.0-windows10.0.19041.0/win-x64/R2R/Microsoft.Graphics.Canvas.Interop.dll' (2,269,184)
2026-09-22 05:51:14: > Copy Over 'C:/rock/bannister/Bannister/obj/x64/Release/net8.0-windows10.0.19041.0/win-x64/R2R/Microsoft.Maui.Controls.Compatibility.dll' -> 'goodrive://www.googleapis.com/:personal:/bannister/bannister/obj/x64/Release/net8.0-windows10.0.19041.0/win-x64/R2R/Microsoft.Maui.Controls.Compatibility.dll' (1,163,264)
2026-09-22 05:51:17: < Copy Over 'C:/rock/bannister/Bannister/obj/x64/Release/net8.0-windows10.0.19041.0/win-x64/R2R/Microsoft.InteractiveExperiences.Projection.dll' -> 'goodrive://www.googleapis.com/:personal:/bannister/bannister/obj/x64/Release/net8.0-windows10.0.19041.0/win-x64/R2R/Microsoft.InteractiveExperiences.Projection.dll' (2,576,384)
2026-09-22 05:51:17: > Copy Over 'C:/rock/bannister/Bannister/obj/x64/Release/net8.0-windows10.0.19041.0/win-x64/R2R/Microsoft.Maui.Controls.dll' -> 'goodrive://www.googleapis.com/:personal:/bannister/bannister/obj/x64/Release/net8.0-windows10.0.19041.0/win-x64/R2R/Microsoft.Maui.Controls.dll' (4,317,184)
2026-09-22 05:51:17: Copy Over 'C:/rock/bannister/Bannister/obj/x64/Release/net8.0-windows10.0.19041.0/win-x64/R2R/Microsoft.IO.RecyclableMemoryStream.dll' -> 'goodrive://www.googleapis.com/:personal:/bannister/bannister/obj/x64/Release/net8.0-windows10.0.19041.0/win-x64/R2R/Microsoft.IO.RecyclableMemoryStream.dll' (118,784)
2026-09-22 05:51:18: < Copy Over 'C:/rock/bannister/Bannister/obj/x64/Release/net8.0-windows10.0.19041.0/win-x64/R2R/Microsoft.Maui.Controls.Compatibility.dll' -> 'goodrive://www.googleapis.com/:personal:/bannister/bannister/obj/x64/Release/net8.0-windows10.0.19041.0/win-x64/R2R/Microsoft.Maui.Controls.Compatibility.dll' (1,163,264)
2026-09-22 05:51:18: > Copy Over 'C:/rock/bannister/Bannister/obj/x64/Release/net8.0-windows10.0.19041.0/win-x64/R2R/Microsoft.Maui.dll' -> 'goodrive://www.googleapis.com/:personal:/bannister/bannister/obj/x64/Release/net8.0-windows10.0.19041.0/win-x64/R2R/Microsoft.Maui.dll' (1,609,728)
2026-09-22 05:51:20: Copy Over 'C:/rock/bannister/Bannister/obj/x64/Release/net8.0-windows10.0.19041.0/win-x64/R2R/Microsoft.Maui.Controls.Xaml.dll' -> 'goodrive://www.googleapis.com/:personal:/bannister/bannister/obj/x64/Release/net8.0-windows10.0.19041.0/win-x64/R2R/Microsoft.Maui.Controls.Xaml.dll' (294,912)
2026-09-22 05:51:20: < Copy Over 'C:/rock/bannister/Bannister/obj/x64/Release/net8.0-windows10.0.19041.0/win-x64/R2R/Microsoft.Maui.Controls.dll' -> 'goodrive://www.googleapis.com/:personal:/bannister/bannister/obj/x64/Release/net8.0-windows10.0.19041.0/win-x64/R2R/Microsoft.Maui.Controls.dll' (4,317,184)
2026-09-22 05:51:22: < Copy Over 'C:/rock/bannister/Bannister/obj/x64/Release/net8.0-windows10.0.19041.0/win-x64/R2R/Microsoft.Maui.dll' -> 'goodrive://www.googleapis.com/:personal:/bannister/bannister/obj/x64/Release/net8.0-windows10.0.19041.0/win-x64/R2R/Microsoft.Maui.dll' (1,609,728)
2026-09-22 05:51:24: Copy Over 'C:/rock/bannister/Bannister/obj/x64/Release/net8.0-windows10.0.19041.0/win-x64/R2R/Microsoft.Maui.Graphics.dll' -> 'goodrive://www.googleapis.com/:personal:/bannister/bannister/obj/x64/Release/net8.0-windows10.0.19041.0/win-x64/R2R/Microsoft.Maui.Graphics.dll' (536,576)
2026-09-22 05:51:24: Copy Over 'C:/rock/bannister/Bannister/obj/x64/Release/net8.0-windows10.0.19041.0/win-x64/R2R/Microsoft.Maui.Essentials.dll' -> 'goodrive://www.googleapis.com/:personal:/bannister/bannister/obj/x64/Release/net8.0-windows10.0.19041.0/win-x64/R2R/Microsoft.Maui.Essentials.dll' (544,768)
2026-09-22 05:51:25: Copy Over 'C:/rock/bannister/Bannister/obj/x64/Release/net8.0-windows10.0.19041.0/win-x64/R2R/Microsoft.Maui.Graphics.Win2D.WinUI.Desktop.dll' -> 'goodrive://www.googleapis.com/:personal:/bannister/bannister/obj/x64/Release/net8.0-windows10.0.19041.0/win-x64/R2R/Microsoft.Maui.Graphics.Win2D.WinUI.Desktop.dll' (126,976)
2026-09-22 05:51:28: Copy Over 'C:/rock/bannister/Bannister/obj/x64/Release/net8.0-windows10.0.19041.0/win-x64/R2R/Microsoft.Windows.ApplicationModel.Resources.Projection.dll' -> 'goodrive://www.googleapis.com/:personal:/bannister/bannister/obj/x64/Release/net8.0-windows10.0.19041.0/win-x64/R2R/Microsoft.Windows.ApplicationModel.Resources.Projection.dll' (135,168)
2026-09-22 05:51:28: Copy Over 'C:/rock/bannister/Bannister/obj/x64/Release/net8.0-windows10.0.19041.0/win-x64/R2R/Microsoft.Windows.ApplicationModel.DynamicDependency.Projection.dll' -> 'goodrive://www.googleapis.com/:personal:/bannister/bannister/obj/x64/Release/net8.0-windows10.0.19041.0/win-x64/R2R/Microsoft.Windows.ApplicationModel.DynamicDependency.Projection.dll' (102,400)
2026-09-22 05:51:29: Copy Over 'C:/rock/bannister/Bannister/obj/x64/Release/net8.0-windows10.0.19041.0/win-x64/R2R/Microsoft.Windows.ApplicationModel.WindowsAppRuntime.Projection.dll' -> 'goodrive://www.googleapis.com/:personal:/bannister/bannister/obj/x64/Release/net8.0-windows10.0.19041.0/win-x64/R2R/Microsoft.Windows.ApplicationModel.WindowsAppRuntime.Projection.dll' (81,920)
2026-09-22 05:51:32: Copy Over 'C:/rock/bannister/Bannister/obj/x64/Release/net8.0-windows10.0.19041.0/win-x64/R2R/Microsoft.Windows.AppNotifications.Builder.Projection.dll' -> 'goodrive://www.googleapis.com/:personal:/bannister/bannister/obj/x64/Release/net8.0-windows10.0.19041.0/win-x64/R2R/Microsoft.Windows.AppNotifications.Builder.Projection.dll' (131,072)
2026-09-22 05:51:32: Copy Over 'C:/rock/bannister/Bannister/obj/x64/Release/net8.0-windows10.0.19041.0/win-x64/R2R/Microsoft.Windows.AppLifecycle.Projection.dll' -> 'goodrive://www.googleapis.com/:personal:/bannister/bannister/obj/x64/Release/net8.0-windows10.0.19041.0/win-x64/R2R/Microsoft.Windows.AppLifecycle.Projection.dll' (90,112)
2026-09-22 05:51:32: Copy Over 'C:/rock/bannister/Bannister/obj/x64/Release/net8.0-windows10.0.19041.0/win-x64/R2R/Microsoft.Windows.AppNotifications.Projection.dll' -> 'goodrive://www.googleapis.com/:personal:/bannister/bannister/obj/x64/Release/net8.0-windows10.0.19041.0/win-x64/R2R/Microsoft.Windows.AppNotifications.Projection.dll' (118,784)
2026-09-22 05:51:32: > Copy Over 'C:/rock/bannister/Bannister/obj/x64/Release/net8.0-windows10.0.19041.0/win-x64/R2R/Microsoft.Windows.SDK.NET.dll' -> 'goodrive://www.googleapis.com/:personal:/bannister/bannister/obj/x64/Release/net8.0-windows10.0.19041.0/win-x64/R2R/Microsoft.Windows.SDK.NET.dll' (56,717,312)
2026-09-22 05:51:35: Copy Over 'C:/rock/bannister/Bannister/obj/x64/Release/net8.0-windows10.0.19041.0/win-x64/R2R/Microsoft.Windows.Management.Deployment.Projection.dll' -> 'goodrive://www.googleapis.com/:personal:/bannister/bannister/obj/x64/Release/net8.0-windows10.0.19041.0/win-x64/R2R/Microsoft.Windows.Management.Deployment.Projection.dll' (217,088)
2026-09-22 05:51:35: Copy Over 'C:/rock/bannister/Bannister/obj/x64/Release/net8.0-windows10.0.19041.0/win-x64/R2R/Microsoft.Windows.PushNotifications.Projection.dll' -> 'goodrive://www.googleapis.com/:personal:/bannister/bannister/obj/x64/Release/net8.0-windows10.0.19041.0/win-x64/R2R/Microsoft.Windows.PushNotifications.Projection.dll' (102,400)
2026-09-22 05:51:39: Copy Over 'C:/rock/bannister/Bannister/obj/x64/Release/net8.0-windows10.0.19041.0/win-x64/R2R/Microsoft.Windows.Security.AccessControl.Projection.dll' -> 'goodrive://www.googleapis.com/:personal:/bannister/bannister/obj/x64/Release/net8.0-windows10.0.19041.0/win-x64/R2R/Microsoft.Windows.Security.AccessControl.Projection.dll' (61,440)
2026-09-22 05:51:39: Copy Over 'C:/rock/bannister/Bannister/obj/x64/Release/net8.0-windows10.0.19041.0/win-x64/R2R/Microsoft.Windows.System.Power.Projection.dll' -> 'goodrive://www.googleapis.com/:personal:/bannister/bannister/obj/x64/Release/net8.0-windows10.0.19041.0/win-x64/R2R/Microsoft.Windows.System.Power.Projection.dll' (81,920)
2026-09-22 05:51:39: < Copy Over 'C:/rock/bannister/Bannister/obj/x64/Release/net8.0-windows10.0.19041.0/win-x64/R2R/Microsoft.Windows.SDK.NET.dll' -> 'goodrive://www.googleapis.com/:personal:/bannister/bannister/obj/x64/Release/net8.0-windows10.0.19041.0/win-x64/R2R/Microsoft.Windows.SDK.NET.dll' (56,717,312)
2026-09-22 05:51:42: Copy Over 'C:/rock/bannister/Bannister/obj/x64/Release/net8.0-windows10.0.19041.0/win-x64/R2R/Microsoft.Windows.Widgets.Projection.dll' -> 'goodrive://www.googleapis.com/:personal:/bannister/bannister/obj/x64/Release/net8.0-windows10.0.19041.0/win-x64/R2R/Microsoft.Windows.Widgets.Projection.dll' (315,392)
2026-09-22 05:51:42: > Copy Over 'C:/rock/bannister/Bannister/obj/x64/Release/net8.0-windows10.0.19041.0/win-x64/R2R/Microsoft.WinUI.dll' -> 'goodrive://www.googleapis.com/:personal:/bannister/bannister/obj/x64/Release/net8.0-windows10.0.19041.0/win-x64/R2R/Microsoft.WinUI.dll' (14,249,984)
2026-09-22 05:51:42: Copy Over 'C:/rock/bannister/Bannister/obj/x64/Release/net8.0-windows10.0.19041.0/win-x64/R2R/Microsoft.Windows.System.Projection.dll' -> 'goodrive://www.googleapis.com/:personal:/bannister/bannister/obj/x64/Release/net8.0-windows10.0.19041.0/win-x64/R2R/Microsoft.Windows.System.Projection.dll' (69,632)
2026-09-22 05:51:42: > Copy Over 'C:/rock/bannister/Bannister/obj/x64/Release/net8.0-windows10.0.19041.0/win-x64/R2R/Newtonsoft.Json.dll' -> 'goodrive://www.googleapis.com/:personal:/bannister/bannister/obj/x64/Release/net8.0-windows10.0.19041.0/win-x64/R2R/Newtonsoft.Json.dll' (1,294,336)
2026-09-22 05:51:43: Copy Over 'C:/rock/bannister/Bannister/obj/x64/Release/net8.0-windows10.0.19041.0/win-x64/R2R/Microsoft.WindowsAppRuntime.Bootstrap.Net.dll' -> 'goodrive://www.googleapis.com/:personal:/bannister/bannister/obj/x64/Release/net8.0-windows10.0.19041.0/win-x64/R2R/Microsoft.WindowsAppRuntime.Bootstrap.Net.dll' (20,480)
2026-09-22 05:51:43: > Copy Over 'C:/rock/bannister/Bannister/obj/x64/Release/net8.0-windows10.0.19041.0/win-x64/R2R/SkiaSharp.dll' -> 'goodrive://www.googleapis.com/:personal:/bannister/bannister/obj/x64/Release/net8.0-windows10.0.19041.0/win-x64/R2R/SkiaSharp.dll' (1,277,952)
2026-09-22 05:51:46: < Copy Over 'C:/rock/bannister/Bannister/obj/x64/Release/net8.0-windows10.0.19041.0/win-x64/R2R/Newtonsoft.Json.dll' -> 'goodrive://www.googleapis.com/:personal:/bannister/bannister/obj/x64/Release/net8.0-windows10.0.19041.0/win-x64/R2R/Newtonsoft.Json.dll' (1,294,336)
2026-09-22 05:51:47: < Copy Over 'C:/rock/bannister/Bannister/obj/x64/Release/net8.0-windows10.0.19041.0/win-x64/R2R/SkiaSharp.dll' -> 'goodrive://www.googleapis.com/:personal:/bannister/bannister/obj/x64/Release/net8.0-windows10.0.19041.0/win-x64/R2R/SkiaSharp.dll' (1,277,952)
2026-09-22 05:51:47: < Copy Over 'C:/rock/bannister/Bannister/obj/x64/Release/net8.0-windows10.0.19041.0/win-x64/R2R/Microsoft.WinUI.dll' -> 'goodrive://www.googleapis.com/:personal:/bannister/bannister/obj/x64/Release/net8.0-windows10.0.19041.0/win-x64/R2R/Microsoft.WinUI.dll' (14,249,984)
2026-09-22 05:51:50: Copy Over 'C:/rock/bannister/Bannister/obj/x64/Release/net8.0-windows10.0.19041.0/win-x64/R2R/SQLite-net.dll' -> 'goodrive://www.googleapis.com/:personal:/bannister/bannister/obj/x64/Release/net8.0-windows10.0.19041.0/win-x64/R2R/SQLite-net.dll' (290,816)
2026-09-22 05:51:50: Copy Over 'C:/rock/bannister/Bannister/obj/x64/Release/net8.0-windows10.0.19041.0/win-x64/R2R/SQLitePCLRaw.core.dll' -> 'goodrive://www.googleapis.com/:personal:/bannister/bannister/obj/x64/Release/net8.0-windows10.0.19041.0/win-x64/R2R/SQLitePCLRaw.core.dll' (110,592)
2026-09-22 05:51:51: Copy Over 'C:/rock/bannister/Bannister/obj/x64/Release/net8.0-windows10.0.19041.0/win-x64/R2R/SQLitePCLRaw.batteries_v2.dll' -> 'goodrive://www.googleapis.com/:personal:/bannister/bannister/obj/x64/Release/net8.0-windows10.0.19041.0/win-x64/R2R/SQLitePCLRaw.batteries_v2.dll' (20,480)
2026-09-22 05:51:51: > Copy Over 'C:/rock/bannister/Bannister/obj/x64/Release/net8.0-windows10.0.19041.0/win-x64/R2R/System.Speech.dll' -> 'goodrive://www.googleapis.com/:personal:/bannister/bannister/obj/x64/Release/net8.0-windows10.0.19041.0/win-x64/R2R/System.Speech.dll' (1,425,408)
2026-09-22 05:51:53: Copy Over 'C:/rock/bannister/Bannister/obj/x64/Release/net8.0-windows10.0.19041.0/win-x64/R2R/SQLitePCLRaw.provider.e_sqlcipher.dll' -> 'goodrive://www.googleapis.com/:personal:/bannister/bannister/obj/x64/Release/net8.0-windows10.0.19041.0/win-x64/R2R/SQLitePCLRaw.provider.e_sqlcipher.dll' (90,112)
2026-09-22 05:51:53: > Copy Over 'C:/rock/bannister/Bannister/obj/x64/Release/net8.0-windows10.0.19041.0/win-x64/R2R/WinRT.Runtime.dll' -> 'goodrive://www.googleapis.com/:personal:/bannister/bannister/obj/x64/Release/net8.0-windows10.0.19041.0/win-x64/R2R/WinRT.Runtime.dll' (1,392,640)
2026-09-22 05:51:54: Copy Over 'C:/rock/bannister/Bannister/obj/x64/Release/net8.0-windows10.0.19041.0/win-x64/R2R/SQLitePCLRaw.provider.e_sqlite3.dll' -> 'goodrive://www.googleapis.com/:personal:/bannister/bannister/obj/x64/Release/net8.0-windows10.0.19041.0/win-x64/R2R/SQLitePCLRaw.provider.e_sqlite3.dll' (86,016)
2026-09-22 05:51:54: < Copy Over 'C:/rock/bannister/Bannister/obj/x64/Release/net8.0-windows10.0.19041.0/win-x64/R2R/System.Speech.dll' -> 'goodrive://www.googleapis.com/:personal:/bannister/bannister/obj/x64/Release/net8.0-windows10.0.19041.0/win-x64/R2R/System.Speech.dll' (1,425,408)
2026-09-22 05:51:56: < Copy Over 'C:/rock/bannister/Bannister/obj/x64/Release/net8.0-windows10.0.19041.0/win-x64/R2R/WinRT.Runtime.dll' -> 'goodrive://www.googleapis.com/:personal:/bannister/bannister/obj/x64/Release/net8.0-windows10.0.19041.0/win-x64/R2R/WinRT.Runtime.dll' (1,392,640)
2026-09-22 05:51:58: Copy Over 'C:/rock/bannister/Bannister/obj/x64/Release/net8.0-windows10.0.19041.0/win-x64/R2R/Xabe.FFmpeg.Downloader.dll' -> 'goodrive://www.googleapis.com/:personal:/bannister/bannister/obj/x64/Release/net8.0-windows10.0.19041.0/win-x64/R2R/Xabe.FFmpeg.Downloader.dll' (65,536)
2026-09-22 05:51:58: > Copy Over 'C:/rock/bannister/Bannister/obj/x64/Release/net8.0-windows10.0.19041.0/win-x64/refint/Bannister.dll' -> 'goodrive://www.googleapis.com/:personal:/bannister/bannister/obj/x64/Release/net8.0-windows10.0.19041.0/win-x64/refint/Bannister.dll' (1,972,736)
2026-09-22 05:51:58: Copy Over 'C:/rock/bannister/Bannister/obj/x64/Release/net8.0-windows10.0.19041.0/win-x64/R2R/Xabe.FFmpeg.dll' -> 'goodrive://www.googleapis.com/:personal:/bannister/bannister/obj/x64/Release/net8.0-windows10.0.19041.0/win-x64/R2R/Xabe.FFmpeg.dll' (331,776)
2026-09-22 05:52:00: Copy Over 'C:/rock/bannister/Bannister/obj/x64/Release/net8.0-windows10.0.19041.0/win-x64/resources.resfiles.intermediate' -> 'goodrive://www.googleapis.com/:personal:/bannister/bannister/obj/x64/Release/net8.0-windows10.0.19041.0/win-x64/resources.resfiles.intermediate' (0)
2026-09-22 05:52:01: < Copy Over 'C:/rock/bannister/Bannister/obj/x64/Release/net8.0-windows10.0.19041.0/win-x64/refint/Bannister.dll' -> 'goodrive://www.googleapis.com/:personal:/bannister/bannister/obj/x64/Release/net8.0-windows10.0.19041.0/win-x64/refint/Bannister.dll' (1,972,736)
2026-09-22 05:52:02: Copy Over 'C:/rock/bannister/Bannister/obj/x64/Release/net8.0-windows10.0.19041.0/win-x64/unfiltered.layout.resfiles.intermediate' -> 'goodrive://www.googleapis.com/:personal:/bannister/bannister/obj/x64/Release/net8.0-windows10.0.19041.0/win-x64/unfiltered.layout.resfiles.intermediate' (2,329)
2026-09-22 05:52:04: Copy Over 'C:/rock/bannister/Bannister/obj/x64/Release/net8.0-windows10.0.19041.0/win-x64/XamlC.stamp' -> 'goodrive://www.googleapis.com/:personal:/bannister/bannister/obj/x64/Release/net8.0-windows10.0.19041.0/win-x64/XamlC.stamp' (0)
2026-09-22 05:52:05: Copy Over 'C:/rock/bannister/Bannister/obj/x64/Release/net8.0-windows10.0.19041.0/win-x64/XamlSaveStateFile.xml' -> 'goodrive://www.googleapis.com/:personal:/bannister/bannister/obj/x64/Release/net8.0-windows10.0.19041.0/win-x64/XamlSaveStateFile.xml' (809)
2026-09-22 05:52:05: Copy Over 'C:/rock/bannister/Bannister/obj/x64/Debug/net8.0-android/Bannister.assets.cache' -> 'goodrive://www.googleapis.com/:personal:/bannister/bannister/obj/x64/Debug/net8.0-android/Bannister.assets.cache' (102,483)
2026-09-22 05:52:08: Copy Over 'C:/rock/bannister/Bannister/obj/x64/Debug/net8.0-android/designtime/build.props' -> 'goodrive://www.googleapis.com/:personal:/bannister/bannister/obj/x64/Debug/net8.0-android/designtime/build.props' (999)
2026-09-22 05:52:08: Copy Over 'C:/rock/bannister/Bannister/obj/x64/Debug/net8.0-android/lp/map.cache' -> 'goodrive://www.googleapis.com/:personal:/bannister/bannister/obj/x64/Debug/net8.0-android/lp/map.cache' (6,351)
2026-09-22 05:52:08: Copy Over 'C:/rock/bannister/Bannister/obj/x64/Debug/net8.0-android/designtime/stamp/_ResolveLibraryProjectImports.stamp' -> 'goodrive://www.googleapis.com/:personal:/bannister/bannister/obj/x64/Debug/net8.0-android/designtime/stamp/_ResolveLibraryProjectImports.stamp' (0)
2026-09-22 05:52:11: Copy Over 'C:/rock/bannister/Bannister/obj/x64/Debug/net8.0-windows10.0.19041.0/apphost.exe' -> 'goodrive://www.googleapis.com/:personal:/bannister/bannister/obj/x64/Debug/net8.0-windows10.0.19041.0/apphost.exe' (153,088)
2026-09-22 05:52:11: Copy Over 'C:/rock/bannister/Bannister/obj/x64/Debug/net8.0-windows10.0.19041.0/Bannister.AssemblyInfoInputs.cache' -> 'goodrive://www.googleapis.com/:personal:/bannister/bannister/obj/x64/Debug/net8.0-windows10.0.19041.0/Bannister.AssemblyInfoInputs.cache' (66)
2026-09-22 05:52:11: Copy Over 'C:/rock/bannister/Bannister/obj/x64/Debug/net8.0-windows10.0.19041.0/Bannister.AssemblyInfo.cs' -> 'goodrive://www.googleapis.com/:personal:/bannister/bannister/obj/x64/Debug/net8.0-windows10.0.19041.0/Bannister.AssemblyInfo.cs' (1,713)
2026-09-22 05:52:14: Copy Over 'C:/rock/bannister/Bannister/obj/x64/Debug/net8.0-windows10.0.19041.0/Bannister.assets.cache' -> 'goodrive://www.googleapis.com/:personal:/bannister/bannister/obj/x64/Debug/net8.0-windows10.0.19041.0/Bannister.assets.cache' (73,605)
2026-09-22 05:52:14: > Copy Over 'C:/rock/bannister/Bannister/obj/x64/Debug/net8.0-windows10.0.19041.0/Bannister.dll' -> 'goodrive://www.googleapis.com/:personal:/bannister/bannister/obj/x64/Debug/net8.0-windows10.0.19041.0/Bannister.dll' (8,399,872)
2026-09-22 05:52:14: Copy Over 'C:/rock/bannister/Bannister/obj/x64/Debug/net8.0-windows10.0.19041.0/Bannister.csproj.BuildWithSkipAnalyzers' -> 'goodrive://www.googleapis.com/:personal:/bannister/bannister/obj/x64/Debug/net8.0-windows10.0.19041.0/Bannister.csproj.BuildWithSkipAnalyzers' (0)
2026-09-22 05:52:14: > Copy Over 'C:/rock/bannister/Bannister/obj/x64/Debug/net8.0-windows10.0.19041.0/Bannister.pdb' -> 'goodrive://www.googleapis.com/:personal:/bannister/bannister/obj/x64/Debug/net8.0-windows10.0.19041.0/Bannister.pdb' (1,776,152)
2026-09-22 05:52:15: Copy Over 'C:/rock/bannister/Bannister/obj/x64/Debug/net8.0-windows10.0.19041.0/Bannister.csproj.CoreCompileInputs.cache' -> 'goodrive://www.googleapis.com/:personal:/bannister/bannister/obj/x64/Debug/net8.0-windows10.0.19041.0/Bannister.csproj.CoreCompileInputs.cache' (66)
2026-09-22 05:52:18: Copy Over 'C:/rock/bannister/Bannister/obj/x64/Debug/net8.0-windows10.0.19041.0/Bannister.sourcelink.json' -> 'goodrive://www.googleapis.com/:personal:/bannister/bannister/obj/x64/Debug/net8.0-windows10.0.19041.0/Bannister.sourcelink.json' (141)
2026-09-22 05:52:18: < Copy Over 'C:/rock/bannister/Bannister/obj/x64/Debug/net8.0-windows10.0.19041.0/Bannister.pdb' -> 'goodrive://www.googleapis.com/:personal:/bannister/bannister/obj/x64/Debug/net8.0-windows10.0.19041.0/Bannister.pdb' (1,776,152)
2026-09-22 05:52:19: < Copy Over 'C:/rock/bannister/Bannister/obj/x64/Debug/net8.0-windows10.0.19041.0/Bannister.dll' -> 'goodrive://www.googleapis.com/:personal:/bannister/bannister/obj/x64/Debug/net8.0-windows10.0.19041.0/Bannister.dll' (8,399,872)
2026-09-22 05:52:21: Copy Over 'C:/rock/bannister/Bannister/obj/x64/Debug/net8.0-windows10.0.19041.0/excluded.layout.resfiles.intermediate' -> 'goodrive://www.googleapis.com/:personal:/bannister/bannister/obj/x64/Debug/net8.0-windows10.0.19041.0/excluded.layout.resfiles.intermediate' (0)
2026-09-22 05:52:21: Copy Over 'C:/rock/bannister/Bannister/obj/x64/Debug/net8.0-windows10.0.19041.0/embed/embed.resfiles.intermediate' -> 'goodrive://www.googleapis.com/:personal:/bannister/bannister/obj/x64/Debug/net8.0-windows10.0.19041.0/embed/embed.resfiles.intermediate' (27)
2026-09-22 05:52:22: Copy Over 'C:/rock/bannister/Bannister/obj/x64/Debug/net8.0-windows10.0.19041.0/filtered.layout.resfiles.intermediate' -> 'goodrive://www.googleapis.com/:personal:/bannister/bannister/obj/x64/Debug/net8.0-windows10.0.19041.0/filtered.layout.resfiles.intermediate' (2,329)
2026-09-22 05:52:22: > Copy Over 'C:/rock/bannister/Bannister/obj/x64/Debug/net8.0-windows10.0.19041.0/intermediatexaml/Bannister.dll' -> 'goodrive://www.googleapis.com/:personal:/bannister/bannister/obj/x64/Debug/net8.0-windows10.0.19041.0/intermediatexaml/Bannister.dll' (8,257,536)
2026-09-22 05:52:25: Copy Over 'C:/rock/bannister/Bannister/obj/x64/Debug/net8.0-windows10.0.19041.0/output.json' -> 'goodrive://www.googleapis.com/:personal:/bannister/bannister/obj/x64/Debug/net8.0-windows10.0.19041.0/output.json' (8,845)
2026-09-22 05:52:25: > Copy Over 'C:/rock/bannister/Bannister/obj/x64/Debug/net8.0-windows10.0.19041.0/intermediatexaml/Bannister.pdb' -> 'goodrive://www.googleapis.com/:personal:/bannister/bannister/obj/x64/Debug/net8.0-windows10.0.19041.0/intermediatexaml/Bannister.pdb' (1,744,432)
2026-09-22 05:52:26: Copy Over 'C:/rock/bannister/Bannister/obj/x64/Debug/net8.0-windows10.0.19041.0/input.json' -> 'goodrive://www.googleapis.com/:personal:/bannister/bannister/obj/x64/Debug/net8.0-windows10.0.19041.0/input.json' (104,202)
2026-09-22 05:52:27: < Copy Over 'C:/rock/bannister/Bannister/obj/x64/Debug/net8.0-windows10.0.19041.0/intermediatexaml/Bannister.dll' -> 'goodrive://www.googleapis.com/:personal:/bannister/bannister/obj/x64/Debug/net8.0-windows10.0.19041.0/intermediatexaml/Bannister.dll' (8,257,536)
2026-09-22 05:52:29: < Copy Over 'C:/rock/bannister/Bannister/obj/x64/Debug/net8.0-windows10.0.19041.0/intermediatexaml/Bannister.pdb' -> 'goodrive://www.googleapis.com/:personal:/bannister/bannister/obj/x64/Debug/net8.0-windows10.0.19041.0/intermediatexaml/Bannister.pdb' (1,744,432)
2026-09-22 05:52:30: Copy Over 'C:/rock/bannister/Bannister/obj/x64/Debug/net8.0-windows10.0.19041.0/pri.resfiles.intermediate' -> 'goodrive://www.googleapis.com/:personal:/bannister/bannister/obj/x64/Debug/net8.0-windows10.0.19041.0/pri.resfiles.intermediate' (386)
2026-09-22 05:52:30: Copy Over 'C:/rock/bannister/Bannister/obj/x64/Debug/net8.0-windows10.0.19041.0/priconfig.xml.intermediate' -> 'goodrive://www.googleapis.com/:personal:/bannister/bannister/obj/x64/Debug/net8.0-windows10.0.19041.0/priconfig.xml.intermediate' (3,154)
2026-09-22 05:52:30: > Copy Over 'C:/rock/bannister/Bannister/obj/x64/Debug/net8.0-windows10.0.19041.0/ref/Bannister.dll' -> 'goodrive://www.googleapis.com/:personal:/bannister/bannister/obj/x64/Debug/net8.0-windows10.0.19041.0/ref/Bannister.dll' (1,756,672)
2026-09-22 05:52:33: Copy Over 'C:/rock/bannister/Bannister/obj/x64/Debug/net8.0-windows10.0.19041.0/qualifiers.txt.intermediate' -> 'goodrive://www.googleapis.com/:personal:/bannister/bannister/obj/x64/Debug/net8.0-windows10.0.19041.0/qualifiers.txt.intermediate' (184)
2026-09-22 05:52:33: Copy Over 'C:/rock/bannister/Bannister/obj/x64/Debug/net8.0-windows10.0.19041.0/Platforms/Windows/App.xaml' -> 'goodrive://www.googleapis.com/:personal:/bannister/bannister/obj/x64/Debug/net8.0-windows10.0.19041.0/Platforms/Windows/App.xaml' (304)
2026-09-22 05:52:33: > Copy Over 'C:/rock/bannister/Bannister/obj/x64/Debug/net8.0-windows10.0.19041.0/refint/Bannister.dll' -> 'goodrive://www.googleapis.com/:personal:/bannister/bannister/obj/x64/Debug/net8.0-windows10.0.19041.0/refint/Bannister.dll' (1,756,672)
2026-09-22 05:52:34: < Copy Over 'C:/rock/bannister/Bannister/obj/x64/Debug/net8.0-windows10.0.19041.0/ref/Bannister.dll' -> 'goodrive://www.googleapis.com/:personal:/bannister/bannister/obj/x64/Debug/net8.0-windows10.0.19041.0/ref/Bannister.dll' (1,756,672)
2026-09-22 05:52:36: Copy Over 'C:/rock/bannister/Bannister/obj/x64/Debug/net8.0-windows10.0.19041.0/resources.resfiles.intermediate' -> 'goodrive://www.googleapis.com/:personal:/bannister/bannister/obj/x64/Debug/net8.0-windows10.0.19041.0/resources.resfiles.intermediate' (0)
2026-09-22 05:52:36: < Copy Over 'C:/rock/bannister/Bannister/obj/x64/Debug/net8.0-windows10.0.19041.0/refint/Bannister.dll' -> 'goodrive://www.googleapis.com/:personal:/bannister/bannister/obj/x64/Debug/net8.0-windows10.0.19041.0/refint/Bannister.dll' (1,756,672)
2026-09-22 05:52:37: Copy Over 'C:/rock/bannister/Bannister/obj/x64/Debug/net8.0-windows10.0.19041.0/unfiltered.layout.resfiles.intermediate' -> 'goodrive://www.googleapis.com/:personal:/bannister/bannister/obj/x64/Debug/net8.0-windows10.0.19041.0/unfiltered.layout.resfiles.intermediate' (2,329)
2026-09-22 05:52:39: Copy Over 'C:/rock/bannister/Bannister/obj/x64/Debug/net8.0-windows10.0.19041.0/XamlC.stamp' -> 'goodrive://www.googleapis.com/:personal:/bannister/bannister/obj/x64/Debug/net8.0-windows10.0.19041.0/XamlC.stamp' (0)
2026-09-22 05:52:40: Copy Over 'C:/rock/bannister/Bannister/obj/x64/Debug/net8.0-windows10.0.19041.0/XamlSaveStateFile.xml' -> 'goodrive://www.googleapis.com/:personal:/bannister/bannister/obj/x64/Debug/net8.0-windows10.0.19041.0/XamlSaveStateFile.xml' (813)
2026-09-22 05:52:41: Copy Over 'C:/rock/bannister/Bannister/obj/x64/Debug/net8.0-windows10.0.19041.0/XamlTypeInfo.g.cs' -> 'goodrive://www.googleapis.com/:personal:/bannister/bannister/obj/x64/Debug/net8.0-windows10.0.19041.0/XamlTypeInfo.g.cs' (99,918)
2026-09-22 05:52:42: Copy New 'C:/rock/bannister/Bannister/Models/MotivationSource.cs' -> 'goodrive://www.googleapis.com/:personal:/bannister/bannister/Models/MotivationSource.cs' (875)
2026-09-22 05:52:43: Copy Over 'C:/rock/bannister/Bannister/Models/SequenceTask.cs' -> 'goodrive://www.googleapis.com/:personal:/bannister/bannister/Models/SequenceTask.cs' (636)
2026-09-22 05:52:43: Copy New 'C:/rock/bannister/Bannister/Services/ActivitySuggestionService.cs' -> 'goodrive://www.googleapis.com/:personal:/bannister/bannister/Services/ActivitySuggestionService.cs' (2,166)
2026-09-22 05:52:45: Copy New 'C:/rock/bannister/Bannister/Views/ActivitySuggestionPage.cs' -> 'goodrive://www.googleapis.com/:personal:/bannister/bannister/Views/ActivitySuggestionPage.cs' (3,438)
2026-09-22 05:52:45: Copy Over 'C:/rock/bannister/Bannister/Views/ActivityCreationPage.cs' -> 'goodrive://www.googleapis.com/:personal:/bannister/bannister/Views/ActivityCreationPage.cs' (54,990)
2026-09-22 05:52:46: Copy Over 'C:/rock/bannister/Bannister/Views/ActivityGamePage/ActivityGamePage.cs' -> 'goodrive://www.googleapis.com/:personal:/bannister/bannister/Views/ActivityGamePage/ActivityGamePage.cs' (10,545)
2026-09-22 05:52:47: Copy New 'C:/rock/bannister/Bannister/Views/DailyDeadlinesPage.cs' -> 'goodrive://www.googleapis.com/:personal:/bannister/bannister/Views/DailyDeadlinesPage.cs' (24,444)
2026-09-22 05:52:48: Copy Over 'C:/rock/bannister/Bannister/Views/ChallengeTasksPage.cs' -> 'goodrive://www.googleapis.com/:personal:/bannister/bannister/Views/ChallengeTasksPage.cs' (29,872)
2026-09-22 05:52:51: Copy Over 'C:/rock/bannister/Bannister/Views/EditActivityPage.xaml.cs' -> 'goodrive://www.googleapis.com/:personal:/bannister/bannister/Views/EditActivityPage.xaml.cs' (36,429)
2026-09-22 05:52:51: Copy Over 'C:/rock/bannister/Bannister/Views/GamesListPage.cs' -> 'goodrive://www.googleapis.com/:personal:/bannister/bannister/Views/GamesListPage.cs' (28,170)
2026-09-22 05:52:52: Copy Over 'C:/rock/bannister/Bannister/Views/HomePage.cs' -> 'goodrive://www.googleapis.com/:personal:/bannister/bannister/Views/HomePage.cs' (151,323)
2026-09-22 05:52:52: Copy New 'C:/rock/bannister/Bannister/Views/MotivationNotesPage.cs' -> 'goodrive://www.googleapis.com/:personal:/bannister/bannister/Views/MotivationNotesPage.cs' (4,753)
2026-09-22 05:52:52: Copy New 'C:/rock/bannister/Bannister/Views/MotivationHubPage.cs' -> 'goodrive://www.googleapis.com/:personal:/bannister/bannister/Views/MotivationHubPage.cs' (1,187)
2026-09-22 05:52:54: Copy New 'C:/rock/bannister/Bannister/Views/MotivationSourcesPage.cs' -> 'goodrive://www.googleapis.com/:personal:/bannister/bannister/Views/MotivationSourcesPage.cs' (19,814)
2026-09-22 05:52:56: Copy Over 'C:/rock/bannister/Bannister/Views/SequenceTaskPage.cs' -> 'goodrive://www.googleapis.com/:personal:/bannister/bannister/Views/SequenceTaskPage.cs' (13,590)
2026-09-22 05:52:57: Copy Over 'C:/rock/bannister/Bannister/Views/SettingsPage.cs' -> 'goodrive://www.googleapis.com/:personal:/bannister/bannister/Views/SettingsPage.cs' (37,038)
2026-09-22 05:52:58: Copy New 'C:/rock/bannister/Bannister/Services/DailyDeadlineService.cs' -> 'goodrive://www.googleapis.com/:personal:/bannister/bannister/Services/DailyDeadlineService.cs' (5,578)
2026-09-22 05:52:58: Copy Over 'C:/rock/bannister/Bannister/Views/TasksPage.cs' -> 'goodrive://www.googleapis.com/:personal:/bannister/bannister/Views/TasksPage.cs' (91,887)
2026-09-22 05:53:00: Copy Over 'C:/rock/bannister/Bannister/Services/ExpEngine.cs' -> 'goodrive://www.googleapis.com/:personal:/bannister/bannister/Services/ExpEngine.cs' (4,318)
2026-09-22 05:53:00: Copy New 'C:/rock/bannister/Bannister/Services/MotivationService.cs' -> 'goodrive://www.googleapis.com/:personal:/bannister/bannister/Services/MotivationService.cs' (3,680)
2026-09-22 05:53:00: Copy New 'C:/rock/bannister/Bannister/Services/ResetTimeService.cs' -> 'goodrive://www.googleapis.com/:personal:/bannister/bannister/Services/ResetTimeService.cs' (1,987)
2026-09-22 05:53:03: Copy Over 'C:/rock/bannister/Bannister/Services/SequenceTaskService.cs' -> 'goodrive://www.googleapis.com/:personal:/bannister/bannister/Services/SequenceTaskService.cs' (3,964)
2026-09-22 05:53:03: Copy Over 'C:/rock/bannister/.git/index' -> 'goodrive://www.googleapis.com/:personal:/bannister/.git/index' (53,307)
2026-09-22 05:53:05: Copy New 'C:/rock/bannister/.git/objects/00/a04a115b4520afb9296d67fae3d85be375e5e4' -> 'goodrive://www.googleapis.com/:personal:/bannister/.git/objects/00/a04a115b4520afb9296d67fae3d85be375e5e4' (3,219)
2026-09-22 05:53:05: Copy New 'C:/rock/bannister/.git/objects/02/632b7b10bf2e084b4b714f36cefdbeb1087c84' -> 'goodrive://www.googleapis.com/:personal:/bannister/.git/objects/02/632b7b10bf2e084b4b714f36cefdbeb1087c84' (67)
2026-09-22 05:53:06: Copy Over 'C:/rock/bannister/.git/logs/HEAD' -> 'goodrive://www.googleapis.com/:personal:/bannister/.git/logs/HEAD' (858,374)
2026-09-22 05:53:07: Copy New 'C:/rock/bannister/.git/objects/02/d756433bd417645351214a1ed321fd635bda8d' -> 'goodrive://www.googleapis.com/:personal:/bannister/.git/objects/02/d756433bd417645351214a1ed321fd635bda8d' (20,580)
2026-09-22 05:53:08: Copy New 'C:/rock/bannister/.git/objects/03/96cb50cda7d0df6c89f551f5230771afe6f8cb' -> 'goodrive://www.googleapis.com/:personal:/bannister/.git/objects/03/96cb50cda7d0df6c89f551f5230771afe6f8cb' (2,882)
2026-09-22 05:53:08: Copy New 'C:/rock/bannister/.git/objects/04/543f72edbf039283dace246f557659938b4035' -> 'goodrive://www.googleapis.com/:personal:/bannister/.git/objects/04/543f72edbf039283dace246f557659938b4035' (4,971)
2026-09-22 05:53:09: Copy New 'C:/rock/bannister/.git/objects/03/9cea614550d6e6687dd5be0acf3b34ca2692a9' -> 'goodrive://www.googleapis.com/:personal:/bannister/.git/objects/03/9cea614550d6e6687dd5be0acf3b34ca2692a9' (4,089)
2026-09-22 05:53:10: Copy New 'C:/rock/bannister/.git/objects/05/0faf67c1a33c70f507b544ee486fd3adf0dc10' -> 'goodrive://www.googleapis.com/:personal:/bannister/.git/objects/05/0faf67c1a33c70f507b544ee486fd3adf0dc10' (616)
2026-09-22 05:53:10: Copy New 'C:/rock/bannister/.git/objects/07/aa0fac59e731b4f9cd158603b95dd7efaaa441' -> 'goodrive://www.googleapis.com/:personal:/bannister/.git/objects/07/aa0fac59e731b4f9cd158603b95dd7efaaa441' (67)
2026-09-22 05:53:12: Copy New 'C:/rock/bannister/.git/objects/07/cc573a95179a0a866d1f2f63419505b83d4f2d' -> 'goodrive://www.googleapis.com/:personal:/bannister/.git/objects/07/cc573a95179a0a866d1f2f63419505b83d4f2d' (5,003)
2026-09-22 05:53:12: Copy New 'C:/rock/bannister/.git/objects/05/59240c6d9312e4cc0da47de455a3bf7829777b' -> 'goodrive://www.googleapis.com/:personal:/bannister/.git/objects/05/59240c6d9312e4cc0da47de455a3bf7829777b' (488)
2026-09-22 05:53:12: Copy New 'C:/rock/bannister/.git/objects/05/68b3c4d181ff31cbe3807256de45c1e11f3a3a' -> 'goodrive://www.googleapis.com/:personal:/bannister/.git/objects/05/68b3c4d181ff31cbe3807256de45c1e11f3a3a' (2,801)
2026-09-22 05:53:14: Copy New 'C:/rock/bannister/.git/objects/0b/03084f860e6ed5aec0ad3a2fa673c5fa903f6f' -> 'goodrive://www.googleapis.com/:personal:/bannister/.git/objects/0b/03084f860e6ed5aec0ad3a2fa673c5fa903f6f' (4,978)
2026-09-22 05:53:14: Copy New 'C:/rock/bannister/.git/objects/0b/91d9ffda8f154303d1b0a7aba35bd88b5bf1f7' -> 'goodrive://www.googleapis.com/:personal:/bannister/.git/objects/0b/91d9ffda8f154303d1b0a7aba35bd88b5bf1f7' (4,971)
2026-09-22 05:53:14: Copy New 'C:/rock/bannister/.git/objects/09/c4992d1e22a50ba816869009ba570f1e9ae2ff' -> 'goodrive://www.googleapis.com/:personal:/bannister/.git/objects/09/c4992d1e22a50ba816869009ba570f1e9ae2ff' (315)
2026-09-22 05:53:16: Copy New 'C:/rock/bannister/.git/objects/0b/d24df95c759bee971652d9f995e2cc4bf5d33c' -> 'goodrive://www.googleapis.com/:personal:/bannister/.git/objects/0b/d24df95c759bee971652d9f995e2cc4bf5d33c' (487)
2026-09-22 05:53:16: Copy New 'C:/rock/bannister/.git/objects/0c/1b21d513e7fbcacae24718718878f29e73d610' -> 'goodrive://www.googleapis.com/:personal:/bannister/.git/objects/0c/1b21d513e7fbcacae24718718878f29e73d610' (2,851)
2026-09-22 05:53:16: Copy New 'C:/rock/bannister/.git/objects/09/f4421c7dfbb34efa04372230048b4d5a06de6d' -> 'goodrive://www.googleapis.com/:personal:/bannister/.git/objects/09/f4421c7dfbb34efa04372230048b4d5a06de6d' (5,660)
2026-09-22 05:53:18: Copy New 'C:/rock/bannister/.git/objects/0f/55b8e024797a65e80e0066359e26302784336c' -> 'goodrive://www.googleapis.com/:personal:/bannister/.git/objects/0f/55b8e024797a65e80e0066359e26302784336c' (488)
2026-09-22 05:53:18: Copy New 'C:/rock/bannister/.git/objects/0c/e202caceab16801efae8afa615bec9b040bccd' -> 'goodrive://www.googleapis.com/:personal:/bannister/.git/objects/0c/e202caceab16801efae8afa615bec9b040bccd' (2,426)
2026-09-22 05:53:18: Copy New 'C:/rock/bannister/.git/objects/0d/365881b65de7d6bfe7fcc39b73d083a0bde879' -> 'goodrive://www.googleapis.com/:personal:/bannister/.git/objects/0d/365881b65de7d6bfe7fcc39b73d083a0bde879' (616)
2026-09-22 05:53:20: Copy New 'C:/rock/bannister/.git/objects/11/02ecfe5b476fc1d7840956ca4592dcf01526f7' -> 'goodrive://www.googleapis.com/:personal:/bannister/.git/objects/11/02ecfe5b476fc1d7840956ca4592dcf01526f7' (3,146)
2026-09-22 05:53:20: Copy New 'C:/rock/bannister/.git/objects/11/ca3ca64e8214f24f9ff3c2295dd0cd9b99fd1d' -> 'goodrive://www.googleapis.com/:personal:/bannister/.git/objects/11/ca3ca64e8214f24f9ff3c2295dd0cd9b99fd1d' (643)
2026-09-22 05:53:20: Copy New 'C:/rock/bannister/.git/objects/0f/d6313ce1cbf512487dfde996e9386fbf980313' -> 'goodrive://www.googleapis.com/:personal:/bannister/.git/objects/0f/d6313ce1cbf512487dfde996e9386fbf980313' (5,091)
2026-09-22 05:53:22: Copy New 'C:/rock/bannister/.git/objects/13/7ebc3608eecd12d47cb428878dcebf92bfad8b' -> 'goodrive://www.googleapis.com/:personal:/bannister/.git/objects/13/7ebc3608eecd12d47cb428878dcebf92bfad8b' (487)
2026-09-22 05:53:22: Copy New 'C:/rock/bannister/.git/objects/13/c4c92e09349572a7936ccfd1984093a6332c3d' -> 'goodrive://www.googleapis.com/:personal:/bannister/.git/objects/13/c4c92e09349572a7936ccfd1984093a6332c3d' (5,003)
2026-09-22 05:53:22: Copy New 'C:/rock/bannister/.git/objects/15/a07545fd36af9de5a9d4104082bd76f98a1f34' -> 'goodrive://www.googleapis.com/:personal:/bannister/.git/objects/15/a07545fd36af9de5a9d4104082bd76f98a1f34' (4,973)
2026-09-22 05:53:24: Copy New 'C:/rock/bannister/.git/objects/16/b39b5b2c0253bd97489d0c547ac2fc83e625aa' -> 'goodrive://www.googleapis.com/:personal:/bannister/.git/objects/16/b39b5b2c0253bd97489d0c547ac2fc83e625aa' (488)
2026-09-22 05:53:24: Copy New 'C:/rock/bannister/.git/objects/17/28482868627b5eb2c16411be02d3061a50bda1' -> 'goodrive://www.googleapis.com/:personal:/bannister/.git/objects/17/28482868627b5eb2c16411be02d3061a50bda1' (4,974)
2026-09-22 05:53:24: Copy New 'C:/rock/bannister/.git/objects/17/3c7a47b4346075e349aa31b16e5b112cd372d2' -> 'goodrive://www.googleapis.com/:personal:/bannister/.git/objects/17/3c7a47b4346075e349aa31b16e5b112cd372d2' (31,927)
2026-09-22 05:53:26: Copy New 'C:/rock/bannister/.git/objects/17/b1326f8b3b6e139fbb7833ed208dd9fb816cd0' -> 'goodrive://www.googleapis.com/:personal:/bannister/.git/objects/17/b1326f8b3b6e139fbb7833ed208dd9fb816cd0' (377)
2026-09-22 05:53:26: Copy New 'C:/rock/bannister/.git/objects/1a/038ded89d15fa94d56179fd90dd8ad3f5b5ffa' -> 'goodrive://www.googleapis.com/:personal:/bannister/.git/objects/1a/038ded89d15fa94d56179fd90dd8ad3f5b5ffa' (66)
2026-09-22 05:53:26: Copy New 'C:/rock/bannister/.git/objects/19/c04ddc14eb6f3849884017d33015101ca9a77a' -> 'goodrive://www.googleapis.com/:personal:/bannister/.git/objects/19/c04ddc14eb6f3849884017d33015101ca9a77a' (705)
2026-09-22 05:53:28: Copy New 'C:/rock/bannister/.git/objects/1c/aa1d043f2801039227d1db7267c1141a161a44' -> 'goodrive://www.googleapis.com/:personal:/bannister/.git/objects/1c/aa1d043f2801039227d1db7267c1141a161a44' (4,567)
2026-09-22 05:53:28: Copy New 'C:/rock/bannister/.git/objects/1a/808e7a0e95ce8025555520e37a84c37a87fc51' -> 'goodrive://www.googleapis.com/:personal:/bannister/.git/objects/1a/808e7a0e95ce8025555520e37a84c37a87fc51' (4,971)
2026-09-22 05:53:28: Copy New 'C:/rock/bannister/.git/objects/1b/89d5141e75e92582a67fb208a070ced46f040a' -> 'goodrive://www.googleapis.com/:personal:/bannister/.git/objects/1b/89d5141e75e92582a67fb208a070ced46f040a' (616)
2026-09-22 05:53:30: Copy New 'C:/rock/bannister/.git/objects/1d/b389c87c9a8136a53ab46aff6662645d4c8c93' -> 'goodrive://www.googleapis.com/:personal:/bannister/.git/objects/1d/b389c87c9a8136a53ab46aff6662645d4c8c93' (287)
2026-09-22 05:53:30: Copy New 'C:/rock/bannister/.git/objects/1b/d41aeac34b4bef7f9a6debb66249c1bbb243ba' -> 'goodrive://www.googleapis.com/:personal:/bannister/.git/objects/1b/d41aeac34b4bef7f9a6debb66249c1bbb243ba' (488)
2026-09-22 05:53:30: Copy New 'C:/rock/bannister/.git/objects/1e/d92a23adc5ea8be4d70d1784c884623ab94028' -> 'goodrive://www.googleapis.com/:personal:/bannister/.git/objects/1e/d92a23adc5ea8be4d70d1784c884623ab94028' (12,741)
2026-09-22 05:53:33: Copy New 'C:/rock/bannister/.git/objects/1d/cb5ea00099666600c08b3c8a7f6ff381f48d61' -> 'goodrive://www.googleapis.com/:personal:/bannister/.git/objects/1d/cb5ea00099666600c08b3c8a7f6ff381f48d61' (452)
2026-09-22 05:53:33: Copy New 'C:/rock/bannister/.git/objects/1e/e59f6495155a85cbf788b1389700ea6dc3e302' -> 'goodrive://www.googleapis.com/:personal:/bannister/.git/objects/1e/e59f6495155a85cbf788b1389700ea6dc3e302' (1,765)
2026-09-22 05:53:33: Copy New 'C:/rock/bannister/.git/objects/20/19415fd638da38d3558436bd7ff0c01ba8dd69' -> 'goodrive://www.googleapis.com/:personal:/bannister/.git/objects/20/19415fd638da38d3558436bd7ff0c01ba8dd69' (616)
2026-09-22 05:53:35: Copy New 'C:/rock/bannister/.git/objects/23/8eeceb0a9045382f0e76911df0a1751c9cb609' -> 'goodrive://www.googleapis.com/:personal:/bannister/.git/objects/23/8eeceb0a9045382f0e76911df0a1751c9cb609' (498)
2026-09-22 05:53:35: Copy New 'C:/rock/bannister/.git/objects/21/de99a0bd5784f6eedcfd64990a2f469ca17d7b' -> 'goodrive://www.googleapis.com/:personal:/bannister/.git/objects/21/de99a0bd5784f6eedcfd64990a2f469ca17d7b' (12,785)
2026-09-22 05:53:35: Copy New 'C:/rock/bannister/.git/objects/22/1bd18eaacb4246456d2edc8b8585c6ff255713' -> 'goodrive://www.googleapis.com/:personal:/bannister/.git/objects/22/1bd18eaacb4246456d2edc8b8585c6ff255713' (532)
2026-09-22 05:53:37: Copy New 'C:/rock/bannister/.git/objects/23/a2263a275af4aef197b767137b5bdcc016c4ab' -> 'goodrive://www.googleapis.com/:personal:/bannister/.git/objects/23/a2263a275af4aef197b767137b5bdcc016c4ab' (309)
2026-09-22 05:53:37: Copy New 'C:/rock/bannister/.git/objects/23/94fb9f2402937e211c7199ea63491703ef1597' -> 'goodrive://www.googleapis.com/:personal:/bannister/.git/objects/23/94fb9f2402937e211c7199ea63491703ef1597' (526)
2026-09-22 05:53:37: Copy New 'C:/rock/bannister/.git/objects/23/ef6ced9846ddc458f8fd7bac583786a7516126' -> 'goodrive://www.googleapis.com/:personal:/bannister/.git/objects/23/ef6ced9846ddc458f8fd7bac583786a7516126' (67)
2026-09-22 05:53:39: Copy New 'C:/rock/bannister/.git/objects/22/d2af2fa686e1499f9f438632ba29379869744a' -> 'goodrive://www.googleapis.com/:personal:/bannister/.git/objects/22/d2af2fa686e1499f9f438632ba29379869744a' (5,096)
2026-09-22 05:53:39: Copy New 'C:/rock/bannister/.git/objects/24/31c0e68f93942cf28ea6fc77af722b05dab68d' -> 'goodrive://www.googleapis.com/:personal:/bannister/.git/objects/24/31c0e68f93942cf28ea6fc77af722b05dab68d' (5,501)
2026-09-22 05:53:39: Copy New 'C:/rock/bannister/.git/objects/25/6258dfac2d4ae7ebeea484b927d48a0d504bdf' -> 'goodrive://www.googleapis.com/:personal:/bannister/.git/objects/25/6258dfac2d4ae7ebeea484b927d48a0d504bdf' (6,886)
2026-09-22 05:53:41: Copy New 'C:/rock/bannister/.git/objects/25/c77afc5055b9bfac454d19c34efb26e2fd5f1e' -> 'goodrive://www.googleapis.com/:personal:/bannister/.git/objects/25/c77afc5055b9bfac454d19c34efb26e2fd5f1e' (324)
2026-09-22 05:53:41: Copy New 'C:/rock/bannister/.git/objects/25/9bb70075ea4e2137ca14cb805512922af873f5' -> 'goodrive://www.googleapis.com/:personal:/bannister/.git/objects/25/9bb70075ea4e2137ca14cb805512922af873f5' (1,283)
2026-09-22 05:53:41: Copy New 'C:/rock/bannister/.git/objects/25/ce58cef7b42697204e36f8c7af7e6acb5ea0fb' -> 'goodrive://www.googleapis.com/:personal:/bannister/.git/objects/25/ce58cef7b42697204e36f8c7af7e6acb5ea0fb' (488)
2026-09-22 05:53:43: Copy New 'C:/rock/bannister/.git/objects/24/fb4f2b7350754bfd2ba8a369ba8631a818b50b' -> 'goodrive://www.googleapis.com/:personal:/bannister/.git/objects/24/fb4f2b7350754bfd2ba8a369ba8631a818b50b' (5,091)
2026-09-22 05:53:43: Copy New 'C:/rock/bannister/.git/objects/24/9906294d2cb2cd95e75c18ead8abc4b2e91600' -> 'goodrive://www.googleapis.com/:personal:/bannister/.git/objects/24/9906294d2cb2cd95e75c18ead8abc4b2e91600' (5,059)
2026-09-22 05:53:43: Copy New 'C:/rock/bannister/.git/objects/26/de85d901d7d8a9005b38dcb27c7923680a9376' -> 'goodrive://www.googleapis.com/:personal:/bannister/.git/objects/26/de85d901d7d8a9005b38dcb27c7923680a9376' (2,410)
2026-09-22 05:53:45: Copy New 'C:/rock/bannister/.git/objects/27/4fd4d9fe3e5944e2b5fb5455e37317f2a3208e' -> 'goodrive://www.googleapis.com/:personal:/bannister/.git/objects/27/4fd4d9fe3e5944e2b5fb5455e37317f2a3208e' (3,494)
2026-09-22 05:53:45: Copy New 'C:/rock/bannister/.git/objects/29/ae85218c09f571dc8c89ecbb21c36f8812bf4d' -> 'goodrive://www.googleapis.com/:personal:/bannister/.git/objects/29/ae85218c09f571dc8c89ecbb21c36f8812bf4d' (4,972)
2026-09-22 05:53:45: Copy New 'C:/rock/bannister/.git/objects/27/9d94dd680c3c306ae746eca3ab5aa3a8067ce9' -> 'goodrive://www.googleapis.com/:personal:/bannister/.git/objects/27/9d94dd680c3c306ae746eca3ab5aa3a8067ce9' (516)
2026-09-22 05:53:47: Copy New 'C:/rock/bannister/.git/objects/2a/fcaac6cc9dd8e33b0bd2aab5195f06803e7fcc' -> 'goodrive://www.googleapis.com/:personal:/bannister/.git/objects/2a/fcaac6cc9dd8e33b0bd2aab5195f06803e7fcc' (644)
2026-09-22 05:53:47: Copy New 'C:/rock/bannister/.git/objects/2a/d8d1a98f00f38b9e8407ed6b805d426baeed12' -> 'goodrive://www.googleapis.com/:personal:/bannister/.git/objects/2a/d8d1a98f00f38b9e8407ed6b805d426baeed12' (2,828)
2026-09-22 05:53:47: Copy New 'C:/rock/bannister/.git/objects/2b/eb92a2ba6d8e990e9951aa3f20c9b68c710055' -> 'goodrive://www.googleapis.com/:personal:/bannister/.git/objects/2b/eb92a2ba6d8e990e9951aa3f20c9b68c710055' (7,406)
2026-09-22 05:53:49: Copy New 'C:/rock/bannister/.git/objects/2c/737c769c08e348c80af113e74c898755ed9e02' -> 'goodrive://www.googleapis.com/:personal:/bannister/.git/objects/2c/737c769c08e348c80af113e74c898755ed9e02' (32,037)
2026-09-22 05:53:49: Copy New 'C:/rock/bannister/.git/objects/2c/2a5ba5025bd9190ff438d915d6aef6490bc793' -> 'goodrive://www.googleapis.com/:personal:/bannister/.git/objects/2c/2a5ba5025bd9190ff438d915d6aef6490bc793' (377)
2026-09-22 05:53:49: Copy New 'C:/rock/bannister/.git/objects/2b/f4c10fa4402754334515ba867d3c5b336103c0' -> 'goodrive://www.googleapis.com/:personal:/bannister/.git/objects/2b/f4c10fa4402754334515ba867d3c5b336103c0' (1,154)
2026-09-22 05:53:51: Copy New 'C:/rock/bannister/.git/objects/30/57dbd9dbfcf9029a6c8c5881198a9df26b5688' -> 'goodrive://www.googleapis.com/:personal:/bannister/.git/objects/30/57dbd9dbfcf9029a6c8c5881198a9df26b5688' (300)
2026-09-22 05:53:52: Copy New 'C:/rock/bannister/.git/objects/2e/5d51b709f8b3bc7bd6e62e39777ac944925f78' -> 'goodrive://www.googleapis.com/:personal:/bannister/.git/objects/2e/5d51b709f8b3bc7bd6e62e39777ac944925f78' (12,625)
2026-09-22 05:53:52: Copy New 'C:/rock/bannister/.git/objects/31/4a7b37b32eef0dd155ca2e47c72fc43efaa677' -> 'goodrive://www.googleapis.com/:personal:/bannister/.git/objects/31/4a7b37b32eef0dd155ca2e47c72fc43efaa677' (494)
2026-09-22 05:53:53: Copy New 'C:/rock/bannister/.git/objects/30/a70951c32c68f9232b0f08bc001c09d48d1fa7' -> 'goodrive://www.googleapis.com/:personal:/bannister/.git/objects/30/a70951c32c68f9232b0f08bc001c09d48d1fa7' (4,975)
2026-09-22 05:53:54: Copy New 'C:/rock/bannister/.git/objects/33/706a236ef56b8a4132a9ada46dc5fa7f7064eb' -> 'goodrive://www.googleapis.com/:personal:/bannister/.git/objects/33/706a236ef56b8a4132a9ada46dc5fa7f7064eb' (1,241)
2026-09-22 05:53:54: Copy New 'C:/rock/bannister/.git/objects/32/d8c161ee0716f300fa9073db0dd5600562803c' -> 'goodrive://www.googleapis.com/:personal:/bannister/.git/objects/32/d8c161ee0716f300fa9073db0dd5600562803c' (488)
2026-09-22 05:53:55: Copy New 'C:/rock/bannister/.git/objects/34/0ebc08bb641c2a8b1e5974daa8f74a6bff8628' -> 'goodrive://www.googleapis.com/:personal:/bannister/.git/objects/34/0ebc08bb641c2a8b1e5974daa8f74a6bff8628' (643)
2026-09-22 05:53:56: Copy New 'C:/rock/bannister/.git/objects/35/539cf8b49f8e208e06b0d1850c8e69bb47f66a' -> 'goodrive://www.googleapis.com/:personal:/bannister/.git/objects/35/539cf8b49f8e208e06b0d1850c8e69bb47f66a' (3,164)
2026-09-22 05:53:56: Copy New 'C:/rock/bannister/.git/objects/35/7face29a3b4fec2daa0589b4e828fc938bd941' -> 'goodrive://www.googleapis.com/:personal:/bannister/.git/objects/35/7face29a3b4fec2daa0589b4e828fc938bd941' (488)
2026-09-22 05:53:57: Copy New 'C:/rock/bannister/.git/objects/35/9886a80d1b5cfe786f92ff9aa21b4d1dd31c0e' -> 'goodrive://www.googleapis.com/:personal:/bannister/.git/objects/35/9886a80d1b5cfe786f92ff9aa21b4d1dd31c0e' (696)
2026-09-22 05:53:58: Copy New 'C:/rock/bannister/.git/objects/35/d0626e9604326d3af9b981160c1237d248c876' -> 'goodrive://www.googleapis.com/:personal:/bannister/.git/objects/35/d0626e9604326d3af9b981160c1237d248c876' (488)
2026-09-22 05:53:58: Copy New 'C:/rock/bannister/.git/objects/35/e7494e01845d513bd945f5af11ac759b7d2d34' -> 'goodrive://www.googleapis.com/:personal:/bannister/.git/objects/35/e7494e01845d513bd945f5af11ac759b7d2d34' (392)
2026-09-22 05:54:00: Copy New 'C:/rock/bannister/.git/objects/34/a7629051933e7c71ea15cc5679a0b1078ebf0e' -> 'goodrive://www.googleapis.com/:personal:/bannister/.git/objects/34/a7629051933e7c71ea15cc5679a0b1078ebf0e' (488)
2026-09-22 05:54:00: Copy New 'C:/rock/bannister/.git/objects/34/eccb07e783cc3d721c76aea972bb81d27bada9' -> 'goodrive://www.googleapis.com/:personal:/bannister/.git/objects/34/eccb07e783cc3d721c76aea972bb81d27bada9' (643)
2026-09-22 05:54:01: Copy New 'C:/rock/bannister/.git/objects/36/4686457bf844b7360053904be06369a0d0ae29' -> 'goodrive://www.googleapis.com/:personal:/bannister/.git/objects/36/4686457bf844b7360053904be06369a0d0ae29' (347)
2026-09-22 05:54:02: Copy New 'C:/rock/bannister/.git/objects/39/606fea03aa153ba6d888cf8f86be97da1dddf3' -> 'goodrive://www.googleapis.com/:personal:/bannister/.git/objects/39/606fea03aa153ba6d888cf8f86be97da1dddf3' (4,975)
2026-09-22 05:54:02: Copy New 'C:/rock/bannister/.git/objects/39/aeb7e781e3344c5c74ffb42bff72e7ba947315' -> 'goodrive://www.googleapis.com/:personal:/bannister/.git/objects/39/aeb7e781e3344c5c74ffb42bff72e7ba947315' (6,957)
2026-09-22 05:54:03: Copy New 'C:/rock/bannister/.git/objects/36/7e1a73bf18d511ca958248184ebb50ec9958e8' -> 'goodrive://www.googleapis.com/:personal:/bannister/.git/objects/36/7e1a73bf18d511ca958248184ebb50ec9958e8' (7,182)
2026-09-22 05:54:04: Copy New 'C:/rock/bannister/.git/objects/3a/0ba8368bc06f6b5d83fdbe79f034b4f6e376d7' -> 'goodrive://www.googleapis.com/:personal:/bannister/.git/objects/3a/0ba8368bc06f6b5d83fdbe79f034b4f6e376d7' (6,456)
2026-09-22 05:54:04: Copy New 'C:/rock/bannister/.git/objects/3c/96d884d458e5f0caf299d601afaf9699a194a0' -> 'goodrive://www.googleapis.com/:personal:/bannister/.git/objects/3c/96d884d458e5f0caf299d601afaf9699a194a0' (741)
2026-09-22 05:54:05: Copy New 'C:/rock/bannister/.git/objects/3c/cd6c8681df440db61a87c5b64f3ed94063e9a9' -> 'goodrive://www.googleapis.com/:personal:/bannister/.git/objects/3c/cd6c8681df440db61a87c5b64f3ed94063e9a9' (2,816)
2026-09-22 05:54:06: Copy New 'C:/rock/bannister/.git/objects/3d/12a0e878f7f4975a7c21253d0113ce3a3994dc' -> 'goodrive://www.googleapis.com/:personal:/bannister/.git/objects/3d/12a0e878f7f4975a7c21253d0113ce3a3994dc' (287)
2026-09-22 05:54:06: Copy New 'C:/rock/bannister/.git/objects/3e/850711f124b76e83a31343d6de8c3be427a859' -> 'goodrive://www.googleapis.com/:personal:/bannister/.git/objects/3e/850711f124b76e83a31343d6de8c3be427a859' (6,595)
2026-09-22 05:54:07: Copy New 'C:/rock/bannister/.git/objects/3e/a7a281ccd93cf52ab86e9eee5bd5d3cf3e3569' -> 'goodrive://www.googleapis.com/:personal:/bannister/.git/objects/3e/a7a281ccd93cf52ab86e9eee5bd5d3cf3e3569' (3,101)
2026-09-22 05:54:08: Copy New 'C:/rock/bannister/.git/objects/3d/ffda418e77cbc340ed0c2ff15527dc53b20aeb' -> 'goodrive://www.googleapis.com/:personal:/bannister/.git/objects/3d/ffda418e77cbc340ed0c2ff15527dc53b20aeb' (4,234)
2026-09-22 05:54:09: Copy New 'C:/rock/bannister/.git/objects/3f/f58f7f13d3621555e2be5f74af6bedcfb10df9' -> 'goodrive://www.googleapis.com/:personal:/bannister/.git/objects/3f/f58f7f13d3621555e2be5f74af6bedcfb10df9' (4,970)
2026-09-22 05:54:09: Copy New 'C:/rock/bannister/.git/objects/40/d7f76d82c4805aec800a8dbca565152085c8d2' -> 'goodrive://www.googleapis.com/:personal:/bannister/.git/objects/40/d7f76d82c4805aec800a8dbca565152085c8d2' (308)
2026-09-22 05:54:10: Copy New 'C:/rock/bannister/.git/objects/41/405cf9bf14ee062f02f00a277843c9af9e7822' -> 'goodrive://www.googleapis.com/:personal:/bannister/.git/objects/41/405cf9bf14ee062f02f00a277843c9af9e7822' (67)
2026-09-22 05:54:11: Copy New 'C:/rock/bannister/.git/objects/42/8c09ab3e6ef4e6bbaa932922e818aa88bac248' -> 'goodrive://www.googleapis.com/:personal:/bannister/.git/objects/42/8c09ab3e6ef4e6bbaa932922e818aa88bac248' (616)
2026-09-22 05:54:11: Copy New 'C:/rock/bannister/.git/objects/42/a1314b61a5ece07dbe3b089727b5871549848d' -> 'goodrive://www.googleapis.com/:personal:/bannister/.git/objects/42/a1314b61a5ece07dbe3b089727b5871549848d' (616)
2026-09-22 05:54:12: Copy New 'C:/rock/bannister/.git/objects/41/a81a95d953a66cbaaa2f6f9c0d692400812100' -> 'goodrive://www.googleapis.com/:personal:/bannister/.git/objects/41/a81a95d953a66cbaaa2f6f9c0d692400812100' (4,974)
2026-09-22 05:54:13: Copy New 'C:/rock/bannister/.git/objects/41/c4fa538799e392a5939b123bc5dfc4cc0a4f58' -> 'goodrive://www.googleapis.com/:personal:/bannister/.git/objects/41/c4fa538799e392a5939b123bc5dfc4cc0a4f58' (615)
2026-09-22 05:54:13: Copy New 'C:/rock/bannister/.git/objects/43/152adedf5c94cd72f721829618e5b782281b83' -> 'goodrive://www.googleapis.com/:personal:/bannister/.git/objects/43/152adedf5c94cd72f721829618e5b782281b83' (616)
2026-09-22 05:54:14: Copy New 'C:/rock/bannister/.git/objects/44/aff9712b4ef8576fa91d989a363985e5ef83a7' -> 'goodrive://www.googleapis.com/:personal:/bannister/.git/objects/44/aff9712b4ef8576fa91d989a363985e5ef83a7' (2,003)
2026-09-22 05:54:15: Copy New 'C:/rock/bannister/.git/objects/43/4433f428b55d02f0255ad994b274394194cad1' -> 'goodrive://www.googleapis.com/:personal:/bannister/.git/objects/43/4433f428b55d02f0255ad994b274394194cad1' (307)
2026-09-22 05:54:15: Copy New 'C:/rock/bannister/.git/objects/45/6fa03c7a9fd793185f0a6f8b11a01cadbfa265' -> 'goodrive://www.googleapis.com/:personal:/bannister/.git/objects/45/6fa03c7a9fd793185f0a6f8b11a01cadbfa265' (407)
2026-09-22 05:54:16: Copy New 'C:/rock/bannister/.git/objects/46/ce945e32ebbcec81785f8a0d9d13911823745d' -> 'goodrive://www.googleapis.com/:personal:/bannister/.git/objects/46/ce945e32ebbcec81785f8a0d9d13911823745d' (616)
2026-09-22 05:54:17: Copy New 'C:/rock/bannister/.git/objects/45/9a73a3c02c49cca6889b56b880aac3a202cb88' -> 'goodrive://www.googleapis.com/:personal:/bannister/.git/objects/45/9a73a3c02c49cca6889b56b880aac3a202cb88' (487)
2026-09-22 05:54:17: Copy New 'C:/rock/bannister/.git/objects/45/beb81a31940055a0e4981ec535ee77c3f22f27' -> 'goodrive://www.googleapis.com/:personal:/bannister/.git/objects/45/beb81a31940055a0e4981ec535ee77c3f22f27' (616)
2026-09-22 05:54:18: Copy New 'C:/rock/bannister/.git/objects/47/ceb223b03bc729b23910eb29bd22d134124cd9' -> 'goodrive://www.googleapis.com/:personal:/bannister/.git/objects/47/ceb223b03bc729b23910eb29bd22d134124cd9' (112)
2026-09-22 05:54:19: Copy New 'C:/rock/bannister/.git/objects/49/9ee680d6e51f580ca693f29859b750e4bc068a' -> 'goodrive://www.googleapis.com/:personal:/bannister/.git/objects/49/9ee680d6e51f580ca693f29859b750e4bc068a' (403)
2026-09-22 05:54:19: Copy New 'C:/rock/bannister/.git/objects/4a/ee468c58a871d2c057fb0c75ef0dbba3350b2d' -> 'goodrive://www.googleapis.com/:personal:/bannister/.git/objects/4a/ee468c58a871d2c057fb0c75ef0dbba3350b2d' (1,865)
2026-09-22 05:54:20: Copy New 'C:/rock/bannister/.git/objects/4b/436a559c192ca4b17059133dc2b91808e868e8' -> 'goodrive://www.googleapis.com/:personal:/bannister/.git/objects/4b/436a559c192ca4b17059133dc2b91808e868e8' (487)
2026-09-22 05:54:21: Copy New 'C:/rock/bannister/.git/objects/4c/02a4951e27086734807636dd254b6ccbfce9fb' -> 'goodrive://www.googleapis.com/:personal:/bannister/.git/objects/4c/02a4951e27086734807636dd254b6ccbfce9fb' (1,241)
2026-09-22 05:54:21: Copy New 'C:/rock/bannister/.git/objects/4d/cd4144cad33780bab04b2c77c0df8a71a5dc63' -> 'goodrive://www.googleapis.com/:personal:/bannister/.git/objects/4d/cd4144cad33780bab04b2c77c0df8a71a5dc63' (488)
2026-09-22 05:54:22: Copy New 'C:/rock/bannister/.git/objects/4c/1692c7b0f3a122e1b31484121774db3e6ea6f5' -> 'goodrive://www.googleapis.com/:personal:/bannister/.git/objects/4c/1692c7b0f3a122e1b31484121774db3e6ea6f5' (488)
2026-09-22 05:54:23: Copy New 'C:/rock/bannister/.git/objects/4c/2d9fca1f5e7af56db0d45d523fcc80a5c5ca5e' -> 'goodrive://www.googleapis.com/:personal:/bannister/.git/objects/4c/2d9fca1f5e7af56db0d45d523fcc80a5c5ca5e' (644)
2026-09-22 05:54:23: Copy New 'C:/rock/bannister/.git/objects/4e/ca7cdd058f8aeacacee1f0adafdac5552a18e1' -> 'goodrive://www.googleapis.com/:personal:/bannister/.git/objects/4e/ca7cdd058f8aeacacee1f0adafdac5552a18e1' (5,255)
2026-09-22 05:54:25: Copy New 'C:/rock/bannister/.git/objects/4f/733cbe85026cdf31fd83bc00c14e949762c39b' -> 'goodrive://www.googleapis.com/:personal:/bannister/.git/objects/4f/733cbe85026cdf31fd83bc00c14e949762c39b' (6,717)
2026-09-22 05:54:25: Copy New 'C:/rock/bannister/.git/objects/50/a4cfcd33291be6dc2ba0ebc37ea5cc2aaee4e7' -> 'goodrive://www.googleapis.com/:personal:/bannister/.git/objects/50/a4cfcd33291be6dc2ba0ebc37ea5cc2aaee4e7' (12,628)
2026-09-22 05:54:25: Copy New 'C:/rock/bannister/.git/objects/51/26ac16de26489b9925cea8abbcad36d3fab51d' -> 'goodrive://www.googleapis.com/:personal:/bannister/.git/objects/51/26ac16de26489b9925cea8abbcad36d3fab51d' (643)
2026-09-22 05:54:26: Copy New 'C:/rock/bannister/.git/objects/54/8b7095b16228af43a81f5ea9beb32319beb68a' -> 'goodrive://www.googleapis.com/:personal:/bannister/.git/objects/54/8b7095b16228af43a81f5ea9beb32319beb68a' (345)
2026-09-22 05:54:27: Copy New 'C:/rock/bannister/.git/objects/55/cf34c5ef754ebe156b314545c3e069e1b61653' -> 'goodrive://www.googleapis.com/:personal:/bannister/.git/objects/55/cf34c5ef754ebe156b314545c3e069e1b61653' (4,973)
2026-09-22 05:54:27: Copy New 'C:/rock/bannister/.git/objects/55/f7bdb5104f99473a94e97165fb8cf5c5f532b5' -> 'goodrive://www.googleapis.com/:personal:/bannister/.git/objects/55/f7bdb5104f99473a94e97165fb8cf5c5f532b5' (616)
2026-09-22 05:54:28: Copy New 'C:/rock/bannister/.git/objects/58/6df44a2c286a0695c680dadcb60852b32f184a' -> 'goodrive://www.googleapis.com/:personal:/bannister/.git/objects/58/6df44a2c286a0695c680dadcb60852b32f184a' (323)
2026-09-22 05:54:30: Copy New 'C:/rock/bannister/.git/objects/59/ae435eeb81bfa445f072601de54f0481b041ad' -> 'goodrive://www.googleapis.com/:personal:/bannister/.git/objects/59/ae435eeb81bfa445f072601de54f0481b041ad' (6,737)
2026-09-22 05:54:30: Copy New 'C:/rock/bannister/.git/objects/5a/28339a3607a09160fddd28d2a7819e01df8b8f' -> 'goodrive://www.googleapis.com/:personal:/bannister/.git/objects/5a/28339a3607a09160fddd28d2a7819e01df8b8f' (2,801)
2026-09-22 05:54:30: Copy New 'C:/rock/bannister/.git/objects/5c/50e5242b3649a342275bf47b54e37772803ae9' -> 'goodrive://www.googleapis.com/:personal:/bannister/.git/objects/5c/50e5242b3649a342275bf47b54e37772803ae9' (360)
2026-09-22 05:54:32: Copy New 'C:/rock/bannister/.git/objects/5c/7f702e57b4cd56233ca67f08c2cc4aaa215a72' -> 'goodrive://www.googleapis.com/:personal:/bannister/.git/objects/5c/7f702e57b4cd56233ca67f08c2cc4aaa215a72' (617)
2026-09-22 05:54:32: Copy New 'C:/rock/bannister/.git/objects/5c/57d1e555028634c6d271ab99f6732b9ab17b58' -> 'goodrive://www.googleapis.com/:personal:/bannister/.git/objects/5c/57d1e555028634c6d271ab99f6732b9ab17b58' (287)
2026-09-22 05:54:32: Copy New 'C:/rock/bannister/.git/objects/5c/c151a23827ce715b35c293e19e11401cd9e86a' -> 'goodrive://www.googleapis.com/:personal:/bannister/.git/objects/5c/c151a23827ce715b35c293e19e11401cd9e86a' (328)
2026-09-22 05:54:34: Copy New 'C:/rock/bannister/.git/objects/60/12ce210c20170cc5b88081e59234a204831088' -> 'goodrive://www.googleapis.com/:personal:/bannister/.git/objects/60/12ce210c20170cc5b88081e59234a204831088' (488)
2026-09-22 05:54:34: Copy New 'C:/rock/bannister/.git/objects/5f/8de95dc550b18fcbef36c9962f173665ce8af5' -> 'goodrive://www.googleapis.com/:personal:/bannister/.git/objects/5f/8de95dc550b18fcbef36c9962f173665ce8af5' (366)
2026-09-22 05:54:35: Copy New 'C:/rock/bannister/.git/objects/5d/a47a773c3f5fca62bbabd965bc74302105144b' -> 'goodrive://www.googleapis.com/:personal:/bannister/.git/objects/5d/a47a773c3f5fca62bbabd965bc74302105144b' (2,851)
2026-09-22 05:54:36: Copy New 'C:/rock/bannister/.git/objects/61/cb3bb8b926763b4030f2057828d52d86bdb156' -> 'goodrive://www.googleapis.com/:personal:/bannister/.git/objects/61/cb3bb8b926763b4030f2057828d52d86bdb156' (275)
2026-09-22 05:54:36: Copy New 'C:/rock/bannister/.git/objects/62/5f2956cb268cb17332e754d903323a66314ba1' -> 'goodrive://www.googleapis.com/:personal:/bannister/.git/objects/62/5f2956cb268cb17332e754d903323a66314ba1' (2,827)
2026-09-22 05:54:37: Copy New 'C:/rock/bannister/.git/objects/63/ee5bf38b99e28c3a3a0d547a36a537921cce08' -> 'goodrive://www.googleapis.com/:personal:/bannister/.git/objects/63/ee5bf38b99e28c3a3a0d547a36a537921cce08' (616)
2026-09-22 05:54:38: Copy New 'C:/rock/bannister/.git/objects/62/7aac599fef2cf2be7d818ab7a3dfc2576f945a' -> 'goodrive://www.googleapis.com/:personal:/bannister/.git/objects/62/7aac599fef2cf2be7d818ab7a3dfc2576f945a' (488)
2026-09-22 05:54:38: Copy New 'C:/rock/bannister/.git/objects/62/8ab92f38dffad46782bd624e93143b3ada1cf1' -> 'goodrive://www.googleapis.com/:personal:/bannister/.git/objects/62/8ab92f38dffad46782bd624e93143b3ada1cf1' (317)
2026-09-22 05:54:40: Copy New 'C:/rock/bannister/.git/objects/64/3e9603afa6447cc39cf0be66d5094c106aa391' -> 'goodrive://www.googleapis.com/:personal:/bannister/.git/objects/64/3e9603afa6447cc39cf0be66d5094c106aa391' (2,856)
2026-09-22 05:54:40: Copy New 'C:/rock/bannister/.git/objects/65/19aa4287aea557a322635a4a85e25418f896a7' -> 'goodrive://www.googleapis.com/:personal:/bannister/.git/objects/65/19aa4287aea557a322635a4a85e25418f896a7' (488)
2026-09-22 05:54:41: Copy New 'C:/rock/bannister/.git/objects/65/680f28ea305ef9b2fa8eba0faf616f654e2990' -> 'goodrive://www.googleapis.com/:personal:/bannister/.git/objects/65/680f28ea305ef9b2fa8eba0faf616f654e2990' (5,006)
2026-09-22 05:54:42: Copy New 'C:/rock/bannister/.git/objects/65/7fee27dd8eb9ed1b20d2377057501b9c6c70ce' -> 'goodrive://www.googleapis.com/:personal:/bannister/.git/objects/65/7fee27dd8eb9ed1b20d2377057501b9c6c70ce' (643)
2026-09-22 05:54:42: Copy New 'C:/rock/bannister/.git/objects/64/76bd3bb94df296ef69e3ea1b410dd75c3a04e8' -> 'goodrive://www.googleapis.com/:personal:/bannister/.git/objects/64/76bd3bb94df296ef69e3ea1b410dd75c3a04e8' (643)
2026-09-22 05:54:43: Copy New 'C:/rock/bannister/.git/objects/64/c03663a0849074b45676fae754994ec393979c' -> 'goodrive://www.googleapis.com/:personal:/bannister/.git/objects/64/c03663a0849074b45676fae754994ec393979c' (644)
2026-09-22 05:54:44: Copy New 'C:/rock/bannister/.git/objects/64/d9c9ae9dd2066fb2c20eb8a2cc883ae1ca712a' -> 'goodrive://www.googleapis.com/:personal:/bannister/.git/objects/64/d9c9ae9dd2066fb2c20eb8a2cc883ae1ca712a' (616)
2026-09-22 05:54:44: Copy New 'C:/rock/bannister/.git/objects/66/229897fd9332c2cb95921aaee9c1f5484461b7' -> 'goodrive://www.googleapis.com/:personal:/bannister/.git/objects/66/229897fd9332c2cb95921aaee9c1f5484461b7' (644)
2026-09-22 05:54:45: Copy New 'C:/rock/bannister/.git/objects/67/3dec37fcb33eb3603b1bdf92eebf6c131d9277' -> 'goodrive://www.googleapis.com/:personal:/bannister/.git/objects/67/3dec37fcb33eb3603b1bdf92eebf6c131d9277' (4,973)
2026-09-22 05:54:46: Copy New 'C:/rock/bannister/.git/objects/68/035009c94bbe48895f880ec9d3dc586359c321' -> 'goodrive://www.googleapis.com/:personal:/bannister/.git/objects/68/035009c94bbe48895f880ec9d3dc586359c321' (488)
2026-09-22 05:54:46: Copy New 'C:/rock/bannister/.git/objects/69/158ad7460ce10069c8786b2fd8bfc4c4f04af2' -> 'goodrive://www.googleapis.com/:personal:/bannister/.git/objects/69/158ad7460ce10069c8786b2fd8bfc4c4f04af2' (364)
2026-09-22 05:54:47: Copy New 'C:/rock/bannister/.git/objects/6a/86a5e837a0fcf999d458e5cf7caf1dd5b3f628' -> 'goodrive://www.googleapis.com/:personal:/bannister/.git/objects/6a/86a5e837a0fcf999d458e5cf7caf1dd5b3f628' (643)
2026-09-22 05:54:48: Copy New 'C:/rock/bannister/.git/objects/6b/6869c5ca5c371521fbdcf4b2bd94a5e3b7ec0c' -> 'goodrive://www.googleapis.com/:personal:/bannister/.git/objects/6b/6869c5ca5c371521fbdcf4b2bd94a5e3b7ec0c' (496,370)
2026-09-22 05:54:49: Copy New 'C:/rock/bannister/.git/objects/6d/5baefe141fc696bc8abfb1c4ab22ebfdfa2a17' -> 'goodrive://www.googleapis.com/:personal:/bannister/.git/objects/6d/5baefe141fc696bc8abfb1c4ab22ebfdfa2a17' (482)
2026-09-22 05:54:49: Copy New 'C:/rock/bannister/.git/objects/6e/37d82bf7f459bd120505b1a8a92583c3919e34' -> 'goodrive://www.googleapis.com/:personal:/bannister/.git/objects/6e/37d82bf7f459bd120505b1a8a92583c3919e34' (487)
2026-09-22 05:54:50: Copy New 'C:/rock/bannister/.git/objects/6d/d59d85e73eff3b7054f371dcafdedb541be050' -> 'goodrive://www.googleapis.com/:personal:/bannister/.git/objects/6d/d59d85e73eff3b7054f371dcafdedb541be050' (517)
2026-09-22 05:54:51: Copy New 'C:/rock/bannister/.git/objects/71/d81af7f1949f5fc01e6837c7c62740569e6c29' -> 'goodrive://www.googleapis.com/:personal:/bannister/.git/objects/71/d81af7f1949f5fc01e6837c7c62740569e6c29' (487)
2026-09-22 05:54:51: Copy New 'C:/rock/bannister/.git/objects/72/2597c566a83a1643356ababf47afa92c7679f3' -> 'goodrive://www.googleapis.com/:personal:/bannister/.git/objects/72/2597c566a83a1643356ababf47afa92c7679f3' (488)
2026-09-22 05:54:52: Copy New 'C:/rock/bannister/.git/objects/73/6d20cab4094c12b1b97ecdc6417ed148ebc7f0' -> 'goodrive://www.googleapis.com/:personal:/bannister/.git/objects/73/6d20cab4094c12b1b97ecdc6417ed148ebc7f0' (2,799)
2026-09-22 05:54:53: Copy New 'C:/rock/bannister/.git/objects/74/576dcd4ba606b83533a1a5c5ab5c311c0225f0' -> 'goodrive://www.googleapis.com/:personal:/bannister/.git/objects/74/576dcd4ba606b83533a1a5c5ab5c311c0225f0' (6,736)
2026-09-22 05:54:54: Copy New 'C:/rock/bannister/.git/objects/74/fc7250d86093912f3199f2c7a1c3dd69a375ab' -> 'goodrive://www.googleapis.com/:personal:/bannister/.git/objects/74/fc7250d86093912f3199f2c7a1c3dd69a375ab' (488)
2026-09-22 05:54:54: Copy New 'C:/rock/bannister/.git/objects/75/0aeadc4b6cf7b7a23283affdb399e765359b23' -> 'goodrive://www.googleapis.com/:personal:/bannister/.git/objects/75/0aeadc4b6cf7b7a23283affdb399e765359b23' (2,855)
2026-09-22 05:54:55: Copy New 'C:/rock/bannister/.git/objects/76/1ed44197b304b4f7c46192d100cbc1f0816b4f' -> 'goodrive://www.googleapis.com/:personal:/bannister/.git/objects/76/1ed44197b304b4f7c46192d100cbc1f0816b4f' (7,413)
2026-09-22 05:54:56: Copy New 'C:/rock/bannister/.git/objects/76/dd55905623b7ca9b9d142dc111b7461fd25d1e' -> 'goodrive://www.googleapis.com/:personal:/bannister/.git/objects/76/dd55905623b7ca9b9d142dc111b7461fd25d1e' (487)
2026-09-22 05:54:56: Copy New 'C:/rock/bannister/.git/objects/75/39b214bf2ccfbe645a537d5871090acf0c6c24' -> 'goodrive://www.googleapis.com/:personal:/bannister/.git/objects/75/39b214bf2ccfbe645a537d5871090acf0c6c24' (67)
2026-09-22 05:54:57: Copy New 'C:/rock/bannister/.git/objects/77/9112408fac95695677dca50018fb33a8455e8e' -> 'goodrive://www.googleapis.com/:personal:/bannister/.git/objects/77/9112408fac95695677dca50018fb33a8455e8e' (5,545)
2026-09-22 05:54:58: Copy New 'C:/rock/bannister/.git/objects/7b/9bf88efda4612c76d56e9bfb4e3c5976a54a83' -> 'goodrive://www.googleapis.com/:personal:/bannister/.git/objects/7b/9bf88efda4612c76d56e9bfb4e3c5976a54a83' (2,818)
2026-09-22 05:54:59: Copy New 'C:/rock/bannister/.git/objects/77/cd17fd90dd7b9b400169ba7e1c9fc7065afdfa' -> 'goodrive://www.googleapis.com/:personal:/bannister/.git/objects/77/cd17fd90dd7b9b400169ba7e1c9fc7065afdfa' (616)
2026-09-22 05:55:00: Copy New 'C:/rock/bannister/.git/objects/7d/4c9c19a50999b1a5159f9808467cf644ff66c5' -> 'goodrive://www.googleapis.com/:personal:/bannister/.git/objects/7d/4c9c19a50999b1a5159f9808467cf644ff66c5' (740)
2026-09-22 05:55:00: Copy New 'C:/rock/bannister/.git/objects/7e/cff7d4e4a934ac89a99ee6052ab79f0a909894' -> 'goodrive://www.googleapis.com/:personal:/bannister/.git/objects/7e/cff7d4e4a934ac89a99ee6052ab79f0a909894' (530)
2026-09-22 05:55:00: Copy New 'C:/rock/bannister/.git/objects/7f/499137fb6b0831087c6b19fae80a5b82537426' -> 'goodrive://www.googleapis.com/:personal:/bannister/.git/objects/7f/499137fb6b0831087c6b19fae80a5b82537426' (4,879)
2026-09-22 05:55:02: Copy New 'C:/rock/bannister/.git/objects/80/c05f0feea3b722e4e2a3aba424fca340f8ea7f' -> 'goodrive://www.googleapis.com/:personal:/bannister/.git/objects/80/c05f0feea3b722e4e2a3aba424fca340f8ea7f' (4,998)
2026-09-22 05:55:02: Copy New 'C:/rock/bannister/.git/objects/7f/4bafe047bb3eac61bf1b11f7db9b2030974117' -> 'goodrive://www.googleapis.com/:personal:/bannister/.git/objects/7f/4bafe047bb3eac61bf1b11f7db9b2030974117' (4,970)
2026-09-22 05:55:02: Copy New 'C:/rock/bannister/.git/objects/81/fee814da6b65935c0e1c153c442cef96ff3fa3' -> 'goodrive://www.googleapis.com/:personal:/bannister/.git/objects/81/fee814da6b65935c0e1c153c442cef96ff3fa3' (616)
2026-09-22 05:55:04: Copy New 'C:/rock/bannister/.git/objects/84/90986de4705881faa2659192df70aaf2b3c180' -> 'goodrive://www.googleapis.com/:personal:/bannister/.git/objects/84/90986de4705881faa2659192df70aaf2b3c180' (616)
2026-09-22 05:55:04: Copy New 'C:/rock/bannister/.git/objects/85/70ac1433063a2787ba6b9e7b8f11f6c490a19b' -> 'goodrive://www.googleapis.com/:personal:/bannister/.git/objects/85/70ac1433063a2787ba6b9e7b8f11f6c490a19b' (4,153)
2026-09-22 05:55:04: Copy New 'C:/rock/bannister/.git/objects/83/7da67ee783c035ac120e1f28f91e63c271e069' -> 'goodrive://www.googleapis.com/:personal:/bannister/.git/objects/83/7da67ee783c035ac120e1f28f91e63c271e069' (4,996)
2026-09-22 05:55:06: Copy New 'C:/rock/bannister/.git/objects/85/8710f792a358978a98665907834061c0c11676' -> 'goodrive://www.googleapis.com/:personal:/bannister/.git/objects/85/8710f792a358978a98665907834061c0c11676' (284)
2026-09-22 05:55:06: Copy New 'C:/rock/bannister/.git/objects/85/7f8badc9dacb7dfb3c5595b0efd4fbf9b40e1b' -> 'goodrive://www.googleapis.com/:personal:/bannister/.git/objects/85/7f8badc9dacb7dfb3c5595b0efd4fbf9b40e1b' (811)
2026-09-22 05:55:07: Copy New 'C:/rock/bannister/.git/objects/84/cd1299a2f4cefaa64e924dad796e10f8407bc0' -> 'goodrive://www.googleapis.com/:personal:/bannister/.git/objects/84/cd1299a2f4cefaa64e924dad796e10f8407bc0' (4,971)
2026-09-22 05:55:09: Copy New 'C:/rock/bannister/.git/objects/86/ee6b2fcb0cd7864bcb775001d8f7ccf03d6162' -> 'goodrive://www.googleapis.com/:personal:/bannister/.git/objects/86/ee6b2fcb0cd7864bcb775001d8f7ccf03d6162' (331)
2026-09-22 05:55:09: Copy New 'C:/rock/bannister/.git/objects/88/3d284c527cfe2203804b441d9c60955146c754' -> 'goodrive://www.googleapis.com/:personal:/bannister/.git/objects/88/3d284c527cfe2203804b441d9c60955146c754' (338)
2026-09-22 05:55:09: Copy New 'C:/rock/bannister/.git/objects/88/7022e1d695b260c26d840a51c8e73916534220' -> 'goodrive://www.googleapis.com/:personal:/bannister/.git/objects/88/7022e1d695b260c26d840a51c8e73916534220' (2,857)
2026-09-22 05:55:10: Copy New 'C:/rock/bannister/.git/objects/88/8189b733ef3ff0062615c5e1bac3f5be40d6e4' -> 'goodrive://www.googleapis.com/:personal:/bannister/.git/objects/88/8189b733ef3ff0062615c5e1bac3f5be40d6e4' (616)
2026-09-22 05:55:11: Copy New 'C:/rock/bannister/.git/objects/88/e81074501657e4041b29612ddce58d353f0f26' -> 'goodrive://www.googleapis.com/:personal:/bannister/.git/objects/88/e81074501657e4041b29612ddce58d353f0f26' (292)
2026-09-22 05:55:11: Copy New 'C:/rock/bannister/.git/objects/88/ed7a883bf1fb9ee11765018dcb5d7c14bf6168' -> 'goodrive://www.googleapis.com/:personal:/bannister/.git/objects/88/ed7a883bf1fb9ee11765018dcb5d7c14bf6168' (1,312)
2026-09-22 05:55:12: Copy New 'C:/rock/bannister/.git/objects/8b/ad051b25239cbdf00402c6b0de4babe1734bfb' -> 'goodrive://www.googleapis.com/:personal:/bannister/.git/objects/8b/ad051b25239cbdf00402c6b0de4babe1734bfb' (4,997)
2026-09-22 05:55:13: Copy New 'C:/rock/bannister/.git/objects/8e/eaa3a1ef6aa9416a859e1349b1a043eab2125f' -> 'goodrive://www.googleapis.com/:personal:/bannister/.git/objects/8e/eaa3a1ef6aa9416a859e1349b1a043eab2125f' (6,953)
2026-09-22 05:55:13: Copy New 'C:/rock/bannister/.git/objects/8e/9bbbf58e5fa6ae4a5b7957a313ec63df618122' -> 'goodrive://www.googleapis.com/:personal:/bannister/.git/objects/8e/9bbbf58e5fa6ae4a5b7957a313ec63df618122' (310)
2026-09-22 05:55:15: Copy New 'C:/rock/bannister/.git/objects/8f/1823e2a307747eac098501ea8a735b239d939d' -> 'goodrive://www.googleapis.com/:personal:/bannister/.git/objects/8f/1823e2a307747eac098501ea8a735b239d939d' (487)
2026-09-22 05:55:15: Copy New 'C:/rock/bannister/.git/objects/8b/d2d4dfccd1f45e72f0760ba1b4f7539132f69f' -> 'goodrive://www.googleapis.com/:personal:/bannister/.git/objects/8b/d2d4dfccd1f45e72f0760ba1b4f7539132f69f' (6,804)
2026-09-22 05:55:15: Copy New 'C:/rock/bannister/.git/objects/90/41f0fe91108301956e2e6abe5dabd94704396f' -> 'goodrive://www.googleapis.com/:personal:/bannister/.git/objects/90/41f0fe91108301956e2e6abe5dabd94704396f' (2,848)
2026-09-22 05:55:17: Copy New 'C:/rock/bannister/.git/objects/92/6a52c95d19cdecb242f3a6a244e9dcda809eef' -> 'goodrive://www.googleapis.com/:personal:/bannister/.git/objects/92/6a52c95d19cdecb242f3a6a244e9dcda809eef' (2,972)
2026-09-22 05:55:17: Copy New 'C:/rock/bannister/.git/objects/91/65b09eafacee4d00cbbeca9f3924d1124e5f6b' -> 'goodrive://www.googleapis.com/:personal:/bannister/.git/objects/91/65b09eafacee4d00cbbeca9f3924d1124e5f6b' (407)
2026-09-22 05:55:17: Copy New 'C:/rock/bannister/.git/objects/92/7fb67efe650967fbf126b51863f77ac251605d' -> 'goodrive://www.googleapis.com/:personal:/bannister/.git/objects/92/7fb67efe650967fbf126b51863f77ac251605d' (243)
2026-09-22 05:55:19: Copy New 'C:/rock/bannister/.git/objects/94/1ad3e5d2c4f08cc76d31f2739aab6707dce73e' -> 'goodrive://www.googleapis.com/:personal:/bannister/.git/objects/94/1ad3e5d2c4f08cc76d31f2739aab6707dce73e' (338)
2026-09-22 05:55:19: Copy New 'C:/rock/bannister/.git/objects/93/23319799a86a0c1e19d656ba0da3c1aab3e356' -> 'goodrive://www.googleapis.com/:personal:/bannister/.git/objects/93/23319799a86a0c1e19d656ba0da3c1aab3e356' (487)
2026-09-22 05:55:19: Copy New 'C:/rock/bannister/.git/objects/94/dd1d3f0e4b5f47a98905b4a776abc0a1dcacac' -> 'goodrive://www.googleapis.com/:personal:/bannister/.git/objects/94/dd1d3f0e4b5f47a98905b4a776abc0a1dcacac' (488)
2026-09-22 05:55:21: Copy New 'C:/rock/bannister/.git/objects/96/1fdac01f6df9546d52616d30726f8125f8063d' -> 'goodrive://www.googleapis.com/:personal:/bannister/.git/objects/96/1fdac01f6df9546d52616d30726f8125f8063d' (330)
2026-09-22 05:55:21: Copy New 'C:/rock/bannister/.git/objects/93/66c065dc4271a8e53542930118cb6e73a5f0fc' -> 'goodrive://www.googleapis.com/:personal:/bannister/.git/objects/93/66c065dc4271a8e53542930118cb6e73a5f0fc' (488)
2026-09-22 05:55:21: Copy New 'C:/rock/bannister/.git/objects/97/856e0e7de5feaaa2b33a9dc337d1a56a51bf0d' -> 'goodrive://www.googleapis.com/:personal:/bannister/.git/objects/97/856e0e7de5feaaa2b33a9dc337d1a56a51bf0d' (644)
2026-09-22 05:55:23: Copy New 'C:/rock/bannister/.git/objects/96/24b5e4a7e0122b40a98db40a31650646ecd83f' -> 'goodrive://www.googleapis.com/:personal:/bannister/.git/objects/96/24b5e4a7e0122b40a98db40a31650646ecd83f' (5,091)
2026-09-22 05:55:23: Copy New 'C:/rock/bannister/.git/objects/96/5d8c3ba2a11fe7c064da8330f10f84a5391808' -> 'goodrive://www.googleapis.com/:personal:/bannister/.git/objects/96/5d8c3ba2a11fe7c064da8330f10f84a5391808' (3,604)
2026-09-22 05:55:24: Copy New 'C:/rock/bannister/.git/objects/96/b3518b9159b772e2b8f70777290ead2387d989' -> 'goodrive://www.googleapis.com/:personal:/bannister/.git/objects/96/b3518b9159b772e2b8f70777290ead2387d989' (306)
2026-09-22 05:55:25: Copy New 'C:/rock/bannister/.git/objects/96/f67a6d07eb30e882e700757b753f57d5942dbc' -> 'goodrive://www.googleapis.com/:personal:/bannister/.git/objects/96/f67a6d07eb30e882e700757b753f57d5942dbc' (5,962)
2026-09-22 05:55:25: Copy New 'C:/rock/bannister/.git/objects/98/5da1c3036c7118f82e43516c7fd5d89f03b736' -> 'goodrive://www.googleapis.com/:personal:/bannister/.git/objects/98/5da1c3036c7118f82e43516c7fd5d89f03b736' (310)
2026-09-22 05:55:26: Copy New 'C:/rock/bannister/.git/objects/9a/8048d2d77fd78f338526d93a0c694fe1719357' -> 'goodrive://www.googleapis.com/:personal:/bannister/.git/objects/9a/8048d2d77fd78f338526d93a0c694fe1719357' (2,418)
2026-09-22 05:55:27: Copy New 'C:/rock/bannister/.git/objects/9b/0cfcf46d62caac22541f6f735007e95dcdfc6a' -> 'goodrive://www.googleapis.com/:personal:/bannister/.git/objects/9b/0cfcf46d62caac22541f6f735007e95dcdfc6a' (6,407)
2026-09-22 05:55:27: Copy New 'C:/rock/bannister/.git/objects/9d/3ad93fae2b43c75ae70b35e57f3cbee8509a83' -> 'goodrive://www.googleapis.com/:personal:/bannister/.git/objects/9d/3ad93fae2b43c75ae70b35e57f3cbee8509a83' (5,093)
2026-09-22 05:55:28: Copy New 'C:/rock/bannister/.git/objects/9d/6569b7be03b677d71500a239d64691591d2a79' -> 'goodrive://www.googleapis.com/:personal:/bannister/.git/objects/9d/6569b7be03b677d71500a239d64691591d2a79' (2,828)
2026-09-22 05:55:29: Copy New 'C:/rock/bannister/.git/objects/9b/3dc51eef8c5d456331d7e6461e88acd31669ce' -> 'goodrive://www.googleapis.com/:personal:/bannister/.git/objects/9b/3dc51eef8c5d456331d7e6461e88acd31669ce' (2,852)
2026-09-22 05:55:30: Copy New 'C:/rock/bannister/.git/objects/9f/5a0342138bfec12b63754233395195b8cf93cc' -> 'goodrive://www.googleapis.com/:personal:/bannister/.git/objects/9f/5a0342138bfec12b63754233395195b8cf93cc' (6,891)
2026-09-22 05:55:30: Copy New 'C:/rock/bannister/.git/objects/a1/4c335a06f9f7ee65fcf760cec9adeae9710762' -> 'goodrive://www.googleapis.com/:personal:/bannister/.git/objects/a1/4c335a06f9f7ee65fcf760cec9adeae9710762' (488)
2026-09-22 05:55:31: Copy New 'C:/rock/bannister/.git/objects/9f/8124016ef9532a49f41d13d4c13acb89dc6bbc' -> 'goodrive://www.googleapis.com/:personal:/bannister/.git/objects/9f/8124016ef9532a49f41d13d4c13acb89dc6bbc' (67)
2026-09-22 05:55:32: Copy New 'C:/rock/bannister/.git/objects/a2/963bfe17622a986065fa6beb811189960801a6' -> 'goodrive://www.googleapis.com/:personal:/bannister/.git/objects/a2/963bfe17622a986065fa6beb811189960801a6' (1,461)
2026-09-22 05:55:32: Copy New 'C:/rock/bannister/.git/objects/a3/efd4164745cd3617f90664e25d3a3427463331' -> 'goodrive://www.googleapis.com/:personal:/bannister/.git/objects/a3/efd4164745cd3617f90664e25d3a3427463331' (328)
2026-09-22 05:55:34: Copy New 'C:/rock/bannister/.git/objects/a5/c0904a9551fbbec6ea11b4ca93d99da1a3e3f5' -> 'goodrive://www.googleapis.com/:personal:/bannister/.git/objects/a5/c0904a9551fbbec6ea11b4ca93d99da1a3e3f5' (617)
2026-09-22 05:55:34: Copy New 'C:/rock/bannister/.git/objects/a8/f7b2ea3755f829503dc8863b866d355e78fe19' -> 'goodrive://www.googleapis.com/:personal:/bannister/.git/objects/a8/f7b2ea3755f829503dc8863b866d355e78fe19' (2,850)
2026-09-22 05:55:34: Copy New 'C:/rock/bannister/.git/objects/a6/8c2f9550a6786f12e2f604c15bbe836c6edcfb' -> 'goodrive://www.googleapis.com/:personal:/bannister/.git/objects/a6/8c2f9550a6786f12e2f604c15bbe836c6edcfb' (616)
2026-09-22 05:55:36: Copy New 'C:/rock/bannister/.git/objects/a9/2b7156e4d5c438e057e360bd3e08a70e546e75' -> 'goodrive://www.googleapis.com/:personal:/bannister/.git/objects/a9/2b7156e4d5c438e057e360bd3e08a70e546e75' (2,819)
2026-09-22 05:55:36: Copy New 'C:/rock/bannister/.git/objects/aa/a05b119173016025e99406d196aff9b6f278a3' -> 'goodrive://www.googleapis.com/:personal:/bannister/.git/objects/aa/a05b119173016025e99406d196aff9b6f278a3' (771)
2026-09-22 05:55:36: Copy New 'C:/rock/bannister/.git/objects/a9/fe856eabe5c48f637c0526ca9bf564874bf700' -> 'goodrive://www.googleapis.com/:personal:/bannister/.git/objects/a9/fe856eabe5c48f637c0526ca9bf564874bf700' (352)
2026-09-22 05:55:38: Copy New 'C:/rock/bannister/.git/objects/ab/89a0eb63f9e44f68e80a831767a39806e5ec4c' -> 'goodrive://www.googleapis.com/:personal:/bannister/.git/objects/ab/89a0eb63f9e44f68e80a831767a39806e5ec4c' (616)
2026-09-22 05:55:38: Copy New 'C:/rock/bannister/.git/objects/aa/ac150a8fa07d5377784ad69aa809fb533957e5' -> 'goodrive://www.googleapis.com/:personal:/bannister/.git/objects/aa/ac150a8fa07d5377784ad69aa809fb533957e5' (4,977)
2026-09-22 05:55:38: Copy New 'C:/rock/bannister/.git/objects/ab/c665c2689b68a6a1605379225fe3ba27e632ac' -> 'goodrive://www.googleapis.com/:personal:/bannister/.git/objects/ab/c665c2689b68a6a1605379225fe3ba27e632ac' (6,596)
2026-09-22 05:55:40: Copy New 'C:/rock/bannister/.git/objects/af/321c979cf66754b54ad532147010d086f0f3f7' -> 'goodrive://www.googleapis.com/:personal:/bannister/.git/objects/af/321c979cf66754b54ad532147010d086f0f3f7' (259)
2026-09-22 05:55:40: Copy New 'C:/rock/bannister/.git/objects/ad/7a32a3d6226070e7fc407d662169c85fcbc0e6' -> 'goodrive://www.googleapis.com/:personal:/bannister/.git/objects/ad/7a32a3d6226070e7fc407d662169c85fcbc0e6' (487)
2026-09-22 05:55:40: Copy New 'C:/rock/bannister/.git/objects/af/56dd43660ad93c81bd402822e1ba479cc00d1a' -> 'goodrive://www.googleapis.com/:personal:/bannister/.git/objects/af/56dd43660ad93c81bd402822e1ba479cc00d1a' (616)
2026-09-22 05:55:42: Copy New 'C:/rock/bannister/.git/objects/af/6ac2cd5b682b35dc6103fe4b825aff3afe9d38' -> 'goodrive://www.googleapis.com/:personal:/bannister/.git/objects/af/6ac2cd5b682b35dc6103fe4b825aff3afe9d38' (645)
2026-09-22 05:55:42: Copy New 'C:/rock/bannister/.git/objects/af/cfb57b4058f0e7f2cfdbdcb054a65d1cec1f8a' -> 'goodrive://www.googleapis.com/:personal:/bannister/.git/objects/af/cfb57b4058f0e7f2cfdbdcb054a65d1cec1f8a' (3,243)
2026-09-22 05:55:42: Copy New 'C:/rock/bannister/.git/objects/b0/0d7aa4bc7a586e89cf5a9fd36f279c4eebdf2d' -> 'goodrive://www.googleapis.com/:personal:/bannister/.git/objects/b0/0d7aa4bc7a586e89cf5a9fd36f279c4eebdf2d' (618)
2026-09-22 05:55:44: Copy New 'C:/rock/bannister/.git/objects/b0/5fc9d8543272f8bd471f5e879980659b481edd' -> 'goodrive://www.googleapis.com/:personal:/bannister/.git/objects/b0/5fc9d8543272f8bd471f5e879980659b481edd' (4,997)
2026-09-22 05:55:44: Copy New 'C:/rock/bannister/.git/objects/b4/54dc3a687f12b214013c60dfa5c82bae5c4021' -> 'goodrive://www.googleapis.com/:personal:/bannister/.git/objects/b4/54dc3a687f12b214013c60dfa5c82bae5c4021' (487)
2026-09-22 05:55:44: Copy New 'C:/rock/bannister/.git/objects/b3/ef9f8455981b66088cf7c739559f44c14cae4b' -> 'goodrive://www.googleapis.com/:personal:/bannister/.git/objects/b3/ef9f8455981b66088cf7c739559f44c14cae4b' (2,881)
2026-09-22 05:55:46: Copy New 'C:/rock/bannister/.git/objects/b5/fee15232bb0894286f77a727ff075b2f5959f1' -> 'goodrive://www.googleapis.com/:personal:/bannister/.git/objects/b5/fee15232bb0894286f77a727ff075b2f5959f1' (4,976)
2026-09-22 05:55:46: Copy New 'C:/rock/bannister/.git/objects/b5/f2195daf62e69e969e2b8b8cb930de8c7d113f' -> 'goodrive://www.googleapis.com/:personal:/bannister/.git/objects/b5/f2195daf62e69e969e2b8b8cb930de8c7d113f' (5,001)
2026-09-22 05:55:46: Copy New 'C:/rock/bannister/.git/objects/b4/c78f7a5300c76e1edd93eb5278b64ace4a5942' -> 'goodrive://www.googleapis.com/:personal:/bannister/.git/objects/b4/c78f7a5300c76e1edd93eb5278b64ace4a5942' (616)
2026-09-22 05:55:49: Copy New 'C:/rock/bannister/.git/objects/b7/d24a22e735f9d2f7f6aa8a32d08d33f008be51' -> 'goodrive://www.googleapis.com/:personal:/bannister/.git/objects/b7/d24a22e735f9d2f7f6aa8a32d08d33f008be51' (354)
2026-09-22 05:55:49: Copy New 'C:/rock/bannister/.git/objects/b8/2070b9fd7af4974c262e420354d208c76fb5e4' -> 'goodrive://www.googleapis.com/:personal:/bannister/.git/objects/b8/2070b9fd7af4974c262e420354d208c76fb5e4' (430)
2026-09-22 05:55:49: Copy New 'C:/rock/bannister/.git/objects/b8/a2f1ad9807d925b29983c66d8ea931b0420a7c' -> 'goodrive://www.googleapis.com/:personal:/bannister/.git/objects/b8/a2f1ad9807d925b29983c66d8ea931b0420a7c' (330)
2026-09-22 05:55:51: Copy New 'C:/rock/bannister/.git/objects/ba/aa67e259ef53c2306a059cac7f421b50c4e6ee' -> 'goodrive://www.googleapis.com/:personal:/bannister/.git/objects/ba/aa67e259ef53c2306a059cac7f421b50c4e6ee' (305)
2026-09-22 05:55:51: Copy New 'C:/rock/bannister/.git/objects/bb/f38a1862adb188aa7a7e5af90fcd3e19243c20' -> 'goodrive://www.googleapis.com/:personal:/bannister/.git/objects/bb/f38a1862adb188aa7a7e5af90fcd3e19243c20' (645)
2026-09-22 05:55:51: Copy New 'C:/rock/bannister/.git/objects/bb/b3e43881a7f71b8ca46058ba687ba34a7021ad' -> 'goodrive://www.googleapis.com/:personal:/bannister/.git/objects/bb/b3e43881a7f71b8ca46058ba687ba34a7021ad' (7,216)
2026-09-22 05:55:53: Copy New 'C:/rock/bannister/.git/objects/be/74b66e6e00fbbfd13f5c8ec84427d3cc7de4f9' -> 'goodrive://www.googleapis.com/:personal:/bannister/.git/objects/be/74b66e6e00fbbfd13f5c8ec84427d3cc7de4f9' (517)
2026-09-22 05:55:53: Copy New 'C:/rock/bannister/.git/objects/bc/5675c5ae0205f7607d8fafc5d7c400586af788' -> 'goodrive://www.googleapis.com/:personal:/bannister/.git/objects/bc/5675c5ae0205f7607d8fafc5d7c400586af788' (4,971)
2026-09-22 05:55:53: Copy New 'C:/rock/bannister/.git/objects/be/c71bc31ed17918098f032e9bd3fb204caa77a7' -> 'goodrive://www.googleapis.com/:personal:/bannister/.git/objects/be/c71bc31ed17918098f032e9bd3fb204caa77a7' (616)
2026-09-22 05:55:55: Copy New 'C:/rock/bannister/.git/objects/bc/99d169e2385e615eec551d7d898be8046dc456' -> 'goodrive://www.googleapis.com/:personal:/bannister/.git/objects/bc/99d169e2385e615eec551d7d898be8046dc456' (643)
2026-09-22 05:55:55: Copy New 'C:/rock/bannister/.git/objects/bf/107cb940640f6d3b98a89f4a8b8f20673aa7c6' -> 'goodrive://www.googleapis.com/:personal:/bannister/.git/objects/bf/107cb940640f6d3b98a89f4a8b8f20673aa7c6' (390)
2026-09-22 05:55:55: Copy New 'C:/rock/bannister/.git/objects/bc/e7fc0921f974a1f3896c926ae795134d02818f' -> 'goodrive://www.googleapis.com/:personal:/bannister/.git/objects/bc/e7fc0921f974a1f3896c926ae795134d02818f' (488)
2026-09-22 05:55:57: Copy New 'C:/rock/bannister/.git/objects/c0/460522dfa32802d49d664036ef9f486f8f0de9' -> 'goodrive://www.googleapis.com/:personal:/bannister/.git/objects/c0/460522dfa32802d49d664036ef9f486f8f0de9' (4,970)
2026-09-22 05:55:57: Copy New 'C:/rock/bannister/.git/objects/bf/36f1fe164a0d61736a8d5b72329fe2ed78de2a' -> 'goodrive://www.googleapis.com/:personal:/bannister/.git/objects/bf/36f1fe164a0d61736a8d5b72329fe2ed78de2a' (5,004)
2026-09-22 05:55:57: Copy New 'C:/rock/bannister/.git/objects/bf/458109610694e7e122e0d539d591fd63fff256' -> 'goodrive://www.googleapis.com/:personal:/bannister/.git/objects/bf/458109610694e7e122e0d539d591fd63fff256' (31,909)
2026-09-22 05:55:59: Copy New 'C:/rock/bannister/.git/objects/c1/f35bad1e6dd226de0821d89b78edbeb6583f12' -> 'goodrive://www.googleapis.com/:personal:/bannister/.git/objects/c1/f35bad1e6dd226de0821d89b78edbeb6583f12' (428)
2026-09-22 05:55:59: Copy New 'C:/rock/bannister/.git/objects/c2/0473b3282703ec1f49edb17b447709142a80b8' -> 'goodrive://www.googleapis.com/:personal:/bannister/.git/objects/c2/0473b3282703ec1f49edb17b447709142a80b8' (5,967)
2026-09-22 05:55:59: Copy New 'C:/rock/bannister/.git/objects/c2/5abbf8e328ab436bd9d32d90f73f5f3115f47a' -> 'goodrive://www.googleapis.com/:personal:/bannister/.git/objects/c2/5abbf8e328ab436bd9d32d90f73f5f3115f47a' (488)
2026-09-22 05:56:01: Copy New 'C:/rock/bannister/.git/objects/c2/79caedb6e5b11a112107bc9b42079ea8560630' -> 'goodrive://www.googleapis.com/:personal:/bannister/.git/objects/c2/79caedb6e5b11a112107bc9b42079ea8560630' (335)
2026-09-22 05:56:01: Copy New 'C:/rock/bannister/.git/objects/c3/10dba49fbeda890b1c829c0c944f4282a52c7b' -> 'goodrive://www.googleapis.com/:personal:/bannister/.git/objects/c3/10dba49fbeda890b1c829c0c944f4282a52c7b' (504)
2026-09-22 05:56:02: Copy New 'C:/rock/bannister/.git/objects/c4/6db0c77cc288785f1b86dbdd75e0fa77ab1b0d' -> 'goodrive://www.googleapis.com/:personal:/bannister/.git/objects/c4/6db0c77cc288785f1b86dbdd75e0fa77ab1b0d' (364)
2026-09-22 05:56:03: Copy New 'C:/rock/bannister/.git/objects/c4/b94ccd9303166bf2ddad225e73304451a56119' -> 'goodrive://www.googleapis.com/:personal:/bannister/.git/objects/c4/b94ccd9303166bf2ddad225e73304451a56119' (2,818)
2026-09-22 05:56:03: Copy New 'C:/rock/bannister/.git/objects/c3/e760d1ccc110c2338369a1a2cbe607e30e5404' -> 'goodrive://www.googleapis.com/:personal:/bannister/.git/objects/c3/e760d1ccc110c2338369a1a2cbe607e30e5404' (487)
2026-09-22 05:56:04: Copy New 'C:/rock/bannister/.git/objects/c5/46c65f3209e0c89e1f5f02583bf75c29be147f' -> 'goodrive://www.googleapis.com/:personal:/bannister/.git/objects/c5/46c65f3209e0c89e1f5f02583bf75c29be147f' (2,818)
2026-09-22 05:56:05: Copy New 'C:/rock/bannister/.git/objects/c7/e2a94d493128b69517da82dd162cf689f2bb0b' -> 'goodrive://www.googleapis.com/:personal:/bannister/.git/objects/c7/e2a94d493128b69517da82dd162cf689f2bb0b' (347)
2026-09-22 05:56:05: Copy New 'C:/rock/bannister/.git/objects/c8/b12ec1fb4c1e78c9ad0058ea77b11fe7702bac' -> 'goodrive://www.googleapis.com/:personal:/bannister/.git/objects/c8/b12ec1fb4c1e78c9ad0058ea77b11fe7702bac' (644)
2026-09-22 05:56:06: Copy New 'C:/rock/bannister/.git/objects/ca/9f95a4ab26097a4e176c2adc158aff7c1ac9fd' -> 'goodrive://www.googleapis.com/:personal:/bannister/.git/objects/ca/9f95a4ab26097a4e176c2adc158aff7c1ac9fd' (486)
2026-09-22 05:56:07: Copy New 'C:/rock/bannister/.git/objects/cb/6d45eb1cec62d6d42ccdf060083433df9784c3' -> 'goodrive://www.googleapis.com/:personal:/bannister/.git/objects/cb/6d45eb1cec62d6d42ccdf060083433df9784c3' (2,881)
2026-09-22 05:56:07: Copy New 'C:/rock/bannister/.git/objects/cd/3a8bb5994001c1f25b5fe91189175b453cd5e8' -> 'goodrive://www.googleapis.com/:personal:/bannister/.git/objects/cd/3a8bb5994001c1f25b5fe91189175b453cd5e8' (2,829)
2026-09-22 05:56:08: Copy New 'C:/rock/bannister/.git/objects/cd/72e7ed73c88400825266a3d9fc78f0c743ebca' -> 'goodrive://www.googleapis.com/:personal:/bannister/.git/objects/cd/72e7ed73c88400825266a3d9fc78f0c743ebca' (2,855)
2026-09-22 05:56:09: Copy New 'C:/rock/bannister/.git/objects/cd/7313bba8a60b2ce3dfb451d29a1ece4fa87368' -> 'goodrive://www.googleapis.com/:personal:/bannister/.git/objects/cd/7313bba8a60b2ce3dfb451d29a1ece4fa87368' (2,936)
2026-09-22 05:56:09: Copy New 'C:/rock/bannister/.git/objects/cd/9cd0b5e2fcaa25134344c97da0ee2702907a9b' -> 'goodrive://www.googleapis.com/:personal:/bannister/.git/objects/cd/9cd0b5e2fcaa25134344c97da0ee2702907a9b' (467)
2026-09-22 05:56:10: Copy New 'C:/rock/bannister/.git/objects/ce/247dcdd7dcb6419e1ab210cb3b5e56327a3069' -> 'goodrive://www.googleapis.com/:personal:/bannister/.git/objects/ce/247dcdd7dcb6419e1ab210cb3b5e56327a3069' (8,627)
2026-09-22 05:56:11: Copy New 'C:/rock/bannister/.git/objects/cf/a21d4f19736b6a5a97a63a2a4af32496ff6f97' -> 'goodrive://www.googleapis.com/:personal:/bannister/.git/objects/cf/a21d4f19736b6a5a97a63a2a4af32496ff6f97' (616)
2026-09-22 05:56:11: Copy New 'C:/rock/bannister/.git/objects/cf/f512e7c6256495b49d364358ce72b6a52922c1' -> 'goodrive://www.googleapis.com/:personal:/bannister/.git/objects/cf/f512e7c6256495b49d364358ce72b6a52922c1' (2,849)
2026-09-22 05:56:12: Copy New 'C:/rock/bannister/.git/objects/d0/cc57e8bf33c0027389fa77f017bf331eb56847' -> 'goodrive://www.googleapis.com/:personal:/bannister/.git/objects/d0/cc57e8bf33c0027389fa77f017bf331eb56847' (616)
2026-09-22 05:56:13: Copy New 'C:/rock/bannister/.git/objects/d1/2cbfaa82e4414ec16daa9e9162cfcdb175ef82' -> 'goodrive://www.googleapis.com/:personal:/bannister/.git/objects/d1/2cbfaa82e4414ec16daa9e9162cfcdb175ef82' (667)
2026-09-22 05:56:13: Copy New 'C:/rock/bannister/.git/objects/d0/d7889273ba63f263fe094ea42cc4be38d0051f' -> 'goodrive://www.googleapis.com/:personal:/bannister/.git/objects/d0/d7889273ba63f263fe094ea42cc4be38d0051f' (5,829)
2026-09-22 05:56:14: Copy New 'C:/rock/bannister/.git/objects/d2/3c5b8dec2ac3bc948dcffc3feb04f852ab83a2' -> 'goodrive://www.googleapis.com/:personal:/bannister/.git/objects/d2/3c5b8dec2ac3bc948dcffc3feb04f852ab83a2' (487)
2026-09-22 05:56:15: Copy New 'C:/rock/bannister/.git/objects/d3/1d5d006005a98f3f7a667808ab3bb88be5bd58' -> 'goodrive://www.googleapis.com/:personal:/bannister/.git/objects/d3/1d5d006005a98f3f7a667808ab3bb88be5bd58' (4,974)
2026-09-22 05:56:15: Copy New 'C:/rock/bannister/.git/objects/d3/e4778432fab015c683d2e03c65b481f1ebe4c8' -> 'goodrive://www.googleapis.com/:personal:/bannister/.git/objects/d3/e4778432fab015c683d2e03c65b481f1ebe4c8' (488)
2026-09-22 05:56:16: Copy New 'C:/rock/bannister/.git/objects/d4/f92d4394012f71b8c73f4b889425beb2089cfa' -> 'goodrive://www.googleapis.com/:personal:/bannister/.git/objects/d4/f92d4394012f71b8c73f4b889425beb2089cfa' (2,827)
2026-09-22 05:56:17: Copy New 'C:/rock/bannister/.git/objects/d5/64e29e88599c3d0dd45234da3bd235f02781ae' -> 'goodrive://www.googleapis.com/:personal:/bannister/.git/objects/d5/64e29e88599c3d0dd45234da3bd235f02781ae' (5,006)
2026-09-22 05:56:17: Copy New 'C:/rock/bannister/.git/objects/d5/82ebfa6179c161d064524f03a533ec796bb0ed' -> 'goodrive://www.googleapis.com/:personal:/bannister/.git/objects/d5/82ebfa6179c161d064524f03a533ec796bb0ed' (643)
2026-09-22 05:56:18: Copy New 'C:/rock/bannister/.git/objects/d5/989542e7bc62571a84c5f6891cbb3ad463c24e' -> 'goodrive://www.googleapis.com/:personal:/bannister/.git/objects/d5/989542e7bc62571a84c5f6891cbb3ad463c24e' (488)
2026-09-22 05:56:19: Copy New 'C:/rock/bannister/.git/objects/d9/0466aadd2b586f32bf3777092383b1252fa6d5' -> 'goodrive://www.googleapis.com/:personal:/bannister/.git/objects/d9/0466aadd2b586f32bf3777092383b1252fa6d5' (488)
2026-09-22 05:56:19: Copy New 'C:/rock/bannister/.git/objects/d8/6d5d89b2fb4f76c445fbbf61a70089deecf0f2' -> 'goodrive://www.googleapis.com/:personal:/bannister/.git/objects/d8/6d5d89b2fb4f76c445fbbf61a70089deecf0f2' (368)
2026-09-22 05:56:20: Copy New 'C:/rock/bannister/.git/objects/d9/83e2a1701ad2eb04303b2e70381e06875a39dc' -> 'goodrive://www.googleapis.com/:personal:/bannister/.git/objects/d9/83e2a1701ad2eb04303b2e70381e06875a39dc' (286)
2026-09-22 05:56:21: Copy New 'C:/rock/bannister/.git/objects/db/19515313a28d78a5958aa898137b1223fbbbe6' -> 'goodrive://www.googleapis.com/:personal:/bannister/.git/objects/db/19515313a28d78a5958aa898137b1223fbbbe6' (4,974)
2026-09-22 05:56:22: Copy New 'C:/rock/bannister/.git/objects/de/c1bc510dece7450285d0fe5b1c9f4d5c832548' -> 'goodrive://www.googleapis.com/:personal:/bannister/.git/objects/de/c1bc510dece7450285d0fe5b1c9f4d5c832548' (4,976)
2026-09-22 05:56:22: Copy New 'C:/rock/bannister/.git/objects/df/22d4f178c4d9f60666b84d0011c5d0ba2480ea' -> 'goodrive://www.googleapis.com/:personal:/bannister/.git/objects/df/22d4f178c4d9f60666b84d0011c5d0ba2480ea' (489)
2026-09-22 05:56:24: Copy New 'C:/rock/bannister/.git/objects/e0/04d71e4273702e3474124db8959f39bf007b9e' -> 'goodrive://www.googleapis.com/:personal:/bannister/.git/objects/e0/04d71e4273702e3474124db8959f39bf007b9e' (516)
2026-09-22 05:56:24: Copy New 'C:/rock/bannister/.git/objects/e0/b308a95f27fd58d09e51020790b96462efe210' -> 'goodrive://www.googleapis.com/:personal:/bannister/.git/objects/e0/b308a95f27fd58d09e51020790b96462efe210' (1,309)
2026-09-22 05:56:24: Copy New 'C:/rock/bannister/.git/objects/e1/66c8f879767da71746ce55f0df18cbfb9b50ee' -> 'goodrive://www.googleapis.com/:personal:/bannister/.git/objects/e1/66c8f879767da71746ce55f0df18cbfb9b50ee' (405)
2026-09-22 05:56:26: Copy New 'C:/rock/bannister/.git/objects/e2/cf569d5154d9f5c109c379ef983921df117f46' -> 'goodrive://www.googleapis.com/:personal:/bannister/.git/objects/e2/cf569d5154d9f5c109c379ef983921df117f46' (487)
2026-09-22 05:56:26: Copy New 'C:/rock/bannister/.git/objects/e4/45ea44dc4d2193df6e12d773e0f60ca432c169' -> 'goodrive://www.googleapis.com/:personal:/bannister/.git/objects/e4/45ea44dc4d2193df6e12d773e0f60ca432c169' (320)
2026-09-22 05:56:27: Copy New 'C:/rock/bannister/.git/objects/e5/2c3f6598480ff1261e017ba695e12586d2fc43' -> 'goodrive://www.googleapis.com/:personal:/bannister/.git/objects/e5/2c3f6598480ff1261e017ba695e12586d2fc43' (357)
2026-09-22 05:56:28: Copy New 'C:/rock/bannister/.git/objects/e5/8aff18b0376c7731b5269ffb56ed855258809f' -> 'goodrive://www.googleapis.com/:personal:/bannister/.git/objects/e5/8aff18b0376c7731b5269ffb56ed855258809f' (12,684)
2026-09-22 05:56:28: Copy New 'C:/rock/bannister/.git/objects/e6/846a7e2ad50e4a16ee6a13ff9229a39d0200d7' -> 'goodrive://www.googleapis.com/:personal:/bannister/.git/objects/e6/846a7e2ad50e4a16ee6a13ff9229a39d0200d7' (3,233)
2026-09-22 05:56:29: Copy New 'C:/rock/bannister/.git/objects/e7/870187cee7661eb02cad40eac65792aae57715' -> 'goodrive://www.googleapis.com/:personal:/bannister/.git/objects/e7/870187cee7661eb02cad40eac65792aae57715' (882)
2026-09-22 05:56:30: Copy New 'C:/rock/bannister/.git/objects/e8/7497b1399084de9dd804c283a398ce11a57cf7' -> 'goodrive://www.googleapis.com/:personal:/bannister/.git/objects/e8/7497b1399084de9dd804c283a398ce11a57cf7' (6,835)
2026-09-22 05:56:30: Copy New 'C:/rock/bannister/.git/objects/e7/bcc8237b0795dc1b6ae25a241c61c884fc8593' -> 'goodrive://www.googleapis.com/:personal:/bannister/.git/objects/e7/bcc8237b0795dc1b6ae25a241c61c884fc8593' (488)
2026-09-22 05:56:31: Copy New 'C:/rock/bannister/.git/objects/e9/8643e8828ba815fd08bd2f075d331eb477cf6e' -> 'goodrive://www.googleapis.com/:personal:/bannister/.git/objects/e9/8643e8828ba815fd08bd2f075d331eb477cf6e' (319)
2026-09-22 05:56:32: Copy New 'C:/rock/bannister/.git/objects/eb/8d1c1c4319510e1e05d632533a06ca109cc76b' -> 'goodrive://www.googleapis.com/:personal:/bannister/.git/objects/eb/8d1c1c4319510e1e05d632533a06ca109cc76b' (3,998)
2026-09-22 05:56:32: Copy New 'C:/rock/bannister/.git/objects/ea/f84bdf5c231c9d47c951adf0841dae624ef961' -> 'goodrive://www.googleapis.com/:personal:/bannister/.git/objects/ea/f84bdf5c231c9d47c951adf0841dae624ef961' (3,620)
2026-09-22 05:56:33: Copy New 'C:/rock/bannister/.git/objects/eb/ba3b5485d64b9de4abb7f3672ddc97732e4ec0' -> 'goodrive://www.googleapis.com/:personal:/bannister/.git/objects/eb/ba3b5485d64b9de4abb7f3672ddc97732e4ec0' (645)
2026-09-22 05:56:34: Copy New 'C:/rock/bannister/.git/objects/ee/78f39fb5e3cc78e00999aea0cb8a6f2cd147dd' -> 'goodrive://www.googleapis.com/:personal:/bannister/.git/objects/ee/78f39fb5e3cc78e00999aea0cb8a6f2cd147dd' (488)
2026-09-22 05:56:34: Copy New 'C:/rock/bannister/.git/objects/ef/f8a78b9b47648858811571966ad5397ee4e99a' -> 'goodrive://www.googleapis.com/:personal:/bannister/.git/objects/ef/f8a78b9b47648858811571966ad5397ee4e99a' (487)
2026-09-22 05:56:35: Copy New 'C:/rock/bannister/.git/objects/f0/3477905b6f9038b8e20f2eff4ffd335288bd85' -> 'goodrive://www.googleapis.com/:personal:/bannister/.git/objects/f0/3477905b6f9038b8e20f2eff4ffd335288bd85' (410)
2026-09-22 05:56:36: Copy New 'C:/rock/bannister/.git/objects/f2/0f1eaaece4bd2392225ddbb3d2e56e55cd049e' -> 'goodrive://www.googleapis.com/:personal:/bannister/.git/objects/f2/0f1eaaece4bd2392225ddbb3d2e56e55cd049e' (322)
2026-09-22 05:56:36: Copy New 'C:/rock/bannister/.git/objects/f0/fdf3b07e618b12f8e0f673ddecf04b12c7960a' -> 'goodrive://www.googleapis.com/:personal:/bannister/.git/objects/f0/fdf3b07e618b12f8e0f673ddecf04b12c7960a' (280)
2026-09-22 05:56:37: Copy New 'C:/rock/bannister/.git/objects/f3/124c07390bdfb4d4b9e2725f9bf95ea41eb074' -> 'goodrive://www.googleapis.com/:personal:/bannister/.git/objects/f3/124c07390bdfb4d4b9e2725f9bf95ea41eb074' (6,969)
2026-09-22 05:56:38: Copy New 'C:/rock/bannister/.git/objects/f5/07e88ea99ff1fd5739b892b3dd687e674a8c34' -> 'goodrive://www.googleapis.com/:personal:/bannister/.git/objects/f5/07e88ea99ff1fd5739b892b3dd687e674a8c34' (350)
2026-09-22 05:56:39: Copy New 'C:/rock/bannister/.git/objects/f5/62c520fa6af7bb164cfdd794d68fbcb4e1aa22' -> 'goodrive://www.googleapis.com/:personal:/bannister/.git/objects/f5/62c520fa6af7bb164cfdd794d68fbcb4e1aa22' (9,387)
2026-09-22 05:56:39: Copy New 'C:/rock/bannister/.git/objects/f3/cf2ba63ceccc5a93a9bb98b806c8ccb6500ebc' -> 'goodrive://www.googleapis.com/:personal:/bannister/.git/objects/f3/cf2ba63ceccc5a93a9bb98b806c8ccb6500ebc' (488)
2026-09-22 05:56:40: Copy New 'C:/rock/bannister/.git/objects/f6/1b32887a274f085754a2340ecf8af41cefbe8c' -> 'goodrive://www.googleapis.com/:personal:/bannister/.git/objects/f6/1b32887a274f085754a2340ecf8af41cefbe8c' (6,747)
2026-09-22 05:56:41: Copy New 'C:/rock/bannister/.git/objects/f9/2564fba0bc4041e5ef70448f381b36019b55ec' -> 'goodrive://www.googleapis.com/:personal:/bannister/.git/objects/f9/2564fba0bc4041e5ef70448f381b36019b55ec' (6,169)
2026-09-22 05:56:41: Copy New 'C:/rock/bannister/.git/objects/f9/af18ae18497ee806c6c5e75d6920d7de0e44cd' -> 'goodrive://www.googleapis.com/:personal:/bannister/.git/objects/f9/af18ae18497ee806c6c5e75d6920d7de0e44cd' (517)
2026-09-22 05:56:42: Copy New 'C:/rock/bannister/.git/objects/f6/bd041699f485724d12ac81b38dcd5e39132967' -> 'goodrive://www.googleapis.com/:personal:/bannister/.git/objects/f6/bd041699f485724d12ac81b38dcd5e39132967' (296)
2026-09-22 05:56:43: Copy New 'C:/rock/bannister/.git/objects/f6/c085e27b7dbc633b421bb4f36716dcccea7946' -> 'goodrive://www.googleapis.com/:personal:/bannister/.git/objects/f6/c085e27b7dbc633b421bb4f36716dcccea7946' (652)
2026-09-22 05:56:44: Copy New 'C:/rock/bannister/.git/objects/fa/1ac0dd54a9307ffa385242c84a64d54d2cce21' -> 'goodrive://www.googleapis.com/:personal:/bannister/.git/objects/fa/1ac0dd54a9307ffa385242c84a64d54d2cce21' (5,089)
2026-09-22 05:56:45: Copy New 'C:/rock/bannister/.git/objects/fb/0e090056d0f769e1f25cf2676d2fad8b9882ec' -> 'goodrive://www.googleapis.com/:personal:/bannister/.git/objects/fb/0e090056d0f769e1f25cf2676d2fad8b9882ec' (4,970)
2026-09-22 05:56:45: Copy New 'C:/rock/bannister/.git/objects/fa/e8026b9d482074388d3df1baafc643dcba0530' -> 'goodrive://www.googleapis.com/:personal:/bannister/.git/objects/fa/e8026b9d482074388d3df1baafc643dcba0530' (517)
2026-09-22 05:56:46: Copy New 'C:/rock/bannister/.git/objects/fd/10cc301a388e238d819775750094f447e6dec4' -> 'goodrive://www.googleapis.com/:personal:/bannister/.git/objects/fd/10cc301a388e238d819775750094f447e6dec4' (4,975)
2026-09-22 05:56:47: Copy New 'C:/rock/bannister/.git/objects/fe/036318f112727f7505a5f720cebff3771cfd50' -> 'goodrive://www.googleapis.com/:personal:/bannister/.git/objects/fe/036318f112727f7505a5f720cebff3771cfd50' (358)
2026-09-22 05:56:47: Copy New 'C:/rock/bannister/.git/objects/fe/73baee191b22ae4337e6872eb726ca70bed765' -> 'goodrive://www.googleapis.com/:personal:/bannister/.git/objects/fe/73baee191b22ae4337e6872eb726ca70bed765' (2,798)
2026-09-22 05:56:48: Copy New 'C:/rock/bannister/.git/objects/fe/7a2719347d439a7043ea7027511f5f1780d0b1' -> 'goodrive://www.googleapis.com/:personal:/bannister/.git/objects/fe/7a2719347d439a7043ea7027511f5f1780d0b1' (12,791)
2026-09-22 05:56:49: Copy New 'C:/rock/bannister/.git/objects/fd/3f6d2f8589e5631559c2ac5dcd6a07f4c2bfd2' -> 'goodrive://www.googleapis.com/:personal:/bannister/.git/objects/fd/3f6d2f8589e5631559c2ac5dcd6a07f4c2bfd2' (396)
2026-09-22 05:56:49: Copy New 'C:/rock/bannister/.git/objects/fd/a84144c1765b3023f170ef1450da49bf51603b' -> 'goodrive://www.googleapis.com/:personal:/bannister/.git/objects/fd/a84144c1765b3023f170ef1450da49bf51603b' (329)
2026-09-22 05:56:52: Copy Over 'C:/rock/bannister/.git/refs/heads/main' -> 'goodrive://www.googleapis.com/:personal:/bannister/.git/refs/heads/main' (41)
2026-09-22 05:56:53: Copy Over 'C:/rock/bannister/.git/logs/refs/heads/main' -> 'goodrive://www.googleapis.com/:personal:/bannister/.git/logs/refs/heads/main' (858,374)
2026-09-22 05:56:53: Copy Over 'C:/rock/bannister/.git/refs/remotes/origin/main' -> 'goodrive://www.googleapis.com/:personal:/bannister/.git/refs/remotes/origin/main' (41)
2026-09-22 05:56:56: Copy Over 'C:/rock/bannister/.git/logs/refs/remotes/origin/main' -> 'goodrive://www.googleapis.com/:personal:/bannister/.git/logs/refs/remotes/origin/main' (91,355)
2026-09-22 05:56:57: Save State File C:/rock/bannister/_gsdata_/_file_state_v4._gs
2026-09-22 05:56:57: CopyFileSimple: UploadBuf: ERR: [SSL sending [-1] www.googleapis.com:443]: Connection was reset by remote machine
2026-09-22 05:56:57: Waiting for 0 + 0 of 4 sec on CopyFileSimple: UploadBuf: [SSL sending [-1] www.googleapis.com:443]: Connection was reset by remote machine
2026-09-22 05:57:02: Recovered the connection, continuing operations
2026-09-22 05:57:04: Save State File goodrive://www.googleapis.com/:personal:/bannister/_gsdata_/_file_state_v4._gs
2026-09-22 05:57:04: Release Snapshot of Volume C:
2026-09-22 05:57:05: Deleted Recycled: goodrive://www.googleapis.com/:personal:/bannister/_gsdata_/_saved_/.vs/Bannister/FileContentIndex/0c71b60c-fb4b-460f-bba3-39fd655d87aa.vsidx
2026-09-22 05:57:05: Deleted Recycled: goodrive://www.googleapis.com/:personal:/bannister/_gsdata_/_saved_/.vs/Bannister/FileContentIndex/121dde6d-2470-4292-9266-3139265aa8d5.vsidx
2026-09-22 05:57:06: Deleted Recycled: goodrive://www.googleapis.com/:personal:/bannister/_gsdata_/_saved_/.vs/Bannister/FileContentIndex/3864ae7d-3918-4bd4-9c86-6e16edc277b9.vsidx
2026-09-22 05:57:07: Deleted Recycled: goodrive://www.googleapis.com/:personal:/bannister/_gsdata_/_saved_/.vs/Bannister/FileContentIndex/6e7e404a-d28f-458b-a6f5-27e08404d0ec.vsidx
2026-09-22 05:57:07: Deleted Recycled: goodrive://www.googleapis.com/:personal:/bannister/_gsdata_/_saved_/.vs/Bannister/FileContentIndex/ab188585-027f-4cc9-9cb7-90b8624d1714.vsidx
2026-09-22 05:57:08: Deleted Recycled: goodrive://www.googleapis.com/:personal:/bannister/_gsdata_/_saved_/.vs/Bannister/FileContentIndex/b4be24a9-cd6d-4bcf-8d20-19a70baf626d.vsidx
2026-09-22 05:57:09: Deleted Recycled: goodrive://www.googleapis.com/:personal:/bannister/_gsdata_/_saved_/.vs/Bannister/FileContentIndex/f33e9395-87e5-4d04-aa90-1ec0dcda6bb8.vsidx
2026-09-22 05:57:09: Deleted Recycled: goodrive://www.googleapis.com/:personal:/bannister/_gsdata_/_saved_/bannister/Views/SubActivitiesPage.cs
2026-09-22 05:57:13: == Sync Complete. Time: 00:25:58, Speed: 353.61 KB/s, OK: 1,458, Errors: 0
