2026-08-09 05:30:29: -- Analysis Started by On Schedule Min=30 Hour=5 
2026-08-09 05:30:29: L: Reading State File C:/rock/bannister/_gsdata_/_file_state_v4._gs
2026-08-09 05:30:33: R: Reading State File goodrive://www.googleapis.com/:personal:/bannister/_gsdata_/_file_state_v4._gs
2026-08-09 05:30:35: Changes: 2,150, Conflicts: 0, CopyTime: 0, FixState: 0, Errors: 0, All: 22926
2026-08-09 05:30:35: Left to Right: Copy File: 2146 Delete File: 4 
2026-08-09 05:30:35: == Sync Started by On Schedule Min=30 Hour=5 
2026-08-09 05:30:35: ConnectCloned connected to file:///C:/rock/bannister
2026-08-09 05:30:35: ConnectCloned connected to file:///C:/rock/bannister
2026-08-09 05:30:35: ConnectCloned connected to file:///C:/rock/bannister
2026-08-09 05:30:35: GsConnectAndSetRoot1 connected to goodrive://www.googleapis.com/:personal:/bannister
2026-08-09 05:30:35: GsConnectAndSetRoot1 connected to goodrive://www.googleapis.com/:personal:/bannister
2026-08-09 05:30:35: GsConnectAndSetRoot1 connected to goodrive://www.googleapis.com/:personal:/bannister
2026-08-09 05:30:40: Copy Over 'C:/rock/bannister/Bannister/Bannister.csproj.user' -> 'goodrive://www.googleapis.com/:personal:/bannister/bannister/Bannister.csproj.user' (629)
2026-08-09 05:30:40: Copy Over 'C:/rock/bannister/Bannister/Models/StoryProject.cs' -> 'goodrive://www.googleapis.com/:personal:/bannister/bannister/Models/StoryProject.cs' (7,350)
2026-08-09 05:30:40: > Copy Over 'C:/rock/bannister/Bannister/bin/Debug/net8.0-android/Bannister.dll' -> 'goodrive://www.googleapis.com/:personal:/bannister/bannister/bin/Debug/net8.0-android/Bannister.dll' (6,669,824)
2026-08-09 05:30:41: Copy Over 'C:/rock/bannister/Bannister/MauiProgram.cs' -> 'goodrive://www.googleapis.com/:personal:/bannister/bannister/MauiProgram.cs' (9,268)
2026-08-09 05:30:41: > Copy Over 'C:/rock/bannister/Bannister/bin/Debug/net8.0-android/Bannister.pdb' -> 'goodrive://www.googleapis.com/:personal:/bannister/bannister/bin/Debug/net8.0-android/Bannister.pdb' (1,431,448)
2026-08-09 05:30:41: > Copy Over 'C:/rock/bannister/Bannister/bin/x64/Debug/net8.0-android/Bannister.dll' -> 'goodrive://www.googleapis.com/:personal:/bannister/bannister/bin/x64/Debug/net8.0-android/Bannister.dll' (6,656,512)
2026-08-09 05:30:44: < Copy Over 'C:/rock/bannister/Bannister/bin/Debug/net8.0-android/Bannister.pdb' -> 'goodrive://www.googleapis.com/:personal:/bannister/bannister/bin/Debug/net8.0-android/Bannister.pdb' (1,431,448)
2026-08-09 05:30:45: < Copy Over 'C:/rock/bannister/Bannister/bin/x64/Debug/net8.0-android/Bannister.dll' -> 'goodrive://www.googleapis.com/:personal:/bannister/bannister/bin/x64/Debug/net8.0-android/Bannister.dll' (6,656,512)
2026-08-09 05:30:45: < Copy Over 'C:/rock/bannister/Bannister/bin/Debug/net8.0-android/Bannister.dll' -> 'goodrive://www.googleapis.com/:personal:/bannister/bannister/bin/Debug/net8.0-android/Bannister.dll' (6,669,824)
2026-08-09 05:30:48: Copy Over 'C:/rock/bannister/Bannister/bin/x64/Debug/net8.0-windows10.0.19041.0/AppxManifest.xml' -> 'goodrive://www.googleapis.com/:personal:/bannister/bannister/bin/x64/Debug/net8.0-windows10.0.19041.0/AppxManifest.xml' (2,800)
2026-08-09 05:30:48: > Copy Over 'C:/rock/bannister/Bannister/bin/x64/Debug/net8.0-windows10.0.19041.0/AppX/Bannister.dll' -> 'goodrive://www.googleapis.com/:personal:/bannister/bannister/bin/x64/Debug/net8.0-windows10.0.19041.0/AppX/Bannister.dll' (6,992,896)
2026-08-09 05:30:49: Copy Over 'C:/rock/bannister/Bannister/bin/x64/Debug/net8.0-windows10.0.19041.0/AppX/AppxManifest.xml' -> 'goodrive://www.googleapis.com/:personal:/bannister/bannister/bin/x64/Debug/net8.0-windows10.0.19041.0/AppX/AppxManifest.xml' (2,821)
2026-08-09 05:30:49: Copy Over 'C:/rock/bannister/Bannister/bin/x64/Debug/net8.0-windows10.0.19041.0/AppX/Bannister.deps.json' -> 'goodrive://www.googleapis.com/:personal:/bannister/bannister/bin/x64/Debug/net8.0-windows10.0.19041.0/AppX/Bannister.deps.json' (72,297)
2026-08-09 05:30:52: < Copy Over 'C:/rock/bannister/Bannister/bin/x64/Debug/net8.0-windows10.0.19041.0/AppX/Bannister.dll' -> 'goodrive://www.googleapis.com/:personal:/bannister/bannister/bin/x64/Debug/net8.0-windows10.0.19041.0/AppX/Bannister.dll' (6,992,896)
2026-08-09 05:30:53: Copy Over 'C:/rock/bannister/Bannister/bin/x64/Debug/net8.0-windows10.0.19041.0/AppX/Bannister.runtimeconfig.json' -> 'goodrive://www.googleapis.com/:personal:/bannister/bannister/bin/x64/Debug/net8.0-windows10.0.19041.0/AppX/Bannister.runtimeconfig.json' (385)
2026-08-09 05:30:53: Copy Over 'C:/rock/bannister/Bannister/bin/x64/Debug/net8.0-windows10.0.19041.0/AppX/Bannister.exe' -> 'goodrive://www.googleapis.com/:personal:/bannister/bannister/bin/x64/Debug/net8.0-windows10.0.19041.0/AppX/Bannister.exe' (153,088)
2026-08-09 05:30:56: Copy Over 'C:/rock/bannister/Bannister/bin/x64/Debug/net8.0-windows10.0.19041.0/AppX/resources.pri' -> 'goodrive://www.googleapis.com/:personal:/bannister/bannister/bin/x64/Debug/net8.0-windows10.0.19041.0/AppX/resources.pri' (140,744)
2026-08-09 05:30:57: Copy Over 'C:/rock/bannister/Bannister/bin/x64/Debug/net8.0-windows10.0.19041.0/AppX/vs.appxrecipe' -> 'goodrive://www.googleapis.com/:personal:/bannister/bannister/bin/x64/Debug/net8.0-windows10.0.19041.0/AppX/vs.appxrecipe' (72,682)
2026-08-09 05:30:57: > Copy Over 'C:/rock/bannister/Bannister/bin/x64/Debug/net8.0-windows10.0.19041.0/Bannister.dll' -> 'goodrive://www.googleapis.com/:personal:/bannister/bannister/bin/x64/Debug/net8.0-windows10.0.19041.0/Bannister.dll' (6,997,504)
2026-08-09 05:30:57: Copy Over 'C:/rock/bannister/Bannister/bin/x64/Debug/net8.0-windows10.0.19041.0/Bannister.build.appxrecipe' -> 'goodrive://www.googleapis.com/:personal:/bannister/bannister/bin/x64/Debug/net8.0-windows10.0.19041.0/Bannister.build.appxrecipe' (60,573)
2026-08-09 05:31:00: Copy Over 'C:/rock/bannister/Bannister/bin/x64/Debug/net8.0-windows10.0.19041.0/Bannister.deps.json' -> 'goodrive://www.googleapis.com/:personal:/bannister/bannister/bin/x64/Debug/net8.0-windows10.0.19041.0/Bannister.deps.json' (72,297)
2026-08-09 05:31:00: > Copy Over 'C:/rock/bannister/Bannister/bin/x64/Debug/net8.0-windows10.0.19041.0/Bannister.pdb' -> 'goodrive://www.googleapis.com/:personal:/bannister/bannister/bin/x64/Debug/net8.0-windows10.0.19041.0/Bannister.pdb' (1,474,256)
2026-08-09 05:31:00: Copy Over 'C:/rock/bannister/Bannister/bin/x64/Debug/net8.0-windows10.0.19041.0/Bannister.exe' -> 'goodrive://www.googleapis.com/:personal:/bannister/bannister/bin/x64/Debug/net8.0-windows10.0.19041.0/Bannister.exe' (153,088)
2026-08-09 05:31:02: < Copy Over 'C:/rock/bannister/Bannister/bin/x64/Debug/net8.0-windows10.0.19041.0/Bannister.dll' -> 'goodrive://www.googleapis.com/:personal:/bannister/bannister/bin/x64/Debug/net8.0-windows10.0.19041.0/Bannister.dll' (6,997,504)
2026-08-09 05:31:04: < Copy Over 'C:/rock/bannister/Bannister/bin/x64/Debug/net8.0-windows10.0.19041.0/Bannister.pdb' -> 'goodrive://www.googleapis.com/:personal:/bannister/bannister/bin/x64/Debug/net8.0-windows10.0.19041.0/Bannister.pdb' (1,474,256)
2026-08-09 05:31:04: > Copy Over 'C:/rock/bannister/Bannister/bin/x64/Debug/net8.0-android/Bannister.pdb' -> 'goodrive://www.googleapis.com/:personal:/bannister/bannister/bin/x64/Debug/net8.0-android/Bannister.pdb' (1,432,572)
2026-08-09 05:31:04: Copy Over 'C:/rock/bannister/Bannister/bin/x64/Debug/net8.0-windows10.0.19041.0/Bannister.runtimeconfig.json' -> 'goodrive://www.googleapis.com/:personal:/bannister/bannister/bin/x64/Debug/net8.0-windows10.0.19041.0/Bannister.runtimeconfig.json' (385)
2026-08-09 05:31:06: Copy Over 'C:/rock/bannister/Bannister/bin/x64/Debug/net8.0-windows10.0.19041.0/resources.pri' -> 'goodrive://www.googleapis.com/:personal:/bannister/bannister/bin/x64/Debug/net8.0-windows10.0.19041.0/resources.pri' (140,744)
2026-08-09 05:31:07: Copy Over 'C:/rock/bannister/Bannister/bin/x64/Debug/net8.0-android/Bannister.runtimeconfig.json' -> 'goodrive://www.googleapis.com/:personal:/bannister/bannister/bin/x64/Debug/net8.0-android/Bannister.runtimeconfig.json' (1,423)
2026-08-09 05:31:07: > Copy Over 'C:/rock/bannister/Bannister/bin/x64/Debug/net8.0-android/com.bannister.app-Signed.apk' -> 'goodrive://www.googleapis.com/:personal:/bannister/bannister/bin/x64/Debug/net8.0-android/com.bannister.app-Signed.apk' (41,642,312)
2026-08-09 05:31:07: < Copy Over 'C:/rock/bannister/Bannister/bin/x64/Debug/net8.0-android/Bannister.pdb' -> 'goodrive://www.googleapis.com/:personal:/bannister/bannister/bin/x64/Debug/net8.0-android/Bannister.pdb' (1,432,572)
2026-08-09 05:31:10: Copy Over 'C:/rock/bannister/Bannister/bin/x64/Debug/net8.0-android/Bannister.xml' -> 'goodrive://www.googleapis.com/:personal:/bannister/bannister/bin/x64/Debug/net8.0-android/Bannister.xml' (223,133)
2026-08-09 05:31:10: > Copy Over 'C:/rock/bannister/Bannister/bin/x64/Debug/net8.0-android/com.bannister.app.apk' -> 'goodrive://www.googleapis.com/:personal:/bannister/bannister/bin/x64/Debug/net8.0-android/com.bannister.app.apk' (41,553,815)
2026-08-09 05:31:11: Copy Over 'C:/rock/bannister/Bannister/bin/x64/Debug/net8.0-android/com.bannister.app-Signed.apk.idsig' -> 'goodrive://www.googleapis.com/:personal:/bannister/bannister/bin/x64/Debug/net8.0-android/com.bannister.app-Signed.apk.idsig' (333,747)
2026-08-09 05:31:14: < Copy Over 'C:/rock/bannister/Bannister/bin/x64/Debug/net8.0-android/com.bannister.app-Signed.apk' -> 'goodrive://www.googleapis.com/:personal:/bannister/bannister/bin/x64/Debug/net8.0-android/com.bannister.app-Signed.apk' (41,642,312)
2026-08-09 05:31:15: Copy Over 'C:/rock/bannister/Bannister/bin/x64/Debug/net8.0-android/Microsoft.Maui.Controls.HotReload.Forms.dll' -> 'goodrive://www.googleapis.com/:personal:/bannister/bannister/bin/x64/Debug/net8.0-android/Microsoft.Maui.Controls.HotReload.Forms.dll' (276,280)
2026-08-09 05:31:17: Copy Over 'C:/rock/bannister/Bannister/bin/x64/Debug/net8.0-android/Microsoft.VisualStudio.DesignTools.MobileTapContracts.dll' -> 'goodrive://www.googleapis.com/:personal:/bannister/bannister/bin/x64/Debug/net8.0-android/Microsoft.VisualStudio.DesignTools.MobileTapContracts.dll' (56,120)
2026-08-09 05:31:17: < Copy Over 'C:/rock/bannister/Bannister/bin/x64/Debug/net8.0-android/com.bannister.app.apk' -> 'goodrive://www.googleapis.com/:personal:/bannister/bannister/bin/x64/Debug/net8.0-android/com.bannister.app.apk' (41,553,815)
2026-08-09 05:31:18: Copy Over 'C:/rock/bannister/Bannister/bin/x64/Debug/net8.0-android/Microsoft.VisualStudio.DesignTools.TapContract.dll' -> 'goodrive://www.googleapis.com/:personal:/bannister/bannister/bin/x64/Debug/net8.0-android/Microsoft.VisualStudio.DesignTools.TapContract.dll' (77,624)
2026-08-09 05:31:21: Copy Over 'C:/rock/bannister/Bannister/bin/x64/Debug/net8.0-android/Microsoft.VisualStudio.DesignTools.XamlTapContract.dll' -> 'goodrive://www.googleapis.com/:personal:/bannister/bannister/bin/x64/Debug/net8.0-android/Microsoft.VisualStudio.DesignTools.XamlTapContract.dll' (60,768)
2026-08-09 05:31:21: > Copy Over 'C:/rock/bannister/Bannister/bin/Debug/net8.0-android/com.bannister.app-Signed.apk' -> 'goodrive://www.googleapis.com/:personal:/bannister/bannister/bin/Debug/net8.0-android/com.bannister.app-Signed.apk' (65,861,082)
2026-08-09 05:31:21: Copy Over 'C:/rock/bannister/Bannister/bin/Debug/net8.0-android/Bannister.runtimeconfig.json' -> 'goodrive://www.googleapis.com/:personal:/bannister/bannister/bin/Debug/net8.0-android/Bannister.runtimeconfig.json' (1,423)
2026-08-09 05:31:22: Copy Over 'C:/rock/bannister/Bannister/bin/Debug/net8.0-android/Bannister.xml' -> 'goodrive://www.googleapis.com/:personal:/bannister/bannister/bin/Debug/net8.0-android/Bannister.xml' (223,122)
2026-08-09 05:31:22: > Copy Over 'C:/rock/bannister/Bannister/bin/Debug/net8.0-android/com.bannister.app.apk' -> 'goodrive://www.googleapis.com/:personal:/bannister/bannister/bin/Debug/net8.0-android/com.bannister.app.apk' (65,767,823)
2026-08-09 05:31:25: Copy Over 'C:/rock/bannister/Bannister/bin/Debug/net8.0-android/com.bannister.app-Signed.apk.idsig' -> 'goodrive://www.googleapis.com/:personal:/bannister/bannister/bin/Debug/net8.0-android/com.bannister.app-Signed.apk.idsig' (522,163)
2026-08-09 05:31:28: Copy Over 'C:/rock/bannister/Bannister/Services/BackupService.cs' -> 'goodrive://www.googleapis.com/:personal:/bannister/bannister/Services/BackupService.cs' (14,464)
2026-08-09 05:31:31: < Copy Over 'C:/rock/bannister/Bannister/bin/Debug/net8.0-android/com.bannister.app-Signed.apk' -> 'goodrive://www.googleapis.com/:personal:/bannister/bannister/bin/Debug/net8.0-android/com.bannister.app-Signed.apk' (65,861,082)
2026-08-09 05:31:32: < Copy Over 'C:/rock/bannister/Bannister/bin/Debug/net8.0-android/com.bannister.app.apk' -> 'goodrive://www.googleapis.com/:personal:/bannister/bannister/bin/Debug/net8.0-android/com.bannister.app.apk' (65,767,823)
2026-08-09 05:31:32: Copy Over 'C:/rock/bannister/Bannister/obj/.cache/com.bannister.app.flag' -> 'goodrive://www.googleapis.com/:personal:/bannister/bannister/obj/.cache/com.bannister.app.flag' (24)
2026-08-09 05:31:35: Copy Over 'C:/rock/bannister/Bannister/Services/StoryProductionService.cs' -> 'goodrive://www.googleapis.com/:personal:/bannister/bannister/Services/StoryProductionService.cs' (83,309)
2026-08-09 05:31:35: Copy Over 'C:/rock/bannister/Bannister/obj/Bannister.csproj.nuget.dgspec.json' -> 'goodrive://www.googleapis.com/:personal:/bannister/bannister/obj/Bannister.csproj.nuget.dgspec.json' (7,363)
2026-08-09 05:31:35: Copy Over 'C:/rock/bannister/Bannister/obj/Bannister.csproj.nuget.g.props' -> 'goodrive://www.googleapis.com/:personal:/bannister/bannister/obj/Bannister.csproj.nuget.g.props' (5,006)
2026-08-09 05:31:38: Copy Over 'C:/rock/bannister/Bannister/obj/Debug/net8.0-android/android/AndroidManifest.xml' -> 'goodrive://www.googleapis.com/:personal:/bannister/bannister/obj/Debug/net8.0-android/android/AndroidManifest.xml' (4,706)
2026-08-09 05:31:39: Copy Over 'C:/rock/bannister/Bannister/obj/project.nuget.cache' -> 'goodrive://www.googleapis.com/:personal:/bannister/bannister/obj/project.nuget.cache' (27,012)
2026-08-09 05:31:39: > Copy Over 'C:/rock/bannister/Bannister/obj/x64/Debug/net8.0-android/android/assets/Bannister.dll' -> 'goodrive://www.googleapis.com/:personal:/bannister/bannister/obj/x64/Debug/net8.0-android/android/assets/Bannister.dll' (6,656,512)
2026-08-09 05:31:39: Copy Over 'C:/rock/bannister/Bannister/obj/x64/Debug/net8.0-windows10.0.19041.0/apphost.exe' -> 'goodrive://www.googleapis.com/:personal:/bannister/bannister/obj/x64/Debug/net8.0-windows10.0.19041.0/apphost.exe' (153,088)
2026-08-09 05:31:39: > Copy Over 'C:/rock/bannister/Bannister/obj/x64/Debug/net8.0-android/android/bin/classes.dex' -> 'goodrive://www.googleapis.com/:personal:/bannister/bannister/obj/x64/Debug/net8.0-android/android/bin/classes.dex' (8,171,880)
2026-08-09 05:31:42: Copy Over 'C:/rock/bannister/Bannister/obj/x64/Debug/net8.0-android/android/AndroidManifest.xml' -> 'goodrive://www.googleapis.com/:personal:/bannister/bannister/obj/x64/Debug/net8.0-android/android/AndroidManifest.xml' (4,706)
2026-08-09 05:31:44: < Copy Over 'C:/rock/bannister/Bannister/obj/x64/Debug/net8.0-android/android/assets/Bannister.dll' -> 'goodrive://www.googleapis.com/:personal:/bannister/bannister/obj/x64/Debug/net8.0-android/android/assets/Bannister.dll' (6,656,512)
2026-08-09 05:31:44: < Copy Over 'C:/rock/bannister/Bannister/obj/x64/Debug/net8.0-android/android/bin/classes.dex' -> 'goodrive://www.googleapis.com/:personal:/bannister/bannister/obj/x64/Debug/net8.0-android/android/bin/classes.dex' (8,171,880)
2026-08-09 05:31:46: Copy Over 'C:/rock/bannister/Bannister/obj/x64/Debug/net8.0-android/android/bin/classes/androidx/activity/ktx/R.class' -> 'goodrive://www.googleapis.com/:personal:/bannister/bannister/obj/x64/Debug/net8.0-android/android/bin/classes/androidx/activity/ktx/R.class' (198)
2026-08-09 05:31:47: Copy Over 'C:/rock/bannister/Bannister/obj/x64/Debug/net8.0-android/android/bin/classes/com/bannister/app/R$anim.class' -> 'goodrive://www.googleapis.com/:personal:/bannister/bannister/obj/x64/Debug/net8.0-android/android/bin/classes/com/bannister/app/R$anim.class' (2,906)
2026-08-09 05:31:48: Copy Over 'C:/rock/bannister/Bannister/obj/x64/Debug/net8.0-android/android/bin/classes/com/bannister/app/R$animator.class' -> 'goodrive://www.googleapis.com/:personal:/bannister/bannister/obj/x64/Debug/net8.0-android/android/bin/classes/com/bannister/app/R$animator.class' (2,331)
2026-08-09 05:31:50: Copy Over 'C:/rock/bannister/Bannister/obj/x64/Debug/net8.0-android/android/bin/classes/com/bannister/app/R$attr.class' -> 'goodrive://www.googleapis.com/:personal:/bannister/bannister/obj/x64/Debug/net8.0-android/android/bin/classes/com/bannister/app/R$attr.class' (54,839)
2026-08-09 05:31:50: Copy Over 'C:/rock/bannister/Bannister/obj/x64/Debug/net8.0-android/android/bin/classes/com/bannister/app/R$bool.class' -> 'goodrive://www.googleapis.com/:personal:/bannister/bannister/obj/x64/Debug/net8.0-android/android/bin/classes/com/bannister/app/R$bool.class' (443)
2026-08-09 05:31:52: Copy Over 'C:/rock/bannister/Bannister/obj/x64/Debug/net8.0-android/android/bin/classes/com/bannister/app/R$color.class' -> 'goodrive://www.googleapis.com/:personal:/bannister/bannister/obj/x64/Debug/net8.0-android/android/bin/classes/com/bannister/app/R$color.class' (42,362)
2026-08-09 05:31:53: Copy Over 'C:/rock/bannister/Bannister/obj/x64/Debug/net8.0-android/android/bin/classes/com/bannister/app/R$dimen.class' -> 'goodrive://www.googleapis.com/:personal:/bannister/bannister/obj/x64/Debug/net8.0-android/android/bin/classes/com/bannister/app/R$dimen.class' (46,419)
2026-08-09 05:31:53: Copy Over 'C:/rock/bannister/Bannister/obj/x64/Debug/net8.0-android/android/bin/classes/com/bannister/app/R$drawable.class' -> 'goodrive://www.googleapis.com/:personal:/bannister/bannister/obj/x64/Debug/net8.0-android/android/bin/classes/com/bannister/app/R$drawable.class' (10,686)
2026-08-09 05:31:56: Copy Over 'C:/rock/bannister/Bannister/obj/x64/Debug/net8.0-android/android/bin/classes/com/bannister/app/R$id.class' -> 'goodrive://www.googleapis.com/:personal:/bannister/bannister/obj/x64/Debug/net8.0-android/android/bin/classes/com/bannister/app/R$id.class' (20,962)
2026-08-09 05:31:56: Copy Over 'C:/rock/bannister/Bannister/obj/x64/Debug/net8.0-android/android/bin/classes/com/bannister/app/R$integer.class' -> 'goodrive://www.googleapis.com/:personal:/bannister/bannister/obj/x64/Debug/net8.0-android/android/bin/classes/com/bannister/app/R$integer.class' (3,932)
2026-08-09 05:31:57: Copy Over 'C:/rock/bannister/Bannister/obj/x64/Debug/net8.0-android/android/bin/classes/com/bannister/app/R$interpolator.class' -> 'goodrive://www.googleapis.com/:personal:/bannister/bannister/obj/x64/Debug/net8.0-android/android/bin/classes/com/bannister/app/R$interpolator.class' (1,370)
2026-08-09 05:31:59: Copy Over 'C:/rock/bannister/Bannister/obj/x64/Debug/net8.0-android/android/bin/classes/com/bannister/app/R$layout.class' -> 'goodrive://www.googleapis.com/:personal:/bannister/bannister/obj/x64/Debug/net8.0-android/android/bin/classes/com/bannister/app/R$layout.class' (5,883)
2026-08-09 05:32:00: Copy Over 'C:/rock/bannister/Bannister/obj/x64/Debug/net8.0-android/android/bin/classes/com/bannister/app/R$mipmap.class' -> 'goodrive://www.googleapis.com/:personal:/bannister/bannister/obj/x64/Debug/net8.0-android/android/bin/classes/com/bannister/app/R$mipmap.class' (438)
2026-08-09 05:32:01: Copy Over 'C:/rock/bannister/Bannister/obj/x64/Debug/net8.0-android/android/bin/classes/com/bannister/app/R$plurals.class' -> 'goodrive://www.googleapis.com/:personal:/bannister/bannister/obj/x64/Debug/net8.0-android/android/bin/classes/com/bannister/app/R$plurals.class' (342)
2026-08-09 05:32:02: Copy Over 'C:/rock/bannister/Bannister/obj/x64/Debug/net8.0-android/android/bin/classes/com/bannister/app/R$string.class' -> 'goodrive://www.googleapis.com/:personal:/bannister/bannister/obj/x64/Debug/net8.0-android/android/bin/classes/com/bannister/app/R$string.class' (9,918)
2026-08-09 05:32:04: Copy Over 'C:/rock/bannister/Bannister/obj/x64/Debug/net8.0-android/android/bin/classes/com/bannister/app/R$style.class' -> 'goodrive://www.googleapis.com/:personal:/bannister/bannister/obj/x64/Debug/net8.0-android/android/bin/classes/com/bannister/app/R$style.class' (73,620)
2026-08-09 05:32:05: Copy Over 'C:/rock/bannister/Bannister/obj/x64/Debug/net8.0-android/android/bin/classes/com/bannister/app/R$styleable.class' -> 'goodrive://www.googleapis.com/:personal:/bannister/bannister/obj/x64/Debug/net8.0-android/android/bin/classes/com/bannister/app/R$styleable.class' (130,989)
2026-08-09 05:32:05: Copy Over 'C:/rock/bannister/Bannister/obj/x64/Debug/net8.0-android/android/bin/classes/com/bannister/app/R$xml.class' -> 'goodrive://www.googleapis.com/:personal:/bannister/bannister/obj/x64/Debug/net8.0-android/android/bin/classes/com/bannister/app/R$xml.class' (398)
2026-08-09 05:32:08: Copy Over 'C:/rock/bannister/Bannister/obj/x64/Debug/net8.0-android/android/bin/classes/com/bannister/app/R.class' -> 'goodrive://www.googleapis.com/:personal:/bannister/bannister/obj/x64/Debug/net8.0-android/android/bin/classes/com/bannister/app/R.class' (1,048)
2026-08-09 05:32:08: Copy Over 'C:/rock/bannister/Bannister/obj/x64/Debug/net8.0-android/android/bin/classes/androidx/activity/R$id.class' -> 'goodrive://www.googleapis.com/:personal:/bannister/bannister/obj/x64/Debug/net8.0-android/android/bin/classes/androidx/activity/R$id.class' (380)
2026-08-09 05:32:09: Copy Over 'C:/rock/bannister/Bannister/obj/x64/Debug/net8.0-android/android/bin/classes/androidx/activity/R.class' -> 'goodrive://www.googleapis.com/:personal:/bannister/bannister/obj/x64/Debug/net8.0-android/android/bin/classes/androidx/activity/R.class' (258)
2026-08-09 05:32:11: Copy Over 'C:/rock/bannister/Bannister/obj/x64/Debug/net8.0-android/android/bin/classes/com/bumptech/glide/gifdecoder/R.class' -> 'goodrive://www.googleapis.com/:personal:/bannister/bannister/obj/x64/Debug/net8.0-android/android/bin/classes/com/bumptech/glide/gifdecoder/R.class' (206)
2026-08-09 05:32:12: Copy Over 'C:/rock/bannister/Bannister/obj/x64/Debug/net8.0-android/android/bin/classes/com/google/android/material/R$anim.class' -> 'goodrive://www.googleapis.com/:personal:/bannister/bannister/obj/x64/Debug/net8.0-android/android/bin/classes/com/google/android/material/R$anim.class' (2,592)
2026-08-09 05:32:12: Copy Over 'C:/rock/bannister/Bannister/obj/x64/Debug/net8.0-android/android/bin/classes/com/google/android/material/R$animator.class' -> 'goodrive://www.googleapis.com/:personal:/bannister/bannister/obj/x64/Debug/net8.0-android/android/bin/classes/com/google/android/material/R$animator.class' (2,161)
2026-08-09 05:32:15: Copy Over 'C:/rock/bannister/Bannister/obj/x64/Debug/net8.0-android/android/bin/classes/com/google/android/material/R$bool.class' -> 'goodrive://www.googleapis.com/:personal:/bannister/bannister/obj/x64/Debug/net8.0-android/android/bin/classes/com/google/android/material/R$bool.class' (463)
2026-08-09 05:32:15: Copy Over 'C:/rock/bannister/Bannister/obj/x64/Debug/net8.0-android/android/bin/classes/com/google/android/material/R$color.class' -> 'goodrive://www.googleapis.com/:personal:/bannister/bannister/obj/x64/Debug/net8.0-android/android/bin/classes/com/google/android/material/R$color.class' (41,872)
2026-08-09 05:32:15: Copy Over 'C:/rock/bannister/Bannister/obj/x64/Debug/net8.0-android/android/bin/classes/com/google/android/material/R$attr.class' -> 'goodrive://www.googleapis.com/:personal:/bannister/bannister/obj/x64/Debug/net8.0-android/android/bin/classes/com/google/android/material/R$attr.class' (49,187)
2026-08-09 05:32:18: Copy Over 'C:/rock/bannister/Bannister/obj/x64/Debug/net8.0-android/android/bin/classes/com/google/android/material/R$dimen.class' -> 'goodrive://www.googleapis.com/:personal:/bannister/bannister/obj/x64/Debug/net8.0-android/android/bin/classes/com/google/android/material/R$dimen.class' (46,259)
2026-08-09 05:32:19: Copy Over 'C:/rock/bannister/Bannister/obj/x64/Debug/net8.0-android/android/bin/classes/com/google/android/material/R$drawable.class' -> 'goodrive://www.googleapis.com/:personal:/bannister/bannister/obj/x64/Debug/net8.0-android/android/bin/classes/com/google/android/material/R$drawable.class' (9,708)
2026-08-09 05:32:19: Copy Over 'C:/rock/bannister/Bannister/obj/x64/Debug/net8.0-android/android/bin/classes/com/google/android/material/R$id.class' -> 'goodrive://www.googleapis.com/:personal:/bannister/bannister/obj/x64/Debug/net8.0-android/android/bin/classes/com/google/android/material/R$id.class' (16,168)
2026-08-09 05:32:22: Copy Over 'C:/rock/bannister/Bannister/obj/x64/Debug/net8.0-android/android/bin/classes/com/google/android/material/R$interpolator.class' -> 'goodrive://www.googleapis.com/:personal:/bannister/bannister/obj/x64/Debug/net8.0-android/android/bin/classes/com/google/android/material/R$interpolator.class' (1,390)
2026-08-09 05:32:22: Copy Over 'C:/rock/bannister/Bannister/obj/x64/Debug/net8.0-android/android/bin/classes/com/google/android/material/R$integer.class' -> 'goodrive://www.googleapis.com/:personal:/bannister/bannister/obj/x64/Debug/net8.0-android/android/bin/classes/com/google/android/material/R$integer.class' (3,910)
2026-08-09 05:32:22: Copy Over 'C:/rock/bannister/Bannister/obj/x64/Debug/net8.0-android/android/bin/classes/com/google/android/material/R$layout.class' -> 'goodrive://www.googleapis.com/:personal:/bannister/bannister/obj/x64/Debug/net8.0-android/android/bin/classes/com/google/android/material/R$layout.class' (5,537)
2026-08-09 05:32:25: Copy Over 'C:/rock/bannister/Bannister/obj/x64/Debug/net8.0-android/android/bin/classes/com/google/android/material/R$plurals.class' -> 'goodrive://www.googleapis.com/:personal:/bannister/bannister/obj/x64/Debug/net8.0-android/android/bin/classes/com/google/android/material/R$plurals.class' (362)
2026-08-09 05:32:26: Copy Over 'C:/rock/bannister/Bannister/obj/x64/Debug/net8.0-android/android/bin/classes/com/google/android/material/R$style.class' -> 'goodrive://www.googleapis.com/:personal:/bannister/bannister/obj/x64/Debug/net8.0-android/android/bin/classes/com/google/android/material/R$style.class' (73,038)
2026-08-09 05:32:26: Copy Over 'C:/rock/bannister/Bannister/obj/x64/Debug/net8.0-android/android/bin/classes/com/google/android/material/R$string.class' -> 'goodrive://www.googleapis.com/:personal:/bannister/bannister/obj/x64/Debug/net8.0-android/android/bin/classes/com/google/android/material/R$string.class' (9,069)
2026-08-09 05:32:29: Copy Over 'C:/rock/bannister/Bannister/obj/x64/Debug/net8.0-android/android/bin/classes/com/google/android/material/R$styleable.class' -> 'goodrive://www.googleapis.com/:personal:/bannister/bannister/obj/x64/Debug/net8.0-android/android/bin/classes/com/google/android/material/R$styleable.class' (109,039)
2026-08-09 05:32:29: Copy Over 'C:/rock/bannister/Bannister/obj/x64/Debug/net8.0-android/android/bin/classes/com/google/android/material/R.class' -> 'goodrive://www.googleapis.com/:personal:/bannister/bannister/obj/x64/Debug/net8.0-android/android/bin/classes/com/google/android/material/R.class' (1,116)
2026-08-09 05:32:29: Copy Over 'C:/rock/bannister/Bannister/obj/x64/Debug/net8.0-android/android/bin/classes/com/bumptech/glide/R$anim.class' -> 'goodrive://www.googleapis.com/:personal:/bannister/bannister/obj/x64/Debug/net8.0-android/android/bin/classes/com/bumptech/glide/R$anim.class' (1,681)
2026-08-09 05:32:32: Copy Over 'C:/rock/bannister/Bannister/obj/x64/Debug/net8.0-android/android/bin/classes/com/google/android/material/snackbar/Snackbar_SnackbarActionClickImplementor.class' -> 'goodrive://www.googleapis.com/:personal:/bannister/bannister/obj/x64/Debug/net8.0-android/android/bin/classes/com/google/android/material/snackbar/Snackbar_SnackbarActionClickImplementor.class' (1,698)
2026-08-09 05:32:32: Copy Over 'C:/rock/bannister/Bannister/obj/x64/Debug/net8.0-android/android/bin/classes/com/bumptech/glide/R$animator.class' -> 'goodrive://www.googleapis.com/:personal:/bannister/bannister/obj/x64/Debug/net8.0-android/android/bin/classes/com/bumptech/glide/R$animator.class' (549)
2026-08-09 05:32:33: Copy Over 'C:/rock/bannister/Bannister/obj/x64/Debug/net8.0-android/android/bin/classes/com/bumptech/glide/R$attr.class' -> 'goodrive://www.googleapis.com/:personal:/bannister/bannister/obj/x64/Debug/net8.0-android/android/bin/classes/com/bumptech/glide/R$attr.class' (11,893)
2026-08-09 05:32:36: Copy Over 'C:/rock/bannister/Bannister/obj/x64/Debug/net8.0-android/android/bin/classes/com/bumptech/glide/R$bool.class' -> 'goodrive://www.googleapis.com/:personal:/bannister/bannister/obj/x64/Debug/net8.0-android/android/bin/classes/com/bumptech/glide/R$bool.class' (389)
2026-08-09 05:32:36: Copy Over 'C:/rock/bannister/Bannister/obj/x64/Debug/net8.0-android/android/bin/classes/com/bumptech/glide/R$dimen.class' -> 'goodrive://www.googleapis.com/:personal:/bannister/bannister/obj/x64/Debug/net8.0-android/android/bin/classes/com/bumptech/glide/R$dimen.class' (7,012)
2026-08-09 05:32:36: Copy Over 'C:/rock/bannister/Bannister/obj/x64/Debug/net8.0-android/android/bin/classes/com/bumptech/glide/R$color.class' -> 'goodrive://www.googleapis.com/:personal:/bannister/bannister/obj/x64/Debug/net8.0-android/android/bin/classes/com/bumptech/glide/R$color.class' (4,868)
2026-08-09 05:32:39: Copy Over 'C:/rock/bannister/Bannister/obj/x64/Debug/net8.0-android/android/bin/classes/com/bumptech/glide/R$drawable.class' -> 'goodrive://www.googleapis.com/:personal:/bannister/bannister/obj/x64/Debug/net8.0-android/android/bin/classes/com/bumptech/glide/R$drawable.class' (5,651)
2026-08-09 05:32:39: Copy Over 'C:/rock/bannister/Bannister/obj/x64/Debug/net8.0-android/android/bin/classes/com/bumptech/glide/R$integer.class' -> 'goodrive://www.googleapis.com/:personal:/bannister/bannister/obj/x64/Debug/net8.0-android/android/bin/classes/com/bumptech/glide/R$integer.class' (548)
2026-08-09 05:32:39: Copy Over 'C:/rock/bannister/Bannister/obj/x64/Debug/net8.0-android/android/bin/classes/com/bumptech/glide/R$id.class' -> 'goodrive://www.googleapis.com/:personal:/bannister/bannister/obj/x64/Debug/net8.0-android/android/bin/classes/com/bumptech/glide/R$id.class' (6,760)
2026-08-09 05:32:42: Copy Over 'C:/rock/bannister/Bannister/obj/x64/Debug/net8.0-android/android/bin/classes/com/bumptech/glide/R$interpolator.class' -> 'goodrive://www.googleapis.com/:personal:/bannister/bannister/obj/x64/Debug/net8.0-android/android/bin/classes/com/bumptech/glide/R$interpolator.class' (779)
2026-08-09 05:32:43: Copy Over 'C:/rock/bannister/Bannister/obj/x64/Debug/net8.0-android/android/bin/classes/com/bumptech/glide/R$layout.class' -> 'goodrive://www.googleapis.com/:personal:/bannister/bannister/obj/x64/Debug/net8.0-android/android/bin/classes/com/bumptech/glide/R$layout.class' (2,280)
2026-08-09 05:32:43: Copy Over 'C:/rock/bannister/Bannister/obj/x64/Debug/net8.0-android/android/bin/classes/com/bumptech/glide/R$string.class' -> 'goodrive://www.googleapis.com/:personal:/bannister/bannister/obj/x64/Debug/net8.0-android/android/bin/classes/com/bumptech/glide/R$string.class' (1,832)
2026-08-09 05:32:46: Copy Over 'C:/rock/bannister/Bannister/obj/x64/Debug/net8.0-android/android/bin/classes/com/bumptech/glide/R$styleable.class' -> 'goodrive://www.googleapis.com/:personal:/bannister/bannister/obj/x64/Debug/net8.0-android/android/bin/classes/com/bumptech/glide/R$styleable.class' (29,637)
2026-08-09 05:32:46: Copy Over 'C:/rock/bannister/Bannister/obj/x64/Debug/net8.0-android/android/bin/classes/com/bumptech/glide/R.class' -> 'goodrive://www.googleapis.com/:personal:/bannister/bannister/obj/x64/Debug/net8.0-android/android/bin/classes/com/bumptech/glide/R.class' (920)
2026-08-09 05:32:46: Copy Over 'C:/rock/bannister/Bannister/obj/x64/Debug/net8.0-android/android/bin/classes/com/bumptech/glide/R$style.class' -> 'goodrive://www.googleapis.com/:personal:/bannister/bannister/obj/x64/Debug/net8.0-android/android/bin/classes/com/bumptech/glide/R$style.class' (21,850)
2026-08-09 05:32:49: Copy Over 'C:/rock/bannister/Bannister/obj/x64/Debug/net8.0-android/android/bin/classes/androidx/annotation/experimental/R.class' -> 'goodrive://www.googleapis.com/:personal:/bannister/bannister/obj/x64/Debug/net8.0-android/android/bin/classes/androidx/annotation/experimental/R.class' (209)
2026-08-09 05:32:49: Copy Over 'C:/rock/bannister/Bannister/obj/x64/Debug/net8.0-android/android/bin/classes/com/microsoft/maui/R$animator.class' -> 'goodrive://www.googleapis.com/:personal:/bannister/bannister/obj/x64/Debug/net8.0-android/android/bin/classes/com/microsoft/maui/R$animator.class' (2,143)
2026-08-09 05:32:50: Copy Over 'C:/rock/bannister/Bannister/obj/x64/Debug/net8.0-android/android/bin/classes/com/microsoft/maui/R$anim.class' -> 'goodrive://www.googleapis.com/:personal:/bannister/bannister/obj/x64/Debug/net8.0-android/android/bin/classes/com/microsoft/maui/R$anim.class' (2,574)
2026-08-09 05:32:53: Copy Over 'C:/rock/bannister/Bannister/obj/x64/Debug/net8.0-android/android/bin/classes/com/microsoft/maui/R$attr.class' -> 'goodrive://www.googleapis.com/:personal:/bannister/bannister/obj/x64/Debug/net8.0-android/android/bin/classes/com/microsoft/maui/R$attr.class' (50,072)
2026-08-09 05:32:53: Copy Over 'C:/rock/bannister/Bannister/obj/x64/Debug/net8.0-android/android/bin/classes/com/microsoft/maui/R$color.class' -> 'goodrive://www.googleapis.com/:personal:/bannister/bannister/obj/x64/Debug/net8.0-android/android/bin/classes/com/microsoft/maui/R$color.class' (41,854)
2026-08-09 05:32:53: Copy Over 'C:/rock/bannister/Bannister/obj/x64/Debug/net8.0-android/android/bin/classes/com/microsoft/maui/R$bool.class' -> 'goodrive://www.googleapis.com/:personal:/bannister/bannister/obj/x64/Debug/net8.0-android/android/bin/classes/com/microsoft/maui/R$bool.class' (445)
2026-08-09 05:32:56: Copy Over 'C:/rock/bannister/Bannister/obj/x64/Debug/net8.0-android/android/bin/classes/com/microsoft/maui/R$dimen.class' -> 'goodrive://www.googleapis.com/:personal:/bannister/bannister/obj/x64/Debug/net8.0-android/android/bin/classes/com/microsoft/maui/R$dimen.class' (46,241)
2026-08-09 05:32:57: Copy Over 'C:/rock/bannister/Bannister/obj/x64/Debug/net8.0-android/android/bin/classes/com/microsoft/maui/R$id.class' -> 'goodrive://www.googleapis.com/:personal:/bannister/bannister/obj/x64/Debug/net8.0-android/android/bin/classes/com/microsoft/maui/R$id.class' (16,574)
2026-08-09 05:32:57: Copy Over 'C:/rock/bannister/Bannister/obj/x64/Debug/net8.0-android/android/bin/classes/com/microsoft/maui/R$drawable.class' -> 'goodrive://www.googleapis.com/:personal:/bannister/bannister/obj/x64/Debug/net8.0-android/android/bin/classes/com/microsoft/maui/R$drawable.class' (9,690)
2026-08-09 05:33:00: Copy Over 'C:/rock/bannister/Bannister/obj/x64/Debug/net8.0-android/android/bin/classes/com/microsoft/maui/R$integer.class' -> 'goodrive://www.googleapis.com/:personal:/bannister/bannister/obj/x64/Debug/net8.0-android/android/bin/classes/com/microsoft/maui/R$integer.class' (3,892)
2026-08-09 05:33:00: Copy Over 'C:/rock/bannister/Bannister/obj/x64/Debug/net8.0-android/android/bin/classes/com/microsoft/maui/R$interpolator.class' -> 'goodrive://www.googleapis.com/:personal:/bannister/bannister/obj/x64/Debug/net8.0-android/android/bin/classes/com/microsoft/maui/R$interpolator.class' (1,372)
2026-08-09 05:33:00: Copy Over 'C:/rock/bannister/Bannister/obj/x64/Debug/net8.0-android/android/bin/classes/com/microsoft/maui/R$layout.class' -> 'goodrive://www.googleapis.com/:personal:/bannister/bannister/obj/x64/Debug/net8.0-android/android/bin/classes/com/microsoft/maui/R$layout.class' (5,519)
2026-08-09 05:33:03: Copy Over 'C:/rock/bannister/Bannister/obj/x64/Debug/net8.0-android/android/bin/classes/com/microsoft/maui/R$plurals.class' -> 'goodrive://www.googleapis.com/:personal:/bannister/bannister/obj/x64/Debug/net8.0-android/android/bin/classes/com/microsoft/maui/R$plurals.class' (344)
2026-08-09 05:33:03: Copy Over 'C:/rock/bannister/Bannister/obj/x64/Debug/net8.0-android/android/bin/classes/com/microsoft/maui/R$string.class' -> 'goodrive://www.googleapis.com/:personal:/bannister/bannister/obj/x64/Debug/net8.0-android/android/bin/classes/com/microsoft/maui/R$string.class' (9,092)
2026-08-09 05:33:03: Copy Over 'C:/rock/bannister/Bannister/obj/x64/Debug/net8.0-android/android/bin/classes/com/microsoft/maui/R$style.class' -> 'goodrive://www.googleapis.com/:personal:/bannister/bannister/obj/x64/Debug/net8.0-android/android/bin/classes/com/microsoft/maui/R$style.class' (73,020)
2026-08-09 05:33:06: Copy Over 'C:/rock/bannister/Bannister/obj/x64/Debug/net8.0-android/android/bin/classes/com/microsoft/maui/R$styleable.class' -> 'goodrive://www.googleapis.com/:personal:/bannister/bannister/obj/x64/Debug/net8.0-android/android/bin/classes/com/microsoft/maui/R$styleable.class' (111,244)
2026-08-09 05:33:06: Copy Over 'C:/rock/bannister/Bannister/obj/x64/Debug/net8.0-android/android/bin/classes/com/microsoft/maui/R.class' -> 'goodrive://www.googleapis.com/:personal:/bannister/bannister/obj/x64/Debug/net8.0-android/android/bin/classes/com/microsoft/maui/R.class' (972)
2026-08-09 05:33:07: Copy Over 'C:/rock/bannister/Bannister/obj/x64/Debug/net8.0-android/android/bin/classes/androidx/appcompat/app/AlertDialog_IDialogInterfaceOnCancelListenerImplementor.class' -> 'goodrive://www.googleapis.com/:personal:/bannister/bannister/obj/x64/Debug/net8.0-android/android/bin/classes/androidx/appcompat/app/AlertDialog_IDialogInterfaceOnCancelListenerImplementor.class' (1,806)
2026-08-09 05:33:10: Copy Over 'C:/rock/bannister/Bannister/obj/x64/Debug/net8.0-android/android/bin/classes/androidx/arch/core/R.class' -> 'goodrive://www.googleapis.com/:personal:/bannister/bannister/obj/x64/Debug/net8.0-android/android/bin/classes/androidx/arch/core/R.class' (195)
2026-08-09 05:33:10: Copy Over 'C:/rock/bannister/Bannister/obj/x64/Debug/net8.0-android/android/bin/classes/androidx/appcompat/app/AlertDialog_IDialogInterfaceOnMultiChoiceClickListenerImplementor.class' -> 'goodrive://www.googleapis.com/:personal:/bannister/bannister/obj/x64/Debug/net8.0-android/android/bin/classes/androidx/appcompat/app/AlertDialog_IDialogInterfaceOnMultiChoiceClickListenerImplementor.class' (1,870)
2026-08-09 05:33:11: Copy Over 'C:/rock/bannister/Bannister/obj/x64/Debug/net8.0-android/android/bin/classes/androidx/appcompat/app/AlertDialog_IDialogInterfaceOnClickListenerImplementor.class' -> 'goodrive://www.googleapis.com/:personal:/bannister/bannister/obj/x64/Debug/net8.0-android/android/bin/classes/androidx/appcompat/app/AlertDialog_IDialogInterfaceOnClickListenerImplementor.class' (1,800)
2026-08-09 05:33:13: Copy Over 'C:/rock/bannister/Bannister/obj/x64/Debug/net8.0-android/android/bin/classes/androidx/appcompat/R$anim.class' -> 'goodrive://www.googleapis.com/:personal:/bannister/bannister/obj/x64/Debug/net8.0-android/android/bin/classes/androidx/appcompat/R$anim.class' (1,626)
2026-08-09 05:33:13: Copy Over 'C:/rock/bannister/Bannister/obj/x64/Debug/net8.0-android/android/bin/classes/androidx/appcompat/R$attr.class' -> 'goodrive://www.googleapis.com/:personal:/bannister/bannister/obj/x64/Debug/net8.0-android/android/bin/classes/androidx/appcompat/R$attr.class' (11,577)
2026-08-09 05:33:14: Copy Over 'C:/rock/bannister/Bannister/obj/x64/Debug/net8.0-android/android/bin/classes/androidx/appcompat/R$bool.class' -> 'goodrive://www.googleapis.com/:personal:/bannister/bannister/obj/x64/Debug/net8.0-android/android/bin/classes/androidx/appcompat/R$bool.class' (389)
2026-08-09 05:33:16: Copy Over 'C:/rock/bannister/Bannister/obj/x64/Debug/net8.0-android/android/bin/classes/androidx/appcompat/R$color.class' -> 'goodrive://www.googleapis.com/:personal:/bannister/bannister/obj/x64/Debug/net8.0-android/android/bin/classes/androidx/appcompat/R$color.class' (4,628)
2026-08-09 05:33:17: Copy Over 'C:/rock/bannister/Bannister/obj/x64/Debug/net8.0-android/android/bin/classes/androidx/appcompat/R$dimen.class' -> 'goodrive://www.googleapis.com/:personal:/bannister/bannister/obj/x64/Debug/net8.0-android/android/bin/classes/androidx/appcompat/R$dimen.class' (5,751)
2026-08-09 05:33:18: Copy Over 'C:/rock/bannister/Bannister/obj/x64/Debug/net8.0-android/android/bin/classes/androidx/appcompat/R$drawable.class' -> 'goodrive://www.googleapis.com/:personal:/bannister/bannister/obj/x64/Debug/net8.0-android/android/bin/classes/androidx/appcompat/R$drawable.class' (5,055)
2026-08-09 05:33:20: Copy Over 'C:/rock/bannister/Bannister/obj/x64/Debug/net8.0-android/android/bin/classes/androidx/appcompat/R$integer.class' -> 'goodrive://www.googleapis.com/:personal:/bannister/bannister/obj/x64/Debug/net8.0-android/android/bin/classes/androidx/appcompat/R$integer.class' (489)
2026-08-09 05:33:20: Copy Over 'C:/rock/bannister/Bannister/obj/x64/Debug/net8.0-android/android/bin/classes/androidx/appcompat/R$id.class' -> 'goodrive://www.googleapis.com/:personal:/bannister/bannister/obj/x64/Debug/net8.0-android/android/bin/classes/androidx/appcompat/R$id.class' (3,121)
2026-08-09 05:33:21: Copy Over 'C:/rock/bannister/Bannister/obj/x64/Debug/net8.0-android/android/bin/classes/androidx/appcompat/R$interpolator.class' -> 'goodrive://www.googleapis.com/:personal:/bannister/bannister/obj/x64/Debug/net8.0-android/android/bin/classes/androidx/appcompat/R$interpolator.class' (779)
2026-08-09 05:33:24: Copy Over 'C:/rock/bannister/Bannister/obj/x64/Debug/net8.0-android/android/bin/classes/androidx/appcompat/R$style.class' -> 'goodrive://www.googleapis.com/:personal:/bannister/bannister/obj/x64/Debug/net8.0-android/android/bin/classes/androidx/appcompat/R$style.class' (21,413)
2026-08-09 05:33:24: Copy Over 'C:/rock/bannister/Bannister/obj/x64/Debug/net8.0-android/android/bin/classes/androidx/appcompat/R$layout.class' -> 'goodrive://www.googleapis.com/:personal:/bannister/bannister/obj/x64/Debug/net8.0-android/android/bin/classes/androidx/appcompat/R$layout.class' (1,918)
2026-08-09 05:33:24: Copy Over 'C:/rock/bannister/Bannister/obj/x64/Debug/net8.0-android/android/bin/classes/androidx/appcompat/R$string.class' -> 'goodrive://www.googleapis.com/:personal:/bannister/bannister/obj/x64/Debug/net8.0-android/android/bin/classes/androidx/appcompat/R$string.class' (1,771)
2026-08-09 05:33:27: Copy Over 'C:/rock/bannister/Bannister/obj/x64/Debug/net8.0-android/android/bin/classes/androidx/appcompat/R.class' -> 'goodrive://www.googleapis.com/:personal:/bannister/bannister/obj/x64/Debug/net8.0-android/android/bin/classes/androidx/appcompat/R.class' (866)
2026-08-09 05:33:27: Copy Over 'C:/rock/bannister/Bannister/obj/x64/Debug/net8.0-android/android/bin/classes/androidx/appcompat/R$styleable.class' -> 'goodrive://www.googleapis.com/:personal:/bannister/bannister/obj/x64/Debug/net8.0-android/android/bin/classes/androidx/appcompat/R$styleable.class' (25,717)
2026-08-09 05:33:27: Copy Over 'C:/rock/bannister/Bannister/obj/x64/Debug/net8.0-android/android/bin/classes/androidx/appcompat/resources/R$drawable.class' -> 'goodrive://www.googleapis.com/:personal:/bannister/bannister/obj/x64/Debug/net8.0-android/android/bin/classes/androidx/appcompat/resources/R$drawable.class' (351)
2026-08-09 05:33:30: Copy Over 'C:/rock/bannister/Bannister/obj/x64/Debug/net8.0-android/android/bin/classes/androidx/appcompat/resources/R$styleable.class' -> 'goodrive://www.googleapis.com/:personal:/bannister/bannister/obj/x64/Debug/net8.0-android/android/bin/classes/androidx/appcompat/resources/R$styleable.class' (2,066)
2026-08-09 05:33:31: Copy Over 'C:/rock/bannister/Bannister/obj/x64/Debug/net8.0-android/android/bin/classes/androidx/appcompat/resources/R.class' -> 'goodrive://www.googleapis.com/:personal:/bannister/bannister/obj/x64/Debug/net8.0-android/android/bin/classes/androidx/appcompat/resources/R.class' (358)
2026-08-09 05:33:31: Copy Over 'C:/rock/bannister/Bannister/obj/x64/Debug/net8.0-android/android/bin/classes/androidx/appcompat/widget/Toolbar_NavigationOnClickEventDispatcher.class' -> 'goodrive://www.googleapis.com/:personal:/bannister/bannister/obj/x64/Debug/net8.0-android/android/bin/classes/androidx/appcompat/widget/Toolbar_NavigationOnClickEventDispatcher.class' (1,926)
2026-08-09 05:33:34: Copy Over 'C:/rock/bannister/Bannister/obj/x64/Debug/net8.0-android/android/bin/classes/androidx/browser/customtabs/CustomTabsClient_CustomTabsCallbackImpl.class' -> 'goodrive://www.googleapis.com/:personal:/bannister/bannister/obj/x64/Debug/net8.0-android/android/bin/classes/androidx/browser/customtabs/CustomTabsClient_CustomTabsCallbackImpl.class' (1,811)
2026-08-09 05:33:34: Copy Over 'C:/rock/bannister/Bannister/obj/x64/Debug/net8.0-android/android/bin/classes/androidx/cardview/R$color.class' -> 'goodrive://www.googleapis.com/:personal:/bannister/bannister/obj/x64/Debug/net8.0-android/android/bin/classes/androidx/cardview/R$color.class' (481)
2026-08-09 05:33:34: Copy Over 'C:/rock/bannister/Bannister/obj/x64/Debug/net8.0-android/android/bin/classes/androidx/cardview/R$attr.class' -> 'goodrive://www.googleapis.com/:personal:/bannister/bannister/obj/x64/Debug/net8.0-android/android/bin/classes/androidx/cardview/R$attr.class' (779)
2026-08-09 05:33:37: Copy Over 'C:/rock/bannister/Bannister/obj/x64/Debug/net8.0-android/android/bin/classes/androidx/cardview/R$dimen.class' -> 'goodrive://www.googleapis.com/:personal:/bannister/bannister/obj/x64/Debug/net8.0-android/android/bin/classes/androidx/cardview/R$dimen.class' (433)
2026-08-09 05:33:37: Copy Over 'C:/rock/bannister/Bannister/obj/x64/Debug/net8.0-android/android/bin/classes/androidx/cardview/R$styleable.class' -> 'goodrive://www.googleapis.com/:personal:/bannister/bannister/obj/x64/Debug/net8.0-android/android/bin/classes/androidx/cardview/R$styleable.class' (1,178)
2026-08-09 05:33:38: Copy Over 'C:/rock/bannister/Bannister/obj/x64/Debug/net8.0-android/android/bin/classes/androidx/cardview/R$style.class' -> 'goodrive://www.googleapis.com/:personal:/bannister/bannister/obj/x64/Debug/net8.0-android/android/bin/classes/androidx/cardview/R$style.class' (428)
2026-08-09 05:33:41: Copy Over 'C:/rock/bannister/Bannister/obj/x64/Debug/net8.0-android/android/bin/classes/androidx/browser/R$color.class' -> 'goodrive://www.googleapis.com/:personal:/bannister/bannister/obj/x64/Debug/net8.0-android/android/bin/classes/androidx/browser/R$color.class' (483)
2026-08-09 05:33:41: Copy Over 'C:/rock/bannister/Bannister/obj/x64/Debug/net8.0-android/android/bin/classes/androidx/cardview/R.class' -> 'goodrive://www.googleapis.com/:personal:/bannister/bannister/obj/x64/Debug/net8.0-android/android/bin/classes/androidx/cardview/R.class' (458)
2026-08-09 05:33:41: Copy Over 'C:/rock/bannister/Bannister/obj/x64/Debug/net8.0-android/android/bin/classes/androidx/browser/R$dimen.class' -> 'goodrive://www.googleapis.com/:personal:/bannister/bannister/obj/x64/Debug/net8.0-android/android/bin/classes/androidx/browser/R$dimen.class' (408)
2026-08-09 05:33:44: Copy Over 'C:/rock/bannister/Bannister/obj/x64/Debug/net8.0-android/android/bin/classes/androidx/browser/R$id.class' -> 'goodrive://www.googleapis.com/:personal:/bannister/bannister/obj/x64/Debug/net8.0-android/android/bin/classes/androidx/browser/R$id.class' (534)
2026-08-09 05:33:44: Copy Over 'C:/rock/bannister/Bannister/obj/x64/Debug/net8.0-android/android/bin/classes/androidx/browser/R$string.class' -> 'goodrive://www.googleapis.com/:personal:/bannister/bannister/obj/x64/Debug/net8.0-android/android/bin/classes/androidx/browser/R$string.class' (485)
2026-08-09 05:33:45: Copy Over 'C:/rock/bannister/Bannister/obj/x64/Debug/net8.0-android/android/bin/classes/androidx/browser/R$layout.class' -> 'goodrive://www.googleapis.com/:personal:/bannister/bannister/obj/x64/Debug/net8.0-android/android/bin/classes/androidx/browser/R$layout.class' (397)
2026-08-09 05:33:47: Copy Over 'C:/rock/bannister/Bannister/obj/x64/Debug/net8.0-android/android/bin/classes/androidx/browser/R$xml.class' -> 'goodrive://www.googleapis.com/:personal:/bannister/bannister/obj/x64/Debug/net8.0-android/android/bin/classes/androidx/browser/R$xml.class' (323)
2026-08-09 05:33:48: Copy Over 'C:/rock/bannister/Bannister/obj/x64/Debug/net8.0-android/android/bin/classes/androidx/coordinatorlayout/R$attr.class' -> 'goodrive://www.googleapis.com/:personal:/bannister/bannister/obj/x64/Debug/net8.0-android/android/bin/classes/androidx/coordinatorlayout/R$attr.class' (665)
2026-08-09 05:33:48: Copy Over 'C:/rock/bannister/Bannister/obj/x64/Debug/net8.0-android/android/bin/classes/androidx/browser/R.class' -> 'goodrive://www.googleapis.com/:personal:/bannister/bannister/obj/x64/Debug/net8.0-android/android/bin/classes/androidx/browser/R.class' (486)
2026-08-09 05:33:51: Copy Over 'C:/rock/bannister/Bannister/obj/x64/Debug/net8.0-android/android/bin/classes/androidx/constraintlayout/widget/R$anim.class' -> 'goodrive://www.googleapis.com/:personal:/bannister/bannister/obj/x64/Debug/net8.0-android/android/bin/classes/androidx/constraintlayout/widget/R$anim.class' (1,654)
2026-08-09 05:33:51: Copy Over 'C:/rock/bannister/Bannister/obj/x64/Debug/net8.0-android/android/bin/classes/androidx/constraintlayout/widget/R$bool.class' -> 'goodrive://www.googleapis.com/:personal:/bannister/bannister/obj/x64/Debug/net8.0-android/android/bin/classes/androidx/constraintlayout/widget/R$bool.class' (417)
2026-08-09 05:33:51: Copy Over 'C:/rock/bannister/Bannister/obj/x64/Debug/net8.0-android/android/bin/classes/androidx/constraintlayout/widget/R$attr.class' -> 'goodrive://www.googleapis.com/:personal:/bannister/bannister/obj/x64/Debug/net8.0-android/android/bin/classes/androidx/constraintlayout/widget/R$attr.class' (23,341)
2026-08-09 05:33:54: Copy Over 'C:/rock/bannister/Bannister/obj/x64/Debug/net8.0-android/android/bin/classes/androidx/constraintlayout/widget/R$color.class' -> 'goodrive://www.googleapis.com/:personal:/bannister/bannister/obj/x64/Debug/net8.0-android/android/bin/classes/androidx/constraintlayout/widget/R$color.class' (4,896)
2026-08-09 05:33:54: Copy Over 'C:/rock/bannister/Bannister/obj/x64/Debug/net8.0-android/android/bin/classes/androidx/constraintlayout/widget/R$dimen.class' -> 'goodrive://www.googleapis.com/:personal:/bannister/bannister/obj/x64/Debug/net8.0-android/android/bin/classes/androidx/constraintlayout/widget/R$dimen.class' (6,927)
2026-08-09 05:33:54: Copy Over 'C:/rock/bannister/Bannister/obj/x64/Debug/net8.0-android/android/bin/classes/androidx/constraintlayout/widget/R$drawable.class' -> 'goodrive://www.googleapis.com/:personal:/bannister/bannister/obj/x64/Debug/net8.0-android/android/bin/classes/androidx/constraintlayout/widget/R$drawable.class' (5,417)
2026-08-09 05:33:57: Copy Over 'C:/rock/bannister/Bannister/obj/x64/Debug/net8.0-android/android/bin/classes/androidx/constraintlayout/widget/R$id.class' -> 'goodrive://www.googleapis.com/:personal:/bannister/bannister/obj/x64/Debug/net8.0-android/android/bin/classes/androidx/constraintlayout/widget/R$id.class' (9,913)
2026-08-09 05:33:58: Copy Over 'C:/rock/bannister/Bannister/obj/x64/Debug/net8.0-android/android/bin/classes/androidx/constraintlayout/widget/R$integer.class' -> 'goodrive://www.googleapis.com/:personal:/bannister/bannister/obj/x64/Debug/net8.0-android/android/bin/classes/androidx/constraintlayout/widget/R$integer.class' (576)
2026-08-09 05:33:59: Copy Over 'C:/rock/bannister/Bannister/obj/x64/Debug/net8.0-android/android/bin/classes/androidx/constraintlayout/widget/R$interpolator.class' -> 'goodrive://www.googleapis.com/:personal:/bannister/bannister/obj/x64/Debug/net8.0-android/android/bin/classes/androidx/constraintlayout/widget/R$interpolator.class' (807)
2026-08-09 05:34:00: Copy Over 'C:/rock/bannister/Bannister/obj/x64/Debug/net8.0-android/android/bin/classes/androidx/constraintlayout/widget/R$layout.class' -> 'goodrive://www.googleapis.com/:personal:/bannister/bannister/obj/x64/Debug/net8.0-android/android/bin/classes/androidx/constraintlayout/widget/R$layout.class' (2,308)
2026-08-09 05:34:02: Copy Over 'C:/rock/bannister/Bannister/obj/x64/Debug/net8.0-android/android/bin/classes/androidx/constraintlayout/widget/R$string.class' -> 'goodrive://www.googleapis.com/:personal:/bannister/bannister/obj/x64/Debug/net8.0-android/android/bin/classes/androidx/constraintlayout/widget/R$string.class' (1,860)
2026-08-09 05:34:02: Copy Over 'C:/rock/bannister/Bannister/obj/x64/Debug/net8.0-android/android/bin/classes/androidx/constraintlayout/widget/R$style.class' -> 'goodrive://www.googleapis.com/:personal:/bannister/bannister/obj/x64/Debug/net8.0-android/android/bin/classes/androidx/constraintlayout/widget/R$style.class' (21,878)
2026-08-09 05:34:04: Copy Over 'C:/rock/bannister/Bannister/obj/x64/Debug/net8.0-android/android/bin/classes/androidx/constraintlayout/widget/R$styleable.class' -> 'goodrive://www.googleapis.com/:personal:/bannister/bannister/obj/x64/Debug/net8.0-android/android/bin/classes/androidx/constraintlayout/widget/R$styleable.class' (82,207)
2026-08-09 05:34:05: Copy Over 'C:/rock/bannister/Bannister/obj/x64/Debug/net8.0-android/android/bin/classes/androidx/coordinatorlayout/R$id.class' -> 'goodrive://www.googleapis.com/:personal:/bannister/bannister/obj/x64/Debug/net8.0-android/android/bin/classes/androidx/coordinatorlayout/R$id.class' (494)
2026-08-09 05:34:05: Copy Over 'C:/rock/bannister/Bannister/obj/x64/Debug/net8.0-android/android/bin/classes/androidx/constraintlayout/widget/R.class' -> 'goodrive://www.googleapis.com/:personal:/bannister/bannister/obj/x64/Debug/net8.0-android/android/bin/classes/androidx/constraintlayout/widget/R.class' (1,062)
2026-08-09 05:34:08: Copy Over 'C:/rock/bannister/Bannister/obj/x64/Debug/net8.0-android/android/bin/classes/androidx/coordinatorlayout/R$style.class' -> 'goodrive://www.googleapis.com/:personal:/bannister/bannister/obj/x64/Debug/net8.0-android/android/bin/classes/androidx/coordinatorlayout/R$style.class' (358)
2026-08-09 05:34:08: Copy Over 'C:/rock/bannister/Bannister/obj/x64/Debug/net8.0-android/android/bin/classes/androidx/coordinatorlayout/R$styleable.class' -> 'goodrive://www.googleapis.com/:personal:/bannister/bannister/obj/x64/Debug/net8.0-android/android/bin/classes/androidx/coordinatorlayout/R$styleable.class' (1,122)
2026-08-09 05:34:09: Copy Over 'C:/rock/bannister/Bannister/obj/x64/Debug/net8.0-android/android/bin/classes/androidx/coordinatorlayout/R.class' -> 'goodrive://www.googleapis.com/:personal:/bannister/bannister/obj/x64/Debug/net8.0-android/android/bin/classes/androidx/coordinatorlayout/R.class' (450)
2026-08-09 05:34:11: Copy Over 'C:/rock/bannister/Bannister/obj/x64/Debug/net8.0-android/android/bin/classes/androidx/cursoradapter/R.class' -> 'goodrive://www.googleapis.com/:personal:/bannister/bannister/obj/x64/Debug/net8.0-android/android/bin/classes/androidx/cursoradapter/R.class' (199)
2026-08-09 05:34:11: Copy Over 'C:/rock/bannister/Bannister/obj/x64/Debug/net8.0-android/android/bin/classes/androidx/core/ktx/R.class' -> 'goodrive://www.googleapis.com/:personal:/bannister/bannister/obj/x64/Debug/net8.0-android/android/bin/classes/androidx/core/ktx/R.class' (194)
2026-08-09 05:34:12: Copy Over 'C:/rock/bannister/Bannister/obj/x64/Debug/net8.0-android/android/bin/classes/androidx/core/R$attr.class' -> 'goodrive://www.googleapis.com/:personal:/bannister/bannister/obj/x64/Debug/net8.0-android/android/bin/classes/androidx/core/R$attr.class' (950)
2026-08-09 05:34:14: Copy Over 'C:/rock/bannister/Bannister/obj/x64/Debug/net8.0-android/android/bin/classes/androidx/core/R$color.class' -> 'goodrive://www.googleapis.com/:personal:/bannister/bannister/obj/x64/Debug/net8.0-android/android/bin/classes/androidx/core/R$color.class' (625)
2026-08-09 05:34:15: Copy Over 'C:/rock/bannister/Bannister/obj/x64/Debug/net8.0-android/android/bin/classes/androidx/core/R$dimen.class' -> 'goodrive://www.googleapis.com/:personal:/bannister/bannister/obj/x64/Debug/net8.0-android/android/bin/classes/androidx/core/R$dimen.class' (1,537)
2026-08-09 05:34:16: Copy Over 'C:/rock/bannister/Bannister/obj/x64/Debug/net8.0-android/android/bin/classes/androidx/core/R$drawable.class' -> 'goodrive://www.googleapis.com/:personal:/bannister/bannister/obj/x64/Debug/net8.0-android/android/bin/classes/androidx/core/R$drawable.class' (1,136)
2026-08-09 05:34:17: Copy Over 'C:/rock/bannister/Bannister/obj/x64/Debug/net8.0-android/android/bin/classes/androidx/core/R$id.class' -> 'goodrive://www.googleapis.com/:personal:/bannister/bannister/obj/x64/Debug/net8.0-android/android/bin/classes/androidx/core/R$id.class' (3,611)
2026-08-09 05:34:18: Copy Over 'C:/rock/bannister/Bannister/obj/x64/Debug/net8.0-android/android/bin/classes/androidx/core/R$integer.class' -> 'goodrive://www.googleapis.com/:personal:/bannister/bannister/obj/x64/Debug/net8.0-android/android/bin/classes/androidx/core/R$integer.class' (339)
2026-08-09 05:34:20: Copy Over 'C:/rock/bannister/Bannister/obj/x64/Debug/net8.0-android/android/bin/classes/androidx/core/R$layout.class' -> 'goodrive://www.googleapis.com/:personal:/bannister/bannister/obj/x64/Debug/net8.0-android/android/bin/classes/androidx/core/R$layout.class' (640)
2026-08-09 05:34:20: Copy Over 'C:/rock/bannister/Bannister/obj/x64/Debug/net8.0-android/android/bin/classes/androidx/core/R$string.class' -> 'goodrive://www.googleapis.com/:personal:/bannister/bannister/obj/x64/Debug/net8.0-android/android/bin/classes/androidx/core/R$string.class' (732)
2026-08-09 05:34:22: Copy Over 'C:/rock/bannister/Bannister/obj/x64/Debug/net8.0-android/android/bin/classes/androidx/core/R$style.class' -> 'goodrive://www.googleapis.com/:personal:/bannister/bannister/obj/x64/Debug/net8.0-android/android/bin/classes/androidx/core/R$style.class' (713)
2026-08-09 05:34:23: Copy Over 'C:/rock/bannister/Bannister/obj/x64/Debug/net8.0-android/android/bin/classes/androidx/core/R$styleable.class' -> 'goodrive://www.googleapis.com/:personal:/bannister/bannister/obj/x64/Debug/net8.0-android/android/bin/classes/androidx/core/R$styleable.class' (2,912)
2026-08-09 05:34:24: Copy Over 'C:/rock/bannister/Bannister/obj/x64/Debug/net8.0-android/android/bin/classes/androidx/core/R.class' -> 'goodrive://www.googleapis.com/:personal:/bannister/bannister/obj/x64/Debug/net8.0-android/android/bin/classes/androidx/core/R.class' (657)
2026-08-09 05:34:26: Copy Over 'C:/rock/bannister/Bannister/obj/x64/Debug/net8.0-android/android/bin/classes/androidx/documentfile/R.class' -> 'goodrive://www.googleapis.com/:personal:/bannister/bannister/obj/x64/Debug/net8.0-android/android/bin/classes/androidx/documentfile/R.class' (198)
2026-08-09 05:34:26: Copy Over 'C:/rock/bannister/Bannister/obj/x64/Debug/net8.0-android/android/bin/classes/androidx/customview/poolingcontainer/R$id.class' -> 'goodrive://www.googleapis.com/:personal:/bannister/bannister/obj/x64/Debug/net8.0-android/android/bin/classes/androidx/customview/poolingcontainer/R$id.class' (425)
2026-08-09 05:34:28: Copy Over 'C:/rock/bannister/Bannister/obj/x64/Debug/net8.0-android/android/bin/classes/androidx/customview/poolingcontainer/R.class' -> 'goodrive://www.googleapis.com/:personal:/bannister/bannister/obj/x64/Debug/net8.0-android/android/bin/classes/androidx/customview/poolingcontainer/R.class' (296)
2026-08-09 05:34:29: Copy Over 'C:/rock/bannister/Bannister/obj/x64/Debug/net8.0-android/android/bin/classes/androidx/customview/R$attr.class' -> 'goodrive://www.googleapis.com/:personal:/bannister/bannister/obj/x64/Debug/net8.0-android/android/bin/classes/androidx/customview/R$attr.class' (754)
2026-08-09 05:34:30: Copy Over 'C:/rock/bannister/Bannister/obj/x64/Debug/net8.0-android/android/bin/classes/androidx/customview/R$color.class' -> 'goodrive://www.googleapis.com/:personal:/bannister/bannister/obj/x64/Debug/net8.0-android/android/bin/classes/androidx/customview/R$color.class' (528)
2026-08-09 05:34:31: Copy Over 'C:/rock/bannister/Bannister/obj/x64/Debug/net8.0-android/android/bin/classes/androidx/customview/R$dimen.class' -> 'goodrive://www.googleapis.com/:personal:/bannister/bannister/obj/x64/Debug/net8.0-android/android/bin/classes/androidx/customview/R$dimen.class' (1,549)
2026-08-09 05:34:32: Copy Over 'C:/rock/bannister/Bannister/obj/x64/Debug/net8.0-android/android/bin/classes/androidx/customview/R$drawable.class' -> 'goodrive://www.googleapis.com/:personal:/bannister/bannister/obj/x64/Debug/net8.0-android/android/bin/classes/androidx/customview/R$drawable.class' (894)
2026-08-09 05:34:35: Copy Over 'C:/rock/bannister/Bannister/obj/x64/Debug/net8.0-android/android/bin/classes/androidx/customview/R$integer.class' -> 'goodrive://www.googleapis.com/:personal:/bannister/bannister/obj/x64/Debug/net8.0-android/android/bin/classes/androidx/customview/R$integer.class' (351)
2026-08-09 05:34:35: Copy Over 'C:/rock/bannister/Bannister/obj/x64/Debug/net8.0-android/android/bin/classes/androidx/customview/R$id.class' -> 'goodrive://www.googleapis.com/:personal:/bannister/bannister/obj/x64/Debug/net8.0-android/android/bin/classes/androidx/customview/R$id.class' (3,354)
2026-08-09 05:34:36: Copy Over 'C:/rock/bannister/Bannister/obj/x64/Debug/net8.0-android/android/bin/classes/androidx/customview/R$layout.class' -> 'goodrive://www.googleapis.com/:personal:/bannister/bannister/obj/x64/Debug/net8.0-android/android/bin/classes/androidx/customview/R$layout.class' (652)
2026-08-09 05:34:38: Copy Over 'C:/rock/bannister/Bannister/obj/x64/Debug/net8.0-android/android/bin/classes/androidx/customview/R$string.class' -> 'goodrive://www.googleapis.com/:personal:/bannister/bannister/obj/x64/Debug/net8.0-android/android/bin/classes/androidx/customview/R$string.class' (351)
2026-08-09 05:34:38: Copy Over 'C:/rock/bannister/Bannister/obj/x64/Debug/net8.0-android/android/bin/classes/androidx/customview/R$style.class' -> 'goodrive://www.googleapis.com/:personal:/bannister/bannister/obj/x64/Debug/net8.0-android/android/bin/classes/androidx/customview/R$style.class' (725)
2026-08-09 05:34:39: Copy Over 'C:/rock/bannister/Bannister/obj/x64/Debug/net8.0-android/android/bin/classes/androidx/customview/R$styleable.class' -> 'goodrive://www.googleapis.com/:personal:/bannister/bannister/obj/x64/Debug/net8.0-android/android/bin/classes/androidx/customview/R$styleable.class' (2,617)
2026-08-09 05:34:41: Copy Over 'C:/rock/bannister/Bannister/obj/x64/Debug/net8.0-android/android/bin/classes/androidx/customview/R.class' -> 'goodrive://www.googleapis.com/:personal:/bannister/bannister/obj/x64/Debug/net8.0-android/android/bin/classes/androidx/customview/R.class' (723)
2026-08-09 05:34:41: Copy Over 'C:/rock/bannister/Bannister/obj/x64/Debug/net8.0-android/android/bin/classes/androidx/drawerlayout/R$attr.class' -> 'goodrive://www.googleapis.com/:personal:/bannister/bannister/obj/x64/Debug/net8.0-android/android/bin/classes/androidx/drawerlayout/R$attr.class' (364)
2026-08-09 05:34:43: Copy Over 'C:/rock/bannister/Bannister/obj/x64/Debug/net8.0-android/android/bin/classes/androidx/dynamicanimation/R$attr.class' -> 'goodrive://www.googleapis.com/:personal:/bannister/bannister/obj/x64/Debug/net8.0-android/android/bin/classes/androidx/dynamicanimation/R$attr.class' (766)
2026-08-09 05:34:44: Copy Over 'C:/rock/bannister/Bannister/obj/x64/Debug/net8.0-android/android/bin/classes/androidx/dynamicanimation/R$color.class' -> 'goodrive://www.googleapis.com/:personal:/bannister/bannister/obj/x64/Debug/net8.0-android/android/bin/classes/androidx/dynamicanimation/R$color.class' (512)
2026-08-09 05:34:44: Copy Over 'C:/rock/bannister/Bannister/obj/x64/Debug/net8.0-android/android/bin/classes/androidx/dynamicanimation/R$dimen.class' -> 'goodrive://www.googleapis.com/:personal:/bannister/bannister/obj/x64/Debug/net8.0-android/android/bin/classes/androidx/dynamicanimation/R$dimen.class' (1,561)
2026-08-09 05:34:46: Copy Over 'C:/rock/bannister/Bannister/obj/x64/Debug/net8.0-android/android/bin/classes/androidx/dynamicanimation/R$drawable.class' -> 'goodrive://www.googleapis.com/:personal:/bannister/bannister/obj/x64/Debug/net8.0-android/android/bin/classes/androidx/dynamicanimation/R$drawable.class' (906)
2026-08-09 05:34:47: Copy Over 'C:/rock/bannister/Bannister/obj/x64/Debug/net8.0-android/android/bin/classes/androidx/dynamicanimation/R$id.class' -> 'goodrive://www.googleapis.com/:personal:/bannister/bannister/obj/x64/Debug/net8.0-android/android/bin/classes/androidx/dynamicanimation/R$id.class' (1,294)
2026-08-09 05:34:48: Copy Over 'C:/rock/bannister/Bannister/obj/x64/Debug/net8.0-android/android/bin/classes/androidx/dynamicanimation/R$integer.class' -> 'goodrive://www.googleapis.com/:personal:/bannister/bannister/obj/x64/Debug/net8.0-android/android/bin/classes/androidx/dynamicanimation/R$integer.class' (363)
2026-08-09 05:34:50: Copy Over 'C:/rock/bannister/Bannister/obj/x64/Debug/net8.0-android/android/bin/classes/androidx/dynamicanimation/R$layout.class' -> 'goodrive://www.googleapis.com/:personal:/bannister/bannister/obj/x64/Debug/net8.0-android/android/bin/classes/androidx/dynamicanimation/R$layout.class' (627)
2026-08-09 05:34:50: Copy Over 'C:/rock/bannister/Bannister/obj/x64/Debug/net8.0-android/android/bin/classes/androidx/dynamicanimation/R$string.class' -> 'goodrive://www.googleapis.com/:personal:/bannister/bannister/obj/x64/Debug/net8.0-android/android/bin/classes/androidx/dynamicanimation/R$string.class' (363)
2026-08-09 05:34:51: Copy Over 'C:/rock/bannister/Bannister/obj/x64/Debug/net8.0-android/android/bin/classes/androidx/dynamicanimation/R$style.class' -> 'goodrive://www.googleapis.com/:personal:/bannister/bannister/obj/x64/Debug/net8.0-android/android/bin/classes/androidx/dynamicanimation/R$style.class' (737)
2026-08-09 05:34:53: Copy Over 'C:/rock/bannister/Bannister/obj/x64/Debug/net8.0-android/android/bin/classes/androidx/dynamicanimation/R$styleable.class' -> 'goodrive://www.googleapis.com/:personal:/bannister/bannister/obj/x64/Debug/net8.0-android/android/bin/classes/androidx/dynamicanimation/R$styleable.class' (2,629)
2026-08-09 05:34:54: Copy Over 'C:/rock/bannister/Bannister/obj/x64/Debug/net8.0-android/android/bin/classes/androidx/dynamicanimation/R.class' -> 'goodrive://www.googleapis.com/:personal:/bannister/bannister/obj/x64/Debug/net8.0-android/android/bin/classes/androidx/dynamicanimation/R.class' (789)
2026-08-09 05:34:55: Copy Over 'C:/rock/bannister/Bannister/obj/x64/Debug/net8.0-android/android/bin/classes/androidx/drawerlayout/R$dimen.class' -> 'goodrive://www.googleapis.com/:personal:/bannister/bannister/obj/x64/Debug/net8.0-android/android/bin/classes/androidx/drawerlayout/R$dimen.class' (336)
2026-08-09 05:34:57: Copy Over 'C:/rock/bannister/Bannister/obj/x64/Debug/net8.0-android/android/bin/classes/androidx/drawerlayout/R$styleable.class' -> 'goodrive://www.googleapis.com/:personal:/bannister/bannister/obj/x64/Debug/net8.0-android/android/bin/classes/androidx/drawerlayout/R$styleable.class' (450)
2026-08-09 05:34:57: Copy Over 'C:/rock/bannister/Bannister/obj/x64/Debug/net8.0-android/android/bin/classes/androidx/drawerlayout/R.class' -> 'goodrive://www.googleapis.com/:personal:/bannister/bannister/obj/x64/Debug/net8.0-android/android/bin/classes/androidx/drawerlayout/R.class' (380)
2026-08-09 05:34:59: Copy Over 'C:/rock/bannister/Bannister/obj/x64/Debug/net8.0-android/android/bin/classes/androidx/emoji2/R.class' -> 'goodrive://www.googleapis.com/:personal:/bannister/bannister/obj/x64/Debug/net8.0-android/android/bin/classes/androidx/emoji2/R.class' (192)
2026-08-09 05:35:00: Copy Over 'C:/rock/bannister/Bannister/obj/x64/Debug/net8.0-android/android/bin/classes/androidx/exifinterface/R.class' -> 'goodrive://www.googleapis.com/:personal:/bannister/bannister/obj/x64/Debug/net8.0-android/android/bin/classes/androidx/exifinterface/R.class' (199)
2026-08-09 05:35:01: Copy Over 'C:/rock/bannister/Bannister/obj/x64/Debug/net8.0-android/android/bin/classes/androidx/emoji2/viewsintegration/R.class' -> 'goodrive://www.googleapis.com/:personal:/bannister/bannister/obj/x64/Debug/net8.0-android/android/bin/classes/androidx/emoji2/viewsintegration/R.class' (209)
2026-08-09 05:35:02: Copy Over 'C:/rock/bannister/Bannister/obj/x64/Debug/net8.0-android/android/bin/classes/androidx/fragment/R$anim.class' -> 'goodrive://www.googleapis.com/:personal:/bannister/bannister/obj/x64/Debug/net8.0-android/android/bin/classes/androidx/fragment/R$anim.class' (337)
2026-08-09 05:35:04: Copy Over 'C:/rock/bannister/Bannister/obj/x64/Debug/net8.0-android/android/bin/classes/androidx/fragment/R$animator.class' -> 'goodrive://www.googleapis.com/:personal:/bannister/bannister/obj/x64/Debug/net8.0-android/android/bin/classes/androidx/fragment/R$animator.class' (547)
2026-08-09 05:35:05: Copy Over 'C:/rock/bannister/Bannister/obj/x64/Debug/net8.0-android/android/bin/classes/androidx/fragment/ktx/R.class' -> 'goodrive://www.googleapis.com/:personal:/bannister/bannister/obj/x64/Debug/net8.0-android/android/bin/classes/androidx/fragment/ktx/R.class' (198)
2026-08-09 05:35:05: Copy Over 'C:/rock/bannister/Bannister/obj/x64/Debug/net8.0-android/android/bin/classes/androidx/fragment/R$id.class' -> 'goodrive://www.googleapis.com/:personal:/bannister/bannister/obj/x64/Debug/net8.0-android/android/bin/classes/androidx/fragment/R$id.class' (446)
2026-08-09 05:35:08: Copy Over 'C:/rock/bannister/Bannister/obj/x64/Debug/net8.0-android/android/bin/classes/androidx/fragment/R$styleable.class' -> 'goodrive://www.googleapis.com/:personal:/bannister/bannister/obj/x64/Debug/net8.0-android/android/bin/classes/androidx/fragment/R$styleable.class' (711)
2026-08-09 05:35:08: Copy Over 'C:/rock/bannister/Bannister/obj/x64/Debug/net8.0-android/android/bin/classes/androidx/fragment/R.class' -> 'goodrive://www.googleapis.com/:personal:/bannister/bannister/obj/x64/Debug/net8.0-android/android/bin/classes/androidx/fragment/R.class' (411)
2026-08-09 05:35:08: Copy Over 'C:/rock/bannister/Bannister/obj/x64/Debug/net8.0-android/android/bin/classes/androidx/interpolator/R.class' -> 'goodrive://www.googleapis.com/:personal:/bannister/bannister/obj/x64/Debug/net8.0-android/android/bin/classes/androidx/interpolator/R.class' (198)
2026-08-09 05:35:11: Copy Over 'C:/rock/bannister/Bannister/obj/x64/Debug/net8.0-android/android/bin/classes/androidx/legacy/coreutils/R$attr.class' -> 'goodrive://www.googleapis.com/:personal:/bannister/bannister/obj/x64/Debug/net8.0-android/android/bin/classes/androidx/legacy/coreutils/R$attr.class' (766)
2026-08-09 05:35:12: Copy Over 'C:/rock/bannister/Bannister/obj/x64/Debug/net8.0-android/android/bin/classes/androidx/lifecycle/ktx/R.class' -> 'goodrive://www.googleapis.com/:personal:/bannister/bannister/obj/x64/Debug/net8.0-android/android/bin/classes/androidx/lifecycle/ktx/R.class' (199)
2026-08-09 05:35:12: Copy Over 'C:/rock/bannister/Bannister/obj/x64/Debug/net8.0-android/android/bin/classes/androidx/lifecycle/livedata/R.class' -> 'goodrive://www.googleapis.com/:personal:/bannister/bannister/obj/x64/Debug/net8.0-android/android/bin/classes/androidx/lifecycle/livedata/R.class' (204)
2026-08-09 05:35:15: Copy Over 'C:/rock/bannister/Bannister/obj/x64/Debug/net8.0-android/android/bin/classes/androidx/lifecycle/livedata/core/R.class' -> 'goodrive://www.googleapis.com/:personal:/bannister/bannister/obj/x64/Debug/net8.0-android/android/bin/classes/androidx/lifecycle/livedata/core/R.class' (209)
2026-08-09 05:35:16: Copy Over 'C:/rock/bannister/Bannister/obj/x64/Debug/net8.0-android/android/bin/classes/androidx/lifecycle/livedata/core/ktx/R.class' -> 'goodrive://www.googleapis.com/:personal:/bannister/bannister/obj/x64/Debug/net8.0-android/android/bin/classes/androidx/lifecycle/livedata/core/ktx/R.class' (213)
2026-08-09 05:35:16: Copy Over 'C:/rock/bannister/Bannister/obj/x64/Debug/net8.0-android/android/bin/classes/androidx/lifecycle/process/R.class' -> 'goodrive://www.googleapis.com/:personal:/bannister/bannister/obj/x64/Debug/net8.0-android/android/bin/classes/androidx/lifecycle/process/R.class' (203)
2026-08-09 05:35:18: Copy Over 'C:/rock/bannister/Bannister/obj/x64/Debug/net8.0-android/android/bin/classes/androidx/lifecycle/runtime/R$id.class' -> 'goodrive://www.googleapis.com/:personal:/bannister/bannister/obj/x64/Debug/net8.0-android/android/bin/classes/androidx/lifecycle/runtime/R$id.class' (345)
2026-08-09 05:35:19: Copy Over 'C:/rock/bannister/Bannister/obj/x64/Debug/net8.0-android/android/bin/classes/androidx/lifecycle/runtime/R.class' -> 'goodrive://www.googleapis.com/:personal:/bannister/bannister/obj/x64/Debug/net8.0-android/android/bin/classes/androidx/lifecycle/runtime/R.class' (276)
2026-08-09 05:35:19: Copy Over 'C:/rock/bannister/Bannister/obj/x64/Debug/net8.0-android/android/bin/classes/androidx/legacy/coreutils/R$color.class' -> 'goodrive://www.googleapis.com/:personal:/bannister/bannister/obj/x64/Debug/net8.0-android/android/bin/classes/androidx/legacy/coreutils/R$color.class' (512)
2026-08-09 05:35:22: Copy Over 'C:/rock/bannister/Bannister/obj/x64/Debug/net8.0-android/android/bin/classes/androidx/lifecycle/viewmodel/R$id.class' -> 'goodrive://www.googleapis.com/:personal:/bannister/bannister/obj/x64/Debug/net8.0-android/android/bin/classes/androidx/lifecycle/viewmodel/R$id.class' (356)
2026-08-09 05:35:23: Copy Over 'C:/rock/bannister/Bannister/obj/x64/Debug/net8.0-android/android/bin/classes/androidx/lifecycle/viewmodel/R.class' -> 'goodrive://www.googleapis.com/:personal:/bannister/bannister/obj/x64/Debug/net8.0-android/android/bin/classes/androidx/lifecycle/viewmodel/R.class' (280)
2026-08-09 05:35:23: Copy Over 'C:/rock/bannister/Bannister/obj/x64/Debug/net8.0-android/android/bin/classes/androidx/lifecycle/viewmodel/ktx/R.class' -> 'goodrive://www.googleapis.com/:personal:/bannister/bannister/obj/x64/Debug/net8.0-android/android/bin/classes/androidx/lifecycle/viewmodel/ktx/R.class' (209)
2026-08-09 05:35:25: Copy Over 'C:/rock/bannister/Bannister/obj/x64/Debug/net8.0-android/android/bin/classes/androidx/legacy/coreutils/R$dimen.class' -> 'goodrive://www.googleapis.com/:personal:/bannister/bannister/obj/x64/Debug/net8.0-android/android/bin/classes/androidx/legacy/coreutils/R$dimen.class' (1,561)
2026-08-09 05:35:26: Copy Over 'C:/rock/bannister/Bannister/obj/x64/Debug/net8.0-android/android/bin/classes/androidx/lifecycle/viewmodel/savedstate/R.class' -> 'goodrive://www.googleapis.com/:personal:/bannister/bannister/obj/x64/Debug/net8.0-android/android/bin/classes/androidx/lifecycle/viewmodel/savedstate/R.class' (216)
2026-08-09 05:35:26: Copy Over 'C:/rock/bannister/Bannister/obj/x64/Debug/net8.0-android/android/bin/classes/androidx/legacy/coreutils/R$drawable.class' -> 'goodrive://www.googleapis.com/:personal:/bannister/bannister/obj/x64/Debug/net8.0-android/android/bin/classes/androidx/legacy/coreutils/R$drawable.class' (906)
2026-08-09 05:35:29: Copy Over 'C:/rock/bannister/Bannister/obj/x64/Debug/net8.0-android/android/bin/classes/androidx/legacy/coreutils/R$id.class' -> 'goodrive://www.googleapis.com/:personal:/bannister/bannister/obj/x64/Debug/net8.0-android/android/bin/classes/androidx/legacy/coreutils/R$id.class' (1,294)
2026-08-09 05:35:29: Copy Over 'C:/rock/bannister/Bannister/obj/x64/Debug/net8.0-android/android/bin/classes/androidx/legacy/coreutils/R$integer.class' -> 'goodrive://www.googleapis.com/:personal:/bannister/bannister/obj/x64/Debug/net8.0-android/android/bin/classes/androidx/legacy/coreutils/R$integer.class' (363)
2026-08-09 05:35:29: Copy Over 'C:/rock/bannister/Bannister/obj/x64/Debug/net8.0-android/android/bin/classes/androidx/legacy/coreutils/R$layout.class' -> 'goodrive://www.googleapis.com/:personal:/bannister/bannister/obj/x64/Debug/net8.0-android/android/bin/classes/androidx/legacy/coreutils/R$layout.class' (627)
2026-08-09 05:35:32: Copy Over 'C:/rock/bannister/Bannister/obj/x64/Debug/net8.0-android/android/bin/classes/androidx/legacy/coreutils/R$string.class' -> 'goodrive://www.googleapis.com/:personal:/bannister/bannister/obj/x64/Debug/net8.0-android/android/bin/classes/androidx/legacy/coreutils/R$string.class' (363)
2026-08-09 05:35:32: Copy Over 'C:/rock/bannister/Bannister/obj/x64/Debug/net8.0-android/android/bin/classes/androidx/legacy/coreutils/R$styleable.class' -> 'goodrive://www.googleapis.com/:personal:/bannister/bannister/obj/x64/Debug/net8.0-android/android/bin/classes/androidx/legacy/coreutils/R$styleable.class' (2,629)
2026-08-09 05:35:32: Copy Over 'C:/rock/bannister/Bannister/obj/x64/Debug/net8.0-android/android/bin/classes/androidx/legacy/coreutils/R$style.class' -> 'goodrive://www.googleapis.com/:personal:/bannister/bannister/obj/x64/Debug/net8.0-android/android/bin/classes/androidx/legacy/coreutils/R$style.class' (737)
2026-08-09 05:35:35: Copy Over 'C:/rock/bannister/Bannister/obj/x64/Debug/net8.0-android/android/bin/classes/androidx/legacy/coreutils/R.class' -> 'goodrive://www.googleapis.com/:personal:/bannister/bannister/obj/x64/Debug/net8.0-android/android/bin/classes/androidx/legacy/coreutils/R.class' (789)
2026-08-09 05:35:35: Copy Over 'C:/rock/bannister/Bannister/obj/x64/Debug/net8.0-android/android/bin/classes/androidx/loader/R$attr.class' -> 'goodrive://www.googleapis.com/:personal:/bannister/bannister/obj/x64/Debug/net8.0-android/android/bin/classes/androidx/loader/R$attr.class' (746)
2026-08-09 05:35:36: Copy Over 'C:/rock/bannister/Bannister/obj/x64/Debug/net8.0-android/android/bin/classes/androidx/localbroadcastmanager/R.class' -> 'goodrive://www.googleapis.com/:personal:/bannister/bannister/obj/x64/Debug/net8.0-android/android/bin/classes/androidx/localbroadcastmanager/R.class' (207)
2026-08-09 05:35:39: Copy Over 'C:/rock/bannister/Bannister/obj/x64/Debug/net8.0-android/android/bin/classes/androidx/loader/R$color.class' -> 'goodrive://www.googleapis.com/:personal:/bannister/bannister/obj/x64/Debug/net8.0-android/android/bin/classes/androidx/loader/R$color.class' (492)
2026-08-09 05:35:39: Copy Over 'C:/rock/bannister/Bannister/obj/x64/Debug/net8.0-android/android/bin/classes/androidx/loader/R$dimen.class' -> 'goodrive://www.googleapis.com/:personal:/bannister/bannister/obj/x64/Debug/net8.0-android/android/bin/classes/androidx/loader/R$dimen.class' (1,541)
2026-08-09 05:35:39: Copy Over 'C:/rock/bannister/Bannister/obj/x64/Debug/net8.0-android/android/bin/classes/androidx/loader/R$drawable.class' -> 'goodrive://www.googleapis.com/:personal:/bannister/bannister/obj/x64/Debug/net8.0-android/android/bin/classes/androidx/loader/R$drawable.class' (886)
2026-08-09 05:35:42: Copy Over 'C:/rock/bannister/Bannister/obj/x64/Debug/net8.0-android/android/bin/classes/androidx/loader/R$id.class' -> 'goodrive://www.googleapis.com/:personal:/bannister/bannister/obj/x64/Debug/net8.0-android/android/bin/classes/androidx/loader/R$id.class' (1,274)
2026-08-09 05:35:42: Copy Over 'C:/rock/bannister/Bannister/obj/x64/Debug/net8.0-android/android/bin/classes/androidx/loader/R$integer.class' -> 'goodrive://www.googleapis.com/:personal:/bannister/bannister/obj/x64/Debug/net8.0-android/android/bin/classes/androidx/loader/R$integer.class' (343)
2026-08-09 05:35:43: Copy Over 'C:/rock/bannister/Bannister/obj/x64/Debug/net8.0-android/android/bin/classes/androidx/loader/R$layout.class' -> 'goodrive://www.googleapis.com/:personal:/bannister/bannister/obj/x64/Debug/net8.0-android/android/bin/classes/androidx/loader/R$layout.class' (607)
2026-08-09 05:35:46: Copy Over 'C:/rock/bannister/Bannister/obj/x64/Debug/net8.0-android/android/bin/classes/androidx/loader/R$string.class' -> 'goodrive://www.googleapis.com/:personal:/bannister/bannister/obj/x64/Debug/net8.0-android/android/bin/classes/androidx/loader/R$string.class' (343)
2026-08-09 05:35:46: Copy Over 'C:/rock/bannister/Bannister/obj/x64/Debug/net8.0-android/android/bin/classes/androidx/loader/R$style.class' -> 'goodrive://www.googleapis.com/:personal:/bannister/bannister/obj/x64/Debug/net8.0-android/android/bin/classes/androidx/loader/R$style.class' (717)
2026-08-09 05:35:46: Copy Over 'C:/rock/bannister/Bannister/obj/x64/Debug/net8.0-android/android/bin/classes/androidx/loader/R$styleable.class' -> 'goodrive://www.googleapis.com/:personal:/bannister/bannister/obj/x64/Debug/net8.0-android/android/bin/classes/androidx/loader/R$styleable.class' (2,609)
2026-08-09 05:35:49: Copy Over 'C:/rock/bannister/Bannister/obj/x64/Debug/net8.0-android/android/bin/classes/androidx/loader/R.class' -> 'goodrive://www.googleapis.com/:personal:/bannister/bannister/obj/x64/Debug/net8.0-android/android/bin/classes/androidx/loader/R.class' (679)
2026-08-09 05:35:50: Copy Over 'C:/rock/bannister/Bannister/obj/x64/Debug/net8.0-android/android/bin/classes/androidx/print/R.class' -> 'goodrive://www.googleapis.com/:personal:/bannister/bannister/obj/x64/Debug/net8.0-android/android/bin/classes/androidx/print/R.class' (191)
2026-08-09 05:35:50: Copy Over 'C:/rock/bannister/Bannister/obj/x64/Debug/net8.0-android/android/bin/classes/androidx/navigation/common/R$attr.class' -> 'goodrive://www.googleapis.com/:personal:/bannister/bannister/obj/x64/Debug/net8.0-android/android/bin/classes/androidx/navigation/common/R$attr.class' (878)
2026-08-09 05:35:53: Copy Over 'C:/rock/bannister/Bannister/obj/x64/Debug/net8.0-android/android/bin/classes/androidx/navigation/common/R$styleable.class' -> 'goodrive://www.googleapis.com/:personal:/bannister/bannister/obj/x64/Debug/net8.0-android/android/bin/classes/androidx/navigation/common/R$styleable.class' (1,803)
2026-08-09 05:35:53: Copy Over 'C:/rock/bannister/Bannister/obj/x64/Debug/net8.0-android/android/bin/classes/androidx/navigation/common/R.class' -> 'goodrive://www.googleapis.com/:personal:/bannister/bannister/obj/x64/Debug/net8.0-android/android/bin/classes/androidx/navigation/common/R.class' (344)
2026-08-09 05:35:53: Copy Over 'C:/rock/bannister/Bannister/obj/x64/Debug/net8.0-android/android/bin/classes/androidx/navigation/R$attr.class' -> 'goodrive://www.googleapis.com/:personal:/bannister/bannister/obj/x64/Debug/net8.0-android/android/bin/classes/androidx/navigation/R$attr.class' (477)
2026-08-09 05:35:56: Copy Over 'C:/rock/bannister/Bannister/obj/x64/Debug/net8.0-android/android/bin/classes/androidx/navigation/fragment/R$id.class' -> 'goodrive://www.googleapis.com/:personal:/bannister/bannister/obj/x64/Debug/net8.0-android/android/bin/classes/androidx/navigation/fragment/R$id.class' (447)
2026-08-09 05:35:56: Copy Over 'C:/rock/bannister/Bannister/obj/x64/Debug/net8.0-android/android/bin/classes/androidx/navigation/fragment/R$dimen.class' -> 'goodrive://www.googleapis.com/:personal:/bannister/bannister/obj/x64/Debug/net8.0-android/android/bin/classes/androidx/navigation/fragment/R$dimen.class' (360)
2026-08-09 05:35:56: Copy Over 'C:/rock/bannister/Bannister/obj/x64/Debug/net8.0-android/android/bin/classes/androidx/navigation/fragment/R$attr.class' -> 'goodrive://www.googleapis.com/:personal:/bannister/bannister/obj/x64/Debug/net8.0-android/android/bin/classes/androidx/navigation/fragment/R$attr.class' (342)
2026-08-09 05:35:59: Copy Over 'C:/rock/bannister/Bannister/obj/x64/Debug/net8.0-android/android/bin/classes/androidx/navigation/fragment/R$styleable.class' -> 'goodrive://www.googleapis.com/:personal:/bannister/bannister/obj/x64/Debug/net8.0-android/android/bin/classes/androidx/navigation/fragment/R$styleable.class' (696)
2026-08-09 05:36:00: Copy Over 'C:/rock/bannister/Bannister/obj/x64/Debug/net8.0-android/android/bin/classes/androidx/navigation/R$id.class' -> 'goodrive://www.googleapis.com/:personal:/bannister/bannister/obj/x64/Debug/net8.0-android/android/bin/classes/androidx/navigation/R$id.class' (329)
2026-08-09 05:36:00: Copy Over 'C:/rock/bannister/Bannister/obj/x64/Debug/net8.0-android/android/bin/classes/androidx/navigation/fragment/R.class' -> 'goodrive://www.googleapis.com/:personal:/bannister/bannister/obj/x64/Debug/net8.0-android/android/bin/classes/androidx/navigation/fragment/R.class' (460)
2026-08-09 05:36:03: Copy Over 'C:/rock/bannister/Bannister/obj/x64/Debug/net8.0-android/android/bin/classes/androidx/navigation/R.class' -> 'goodrive://www.googleapis.com/:personal:/bannister/bannister/obj/x64/Debug/net8.0-android/android/bin/classes/androidx/navigation/R.class' (366)
2026-08-09 05:36:03: Copy Over 'C:/rock/bannister/Bannister/obj/x64/Debug/net8.0-android/android/bin/classes/androidx/navigation/R$styleable.class' -> 'goodrive://www.googleapis.com/:personal:/bannister/bannister/obj/x64/Debug/net8.0-android/android/bin/classes/androidx/navigation/R$styleable.class' (870)
2026-08-09 05:36:04: Copy Over 'C:/rock/bannister/Bannister/obj/x64/Debug/net8.0-android/android/bin/classes/androidx/navigation/ui/R$anim.class' -> 'goodrive://www.googleapis.com/:personal:/bannister/bannister/obj/x64/Debug/net8.0-android/android/bin/classes/androidx/navigation/ui/R$anim.class' (482)
2026-08-09 05:36:06: Copy Over 'C:/rock/bannister/Bannister/obj/x64/Debug/net8.0-android/android/bin/classes/androidx/profileinstaller/R.class' -> 'goodrive://www.googleapis.com/:personal:/bannister/bannister/obj/x64/Debug/net8.0-android/android/bin/classes/androidx/profileinstaller/R.class' (202)
2026-08-09 05:36:06: Copy Over 'C:/rock/bannister/Bannister/obj/x64/Debug/net8.0-android/android/bin/classes/androidx/navigation/ui/R$animator.class' -> 'goodrive://www.googleapis.com/:personal:/bannister/bannister/obj/x64/Debug/net8.0-android/android/bin/classes/androidx/navigation/ui/R$animator.class' (490)
2026-08-09 05:36:08: Copy Over 'C:/rock/bannister/Bannister/obj/x64/Debug/net8.0-android/android/bin/classes/androidx/navigation/ui/R$integer.class' -> 'goodrive://www.googleapis.com/:personal:/bannister/bannister/obj/x64/Debug/net8.0-android/android/bin/classes/androidx/navigation/ui/R$integer.class' (340)
2026-08-09 05:36:09: Copy Over 'C:/rock/bannister/Bannister/obj/x64/Debug/net8.0-android/android/bin/classes/androidx/navigation/ui/R$string.class' -> 'goodrive://www.googleapis.com/:personal:/bannister/bannister/obj/x64/Debug/net8.0-android/android/bin/classes/androidx/navigation/ui/R$string.class' (448)
2026-08-09 05:36:10: Copy Over 'C:/rock/bannister/Bannister/obj/x64/Debug/net8.0-android/android/bin/classes/androidx/navigation/ui/R.class' -> 'goodrive://www.googleapis.com/:personal:/bannister/bannister/obj/x64/Debug/net8.0-android/android/bin/classes/androidx/navigation/ui/R.class' (440)
2026-08-09 05:36:11: Copy Over 'C:/rock/bannister/Bannister/obj/x64/Debug/net8.0-android/android/bin/classes/androidx/recyclerview/R$attr.class' -> 'goodrive://www.googleapis.com/:personal:/bannister/bannister/obj/x64/Debug/net8.0-android/android/bin/classes/androidx/recyclerview/R$attr.class' (739)
2026-08-09 05:36:13: Copy Over 'C:/rock/bannister/Bannister/obj/x64/Debug/net8.0-android/android/bin/classes/androidx/savedstate/ktx/R.class' -> 'goodrive://www.googleapis.com/:personal:/bannister/bannister/obj/x64/Debug/net8.0-android/android/bin/classes/androidx/savedstate/ktx/R.class' (200)
2026-08-09 05:36:13: Copy Over 'C:/rock/bannister/Bannister/obj/x64/Debug/net8.0-android/android/bin/classes/androidx/savedstate/R$id.class' -> 'goodrive://www.googleapis.com/:personal:/bannister/bannister/obj/x64/Debug/net8.0-android/android/bin/classes/androidx/savedstate/R$id.class' (342)
2026-08-09 05:36:15: Copy Over 'C:/rock/bannister/Bannister/obj/x64/Debug/net8.0-android/android/bin/classes/androidx/savedstate/R.class' -> 'goodrive://www.googleapis.com/:personal:/bannister/bannister/obj/x64/Debug/net8.0-android/android/bin/classes/androidx/savedstate/R.class' (262)
2026-08-09 05:36:16: Copy Over 'C:/rock/bannister/Bannister/obj/x64/Debug/net8.0-android/android/bin/classes/androidx/recyclerview/R$dimen.class' -> 'goodrive://www.googleapis.com/:personal:/bannister/bannister/obj/x64/Debug/net8.0-android/android/bin/classes/androidx/recyclerview/R$dimen.class' (630)
2026-08-09 05:36:17: Copy Over 'C:/rock/bannister/Bannister/obj/x64/Debug/net8.0-android/android/bin/classes/androidx/recyclerview/R$id.class' -> 'goodrive://www.googleapis.com/:personal:/bannister/bannister/obj/x64/Debug/net8.0-android/android/bin/classes/androidx/recyclerview/R$id.class' (346)
2026-08-09 05:36:18: Copy Over 'C:/rock/bannister/Bannister/obj/x64/Debug/net8.0-android/android/bin/classes/androidx/recyclerview/R$styleable.class' -> 'goodrive://www.googleapis.com/:personal:/bannister/bannister/obj/x64/Debug/net8.0-android/android/bin/classes/androidx/recyclerview/R$styleable.class' (1,227)
2026-08-09 05:36:20: Copy Over 'C:/rock/bannister/Bannister/obj/x64/Debug/net8.0-android/android/bin/classes/androidx/recyclerview/R.class' -> 'goodrive://www.googleapis.com/:personal:/bannister/bannister/obj/x64/Debug/net8.0-android/android/bin/classes/androidx/recyclerview/R.class' (425)
2026-08-09 05:36:21: Copy Over 'C:/rock/bannister/Bannister/obj/x64/Debug/net8.0-android/android/bin/classes/androidx/security/R.class' -> 'goodrive://www.googleapis.com/:personal:/bannister/bannister/obj/x64/Debug/net8.0-android/android/bin/classes/androidx/security/R.class' (194)
2026-08-09 05:36:22: Copy Over 'C:/rock/bannister/Bannister/obj/x64/Debug/net8.0-android/android/bin/classes/androidx/slidingpanelayout/R.class' -> 'goodrive://www.googleapis.com/:personal:/bannister/bannister/obj/x64/Debug/net8.0-android/android/bin/classes/androidx/slidingpanelayout/R.class' (203)
2026-08-09 05:36:23: Copy Over 'C:/rock/bannister/Bannister/obj/x64/Debug/net8.0-android/android/bin/classes/androidx/startup/R$string.class' -> 'goodrive://www.googleapis.com/:personal:/bannister/bannister/obj/x64/Debug/net8.0-android/android/bin/classes/androidx/startup/R$string.class' (324)
2026-08-09 05:36:24: Copy Over 'C:/rock/bannister/Bannister/obj/x64/Debug/net8.0-android/android/bin/classes/androidx/swiperefreshlayout/R$attr.class' -> 'goodrive://www.googleapis.com/:personal:/bannister/bannister/obj/x64/Debug/net8.0-android/android/bin/classes/androidx/swiperefreshlayout/R$attr.class' (842)
2026-08-09 05:36:25: Copy Over 'C:/rock/bannister/Bannister/obj/x64/Debug/net8.0-android/android/bin/classes/androidx/swiperefreshlayout/R$color.class' -> 'goodrive://www.googleapis.com/:personal:/bannister/bannister/obj/x64/Debug/net8.0-android/android/bin/classes/androidx/swiperefreshlayout/R$color.class' (516)
2026-08-09 05:36:27: Copy Over 'C:/rock/bannister/Bannister/obj/x64/Debug/net8.0-android/android/bin/classes/androidx/swiperefreshlayout/R$dimen.class' -> 'goodrive://www.googleapis.com/:personal:/bannister/bannister/obj/x64/Debug/net8.0-android/android/bin/classes/androidx/swiperefreshlayout/R$dimen.class' (1,565)
2026-08-09 05:36:27: Copy Over 'C:/rock/bannister/Bannister/obj/x64/Debug/net8.0-android/android/bin/classes/androidx/swiperefreshlayout/R$drawable.class' -> 'goodrive://www.googleapis.com/:personal:/bannister/bannister/obj/x64/Debug/net8.0-android/android/bin/classes/androidx/swiperefreshlayout/R$drawable.class' (910)
2026-08-09 05:36:28: Copy Over 'C:/rock/bannister/Bannister/obj/x64/Debug/net8.0-android/android/bin/classes/androidx/swiperefreshlayout/R$id.class' -> 'goodrive://www.googleapis.com/:personal:/bannister/bannister/obj/x64/Debug/net8.0-android/android/bin/classes/androidx/swiperefreshlayout/R$id.class' (3,370)
2026-08-09 05:36:30: Copy Over 'C:/rock/bannister/Bannister/obj/x64/Debug/net8.0-android/android/bin/classes/androidx/swiperefreshlayout/R$integer.class' -> 'goodrive://www.googleapis.com/:personal:/bannister/bannister/obj/x64/Debug/net8.0-android/android/bin/classes/androidx/swiperefreshlayout/R$integer.class' (367)
2026-08-09 05:36:30: Copy Over 'C:/rock/bannister/Bannister/obj/x64/Debug/net8.0-android/android/bin/classes/androidx/swiperefreshlayout/R$layout.class' -> 'goodrive://www.googleapis.com/:personal:/bannister/bannister/obj/x64/Debug/net8.0-android/android/bin/classes/androidx/swiperefreshlayout/R$layout.class' (668)
2026-08-09 05:36:32: Copy Over 'C:/rock/bannister/Bannister/obj/x64/Debug/net8.0-android/android/bin/classes/androidx/swiperefreshlayout/R$string.class' -> 'goodrive://www.googleapis.com/:personal:/bannister/bannister/obj/x64/Debug/net8.0-android/android/bin/classes/androidx/swiperefreshlayout/R$string.class' (367)
2026-08-09 05:36:33: Copy Over 'C:/rock/bannister/Bannister/obj/x64/Debug/net8.0-android/android/bin/classes/androidx/swiperefreshlayout/R$style.class' -> 'goodrive://www.googleapis.com/:personal:/bannister/bannister/obj/x64/Debug/net8.0-android/android/bin/classes/androidx/swiperefreshlayout/R$style.class' (741)
2026-08-09 05:36:34: Copy Over 'C:/rock/bannister/Bannister/obj/x64/Debug/net8.0-android/android/bin/classes/androidx/swiperefreshlayout/R$styleable.class' -> 'goodrive://www.googleapis.com/:personal:/bannister/bannister/obj/x64/Debug/net8.0-android/android/bin/classes/androidx/swiperefreshlayout/R$styleable.class' (2,778)
2026-08-09 05:36:36: Copy Over 'C:/rock/bannister/Bannister/obj/x64/Debug/net8.0-android/android/bin/classes/androidx/swiperefreshlayout/R.class' -> 'goodrive://www.googleapis.com/:personal:/bannister/bannister/obj/x64/Debug/net8.0-android/android/bin/classes/androidx/swiperefreshlayout/R.class' (811)
2026-08-09 05:36:37: Copy Over 'C:/rock/bannister/Bannister/obj/x64/Debug/net8.0-android/android/bin/classes/androidx/tracing/R.class' -> 'goodrive://www.googleapis.com/:personal:/bannister/bannister/obj/x64/Debug/net8.0-android/android/bin/classes/androidx/tracing/R.class' (193)
2026-08-09 05:36:37: Copy Over 'C:/rock/bannister/Bannister/obj/x64/Debug/net8.0-android/android/bin/classes/androidx/startup/R.class' -> 'goodrive://www.googleapis.com/:personal:/bannister/bannister/obj/x64/Debug/net8.0-android/android/bin/classes/androidx/startup/R.class' (264)
2026-08-09 05:36:39: Copy Over 'C:/rock/bannister/Bannister/obj/x64/Debug/net8.0-android/android/bin/classes/androidx/transition/R$anim.class' -> 'goodrive://www.googleapis.com/:personal:/bannister/bannister/obj/x64/Debug/net8.0-android/android/bin/classes/androidx/transition/R$anim.class' (845)
2026-08-09 05:36:40: Copy Over 'C:/rock/bannister/Bannister/obj/x64/Debug/net8.0-android/android/bin/classes/androidx/transition/R$bool.class' -> 'goodrive://www.googleapis.com/:personal:/bannister/bannister/obj/x64/Debug/net8.0-android/android/bin/classes/androidx/transition/R$bool.class' (391)
2026-08-09 05:36:41: Copy Over 'C:/rock/bannister/Bannister/obj/x64/Debug/net8.0-android/android/bin/classes/androidx/transition/R$attr.class' -> 'goodrive://www.googleapis.com/:personal:/bannister/bannister/obj/x64/Debug/net8.0-android/android/bin/classes/androidx/transition/R$attr.class' (11,464)
2026-08-09 05:36:42: Copy Over 'C:/rock/bannister/Bannister/obj/x64/Debug/net8.0-android/android/bin/classes/androidx/transition/R$color.class' -> 'goodrive://www.googleapis.com/:personal:/bannister/bannister/obj/x64/Debug/net8.0-android/android/bin/classes/androidx/transition/R$color.class' (4,628)
2026-08-09 05:36:44: Copy Over 'C:/rock/bannister/Bannister/obj/x64/Debug/net8.0-android/android/bin/classes/androidx/transition/R$dimen.class' -> 'goodrive://www.googleapis.com/:personal:/bannister/bannister/obj/x64/Debug/net8.0-android/android/bin/classes/androidx/transition/R$dimen.class' (6,730)
2026-08-09 05:36:44: Copy Over 'C:/rock/bannister/Bannister/obj/x64/Debug/net8.0-android/android/bin/classes/androidx/transition/R$drawable.class' -> 'goodrive://www.googleapis.com/:personal:/bannister/bannister/obj/x64/Debug/net8.0-android/android/bin/classes/androidx/transition/R$drawable.class' (4,846)
2026-08-09 05:36:46: Copy Over 'C:/rock/bannister/Bannister/obj/x64/Debug/net8.0-android/android/bin/classes/androidx/transition/R$id.class' -> 'goodrive://www.googleapis.com/:personal:/bannister/bannister/obj/x64/Debug/net8.0-android/android/bin/classes/androidx/transition/R$id.class' (6,708)
2026-08-09 05:36:48: Copy Over 'C:/rock/bannister/Bannister/obj/x64/Debug/net8.0-android/android/bin/classes/androidx/transition/R$layout.class' -> 'goodrive://www.googleapis.com/:personal:/bannister/bannister/obj/x64/Debug/net8.0-android/android/bin/classes/androidx/transition/R$layout.class' (2,282)
2026-08-09 05:36:48: Copy Over 'C:/rock/bannister/Bannister/obj/x64/Debug/net8.0-android/android/bin/classes/androidx/transition/R$integer.class' -> 'goodrive://www.googleapis.com/:personal:/bannister/bannister/obj/x64/Debug/net8.0-android/android/bin/classes/androidx/transition/R$integer.class' (550)
2026-08-09 05:36:49: Copy Over 'C:/rock/bannister/Bannister/obj/x64/Debug/net8.0-android/android/bin/classes/androidx/transition/R$string.class' -> 'goodrive://www.googleapis.com/:personal:/bannister/bannister/obj/x64/Debug/net8.0-android/android/bin/classes/androidx/transition/R$string.class' (1,834)
2026-08-09 05:36:51: Copy Over 'C:/rock/bannister/Bannister/obj/x64/Debug/net8.0-android/android/bin/classes/androidx/transition/R$styleable.class' -> 'goodrive://www.googleapis.com/:personal:/bannister/bannister/obj/x64/Debug/net8.0-android/android/bin/classes/androidx/transition/R$styleable.class' (29,138)
2026-08-09 05:36:51: Copy Over 'C:/rock/bannister/Bannister/obj/x64/Debug/net8.0-android/android/bin/classes/androidx/transition/R$style.class' -> 'goodrive://www.googleapis.com/:personal:/bannister/bannister/obj/x64/Debug/net8.0-android/android/bin/classes/androidx/transition/R$style.class' (21,640)
2026-08-09 05:36:52: Copy Over 'C:/rock/bannister/Bannister/obj/x64/Debug/net8.0-android/android/bin/classes/androidx/transition/R.class' -> 'goodrive://www.googleapis.com/:personal:/bannister/bannister/obj/x64/Debug/net8.0-android/android/bin/classes/androidx/transition/R.class' (817)
2026-08-09 05:36:54: Copy Over 'C:/rock/bannister/Bannister/obj/x64/Debug/net8.0-android/android/bin/classes/androidx/versionedparcelable/R.class' -> 'goodrive://www.googleapis.com/:personal:/bannister/bannister/obj/x64/Debug/net8.0-android/android/bin/classes/androidx/versionedparcelable/R.class' (205)
2026-08-09 05:36:54: Copy Over 'C:/rock/bannister/Bannister/obj/x64/Debug/net8.0-android/android/bin/classes/androidx/vectordrawable/animated/R$attr.class' -> 'goodrive://www.googleapis.com/:personal:/bannister/bannister/obj/x64/Debug/net8.0-android/android/bin/classes/androidx/vectordrawable/animated/R$attr.class' (780)
2026-08-09 05:36:56: Copy Over 'C:/rock/bannister/Bannister/obj/x64/Debug/net8.0-android/android/bin/classes/androidx/vectordrawable/animated/R$color.class' -> 'goodrive://www.googleapis.com/:personal:/bannister/bannister/obj/x64/Debug/net8.0-android/android/bin/classes/androidx/vectordrawable/animated/R$color.class' (526)
2026-08-09 05:36:57: Copy Over 'C:/rock/bannister/Bannister/obj/x64/Debug/net8.0-android/android/bin/classes/androidx/vectordrawable/animated/R$dimen.class' -> 'goodrive://www.googleapis.com/:personal:/bannister/bannister/obj/x64/Debug/net8.0-android/android/bin/classes/androidx/vectordrawable/animated/R$dimen.class' (1,575)
2026-08-09 05:36:58: Copy Over 'C:/rock/bannister/Bannister/obj/x64/Debug/net8.0-android/android/bin/classes/androidx/vectordrawable/animated/R$drawable.class' -> 'goodrive://www.googleapis.com/:personal:/bannister/bannister/obj/x64/Debug/net8.0-android/android/bin/classes/androidx/vectordrawable/animated/R$drawable.class' (920)
2026-08-09 05:37:00: Copy Over 'C:/rock/bannister/Bannister/obj/x64/Debug/net8.0-android/android/bin/classes/androidx/vectordrawable/animated/R$id.class' -> 'goodrive://www.googleapis.com/:personal:/bannister/bannister/obj/x64/Debug/net8.0-android/android/bin/classes/androidx/vectordrawable/animated/R$id.class' (3,380)
2026-08-09 05:37:00: Copy Over 'C:/rock/bannister/Bannister/obj/x64/Debug/net8.0-android/android/bin/classes/androidx/vectordrawable/animated/R$integer.class' -> 'goodrive://www.googleapis.com/:personal:/bannister/bannister/obj/x64/Debug/net8.0-android/android/bin/classes/androidx/vectordrawable/animated/R$integer.class' (377)
2026-08-09 05:37:02: Copy Over 'C:/rock/bannister/Bannister/obj/x64/Debug/net8.0-android/android/bin/classes/androidx/vectordrawable/animated/R$layout.class' -> 'goodrive://www.googleapis.com/:personal:/bannister/bannister/obj/x64/Debug/net8.0-android/android/bin/classes/androidx/vectordrawable/animated/R$layout.class' (678)
2026-08-09 05:37:03: Copy Over 'C:/rock/bannister/Bannister/obj/x64/Debug/net8.0-android/android/bin/classes/androidx/vectordrawable/animated/R$string.class' -> 'goodrive://www.googleapis.com/:personal:/bannister/bannister/obj/x64/Debug/net8.0-android/android/bin/classes/androidx/vectordrawable/animated/R$string.class' (377)
2026-08-09 05:37:04: Copy Over 'C:/rock/bannister/Bannister/obj/x64/Debug/net8.0-android/android/bin/classes/androidx/vectordrawable/animated/R$style.class' -> 'goodrive://www.googleapis.com/:personal:/bannister/bannister/obj/x64/Debug/net8.0-android/android/bin/classes/androidx/vectordrawable/animated/R$style.class' (751)
2026-08-09 05:37:06: Copy Over 'C:/rock/bannister/Bannister/obj/x64/Debug/net8.0-android/android/bin/classes/androidx/vectordrawable/animated/R$styleable.class' -> 'goodrive://www.googleapis.com/:personal:/bannister/bannister/obj/x64/Debug/net8.0-android/android/bin/classes/androidx/vectordrawable/animated/R$styleable.class' (2,643)
2026-08-09 05:37:06: Copy Over 'C:/rock/bannister/Bannister/obj/x64/Debug/net8.0-android/android/bin/classes/androidx/vectordrawable/animated/R.class' -> 'goodrive://www.googleapis.com/:personal:/bannister/bannister/obj/x64/Debug/net8.0-android/android/bin/classes/androidx/vectordrawable/animated/R.class' (866)
2026-08-09 05:37:07: Copy Over 'C:/rock/bannister/Bannister/obj/x64/Debug/net8.0-android/android/bin/classes/androidx/vectordrawable/R$attr.class' -> 'goodrive://www.googleapis.com/:personal:/bannister/bannister/obj/x64/Debug/net8.0-android/android/bin/classes/androidx/vectordrawable/R$attr.class' (762)
2026-08-09 05:37:09: Copy Over 'C:/rock/bannister/Bannister/obj/x64/Debug/net8.0-android/android/bin/classes/androidx/vectordrawable/R$color.class' -> 'goodrive://www.googleapis.com/:personal:/bannister/bannister/obj/x64/Debug/net8.0-android/android/bin/classes/androidx/vectordrawable/R$color.class' (508)
2026-08-09 05:37:09: Copy Over 'C:/rock/bannister/Bannister/obj/x64/Debug/net8.0-android/android/bin/classes/androidx/vectordrawable/R$dimen.class' -> 'goodrive://www.googleapis.com/:personal:/bannister/bannister/obj/x64/Debug/net8.0-android/android/bin/classes/androidx/vectordrawable/R$dimen.class' (1,557)
2026-08-09 05:37:10: Copy Over 'C:/rock/bannister/Bannister/obj/x64/Debug/net8.0-android/android/bin/classes/androidx/vectordrawable/R$drawable.class' -> 'goodrive://www.googleapis.com/:personal:/bannister/bannister/obj/x64/Debug/net8.0-android/android/bin/classes/androidx/vectordrawable/R$drawable.class' (902)
2026-08-09 05:37:12: Copy Over 'C:/rock/bannister/Bannister/obj/x64/Debug/net8.0-android/android/bin/classes/androidx/vectordrawable/R$id.class' -> 'goodrive://www.googleapis.com/:personal:/bannister/bannister/obj/x64/Debug/net8.0-android/android/bin/classes/androidx/vectordrawable/R$id.class' (3,362)
2026-08-09 05:37:12: Copy Over 'C:/rock/bannister/Bannister/obj/x64/Debug/net8.0-android/android/bin/classes/androidx/vectordrawable/R$integer.class' -> 'goodrive://www.googleapis.com/:personal:/bannister/bannister/obj/x64/Debug/net8.0-android/android/bin/classes/androidx/vectordrawable/R$integer.class' (359)
2026-08-09 05:37:14: Copy Over 'C:/rock/bannister/Bannister/obj/x64/Debug/net8.0-android/android/bin/classes/androidx/vectordrawable/R$layout.class' -> 'goodrive://www.googleapis.com/:personal:/bannister/bannister/obj/x64/Debug/net8.0-android/android/bin/classes/androidx/vectordrawable/R$layout.class' (660)
2026-08-09 05:37:15: Copy Over 'C:/rock/bannister/Bannister/obj/x64/Debug/net8.0-android/android/bin/classes/androidx/vectordrawable/R$string.class' -> 'goodrive://www.googleapis.com/:personal:/bannister/bannister/obj/x64/Debug/net8.0-android/android/bin/classes/androidx/vectordrawable/R$string.class' (359)
2026-08-09 05:37:16: Copy Over 'C:/rock/bannister/Bannister/obj/x64/Debug/net8.0-android/android/bin/classes/androidx/vectordrawable/R$style.class' -> 'goodrive://www.googleapis.com/:personal:/bannister/bannister/obj/x64/Debug/net8.0-android/android/bin/classes/androidx/vectordrawable/R$style.class' (733)
2026-08-09 05:37:17: Copy Over 'C:/rock/bannister/Bannister/obj/x64/Debug/net8.0-android/android/bin/classes/androidx/vectordrawable/R$styleable.class' -> 'goodrive://www.googleapis.com/:personal:/bannister/bannister/obj/x64/Debug/net8.0-android/android/bin/classes/androidx/vectordrawable/R$styleable.class' (2,625)
2026-08-09 05:37:19: Copy Over 'C:/rock/bannister/Bannister/obj/x64/Debug/net8.0-android/android/bin/classes/androidx/vectordrawable/R.class' -> 'goodrive://www.googleapis.com/:personal:/bannister/bannister/obj/x64/Debug/net8.0-android/android/bin/classes/androidx/vectordrawable/R.class' (767)
2026-08-09 05:37:19: Copy Over 'C:/rock/bannister/Bannister/obj/x64/Debug/net8.0-android/android/bin/classes/androidx/viewpager/R$attr.class' -> 'goodrive://www.googleapis.com/:personal:/bannister/bannister/obj/x64/Debug/net8.0-android/android/bin/classes/androidx/viewpager/R$attr.class' (752)
2026-08-09 05:37:21: Copy Over 'C:/rock/bannister/Bannister/obj/x64/Debug/net8.0-android/android/bin/classes/androidx/viewpager2/R$attr.class' -> 'goodrive://www.googleapis.com/:personal:/bannister/bannister/obj/x64/Debug/net8.0-android/android/bin/classes/androidx/viewpager2/R$attr.class' (1,203)
2026-08-09 05:37:22: Copy Over 'C:/rock/bannister/Bannister/obj/x64/Debug/net8.0-android/android/bin/classes/androidx/viewpager2/R$color.class' -> 'goodrive://www.googleapis.com/:personal:/bannister/bannister/obj/x64/Debug/net8.0-android/android/bin/classes/androidx/viewpager2/R$color.class' (500)
2026-08-09 05:37:23: Copy Over 'C:/rock/bannister/Bannister/obj/x64/Debug/net8.0-android/android/bin/classes/androidx/viewpager2/R$dimen.class' -> 'goodrive://www.googleapis.com/:personal:/bannister/bannister/obj/x64/Debug/net8.0-android/android/bin/classes/androidx/viewpager2/R$dimen.class' (1,887)
2026-08-09 05:37:24: Copy Over 'C:/rock/bannister/Bannister/obj/x64/Debug/net8.0-android/android/bin/classes/androidx/viewpager2/R$drawable.class' -> 'goodrive://www.googleapis.com/:personal:/bannister/bannister/obj/x64/Debug/net8.0-android/android/bin/classes/androidx/viewpager2/R$drawable.class' (894)
2026-08-09 05:37:26: Copy Over 'C:/rock/bannister/Bannister/obj/x64/Debug/net8.0-android/android/bin/classes/androidx/viewpager2/R$id.class' -> 'goodrive://www.googleapis.com/:personal:/bannister/bannister/obj/x64/Debug/net8.0-android/android/bin/classes/androidx/viewpager2/R$id.class' (3,414)
2026-08-09 05:37:26: Copy Over 'C:/rock/bannister/Bannister/obj/x64/Debug/net8.0-android/android/bin/classes/androidx/viewpager2/R$integer.class' -> 'goodrive://www.googleapis.com/:personal:/bannister/bannister/obj/x64/Debug/net8.0-android/android/bin/classes/androidx/viewpager2/R$integer.class' (351)
2026-08-09 05:37:27: Copy Over 'C:/rock/bannister/Bannister/obj/x64/Debug/net8.0-android/android/bin/classes/androidx/viewpager2/R$layout.class' -> 'goodrive://www.googleapis.com/:personal:/bannister/bannister/obj/x64/Debug/net8.0-android/android/bin/classes/androidx/viewpager2/R$layout.class' (652)
2026-08-09 05:37:30: Copy Over 'C:/rock/bannister/Bannister/obj/x64/Debug/net8.0-android/android/bin/classes/androidx/viewpager2/R$style.class' -> 'goodrive://www.googleapis.com/:personal:/bannister/bannister/obj/x64/Debug/net8.0-android/android/bin/classes/androidx/viewpager2/R$style.class' (725)
2026-08-09 05:37:30: Copy Over 'C:/rock/bannister/Bannister/obj/x64/Debug/net8.0-android/android/bin/classes/androidx/viewpager2/R$string.class' -> 'goodrive://www.googleapis.com/:personal:/bannister/bannister/obj/x64/Debug/net8.0-android/android/bin/classes/androidx/viewpager2/R$string.class' (351)
2026-08-09 05:37:31: Copy Over 'C:/rock/bannister/Bannister/obj/x64/Debug/net8.0-android/android/bin/classes/androidx/viewpager2/R$styleable.class' -> 'goodrive://www.googleapis.com/:personal:/bannister/bannister/obj/x64/Debug/net8.0-android/android/bin/classes/androidx/viewpager2/R$styleable.class' (3,528)
2026-08-09 05:37:33: Copy Over 'C:/rock/bannister/Bannister/obj/x64/Debug/net8.0-android/android/bin/classes/androidx/viewpager2/R.class' -> 'goodrive://www.googleapis.com/:personal:/bannister/bannister/obj/x64/Debug/net8.0-android/android/bin/classes/androidx/viewpager2/R.class' (723)
2026-08-09 05:37:33: Copy Over 'C:/rock/bannister/Bannister/obj/x64/Debug/net8.0-android/android/bin/classes/androidx/viewpager/R$color.class' -> 'goodrive://www.googleapis.com/:personal:/bannister/bannister/obj/x64/Debug/net8.0-android/android/bin/classes/androidx/viewpager/R$color.class' (498)
2026-08-09 05:37:34: Copy Over 'C:/rock/bannister/Bannister/obj/x64/Debug/net8.0-android/android/bin/classes/androidx/viewpager/R$dimen.class' -> 'goodrive://www.googleapis.com/:personal:/bannister/bannister/obj/x64/Debug/net8.0-android/android/bin/classes/androidx/viewpager/R$dimen.class' (1,547)
2026-08-09 05:37:36: Copy Over 'C:/rock/bannister/Bannister/obj/x64/Debug/net8.0-android/android/bin/classes/androidx/viewpager/R$drawable.class' -> 'goodrive://www.googleapis.com/:personal:/bannister/bannister/obj/x64/Debug/net8.0-android/android/bin/classes/androidx/viewpager/R$drawable.class' (892)
2026-08-09 05:37:36: Copy Over 'C:/rock/bannister/Bannister/obj/x64/Debug/net8.0-android/android/bin/classes/androidx/viewpager/R$id.class' -> 'goodrive://www.googleapis.com/:personal:/bannister/bannister/obj/x64/Debug/net8.0-android/android/bin/classes/androidx/viewpager/R$id.class' (1,280)
2026-08-09 05:37:38: Copy Over 'C:/rock/bannister/Bannister/obj/x64/Debug/net8.0-android/android/bin/classes/androidx/viewpager/R$integer.class' -> 'goodrive://www.googleapis.com/:personal:/bannister/bannister/obj/x64/Debug/net8.0-android/android/bin/classes/androidx/viewpager/R$integer.class' (349)
2026-08-09 05:37:39: Copy Over 'C:/rock/bannister/Bannister/obj/x64/Debug/net8.0-android/android/bin/classes/androidx/viewpager/R$layout.class' -> 'goodrive://www.googleapis.com/:personal:/bannister/bannister/obj/x64/Debug/net8.0-android/android/bin/classes/androidx/viewpager/R$layout.class' (613)
2026-08-09 05:37:40: Copy Over 'C:/rock/bannister/Bannister/obj/x64/Debug/net8.0-android/android/bin/classes/androidx/viewpager/R$string.class' -> 'goodrive://www.googleapis.com/:personal:/bannister/bannister/obj/x64/Debug/net8.0-android/android/bin/classes/androidx/viewpager/R$string.class' (349)
2026-08-09 05:37:41: Copy Over 'C:/rock/bannister/Bannister/obj/x64/Debug/net8.0-android/android/bin/classes/androidx/viewpager/R$style.class' -> 'goodrive://www.googleapis.com/:personal:/bannister/bannister/obj/x64/Debug/net8.0-android/android/bin/classes/androidx/viewpager/R$style.class' (723)
2026-08-09 05:37:42: Copy Over 'C:/rock/bannister/Bannister/obj/x64/Debug/net8.0-android/android/bin/classes/androidx/viewpager/R$styleable.class' -> 'goodrive://www.googleapis.com/:personal:/bannister/bannister/obj/x64/Debug/net8.0-android/android/bin/classes/androidx/viewpager/R$styleable.class' (2,615)
2026-08-09 05:37:43: Copy Over 'C:/rock/bannister/Bannister/obj/x64/Debug/net8.0-android/android/bin/classes/androidx/viewpager/R.class' -> 'goodrive://www.googleapis.com/:personal:/bannister/bannister/obj/x64/Debug/net8.0-android/android/bin/classes/androidx/viewpager/R.class' (712)
2026-08-09 05:37:45: Copy Over 'C:/rock/bannister/Bannister/obj/x64/Debug/net8.0-android/android/bin/classes/crc640a1f4d108c17e3f1/ClipboardChangeListener.class' -> 'goodrive://www.googleapis.com/:personal:/bannister/bannister/obj/x64/Debug/net8.0-android/android/bin/classes/crc640a1f4d108c17e3f1/ClipboardChangeListener.class' (1,711)
2026-08-09 05:37:46: Copy Over 'C:/rock/bannister/Bannister/obj/x64/Debug/net8.0-android/android/bin/classes/androidx/window/R$attr.class' -> 'goodrive://www.googleapis.com/:personal:/bannister/bannister/obj/x64/Debug/net8.0-android/android/bin/classes/androidx/window/R$attr.class' (1,181)
2026-08-09 05:37:46: Copy Over 'C:/rock/bannister/Bannister/obj/x64/Debug/net8.0-android/android/bin/classes/androidx/window/extensions/core/R.class' -> 'goodrive://www.googleapis.com/:personal:/bannister/bannister/obj/x64/Debug/net8.0-android/android/bin/classes/androidx/window/extensions/core/R.class' (208)
2026-08-09 05:37:48: Copy Over 'C:/rock/bannister/Bannister/obj/x64/Debug/net8.0-android/android/bin/classes/androidx/window/R$id.class' -> 'goodrive://www.googleapis.com/:personal:/bannister/bannister/obj/x64/Debug/net8.0-android/android/bin/classes/androidx/window/R$id.class' (646)
2026-08-09 05:37:50: Copy Over 'C:/rock/bannister/Bannister/obj/x64/Debug/net8.0-android/android/bin/classes/androidx/window/R.class' -> 'goodrive://www.googleapis.com/:personal:/bannister/bannister/obj/x64/Debug/net8.0-android/android/bin/classes/androidx/window/R.class' (350)
2026-08-09 05:37:50: Copy Over 'C:/rock/bannister/Bannister/obj/x64/Debug/net8.0-android/android/bin/classes/androidx/window/R$styleable.class' -> 'goodrive://www.googleapis.com/:personal:/bannister/bannister/obj/x64/Debug/net8.0-android/android/bin/classes/androidx/window/R$styleable.class' (2,587)
2026-08-09 05:37:51: Copy Over 'C:/rock/bannister/Bannister/obj/x64/Debug/net8.0-android/android/bin/classes/crc640a8d9a12ddbf2cf2/BatteryBroadcastReceiver.class' -> 'goodrive://www.googleapis.com/:personal:/bannister/bannister/obj/x64/Debug/net8.0-android/android/bin/classes/crc640a8d9a12ddbf2cf2/BatteryBroadcastReceiver.class' (1,535)
2026-08-09 05:37:54: Copy Over 'C:/rock/bannister/Bannister/obj/x64/Debug/net8.0-android/android/bin/classes/crc640ec207abc449b2ca/ContainerView.class' -> 'goodrive://www.googleapis.com/:personal:/bannister/bannister/obj/x64/Debug/net8.0-android/android/bin/classes/crc640ec207abc449b2ca/ContainerView.class' (2,662)
2026-08-09 05:37:54: Copy Over 'C:/rock/bannister/Bannister/obj/x64/Debug/net8.0-android/android/bin/classes/crc640ec207abc449b2ca/CustomFrameLayout.class' -> 'goodrive://www.googleapis.com/:personal:/bannister/bannister/obj/x64/Debug/net8.0-android/android/bin/classes/crc640ec207abc449b2ca/CustomFrameLayout.class' (2,688)
2026-08-09 05:37:54: Copy Over 'C:/rock/bannister/Bannister/obj/x64/Debug/net8.0-android/android/bin/classes/crc640ec207abc449b2ca/RecyclerViewContainer.class' -> 'goodrive://www.googleapis.com/:personal:/bannister/bannister/obj/x64/Debug/net8.0-android/android/bin/classes/crc640ec207abc449b2ca/RecyclerViewContainer.class' (2,053)
2026-08-09 05:37:57: Copy Over 'C:/rock/bannister/Bannister/obj/x64/Debug/net8.0-android/android/bin/classes/crc640ec207abc449b2ca/ScrollLayoutManager.class' -> 'goodrive://www.googleapis.com/:personal:/bannister/bannister/obj/x64/Debug/net8.0-android/android/bin/classes/crc640ec207abc449b2ca/ScrollLayoutManager.class' (2,350)
2026-08-09 05:37:57: Copy Over 'C:/rock/bannister/Bannister/obj/x64/Debug/net8.0-android/android/bin/classes/crc640ec207abc449b2ca/ShellContentFragment.class' -> 'goodrive://www.googleapis.com/:personal:/bannister/bannister/obj/x64/Debug/net8.0-android/android/bin/classes/crc640ec207abc449b2ca/ShellContentFragment.class' (3,624)
2026-08-09 05:37:58: Copy Over 'C:/rock/bannister/Bannister/obj/x64/Debug/net8.0-android/android/bin/classes/crc640ec207abc449b2ca/ShellFlyoutLayout.class' -> 'goodrive://www.googleapis.com/:personal:/bannister/bannister/obj/x64/Debug/net8.0-android/android/bin/classes/crc640ec207abc449b2ca/ShellFlyoutLayout.class' (2,203)
2026-08-09 05:38:00: Copy Over 'C:/rock/bannister/Bannister/obj/x64/Debug/net8.0-android/android/bin/classes/crc640ec207abc449b2ca/ShellFlyoutRecyclerAdapter.class' -> 'goodrive://www.googleapis.com/:personal:/bannister/bannister/obj/x64/Debug/net8.0-android/android/bin/classes/crc640ec207abc449b2ca/ShellFlyoutRecyclerAdapter.class' (2,757)
2026-08-09 05:38:00: Copy Over 'C:/rock/bannister/Bannister/obj/x64/Debug/net8.0-android/android/bin/classes/crc640ec207abc449b2ca/ShellFlyoutRecyclerAdapter_ElementViewHolder.class' -> 'goodrive://www.googleapis.com/:personal:/bannister/bannister/obj/x64/Debug/net8.0-android/android/bin/classes/crc640ec207abc449b2ca/ShellFlyoutRecyclerAdapter_ElementViewHolder.class' (1,537)
2026-08-09 05:38:01: Copy Over 'C:/rock/bannister/Bannister/obj/x64/Debug/net8.0-android/android/bin/classes/crc640ec207abc449b2ca/ShellFlyoutRecyclerAdapter_ShellLinearLayout.class' -> 'goodrive://www.googleapis.com/:personal:/bannister/bannister/obj/x64/Debug/net8.0-android/android/bin/classes/crc640ec207abc449b2ca/ShellFlyoutRecyclerAdapter_ShellLinearLayout.class' (2,466)
2026-08-09 05:38:03: Copy Over 'C:/rock/bannister/Bannister/obj/x64/Debug/net8.0-android/android/bin/classes/crc640ec207abc449b2ca/ShellFlyoutRenderer.class' -> 'goodrive://www.googleapis.com/:personal:/bannister/bannister/obj/x64/Debug/net8.0-android/android/bin/classes/crc640ec207abc449b2ca/ShellFlyoutRenderer.class' (2,572)
2026-08-09 05:38:05: Copy Over 'C:/rock/bannister/Bannister/obj/x64/Debug/net8.0-android/android/bin/classes/crc640ec207abc449b2ca/ShellFlyoutTemplatedContentRenderer_HeaderContainer.class' -> 'goodrive://www.googleapis.com/:personal:/bannister/bannister/obj/x64/Debug/net8.0-android/android/bin/classes/crc640ec207abc449b2ca/ShellFlyoutTemplatedContentRenderer_HeaderContainer.class' (2,789)
2026-08-09 05:38:05: Copy Over 'C:/rock/bannister/Bannister/obj/x64/Debug/net8.0-android/android/bin/classes/crc640ec207abc449b2ca/ShellFlyoutTemplatedContentRenderer.class' -> 'goodrive://www.googleapis.com/:personal:/bannister/bannister/obj/x64/Debug/net8.0-android/android/bin/classes/crc640ec207abc449b2ca/ShellFlyoutTemplatedContentRenderer.class' (1,876)
2026-08-09 05:38:06: Copy Over 'C:/rock/bannister/Bannister/obj/x64/Debug/net8.0-android/android/bin/classes/crc640ec207abc449b2ca/ShellFragmentContainer.class' -> 'goodrive://www.googleapis.com/:personal:/bannister/bannister/obj/x64/Debug/net8.0-android/android/bin/classes/crc640ec207abc449b2ca/ShellFragmentContainer.class' (2,162)
2026-08-09 05:38:08: Copy Over 'C:/rock/bannister/Bannister/obj/x64/Debug/net8.0-android/android/bin/classes/crc640ec207abc449b2ca/ShellFragmentStateAdapter.class' -> 'goodrive://www.googleapis.com/:personal:/bannister/bannister/obj/x64/Debug/net8.0-android/android/bin/classes/crc640ec207abc449b2ca/ShellFragmentStateAdapter.class' (2,752)
2026-08-09 05:38:09: Copy Over 'C:/rock/bannister/Bannister/obj/x64/Debug/net8.0-android/android/bin/classes/crc640ec207abc449b2ca/ShellItemRenderer.class' -> 'goodrive://www.googleapis.com/:personal:/bannister/bannister/obj/x64/Debug/net8.0-android/android/bin/classes/crc640ec207abc449b2ca/ShellItemRenderer.class' (2,599)
2026-08-09 05:38:09: Copy Over 'C:/rock/bannister/Bannister/obj/x64/Debug/net8.0-android/android/bin/classes/crc640ec207abc449b2ca/ShellItemRendererBase.class' -> 'goodrive://www.googleapis.com/:personal:/bannister/bannister/obj/x64/Debug/net8.0-android/android/bin/classes/crc640ec207abc449b2ca/ShellItemRendererBase.class' (1,619)
2026-08-09 05:38:12: Copy Over 'C:/rock/bannister/Bannister/obj/x64/Debug/net8.0-android/android/bin/classes/crc640ec207abc449b2ca/ShellPageContainer.class' -> 'goodrive://www.googleapis.com/:personal:/bannister/bannister/obj/x64/Debug/net8.0-android/android/bin/classes/crc640ec207abc449b2ca/ShellPageContainer.class' (2,677)
2026-08-09 05:38:12: Copy Over 'C:/rock/bannister/Bannister/obj/x64/Debug/net8.0-android/android/bin/classes/crc640ec207abc449b2ca/ShellSearchView_ClipDrawableWrapper.class' -> 'goodrive://www.googleapis.com/:personal:/bannister/bannister/obj/x64/Debug/net8.0-android/android/bin/classes/crc640ec207abc449b2ca/ShellSearchView_ClipDrawableWrapper.class' (1,666)
2026-08-09 05:38:12: Copy Over 'C:/rock/bannister/Bannister/obj/x64/Debug/net8.0-android/android/bin/classes/crc640ec207abc449b2ca/ShellSearchView.class' -> 'goodrive://www.googleapis.com/:personal:/bannister/bannister/obj/x64/Debug/net8.0-android/android/bin/classes/crc640ec207abc449b2ca/ShellSearchView.class' (4,454)
2026-08-09 05:38:16: Copy Over 'C:/rock/bannister/Bannister/obj/x64/Debug/net8.0-android/android/bin/classes/crc640ec207abc449b2ca/ShellSearchViewAdapter.class' -> 'goodrive://www.googleapis.com/:personal:/bannister/bannister/obj/x64/Debug/net8.0-android/android/bin/classes/crc640ec207abc449b2ca/ShellSearchViewAdapter.class' (2,282)
2026-08-09 05:38:16: Copy Over 'C:/rock/bannister/Bannister/obj/x64/Debug/net8.0-android/android/bin/classes/crc640ec207abc449b2ca/ShellSearchViewAdapter_ObjectWrapper.class' -> 'goodrive://www.googleapis.com/:personal:/bannister/bannister/obj/x64/Debug/net8.0-android/android/bin/classes/crc640ec207abc449b2ca/ShellSearchViewAdapter_ObjectWrapper.class' (1,430)
2026-08-09 05:38:16: Copy Over 'C:/rock/bannister/Bannister/obj/x64/Debug/net8.0-android/android/bin/classes/crc640ec207abc449b2ca/ShellSearchViewAdapter_CustomFilter.class' -> 'goodrive://www.googleapis.com/:personal:/bannister/bannister/obj/x64/Debug/net8.0-android/android/bin/classes/crc640ec207abc449b2ca/ShellSearchViewAdapter_CustomFilter.class' (2,238)
2026-08-09 05:38:19: Copy Over 'C:/rock/bannister/Bannister/obj/x64/Debug/net8.0-android/android/bin/classes/crc640ec207abc449b2ca/ShellSectionRenderer_ViewPagerPageChanged.class' -> 'goodrive://www.googleapis.com/:personal:/bannister/bannister/obj/x64/Debug/net8.0-android/android/bin/classes/crc640ec207abc449b2ca/ShellSectionRenderer_ViewPagerPageChanged.class' (1,902)
2026-08-09 05:38:19: Copy Over 'C:/rock/bannister/Bannister/obj/x64/Debug/net8.0-android/android/bin/classes/crc640ec207abc449b2ca/ShellToolbarTracker.class' -> 'goodrive://www.googleapis.com/:personal:/bannister/bannister/obj/x64/Debug/net8.0-android/android/bin/classes/crc640ec207abc449b2ca/ShellToolbarTracker.class' (1,629)
2026-08-09 05:38:20: Copy Over 'C:/rock/bannister/Bannister/obj/x64/Debug/net8.0-android/android/bin/classes/crc640ec207abc449b2ca/ShellSectionRenderer.class' -> 'goodrive://www.googleapis.com/:personal:/bannister/bannister/obj/x64/Debug/net8.0-android/android/bin/classes/crc640ec207abc449b2ca/ShellSectionRenderer.class' (3,126)
2026-08-09 05:38:22: Copy Over 'C:/rock/bannister/Bannister/obj/x64/Debug/net8.0-android/android/bin/classes/crc640ec207abc449b2ca/ShellToolbarTracker_FlyoutIconDrawerDrawable.class' -> 'goodrive://www.googleapis.com/:personal:/bannister/bannister/obj/x64/Debug/net8.0-android/android/bin/classes/crc640ec207abc449b2ca/ShellToolbarTracker_FlyoutIconDrawerDrawable.class' (1,657)
2026-08-09 05:38:23: Copy Over 'C:/rock/bannister/Bannister/obj/x64/Debug/net8.0-android/android/bin/classes/crc640a8d9a12ddbf2cf2/DeviceDisplayImplementation_Listener.class' -> 'goodrive://www.googleapis.com/:personal:/bannister/bannister/obj/x64/Debug/net8.0-android/android/bin/classes/crc640a8d9a12ddbf2cf2/DeviceDisplayImplementation_Listener.class' (1,891)
2026-08-09 05:38:23: Copy Over 'C:/rock/bannister/Bannister/obj/x64/Debug/net8.0-android/android/bin/classes/crc640a8d9a12ddbf2cf2/EnergySaverBroadcastReceiver.class' -> 'goodrive://www.googleapis.com/:personal:/bannister/bannister/obj/x64/Debug/net8.0-android/android/bin/classes/crc640a8d9a12ddbf2cf2/EnergySaverBroadcastReceiver.class' (1,547)
2026-08-09 05:38:26: Copy Over 'C:/rock/bannister/Bannister/obj/x64/Debug/net8.0-android/android/bin/classes/crc640fd0ddb16fe433d4/TouchBehavior_AccessibilityListener.class' -> 'goodrive://www.googleapis.com/:personal:/bannister/bannister/obj/x64/Debug/net8.0-android/android/bin/classes/crc640fd0ddb16fe433d4/TouchBehavior_AccessibilityListener.class' (2,341)
2026-08-09 05:38:26: Copy Over 'C:/rock/bannister/Bannister/obj/x64/Debug/net8.0-android/android/bin/classes/crc64124e178812aeed4c/ButtonRenderer.class' -> 'goodrive://www.googleapis.com/:personal:/bannister/bannister/obj/x64/Debug/net8.0-android/android/bin/classes/crc64124e178812aeed4c/ButtonRenderer.class' (4,672)
2026-08-09 05:38:26: Copy Over 'C:/rock/bannister/Bannister/obj/x64/Debug/net8.0-android/android/bin/classes/crc64124e178812aeed4c/FrameRenderer.class' -> 'goodrive://www.googleapis.com/:personal:/bannister/bannister/obj/x64/Debug/net8.0-android/android/bin/classes/crc64124e178812aeed4c/FrameRenderer.class' (2,787)
2026-08-09 05:38:29: Copy Over 'C:/rock/bannister/Bannister/obj/x64/Debug/net8.0-android/android/bin/classes/crc64124e178812aeed4c/LabelRenderer.class' -> 'goodrive://www.googleapis.com/:personal:/bannister/bannister/obj/x64/Debug/net8.0-android/android/bin/classes/crc64124e178812aeed4c/LabelRenderer.class' (2,432)
2026-08-09 05:38:29: Copy Over 'C:/rock/bannister/Bannister/obj/x64/Debug/net8.0-android/android/bin/classes/crc64124e178812aeed4c/ImageRenderer.class' -> 'goodrive://www.googleapis.com/:personal:/bannister/bannister/obj/x64/Debug/net8.0-android/android/bin/classes/crc64124e178812aeed4c/ImageRenderer.class' (3,100)
2026-08-09 05:38:30: Copy Over 'C:/rock/bannister/Bannister/obj/x64/Debug/net8.0-android/android/bin/classes/crc6413a2ffd8f229512a/CarouselViewAdapter_2.class' -> 'goodrive://www.googleapis.com/:personal:/bannister/bannister/obj/x64/Debug/net8.0-android/android/bin/classes/crc6413a2ffd8f229512a/CarouselViewAdapter_2.class' (1,928)
2026-08-09 05:38:32: Copy Over 'C:/rock/bannister/Bannister/obj/x64/Debug/net8.0-android/android/bin/classes/crc64159f3caeb1269279/MauiDrawingView.class' -> 'goodrive://www.googleapis.com/:personal:/bannister/bannister/obj/x64/Debug/net8.0-android/android/bin/classes/crc64159f3caeb1269279/MauiDrawingView.class' (2,609)
2026-08-09 05:38:33: Copy Over 'C:/rock/bannister/Bannister/obj/x64/Debug/net8.0-android/android/bin/classes/crc64159f3caeb1269279/MauiPopup.class' -> 'goodrive://www.googleapis.com/:personal:/bannister/bannister/obj/x64/Debug/net8.0-android/android/bin/classes/crc64159f3caeb1269279/MauiPopup.class' (2,633)
2026-08-09 05:38:33: Copy Over 'C:/rock/bannister/Bannister/obj/x64/Debug/net8.0-android/android/bin/classes/crc64159f3caeb1269279/MauiSemanticOrderView.class' -> 'goodrive://www.googleapis.com/:personal:/bannister/bannister/obj/x64/Debug/net8.0-android/android/bin/classes/crc64159f3caeb1269279/MauiSemanticOrderView.class' (2,549)
2026-08-09 05:38:36: Copy Over 'C:/rock/bannister/Bannister/obj/x64/Debug/net8.0-android/android/bin/classes/crc6413a2ffd8f229512a/RecyclerViewScrollListener_2.class' -> 'goodrive://www.googleapis.com/:personal:/bannister/bannister/obj/x64/Debug/net8.0-android/android/bin/classes/crc6413a2ffd8f229512a/RecyclerViewScrollListener_2.class' (1,721)
2026-08-09 05:38:36: Copy Over 'C:/rock/bannister/Bannister/obj/x64/Debug/net8.0-android/android/bin/classes/crc64338477404e88479c/ColorChangeRevealDrawable.class' -> 'goodrive://www.googleapis.com/:personal:/bannister/bannister/obj/x64/Debug/net8.0-android/android/bin/classes/crc64338477404e88479c/ColorChangeRevealDrawable.class' (1,463)
2026-08-09 05:38:37: Copy Over 'C:/rock/bannister/Bannister/obj/x64/Debug/net8.0-android/android/bin/classes/crc64396a3fe5f8138e3f/CustomTabsServiceConnectionImpl.class' -> 'goodrive://www.googleapis.com/:personal:/bannister/bannister/obj/x64/Debug/net8.0-android/android/bin/classes/crc64396a3fe5f8138e3f/CustomTabsServiceConnectionImpl.class' (2,018)
2026-08-09 05:38:39: Copy Over 'C:/rock/bannister/Bannister/obj/x64/Debug/net8.0-android/android/bin/classes/crc64396a3fe5f8138e3f/KeepAliveService.class' -> 'goodrive://www.googleapis.com/:personal:/bannister/bannister/obj/x64/Debug/net8.0-android/android/bin/classes/crc64396a3fe5f8138e3f/KeepAliveService.class' (1,447)
2026-08-09 05:38:39: Copy Over 'C:/rock/bannister/Bannister/obj/x64/Debug/net8.0-android/android/bin/classes/crc64338477404e88479c/ControlsAccessibilityDelegate.class' -> 'goodrive://www.googleapis.com/:personal:/bannister/bannister/obj/x64/Debug/net8.0-android/android/bin/classes/crc64338477404e88479c/ControlsAccessibilityDelegate.class' (2,397)
2026-08-09 05:38:40: Copy Over 'C:/rock/bannister/Bannister/obj/x64/Debug/net8.0-android/android/bin/classes/crc64338477404e88479c/DragAndDropGestureHandler.class' -> 'goodrive://www.googleapis.com/:personal:/bannister/bannister/obj/x64/Debug/net8.0-android/android/bin/classes/crc64338477404e88479c/DragAndDropGestureHandler.class' (1,695)
2026-08-09 05:38:42: Copy Over 'C:/rock/bannister/Bannister/obj/x64/Debug/net8.0-android/android/bin/classes/crc64338477404e88479c/DragAndDropGestureHandler_CustomLocalStateData.class' -> 'goodrive://www.googleapis.com/:personal:/bannister/bannister/obj/x64/Debug/net8.0-android/android/bin/classes/crc64338477404e88479c/DragAndDropGestureHandler_CustomLocalStateData.class' (1,281)
2026-08-09 05:38:43: Copy Over 'C:/rock/bannister/Bannister/obj/x64/Debug/net8.0-android/android/bin/classes/crc64338477404e88479c/FragmentContainer.class' -> 'goodrive://www.googleapis.com/:personal:/bannister/bannister/obj/x64/Debug/net8.0-android/android/bin/classes/crc64338477404e88479c/FragmentContainer.class' (2,113)
2026-08-09 05:38:43: Copy Over 'C:/rock/bannister/Bannister/obj/x64/Debug/net8.0-android/android/bin/classes/crc64338477404e88479c/GenericAnimatorListener.class' -> 'goodrive://www.googleapis.com/:personal:/bannister/bannister/obj/x64/Debug/net8.0-android/android/bin/classes/crc64338477404e88479c/GenericAnimatorListener.class' (2,065)
2026-08-09 05:38:46: Copy Over 'C:/rock/bannister/Bannister/obj/x64/Debug/net8.0-android/android/bin/classes/crc64338477404e88479c/GenericGlobalLayoutListener.class' -> 'goodrive://www.googleapis.com/:personal:/bannister/bannister/obj/x64/Debug/net8.0-android/android/bin/classes/crc64338477404e88479c/GenericGlobalLayoutListener.class' (1,659)
2026-08-09 05:38:46: Copy Over 'C:/rock/bannister/Bannister/obj/x64/Debug/net8.0-android/android/bin/classes/crc64338477404e88479c/GenericMenuClickListener.class' -> 'goodrive://www.googleapis.com/:personal:/bannister/bannister/obj/x64/Debug/net8.0-android/android/bin/classes/crc64338477404e88479c/GenericMenuClickListener.class' (1,705)
2026-08-09 05:38:47: Copy Over 'C:/rock/bannister/Bannister/obj/x64/Debug/net8.0-android/android/bin/classes/crc64338477404e88479c/GradientStrokeDrawable.class' -> 'goodrive://www.googleapis.com/:personal:/bannister/bannister/obj/x64/Debug/net8.0-android/android/bin/classes/crc64338477404e88479c/GradientStrokeDrawable.class' (1,882)
2026-08-09 05:38:49: Copy Over 'C:/rock/bannister/Bannister/obj/x64/Debug/net8.0-android/android/bin/classes/crc64338477404e88479c/InnerScaleListener.class' -> 'goodrive://www.googleapis.com/:personal:/bannister/bannister/obj/x64/Debug/net8.0-android/android/bin/classes/crc64338477404e88479c/InnerScaleListener.class' (2,051)
2026-08-09 05:38:50: Copy Over 'C:/rock/bannister/Bannister/obj/x64/Debug/net8.0-android/android/bin/classes/crc64338477404e88479c/InnerGestureListener.class' -> 'goodrive://www.googleapis.com/:personal:/bannister/bannister/obj/x64/Debug/net8.0-android/android/bin/classes/crc64338477404e88479c/InnerGestureListener.class' (4,498)
2026-08-09 05:38:50: Copy Over 'C:/rock/bannister/Bannister/obj/x64/Debug/net8.0-android/android/bin/classes/crc64338477404e88479c/MauiViewPager.class' -> 'goodrive://www.googleapis.com/:personal:/bannister/bannister/obj/x64/Debug/net8.0-android/android/bin/classes/crc64338477404e88479c/MauiViewPager.class' (2,078)
2026-08-09 05:38:53: Copy Over 'C:/rock/bannister/Bannister/obj/x64/Debug/net8.0-android/android/bin/classes/crc64338477404e88479c/ModalNavigationManager_ModalContainer.class' -> 'goodrive://www.googleapis.com/:personal:/bannister/bannister/obj/x64/Debug/net8.0-android/android/bin/classes/crc64338477404e88479c/ModalNavigationManager_ModalContainer.class' (3,275)
2026-08-09 05:38:53: Copy Over 'C:/rock/bannister/Bannister/obj/x64/Debug/net8.0-android/android/bin/classes/crc64338477404e88479c/ModalNavigationManager_ModalContainer_ModalFragment.class' -> 'goodrive://www.googleapis.com/:personal:/bannister/bannister/obj/x64/Debug/net8.0-android/android/bin/classes/crc64338477404e88479c/ModalNavigationManager_ModalContainer_ModalFragment.class' (1,965)
2026-08-09 05:38:54: Copy Over 'C:/rock/bannister/Bannister/obj/x64/Debug/net8.0-android/android/bin/classes/crc64338477404e88479c/MultiPageFragmentStateAdapter_1.class' -> 'goodrive://www.googleapis.com/:personal:/bannister/bannister/obj/x64/Debug/net8.0-android/android/bin/classes/crc64338477404e88479c/MultiPageFragmentStateAdapter_1.class' (2,756)
2026-08-09 05:38:56: Copy Over 'C:/rock/bannister/Bannister/obj/x64/Debug/net8.0-android/android/bin/classes/crc64338477404e88479c/PointerGestureHandler.class' -> 'goodrive://www.googleapis.com/:personal:/bannister/bannister/obj/x64/Debug/net8.0-android/android/bin/classes/crc64338477404e88479c/PointerGestureHandler.class' (1,696)
2026-08-09 05:38:56: Copy Over 'C:/rock/bannister/Bannister/obj/x64/Debug/net8.0-android/android/bin/classes/crc64338477404e88479c/TapAndPanGestureDetector.class' -> 'goodrive://www.googleapis.com/:personal:/bannister/bannister/obj/x64/Debug/net8.0-android/android/bin/classes/crc64338477404e88479c/TapAndPanGestureDetector.class' (3,212)
2026-08-09 05:38:57: Copy Over 'C:/rock/bannister/Bannister/obj/x64/Debug/net8.0-android/android/bin/classes/crc64338477404e88479c/ToolbarExtensions_ToolbarTitleIconImageView.class' -> 'goodrive://www.googleapis.com/:personal:/bannister/bannister/obj/x64/Debug/net8.0-android/android/bin/classes/crc64338477404e88479c/ToolbarExtensions_ToolbarTitleIconImageView.class' (2,108)
2026-08-09 05:38:59: Copy Over 'C:/rock/bannister/Bannister/obj/x64/Debug/net8.0-android/android/bin/classes/crc643f2b18b2570eaa5a/PlatformGraphicsView.class' -> 'goodrive://www.googleapis.com/:personal:/bannister/bannister/obj/x64/Debug/net8.0-android/android/bin/classes/crc643f2b18b2570eaa5a/PlatformGraphicsView.class' (2,727)
2026-08-09 05:39:00: Copy Over 'C:/rock/bannister/Bannister/obj/x64/Debug/net8.0-android/android/bin/classes/crc6452ffdc5b34af3a0f/AccessibilityDelegateCompatWrapper.class' -> 'goodrive://www.googleapis.com/:personal:/bannister/bannister/obj/x64/Debug/net8.0-android/android/bin/classes/crc6452ffdc5b34af3a0f/AccessibilityDelegateCompatWrapper.class' (5,319)
2026-08-09 05:39:01: Copy Over 'C:/rock/bannister/Bannister/obj/x64/Debug/net8.0-android/android/bin/classes/crc6452ffdc5b34af3a0f/BorderDrawable.class' -> 'goodrive://www.googleapis.com/:personal:/bannister/bannister/obj/x64/Debug/net8.0-android/android/bin/classes/crc6452ffdc5b34af3a0f/BorderDrawable.class' (2,268)
2026-08-09 05:39:03: Copy Over 'C:/rock/bannister/Bannister/obj/x64/Debug/net8.0-android/android/bin/classes/crc6452ffdc5b34af3a0f/ContainerView.class' -> 'goodrive://www.googleapis.com/:personal:/bannister/bannister/obj/x64/Debug/net8.0-android/android/bin/classes/crc6452ffdc5b34af3a0f/ContainerView.class' (2,341)
2026-08-09 05:39:04: Copy Over 'C:/rock/bannister/Bannister/obj/x64/Debug/net8.0-android/android/bin/classes/crc6452ffdc5b34af3a0f/ContentViewGroup.class' -> 'goodrive://www.googleapis.com/:personal:/bannister/bannister/obj/x64/Debug/net8.0-android/android/bin/classes/crc6452ffdc5b34af3a0f/ContentViewGroup.class' (2,850)
2026-08-09 05:39:04: Copy Over 'C:/rock/bannister/Bannister/obj/x64/Debug/net8.0-android/android/bin/classes/crc6452ffdc5b34af3a0f/FragmentManagerExtensions_CallBacks.class' -> 'goodrive://www.googleapis.com/:personal:/bannister/bannister/obj/x64/Debug/net8.0-android/android/bin/classes/crc6452ffdc5b34af3a0f/FragmentManagerExtensions_CallBacks.class' (2,102)
2026-08-09 05:39:07: Copy Over 'C:/rock/bannister/Bannister/obj/x64/Debug/net8.0-android/android/bin/classes/crc6452ffdc5b34af3a0f/LocalizedDigitsKeyListener.class' -> 'goodrive://www.googleapis.com/:personal:/bannister/bannister/obj/x64/Debug/net8.0-android/android/bin/classes/crc6452ffdc5b34af3a0f/LocalizedDigitsKeyListener.class' (2,202)
2026-08-09 05:39:07: Copy Over 'C:/rock/bannister/Bannister/obj/x64/Debug/net8.0-android/android/bin/classes/crc6452ffdc5b34af3a0f/LayoutViewGroup.class' -> 'goodrive://www.googleapis.com/:personal:/bannister/bannister/obj/x64/Debug/net8.0-android/android/bin/classes/crc6452ffdc5b34af3a0f/LayoutViewGroup.class' (2,857)
2026-08-09 05:39:07: Copy Over 'C:/rock/bannister/Bannister/obj/x64/Debug/net8.0-android/android/bin/classes/crc6452ffdc5b34af3a0f/MauiAccessibilityDelegateCompat.class' -> 'goodrive://www.googleapis.com/:personal:/bannister/bannister/obj/x64/Debug/net8.0-android/android/bin/classes/crc6452ffdc5b34af3a0f/MauiAccessibilityDelegateCompat.class' (2,385)
2026-08-09 05:39:10: Copy Over 'C:/rock/bannister/Bannister/obj/x64/Debug/net8.0-android/android/bin/classes/crc6452ffdc5b34af3a0f/MauiAppCompatEditText.class' -> 'goodrive://www.googleapis.com/:personal:/bannister/bannister/obj/x64/Debug/net8.0-android/android/bin/classes/crc6452ffdc5b34af3a0f/MauiAppCompatEditText.class' (2,201)
2026-08-09 05:39:10: Copy Over 'C:/rock/bannister/Bannister/obj/x64/Debug/net8.0-android/android/bin/classes/crc6452ffdc5b34af3a0f/MauiBoxView.class' -> 'goodrive://www.googleapis.com/:personal:/bannister/bannister/obj/x64/Debug/net8.0-android/android/bin/classes/crc6452ffdc5b34af3a0f/MauiBoxView.class' (2,350)
2026-08-09 05:39:10: Copy Over 'C:/rock/bannister/Bannister/obj/x64/Debug/net8.0-android/android/bin/classes/crc6452ffdc5b34af3a0f/MauiDatePicker.class' -> 'goodrive://www.googleapis.com/:personal:/bannister/bannister/obj/x64/Debug/net8.0-android/android/bin/classes/crc6452ffdc5b34af3a0f/MauiDatePicker.class' (2,411)
2026-08-09 05:39:14: Copy Over 'C:/rock/bannister/Bannister/obj/x64/Debug/net8.0-android/android/bin/classes/crc6452ffdc5b34af3a0f/MauiLayerDrawable.class' -> 'goodrive://www.googleapis.com/:personal:/bannister/bannister/obj/x64/Debug/net8.0-android/android/bin/classes/crc6452ffdc5b34af3a0f/MauiLayerDrawable.class' (1,377)
2026-08-09 05:39:14: Copy Over 'C:/rock/bannister/Bannister/obj/x64/Debug/net8.0-android/android/bin/classes/crc6452ffdc5b34af3a0f/MauiHorizontalScrollView.class' -> 'goodrive://www.googleapis.com/:personal:/bannister/bannister/obj/x64/Debug/net8.0-android/android/bin/classes/crc6452ffdc5b34af3a0f/MauiHorizontalScrollView.class' (3,616)
2026-08-09 05:39:14: Copy Over 'C:/rock/bannister/Bannister/obj/x64/Debug/net8.0-android/android/bin/classes/crc6452ffdc5b34af3a0f/MauiMaterialButton.class' -> 'goodrive://www.googleapis.com/:personal:/bannister/bannister/obj/x64/Debug/net8.0-android/android/bin/classes/crc6452ffdc5b34af3a0f/MauiMaterialButton.class' (2,621)
2026-08-09 05:39:17: Copy Over 'C:/rock/bannister/Bannister/obj/x64/Debug/net8.0-android/android/bin/classes/crc6452ffdc5b34af3a0f/MauiMaterialButton_MauiResizableDrawable.class' -> 'goodrive://www.googleapis.com/:personal:/bannister/bannister/obj/x64/Debug/net8.0-android/android/bin/classes/crc6452ffdc5b34af3a0f/MauiMaterialButton_MauiResizableDrawable.class' (1,446)
2026-08-09 05:39:17: Copy Over 'C:/rock/bannister/Bannister/obj/x64/Debug/net8.0-android/android/bin/classes/crc6452ffdc5b34af3a0f/MauiPageControl.class' -> 'goodrive://www.googleapis.com/:personal:/bannister/bannister/obj/x64/Debug/net8.0-android/android/bin/classes/crc6452ffdc5b34af3a0f/MauiPageControl.class' (2,347)
2026-08-09 05:39:17: Copy Over 'C:/rock/bannister/Bannister/obj/x64/Debug/net8.0-android/android/bin/classes/crc6452ffdc5b34af3a0f/MauiPageControl_TEditClickListener.class' -> 'goodrive://www.googleapis.com/:personal:/bannister/bannister/obj/x64/Debug/net8.0-android/android/bin/classes/crc6452ffdc5b34af3a0f/MauiPageControl_TEditClickListener.class' (1,642)
2026-08-09 05:39:20: Copy Over 'C:/rock/bannister/Bannister/obj/x64/Debug/net8.0-android/android/bin/classes/crc6452ffdc5b34af3a0f/MauiPicker.class' -> 'goodrive://www.googleapis.com/:personal:/bannister/bannister/obj/x64/Debug/net8.0-android/android/bin/classes/crc6452ffdc5b34af3a0f/MauiPicker.class' (2,436)
2026-08-09 05:39:20: Copy Over 'C:/rock/bannister/Bannister/obj/x64/Debug/net8.0-android/android/bin/classes/crc6452ffdc5b34af3a0f/MauiPickerBase.class' -> 'goodrive://www.googleapis.com/:personal:/bannister/bannister/obj/x64/Debug/net8.0-android/android/bin/classes/crc6452ffdc5b34af3a0f/MauiPickerBase.class' (2,002)
2026-08-09 05:39:21: Copy Over 'C:/rock/bannister/Bannister/obj/x64/Debug/net8.0-android/android/bin/classes/crc6452ffdc5b34af3a0f/MauiScrollView.class' -> 'goodrive://www.googleapis.com/:personal:/bannister/bannister/obj/x64/Debug/net8.0-android/android/bin/classes/crc6452ffdc5b34af3a0f/MauiScrollView.class' (3,242)
2026-08-09 05:39:24: Copy Over 'C:/rock/bannister/Bannister/obj/x64/Debug/net8.0-android/android/bin/classes/crc6452ffdc5b34af3a0f/MauiShapeView.class' -> 'goodrive://www.googleapis.com/:personal:/bannister/bannister/obj/x64/Debug/net8.0-android/android/bin/classes/crc6452ffdc5b34af3a0f/MauiShapeView.class' (2,356)
2026-08-09 05:39:24: Copy Over 'C:/rock/bannister/Bannister/obj/x64/Debug/net8.0-android/android/bin/classes/crc6452ffdc5b34af3a0f/MauiSearchView.class' -> 'goodrive://www.googleapis.com/:personal:/bannister/bannister/obj/x64/Debug/net8.0-android/android/bin/classes/crc6452ffdc5b34af3a0f/MauiSearchView.class' (1,995)
2026-08-09 05:39:24: Copy Over 'C:/rock/bannister/Bannister/obj/x64/Debug/net8.0-android/android/bin/classes/crc6452ffdc5b34af3a0f/MauiStepper.class' -> 'goodrive://www.googleapis.com/:personal:/bannister/bannister/obj/x64/Debug/net8.0-android/android/bin/classes/crc6452ffdc5b34af3a0f/MauiStepper.class' (2,335)
2026-08-09 05:39:27: Copy Over 'C:/rock/bannister/Bannister/obj/x64/Debug/net8.0-android/android/bin/classes/crc6452ffdc5b34af3a0f/MauiSwipeRefreshLayout.class' -> 'goodrive://www.googleapis.com/:personal:/bannister/bannister/obj/x64/Debug/net8.0-android/android/bin/classes/crc6452ffdc5b34af3a0f/MauiSwipeRefreshLayout.class' (1,816)
2026-08-09 05:39:27: Copy Over 'C:/rock/bannister/Bannister/obj/x64/Debug/net8.0-android/android/bin/classes/crc6452ffdc5b34af3a0f/MauiSwipeView.class' -> 'goodrive://www.googleapis.com/:personal:/bannister/bannister/obj/x64/Debug/net8.0-android/android/bin/classes/crc6452ffdc5b34af3a0f/MauiSwipeView.class' (3,174)
2026-08-09 05:39:27: Copy Over 'C:/rock/bannister/Bannister/obj/x64/Debug/net8.0-android/android/bin/classes/crc6452ffdc5b34af3a0f/MauiTextView.class' -> 'goodrive://www.googleapis.com/:personal:/bannister/bannister/obj/x64/Debug/net8.0-android/android/bin/classes/crc6452ffdc5b34af3a0f/MauiTextView.class' (1,515)
2026-08-09 05:39:31: Copy Over 'C:/rock/bannister/Bannister/obj/x64/Debug/net8.0-android/android/bin/classes/crc6452ffdc5b34af3a0f/MauiWebView.class' -> 'goodrive://www.googleapis.com/:personal:/bannister/bannister/obj/x64/Debug/net8.0-android/android/bin/classes/crc6452ffdc5b34af3a0f/MauiWebView.class' (2,748)
2026-08-09 05:39:31: Copy Over 'C:/rock/bannister/Bannister/obj/x64/Debug/net8.0-android/android/bin/classes/crc6452ffdc5b34af3a0f/MauiTimePicker.class' -> 'goodrive://www.googleapis.com/:personal:/bannister/bannister/obj/x64/Debug/net8.0-android/android/bin/classes/crc6452ffdc5b34af3a0f/MauiTimePicker.class' (2,411)
2026-08-09 05:39:31: Copy Over 'C:/rock/bannister/Bannister/obj/x64/Debug/net8.0-android/android/bin/classes/crc6452ffdc5b34af3a0f/MauiWebChromeClient.class' -> 'goodrive://www.googleapis.com/:personal:/bannister/bannister/obj/x64/Debug/net8.0-android/android/bin/classes/crc6452ffdc5b34af3a0f/MauiWebChromeClient.class' (1,806)
2026-08-09 05:39:34: Copy Over 'C:/rock/bannister/Bannister/obj/x64/Debug/net8.0-android/android/bin/classes/crc6452ffdc5b34af3a0f/MauiWebViewClient.class' -> 'goodrive://www.googleapis.com/:personal:/bannister/bannister/obj/x64/Debug/net8.0-android/android/bin/classes/crc6452ffdc5b34af3a0f/MauiWebViewClient.class' (2,658)
2026-08-09 05:39:34: Copy Over 'C:/rock/bannister/Bannister/obj/x64/Debug/net8.0-android/android/bin/classes/crc6452ffdc5b34af3a0f/NavigationRootManager_ElementBasedFragment.class' -> 'goodrive://www.googleapis.com/:personal:/bannister/bannister/obj/x64/Debug/net8.0-android/android/bin/classes/crc6452ffdc5b34af3a0f/NavigationRootManager_ElementBasedFragment.class' (1,795)
2026-08-09 05:39:34: Copy Over 'C:/rock/bannister/Bannister/obj/x64/Debug/net8.0-android/android/bin/classes/crc6452ffdc5b34af3a0f/NavigationViewFragment.class' -> 'goodrive://www.googleapis.com/:personal:/bannister/bannister/obj/x64/Debug/net8.0-android/android/bin/classes/crc6452ffdc5b34af3a0f/NavigationViewFragment.class' (2,350)
2026-08-09 05:39:37: Copy Over 'C:/rock/bannister/Bannister/obj/x64/Debug/net8.0-android/android/bin/classes/crc6452ffdc5b34af3a0f/PlatformTouchGraphicsView.class' -> 'goodrive://www.googleapis.com/:personal:/bannister/bannister/obj/x64/Debug/net8.0-android/android/bin/classes/crc6452ffdc5b34af3a0f/PlatformTouchGraphicsView.class' (2,954)
2026-08-09 05:39:38: Copy Over 'C:/rock/bannister/Bannister/obj/x64/Debug/net8.0-android/android/bin/classes/crc6452ffdc5b34af3a0f/ScopedFragment.class' -> 'goodrive://www.googleapis.com/:personal:/bannister/bannister/obj/x64/Debug/net8.0-android/android/bin/classes/crc6452ffdc5b34af3a0f/ScopedFragment.class' (2,195)
2026-08-09 05:39:38: Copy Over 'C:/rock/bannister/Bannister/obj/x64/Debug/net8.0-android/android/bin/classes/crc6452ffdc5b34af3a0f/StackNavigationManager_Callbacks.class' -> 'goodrive://www.googleapis.com/:personal:/bannister/bannister/obj/x64/Debug/net8.0-android/android/bin/classes/crc6452ffdc5b34af3a0f/StackNavigationManager_Callbacks.class' (5,643)
2026-08-09 05:39:40: Copy Over 'C:/rock/bannister/Bannister/obj/x64/Debug/net8.0-android/android/bin/classes/crc6452ffdc5b34af3a0f/StepperHandlerHolder.class' -> 'goodrive://www.googleapis.com/:personal:/bannister/bannister/obj/x64/Debug/net8.0-android/android/bin/classes/crc6452ffdc5b34af3a0f/StepperHandlerHolder.class' (1,185)
2026-08-09 05:39:41: Copy Over 'C:/rock/bannister/Bannister/obj/x64/Debug/net8.0-android/android/bin/classes/crc6452ffdc5b34af3a0f/StepperHandlerManager_StepperListener.class' -> 'goodrive://www.googleapis.com/:personal:/bannister/bannister/obj/x64/Debug/net8.0-android/android/bin/classes/crc6452ffdc5b34af3a0f/StepperHandlerManager_StepperListener.class' (1,651)
2026-08-09 05:39:41: Copy Over 'C:/rock/bannister/Bannister/obj/x64/Debug/net8.0-android/android/bin/classes/crc6452ffdc5b34af3a0f/SwipeViewPager.class' -> 'goodrive://www.googleapis.com/:personal:/bannister/bannister/obj/x64/Debug/net8.0-android/android/bin/classes/crc6452ffdc5b34af3a0f/SwipeViewPager.class' (2,063)
2026-08-09 05:39:43: Copy Over 'C:/rock/bannister/Bannister/obj/x64/Debug/net8.0-android/android/bin/classes/crc6452ffdc5b34af3a0f/ViewFragment.class' -> 'goodrive://www.googleapis.com/:personal:/bannister/bannister/obj/x64/Debug/net8.0-android/android/bin/classes/crc6452ffdc5b34af3a0f/ViewFragment.class' (2,017)
2026-08-09 05:39:44: Copy Over 'C:/rock/bannister/Bannister/obj/x64/Debug/net8.0-android/android/bin/classes/crc6452ffdc5b34af3a0f/WebViewExtensions_JavascriptResult.class' -> 'goodrive://www.googleapis.com/:personal:/bannister/bannister/obj/x64/Debug/net8.0-android/android/bin/classes/crc6452ffdc5b34af3a0f/WebViewExtensions_JavascriptResult.class' (1,560)
2026-08-09 05:39:45: Copy Over 'C:/rock/bannister/Bannister/obj/x64/Debug/net8.0-android/android/bin/classes/crc6452ffdc5b34af3a0f/WrapperView.class' -> 'goodrive://www.googleapis.com/:personal:/bannister/bannister/obj/x64/Debug/net8.0-android/android/bin/classes/crc6452ffdc5b34af3a0f/WrapperView.class' (2,740)
2026-08-09 05:39:47: Copy Over 'C:/rock/bannister/Bannister/obj/x64/Debug/net8.0-android/android/bin/classes/crc645d80431ce5f73f11/CarouselSpacingItemDecoration.class' -> 'goodrive://www.googleapis.com/:personal:/bannister/bannister/obj/x64/Debug/net8.0-android/android/bin/classes/crc645d80431ce5f73f11/CarouselSpacingItemDecoration.class' (2,029)
2026-08-09 05:39:47: Copy Over 'C:/rock/bannister/Bannister/obj/x64/Debug/net8.0-android/android/bin/classes/crc6468b6408a11370c2f/WebAuthenticatorCallbackActivity.class' -> 'goodrive://www.googleapis.com/:personal:/bannister/bannister/obj/x64/Debug/net8.0-android/android/bin/classes/crc6468b6408a11370c2f/WebAuthenticatorCallbackActivity.class' (1,458)
2026-08-09 05:39:49: Copy Over 'C:/rock/bannister/Bannister/obj/x64/Debug/net8.0-android/android/bin/classes/crc6468b6408a11370c2f/WebAuthenticatorIntermediateActivity.class' -> 'goodrive://www.googleapis.com/:personal:/bannister/bannister/obj/x64/Debug/net8.0-android/android/bin/classes/crc6468b6408a11370c2f/WebAuthenticatorIntermediateActivity.class' (2,015)
2026-08-09 05:39:50: Copy Over 'C:/rock/bannister/Bannister/obj/x64/Debug/net8.0-android/android/bin/classes/crc645d80431ce5f73f11/CarouselViewAdapter_2.class' -> 'goodrive://www.googleapis.com/:personal:/bannister/bannister/obj/x64/Debug/net8.0-android/android/bin/classes/crc645d80431ce5f73f11/CarouselViewAdapter_2.class' (2,041)
2026-08-09 05:39:51: Copy Over 'C:/rock/bannister/Bannister/obj/x64/Debug/net8.0-android/android/bin/classes/crc645d80431ce5f73f11/CarouselViewOnScrollListener.class' -> 'goodrive://www.googleapis.com/:personal:/bannister/bannister/obj/x64/Debug/net8.0-android/android/bin/classes/crc645d80431ce5f73f11/CarouselViewOnScrollListener.class' (1,883)
2026-08-09 05:39:52: Copy Over 'C:/rock/bannister/Bannister/obj/x64/Debug/net8.0-android/android/bin/classes/crc645d80431ce5f73f11/CenterSnapHelper.class' -> 'goodrive://www.googleapis.com/:personal:/bannister/bannister/obj/x64/Debug/net8.0-android/android/bin/classes/crc645d80431ce5f73f11/CenterSnapHelper.class' (1,755)
2026-08-09 05:39:53: Copy Over 'C:/rock/bannister/Bannister/obj/x64/Debug/net8.0-android/android/bin/classes/crc645d80431ce5f73f11/DataChangeObserver.class' -> 'goodrive://www.googleapis.com/:personal:/bannister/bannister/obj/x64/Debug/net8.0-android/android/bin/classes/crc645d80431ce5f73f11/DataChangeObserver.class' (2,388)
2026-08-09 05:39:55: Copy Over 'C:/rock/bannister/Bannister/obj/x64/Debug/net8.0-android/android/bin/classes/crc645d80431ce5f73f11/EmptyViewAdapter.class' -> 'goodrive://www.googleapis.com/:personal:/bannister/bannister/obj/x64/Debug/net8.0-android/android/bin/classes/crc645d80431ce5f73f11/EmptyViewAdapter.class' (2,719)
2026-08-09 05:39:55: Copy Over 'C:/rock/bannister/Bannister/obj/x64/Debug/net8.0-android/android/bin/classes/crc645d80431ce5f73f11/EdgeSnapHelper.class' -> 'goodrive://www.googleapis.com/:personal:/bannister/bannister/obj/x64/Debug/net8.0-android/android/bin/classes/crc645d80431ce5f73f11/EdgeSnapHelper.class' (1,238)
2026-08-09 05:39:57: Copy Over 'C:/rock/bannister/Bannister/obj/x64/Debug/net8.0-android/android/bin/classes/crc645d80431ce5f73f11/EndSingleSnapHelper.class' -> 'goodrive://www.googleapis.com/:personal:/bannister/bannister/obj/x64/Debug/net8.0-android/android/bin/classes/crc645d80431ce5f73f11/EndSingleSnapHelper.class' (1,849)
2026-08-09 05:39:58: Copy Over 'C:/rock/bannister/Bannister/obj/x64/Debug/net8.0-android/android/bin/classes/crc645d80431ce5f73f11/GridLayoutSpanSizeLookup.class' -> 'goodrive://www.googleapis.com/:personal:/bannister/bannister/obj/x64/Debug/net8.0-android/android/bin/classes/crc645d80431ce5f73f11/GridLayoutSpanSizeLookup.class' (1,536)
2026-08-09 05:39:58: Copy Over 'C:/rock/bannister/Bannister/obj/x64/Debug/net8.0-android/android/bin/classes/crc645d80431ce5f73f11/EndSnapHelper.class' -> 'goodrive://www.googleapis.com/:personal:/bannister/bannister/obj/x64/Debug/net8.0-android/android/bin/classes/crc645d80431ce5f73f11/EndSnapHelper.class' (2,179)
2026-08-09 05:40:01: Copy Over 'C:/rock/bannister/Bannister/obj/x64/Debug/net8.0-android/android/bin/classes/crc645d80431ce5f73f11/GroupableItemsViewAdapter_2.class' -> 'goodrive://www.googleapis.com/:personal:/bannister/bannister/obj/x64/Debug/net8.0-android/android/bin/classes/crc645d80431ce5f73f11/GroupableItemsViewAdapter_2.class' (2,277)
2026-08-09 05:40:01: Copy Over 'C:/rock/bannister/Bannister/obj/x64/Debug/net8.0-android/android/bin/classes/crc645d80431ce5f73f11/ItemContentView.class' -> 'goodrive://www.googleapis.com/:personal:/bannister/bannister/obj/x64/Debug/net8.0-android/android/bin/classes/crc645d80431ce5f73f11/ItemContentView.class' (2,660)
2026-08-09 05:40:02: Copy Over 'C:/rock/bannister/Bannister/obj/x64/Debug/net8.0-android/android/bin/classes/crc645d80431ce5f73f11/ItemsViewAdapter_2.class' -> 'goodrive://www.googleapis.com/:personal:/bannister/bannister/obj/x64/Debug/net8.0-android/android/bin/classes/crc645d80431ce5f73f11/ItemsViewAdapter_2.class' (2,859)
2026-08-09 05:40:04: Copy Over 'C:/rock/bannister/Bannister/obj/x64/Debug/net8.0-android/android/bin/classes/crc645d80431ce5f73f11/MauiCarouselRecyclerView.class' -> 'goodrive://www.googleapis.com/:personal:/bannister/bannister/obj/x64/Debug/net8.0-android/android/bin/classes/crc645d80431ce5f73f11/MauiCarouselRecyclerView.class' (2,975)
2026-08-09 05:40:04: Copy Over 'C:/rock/bannister/Bannister/obj/x64/Debug/net8.0-android/android/bin/classes/crc645d80431ce5f73f11/MauiCarouselRecyclerView_CarouselViewOnGlobalLayoutListener.class' -> 'goodrive://www.googleapis.com/:personal:/bannister/bannister/obj/x64/Debug/net8.0-android/android/bin/classes/crc645d80431ce5f73f11/MauiCarouselRecyclerView_CarouselViewOnGlobalLayoutListener.class' (2,062)
2026-08-09 05:40:06: Copy Over 'C:/rock/bannister/Bannister/obj/x64/Debug/net8.0-android/android/bin/classes/crc645d80431ce5f73f11/MauiRecyclerView_3.class' -> 'goodrive://www.googleapis.com/:personal:/bannister/bannister/obj/x64/Debug/net8.0-android/android/bin/classes/crc645d80431ce5f73f11/MauiRecyclerView_3.class' (2,188)
2026-08-09 05:40:07: Copy Over 'C:/rock/bannister/Bannister/obj/x64/Debug/net8.0-android/android/bin/classes/crc645d80431ce5f73f11/NongreedySnapHelper.class' -> 'goodrive://www.googleapis.com/:personal:/bannister/bannister/obj/x64/Debug/net8.0-android/android/bin/classes/crc645d80431ce5f73f11/NongreedySnapHelper.class' (1,571)
2026-08-09 05:40:08: Copy Over 'C:/rock/bannister/Bannister/obj/x64/Debug/net8.0-android/android/bin/classes/crc645d80431ce5f73f11/NongreedySnapHelper_InitialScrollListener.class' -> 'goodrive://www.googleapis.com/:personal:/bannister/bannister/obj/x64/Debug/net8.0-android/android/bin/classes/crc645d80431ce5f73f11/NongreedySnapHelper_InitialScrollListener.class' (2,001)
2026-08-09 05:40:10: Copy Over 'C:/rock/bannister/Bannister/obj/x64/Debug/net8.0-android/android/bin/classes/crc645d80431ce5f73f11/PositionalSmoothScroller.class' -> 'goodrive://www.googleapis.com/:personal:/bannister/bannister/obj/x64/Debug/net8.0-android/android/bin/classes/crc645d80431ce5f73f11/PositionalSmoothScroller.class' (1,960)
2026-08-09 05:40:10: Copy Over 'C:/rock/bannister/Bannister/obj/x64/Debug/net8.0-android/android/bin/classes/crc645d80431ce5f73f11/RecyclerViewScrollListener_2.class' -> 'goodrive://www.googleapis.com/:personal:/bannister/bannister/obj/x64/Debug/net8.0-android/android/bin/classes/crc645d80431ce5f73f11/RecyclerViewScrollListener_2.class' (1,676)
2026-08-09 05:40:11: Copy Over 'C:/rock/bannister/Bannister/obj/x64/Debug/net8.0-android/android/bin/classes/crc645d80431ce5f73f11/ReorderableItemsViewAdapter_2.class' -> 'goodrive://www.googleapis.com/:personal:/bannister/bannister/obj/x64/Debug/net8.0-android/android/bin/classes/crc645d80431ce5f73f11/ReorderableItemsViewAdapter_2.class' (1,291)
2026-08-09 05:40:13: Copy Over 'C:/rock/bannister/Bannister/obj/x64/Debug/net8.0-android/android/bin/classes/crc645d80431ce5f73f11/SelectableItemsViewAdapter_2.class' -> 'goodrive://www.googleapis.com/:personal:/bannister/bannister/obj/x64/Debug/net8.0-android/android/bin/classes/crc645d80431ce5f73f11/SelectableItemsViewAdapter_2.class' (2,090)
2026-08-09 05:40:13: Copy Over 'C:/rock/bannister/Bannister/obj/x64/Debug/net8.0-android/android/bin/classes/crc645d80431ce5f73f11/ScrollHelper.class' -> 'goodrive://www.googleapis.com/:personal:/bannister/bannister/obj/x64/Debug/net8.0-android/android/bin/classes/crc645d80431ce5f73f11/ScrollHelper.class' (1,856)
2026-08-09 05:40:15: Copy Over 'C:/rock/bannister/Bannister/obj/x64/Debug/net8.0-android/android/bin/classes/crc645d80431ce5f73f11/SelectableViewHolder.class' -> 'goodrive://www.googleapis.com/:personal:/bannister/bannister/obj/x64/Debug/net8.0-android/android/bin/classes/crc645d80431ce5f73f11/SelectableViewHolder.class' (1,795)
2026-08-09 05:40:16: Copy Over 'C:/rock/bannister/Bannister/obj/x64/Debug/net8.0-android/android/bin/classes/crc645d80431ce5f73f11/SimpleItemTouchHelperCallback.class' -> 'goodrive://www.googleapis.com/:personal:/bannister/bannister/obj/x64/Debug/net8.0-android/android/bin/classes/crc645d80431ce5f73f11/SimpleItemTouchHelperCallback.class' (3,022)
2026-08-09 05:40:17: Copy Over 'C:/rock/bannister/Bannister/obj/x64/Debug/net8.0-android/android/bin/classes/crc645d80431ce5f73f11/SimpleViewHolder.class' -> 'goodrive://www.googleapis.com/:personal:/bannister/bannister/obj/x64/Debug/net8.0-android/android/bin/classes/crc645d80431ce5f73f11/SimpleViewHolder.class' (1,445)
2026-08-09 05:40:18: Copy Over 'C:/rock/bannister/Bannister/obj/x64/Debug/net8.0-android/android/bin/classes/crc645d80431ce5f73f11/SingleSnapHelper.class' -> 'goodrive://www.googleapis.com/:personal:/bannister/bannister/obj/x64/Debug/net8.0-android/android/bin/classes/crc645d80431ce5f73f11/SingleSnapHelper.class' (2,120)
2026-08-09 05:40:20: Copy Over 'C:/rock/bannister/Bannister/obj/x64/Debug/net8.0-android/android/bin/classes/crc645d80431ce5f73f11/SizedItemContentView.class' -> 'goodrive://www.googleapis.com/:personal:/bannister/bannister/obj/x64/Debug/net8.0-android/android/bin/classes/crc645d80431ce5f73f11/SizedItemContentView.class' (2,538)
2026-08-09 05:40:20: Copy Over 'C:/rock/bannister/Bannister/obj/x64/Debug/net8.0-android/android/bin/classes/crc645d80431ce5f73f11/SpacingItemDecoration.class' -> 'goodrive://www.googleapis.com/:personal:/bannister/bannister/obj/x64/Debug/net8.0-android/android/bin/classes/crc645d80431ce5f73f11/SpacingItemDecoration.class' (2,005)
2026-08-09 05:40:22: Copy Over 'C:/rock/bannister/Bannister/obj/x64/Debug/net8.0-android/android/bin/classes/crc645d80431ce5f73f11/StartSingleSnapHelper.class' -> 'goodrive://www.googleapis.com/:personal:/bannister/bannister/obj/x64/Debug/net8.0-android/android/bin/classes/crc645d80431ce5f73f11/StartSingleSnapHelper.class' (1,855)
2026-08-09 05:40:23: Copy Over 'C:/rock/bannister/Bannister/obj/x64/Debug/net8.0-android/android/bin/classes/crc645d80431ce5f73f11/StartSnapHelper.class' -> 'goodrive://www.googleapis.com/:personal:/bannister/bannister/obj/x64/Debug/net8.0-android/android/bin/classes/crc645d80431ce5f73f11/StartSnapHelper.class' (2,185)
2026-08-09 05:40:23: Copy Over 'C:/rock/bannister/Bannister/obj/x64/Debug/net8.0-android/android/bin/classes/crc645d80431ce5f73f11/StructuredItemsViewAdapter_2.class' -> 'goodrive://www.googleapis.com/:personal:/bannister/bannister/obj/x64/Debug/net8.0-android/android/bin/classes/crc645d80431ce5f73f11/StructuredItemsViewAdapter_2.class' (2,270)
2026-08-09 05:40:25: Copy Over 'C:/rock/bannister/Bannister/obj/x64/Debug/net8.0-android/android/bin/classes/crc645d80431ce5f73f11/TemplatedItemViewHolder.class' -> 'goodrive://www.googleapis.com/:personal:/bannister/bannister/obj/x64/Debug/net8.0-android/android/bin/classes/crc645d80431ce5f73f11/TemplatedItemViewHolder.class' (1,365)
2026-08-09 05:40:27: Copy Over 'C:/rock/bannister/Bannister/obj/x64/Debug/net8.0-android/android/bin/classes/crc645d80431ce5f73f11/TextViewHolder.class' -> 'goodrive://www.googleapis.com/:personal:/bannister/bannister/obj/x64/Debug/net8.0-android/android/bin/classes/crc645d80431ce5f73f11/TextViewHolder.class' (1,338)
2026-08-09 05:40:27: Copy Over 'C:/rock/bannister/Bannister/obj/x64/Debug/net8.0-android/android/bin/classes/crc6477f0d89a9cfd64b1/ActivityIndicatorRenderer.class' -> 'goodrive://www.googleapis.com/:personal:/bannister/bannister/obj/x64/Debug/net8.0-android/android/bin/classes/crc6477f0d89a9cfd64b1/ActivityIndicatorRenderer.class' (2,082)
2026-08-09 05:40:28: Copy Over 'C:/rock/bannister/Bannister/obj/x64/Debug/net8.0-android/android/bin/classes/crc6488302ad6e9e4df1a/ImageLoaderCallback.class' -> 'goodrive://www.googleapis.com/:personal:/bannister/bannister/obj/x64/Debug/net8.0-android/android/bin/classes/crc6488302ad6e9e4df1a/ImageLoaderCallback.class' (1,226)
2026-08-09 05:40:30: Copy Over 'C:/rock/bannister/Bannister/obj/x64/Debug/net8.0-android/android/bin/classes/crc6488302ad6e9e4df1a/ImageLoaderCallbackBase_1.class' -> 'goodrive://www.googleapis.com/:personal:/bannister/bannister/obj/x64/Debug/net8.0-android/android/bin/classes/crc6488302ad6e9e4df1a/ImageLoaderCallbackBase_1.class' (1,668)
2026-08-09 05:40:31: Copy Over 'C:/rock/bannister/Bannister/obj/x64/Debug/net8.0-android/android/bin/classes/crc6488302ad6e9e4df1a/ImageLoaderResultCallback.class' -> 'goodrive://www.googleapis.com/:personal:/bannister/bannister/obj/x64/Debug/net8.0-android/android/bin/classes/crc6488302ad6e9e4df1a/ImageLoaderResultCallback.class' (1,244)
2026-08-09 05:40:32: Copy Over 'C:/rock/bannister/Bannister/obj/x64/Debug/net8.0-android/android/bin/classes/crc6488302ad6e9e4df1a/MauiAppCompatActivity.class' -> 'goodrive://www.googleapis.com/:personal:/bannister/bannister/obj/x64/Debug/net8.0-android/android/bin/classes/crc6488302ad6e9e4df1a/MauiAppCompatActivity.class' (3,730)
2026-08-09 05:40:34: Copy Over 'C:/rock/bannister/Bannister/obj/x64/Debug/net8.0-android/android/bin/classes/crc6488302ad6e9e4df1a/MauiApplication.class' -> 'goodrive://www.googleapis.com/:personal:/bannister/bannister/obj/x64/Debug/net8.0-android/android/bin/classes/crc6488302ad6e9e4df1a/MauiApplication.class' (1,567)
2026-08-09 05:40:34: Copy Over 'C:/rock/bannister/Bannister/obj/x64/Debug/net8.0-android/android/bin/classes/crc6488302ad6e9e4df1a/MauiApplication_ActivityLifecycleCallbacks.class' -> 'goodrive://www.googleapis.com/:personal:/bannister/bannister/obj/x64/Debug/net8.0-android/android/bin/classes/crc6488302ad6e9e4df1a/MauiApplication_ActivityLifecycleCallbacks.class' (8,927)
2026-08-09 05:40:35: Copy Over 'C:/rock/bannister/Bannister/obj/x64/Debug/net8.0-android/android/bin/classes/crc6477f0d89a9cfd64b1/AHorizontalScrollView.class' -> 'goodrive://www.googleapis.com/:personal:/bannister/bannister/obj/x64/Debug/net8.0-android/android/bin/classes/crc6477f0d89a9cfd64b1/AHorizontalScrollView.class' (3,661)
2026-08-09 05:40:37: Copy Over 'C:/rock/bannister/Bannister/obj/x64/Debug/net8.0-android/android/bin/classes/crc6477f0d89a9cfd64b1/BoxRenderer.class' -> 'goodrive://www.googleapis.com/:personal:/bannister/bannister/obj/x64/Debug/net8.0-android/android/bin/classes/crc6477f0d89a9cfd64b1/BoxRenderer.class' (2,270)
2026-08-09 05:40:37: Copy Over 'C:/rock/bannister/Bannister/obj/x64/Debug/net8.0-android/android/bin/classes/crc6477f0d89a9cfd64b1/BorderDrawable.class' -> 'goodrive://www.googleapis.com/:personal:/bannister/bannister/obj/x64/Debug/net8.0-android/android/bin/classes/crc6477f0d89a9cfd64b1/BorderDrawable.class' (2,259)
2026-08-09 05:40:39: Copy Over 'C:/rock/bannister/Bannister/obj/x64/Debug/net8.0-android/android/bin/classes/crc6477f0d89a9cfd64b1/CarouselPageAdapter.class' -> 'goodrive://www.googleapis.com/:personal:/bannister/bannister/obj/x64/Debug/net8.0-android/android/bin/classes/crc6477f0d89a9cfd64b1/CarouselPageAdapter.class' (3,383)
2026-08-09 05:40:40: Copy Over 'C:/rock/bannister/Bannister/obj/x64/Debug/net8.0-android/android/bin/classes/crc6477f0d89a9cfd64b1/CarouselViewRenderer.class' -> 'goodrive://www.googleapis.com/:personal:/bannister/bannister/obj/x64/Debug/net8.0-android/android/bin/classes/crc6477f0d89a9cfd64b1/CarouselViewRenderer.class' (2,518)
2026-08-09 05:40:40: Copy Over 'C:/rock/bannister/Bannister/obj/x64/Debug/net8.0-android/android/bin/classes/crc6477f0d89a9cfd64b1/CarouselSpacingItemDecoration.class' -> 'goodrive://www.googleapis.com/:personal:/bannister/bannister/obj/x64/Debug/net8.0-android/android/bin/classes/crc6477f0d89a9cfd64b1/CarouselSpacingItemDecoration.class' (2,059)
2026-08-09 05:40:42: Copy Over 'C:/rock/bannister/Bannister/obj/x64/Debug/net8.0-android/android/bin/classes/crc6477f0d89a9cfd64b1/CarouselViewRenderer_CarouselViewOnScrollListener.class' -> 'goodrive://www.googleapis.com/:personal:/bannister/bannister/obj/x64/Debug/net8.0-android/android/bin/classes/crc6477f0d89a9cfd64b1/CarouselViewRenderer_CarouselViewOnScrollListener.class' (1,976)
2026-08-09 05:40:43: Copy Over 'C:/rock/bannister/Bannister/obj/x64/Debug/net8.0-android/android/bin/classes/crc6477f0d89a9cfd64b1/CarouselViewRenderer_CarouselViewwOnGlobalLayoutListener.class' -> 'goodrive://www.googleapis.com/:personal:/bannister/bannister/obj/x64/Debug/net8.0-android/android/bin/classes/crc6477f0d89a9cfd64b1/CarouselViewRenderer_CarouselViewwOnGlobalLayoutListener.class' (1,782)
2026-08-09 05:40:43: Copy Over 'C:/rock/bannister/Bannister/obj/x64/Debug/net8.0-android/android/bin/classes/crc6477f0d89a9cfd64b1/CellRenderer_RendererHolder.class' -> 'goodrive://www.googleapis.com/:personal:/bannister/bannister/obj/x64/Debug/net8.0-android/android/bin/classes/crc6477f0d89a9cfd64b1/CellRenderer_RendererHolder.class' (1,260)
2026-08-09 05:40:46: Copy Over 'C:/rock/bannister/Bannister/obj/x64/Debug/net8.0-android/android/bin/classes/crc6477f0d89a9cfd64b1/CheckBoxRenderer.class' -> 'goodrive://www.googleapis.com/:personal:/bannister/bannister/obj/x64/Debug/net8.0-android/android/bin/classes/crc6477f0d89a9cfd64b1/CheckBoxRenderer.class' (2,061)
2026-08-09 05:40:46: Copy Over 'C:/rock/bannister/Bannister/obj/x64/Debug/net8.0-android/android/bin/classes/crc6477f0d89a9cfd64b1/CheckBoxRendererBase.class' -> 'goodrive://www.googleapis.com/:personal:/bannister/bannister/obj/x64/Debug/net8.0-android/android/bin/classes/crc6477f0d89a9cfd64b1/CheckBoxRendererBase.class' (3,050)
2026-08-09 05:40:47: Copy Over 'C:/rock/bannister/Bannister/obj/x64/Debug/net8.0-android/android/bin/classes/crc6477f0d89a9cfd64b1/CenterSnapHelper.class' -> 'goodrive://www.googleapis.com/:personal:/bannister/bannister/obj/x64/Debug/net8.0-android/android/bin/classes/crc6477f0d89a9cfd64b1/CenterSnapHelper.class' (1,785)
2026-08-09 05:40:49: Copy Over 'C:/rock/bannister/Bannister/obj/x64/Debug/net8.0-android/android/bin/classes/crc6477f0d89a9cfd64b1/CircularProgress.class' -> 'goodrive://www.googleapis.com/:personal:/bannister/bannister/obj/x64/Debug/net8.0-android/android/bin/classes/crc6477f0d89a9cfd64b1/CircularProgress.class' (2,732)
2026-08-09 05:40:49: Copy Over 'C:/rock/bannister/Bannister/obj/x64/Debug/net8.0-android/android/bin/classes/crc6477f0d89a9cfd64b1/CollectionViewRenderer.class' -> 'goodrive://www.googleapis.com/:personal:/bannister/bannister/obj/x64/Debug/net8.0-android/android/bin/classes/crc6477f0d89a9cfd64b1/CollectionViewRenderer.class' (2,087)
2026-08-09 05:40:51: Copy Over 'C:/rock/bannister/Bannister/obj/x64/Debug/net8.0-android/android/bin/classes/crc6477f0d89a9cfd64b1/DataChangeObserver.class' -> 'goodrive://www.googleapis.com/:personal:/bannister/bannister/obj/x64/Debug/net8.0-android/android/bin/classes/crc6477f0d89a9cfd64b1/DataChangeObserver.class' (2,418)
2026-08-09 05:40:52: Copy Over 'C:/rock/bannister/Bannister/obj/x64/Debug/net8.0-android/android/bin/classes/crc6477f0d89a9cfd64b1/DatePickerRenderer.class' -> 'goodrive://www.googleapis.com/:personal:/bannister/bannister/obj/x64/Debug/net8.0-android/android/bin/classes/crc6477f0d89a9cfd64b1/DatePickerRenderer.class' (2,071)
2026-08-09 05:40:53: Copy Over 'C:/rock/bannister/Bannister/obj/x64/Debug/net8.0-android/android/bin/classes/crc6477f0d89a9cfd64b1/DatePickerRendererBase_1.class' -> 'goodrive://www.googleapis.com/:personal:/bannister/bannister/obj/x64/Debug/net8.0-android/android/bin/classes/crc6477f0d89a9cfd64b1/DatePickerRendererBase_1.class' (2,079)
2026-08-09 05:40:55: Copy Over 'C:/rock/bannister/Bannister/obj/x64/Debug/net8.0-android/android/bin/classes/crc6477f0d89a9cfd64b1/DragAndDropGestureHandler.class' -> 'goodrive://www.googleapis.com/:personal:/bannister/bannister/obj/x64/Debug/net8.0-android/android/bin/classes/crc6477f0d89a9cfd64b1/DragAndDropGestureHandler.class' (1,731)
2026-08-09 05:40:56: Copy Over 'C:/rock/bannister/Bannister/obj/x64/Debug/net8.0-android/android/bin/classes/crc6477f0d89a9cfd64b1/DragAndDropGestureHandler_CustomLocalStateData.class' -> 'goodrive://www.googleapis.com/:personal:/bannister/bannister/obj/x64/Debug/net8.0-android/android/bin/classes/crc6477f0d89a9cfd64b1/DragAndDropGestureHandler_CustomLocalStateData.class' (1,317)
2026-08-09 05:40:57: Copy Over 'C:/rock/bannister/Bannister/obj/x64/Debug/net8.0-android/android/bin/classes/crc6477f0d89a9cfd64b1/EdgeSnapHelper.class' -> 'goodrive://www.googleapis.com/:personal:/bannister/bannister/obj/x64/Debug/net8.0-android/android/bin/classes/crc6477f0d89a9cfd64b1/EdgeSnapHelper.class' (1,268)
2026-08-09 05:40:58: Copy Over 'C:/rock/bannister/Bannister/obj/x64/Debug/net8.0-android/android/bin/classes/crc6477f0d89a9cfd64b1/EditorRenderer.class' -> 'goodrive://www.googleapis.com/:personal:/bannister/bannister/obj/x64/Debug/net8.0-android/android/bin/classes/crc6477f0d89a9cfd64b1/EditorRenderer.class' (2,218)
2026-08-09 05:40:59: Copy Over 'C:/rock/bannister/Bannister/obj/x64/Debug/net8.0-android/android/bin/classes/crc6477f0d89a9cfd64b1/EditorRendererBase_1.class' -> 'goodrive://www.googleapis.com/:personal:/bannister/bannister/obj/x64/Debug/net8.0-android/android/bin/classes/crc6477f0d89a9cfd64b1/EditorRendererBase_1.class' (3,123)
2026-08-09 05:41:01: Copy Over 'C:/rock/bannister/Bannister/obj/x64/Debug/net8.0-android/android/bin/classes/crc6477f0d89a9cfd64b1/EllipseRenderer.class' -> 'goodrive://www.googleapis.com/:personal:/bannister/bannister/obj/x64/Debug/net8.0-android/android/bin/classes/crc6477f0d89a9cfd64b1/EllipseRenderer.class' (2,053)
2026-08-09 05:41:01: Copy Over 'C:/rock/bannister/Bannister/obj/x64/Debug/net8.0-android/android/bin/classes/crc6477f0d89a9cfd64b1/EllipseView.class' -> 'goodrive://www.googleapis.com/:personal:/bannister/bannister/obj/x64/Debug/net8.0-android/android/bin/classes/crc6477f0d89a9cfd64b1/EllipseView.class' (2,393)
2026-08-09 05:41:02: Copy Over 'C:/rock/bannister/Bannister/obj/x64/Debug/net8.0-android/android/bin/classes/crc6477f0d89a9cfd64b1/EmptyViewAdapter.class' -> 'goodrive://www.googleapis.com/:personal:/bannister/bannister/obj/x64/Debug/net8.0-android/android/bin/classes/crc6477f0d89a9cfd64b1/EmptyViewAdapter.class' (2,749)
2026-08-09 05:41:04: Copy Over 'C:/rock/bannister/Bannister/obj/x64/Debug/net8.0-android/android/bin/classes/crc6477f0d89a9cfd64b1/EndSingleSnapHelper.class' -> 'goodrive://www.googleapis.com/:personal:/bannister/bannister/obj/x64/Debug/net8.0-android/android/bin/classes/crc6477f0d89a9cfd64b1/EndSingleSnapHelper.class' (1,879)
2026-08-09 05:41:04: Copy Over 'C:/rock/bannister/Bannister/obj/x64/Debug/net8.0-android/android/bin/classes/crc6477f0d89a9cfd64b1/EndSnapHelper.class' -> 'goodrive://www.googleapis.com/:personal:/bannister/bannister/obj/x64/Debug/net8.0-android/android/bin/classes/crc6477f0d89a9cfd64b1/EndSnapHelper.class' (2,209)
2026-08-09 05:41:06: Copy Over 'C:/rock/bannister/Bannister/obj/x64/Debug/net8.0-android/android/bin/classes/crc6477f0d89a9cfd64b1/EntryAccessibilityDelegate.class' -> 'goodrive://www.googleapis.com/:personal:/bannister/bannister/obj/x64/Debug/net8.0-android/android/bin/classes/crc6477f0d89a9cfd64b1/EntryAccessibilityDelegate.class' (1,825)
2026-08-09 05:41:07: Copy Over 'C:/rock/bannister/Bannister/obj/x64/Debug/net8.0-android/android/bin/classes/crc6477f0d89a9cfd64b1/EntryRenderer.class' -> 'goodrive://www.googleapis.com/:personal:/bannister/bannister/obj/x64/Debug/net8.0-android/android/bin/classes/crc6477f0d89a9cfd64b1/EntryRenderer.class' (2,051)
2026-08-09 05:41:08: Copy Over 'C:/rock/bannister/Bannister/obj/x64/Debug/net8.0-android/android/bin/classes/crc6477f0d89a9cfd64b1/EntryRendererBase_1.class' -> 'goodrive://www.googleapis.com/:personal:/bannister/bannister/obj/x64/Debug/net8.0-android/android/bin/classes/crc6477f0d89a9cfd64b1/EntryRendererBase_1.class' (3,683)
2026-08-09 05:41:10: Copy Over 'C:/rock/bannister/Bannister/obj/x64/Debug/net8.0-android/android/bin/classes/crc6477f0d89a9cfd64b1/FlyoutPageRenderer.class' -> 'goodrive://www.googleapis.com/:personal:/bannister/bannister/obj/x64/Debug/net8.0-android/android/bin/classes/crc6477f0d89a9cfd64b1/FlyoutPageRenderer.class' (3,841)
2026-08-09 05:41:11: Copy Over 'C:/rock/bannister/Bannister/obj/x64/Debug/net8.0-android/android/bin/classes/crc6477f0d89a9cfd64b1/FlyoutPageContainer.class' -> 'goodrive://www.googleapis.com/:personal:/bannister/bannister/obj/x64/Debug/net8.0-android/android/bin/classes/crc6477f0d89a9cfd64b1/FlyoutPageContainer.class' (2,980)
2026-08-09 05:41:11: Copy Over 'C:/rock/bannister/Bannister/obj/x64/Debug/net8.0-android/android/bin/classes/crc6477f0d89a9cfd64b1/FormsAnimationDrawable.class' -> 'goodrive://www.googleapis.com/:personal:/bannister/bannister/obj/x64/Debug/net8.0-android/android/bin/classes/crc6477f0d89a9cfd64b1/FormsAnimationDrawable.class' (1,801)
2026-08-09 05:41:14: Copy Over 'C:/rock/bannister/Bannister/obj/x64/Debug/net8.0-android/android/bin/classes/crc6477f0d89a9cfd64b1/FormsEditText.class' -> 'goodrive://www.googleapis.com/:personal:/bannister/bannister/obj/x64/Debug/net8.0-android/android/bin/classes/crc6477f0d89a9cfd64b1/FormsEditText.class' (2,439)
2026-08-09 05:41:14: Copy Over 'C:/rock/bannister/Bannister/obj/x64/Debug/net8.0-android/android/bin/classes/crc6477f0d89a9cfd64b1/FormsAppCompatActivity.class' -> 'goodrive://www.googleapis.com/:personal:/bannister/bannister/obj/x64/Debug/net8.0-android/android/bin/classes/crc6477f0d89a9cfd64b1/FormsAppCompatActivity.class' (3,586)
2026-08-09 05:41:15: Copy Over 'C:/rock/bannister/Bannister/obj/x64/Debug/net8.0-android/android/bin/classes/crc6477f0d89a9cfd64b1/FormsEditTextBase.class' -> 'goodrive://www.googleapis.com/:personal:/bannister/bannister/obj/x64/Debug/net8.0-android/android/bin/classes/crc6477f0d89a9cfd64b1/FormsEditTextBase.class' (2,281)
2026-08-09 05:41:17: Copy Over 'C:/rock/bannister/Bannister/obj/x64/Debug/net8.0-android/android/bin/classes/crc6477f0d89a9cfd64b1/FormsImageView.class' -> 'goodrive://www.googleapis.com/:personal:/bannister/bannister/obj/x64/Debug/net8.0-android/android/bin/classes/crc6477f0d89a9cfd64b1/FormsImageView.class' (2,526)
2026-08-09 05:41:18: Copy Over 'C:/rock/bannister/Bannister/obj/x64/Debug/net8.0-android/android/bin/classes/crc6477f0d89a9cfd64b1/FormsSeekBar.class' -> 'goodrive://www.googleapis.com/:personal:/bannister/bannister/obj/x64/Debug/net8.0-android/android/bin/classes/crc6477f0d89a9cfd64b1/FormsSeekBar.class' (2,879)
2026-08-09 05:41:18: Copy Over 'C:/rock/bannister/Bannister/obj/x64/Debug/net8.0-android/android/bin/classes/crc6477f0d89a9cfd64b1/FormsTextView.class' -> 'goodrive://www.googleapis.com/:personal:/bannister/bannister/obj/x64/Debug/net8.0-android/android/bin/classes/crc6477f0d89a9cfd64b1/FormsTextView.class' (2,053)
2026-08-09 05:41:21: Copy Over 'C:/rock/bannister/Bannister/obj/x64/Debug/net8.0-android/android/bin/classes/crc6477f0d89a9cfd64b1/FormsWebChromeClient.class' -> 'goodrive://www.googleapis.com/:personal:/bannister/bannister/obj/x64/Debug/net8.0-android/android/bin/classes/crc6477f0d89a9cfd64b1/FormsWebChromeClient.class' (1,863)
2026-08-09 05:41:21: Copy Over 'C:/rock/bannister/Bannister/obj/x64/Debug/net8.0-android/android/bin/classes/crc6477f0d89a9cfd64b1/FormsVideoView.class' -> 'goodrive://www.googleapis.com/:personal:/bannister/bannister/obj/x64/Debug/net8.0-android/android/bin/classes/crc6477f0d89a9cfd64b1/FormsVideoView.class' (3,000)
2026-08-09 05:41:21: Copy Over 'C:/rock/bannister/Bannister/obj/x64/Debug/net8.0-android/android/bin/classes/crc6477f0d89a9cfd64b1/FormsWebViewClient.class' -> 'goodrive://www.googleapis.com/:personal:/bannister/bannister/obj/x64/Debug/net8.0-android/android/bin/classes/crc6477f0d89a9cfd64b1/FormsWebViewClient.class' (3,589)
2026-08-09 05:41:24: Copy Over 'C:/rock/bannister/Bannister/obj/x64/Debug/net8.0-android/android/bin/classes/crc6477f0d89a9cfd64b1/GroupableItemsViewAdapter_2.class' -> 'goodrive://www.googleapis.com/:personal:/bannister/bannister/obj/x64/Debug/net8.0-android/android/bin/classes/crc6477f0d89a9cfd64b1/GroupableItemsViewAdapter_2.class' (2,307)
2026-08-09 05:41:24: Copy Over 'C:/rock/bannister/Bannister/obj/x64/Debug/net8.0-android/android/bin/classes/crc6477f0d89a9cfd64b1/GridLayoutSpanSizeLookup.class' -> 'goodrive://www.googleapis.com/:personal:/bannister/bannister/obj/x64/Debug/net8.0-android/android/bin/classes/crc6477f0d89a9cfd64b1/GridLayoutSpanSizeLookup.class' (1,566)
2026-08-09 05:41:25: Copy Over 'C:/rock/bannister/Bannister/obj/x64/Debug/net8.0-android/android/bin/classes/crc6477f0d89a9cfd64b1/GroupableItemsViewRenderer_3.class' -> 'goodrive://www.googleapis.com/:personal:/bannister/bannister/obj/x64/Debug/net8.0-android/android/bin/classes/crc6477f0d89a9cfd64b1/GroupableItemsViewRenderer_3.class' (2,106)
2026-08-09 05:41:28: Copy Over 'C:/rock/bannister/Bannister/obj/x64/Debug/net8.0-android/android/bin/classes/crc6477f0d89a9cfd64b1/ImageButtonRenderer.class' -> 'goodrive://www.googleapis.com/:personal:/bannister/bannister/obj/x64/Debug/net8.0-android/android/bin/classes/crc6477f0d89a9cfd64b1/ImageButtonRenderer.class' (4,024)
2026-08-09 05:41:28: Copy Over 'C:/rock/bannister/Bannister/obj/x64/Debug/net8.0-android/android/bin/classes/crc6477f0d89a9cfd64b1/GroupedListViewAdapter.class' -> 'goodrive://www.googleapis.com/:personal:/bannister/bannister/obj/x64/Debug/net8.0-android/android/bin/classes/crc6477f0d89a9cfd64b1/GroupedListViewAdapter.class' (2,386)
2026-08-09 05:41:28: Copy Over 'C:/rock/bannister/Bannister/obj/x64/Debug/net8.0-android/android/bin/classes/crc6477f0d89a9cfd64b1/ImageCache_CacheEntry.class' -> 'goodrive://www.googleapis.com/:personal:/bannister/bannister/obj/x64/Debug/net8.0-android/android/bin/classes/crc6477f0d89a9cfd64b1/ImageCache_CacheEntry.class' (1,242)
2026-08-09 05:41:31: Copy Over 'C:/rock/bannister/Bannister/obj/x64/Debug/net8.0-android/android/bin/classes/crc6477f0d89a9cfd64b1/ImageRenderer.class' -> 'goodrive://www.googleapis.com/:personal:/bannister/bannister/obj/x64/Debug/net8.0-android/android/bin/classes/crc6477f0d89a9cfd64b1/ImageRenderer.class' (2,267)
2026-08-09 05:41:31: Copy Over 'C:/rock/bannister/Bannister/obj/x64/Debug/net8.0-android/android/bin/classes/crc6477f0d89a9cfd64b1/ImageCache_FormsLruCache.class' -> 'goodrive://www.googleapis.com/:personal:/bannister/bannister/obj/x64/Debug/net8.0-android/android/bin/classes/crc6477f0d89a9cfd64b1/ImageCache_FormsLruCache.class' (1,637)
2026-08-09 05:41:31: Copy Over 'C:/rock/bannister/Bannister/obj/x64/Debug/net8.0-android/android/bin/classes/crc6477f0d89a9cfd64b1/IndicatorViewRenderer.class' -> 'goodrive://www.googleapis.com/:personal:/bannister/bannister/obj/x64/Debug/net8.0-android/android/bin/classes/crc6477f0d89a9cfd64b1/IndicatorViewRenderer.class' (2,419)
2026-08-09 05:41:34: Copy Over 'C:/rock/bannister/Bannister/obj/x64/Debug/net8.0-android/android/bin/classes/crc6477f0d89a9cfd64b1/ItemContentView.class' -> 'goodrive://www.googleapis.com/:personal:/bannister/bannister/obj/x64/Debug/net8.0-android/android/bin/classes/crc6477f0d89a9cfd64b1/ItemContentView.class' (2,690)
2026-08-09 05:41:34: Copy Over 'C:/rock/bannister/Bannister/obj/x64/Debug/net8.0-android/android/bin/classes/crc6477f0d89a9cfd64b1/ItemsViewAdapter_2.class' -> 'goodrive://www.googleapis.com/:personal:/bannister/bannister/obj/x64/Debug/net8.0-android/android/bin/classes/crc6477f0d89a9cfd64b1/ItemsViewAdapter_2.class' (2,755)
2026-08-09 05:41:35: Copy Over 'C:/rock/bannister/Bannister/obj/x64/Debug/net8.0-android/android/bin/classes/crc6477f0d89a9cfd64b1/ItemsViewRenderer_3.class' -> 'goodrive://www.googleapis.com/:personal:/bannister/bannister/obj/x64/Debug/net8.0-android/android/bin/classes/crc6477f0d89a9cfd64b1/ItemsViewRenderer_3.class' (2,221)
2026-08-09 05:41:37: Copy Over 'C:/rock/bannister/Bannister/obj/x64/Debug/net8.0-android/android/bin/classes/crc6477f0d89a9cfd64b1/LabelRenderer.class' -> 'goodrive://www.googleapis.com/:personal:/bannister/bannister/obj/x64/Debug/net8.0-android/android/bin/classes/crc6477f0d89a9cfd64b1/LabelRenderer.class' (2,419)
2026-08-09 05:41:38: Copy Over 'C:/rock/bannister/Bannister/obj/x64/Debug/net8.0-android/android/bin/classes/crc6477f0d89a9cfd64b1/LineRenderer.class' -> 'goodrive://www.googleapis.com/:personal:/bannister/bannister/obj/x64/Debug/net8.0-android/android/bin/classes/crc6477f0d89a9cfd64b1/LineRenderer.class' (2,044)
2026-08-09 05:41:39: Copy Over 'C:/rock/bannister/Bannister/obj/x64/Debug/net8.0-android/android/bin/classes/crc6477f0d89a9cfd64b1/LineView.class' -> 'goodrive://www.googleapis.com/:personal:/bannister/bannister/obj/x64/Debug/net8.0-android/android/bin/classes/crc6477f0d89a9cfd64b1/LineView.class' (2,384)
2026-08-09 05:41:41: Copy Over 'C:/rock/bannister/Bannister/obj/x64/Debug/net8.0-android/android/bin/classes/crc6477f0d89a9cfd64b1/ListViewAdapter.class' -> 'goodrive://www.googleapis.com/:personal:/bannister/bannister/obj/x64/Debug/net8.0-android/android/bin/classes/crc6477f0d89a9cfd64b1/ListViewAdapter.class' (2,928)
2026-08-09 05:41:42: Copy Over 'C:/rock/bannister/Bannister/obj/x64/Debug/net8.0-android/android/bin/classes/crc6477f0d89a9cfd64b1/ListViewRenderer.class' -> 'goodrive://www.googleapis.com/:personal:/bannister/bannister/obj/x64/Debug/net8.0-android/android/bin/classes/crc6477f0d89a9cfd64b1/ListViewRenderer.class' (2,974)
2026-08-09 05:41:43: Copy Over 'C:/rock/bannister/Bannister/obj/x64/Debug/net8.0-android/android/bin/classes/crc6477f0d89a9cfd64b1/ListViewRenderer_Container.class' -> 'goodrive://www.googleapis.com/:personal:/bannister/bannister/obj/x64/Debug/net8.0-android/android/bin/classes/crc6477f0d89a9cfd64b1/ListViewRenderer_Container.class' (2,723)
2026-08-09 05:41:44: Copy Over 'C:/rock/bannister/Bannister/obj/x64/Debug/net8.0-android/android/bin/classes/crc6477f0d89a9cfd64b1/ListViewRenderer_ListViewScrollDetector.class' -> 'goodrive://www.googleapis.com/:personal:/bannister/bannister/obj/x64/Debug/net8.0-android/android/bin/classes/crc6477f0d89a9cfd64b1/ListViewRenderer_ListViewScrollDetector.class' (2,479)
2026-08-09 05:41:46: Copy Over 'C:/rock/bannister/Bannister/obj/x64/Debug/net8.0-android/android/bin/classes/crc6477f0d89a9cfd64b1/NativeViewWrapperRenderer.class' -> 'goodrive://www.googleapis.com/:personal:/bannister/bannister/obj/x64/Debug/net8.0-android/android/bin/classes/crc6477f0d89a9cfd64b1/NativeViewWrapperRenderer.class' (2,376)
2026-08-09 05:41:47: Copy Over 'C:/rock/bannister/Bannister/obj/x64/Debug/net8.0-android/android/bin/classes/crc6477f0d89a9cfd64b1/ListViewRenderer_SwipeRefreshLayoutWithFixedNestedScrolling.class' -> 'goodrive://www.googleapis.com/:personal:/bannister/bannister/obj/x64/Debug/net8.0-android/android/bin/classes/crc6477f0d89a9cfd64b1/ListViewRenderer_SwipeRefreshLayoutWithFixedNestedScrolling.class' (2,845)
2026-08-09 05:41:47: Copy Over 'C:/rock/bannister/Bannister/obj/x64/Debug/net8.0-android/android/bin/classes/crc6477f0d89a9cfd64b1/NongreedySnapHelper.class' -> 'goodrive://www.googleapis.com/:personal:/bannister/bannister/obj/x64/Debug/net8.0-android/android/bin/classes/crc6477f0d89a9cfd64b1/NongreedySnapHelper.class' (1,601)
2026-08-09 05:41:49: Copy Over 'C:/rock/bannister/Bannister/obj/x64/Debug/net8.0-android/android/bin/classes/crc6477f0d89a9cfd64b1/NongreedySnapHelper_InitialScrollListener.class' -> 'goodrive://www.googleapis.com/:personal:/bannister/bannister/obj/x64/Debug/net8.0-android/android/bin/classes/crc6477f0d89a9cfd64b1/NongreedySnapHelper_InitialScrollListener.class' (2,061)
2026-08-09 05:41:50: Copy Over 'C:/rock/bannister/Bannister/obj/x64/Debug/net8.0-android/android/bin/classes/crc6477f0d89a9cfd64b1/ObjectJavaBox_1.class' -> 'goodrive://www.googleapis.com/:personal:/bannister/bannister/obj/x64/Debug/net8.0-android/android/bin/classes/crc6477f0d89a9cfd64b1/ObjectJavaBox_1.class' (1,224)
2026-08-09 05:41:51: Copy Over 'C:/rock/bannister/Bannister/obj/x64/Debug/net8.0-android/android/bin/classes/crc6477f0d89a9cfd64b1/PageContainer.class' -> 'goodrive://www.googleapis.com/:personal:/bannister/bannister/obj/x64/Debug/net8.0-android/android/bin/classes/crc6477f0d89a9cfd64b1/PageContainer.class' (2,684)
2026-08-09 05:41:53: Copy Over 'C:/rock/bannister/Bannister/obj/x64/Debug/net8.0-android/android/bin/classes/crc6477f0d89a9cfd64b1/PageExtensions_EmbeddedFragment.class' -> 'goodrive://www.googleapis.com/:personal:/bannister/bannister/obj/x64/Debug/net8.0-android/android/bin/classes/crc6477f0d89a9cfd64b1/PageExtensions_EmbeddedFragment.class' (1,941)
2026-08-09 05:41:53: Copy Over 'C:/rock/bannister/Bannister/obj/x64/Debug/net8.0-android/android/bin/classes/crc6477f0d89a9cfd64b1/PageExtensions_EmbeddedSupportFragment.class' -> 'goodrive://www.googleapis.com/:personal:/bannister/bannister/obj/x64/Debug/net8.0-android/android/bin/classes/crc6477f0d89a9cfd64b1/PageExtensions_EmbeddedSupportFragment.class' (1,962)
2026-08-09 05:41:55: Copy Over 'C:/rock/bannister/Bannister/obj/x64/Debug/net8.0-android/android/bin/classes/crc6477f0d89a9cfd64b1/PageRenderer.class' -> 'goodrive://www.googleapis.com/:personal:/bannister/bannister/obj/x64/Debug/net8.0-android/android/bin/classes/crc6477f0d89a9cfd64b1/PageRenderer.class' (2,759)
2026-08-09 05:41:56: Copy Over 'C:/rock/bannister/Bannister/obj/x64/Debug/net8.0-android/android/bin/classes/crc6477f0d89a9cfd64b1/PathRenderer.class' -> 'goodrive://www.googleapis.com/:personal:/bannister/bannister/obj/x64/Debug/net8.0-android/android/bin/classes/crc6477f0d89a9cfd64b1/PathRenderer.class' (2,044)
2026-08-09 05:41:57: Copy Over 'C:/rock/bannister/Bannister/obj/x64/Debug/net8.0-android/android/bin/classes/crc6477f0d89a9cfd64b1/PathView.class' -> 'goodrive://www.googleapis.com/:personal:/bannister/bannister/obj/x64/Debug/net8.0-android/android/bin/classes/crc6477f0d89a9cfd64b1/PathView.class' (2,384)
2026-08-09 05:41:58: Copy Over 'C:/rock/bannister/Bannister/obj/x64/Debug/net8.0-android/android/bin/classes/crc6477f0d89a9cfd64b1/PickerEditText.class' -> 'goodrive://www.googleapis.com/:personal:/bannister/bannister/obj/x64/Debug/net8.0-android/android/bin/classes/crc6477f0d89a9cfd64b1/PickerEditText.class' (2,505)
2026-08-09 05:42:00: Copy Over 'C:/rock/bannister/Bannister/obj/x64/Debug/net8.0-android/android/bin/classes/crc6477f0d89a9cfd64b1/PickerManager_PickerListener.class' -> 'goodrive://www.googleapis.com/:personal:/bannister/bannister/obj/x64/Debug/net8.0-android/android/bin/classes/crc6477f0d89a9cfd64b1/PickerManager_PickerListener.class' (1,678)
2026-08-09 05:42:00: Copy Over 'C:/rock/bannister/Bannister/obj/x64/Debug/net8.0-android/android/bin/classes/crc6477f0d89a9cfd64b1/Platform_DefaultRenderer.class' -> 'goodrive://www.googleapis.com/:personal:/bannister/bannister/obj/x64/Debug/net8.0-android/android/bin/classes/crc6477f0d89a9cfd64b1/Platform_DefaultRenderer.class' (3,061)
2026-08-09 05:42:01: Copy Over 'C:/rock/bannister/Bannister/obj/x64/Debug/net8.0-android/android/bin/classes/crc6477f0d89a9cfd64b1/Platform_ModalContainer.class' -> 'goodrive://www.googleapis.com/:personal:/bannister/bannister/obj/x64/Debug/net8.0-android/android/bin/classes/crc6477f0d89a9cfd64b1/Platform_ModalContainer.class' (2,572)
2026-08-09 05:42:04: Copy Over 'C:/rock/bannister/Bannister/obj/x64/Debug/net8.0-android/android/bin/classes/crc6477f0d89a9cfd64b1/PlatformRenderer.class' -> 'goodrive://www.googleapis.com/:personal:/bannister/bannister/obj/x64/Debug/net8.0-android/android/bin/classes/crc6477f0d89a9cfd64b1/PlatformRenderer.class' (2,938)
2026-08-09 05:42:04: Copy Over 'C:/rock/bannister/Bannister/obj/x64/Debug/net8.0-android/android/bin/classes/crc6477f0d89a9cfd64b1/PolygonRenderer.class' -> 'goodrive://www.googleapis.com/:personal:/bannister/bannister/obj/x64/Debug/net8.0-android/android/bin/classes/crc6477f0d89a9cfd64b1/PolygonRenderer.class' (2,053)
2026-08-09 05:42:04: Copy Over 'C:/rock/bannister/Bannister/obj/x64/Debug/net8.0-android/android/bin/classes/crc6477f0d89a9cfd64b1/PolygonView.class' -> 'goodrive://www.googleapis.com/:personal:/bannister/bannister/obj/x64/Debug/net8.0-android/android/bin/classes/crc6477f0d89a9cfd64b1/PolygonView.class' (2,393)
2026-08-09 05:42:07: Copy Over 'C:/rock/bannister/Bannister/obj/x64/Debug/net8.0-android/android/bin/classes/crc6477f0d89a9cfd64b1/PolylineRenderer.class' -> 'goodrive://www.googleapis.com/:personal:/bannister/bannister/obj/x64/Debug/net8.0-android/android/bin/classes/crc6477f0d89a9cfd64b1/PolylineRenderer.class' (2,056)
2026-08-09 05:42:07: Copy Over 'C:/rock/bannister/Bannister/obj/x64/Debug/net8.0-android/android/bin/classes/crc6477f0d89a9cfd64b1/PolylineView.class' -> 'goodrive://www.googleapis.com/:personal:/bannister/bannister/obj/x64/Debug/net8.0-android/android/bin/classes/crc6477f0d89a9cfd64b1/PolylineView.class' (2,396)
2026-08-09 05:42:08: Copy Over 'C:/rock/bannister/Bannister/obj/x64/Debug/net8.0-android/android/bin/classes/crc6477f0d89a9cfd64b1/PositionalSmoothScroller.class' -> 'goodrive://www.googleapis.com/:personal:/bannister/bannister/obj/x64/Debug/net8.0-android/android/bin/classes/crc6477f0d89a9cfd64b1/PositionalSmoothScroller.class' (1,990)
2026-08-09 05:42:10: Copy Over 'C:/rock/bannister/Bannister/obj/x64/Debug/net8.0-android/android/bin/classes/crc6477f0d89a9cfd64b1/ProgressBarRenderer.class' -> 'goodrive://www.googleapis.com/:personal:/bannister/bannister/obj/x64/Debug/net8.0-android/android/bin/classes/crc6477f0d89a9cfd64b1/ProgressBarRenderer.class' (2,064)
2026-08-09 05:42:10: Copy Over 'C:/rock/bannister/Bannister/obj/x64/Debug/net8.0-android/android/bin/classes/crc6477f0d89a9cfd64b1/RadioButtonRenderer.class' -> 'goodrive://www.googleapis.com/:personal:/bannister/bannister/obj/x64/Debug/net8.0-android/android/bin/classes/crc6477f0d89a9cfd64b1/RadioButtonRenderer.class' (3,271)
2026-08-09 05:42:11: Copy Over 'C:/rock/bannister/Bannister/obj/x64/Debug/net8.0-android/android/bin/classes/crc6477f0d89a9cfd64b1/RectangleRenderer.class' -> 'goodrive://www.googleapis.com/:personal:/bannister/bannister/obj/x64/Debug/net8.0-android/android/bin/classes/crc6477f0d89a9cfd64b1/RectangleRenderer.class' (2,059)
2026-08-09 05:42:13: Copy Over 'C:/rock/bannister/Bannister/obj/x64/Debug/net8.0-android/android/bin/classes/crc6477f0d89a9cfd64b1/RectView.class' -> 'goodrive://www.googleapis.com/:personal:/bannister/bannister/obj/x64/Debug/net8.0-android/android/bin/classes/crc6477f0d89a9cfd64b1/RectView.class' (2,384)
2026-08-09 05:42:13: Copy Over 'C:/rock/bannister/Bannister/obj/x64/Debug/net8.0-android/android/bin/classes/crc6477f0d89a9cfd64b1/RefreshViewRenderer.class' -> 'goodrive://www.googleapis.com/:personal:/bannister/bannister/obj/x64/Debug/net8.0-android/android/bin/classes/crc6477f0d89a9cfd64b1/RefreshViewRenderer.class' (2,676)
2026-08-09 05:42:14: Copy Over 'C:/rock/bannister/Bannister/obj/x64/Debug/net8.0-android/android/bin/classes/crc6477f0d89a9cfd64b1/ScrollHelper.class' -> 'goodrive://www.googleapis.com/:personal:/bannister/bannister/obj/x64/Debug/net8.0-android/android/bin/classes/crc6477f0d89a9cfd64b1/ScrollHelper.class' (1,886)
2026-08-09 05:42:16: Copy Over 'C:/rock/bannister/Bannister/obj/x64/Debug/net8.0-android/android/bin/classes/crc6477f0d89a9cfd64b1/ScrollViewContainer.class' -> 'goodrive://www.googleapis.com/:personal:/bannister/bannister/obj/x64/Debug/net8.0-android/android/bin/classes/crc6477f0d89a9cfd64b1/ScrollViewContainer.class' (2,702)
2026-08-09 05:42:16: Copy Over 'C:/rock/bannister/Bannister/obj/x64/Debug/net8.0-android/android/bin/classes/crc6477f0d89a9cfd64b1/ScrollViewRenderer.class' -> 'goodrive://www.googleapis.com/:personal:/bannister/bannister/obj/x64/Debug/net8.0-android/android/bin/classes/crc6477f0d89a9cfd64b1/ScrollViewRenderer.class' (3,359)
2026-08-09 05:42:18: Copy Over 'C:/rock/bannister/Bannister/obj/x64/Debug/net8.0-android/android/bin/classes/crc6477f0d89a9cfd64b1/SearchBarRenderer.class' -> 'goodrive://www.googleapis.com/:personal:/bannister/bannister/obj/x64/Debug/net8.0-android/android/bin/classes/crc6477f0d89a9cfd64b1/SearchBarRenderer.class' (2,813)
2026-08-09 05:42:19: Copy Over 'C:/rock/bannister/Bannister/obj/x64/Debug/net8.0-android/android/bin/classes/crc6477f0d89a9cfd64b1/SelectableItemsViewAdapter_2.class' -> 'goodrive://www.googleapis.com/:personal:/bannister/bannister/obj/x64/Debug/net8.0-android/android/bin/classes/crc6477f0d89a9cfd64b1/SelectableItemsViewAdapter_2.class' (2,120)
2026-08-09 05:42:20: Copy Over 'C:/rock/bannister/Bannister/obj/x64/Debug/net8.0-android/android/bin/classes/crc6477f0d89a9cfd64b1/SelectableItemsViewRenderer_3.class' -> 'goodrive://www.googleapis.com/:personal:/bannister/bannister/obj/x64/Debug/net8.0-android/android/bin/classes/crc6477f0d89a9cfd64b1/SelectableItemsViewRenderer_3.class' (2,109)
2026-08-09 05:42:21: Copy Over 'C:/rock/bannister/Bannister/obj/x64/Debug/net8.0-android/android/bin/classes/crc6477f0d89a9cfd64b1/SelectableViewHolder.class' -> 'goodrive://www.googleapis.com/:personal:/bannister/bannister/obj/x64/Debug/net8.0-android/android/bin/classes/crc6477f0d89a9cfd64b1/SelectableViewHolder.class' (1,825)
2026-08-09 05:42:22: Copy Over 'C:/rock/bannister/Bannister/obj/x64/Debug/net8.0-android/android/bin/classes/crc6477f0d89a9cfd64b1/ShapeRenderer_2.class' -> 'goodrive://www.googleapis.com/:personal:/bannister/bannister/obj/x64/Debug/net8.0-android/android/bin/classes/crc6477f0d89a9cfd64b1/ShapeRenderer_2.class' (2,052)
2026-08-09 05:42:23: Copy Over 'C:/rock/bannister/Bannister/obj/x64/Debug/net8.0-android/android/bin/classes/crc6477f0d89a9cfd64b1/ShapeView.class' -> 'goodrive://www.googleapis.com/:personal:/bannister/bannister/obj/x64/Debug/net8.0-android/android/bin/classes/crc6477f0d89a9cfd64b1/ShapeView.class' (2,571)
2026-08-09 05:42:24: Copy Over 'C:/rock/bannister/Bannister/obj/x64/Debug/net8.0-android/android/bin/classes/crc6477f0d89a9cfd64b1/SimpleViewHolder.class' -> 'goodrive://www.googleapis.com/:personal:/bannister/bannister/obj/x64/Debug/net8.0-android/android/bin/classes/crc6477f0d89a9cfd64b1/SimpleViewHolder.class' (1,475)
2026-08-09 05:42:26: Copy Over 'C:/rock/bannister/Bannister/obj/x64/Debug/net8.0-android/android/bin/classes/crc6477f0d89a9cfd64b1/SingleSnapHelper.class' -> 'goodrive://www.googleapis.com/:personal:/bannister/bannister/obj/x64/Debug/net8.0-android/android/bin/classes/crc6477f0d89a9cfd64b1/SingleSnapHelper.class' (2,150)
2026-08-09 05:42:26: Copy Over 'C:/rock/bannister/Bannister/obj/x64/Debug/net8.0-android/android/bin/classes/crc6477f0d89a9cfd64b1/SizedItemContentView.class' -> 'goodrive://www.googleapis.com/:personal:/bannister/bannister/obj/x64/Debug/net8.0-android/android/bin/classes/crc6477f0d89a9cfd64b1/SizedItemContentView.class' (2,568)
2026-08-09 05:42:28: Copy Over 'C:/rock/bannister/Bannister/obj/x64/Debug/net8.0-android/android/bin/classes/crc6477f0d89a9cfd64b1/SliderRenderer.class' -> 'goodrive://www.googleapis.com/:personal:/bannister/bannister/obj/x64/Debug/net8.0-android/android/bin/classes/crc6477f0d89a9cfd64b1/SliderRenderer.class' (3,427)
2026-08-09 05:42:30: Copy Over 'C:/rock/bannister/Bannister/obj/x64/Debug/net8.0-android/android/bin/classes/crc6477f0d89a9cfd64b1/SpacingItemDecoration.class' -> 'goodrive://www.googleapis.com/:personal:/bannister/bannister/obj/x64/Debug/net8.0-android/android/bin/classes/crc6477f0d89a9cfd64b1/SpacingItemDecoration.class' (2,035)
2026-08-09 05:42:30: Copy Over 'C:/rock/bannister/Bannister/obj/x64/Debug/net8.0-android/android/bin/classes/crc6477f0d89a9cfd64b1/StartSingleSnapHelper.class' -> 'goodrive://www.googleapis.com/:personal:/bannister/bannister/obj/x64/Debug/net8.0-android/android/bin/classes/crc6477f0d89a9cfd64b1/StartSingleSnapHelper.class' (1,885)
2026-08-09 05:42:31: Copy Over 'C:/rock/bannister/Bannister/obj/x64/Debug/net8.0-android/android/bin/classes/crc6477f0d89a9cfd64b1/StartSnapHelper.class' -> 'goodrive://www.googleapis.com/:personal:/bannister/bannister/obj/x64/Debug/net8.0-android/android/bin/classes/crc6477f0d89a9cfd64b1/StartSnapHelper.class' (2,215)
2026-08-09 05:42:34: Copy Over 'C:/rock/bannister/Bannister/obj/x64/Debug/net8.0-android/android/bin/classes/crc6477f0d89a9cfd64b1/StepperRendererManager_StepperListener.class' -> 'goodrive://www.googleapis.com/:personal:/bannister/bannister/obj/x64/Debug/net8.0-android/android/bin/classes/crc6477f0d89a9cfd64b1/StepperRendererManager_StepperListener.class' (1,708)
2026-08-09 05:42:34: Copy Over 'C:/rock/bannister/Bannister/obj/x64/Debug/net8.0-android/android/bin/classes/crc6477f0d89a9cfd64b1/StepperRenderer.class' -> 'goodrive://www.googleapis.com/:personal:/bannister/bannister/obj/x64/Debug/net8.0-android/android/bin/classes/crc6477f0d89a9cfd64b1/StepperRenderer.class' (2,052)
2026-08-09 05:42:35: Copy Over 'C:/rock/bannister/Bannister/obj/x64/Debug/net8.0-android/android/bin/classes/crc6477f0d89a9cfd64b1/StructuredItemsViewAdapter_2.class' -> 'goodrive://www.googleapis.com/:personal:/bannister/bannister/obj/x64/Debug/net8.0-android/android/bin/classes/crc6477f0d89a9cfd64b1/StructuredItemsViewAdapter_2.class' (2,300)
2026-08-09 05:42:37: Copy Over 'C:/rock/bannister/Bannister/obj/x64/Debug/net8.0-android/android/bin/classes/crc6477f0d89a9cfd64b1/SwipeViewRenderer.class' -> 'goodrive://www.googleapis.com/:personal:/bannister/bannister/obj/x64/Debug/net8.0-android/android/bin/classes/crc6477f0d89a9cfd64b1/SwipeViewRenderer.class' (2,880)
2026-08-09 05:42:37: Copy Over 'C:/rock/bannister/Bannister/obj/x64/Debug/net8.0-android/android/bin/classes/crc6477f0d89a9cfd64b1/StructuredItemsViewRenderer_3.class' -> 'goodrive://www.googleapis.com/:personal:/bannister/bannister/obj/x64/Debug/net8.0-android/android/bin/classes/crc6477f0d89a9cfd64b1/StructuredItemsViewRenderer_3.class' (2,099)
2026-08-09 05:42:38: Copy Over 'C:/rock/bannister/Bannister/obj/x64/Debug/net8.0-android/android/bin/classes/crc6477f0d89a9cfd64b1/TableViewModelRenderer.class' -> 'goodrive://www.googleapis.com/:personal:/bannister/bannister/obj/x64/Debug/net8.0-android/android/bin/classes/crc6477f0d89a9cfd64b1/TableViewModelRenderer.class' (2,656)
2026-08-09 05:42:40: Copy Over 'C:/rock/bannister/Bannister/obj/x64/Debug/net8.0-android/android/bin/classes/crc6477f0d89a9cfd64b1/TableViewRenderer.class' -> 'goodrive://www.googleapis.com/:personal:/bannister/bannister/obj/x64/Debug/net8.0-android/android/bin/classes/crc6477f0d89a9cfd64b1/TableViewRenderer.class' (2,221)
2026-08-09 05:42:40: Copy Over 'C:/rock/bannister/Bannister/obj/x64/Debug/net8.0-android/android/bin/classes/crc6477f0d89a9cfd64b1/TemplatedItemViewHolder.class' -> 'goodrive://www.googleapis.com/:personal:/bannister/bannister/obj/x64/Debug/net8.0-android/android/bin/classes/crc6477f0d89a9cfd64b1/TemplatedItemViewHolder.class' (1,395)
2026-08-09 05:42:42: Copy Over 'C:/rock/bannister/Bannister/obj/x64/Debug/net8.0-android/android/bin/classes/crc6477f0d89a9cfd64b1/TextCellRenderer_TextCellView.class' -> 'goodrive://www.googleapis.com/:personal:/bannister/bannister/obj/x64/Debug/net8.0-android/android/bin/classes/crc6477f0d89a9cfd64b1/TextCellRenderer_TextCellView.class' (2,450)
2026-08-09 05:42:44: Copy Over 'C:/rock/bannister/Bannister/obj/x64/Debug/net8.0-android/android/bin/classes/crc6477f0d89a9cfd64b1/TimePickerRenderer.class' -> 'goodrive://www.googleapis.com/:personal:/bannister/bannister/obj/x64/Debug/net8.0-android/android/bin/classes/crc6477f0d89a9cfd64b1/TimePickerRenderer.class' (2,071)
2026-08-09 05:42:44: Copy Over 'C:/rock/bannister/Bannister/obj/x64/Debug/net8.0-android/android/bin/classes/crc6477f0d89a9cfd64b1/TextViewHolder.class' -> 'goodrive://www.googleapis.com/:personal:/bannister/bannister/obj/x64/Debug/net8.0-android/android/bin/classes/crc6477f0d89a9cfd64b1/TextViewHolder.class' (1,368)
2026-08-09 05:42:46: Copy Over 'C:/rock/bannister/Bannister/obj/x64/Debug/net8.0-android/android/bin/classes/crc6477f0d89a9cfd64b1/TimePickerRendererBase_1.class' -> 'goodrive://www.googleapis.com/:personal:/bannister/bannister/obj/x64/Debug/net8.0-android/android/bin/classes/crc6477f0d89a9cfd64b1/TimePickerRendererBase_1.class' (2,566)
2026-08-09 05:42:47: Copy Over 'C:/rock/bannister/Bannister/obj/x64/Debug/net8.0-android/android/bin/classes/crc6477f0d89a9cfd64b1/ViewCellRenderer_ViewCellContainer.class' -> 'goodrive://www.googleapis.com/:personal:/bannister/bannister/obj/x64/Debug/net8.0-android/android/bin/classes/crc6477f0d89a9cfd64b1/ViewCellRenderer_ViewCellContainer.class' (3,217)
2026-08-09 05:42:48: Copy Over 'C:/rock/bannister/Bannister/obj/x64/Debug/net8.0-android/android/bin/classes/crc6477f0d89a9cfd64b1/ViewCellRenderer_ViewCellContainer_LongPressGestureListener.class' -> 'goodrive://www.googleapis.com/:personal:/bannister/bannister/obj/x64/Debug/net8.0-android/android/bin/classes/crc6477f0d89a9cfd64b1/ViewCellRenderer_ViewCellContainer_LongPressGestureListener.class' (3,573)
2026-08-09 05:42:49: Copy Over 'C:/rock/bannister/Bannister/obj/x64/Debug/net8.0-android/android/bin/classes/crc6477f0d89a9cfd64b1/ViewCellRenderer_ViewCellContainer_TapGestureListener.class' -> 'goodrive://www.googleapis.com/:personal:/bannister/bannister/obj/x64/Debug/net8.0-android/android/bin/classes/crc6477f0d89a9cfd64b1/ViewCellRenderer_ViewCellContainer_TapGestureListener.class' (3,555)
2026-08-09 05:42:50: Copy Over 'C:/rock/bannister/Bannister/obj/x64/Debug/net8.0-android/android/bin/classes/crc6477f0d89a9cfd64b1/ViewRenderer.class' -> 'goodrive://www.googleapis.com/:personal:/bannister/bannister/obj/x64/Debug/net8.0-android/android/bin/classes/crc6477f0d89a9cfd64b1/ViewRenderer.class' (2,043)
2026-08-09 05:42:51: Copy Over 'C:/rock/bannister/Bannister/obj/x64/Debug/net8.0-android/android/bin/classes/crc6477f0d89a9cfd64b1/ViewRenderer_2.class' -> 'goodrive://www.googleapis.com/:personal:/bannister/bannister/obj/x64/Debug/net8.0-android/android/bin/classes/crc6477f0d89a9cfd64b1/ViewRenderer_2.class' (2,665)
2026-08-09 05:42:52: Copy Over 'C:/rock/bannister/Bannister/obj/x64/Debug/net8.0-android/android/bin/classes/crc6477f0d89a9cfd64b1/VisualElementRenderer_1.class' -> 'goodrive://www.googleapis.com/:personal:/bannister/bannister/obj/x64/Debug/net8.0-android/android/bin/classes/crc6477f0d89a9cfd64b1/VisualElementRenderer_1.class' (3,176)
2026-08-09 05:42:54: Copy Over 'C:/rock/bannister/Bannister/obj/x64/Debug/net8.0-android/android/bin/classes/crc6477f0d89a9cfd64b1/WebViewRenderer.class' -> 'goodrive://www.googleapis.com/:personal:/bannister/bannister/obj/x64/Debug/net8.0-android/android/bin/classes/crc6477f0d89a9cfd64b1/WebViewRenderer.class' (2,052)
2026-08-09 05:42:55: Copy Over 'C:/rock/bannister/Bannister/obj/x64/Debug/net8.0-android/android/bin/classes/crc6477f0d89a9cfd64b1/VisualElementTracker_AttachTracker.class' -> 'goodrive://www.googleapis.com/:personal:/bannister/bannister/obj/x64/Debug/net8.0-android/android/bin/classes/crc6477f0d89a9cfd64b1/VisualElementTracker_AttachTracker.class' (2,143)
2026-08-09 05:42:56: Copy Over 'C:/rock/bannister/Bannister/obj/x64/Debug/net8.0-android/android/bin/classes/crc6477f0d89a9cfd64b1/WebViewRenderer_JavascriptResult.class' -> 'goodrive://www.googleapis.com/:personal:/bannister/bannister/obj/x64/Debug/net8.0-android/android/bin/classes/crc6477f0d89a9cfd64b1/WebViewRenderer_JavascriptResult.class' (1,608)
2026-08-09 05:42:58: Copy Over 'C:/rock/bannister/Bannister/obj/x64/Debug/net8.0-android/android/bin/classes/crc648afdc667cfb0dccb/ButtonRenderer.class' -> 'goodrive://www.googleapis.com/:personal:/bannister/bannister/obj/x64/Debug/net8.0-android/android/bin/classes/crc648afdc667cfb0dccb/ButtonRenderer.class' (3,843)
2026-08-09 05:42:58: Copy Over 'C:/rock/bannister/Bannister/obj/x64/Debug/net8.0-android/android/bin/classes/crc648fc34c62be8fbbff/Snackbar_SnackbarCallback.class' -> 'goodrive://www.googleapis.com/:personal:/bannister/bannister/obj/x64/Debug/net8.0-android/android/bin/classes/crc648fc34c62be8fbbff/Snackbar_SnackbarCallback.class' (1,765)
2026-08-09 05:42:59: Copy Over 'C:/rock/bannister/Bannister/obj/x64/Debug/net8.0-android/android/bin/classes/crc648afdc667cfb0dccb/CarouselPageRenderer.class' -> 'goodrive://www.googleapis.com/:personal:/bannister/bannister/obj/x64/Debug/net8.0-android/android/bin/classes/crc648afdc667cfb0dccb/CarouselPageRenderer.class' (3,525)
2026-08-09 05:43:01: Copy Over 'C:/rock/bannister/Bannister/obj/x64/Debug/net8.0-android/android/bin/classes/crc648afdc667cfb0dccb/FormsViewPager.class' -> 'goodrive://www.googleapis.com/:personal:/bannister/bannister/obj/x64/Debug/net8.0-android/android/bin/classes/crc648afdc667cfb0dccb/FormsViewPager.class' (1,681)
2026-08-09 05:43:01: Copy Over 'C:/rock/bannister/Bannister/obj/x64/Debug/net8.0-android/android/bin/classes/crc648afdc667cfb0dccb/FormsFragmentPagerAdapter_1.class' -> 'goodrive://www.googleapis.com/:personal:/bannister/bannister/obj/x64/Debug/net8.0-android/android/bin/classes/crc648afdc667cfb0dccb/FormsFragmentPagerAdapter_1.class' (2,965)
2026-08-09 05:43:03: Copy Over 'C:/rock/bannister/Bannister/obj/x64/Debug/net8.0-android/android/bin/classes/crc648afdc667cfb0dccb/FragmentContainer.class' -> 'goodrive://www.googleapis.com/:personal:/bannister/bannister/obj/x64/Debug/net8.0-android/android/bin/classes/crc648afdc667cfb0dccb/FragmentContainer.class' (2,456)
2026-08-09 05:43:04: Copy Over 'C:/rock/bannister/Bannister/obj/x64/Debug/net8.0-android/android/bin/classes/crc648afdc667cfb0dccb/FrameRenderer.class' -> 'goodrive://www.googleapis.com/:personal:/bannister/bannister/obj/x64/Debug/net8.0-android/android/bin/classes/crc648afdc667cfb0dccb/FrameRenderer.class' (2,055)
2026-08-09 05:43:04: Copy Over 'C:/rock/bannister/Bannister/obj/x64/Debug/net8.0-android/android/bin/classes/crc648afdc667cfb0dccb/NavigationPageRenderer.class' -> 'goodrive://www.googleapis.com/:personal:/bannister/bannister/obj/x64/Debug/net8.0-android/android/bin/classes/crc648afdc667cfb0dccb/NavigationPageRenderer.class' (2,987)
2026-08-09 05:43:06: Copy Over 'C:/rock/bannister/Bannister/obj/x64/Debug/net8.0-android/android/bin/classes/crc648afdc667cfb0dccb/NavigationPageRenderer_ClickListener.class' -> 'goodrive://www.googleapis.com/:personal:/bannister/bannister/obj/x64/Debug/net8.0-android/android/bin/classes/crc648afdc667cfb0dccb/NavigationPageRenderer_ClickListener.class' (1,712)
2026-08-09 05:43:07: Copy Over 'C:/rock/bannister/Bannister/obj/x64/Debug/net8.0-android/android/bin/classes/crc648afdc667cfb0dccb/NavigationPageRenderer_Container.class' -> 'goodrive://www.googleapis.com/:personal:/bannister/bannister/obj/x64/Debug/net8.0-android/android/bin/classes/crc648afdc667cfb0dccb/NavigationPageRenderer_Container.class' (2,751)
2026-08-09 05:43:08: Copy Over 'C:/rock/bannister/Bannister/obj/x64/Debug/net8.0-android/android/bin/classes/crc648afdc667cfb0dccb/NavigationPageRenderer_DrawerMultiplexedListener.class' -> 'goodrive://www.googleapis.com/:personal:/bannister/bannister/obj/x64/Debug/net8.0-android/android/bin/classes/crc648afdc667cfb0dccb/NavigationPageRenderer_DrawerMultiplexedListener.class' (2,675)
2026-08-09 05:43:10: Copy Over 'C:/rock/bannister/Bannister/obj/x64/Debug/net8.0-android/android/bin/classes/crc648afdc667cfb0dccb/PickerRenderer.class' -> 'goodrive://www.googleapis.com/:personal:/bannister/bannister/obj/x64/Debug/net8.0-android/android/bin/classes/crc648afdc667cfb0dccb/PickerRenderer.class' (2,065)
2026-08-09 05:43:11: Copy Over 'C:/rock/bannister/Bannister/obj/x64/Debug/net8.0-android/android/bin/classes/crc648afdc667cfb0dccb/PickerRendererBase_1.class' -> 'goodrive://www.googleapis.com/:personal:/bannister/bannister/obj/x64/Debug/net8.0-android/android/bin/classes/crc648afdc667cfb0dccb/PickerRendererBase_1.class' (2,077)
2026-08-09 05:43:12: Copy Over 'C:/rock/bannister/Bannister/obj/x64/Debug/net8.0-android/android/bin/classes/crc648afdc667cfb0dccb/SwitchRenderer.class' -> 'goodrive://www.googleapis.com/:personal:/bannister/bannister/obj/x64/Debug/net8.0-android/android/bin/classes/crc648afdc667cfb0dccb/SwitchRenderer.class' (2,603)
2026-08-09 05:43:13: Copy Over 'C:/rock/bannister/Bannister/obj/x64/Debug/net8.0-android/android/bin/classes/crc648afdc667cfb0dccb/TabbedPageRenderer.class' -> 'goodrive://www.googleapis.com/:personal:/bannister/bannister/obj/x64/Debug/net8.0-android/android/bin/classes/crc648afdc667cfb0dccb/TabbedPageRenderer.class' (5,403)
2026-08-09 05:43:14: Copy Over 'C:/rock/bannister/Bannister/obj/x64/Debug/net8.0-android/android/bin/classes/crc648afdc667cfb0dccb/ViewRenderer_2.class' -> 'goodrive://www.googleapis.com/:personal:/bannister/bannister/obj/x64/Debug/net8.0-android/android/bin/classes/crc648afdc667cfb0dccb/ViewRenderer_2.class' (2,059)
2026-08-09 05:43:15: Copy Over 'C:/rock/bannister/Bannister/obj/x64/Debug/net8.0-android/android/bin/classes/crc6493855b22b6fa0721/TextToSpeechInternalImplementation.class' -> 'goodrive://www.googleapis.com/:personal:/bannister/bannister/obj/x64/Debug/net8.0-android/android/bin/classes/crc6493855b22b6fa0721/TextToSpeechInternalImplementation.class' (2,108)
2026-08-09 05:43:16: Copy Over 'C:/rock/bannister/Bannister/obj/x64/Debug/net8.0-android/android/bin/classes/crc649ff77a65592e7d55/TabbedPageManager_Listeners.class' -> 'goodrive://www.googleapis.com/:personal:/bannister/bannister/obj/x64/Debug/net8.0-android/android/bin/classes/crc649ff77a65592e7d55/TabbedPageManager_Listeners.class' (4,023)
2026-08-09 05:43:18: Copy Over 'C:/rock/bannister/Bannister/obj/x64/Debug/net8.0-android/android/bin/classes/crc649ff77a65592e7d55/TabbedPageManager_TempView.class' -> 'goodrive://www.googleapis.com/:personal:/bannister/bannister/obj/x64/Debug/net8.0-android/android/bin/classes/crc649ff77a65592e7d55/TabbedPageManager_TempView.class' (2,388)
2026-08-09 05:43:19: Copy Over 'C:/rock/bannister/Bannister/obj/x64/Debug/net8.0-android/android/bin/classes/crc64a096dc44ad241142/PlatformTicker_DurationScaleListener.class' -> 'goodrive://www.googleapis.com/:personal:/bannister/bannister/obj/x64/Debug/net8.0-android/android/bin/classes/crc64a096dc44ad241142/PlatformTicker_DurationScaleListener.class' (1,681)
2026-08-09 05:43:20: Copy Over 'C:/rock/bannister/Bannister/obj/x64/Debug/net8.0-android/android/bin/classes/crc64a25b61d9f8ee364f/FloatArrayEvaluator.class' -> 'goodrive://www.googleapis.com/:personal:/bannister/bannister/obj/x64/Debug/net8.0-android/android/bin/classes/crc64a25b61d9f8ee364f/FloatArrayEvaluator.class' (1,620)
2026-08-09 05:43:22: Copy Over 'C:/rock/bannister/Bannister/obj/x64/Debug/net8.0-android/android/bin/classes/crc64a25b61d9f8ee364f/TransitionUtils.class' -> 'goodrive://www.googleapis.com/:personal:/bannister/bannister/obj/x64/Debug/net8.0-android/android/bin/classes/crc64a25b61d9f8ee364f/TransitionUtils.class' (1,180)
2026-08-09 05:43:22: Copy Over 'C:/rock/bannister/Bannister/obj/x64/Debug/net8.0-android/android/bin/classes/crc64a25b61d9f8ee364f/RectEvaluator.class' -> 'goodrive://www.googleapis.com/:personal:/bannister/bannister/obj/x64/Debug/net8.0-android/android/bin/classes/crc64a25b61d9f8ee364f/RectEvaluator.class' (1,602)
2026-08-09 05:43:23: Copy Over 'C:/rock/bannister/Bannister/obj/x64/Debug/net8.0-android/android/bin/classes/crc64a25b61d9f8ee364f/TransitionUtils_MatrixEvaluator.class' -> 'goodrive://www.googleapis.com/:personal:/bannister/bannister/obj/x64/Debug/net8.0-android/android/bin/classes/crc64a25b61d9f8ee364f/TransitionUtils_MatrixEvaluator.class' (1,656)
2026-08-09 05:43:25: Copy Over 'C:/rock/bannister/Bannister/obj/x64/Debug/net8.0-android/android/bin/classes/crc64b5e713d400f589b7/LinearGradientShaderFactory.class' -> 'goodrive://www.googleapis.com/:personal:/bannister/bannister/obj/x64/Debug/net8.0-android/android/bin/classes/crc64b5e713d400f589b7/LinearGradientShaderFactory.class' (1,537)
2026-08-09 05:43:25: Copy Over 'C:/rock/bannister/Bannister/obj/x64/Debug/net8.0-android/android/bin/classes/crc64ba438d8f48cf7e75/ActivityLifecycleContextListener.class' -> 'goodrive://www.googleapis.com/:personal:/bannister/bannister/obj/x64/Debug/net8.0-android/android/bin/classes/crc64ba438d8f48cf7e75/ActivityLifecycleContextListener.class' (8,925)
2026-08-09 05:43:27: Copy Over 'C:/rock/bannister/Bannister/obj/x64/Debug/net8.0-android/android/bin/classes/crc64ba438d8f48cf7e75/IntermediateActivity.class' -> 'goodrive://www.googleapis.com/:personal:/bannister/bannister/obj/x64/Debug/net8.0-android/android/bin/classes/crc64ba438d8f48cf7e75/IntermediateActivity.class' (1,874)
2026-08-09 05:43:28: Copy Over 'C:/rock/bannister/Bannister/obj/x64/Debug/net8.0-android/android/bin/classes/crc64b5e713d400f589b7/MauiDrawable.class' -> 'goodrive://www.googleapis.com/:personal:/bannister/bannister/obj/x64/Debug/net8.0-android/android/bin/classes/crc64b5e713d400f589b7/MauiDrawable.class' (2,262)
2026-08-09 05:43:29: Copy Over 'C:/rock/bannister/Bannister/obj/x64/Debug/net8.0-android/android/bin/classes/crc64b5e713d400f589b7/RadialGradientShaderFactory.class' -> 'goodrive://www.googleapis.com/:personal:/bannister/bannister/obj/x64/Debug/net8.0-android/android/bin/classes/crc64b5e713d400f589b7/RadialGradientShaderFactory.class' (1,537)
2026-08-09 05:43:31: Copy Over 'C:/rock/bannister/Bannister/obj/x64/Debug/net8.0-android/android/bin/classes/crc64e1fb321c08285b90/BaseCellView.class' -> 'goodrive://www.googleapis.com/:personal:/bannister/bannister/obj/x64/Debug/net8.0-android/android/bin/classes/crc64e1fb321c08285b90/BaseCellView.class' (2,370)
2026-08-09 05:43:32: Copy Over 'C:/rock/bannister/Bannister/obj/x64/Debug/net8.0-android/android/bin/classes/crc64d6358e7bf64fbac4/SpeechToTextImplementation_SpeechRecognitionListener.class' -> 'goodrive://www.googleapis.com/:personal:/bannister/bannister/obj/x64/Debug/net8.0-android/android/bin/classes/crc64d6358e7bf64fbac4/SpeechToTextImplementation_SpeechRecognitionListener.class' (4,786)
2026-08-09 05:43:32: Copy Over 'C:/rock/bannister/Bannister/obj/x64/Debug/net8.0-android/android/bin/classes/crc64e1fb321c08285b90/CellAdapter.class' -> 'goodrive://www.googleapis.com/:personal:/bannister/bannister/obj/x64/Debug/net8.0-android/android/bin/classes/crc64e1fb321c08285b90/CellAdapter.class' (5,645)
2026-08-09 05:43:34: Copy Over 'C:/rock/bannister/Bannister/obj/x64/Debug/net8.0-android/android/bin/classes/crc64e1fb321c08285b90/CellRenderer_RendererHolder.class' -> 'goodrive://www.googleapis.com/:personal:/bannister/bannister/obj/x64/Debug/net8.0-android/android/bin/classes/crc64e1fb321c08285b90/CellRenderer_RendererHolder.class' (1,238)
2026-08-09 05:43:35: Copy Over 'C:/rock/bannister/Bannister/obj/x64/Debug/net8.0-android/android/bin/classes/crc64e1fb321c08285b90/ConditionalFocusLayout.class' -> 'goodrive://www.googleapis.com/:personal:/bannister/bannister/obj/x64/Debug/net8.0-android/android/bin/classes/crc64e1fb321c08285b90/ConditionalFocusLayout.class' (2,884)
2026-08-09 05:43:36: Copy Over 'C:/rock/bannister/Bannister/obj/x64/Debug/net8.0-android/android/bin/classes/crc64e1fb321c08285b90/EntryCellEditText.class' -> 'goodrive://www.googleapis.com/:personal:/bannister/bannister/obj/x64/Debug/net8.0-android/android/bin/classes/crc64e1fb321c08285b90/EntryCellEditText.class' (2,487)
2026-08-09 05:43:38: Copy Over 'C:/rock/bannister/Bannister/obj/x64/Debug/net8.0-android/android/bin/classes/crc64e1fb321c08285b90/EntryCellView.class' -> 'goodrive://www.googleapis.com/:personal:/bannister/bannister/obj/x64/Debug/net8.0-android/android/bin/classes/crc64e1fb321c08285b90/EntryCellView.class' (4,424)
2026-08-09 05:43:39: Copy Over 'C:/rock/bannister/Bannister/obj/x64/Debug/net8.0-android/android/bin/classes/crc64e1fb321c08285b90/FrameRenderer.class' -> 'goodrive://www.googleapis.com/:personal:/bannister/bannister/obj/x64/Debug/net8.0-android/android/bin/classes/crc64e1fb321c08285b90/FrameRenderer.class' (2,893)
2026-08-09 05:43:39: Copy Over 'C:/rock/bannister/Bannister/obj/x64/Debug/net8.0-android/android/bin/classes/crc64e1fb321c08285b90/GroupedListViewAdapter.class' -> 'goodrive://www.googleapis.com/:personal:/bannister/bannister/obj/x64/Debug/net8.0-android/android/bin/classes/crc64e1fb321c08285b90/GroupedListViewAdapter.class' (2,364)
2026-08-09 05:43:41: Copy Over 'C:/rock/bannister/Bannister/obj/x64/Debug/net8.0-android/android/bin/classes/crc64e1fb321c08285b90/ListViewAdapter.class' -> 'goodrive://www.googleapis.com/:personal:/bannister/bannister/obj/x64/Debug/net8.0-android/android/bin/classes/crc64e1fb321c08285b90/ListViewAdapter.class' (2,906)
2026-08-09 05:43:42: Copy Over 'C:/rock/bannister/Bannister/obj/x64/Debug/net8.0-android/android/bin/classes/crc64e1fb321c08285b90/ListViewRenderer_Container.class' -> 'goodrive://www.googleapis.com/:personal:/bannister/bannister/obj/x64/Debug/net8.0-android/android/bin/classes/crc64e1fb321c08285b90/ListViewRenderer_Container.class' (2,701)
2026-08-09 05:43:43: Copy Over 'C:/rock/bannister/Bannister/obj/x64/Debug/net8.0-android/android/bin/classes/crc64e1fb321c08285b90/ListViewRenderer.class' -> 'goodrive://www.googleapis.com/:personal:/bannister/bannister/obj/x64/Debug/net8.0-android/android/bin/classes/crc64e1fb321c08285b90/ListViewRenderer.class' (2,877)
2026-08-09 05:43:45: Copy Over 'C:/rock/bannister/Bannister/obj/x64/Debug/net8.0-android/android/bin/classes/crc64e1fb321c08285b90/ListViewRenderer_ListViewScrollDetector.class' -> 'goodrive://www.googleapis.com/:personal:/bannister/bannister/obj/x64/Debug/net8.0-android/android/bin/classes/crc64e1fb321c08285b90/ListViewRenderer_ListViewScrollDetector.class' (2,435)
2026-08-09 05:43:46: Copy Over 'C:/rock/bannister/Bannister/obj/x64/Debug/net8.0-android/android/bin/classes/crc64e1fb321c08285b90/ListViewRenderer_ListViewSwipeRefreshLayoutListener.class' -> 'goodrive://www.googleapis.com/:personal:/bannister/bannister/obj/x64/Debug/net8.0-android/android/bin/classes/crc64e1fb321c08285b90/ListViewRenderer_ListViewSwipeRefreshLayoutListener.class' (2,034)
2026-08-09 05:43:46: Copy Over 'C:/rock/bannister/Bannister/obj/x64/Debug/net8.0-android/android/bin/classes/crc64e1fb321c08285b90/ListViewRenderer_SwipeRefreshLayoutWithFixedNestedScrolling.class' -> 'goodrive://www.googleapis.com/:personal:/bannister/bannister/obj/x64/Debug/net8.0-android/android/bin/classes/crc64e1fb321c08285b90/ListViewRenderer_SwipeRefreshLayoutWithFixedNestedScrolling.class' (2,823)
2026-08-09 05:43:48: Copy Over 'C:/rock/bannister/Bannister/obj/x64/Debug/net8.0-android/android/bin/classes/crc64e1fb321c08285b90/SwitchCellView.class' -> 'goodrive://www.googleapis.com/:personal:/bannister/bannister/obj/x64/Debug/net8.0-android/android/bin/classes/crc64e1fb321c08285b90/SwitchCellView.class' (2,927)
2026-08-09 05:43:49: Copy Over 'C:/rock/bannister/Bannister/obj/x64/Debug/net8.0-android/android/bin/classes/crc64e1fb321c08285b90/TableViewModelRenderer.class' -> 'goodrive://www.googleapis.com/:personal:/bannister/bannister/obj/x64/Debug/net8.0-android/android/bin/classes/crc64e1fb321c08285b90/TableViewModelRenderer.class' (2,792)
2026-08-09 05:43:49: Copy Over 'C:/rock/bannister/Bannister/obj/x64/Debug/net8.0-android/android/bin/classes/crc64e1fb321c08285b90/TableViewRenderer.class' -> 'goodrive://www.googleapis.com/:personal:/bannister/bannister/obj/x64/Debug/net8.0-android/android/bin/classes/crc64e1fb321c08285b90/TableViewRenderer.class' (2,699)
2026-08-09 05:43:52: Copy Over 'C:/rock/bannister/Bannister/obj/x64/Debug/net8.0-android/android/bin/classes/crc64e1fb321c08285b90/TextCellRenderer_TextCellView.class' -> 'goodrive://www.googleapis.com/:personal:/bannister/bannister/obj/x64/Debug/net8.0-android/android/bin/classes/crc64e1fb321c08285b90/TextCellRenderer_TextCellView.class' (2,428)
2026-08-09 05:43:52: Copy Over 'C:/rock/bannister/Bannister/obj/x64/Debug/net8.0-android/android/bin/classes/crc64e1fb321c08285b90/ViewCellRenderer_ViewCellContainer.class' -> 'goodrive://www.googleapis.com/:personal:/bannister/bannister/obj/x64/Debug/net8.0-android/android/bin/classes/crc64e1fb321c08285b90/ViewCellRenderer_ViewCellContainer.class' (3,379)
2026-08-09 05:43:53: Copy Over 'C:/rock/bannister/Bannister/obj/x64/Debug/net8.0-android/android/bin/classes/crc64e1fb321c08285b90/ViewCellRenderer_ViewCellContainer_LongPressGestureListener.class' -> 'goodrive://www.googleapis.com/:personal:/bannister/bannister/obj/x64/Debug/net8.0-android/android/bin/classes/crc64e1fb321c08285b90/ViewCellRenderer_ViewCellContainer_LongPressGestureListener.class' (3,551)
2026-08-09 05:43:55: Copy Over 'C:/rock/bannister/Bannister/obj/x64/Debug/net8.0-android/android/bin/classes/crc64e1fb321c08285b90/ViewCellRenderer_ViewCellContainer_TapGestureListener.class' -> 'goodrive://www.googleapis.com/:personal:/bannister/bannister/obj/x64/Debug/net8.0-android/android/bin/classes/crc64e1fb321c08285b90/ViewCellRenderer_ViewCellContainer_TapGestureListener.class' (3,533)
2026-08-09 05:43:56: Copy Over 'C:/rock/bannister/Bannister/obj/x64/Debug/net8.0-android/android/bin/classes/crc64e1fb321c08285b90/ViewRenderer.class' -> 'goodrive://www.googleapis.com/:personal:/bannister/bannister/obj/x64/Debug/net8.0-android/android/bin/classes/crc64e1fb321c08285b90/ViewRenderer.class' (2,379)
2026-08-09 05:43:56: Copy Over 'C:/rock/bannister/Bannister/obj/x64/Debug/net8.0-android/android/bin/classes/crc64e1fb321c08285b90/ViewRenderer_2.class' -> 'goodrive://www.googleapis.com/:personal:/bannister/bannister/obj/x64/Debug/net8.0-android/android/bin/classes/crc64e1fb321c08285b90/ViewRenderer_2.class' (2,394)
2026-08-09 05:43:58: Copy Over 'C:/rock/bannister/Bannister/obj/x64/Debug/net8.0-android/android/bin/classes/crc64e1fb321c08285b90/VisualElementRenderer_1.class' -> 'goodrive://www.googleapis.com/:personal:/bannister/bannister/obj/x64/Debug/net8.0-android/android/bin/classes/crc64e1fb321c08285b90/VisualElementRenderer_1.class' (2,692)
2026-08-09 05:43:59: Copy Over 'C:/rock/bannister/Bannister/obj/x64/Debug/net8.0-android/android/bin/classes/crc64e53d2f592022988e/ConnectivityBroadcastReceiver.class' -> 'goodrive://www.googleapis.com/:personal:/bannister/bannister/obj/x64/Debug/net8.0-android/android/bin/classes/crc64e53d2f592022988e/ConnectivityBroadcastReceiver.class' (1,553)
2026-08-09 05:44:00: Copy Over 'C:/rock/bannister/Bannister/obj/x64/Debug/net8.0-android/android/bin/classes/crc64f62664462a8937a9/AccelerometerListener.class' -> 'goodrive://www.googleapis.com/:personal:/bannister/bannister/obj/x64/Debug/net8.0-android/android/bin/classes/crc64f62664462a8937a9/AccelerometerListener.class' (1,979)
2026-08-09 05:44:02: Copy Over 'C:/rock/bannister/Bannister/obj/x64/Debug/net8.0-android/android/bin/classes/crc64f62664462a8937a9/BarometerListener.class' -> 'goodrive://www.googleapis.com/:personal:/bannister/bannister/obj/x64/Debug/net8.0-android/android/bin/classes/crc64f62664462a8937a9/BarometerListener.class' (1,967)
2026-08-09 05:44:03: Copy Over 'C:/rock/bannister/Bannister/obj/x64/Debug/net8.0-android/android/bin/classes/crc64f62664462a8937a9/ContinuousLocationListener.class' -> 'goodrive://www.googleapis.com/:personal:/bannister/bannister/obj/x64/Debug/net8.0-android/android/bin/classes/crc64f62664462a8937a9/ContinuousLocationListener.class' (2,928)
2026-08-09 05:44:04: Copy Over 'C:/rock/bannister/Bannister/obj/x64/Debug/net8.0-android/android/bin/classes/crc64f62664462a8937a9/GyroscopeListener.class' -> 'goodrive://www.googleapis.com/:personal:/bannister/bannister/obj/x64/Debug/net8.0-android/android/bin/classes/crc64f62664462a8937a9/GyroscopeListener.class' (1,967)
2026-08-09 05:44:06: Copy Over 'C:/rock/bannister/Bannister/obj/x64/Debug/net8.0-android/android/bin/classes/crc64f62664462a8937a9/MagnetometerListener.class' -> 'goodrive://www.googleapis.com/:personal:/bannister/bannister/obj/x64/Debug/net8.0-android/android/bin/classes/crc64f62664462a8937a9/MagnetometerListener.class' (1,976)
2026-08-09 05:44:06: Copy Over 'C:/rock/bannister/Bannister/obj/x64/Debug/net8.0-android/android/bin/classes/crc64f62664462a8937a9/OrientationSensorListener.class' -> 'goodrive://www.googleapis.com/:personal:/bannister/bannister/obj/x64/Debug/net8.0-android/android/bin/classes/crc64f62664462a8937a9/OrientationSensorListener.class' (1,991)
2026-08-09 05:44:07: Copy Over 'C:/rock/bannister/Bannister/obj/x64/Debug/net8.0-android/android/bin/classes/crc64f62664462a8937a9/SensorListener.class' -> 'goodrive://www.googleapis.com/:personal:/bannister/bannister/obj/x64/Debug/net8.0-android/android/bin/classes/crc64f62664462a8937a9/SensorListener.class' (1,958)
2026-08-09 05:44:09: Copy Over 'C:/rock/bannister/Bannister/obj/x64/Debug/net8.0-android/android/bin/classes/crc64f62664462a8937a9/SingleLocationListener.class' -> 'goodrive://www.googleapis.com/:personal:/bannister/bannister/obj/x64/Debug/net8.0-android/android/bin/classes/crc64f62664462a8937a9/SingleLocationListener.class' (2,916)
2026-08-09 05:44:09: Copy Over 'C:/rock/bannister/Bannister/obj/x64/Debug/net8.0-android/android/bin/classes/crc64e53d2f592022988e/ConnectivityImplementation_EssentialsNetworkCallback.class' -> 'goodrive://www.googleapis.com/:personal:/bannister/bannister/obj/x64/Debug/net8.0-android/android/bin/classes/crc64e53d2f592022988e/ConnectivityImplementation_EssentialsNetworkCallback.class' (3,060)
2026-08-09 05:44:10: Copy Over 'C:/rock/bannister/Bannister/obj/x64/Debug/net8.0-android/android/bin/classes/crc64f6cd8863fe06af2a/AppMain_AndroidUncaughtHandler.class' -> 'goodrive://www.googleapis.com/:personal:/bannister/bannister/obj/x64/Debug/net8.0-android/android/bin/classes/crc64f6cd8863fe06af2a/AppMain_AndroidUncaughtHandler.class' (1,735)
2026-08-09 05:44:12: Copy Over 'C:/rock/bannister/Bannister/obj/x64/Debug/net8.0-android/android/bin/classes/crc64f728827fec74e9c3/Toolbar_Container.class' -> 'goodrive://www.googleapis.com/:personal:/bannister/bannister/obj/x64/Debug/net8.0-android/android/bin/classes/crc64f728827fec74e9c3/Toolbar_Container.class' (2,651)
2026-08-09 05:44:13: Copy Over 'C:/rock/bannister/Bannister/obj/x64/Debug/net8.0-android/android/bin/classes/crc64f728827fec74e9c3/TapWindowTracker_GestureListener.class' -> 'goodrive://www.googleapis.com/:personal:/bannister/bannister/obj/x64/Debug/net8.0-android/android/bin/classes/crc64f728827fec74e9c3/TapWindowTracker_GestureListener.class' (3,634)
2026-08-09 05:44:14: Copy Over 'C:/rock/bannister/Bannister/obj/x64/Debug/net8.0-android/android/bin/classes/crc64f6cd8863fe06af2a/MainActivity.class' -> 'goodrive://www.googleapis.com/:personal:/bannister/bannister/obj/x64/Debug/net8.0-android/android/bin/classes/crc64f6cd8863fe06af2a/MainActivity.class' (1,421)
2026-08-09 05:44:16: Copy Over 'C:/rock/bannister/Bannister/obj/x64/Debug/net8.0-android/android/bin/classes/crc64f6cd8863fe06af2a/MainApplication.class' -> 'goodrive://www.googleapis.com/:personal:/bannister/bannister/obj/x64/Debug/net8.0-android/android/bin/classes/crc64f6cd8863fe06af2a/MainApplication.class' (881)
2026-08-09 05:44:16: Copy Over 'C:/rock/bannister/Bannister/obj/x64/Debug/net8.0-android/android/bin/classes/crc64fcf28c0e24b4cc31/ButtonHandler_ButtonClickListener.class' -> 'goodrive://www.googleapis.com/:personal:/bannister/bannister/obj/x64/Debug/net8.0-android/android/bin/classes/crc64fcf28c0e24b4cc31/ButtonHandler_ButtonClickListener.class' (1,639)
2026-08-09 05:44:17: Copy Over 'C:/rock/bannister/Bannister/obj/x64/Debug/net8.0-android/android/bin/classes/crc64fcf28c0e24b4cc31/ButtonHandler_ButtonTouchListener.class' -> 'goodrive://www.googleapis.com/:personal:/bannister/bannister/obj/x64/Debug/net8.0-android/android/bin/classes/crc64fcf28c0e24b4cc31/ButtonHandler_ButtonTouchListener.class' (1,714)
2026-08-09 05:44:19: Copy Over 'C:/rock/bannister/Bannister/obj/x64/Debug/net8.0-android/android/bin/classes/microsoft/maui/essentials/fileProvider.class' -> 'goodrive://www.googleapis.com/:personal:/bannister/bannister/obj/x64/Debug/net8.0-android/android/bin/classes/microsoft/maui/essentials/fileProvider.class' (1,445)
2026-08-09 05:44:20: Copy Over 'C:/rock/bannister/Bannister/obj/x64/Debug/net8.0-android/android/bin/classes/microsoft/maui/platform/MauiNavHostFragment.class' -> 'goodrive://www.googleapis.com/:personal:/bannister/bannister/obj/x64/Debug/net8.0-android/android/bin/classes/microsoft/maui/platform/MauiNavHostFragment.class' (1,234)
2026-08-09 05:44:21: Copy Over 'C:/rock/bannister/Bannister/obj/x64/Debug/net8.0-android/android/bin/classes/crc64fcf28c0e24b4cc31/SearchBarHandler_FocusChangeListener.class' -> 'goodrive://www.googleapis.com/:personal:/bannister/bannister/obj/x64/Debug/net8.0-android/android/bin/classes/crc64fcf28c0e24b4cc31/SearchBarHandler_FocusChangeListener.class' (1,694)
2026-08-09 05:44:23: Copy Over 'C:/rock/bannister/Bannister/obj/x64/Debug/net8.0-android/android/bin/classes/crc64fcf28c0e24b4cc31/SwitchHandler_CheckedChangeListener.class' -> 'goodrive://www.googleapis.com/:personal:/bannister/bannister/obj/x64/Debug/net8.0-android/android/bin/classes/crc64fcf28c0e24b4cc31/SwitchHandler_CheckedChangeListener.class' (1,780)
2026-08-09 05:44:23: Copy Over 'C:/rock/bannister/Bannister/obj/x64/Debug/net8.0-android/android/bin/classes/crc64fcf28c0e24b4cc31/SliderHandler_SeekBarChangeListener.class' -> 'goodrive://www.googleapis.com/:personal:/bannister/bannister/obj/x64/Debug/net8.0-android/android/bin/classes/crc64fcf28c0e24b4cc31/SliderHandler_SeekBarChangeListener.class' (2,462)
2026-08-09 05:44:23: > Copy Over 'C:/rock/bannister/Bannister/obj/x64/Debug/net8.0-android/android/bin/classes.zip' -> 'goodrive://www.googleapis.com/:personal:/bannister/bannister/obj/x64/Debug/net8.0-android/android/bin/classes.zip' (2,906,382)
2026-08-09 05:44:24: Copy Over 'C:/rock/bannister/Bannister/obj/x64/Debug/net8.0-android/android/bin/classes/crc64fcf28c0e24b4cc31/ToolbarHandler_ProcessBackClick.class' -> 'goodrive://www.googleapis.com/:personal:/bannister/bannister/obj/x64/Debug/net8.0-android/android/bin/classes/crc64fcf28c0e24b4cc31/ToolbarHandler_ProcessBackClick.class' (1,633)
2026-08-09 05:44:27: Copy Over 'C:/rock/bannister/Bannister/obj/x64/Debug/net8.0-android/android/bin/classes/mono/android/app/ApplicationRegistration.class' -> 'goodrive://www.googleapis.com/:personal:/bannister/bannister/obj/x64/Debug/net8.0-android/android/bin/classes/mono/android/app/ApplicationRegistration.class' (774)
2026-08-09 05:44:27: < Copy Over 'C:/rock/bannister/Bannister/obj/x64/Debug/net8.0-android/android/bin/classes.zip' -> 'goodrive://www.googleapis.com/:personal:/bannister/bannister/obj/x64/Debug/net8.0-android/android/bin/classes.zip' (2,906,382)
2026-08-09 05:44:27: Copy Over 'C:/rock/bannister/Bannister/obj/x64/Debug/net8.0-android/android/bin/classes/mono/androidx/activity/contextaware/OnContextAvailableListenerImplementor.class' -> 'goodrive://www.googleapis.com/:personal:/bannister/bannister/obj/x64/Debug/net8.0-android/android/bin/classes/mono/androidx/activity/contextaware/OnContextAvailableListenerImplementor.class' (1,679)
2026-08-09 05:44:30: Copy Over 'C:/rock/bannister/Bannister/obj/x64/Debug/net8.0-android/android/bin/classes/mono/androidx/appcompat/app/ActionBar_OnMenuVisibilityListenerImplementor.class' -> 'goodrive://www.googleapis.com/:personal:/bannister/bannister/obj/x64/Debug/net8.0-android/android/bin/classes/mono/androidx/appcompat/app/ActionBar_OnMenuVisibilityListenerImplementor.class' (1,733)
2026-08-09 05:44:31: Copy Over 'C:/rock/bannister/Bannister/obj/x64/Debug/net8.0-android/android/bin/classes/mono/androidx/appcompat/widget/ContentFrameLayout_OnAttachListenerImplementor.class' -> 'goodrive://www.googleapis.com/:personal:/bannister/bannister/obj/x64/Debug/net8.0-android/android/bin/classes/mono/androidx/appcompat/widget/ContentFrameLayout_OnAttachListenerImplementor.class' (2,000)
2026-08-09 05:44:31: Copy Over 'C:/rock/bannister/Bannister/obj/x64/Debug/net8.0-android/android/bin/classes/mono/androidx/appcompat/widget/ActionMenuView_OnMenuItemClickListenerImplementor.class' -> 'goodrive://www.googleapis.com/:personal:/bannister/bannister/obj/x64/Debug/net8.0-android/android/bin/classes/mono/androidx/appcompat/widget/ActionMenuView_OnMenuItemClickListenerImplementor.class' (1,802)
2026-08-09 05:44:34: Copy Over 'C:/rock/bannister/Bannister/obj/x64/Debug/net8.0-android/android/bin/classes/mono/androidx/appcompat/widget/FitWindowsViewGroup_OnFitSystemWindowsListenerImplementor.class' -> 'goodrive://www.googleapis.com/:personal:/bannister/bannister/obj/x64/Debug/net8.0-android/android/bin/classes/mono/androidx/appcompat/widget/FitWindowsViewGroup_OnFitSystemWindowsListenerImplementor.class' (1,864)
2026-08-09 05:44:34: Copy Over 'C:/rock/bannister/Bannister/obj/x64/Debug/net8.0-android/android/bin/classes/mono/androidx/appcompat/widget/MenuItemHoverListenerImplementor.class' -> 'goodrive://www.googleapis.com/:personal:/bannister/bannister/obj/x64/Debug/net8.0-android/android/bin/classes/mono/androidx/appcompat/widget/MenuItemHoverListenerImplementor.class' (2,117)
2026-08-09 05:44:34: Copy Over 'C:/rock/bannister/Bannister/obj/x64/Debug/net8.0-android/android/bin/classes/mono/androidx/appcompat/widget/PopupMenu_OnDismissListenerImplementor.class' -> 'goodrive://www.googleapis.com/:personal:/bannister/bannister/obj/x64/Debug/net8.0-android/android/bin/classes/mono/androidx/appcompat/widget/PopupMenu_OnDismissListenerImplementor.class' (1,758)
2026-08-09 05:44:37: Copy Over 'C:/rock/bannister/Bannister/obj/x64/Debug/net8.0-android/android/bin/classes/mono/androidx/appcompat/widget/SearchView_OnCloseListenerImplementor.class' -> 'goodrive://www.googleapis.com/:personal:/bannister/bannister/obj/x64/Debug/net8.0-android/android/bin/classes/mono/androidx/appcompat/widget/SearchView_OnCloseListenerImplementor.class' (1,627)
2026-08-09 05:44:38: Copy Over 'C:/rock/bannister/Bannister/obj/x64/Debug/net8.0-android/android/bin/classes/mono/androidx/appcompat/widget/SearchView_OnQueryTextListenerImplementor.class' -> 'goodrive://www.googleapis.com/:personal:/bannister/bannister/obj/x64/Debug/net8.0-android/android/bin/classes/mono/androidx/appcompat/widget/SearchView_OnQueryTextListenerImplementor.class' (2,033)
2026-08-09 05:44:38: Copy Over 'C:/rock/bannister/Bannister/obj/x64/Debug/net8.0-android/android/bin/classes/mono/androidx/appcompat/widget/PopupMenu_OnMenuItemClickListenerImplementor.class' -> 'goodrive://www.googleapis.com/:personal:/bannister/bannister/obj/x64/Debug/net8.0-android/android/bin/classes/mono/androidx/appcompat/widget/PopupMenu_OnMenuItemClickListenerImplementor.class' (1,772)
2026-08-09 05:44:41: Copy Over 'C:/rock/bannister/Bannister/obj/x64/Debug/net8.0-android/android/bin/classes/mono/androidx/appcompat/widget/SearchView_OnSuggestionListenerImplementor.class' -> 'goodrive://www.googleapis.com/:personal:/bannister/bannister/obj/x64/Debug/net8.0-android/android/bin/classes/mono/androidx/appcompat/widget/SearchView_OnSuggestionListenerImplementor.class' (1,959)
2026-08-09 05:44:41: Copy Over 'C:/rock/bannister/Bannister/obj/x64/Debug/net8.0-android/android/bin/classes/mono/androidx/appcompat/widget/Toolbar_OnMenuItemClickListenerImplementor.class' -> 'goodrive://www.googleapis.com/:personal:/bannister/bannister/obj/x64/Debug/net8.0-android/android/bin/classes/mono/androidx/appcompat/widget/Toolbar_OnMenuItemClickListenerImplementor.class' (1,760)
2026-08-09 05:44:41: Copy Over 'C:/rock/bannister/Bannister/obj/x64/Debug/net8.0-android/android/bin/classes/mono/androidx/appcompat/widget/ShareActionProvider_OnShareTargetSelectedListenerImplementor.class' -> 'goodrive://www.googleapis.com/:personal:/bannister/bannister/obj/x64/Debug/net8.0-android/android/bin/classes/mono/androidx/appcompat/widget/ShareActionProvider_OnShareTargetSelectedListenerImplementor.class' (2,037)
2026-08-09 05:44:44: Copy Over 'C:/rock/bannister/Bannister/obj/x64/Debug/net8.0-android/android/bin/classes/mono/androidx/appcompat/app/ActionBar_OnNavigationListenerImplementor.class' -> 'goodrive://www.googleapis.com/:personal:/bannister/bannister/obj/x64/Debug/net8.0-android/android/bin/classes/mono/androidx/appcompat/app/ActionBar_OnNavigationListenerImplementor.class' (1,713)
2026-08-09 05:44:44: Copy Over 'C:/rock/bannister/Bannister/obj/x64/Debug/net8.0-android/android/bin/classes/mono/androidx/appcompat/app/ActionBar_TabListenerImplementor.class' -> 'goodrive://www.googleapis.com/:personal:/bannister/bannister/obj/x64/Debug/net8.0-android/android/bin/classes/mono/androidx/appcompat/app/ActionBar_TabListenerImplementor.class' (2,706)
2026-08-09 05:44:44: Copy Over 'C:/rock/bannister/Bannister/obj/x64/Debug/net8.0-android/android/bin/classes/mono/androidx/appcompat/widget/ViewStubCompat_OnInflateListenerImplementor.class' -> 'goodrive://www.googleapis.com/:personal:/bannister/bannister/obj/x64/Debug/net8.0-android/android/bin/classes/mono/androidx/appcompat/widget/ViewStubCompat_OnInflateListenerImplementor.class' (1,861)
2026-08-09 05:44:47: Copy Over 'C:/rock/bannister/Bannister/obj/x64/Debug/net8.0-android/android/bin/classes/mono/androidx/constraintlayout/motion/widget/MotionLayout_TransitionListenerImplementor.class' -> 'goodrive://www.googleapis.com/:personal:/bannister/bannister/obj/x64/Debug/net8.0-android/android/bin/classes/mono/androidx/constraintlayout/motion/widget/MotionLayout_TransitionListenerImplementor.class' (3,355)
2026-08-09 05:44:47: Copy Over 'C:/rock/bannister/Bannister/obj/x64/Debug/net8.0-android/android/bin/classes/mono/androidx/core/app/SharedElementCallback_OnSharedElementsReadyListenerImplementor.class' -> 'goodrive://www.googleapis.com/:personal:/bannister/bannister/obj/x64/Debug/net8.0-android/android/bin/classes/mono/androidx/core/app/SharedElementCallback_OnSharedElementsReadyListenerImplementor.class' (1,781)
2026-08-09 05:44:48: Copy Over 'C:/rock/bannister/Bannister/obj/x64/Debug/net8.0-android/android/bin/classes/mono/androidx/core/os/CancellationSignal_OnCancelListenerImplementor.class' -> 'goodrive://www.googleapis.com/:personal:/bannister/bannister/obj/x64/Debug/net8.0-android/android/bin/classes/mono/androidx/core/os/CancellationSignal_OnCancelListenerImplementor.class' (1,628)
2026-08-09 05:44:50: Copy Over 'C:/rock/bannister/Bannister/obj/x64/Debug/net8.0-android/android/bin/classes/mono/androidx/core/view/accessibility/AccessibilityManagerCompat_AccessibilityStateChangeListenerImplementor.class' -> 'goodrive://www.googleapis.com/:personal:/bannister/bannister/obj/x64/Debug/net8.0-android/android/bin/classes/mono/androidx/core/view/accessibility/AccessibilityManagerCompat_AccessibilityStateChangeListenerImplementor.class' (1,939)
2026-08-09 05:44:50: Copy Over 'C:/rock/bannister/Bannister/obj/x64/Debug/net8.0-android/android/bin/classes/mono/androidx/core/view/ActionProvider_SubUiVisibilityListenerImplementor.class' -> 'goodrive://www.googleapis.com/:personal:/bannister/bannister/obj/x64/Debug/net8.0-android/android/bin/classes/mono/androidx/core/view/ActionProvider_SubUiVisibilityListenerImplementor.class' (1,731)
2026-08-09 05:44:51: Copy Over 'C:/rock/bannister/Bannister/obj/x64/Debug/net8.0-android/android/bin/classes/mono/androidx/core/view/accessibility/AccessibilityManagerCompat_TouchExplorationStateChangeListenerImplementor.class' -> 'goodrive://www.googleapis.com/:personal:/bannister/bannister/obj/x64/Debug/net8.0-android/android/bin/classes/mono/androidx/core/view/accessibility/AccessibilityManagerCompat_TouchExplorationStateChangeListenerImplementor.class' (1,969)
2026-08-09 05:44:54: Copy Over 'C:/rock/bannister/Bannister/obj/x64/Debug/net8.0-android/android/bin/classes/mono/androidx/core/view/DragStartHelper_OnDragStartListenerImplementor.class' -> 'goodrive://www.googleapis.com/:personal:/bannister/bannister/obj/x64/Debug/net8.0-android/android/bin/classes/mono/androidx/core/view/DragStartHelper_OnDragStartListenerImplementor.class' (1,820)
2026-08-09 05:44:54: Copy Over 'C:/rock/bannister/Bannister/obj/x64/Debug/net8.0-android/android/bin/classes/mono/androidx/core/view/MenuItemCompat_OnActionExpandListenerImplementor.class' -> 'goodrive://www.googleapis.com/:personal:/bannister/bannister/obj/x64/Debug/net8.0-android/android/bin/classes/mono/androidx/core/view/MenuItemCompat_OnActionExpandListenerImplementor.class' (2,098)
2026-08-09 05:44:54: Copy Over 'C:/rock/bannister/Bannister/obj/x64/Debug/net8.0-android/android/bin/classes/mono/androidx/core/view/ActionProvider_VisibilityListenerImplementor.class' -> 'goodrive://www.googleapis.com/:personal:/bannister/bannister/obj/x64/Debug/net8.0-android/android/bin/classes/mono/androidx/core/view/ActionProvider_VisibilityListenerImplementor.class' (1,737)
2026-08-09 05:44:57: Copy Over 'C:/rock/bannister/Bannister/obj/x64/Debug/net8.0-android/android/bin/classes/mono/androidx/core/view/OnApplyWindowInsetsListenerImplementor.class' -> 'goodrive://www.googleapis.com/:personal:/bannister/bannister/obj/x64/Debug/net8.0-android/android/bin/classes/mono/androidx/core/view/OnApplyWindowInsetsListenerImplementor.class' (1,804)
2026-08-09 05:44:58: Copy Over 'C:/rock/bannister/Bannister/obj/x64/Debug/net8.0-android/android/bin/classes/mono/androidx/core/view/OnReceiveContentListenerImplementor.class' -> 'goodrive://www.googleapis.com/:personal:/bannister/bannister/obj/x64/Debug/net8.0-android/android/bin/classes/mono/androidx/core/view/OnReceiveContentListenerImplementor.class' (1,772)
2026-08-09 05:44:58: Copy Over 'C:/rock/bannister/Bannister/obj/x64/Debug/net8.0-android/android/bin/classes/mono/androidx/core/view/inputmethod/InputConnectionCompat_OnCommitContentListenerImplementor.class' -> 'goodrive://www.googleapis.com/:personal:/bannister/bannister/obj/x64/Debug/net8.0-android/android/bin/classes/mono/androidx/core/view/inputmethod/InputConnectionCompat_OnCommitContentListenerImplementor.class' (2,017)
2026-08-09 05:45:01: Copy Over 'C:/rock/bannister/Bannister/obj/x64/Debug/net8.0-android/android/bin/classes/mono/androidx/core/view/ViewPropertyAnimatorListenerImplementor.class' -> 'goodrive://www.googleapis.com/:personal:/bannister/bannister/obj/x64/Debug/net8.0-android/android/bin/classes/mono/androidx/core/view/ViewPropertyAnimatorListenerImplementor.class' (2,151)
2026-08-09 05:45:01: Copy Over 'C:/rock/bannister/Bannister/obj/x64/Debug/net8.0-android/android/bin/classes/mono/androidx/core/view/ViewPropertyAnimatorUpdateListenerImplementor.class' -> 'goodrive://www.googleapis.com/:personal:/bannister/bannister/obj/x64/Debug/net8.0-android/android/bin/classes/mono/androidx/core/view/ViewPropertyAnimatorUpdateListenerImplementor.class' (1,641)
2026-08-09 05:45:02: Copy Over 'C:/rock/bannister/Bannister/obj/x64/Debug/net8.0-android/android/bin/classes/mono/androidx/core/view/WindowInsetsControllerCompat_OnControllableInsetsChangedListenerImplementor.class' -> 'goodrive://www.googleapis.com/:personal:/bannister/bannister/obj/x64/Debug/net8.0-android/android/bin/classes/mono/androidx/core/view/WindowInsetsControllerCompat_OnControllableInsetsChangedListenerImplementor.class' (2,047)
2026-08-09 05:45:04: Copy Over 'C:/rock/bannister/Bannister/obj/x64/Debug/net8.0-android/android/bin/classes/mono/androidx/core/widget/NestedScrollView_OnScrollChangeListenerImplementor.class' -> 'goodrive://www.googleapis.com/:personal:/bannister/bannister/obj/x64/Debug/net8.0-android/android/bin/classes/mono/androidx/core/widget/NestedScrollView_OnScrollChangeListenerImplementor.class' (1,839)
2026-08-09 05:45:05: Copy Over 'C:/rock/bannister/Bannister/obj/x64/Debug/net8.0-android/android/bin/classes/mono/androidx/constraintlayout/widget/SharedValues_SharedValuesListenerImplementor.class' -> 'goodrive://www.googleapis.com/:personal:/bannister/bannister/obj/x64/Debug/net8.0-android/android/bin/classes/mono/androidx/constraintlayout/widget/SharedValues_SharedValuesListenerImplementor.class' (1,747)
2026-08-09 05:45:05: Copy Over 'C:/rock/bannister/Bannister/obj/x64/Debug/net8.0-android/android/bin/classes/mono/androidx/customview/poolingcontainer/PoolingContainerListenerImplementor.class' -> 'goodrive://www.googleapis.com/:personal:/bannister/bannister/obj/x64/Debug/net8.0-android/android/bin/classes/mono/androidx/customview/poolingcontainer/PoolingContainerListenerImplementor.class' (1,612)
2026-08-09 05:45:08: Copy Over 'C:/rock/bannister/Bannister/obj/x64/Debug/net8.0-android/android/bin/classes/mono/androidx/drawerlayout/widget/DrawerLayout_DrawerListenerImplementor.class' -> 'goodrive://www.googleapis.com/:personal:/bannister/bannister/obj/x64/Debug/net8.0-android/android/bin/classes/mono/androidx/drawerlayout/widget/DrawerLayout_DrawerListenerImplementor.class' (2,614)
2026-08-09 05:45:08: Copy Over 'C:/rock/bannister/Bannister/obj/x64/Debug/net8.0-android/android/bin/classes/mono/androidx/dynamicanimation/animation/DynamicAnimation_OnAnimationEndListenerImplementor.class' -> 'goodrive://www.googleapis.com/:personal:/bannister/bannister/obj/x64/Debug/net8.0-android/android/bin/classes/mono/androidx/dynamicanimation/animation/DynamicAnimation_OnAnimationEndListenerImplementor.class' (1,958)
2026-08-09 05:45:09: Copy Over 'C:/rock/bannister/Bannister/obj/x64/Debug/net8.0-android/android/bin/classes/mono/androidx/fragment/app/FragmentManager_OnBackStackChangedListenerImplementor.class' -> 'goodrive://www.googleapis.com/:personal:/bannister/bannister/obj/x64/Debug/net8.0-android/android/bin/classes/mono/androidx/fragment/app/FragmentManager_OnBackStackChangedListenerImplementor.class' (2,488)
2026-08-09 05:45:11: Copy Over 'C:/rock/bannister/Bannister/obj/x64/Debug/net8.0-android/android/bin/classes/mono/androidx/fragment/app/FragmentResultListenerImplementor.class' -> 'goodrive://www.googleapis.com/:personal:/bannister/bannister/obj/x64/Debug/net8.0-android/android/bin/classes/mono/androidx/fragment/app/FragmentResultListenerImplementor.class' (1,652)
2026-08-09 05:45:11: Copy Over 'C:/rock/bannister/Bannister/obj/x64/Debug/net8.0-android/android/bin/classes/mono/androidx/fragment/app/FragmentOnAttachListenerImplementor.class' -> 'goodrive://www.googleapis.com/:personal:/bannister/bannister/obj/x64/Debug/net8.0-android/android/bin/classes/mono/androidx/fragment/app/FragmentOnAttachListenerImplementor.class' (1,764)
2026-08-09 05:45:13: Copy Over 'C:/rock/bannister/Bannister/obj/x64/Debug/net8.0-android/android/bin/classes/mono/androidx/dynamicanimation/animation/DynamicAnimation_OnAnimationUpdateListenerImplementor.class' -> 'goodrive://www.googleapis.com/:personal:/bannister/bannister/obj/x64/Debug/net8.0-android/android/bin/classes/mono/androidx/dynamicanimation/animation/DynamicAnimation_OnAnimationUpdateListenerImplementor.class' (1,983)
2026-08-09 05:45:15: Copy Over 'C:/rock/bannister/Bannister/obj/x64/Debug/net8.0-android/android/bin/classes/mono/androidx/navigation/NavController_OnDestinationChangedListenerImplementor.class' -> 'goodrive://www.googleapis.com/:personal:/bannister/bannister/obj/x64/Debug/net8.0-android/android/bin/classes/mono/androidx/navigation/NavController_OnDestinationChangedListenerImplementor.class' (2,041)
2026-08-09 05:45:15: Copy Over 'C:/rock/bannister/Bannister/obj/x64/Debug/net8.0-android/android/bin/classes/mono/androidx/fragment/app/strictmode/FragmentStrictMode_OnViolationListenerImplementor.class' -> 'goodrive://www.googleapis.com/:personal:/bannister/bannister/obj/x64/Debug/net8.0-android/android/bin/classes/mono/androidx/fragment/app/strictmode/FragmentStrictMode_OnViolationListenerImplementor.class' (1,886)
2026-08-09 05:45:17: Copy Over 'C:/rock/bannister/Bannister/obj/x64/Debug/net8.0-android/android/bin/classes/mono/androidx/loader/content/Loader_OnLoadCanceledListenerImplementor.class' -> 'goodrive://www.googleapis.com/:personal:/bannister/bannister/obj/x64/Debug/net8.0-android/android/bin/classes/mono/androidx/loader/content/Loader_OnLoadCanceledListenerImplementor.class' (1,759)
2026-08-09 05:45:19: Copy Over 'C:/rock/bannister/Bannister/obj/x64/Debug/net8.0-android/android/bin/classes/mono/androidx/loader/content/Loader_OnLoadCompleteListenerImplementor.class' -> 'goodrive://www.googleapis.com/:personal:/bannister/bannister/obj/x64/Debug/net8.0-android/android/bin/classes/mono/androidx/loader/content/Loader_OnLoadCompleteListenerImplementor.class' (1,814)
2026-08-09 05:45:19: Copy Over 'C:/rock/bannister/Bannister/obj/x64/Debug/net8.0-android/android/bin/classes/mono/androidx/navigation/ui/AppBarConfiguration_OnNavigateUpListenerImplementor.class' -> 'goodrive://www.googleapis.com/:personal:/bannister/bannister/obj/x64/Debug/net8.0-android/android/bin/classes/mono/androidx/navigation/ui/AppBarConfiguration_OnNavigateUpListenerImplementor.class' (1,724)
2026-08-09 05:45:20: Copy Over 'C:/rock/bannister/Bannister/obj/x64/Debug/net8.0-android/android/bin/classes/mono/androidx/recyclerview/widget/AsyncListDiffer_ListListenerImplementor.class' -> 'goodrive://www.googleapis.com/:personal:/bannister/bannister/obj/x64/Debug/net8.0-android/android/bin/classes/mono/androidx/recyclerview/widget/AsyncListDiffer_ListListenerImplementor.class' (1,815)
2026-08-09 05:45:22: Copy Over 'C:/rock/bannister/Bannister/obj/x64/Debug/net8.0-android/android/bin/classes/mono/androidx/recyclerview/widget/RecyclerView_ItemAnimator_ItemAnimatorFinishedListenerImplementor.class' -> 'goodrive://www.googleapis.com/:personal:/bannister/bannister/obj/x64/Debug/net8.0-android/android/bin/classes/mono/androidx/recyclerview/widget/RecyclerView_ItemAnimator_ItemAnimatorFinishedListenerImplementor.class' (1,936)
2026-08-09 05:45:22: Copy Over 'C:/rock/bannister/Bannister/obj/x64/Debug/net8.0-android/android/bin/classes/mono/androidx/slidingpanelayout/widget/SlidingPaneLayout_PanelSlideListenerImplementor.class' -> 'goodrive://www.googleapis.com/:personal:/bannister/bannister/obj/x64/Debug/net8.0-android/android/bin/classes/mono/androidx/slidingpanelayout/widget/SlidingPaneLayout_PanelSlideListenerImplementor.class' (2,451)
2026-08-09 05:45:23: Copy Over 'C:/rock/bannister/Bannister/obj/x64/Debug/net8.0-android/android/bin/classes/mono/androidx/recyclerview/widget/RecyclerView_OnChildAttachStateChangeListenerImplementor.class' -> 'goodrive://www.googleapis.com/:personal:/bannister/bannister/obj/x64/Debug/net8.0-android/android/bin/classes/mono/androidx/recyclerview/widget/RecyclerView_OnChildAttachStateChangeListenerImplementor.class' (2,266)
2026-08-09 05:45:25: Copy Over 'C:/rock/bannister/Bannister/obj/x64/Debug/net8.0-android/android/bin/classes/mono/androidx/recyclerview/widget/RecyclerView_OnItemTouchListenerImplementor.class' -> 'goodrive://www.googleapis.com/:personal:/bannister/bannister/obj/x64/Debug/net8.0-android/android/bin/classes/mono/androidx/recyclerview/widget/RecyclerView_OnItemTouchListenerImplementor.class' (2,753)
2026-08-09 05:45:26: Copy Over 'C:/rock/bannister/Bannister/obj/x64/Debug/net8.0-android/android/bin/classes/mono/androidx/recyclerview/widget/RecyclerView_RecyclerListenerImplementor.class' -> 'goodrive://www.googleapis.com/:personal:/bannister/bannister/obj/x64/Debug/net8.0-android/android/bin/classes/mono/androidx/recyclerview/widget/RecyclerView_RecyclerListenerImplementor.class' (1,941)
2026-08-09 05:45:26: Copy Over 'C:/rock/bannister/Bannister/obj/x64/Debug/net8.0-android/android/bin/classes/mono/androidx/transition/Transition_TransitionListenerImplementor.class' -> 'goodrive://www.googleapis.com/:personal:/bannister/bannister/obj/x64/Debug/net8.0-android/android/bin/classes/mono/androidx/transition/Transition_TransitionListenerImplementor.class' (3,013)
2026-08-09 05:45:29: Copy Over 'C:/rock/bannister/Bannister/obj/x64/Debug/net8.0-android/android/bin/classes/mono/androidx/viewpager/widget/ViewPager_OnAdapterChangeListenerImplementor.class' -> 'goodrive://www.googleapis.com/:personal:/bannister/bannister/obj/x64/Debug/net8.0-android/android/bin/classes/mono/androidx/viewpager/widget/ViewPager_OnAdapterChangeListenerImplementor.class' (2,064)
2026-08-09 05:45:29: Copy Over 'C:/rock/bannister/Bannister/obj/x64/Debug/net8.0-android/android/bin/classes/mono/androidx/swiperefreshlayout/widget/SwipeRefreshLayout_OnRefreshListenerImplementor.class' -> 'goodrive://www.googleapis.com/:personal:/bannister/bannister/obj/x64/Debug/net8.0-android/android/bin/classes/mono/androidx/swiperefreshlayout/widget/SwipeRefreshLayout_OnRefreshListenerImplementor.class' (1,756)
2026-08-09 05:45:29: Copy Over 'C:/rock/bannister/Bannister/obj/x64/Debug/net8.0-android/android/bin/classes/mono/androidx/viewpager/widget/ViewPager_OnPageChangeListenerImplementor.class' -> 'goodrive://www.googleapis.com/:personal:/bannister/bannister/obj/x64/Debug/net8.0-android/android/bin/classes/mono/androidx/viewpager/widget/ViewPager_OnPageChangeListenerImplementor.class' (2,231)
2026-08-09 05:45:33: Copy Over 'C:/rock/bannister/Bannister/obj/x64/Debug/net8.0-android/android/bin/classes/mono/com/bumptech/glide/load/engine/cache/MemoryCache_ResourceRemovedListenerImplementor.class' -> 'goodrive://www.googleapis.com/:personal:/bannister/bannister/obj/x64/Debug/net8.0-android/android/bin/classes/mono/com/bumptech/glide/load/engine/cache/MemoryCache_ResourceRemovedListenerImplementor.class' (1,885)
2026-08-09 05:45:33: Copy Over 'C:/rock/bannister/Bannister/obj/x64/Debug/net8.0-android/android/bin/classes/mono/com/bumptech/glide/manager/LifecycleListenerImplementor.class' -> 'goodrive://www.googleapis.com/:personal:/bannister/bannister/obj/x64/Debug/net8.0-android/android/bin/classes/mono/com/bumptech/glide/manager/LifecycleListenerImplementor.class' (1,861)
2026-08-09 05:45:33: Copy Over 'C:/rock/bannister/Bannister/obj/x64/Debug/net8.0-android/android/bin/classes/mono/com/bumptech/glide/manager/ConnectivityMonitor_ConnectivityListenerImplementor.class' -> 'goodrive://www.googleapis.com/:personal:/bannister/bannister/obj/x64/Debug/net8.0-android/android/bin/classes/mono/com/bumptech/glide/manager/ConnectivityMonitor_ConnectivityListenerImplementor.class' (1,761)
2026-08-09 05:45:36: Copy Over 'C:/rock/bannister/Bannister/obj/x64/Debug/net8.0-android/android/bin/classes/mono/com/bumptech/glide/request/RequestListenerImplementor.class' -> 'goodrive://www.googleapis.com/:personal:/bannister/bannister/obj/x64/Debug/net8.0-android/android/bin/classes/mono/com/bumptech/glide/request/RequestListenerImplementor.class' (2,393)
2026-08-09 05:45:36: Copy Over 'C:/rock/bannister/Bannister/obj/x64/Debug/net8.0-android/android/bin/classes/mono/MonoRuntimeProvider.class' -> 'goodrive://www.googleapis.com/:personal:/bannister/bannister/obj/x64/Debug/net8.0-android/android/bin/classes/mono/MonoRuntimeProvider.class' (1,980)
2026-08-09 05:45:36: Copy Over 'C:/rock/bannister/Bannister/obj/x64/Debug/net8.0-android/android/bin/classes/mono/MonoPackageManager_Resources.class' -> 'goodrive://www.googleapis.com/:personal:/bannister/bannister/obj/x64/Debug/net8.0-android/android/bin/classes/mono/MonoPackageManager_Resources.class' (6,313)
2026-08-09 05:45:39: Copy Over 'C:/rock/bannister/Bannister/obj/x64/Debug/net8.0-android/android/bin/classes/mono/com/google/android/material/appbar/AppBarLayout_OnOffsetChangedListenerImplementor.class' -> 'goodrive://www.googleapis.com/:personal:/bannister/bannister/obj/x64/Debug/net8.0-android/android/bin/classes/mono/com/google/android/material/appbar/AppBarLayout_OnOffsetChangedListenerImplementor.class' (1,923)
2026-08-09 05:45:39: Copy Over 'C:/rock/bannister/Bannister/obj/x64/Debug/net8.0-android/android/bin/classes/mono/com/google/android/material/animation/AnimatableView_ListenerImplementor.class' -> 'goodrive://www.googleapis.com/:personal:/bannister/bannister/obj/x64/Debug/net8.0-android/android/bin/classes/mono/com/google/android/material/animation/AnimatableView_ListenerImplementor.class' (1,695)
2026-08-09 05:45:39: Copy Over 'C:/rock/bannister/Bannister/obj/x64/Debug/net8.0-android/android/bin/classes/mono/com/google/android/material/appbar/AppBarLayout_LiftOnScrollListenerImplementor.class' -> 'goodrive://www.googleapis.com/:personal:/bannister/bannister/obj/x64/Debug/net8.0-android/android/bin/classes/mono/com/google/android/material/appbar/AppBarLayout_LiftOnScrollListenerImplementor.class' (1,733)
2026-08-09 05:45:43: Copy Over 'C:/rock/bannister/Bannister/obj/x64/Debug/net8.0-android/android/bin/classes/mono/com/google/android/material/behavior/HideBottomViewOnScrollBehavior_OnScrollStateChangedListenerImplementor.class' -> 'goodrive://www.googleapis.com/:personal:/bannister/bannister/obj/x64/Debug/net8.0-android/android/bin/classes/mono/com/google/android/material/behavior/HideBottomViewOnScrollBehavior_OnScrollStateChangedListenerImplementor.class' (1,977)
2026-08-09 05:45:43: Copy Over 'C:/rock/bannister/Bannister/obj/x64/Debug/net8.0-android/android/bin/classes/mono/com/google/android/material/button/MaterialButton_OnCheckedChangeListenerImplementor.class' -> 'goodrive://www.googleapis.com/:personal:/bannister/bannister/obj/x64/Debug/net8.0-android/android/bin/classes/mono/com/google/android/material/button/MaterialButton_OnCheckedChangeListenerImplementor.class' (1,945)
2026-08-09 05:45:43: Copy Over 'C:/rock/bannister/Bannister/obj/x64/Debug/net8.0-android/android/bin/classes/mono/com/google/android/material/button/MaterialButtonToggleGroup_OnButtonCheckedListenerImplementor.class' -> 'goodrive://www.googleapis.com/:personal:/bannister/bannister/obj/x64/Debug/net8.0-android/android/bin/classes/mono/com/google/android/material/button/MaterialButtonToggleGroup_OnButtonCheckedListenerImplementor.class' (2,044)
2026-08-09 05:45:46: Copy Over 'C:/rock/bannister/Bannister/obj/x64/Debug/net8.0-android/android/bin/classes/mono/com/google/android/material/behavior/SwipeDismissBehavior_OnDismissListenerImplementor.class' -> 'goodrive://www.googleapis.com/:personal:/bannister/bannister/obj/x64/Debug/net8.0-android/android/bin/classes/mono/com/google/android/material/behavior/SwipeDismissBehavior_OnDismissListenerImplementor.class' (2,114)
2026-08-09 05:45:46: Copy Over 'C:/rock/bannister/Bannister/obj/x64/Debug/net8.0-android/android/bin/classes/mono/com/google/android/material/card/MaterialCardView_OnCheckedChangeListenerImplementor.class' -> 'goodrive://www.googleapis.com/:personal:/bannister/bannister/obj/x64/Debug/net8.0-android/android/bin/classes/mono/com/google/android/material/card/MaterialCardView_OnCheckedChangeListenerImplementor.class' (1,947)
2026-08-09 05:45:46: Copy Over 'C:/rock/bannister/Bannister/obj/x64/Debug/net8.0-android/android/bin/classes/mono/com/google/android/material/carousel/OnMaskChangedListenerImplementor.class' -> 'goodrive://www.googleapis.com/:personal:/bannister/bannister/obj/x64/Debug/net8.0-android/android/bin/classes/mono/com/google/android/material/carousel/OnMaskChangedListenerImplementor.class' (1,659)
2026-08-09 05:45:49: Copy Over 'C:/rock/bannister/Bannister/obj/x64/Debug/net8.0-android/android/bin/classes/mono/com/google/android/material/checkbox/MaterialCheckBox_OnCheckedStateChangedListenerImplementor.class' -> 'goodrive://www.googleapis.com/:personal:/bannister/bannister/obj/x64/Debug/net8.0-android/android/bin/classes/mono/com/google/android/material/checkbox/MaterialCheckBox_OnCheckedStateChangedListenerImplementor.class' (2,067)
2026-08-09 05:45:50: Copy Over 'C:/rock/bannister/Bannister/obj/x64/Debug/net8.0-android/android/bin/classes/mono/com/google/android/material/chip/ChipGroup_OnCheckedChangeListenerImplementor.class' -> 'goodrive://www.googleapis.com/:personal:/bannister/bannister/obj/x64/Debug/net8.0-android/android/bin/classes/mono/com/google/android/material/chip/ChipGroup_OnCheckedChangeListenerImplementor.class' (1,884)
2026-08-09 05:45:50: Copy Over 'C:/rock/bannister/Bannister/obj/x64/Debug/net8.0-android/android/bin/classes/mono/com/google/android/material/chip/ChipGroup_OnCheckedStateChangeListenerImplementor.class' -> 'goodrive://www.googleapis.com/:personal:/bannister/bannister/obj/x64/Debug/net8.0-android/android/bin/classes/mono/com/google/android/material/chip/ChipGroup_OnCheckedStateChangeListenerImplementor.class' (1,959)
2026-08-09 05:45:53: Copy Over 'C:/rock/bannister/Bannister/obj/x64/Debug/net8.0-android/android/bin/classes/mono/com/google/android/material/checkbox/MaterialCheckBox_OnErrorChangedListenerImplementor.class' -> 'goodrive://www.googleapis.com/:personal:/bannister/bannister/obj/x64/Debug/net8.0-android/android/bin/classes/mono/com/google/android/material/checkbox/MaterialCheckBox_OnErrorChangedListenerImplementor.class' (1,965)
2026-08-09 05:45:53: Copy Over 'C:/rock/bannister/Bannister/obj/x64/Debug/net8.0-android/android/bin/classes/mono/com/google/android/material/datepicker/MaterialPickerOnPositiveButtonClickListenerImplementor.class' -> 'goodrive://www.googleapis.com/:personal:/bannister/bannister/obj/x64/Debug/net8.0-android/android/bin/classes/mono/com/google/android/material/datepicker/MaterialPickerOnPositiveButtonClickListenerImplementor.class' (1,767)
2026-08-09 05:45:53: Copy Over 'C:/rock/bannister/Bannister/obj/x64/Debug/net8.0-android/android/bin/classes/mono/com/google/android/material/internal/CheckableGroup_OnCheckedStateChangeListenerImplementor.class' -> 'goodrive://www.googleapis.com/:personal:/bannister/bannister/obj/x64/Debug/net8.0-android/android/bin/classes/mono/com/google/android/material/internal/CheckableGroup_OnCheckedStateChangeListenerImplementor.class' (1,893)
2026-08-09 05:45:56: Copy Over 'C:/rock/bannister/Bannister/obj/x64/Debug/net8.0-android/android/bin/classes/mono/com/google/android/material/internal/MaterialCheckable_OnCheckedChangeListenerImplementor.class' -> 'goodrive://www.googleapis.com/:personal:/bannister/bannister/obj/x64/Debug/net8.0-android/android/bin/classes/mono/com/google/android/material/internal/MaterialCheckable_OnCheckedChangeListenerImplementor.class' (1,872)
2026-08-09 05:45:56: Copy Over 'C:/rock/bannister/Bannister/obj/x64/Debug/net8.0-android/android/bin/classes/mono/com/google/android/material/internal/ViewUtils_OnApplyWindowInsetsListenerImplementor.class' -> 'goodrive://www.googleapis.com/:personal:/bannister/bannister/obj/x64/Debug/net8.0-android/android/bin/classes/mono/com/google/android/material/internal/ViewUtils_OnApplyWindowInsetsListenerImplementor.class' (2,338)
2026-08-09 05:45:56: Copy Over 'C:/rock/bannister/Bannister/obj/x64/Debug/net8.0-android/android/bin/classes/mono/com/google/android/material/navigation/NavigationBarView_OnItemReselectedListenerImplementor.class' -> 'goodrive://www.googleapis.com/:personal:/bannister/bannister/obj/x64/Debug/net8.0-android/android/bin/classes/mono/com/google/android/material/navigation/NavigationBarView_OnItemReselectedListenerImplementor.class' (1,941)
2026-08-09 05:46:00: Copy Over 'C:/rock/bannister/Bannister/obj/x64/Debug/net8.0-android/android/bin/classes/mono/com/google/android/material/navigation/NavigationView_OnNavigationItemSelectedListenerImplementor.class' -> 'goodrive://www.googleapis.com/:personal:/bannister/bannister/obj/x64/Debug/net8.0-android/android/bin/classes/mono/com/google/android/material/navigation/NavigationView_OnNavigationItemSelectedListenerImplementor.class' (1,959)
2026-08-09 05:46:00: Copy Over 'C:/rock/bannister/Bannister/obj/x64/Debug/net8.0-android/android/bin/classes/mono/com/google/android/material/navigation/NavigationBarView_OnItemSelectedListenerImplementor.class' -> 'goodrive://www.googleapis.com/:personal:/bannister/bannister/obj/x64/Debug/net8.0-android/android/bin/classes/mono/com/google/android/material/navigation/NavigationBarView_OnItemSelectedListenerImplementor.class' (1,917)
2026-08-09 05:46:00: Copy Over 'C:/rock/bannister/Bannister/obj/x64/Debug/net8.0-android/android/bin/classes/mono/com/google/android/material/search/SearchView_TransitionListenerImplementor.class' -> 'goodrive://www.googleapis.com/:personal:/bannister/bannister/obj/x64/Debug/net8.0-android/android/bin/classes/mono/com/google/android/material/search/SearchView_TransitionListenerImplementor.class' (2,340)
2026-08-09 05:46:03: Copy Over 'C:/rock/bannister/Bannister/obj/x64/Debug/net8.0-android/android/bin/classes/mono/com/google/android/material/slider/BaseOnChangeListenerImplementor.class' -> 'goodrive://www.googleapis.com/:personal:/bannister/bannister/obj/x64/Debug/net8.0-android/android/bin/classes/mono/com/google/android/material/slider/BaseOnChangeListenerImplementor.class' (1,636)
2026-08-09 05:46:03: Copy Over 'C:/rock/bannister/Bannister/obj/x64/Debug/net8.0-android/android/bin/classes/mono/com/google/android/material/shape/ShapeAppearancePathProvider_PathListenerImplementor.class' -> 'goodrive://www.googleapis.com/:personal:/bannister/bannister/obj/x64/Debug/net8.0-android/android/bin/classes/mono/com/google/android/material/shape/ShapeAppearancePathProvider_PathListenerImplementor.class' (2,439)
2026-08-09 05:46:03: Copy Over 'C:/rock/bannister/Bannister/obj/x64/Debug/net8.0-android/android/bin/classes/mono/com/google/android/material/slider/BaseOnSliderTouchListenerImplementor.class' -> 'goodrive://www.googleapis.com/:personal:/bannister/bannister/obj/x64/Debug/net8.0-android/android/bin/classes/mono/com/google/android/material/slider/BaseOnSliderTouchListenerImplementor.class' (1,960)
2026-08-09 05:46:06: Copy Over 'C:/rock/bannister/Bannister/obj/x64/Debug/net8.0-android/android/bin/classes/mono/com/google/android/material/textfield/TextInputLayout_OnEditTextAttachedListenerImplementor.class' -> 'goodrive://www.googleapis.com/:personal:/bannister/bannister/obj/x64/Debug/net8.0-android/android/bin/classes/mono/com/google/android/material/textfield/TextInputLayout_OnEditTextAttachedListenerImplementor.class' (2,000)
2026-08-09 05:46:06: > Copy Over 'C:/rock/bannister/Bannister/obj/x64/Debug/net8.0-android/android/bin/classes2.dex' -> 'goodrive://www.googleapis.com/:personal:/bannister/bannister/obj/x64/Debug/net8.0-android/android/bin/classes2.dex' (7,168,596)
2026-08-09 05:46:06: Copy Over 'C:/rock/bannister/Bannister/obj/x64/Debug/net8.0-android/android/bin/classes/mono/com/google/android/material/tabs/TabLayout_BaseOnTabSelectedListenerImplementor.class' -> 'goodrive://www.googleapis.com/:personal:/bannister/bannister/obj/x64/Debug/net8.0-android/android/bin/classes/mono/com/google/android/material/tabs/TabLayout_BaseOnTabSelectedListenerImplementor.class' (2,652)
2026-08-09 05:46:06: > Copy Over 'C:/rock/bannister/Bannister/obj/x64/Debug/net8.0-android/android/bin/com.bannister.app.apk' -> 'goodrive://www.googleapis.com/:personal:/bannister/bannister/obj/x64/Debug/net8.0-android/android/bin/com.bannister.app.apk' (41,553,815)
2026-08-09 05:46:07: Copy Over 'C:/rock/bannister/Bannister/obj/x64/Debug/net8.0-android/android/bin/classes/mono/com/google/android/material/textfield/TextInputLayout_OnEndIconChangedListenerImplementor.class' -> 'goodrive://www.googleapis.com/:personal:/bannister/bannister/obj/x64/Debug/net8.0-android/android/bin/classes/mono/com/google/android/material/textfield/TextInputLayout_OnEndIconChangedListenerImplementor.class' (1,984)
2026-08-09 05:46:07: > Copy Over 'C:/rock/bannister/Bannister/obj/x64/Debug/net8.0-android/android/bin/packaged_resources' -> 'goodrive://www.googleapis.com/:personal:/bannister/bannister/obj/x64/Debug/net8.0-android/android/bin/packaged_resources' (28,115,611)
2026-08-09 05:46:12: < Copy Over 'C:/rock/bannister/Bannister/obj/x64/Debug/net8.0-android/android/bin/com.bannister.app.apk' -> 'goodrive://www.googleapis.com/:personal:/bannister/bannister/obj/x64/Debug/net8.0-android/android/bin/com.bannister.app.apk' (41,553,815)
2026-08-09 05:46:12: > Copy Over 'C:/rock/bannister/Bannister/obj/x64/Debug/net8.0-android/android/assets/Bannister.pdb' -> 'goodrive://www.googleapis.com/:personal:/bannister/bannister/obj/x64/Debug/net8.0-android/android/assets/Bannister.pdb' (1,432,572)
2026-08-09 05:46:12: < Copy Over 'C:/rock/bannister/Bannister/obj/x64/Debug/net8.0-android/android/bin/classes2.dex' -> 'goodrive://www.googleapis.com/:personal:/bannister/bannister/obj/x64/Debug/net8.0-android/android/bin/classes2.dex' (7,168,596)
2026-08-09 05:46:14: < Copy Over 'C:/rock/bannister/Bannister/obj/x64/Debug/net8.0-android/android/bin/packaged_resources' -> 'goodrive://www.googleapis.com/:personal:/bannister/bannister/obj/x64/Debug/net8.0-android/android/bin/packaged_resources' (28,115,611)
2026-08-09 05:46:16: Copy Over 'C:/rock/bannister/Bannister/obj/x64/Debug/net8.0-android/android/assets/Microsoft.Maui.Controls.HotReload.Forms.dll' -> 'goodrive://www.googleapis.com/:personal:/bannister/bannister/obj/x64/Debug/net8.0-android/android/assets/Microsoft.Maui.Controls.HotReload.Forms.dll' (276,280)
2026-08-09 05:46:16: < Copy Over 'C:/rock/bannister/Bannister/obj/x64/Debug/net8.0-android/android/assets/Bannister.pdb' -> 'goodrive://www.googleapis.com/:personal:/bannister/bannister/obj/x64/Debug/net8.0-android/android/assets/Bannister.pdb' (1,432,572)
2026-08-09 05:46:18: Copy Over 'C:/rock/bannister/Bannister/obj/x64/Debug/net8.0-android/android/assets/Microsoft.VisualStudio.DesignTools.MobileTapContracts.dll' -> 'goodrive://www.googleapis.com/:personal:/bannister/bannister/obj/x64/Debug/net8.0-android/android/assets/Microsoft.VisualStudio.DesignTools.MobileTapContracts.dll' (56,120)
2026-08-09 05:46:20: Copy Over 'C:/rock/bannister/Bannister/obj/x64/Debug/net8.0-android/android/assets/Microsoft.VisualStudio.DesignTools.TapContract.dll' -> 'goodrive://www.googleapis.com/:personal:/bannister/bannister/obj/x64/Debug/net8.0-android/android/assets/Microsoft.VisualStudio.DesignTools.TapContract.dll' (77,624)
2026-08-09 05:46:20: Copy Over 'C:/rock/bannister/Bannister/obj/x64/Debug/net8.0-android/android/assets/Microsoft.VisualStudio.DesignTools.XamlTapContract.dll' -> 'goodrive://www.googleapis.com/:personal:/bannister/bannister/obj/x64/Debug/net8.0-android/android/assets/Microsoft.VisualStudio.DesignTools.XamlTapContract.dll' (60,768)
2026-08-09 05:46:21: Copy Over 'C:/rock/bannister/Bannister/obj/x64/Debug/net8.0-android/android/compressed_assemblies.arm64-v8a.o' -> 'goodrive://www.googleapis.com/:personal:/bannister/bannister/obj/x64/Debug/net8.0-android/android/compressed_assemblies.arm64-v8a.o' (848)
2026-08-09 05:46:23: Copy Over 'C:/rock/bannister/Bannister/obj/x64/Debug/net8.0-android/android/environment.arm64-v8a.ll' -> 'goodrive://www.googleapis.com/:personal:/bannister/bannister/obj/x64/Debug/net8.0-android/android/environment.arm64-v8a.ll' (155,005)
2026-08-09 05:46:23: Copy Over 'C:/rock/bannister/Bannister/obj/x64/Debug/net8.0-android/android/environment.arm64-v8a.o' -> 'goodrive://www.googleapis.com/:personal:/bannister/bannister/obj/x64/Debug/net8.0-android/android/environment.arm64-v8a.o' (47,936)
2026-08-09 05:46:24: Copy Over 'C:/rock/bannister/Bannister/obj/x64/Debug/net8.0-android/android/jni_remap.arm64-v8a.o' -> 'goodrive://www.googleapis.com/:personal:/bannister/bannister/obj/x64/Debug/net8.0-android/android/jni_remap.arm64-v8a.o' (968)
2026-08-09 05:46:24: > Copy Over 'C:/rock/bannister/Bannister/obj/x64/Debug/net8.0-android/android/typemaps.arm64-v8a.o' -> 'goodrive://www.googleapis.com/:personal:/bannister/bannister/obj/x64/Debug/net8.0-android/android/typemaps.arm64-v8a.o' (3,181,888)
2026-08-09 05:46:26: Copy Over 'C:/rock/bannister/Bannister/obj/x64/Debug/net8.0-android/android/marshal_methods.arm64-v8a.o' -> 'goodrive://www.googleapis.com/:personal:/bannister/bannister/obj/x64/Debug/net8.0-android/android/marshal_methods.arm64-v8a.o' (10,152)
2026-08-09 05:46:27: Copy Over 'C:/rock/bannister/Bannister/obj/x64/Debug/net8.0-android/android/manifest/AndroidManifest.xml' -> 'goodrive://www.googleapis.com/:personal:/bannister/bannister/obj/x64/Debug/net8.0-android/android/manifest/AndroidManifest.xml' (4,706)
2026-08-09 05:46:28: < Copy Over 'C:/rock/bannister/Bannister/obj/x64/Debug/net8.0-android/android/typemaps.arm64-v8a.o' -> 'goodrive://www.googleapis.com/:personal:/bannister/bannister/obj/x64/Debug/net8.0-android/android/typemaps.arm64-v8a.o' (3,181,888)
2026-08-09 05:46:30: C:/rock/bannister/bannister/obj/x64/Debug/net8.0-windows10.0.19041.0/Bannister.AssemblyInfo.cs: Source file has changed between Analyze and Sync from '[file] size=1,713 accu-time=2026-08-08 22:33:05 attr=Archive,WArchive cktype=0' to 'size=1,713 time=2026-08-09 05:38:09', noted in source file state
2026-08-09 05:46:30: Copy Over 'C:/rock/bannister/Bannister/obj/x64/Debug/net8.0-windows10.0.19041.0/Bannister.AssemblyInfo.cs' -> 'goodrive://www.googleapis.com/:personal:/bannister/bannister/obj/x64/Debug/net8.0-windows10.0.19041.0/Bannister.AssemblyInfo.cs' (1,713)
2026-08-09 05:46:30: C:/rock/bannister/bannister/obj/x64/Debug/net8.0-windows10.0.19041.0/Bannister.AssemblyInfoInputs.cache: Source file has changed between Analyze and Sync from '[file] size=66 accu-time=2026-08-08 22:33:05 attr=Archive,WArchive cktype=0' to 'size=66 time=2026-08-09 05:38:09', noted in source file state
2026-08-09 05:46:30: Copy Over 'C:/rock/bannister/Bannister/obj/x64/Debug/net8.0-windows10.0.19041.0/Bannister.AssemblyInfoInputs.cache' -> 'goodrive://www.googleapis.com/:personal:/bannister/bannister/obj/x64/Debug/net8.0-windows10.0.19041.0/Bannister.AssemblyInfoInputs.cache' (66)
2026-08-09 05:46:32: Copy Over 'C:/rock/bannister/Bannister/obj/x64/Debug/net8.0-windows10.0.19041.0/Bannister.assets.cache' -> 'goodrive://www.googleapis.com/:personal:/bannister/bannister/obj/x64/Debug/net8.0-windows10.0.19041.0/Bannister.assets.cache' (73,605)
2026-08-09 05:46:32: > Copy Over 'C:/rock/bannister/Bannister/obj/x64/Debug/net8.0-windows10.0.19041.0/Bannister.dll' -> 'goodrive://www.googleapis.com/:personal:/bannister/bannister/obj/x64/Debug/net8.0-windows10.0.19041.0/Bannister.dll' (6,997,504)
2026-08-09 05:46:33: C:/rock/bannister/bannister/obj/x64/Debug/net8.0-windows10.0.19041.0/Bannister.csproj.BuildWithSkipAnalyzers: Source file has changed between Analyze and Sync from '[file] size=0 accu-time=2026-08-08 22:33:30 attr=Archive,WArchive cktype=0' to 'size=0 time=2026-08-09 05:38:34', noted in source file state
2026-08-09 05:46:33: Copy Over 'C:/rock/bannister/Bannister/obj/x64/Debug/net8.0-windows10.0.19041.0/Bannister.csproj.BuildWithSkipAnalyzers' -> 'goodrive://www.googleapis.com/:personal:/bannister/bannister/obj/x64/Debug/net8.0-windows10.0.19041.0/Bannister.csproj.BuildWithSkipAnalyzers' (0)
2026-08-09 05:46:33: > Copy Over 'C:/rock/bannister/Bannister/obj/x64/Debug/net8.0-windows10.0.19041.0/Bannister.pdb' -> 'goodrive://www.googleapis.com/:personal:/bannister/bannister/obj/x64/Debug/net8.0-windows10.0.19041.0/Bannister.pdb' (1,474,256)
2026-08-09 05:46:34: C:/rock/bannister/bannister/obj/x64/Debug/net8.0-windows10.0.19041.0/Bannister.csproj.CoreCompileInputs.cache: Source file has changed between Analyze and Sync from '[file] size=66 accu-time=2026-08-08 22:56:00 attr=Archive,WArchive cktype=0' to 'size=66 time=2026-08-09 05:38:27', noted in source file state
2026-08-09 05:46:34: Copy Over 'C:/rock/bannister/Bannister/obj/x64/Debug/net8.0-windows10.0.19041.0/Bannister.csproj.CoreCompileInputs.cache' -> 'goodrive://www.googleapis.com/:personal:/bannister/bannister/obj/x64/Debug/net8.0-windows10.0.19041.0/Bannister.csproj.CoreCompileInputs.cache' (66)
2026-08-09 05:46:36: C:/rock/bannister/bannister/obj/x64/Debug/net8.0-windows10.0.19041.0/Bannister.dll: Source file has changed between Analyze and Sync from '[file] size=6,997,504 accu-time=2026-08-08 22:56:26 attr=Archive,WArchive cktype=0' to 'size=6,993,920 time=2026-08-09 05:38:34', noted in source file state
2026-08-09 05:46:36: < Copy Over 'C:/rock/bannister/Bannister/obj/x64/Debug/net8.0-windows10.0.19041.0/Bannister.dll' -> 'goodrive://www.googleapis.com/:personal:/bannister/bannister/obj/x64/Debug/net8.0-windows10.0.19041.0/Bannister.dll' (6,997,504)
2026-08-09 05:46:37: C:/rock/bannister/bannister/obj/x64/Debug/net8.0-windows10.0.19041.0/Bannister.pdb: Source file has changed between Analyze and Sync from '[file] size=1,474,256 accu-time=2026-08-08 22:56:25 attr=Archive,WArchive cktype=0' to 'size=1,475,312 time=2026-08-09 05:38:34', noted in source file state
2026-08-09 05:46:37: < Copy Over 'C:/rock/bannister/Bannister/obj/x64/Debug/net8.0-windows10.0.19041.0/Bannister.pdb' -> 'goodrive://www.googleapis.com/:personal:/bannister/bannister/obj/x64/Debug/net8.0-windows10.0.19041.0/Bannister.pdb' (1,474,256)
2026-08-09 05:46:38: C:/rock/bannister/bannister/obj/x64/Debug/net8.0-windows10.0.19041.0/Bannister.sourcelink.json: Source file has changed between Analyze and Sync from '[file] size=141 accu-time=2026-08-08 22:33:22 attr=Archive,WArchive cktype=0' to 'size=141 time=2026-08-09 05:38:27', noted in source file state
2026-08-09 05:46:38: Copy Over 'C:/rock/bannister/Bannister/obj/x64/Debug/net8.0-windows10.0.19041.0/Bannister.sourcelink.json' -> 'goodrive://www.googleapis.com/:personal:/bannister/bannister/obj/x64/Debug/net8.0-windows10.0.19041.0/Bannister.sourcelink.json' (141)
2026-08-09 05:46:41: C:/rock/bannister/bannister/obj/x64/Debug/net8.0-windows10.0.19041.0/excluded.layout.resfiles.intermediate: Source file has changed between Analyze and Sync from '[file] size=0 accu-time=2026-08-08 22:56:27 attr=Archive,WArchive cktype=0' to 'size=0 time=2026-08-09 05:38:36', noted in source file state
2026-08-09 05:46:41: Copy Over 'C:/rock/bannister/Bannister/obj/x64/Debug/net8.0-windows10.0.19041.0/excluded.layout.resfiles.intermediate' -> 'goodrive://www.googleapis.com/:personal:/bannister/bannister/obj/x64/Debug/net8.0-windows10.0.19041.0/excluded.layout.resfiles.intermediate' (0)
2026-08-09 05:46:41: C:/rock/bannister/bannister/obj/x64/Debug/net8.0-windows10.0.19041.0/embed/embed.resfiles.intermediate: Source file has changed between Analyze and Sync from '[file] size=27 accu-time=2026-08-08 22:56:27 attr=Archive,WArchive cktype=0' to 'size=27 time=2026-08-09 05:38:36', noted in source file state
2026-08-09 05:46:41: Copy Over 'C:/rock/bannister/Bannister/obj/x64/Debug/net8.0-windows10.0.19041.0/embed/embed.resfiles.intermediate' -> 'goodrive://www.googleapis.com/:personal:/bannister/bannister/obj/x64/Debug/net8.0-windows10.0.19041.0/embed/embed.resfiles.intermediate' (27)
2026-08-09 05:46:41: C:/rock/bannister/bannister/obj/x64/Debug/net8.0-windows10.0.19041.0/filtered.layout.resfiles.intermediate: Source file has changed between Analyze and Sync from '[file] size=2,329 accu-time=2026-08-08 22:56:27 attr=Archive,WArchive cktype=0' to 'size=2,329 time=2026-08-09 05:38:36', noted in source file state
2026-08-09 05:46:41: Copy Over 'C:/rock/bannister/Bannister/obj/x64/Debug/net8.0-windows10.0.19041.0/filtered.layout.resfiles.intermediate' -> 'goodrive://www.googleapis.com/:personal:/bannister/bannister/obj/x64/Debug/net8.0-windows10.0.19041.0/filtered.layout.resfiles.intermediate' (2,329)
2026-08-09 05:46:41: > Copy Over 'C:/rock/bannister/Bannister/obj/x64/Debug/net8.0-windows10.0.19041.0/intermediatexaml/Bannister.dll' -> 'goodrive://www.googleapis.com/:personal:/bannister/bannister/obj/x64/Debug/net8.0-windows10.0.19041.0/intermediatexaml/Bannister.dll' (6,806,016)
2026-08-09 05:46:44: Copy Over 'C:/rock/bannister/Bannister/obj/x64/Debug/net8.0-windows10.0.19041.0/output.json' -> 'goodrive://www.googleapis.com/:personal:/bannister/bannister/obj/x64/Debug/net8.0-windows10.0.19041.0/output.json' (8,902)
2026-08-09 05:46:44: > Copy Over 'C:/rock/bannister/Bannister/obj/x64/Debug/net8.0-windows10.0.19041.0/intermediatexaml/Bannister.pdb' -> 'goodrive://www.googleapis.com/:personal:/bannister/bannister/obj/x64/Debug/net8.0-windows10.0.19041.0/intermediatexaml/Bannister.pdb' (1,445,456)
2026-08-09 05:46:44: Copy Over 'C:/rock/bannister/Bannister/obj/x64/Debug/net8.0-windows10.0.19041.0/input.json' -> 'goodrive://www.googleapis.com/:personal:/bannister/bannister/obj/x64/Debug/net8.0-windows10.0.19041.0/input.json' (104,202)
2026-08-09 05:46:45: C:/rock/bannister/bannister/obj/x64/Debug/net8.0-windows10.0.19041.0/intermediatexaml/Bannister.dll: Source file has changed between Analyze and Sync from '[file] size=6,806,016 accu-time=2026-08-08 22:55:56 attr=Archive,WArchive cktype=0' to 'size=6,853,632 time=2026-08-09 05:38:22', noted in source file state
2026-08-09 05:46:45: < Copy Over 'C:/rock/bannister/Bannister/obj/x64/Debug/net8.0-windows10.0.19041.0/intermediatexaml/Bannister.dll' -> 'goodrive://www.googleapis.com/:personal:/bannister/bannister/obj/x64/Debug/net8.0-windows10.0.19041.0/intermediatexaml/Bannister.dll' (6,806,016)
2026-08-09 05:46:48: < Copy Over 'C:/rock/bannister/Bannister/obj/x64/Debug/net8.0-windows10.0.19041.0/intermediatexaml/Bannister.pdb' -> 'goodrive://www.googleapis.com/:personal:/bannister/bannister/obj/x64/Debug/net8.0-windows10.0.19041.0/intermediatexaml/Bannister.pdb' (1,445,456)
2026-08-09 05:46:48: C:/rock/bannister/bannister/obj/x64/Debug/net8.0-windows10.0.19041.0/pri.resfiles.intermediate: Source file has changed between Analyze and Sync from '[file] size=386 accu-time=2026-08-08 22:56:27 attr=Archive,WArchive cktype=0' to 'size=386 time=2026-08-09 05:38:36', noted in source file state
2026-08-09 05:46:48: Copy Over 'C:/rock/bannister/Bannister/obj/x64/Debug/net8.0-windows10.0.19041.0/pri.resfiles.intermediate' -> 'goodrive://www.googleapis.com/:personal:/bannister/bannister/obj/x64/Debug/net8.0-windows10.0.19041.0/pri.resfiles.intermediate' (386)
2026-08-09 05:46:48: C:/rock/bannister/bannister/obj/x64/Debug/net8.0-windows10.0.19041.0/priconfig.xml.intermediate: Source file has changed between Analyze and Sync from '[file] size=3,154 accu-time=2026-08-08 22:56:27 attr=Archive,WArchive cktype=0' to 'size=3,154 time=2026-08-09 05:38:36', noted in source file state
2026-08-09 05:46:48: Copy Over 'C:/rock/bannister/Bannister/obj/x64/Debug/net8.0-windows10.0.19041.0/priconfig.xml.intermediate' -> 'goodrive://www.googleapis.com/:personal:/bannister/bannister/obj/x64/Debug/net8.0-windows10.0.19041.0/priconfig.xml.intermediate' (3,154)
2026-08-09 05:46:48: > Copy Over 'C:/rock/bannister/Bannister/obj/x64/Debug/net8.0-windows10.0.19041.0/ref/Bannister.dll' -> 'goodrive://www.googleapis.com/:personal:/bannister/bannister/obj/x64/Debug/net8.0-windows10.0.19041.0/ref/Bannister.dll' (1,477,632)
2026-08-09 05:46:51: C:/rock/bannister/bannister/obj/x64/Debug/net8.0-windows10.0.19041.0/qualifiers.txt.intermediate: Source file has changed between Analyze and Sync from '[file] size=184 accu-time=2026-08-08 22:56:27 attr=Archive,WArchive cktype=0' to 'size=184 time=2026-08-09 05:38:36', noted in source file state
2026-08-09 05:46:51: Copy Over 'C:/rock/bannister/Bannister/obj/x64/Debug/net8.0-windows10.0.19041.0/qualifiers.txt.intermediate' -> 'goodrive://www.googleapis.com/:personal:/bannister/bannister/obj/x64/Debug/net8.0-windows10.0.19041.0/qualifiers.txt.intermediate' (184)
2026-08-09 05:46:51: > Copy Over 'C:/rock/bannister/Bannister/obj/x64/Debug/net8.0-windows10.0.19041.0/refint/Bannister.dll' -> 'goodrive://www.googleapis.com/:personal:/bannister/bannister/obj/x64/Debug/net8.0-windows10.0.19041.0/refint/Bannister.dll' (1,477,632)
2026-08-09 05:46:51: C:/rock/bannister/bannister/obj/x64/Debug/net8.0-windows10.0.19041.0/Platforms/Windows/App.xaml: Source file has changed between Analyze and Sync from '[file] size=304 accu-time=2026-08-08 22:56:00 attr=Archive,WArchive cktype=0' to 'size=304 time=2026-08-09 05:38:26', noted in source file state
2026-08-09 05:46:51: Copy Over 'C:/rock/bannister/Bannister/obj/x64/Debug/net8.0-windows10.0.19041.0/Platforms/Windows/App.xaml' -> 'goodrive://www.googleapis.com/:personal:/bannister/bannister/obj/x64/Debug/net8.0-windows10.0.19041.0/Platforms/Windows/App.xaml' (304)
2026-08-09 05:46:52: C:/rock/bannister/bannister/obj/x64/Debug/net8.0-windows10.0.19041.0/ref/Bannister.dll: Source file has changed between Analyze and Sync from '[file] size=1,477,632 accu-time=2026-08-08 22:56:26 attr=Archive,WArchive cktype=0' to 'size=1,477,632 time=2026-08-09 05:38:34', noted in source file state
2026-08-09 05:46:52: < Copy Over 'C:/rock/bannister/Bannister/obj/x64/Debug/net8.0-windows10.0.19041.0/ref/Bannister.dll' -> 'goodrive://www.googleapis.com/:personal:/bannister/bannister/obj/x64/Debug/net8.0-windows10.0.19041.0/ref/Bannister.dll' (1,477,632)
2026-08-09 05:46:55: C:/rock/bannister/bannister/obj/x64/Debug/net8.0-windows10.0.19041.0/resources.resfiles.intermediate: Source file has changed between Analyze and Sync from '[file] size=0 accu-time=2026-08-08 22:56:27 attr=Archive,WArchive cktype=0' to 'size=0 time=2026-08-09 05:38:36', noted in source file state
2026-08-09 05:46:55: Copy Over 'C:/rock/bannister/Bannister/obj/x64/Debug/net8.0-windows10.0.19041.0/resources.resfiles.intermediate' -> 'goodrive://www.googleapis.com/:personal:/bannister/bannister/obj/x64/Debug/net8.0-windows10.0.19041.0/resources.resfiles.intermediate' (0)
2026-08-09 05:46:55: C:/rock/bannister/bannister/obj/x64/Debug/net8.0-windows10.0.19041.0/refint/Bannister.dll: Source file has changed between Analyze and Sync from '[file] size=1,477,632 accu-time=2026-08-08 22:56:26 attr=Archive,WArchive cktype=0' to 'size=1,477,632 time=2026-08-09 05:38:34', noted in source file state
2026-08-09 05:46:55: < Copy Over 'C:/rock/bannister/Bannister/obj/x64/Debug/net8.0-windows10.0.19041.0/refint/Bannister.dll' -> 'goodrive://www.googleapis.com/:personal:/bannister/bannister/obj/x64/Debug/net8.0-windows10.0.19041.0/refint/Bannister.dll' (1,477,632)
2026-08-09 05:46:56: C:/rock/bannister/bannister/obj/x64/Debug/net8.0-windows10.0.19041.0/unfiltered.layout.resfiles.intermediate: Source file has changed between Analyze and Sync from '[file] size=2,329 accu-time=2026-08-08 22:56:27 attr=Archive,WArchive cktype=0' to 'size=2,329 time=2026-08-09 05:38:36', noted in source file state
2026-08-09 05:46:56: Copy Over 'C:/rock/bannister/Bannister/obj/x64/Debug/net8.0-windows10.0.19041.0/unfiltered.layout.resfiles.intermediate' -> 'goodrive://www.googleapis.com/:personal:/bannister/bannister/obj/x64/Debug/net8.0-windows10.0.19041.0/unfiltered.layout.resfiles.intermediate' (2,329)
2026-08-09 05:46:58: C:/rock/bannister/bannister/obj/x64/Debug/net8.0-windows10.0.19041.0/XamlC.stamp: Source file has changed between Analyze and Sync from '[file] size=0 accu-time=2026-08-08 22:56:27 attr=Archive,WArchive cktype=0' to 'size=0 time=2026-08-09 05:38:36', noted in source file state
2026-08-09 05:46:58: Copy Over 'C:/rock/bannister/Bannister/obj/x64/Debug/net8.0-windows10.0.19041.0/XamlC.stamp' -> 'goodrive://www.googleapis.com/:personal:/bannister/bannister/obj/x64/Debug/net8.0-windows10.0.19041.0/XamlC.stamp' (0)
2026-08-09 05:46:59: C:/rock/bannister/bannister/obj/x64/Debug/net8.0-windows10.0.19041.0/XamlSaveStateFile.xml: Source file has changed between Analyze and Sync from '[file] size=834 accu-time=2026-08-08 22:56:00 attr=Archive,WArchive cktype=0' to 'size=834 time=2026-08-09 05:38:27', noted in source file state
2026-08-09 05:46:59: Copy Over 'C:/rock/bannister/Bannister/obj/x64/Debug/net8.0-windows10.0.19041.0/XamlSaveStateFile.xml' -> 'goodrive://www.googleapis.com/:personal:/bannister/bannister/obj/x64/Debug/net8.0-windows10.0.19041.0/XamlSaveStateFile.xml' (834)
2026-08-09 05:47:00: Copy Over 'C:/rock/bannister/Bannister/obj/x64/Debug/net8.0-windows10.0.19041.0/XamlTypeInfo.g.cs' -> 'goodrive://www.googleapis.com/:personal:/bannister/bannister/obj/x64/Debug/net8.0-windows10.0.19041.0/XamlTypeInfo.g.cs' (99,918)
2026-08-09 05:47:02: Copy Over 'C:/rock/bannister/Bannister/obj/x64/Debug/net8.0-android/android_debug_keystore.flag' -> 'goodrive://www.googleapis.com/:personal:/bannister/bannister/obj/x64/Debug/net8.0-android/android_debug_keystore.flag' (0)
2026-08-09 05:47:03: Copy Over 'C:/rock/bannister/Bannister/obj/x64/Debug/net8.0-android/android-arm64/Bannister.assets.cache' -> 'goodrive://www.googleapis.com/:personal:/bannister/bannister/obj/x64/Debug/net8.0-android/android-arm64/Bannister.assets.cache' (101,441)
2026-08-09 05:47:03: > Copy Over 'C:/rock/bannister/Bannister/obj/x64/Debug/net8.0-android/app_shared_libraries/arm64-v8a/libxamarin-app.so' -> 'goodrive://www.googleapis.com/:personal:/bannister/bannister/obj/x64/Debug/net8.0-android/app_shared_libraries/arm64-v8a/libxamarin-app.so' (3,241,096)
2026-08-09 05:47:03: Copy Over 'C:/rock/bannister/Bannister/obj/x64/Debug/net8.0-android/android-arm64/Bannister.csproj.AssemblyReference.cache' -> 'goodrive://www.googleapis.com/:personal:/bannister/bannister/obj/x64/Debug/net8.0-android/android-arm64/Bannister.csproj.AssemblyReference.cache' (69,242)
2026-08-09 05:47:05: Copy Over 'C:/rock/bannister/Bannister/obj/x64/Debug/net8.0-android/assets/AboutAssets.txt' -> 'goodrive://www.googleapis.com/:personal:/bannister/bannister/obj/x64/Debug/net8.0-android/assets/AboutAssets.txt' (642)
2026-08-09 05:47:06: Copy Over 'C:/rock/bannister/Bannister/obj/x64/Debug/net8.0-android/assets/OpenSans-Regular.ttf' -> 'goodrive://www.googleapis.com/:personal:/bannister/bannister/obj/x64/Debug/net8.0-android/assets/OpenSans-Regular.ttf' (107,276)
2026-08-09 05:47:06: < Copy Over 'C:/rock/bannister/Bannister/obj/x64/Debug/net8.0-android/app_shared_libraries/arm64-v8a/libxamarin-app.so' -> 'goodrive://www.googleapis.com/:personal:/bannister/bannister/obj/x64/Debug/net8.0-android/app_shared_libraries/arm64-v8a/libxamarin-app.so' (3,241,096)
2026-08-09 05:47:09: Copy Over 'C:/rock/bannister/Bannister/obj/x64/Debug/net8.0-android/assets/OpenSans-Semibold.ttf' -> 'goodrive://www.googleapis.com/:personal:/bannister/bannister/obj/x64/Debug/net8.0-android/assets/OpenSans-Semibold.ttf' (111,184)
2026-08-09 05:47:09: C:/rock/bannister/bannister/obj/x64/Debug/net8.0-android/Bannister.AssemblyInfo.cs: Source file has changed between Analyze and Sync from '[file] size=1,200 accu-time=2026-08-08 22:33:06 attr=Archive,WArchive cktype=0' to 'size=1,200 time=2026-08-09 05:38:10', noted in source file state
2026-08-09 05:47:09: Copy Over 'C:/rock/bannister/Bannister/obj/x64/Debug/net8.0-android/Bannister.AssemblyInfo.cs' -> 'goodrive://www.googleapis.com/:personal:/bannister/bannister/obj/x64/Debug/net8.0-android/Bannister.AssemblyInfo.cs' (1,200)
2026-08-09 05:47:10: C:/rock/bannister/bannister/obj/x64/Debug/net8.0-android/Bannister.AssemblyInfoInputs.cache: Source file has changed between Analyze and Sync from '[file] size=66 accu-time=2026-08-08 22:33:06 attr=Archive,WArchive cktype=0' to 'size=66 time=2026-08-09 05:38:10', noted in source file state
2026-08-09 05:47:10: Copy Over 'C:/rock/bannister/Bannister/obj/x64/Debug/net8.0-android/Bannister.AssemblyInfoInputs.cache' -> 'goodrive://www.googleapis.com/:personal:/bannister/bannister/obj/x64/Debug/net8.0-android/Bannister.AssemblyInfoInputs.cache' (66)
2026-08-09 05:47:12: Copy Over 'C:/rock/bannister/Bannister/obj/x64/Debug/net8.0-android/Bannister.csproj.AssemblyReference.cache' -> 'goodrive://www.googleapis.com/:personal:/bannister/bannister/obj/x64/Debug/net8.0-android/Bannister.csproj.AssemblyReference.cache' (64,572)
2026-08-09 05:47:12: Copy Over 'C:/rock/bannister/Bannister/obj/x64/Debug/net8.0-android/Bannister.csproj.BuildWithSkipAnalyzers' -> 'goodrive://www.googleapis.com/:personal:/bannister/bannister/obj/x64/Debug/net8.0-android/Bannister.csproj.BuildWithSkipAnalyzers' (0)
2026-08-09 05:47:12: > Copy Over 'C:/rock/bannister/Bannister/obj/x64/Debug/net8.0-android/Bannister.dll' -> 'goodrive://www.googleapis.com/:personal:/bannister/bannister/obj/x64/Debug/net8.0-android/Bannister.dll' (6,656,512)
2026-08-09 05:47:13: Copy Over 'C:/rock/bannister/Bannister/obj/x64/Debug/net8.0-android/Bannister.csproj.CoreCompileInputs.cache' -> 'goodrive://www.googleapis.com/:personal:/bannister/bannister/obj/x64/Debug/net8.0-android/Bannister.csproj.CoreCompileInputs.cache' (66)
2026-08-09 05:47:13: > Copy Over 'C:/rock/bannister/Bannister/obj/x64/Debug/net8.0-android/Bannister.pdb' -> 'goodrive://www.googleapis.com/:personal:/bannister/bannister/obj/x64/Debug/net8.0-android/Bannister.pdb' (1,432,572)
2026-08-09 05:47:15: Copy Over 'C:/rock/bannister/Bannister/obj/x64/Debug/net8.0-android/Bannister.csproj.Up2Date' -> 'goodrive://www.googleapis.com/:personal:/bannister/bannister/obj/x64/Debug/net8.0-android/Bannister.csproj.Up2Date' (0)
2026-08-09 05:47:16: < Copy Over 'C:/rock/bannister/Bannister/obj/x64/Debug/net8.0-android/Bannister.pdb' -> 'goodrive://www.googleapis.com/:personal:/bannister/bannister/obj/x64/Debug/net8.0-android/Bannister.pdb' (1,432,572)
2026-08-09 05:47:16: < Copy Over 'C:/rock/bannister/Bannister/obj/x64/Debug/net8.0-android/Bannister.dll' -> 'goodrive://www.googleapis.com/:personal:/bannister/bannister/obj/x64/Debug/net8.0-android/Bannister.dll' (6,656,512)
2026-08-09 05:47:18: Copy Over 'C:/rock/bannister/Bannister/obj/x64/Debug/net8.0-android/Bannister.runtimeconfig.json.bin' -> 'goodrive://www.googleapis.com/:personal:/bannister/bannister/obj/x64/Debug/net8.0-android/Bannister.runtimeconfig.json.bin' (953)
2026-08-09 05:47:20: Copy Over 'C:/rock/bannister/Bannister/obj/x64/Debug/net8.0-android/buildid.txt' -> 'goodrive://www.googleapis.com/:personal:/bannister/bannister/obj/x64/Debug/net8.0-android/buildid.txt' (38)
2026-08-09 05:47:20: Copy Over 'C:/rock/bannister/Bannister/obj/x64/Debug/net8.0-android/Bannister.sourcelink.json' -> 'goodrive://www.googleapis.com/:personal:/bannister/bannister/obj/x64/Debug/net8.0-android/Bannister.sourcelink.json' (141)
2026-08-09 05:47:21: Copy Over 'C:/rock/bannister/Bannister/obj/x64/Debug/net8.0-android/flat/values_colors.arsc.flat' -> 'goodrive://www.googleapis.com/:personal:/bannister/bannister/obj/x64/Debug/net8.0-android/flat/values_colors.arsc.flat' (352)
2026-08-09 05:47:23: Copy Over 'C:/rock/bannister/Bannister/obj/x64/Debug/net8.0-android/lp/101/jl/flat/101.flata' -> 'goodrive://www.googleapis.com/:personal:/bannister/bannister/obj/x64/Debug/net8.0-android/lp/101/jl/flat/101.flata' (352)
2026-08-09 05:47:24: Copy Over 'C:/rock/bannister/Bannister/obj/x64/Debug/net8.0-android/lp/100/jl/flat/100.flata' -> 'goodrive://www.googleapis.com/:personal:/bannister/bannister/obj/x64/Debug/net8.0-android/lp/100/jl/flat/100.flata' (256)
2026-08-09 05:47:24: Copy Over 'C:/rock/bannister/Bannister/obj/x64/Debug/net8.0-android/lp/103/jl/flat/103.flata' -> 'goodrive://www.googleapis.com/:personal:/bannister/bannister/obj/x64/Debug/net8.0-android/lp/103/jl/flat/103.flata' (256)
2026-08-09 05:47:27: Copy Over 'C:/rock/bannister/Bannister/obj/x64/Debug/net8.0-android/lp/104/jl/flat/104.flata' -> 'goodrive://www.googleapis.com/:personal:/bannister/bannister/obj/x64/Debug/net8.0-android/lp/104/jl/flat/104.flata' (178,876)
2026-08-09 05:47:27: Copy Over 'C:/rock/bannister/Bannister/obj/x64/Debug/net8.0-android/lp/107/jl/flat/107.flata' -> 'goodrive://www.googleapis.com/:personal:/bannister/bannister/obj/x64/Debug/net8.0-android/lp/107/jl/flat/107.flata' (364)
2026-08-09 05:47:27: Copy Over 'C:/rock/bannister/Bannister/obj/x64/Debug/net8.0-android/lp/108/jl/flat/108.flata' -> 'goodrive://www.googleapis.com/:personal:/bannister/bannister/obj/x64/Debug/net8.0-android/lp/108/jl/flat/108.flata' (256)
2026-08-09 05:47:30: Copy Over 'C:/rock/bannister/Bannister/obj/x64/Debug/net8.0-android/lp/110/jl/flat/110.flata' -> 'goodrive://www.googleapis.com/:personal:/bannister/bannister/obj/x64/Debug/net8.0-android/lp/110/jl/flat/110.flata' (1,984)
2026-08-09 05:47:30: Copy Over 'C:/rock/bannister/Bannister/obj/x64/Debug/net8.0-android/lp/109/jl/flat/109.flata' -> 'goodrive://www.googleapis.com/:personal:/bannister/bannister/obj/x64/Debug/net8.0-android/lp/109/jl/flat/109.flata' (416)
2026-08-09 05:47:31: Copy Over 'C:/rock/bannister/Bannister/obj/x64/Debug/net8.0-android/lp/111/jl/flat/111.flata' -> 'goodrive://www.googleapis.com/:personal:/bannister/bannister/obj/x64/Debug/net8.0-android/lp/111/jl/flat/111.flata' (360)
2026-08-09 05:47:34: Copy Over 'C:/rock/bannister/Bannister/obj/x64/Debug/net8.0-android/lp/112/jl/flat/112.flata' -> 'goodrive://www.googleapis.com/:personal:/bannister/bannister/obj/x64/Debug/net8.0-android/lp/112/jl/flat/112.flata' (256)
2026-08-09 05:47:34: Copy Over 'C:/rock/bannister/Bannister/obj/x64/Debug/net8.0-android/lp/115/jl/flat/115.flata' -> 'goodrive://www.googleapis.com/:personal:/bannister/bannister/obj/x64/Debug/net8.0-android/lp/115/jl/flat/115.flata' (408)
2026-08-09 05:47:34: Copy Over 'C:/rock/bannister/Bannister/obj/x64/Debug/net8.0-android/lp/114/jl/flat/114.flata' -> 'goodrive://www.googleapis.com/:personal:/bannister/bannister/obj/x64/Debug/net8.0-android/lp/114/jl/flat/114.flata' (256)
2026-08-09 05:47:38: Copy Over 'C:/rock/bannister/Bannister/obj/x64/Debug/net8.0-android/lp/116/jl/flat/116.flata' -> 'goodrive://www.googleapis.com/:personal:/bannister/bannister/obj/x64/Debug/net8.0-android/lp/116/jl/flat/116.flata' (11,094)
2026-08-09 05:47:38: Copy Over 'C:/rock/bannister/Bannister/obj/x64/Debug/net8.0-android/lp/117/jl/flat/117.flata' -> 'goodrive://www.googleapis.com/:personal:/bannister/bannister/obj/x64/Debug/net8.0-android/lp/117/jl/flat/117.flata' (376)
2026-08-09 05:47:38: Copy Over 'C:/rock/bannister/Bannister/obj/x64/Debug/net8.0-android/lp/120/jl/flat/120.flata' -> 'goodrive://www.googleapis.com/:personal:/bannister/bannister/obj/x64/Debug/net8.0-android/lp/120/jl/flat/120.flata' (780)
2026-08-09 05:47:41: Copy Over 'C:/rock/bannister/Bannister/obj/x64/Debug/net8.0-android/lp/123/jl/flat/123.flata' -> 'goodrive://www.googleapis.com/:personal:/bannister/bannister/obj/x64/Debug/net8.0-android/lp/123/jl/flat/123.flata' (256)
2026-08-09 05:47:41: Copy Over 'C:/rock/bannister/Bannister/obj/x64/Debug/net8.0-android/lp/122/jl/flat/122.flata' -> 'goodrive://www.googleapis.com/:personal:/bannister/bannister/obj/x64/Debug/net8.0-android/lp/122/jl/flat/122.flata' (256)
2026-08-09 05:47:41: Copy Over 'C:/rock/bannister/Bannister/obj/x64/Debug/net8.0-android/lp/126/jl/flat/126.flata' -> 'goodrive://www.googleapis.com/:personal:/bannister/bannister/obj/x64/Debug/net8.0-android/lp/126/jl/flat/126.flata' (256)
2026-08-09 05:47:44: Copy Over 'C:/rock/bannister/Bannister/obj/x64/Debug/net8.0-android/lp/129/jl/flat/129.flata' -> 'goodrive://www.googleapis.com/:personal:/bannister/bannister/obj/x64/Debug/net8.0-android/lp/129/jl/flat/129.flata' (564)
2026-08-09 05:47:44: Copy Over 'C:/rock/bannister/Bannister/obj/x64/Debug/net8.0-android/lp/127/jl/flat/127.flata' -> 'goodrive://www.googleapis.com/:personal:/bannister/bannister/obj/x64/Debug/net8.0-android/lp/127/jl/flat/127.flata' (256)
2026-08-09 05:47:45: Copy Over 'C:/rock/bannister/Bannister/obj/x64/Debug/net8.0-android/lp/131/jl/flat/131.flata' -> 'goodrive://www.googleapis.com/:personal:/bannister/bannister/obj/x64/Debug/net8.0-android/lp/131/jl/flat/131.flata' (6,976)
2026-08-09 05:47:48: Copy Over 'C:/rock/bannister/Bannister/obj/x64/Debug/net8.0-android/lp/132/jl/flat/132.flata' -> 'goodrive://www.googleapis.com/:personal:/bannister/bannister/obj/x64/Debug/net8.0-android/lp/132/jl/flat/132.flata' (2,082)
2026-08-09 05:47:48: Copy Over 'C:/rock/bannister/Bannister/obj/x64/Debug/net8.0-android/lp/133/jl/flat/133.flata' -> 'goodrive://www.googleapis.com/:personal:/bannister/bannister/obj/x64/Debug/net8.0-android/lp/133/jl/flat/133.flata' (765,520)
2026-08-09 05:47:48: > Copy Over 'C:/rock/bannister/Bannister/obj/x64/Debug/net8.0-android/lp/136/jl/flat/136.flata' -> 'goodrive://www.googleapis.com/:personal:/bannister/bannister/obj/x64/Debug/net8.0-android/lp/136/jl/flat/136.flata' (1,757,158)
2026-08-09 05:47:48: Copy Over 'C:/rock/bannister/Bannister/obj/x64/Debug/net8.0-android/lp/134/jl/flat/134.flata' -> 'goodrive://www.googleapis.com/:personal:/bannister/bannister/obj/x64/Debug/net8.0-android/lp/134/jl/flat/134.flata' (74,480)
2026-08-09 05:47:51: Copy Over 'C:/rock/bannister/Bannister/obj/x64/Debug/net8.0-android/lp/137/jl/flat/137.flata' -> 'goodrive://www.googleapis.com/:personal:/bannister/bannister/obj/x64/Debug/net8.0-android/lp/137/jl/flat/137.flata' (256)
2026-08-09 05:47:51: < Copy Over 'C:/rock/bannister/Bannister/obj/x64/Debug/net8.0-android/lp/136/jl/flat/136.flata' -> 'goodrive://www.googleapis.com/:personal:/bannister/bannister/obj/x64/Debug/net8.0-android/lp/136/jl/flat/136.flata' (1,757,158)
2026-08-09 05:47:51: Copy Over 'C:/rock/bannister/Bannister/obj/x64/Debug/net8.0-android/lp/135/jl/flat/135.flata' -> 'goodrive://www.googleapis.com/:personal:/bannister/bannister/obj/x64/Debug/net8.0-android/lp/135/jl/flat/135.flata' (4,742)
2026-08-09 05:47:55: Copy Over 'C:/rock/bannister/Bannister/obj/x64/Debug/net8.0-android/lp/138/jl/flat/138.flata' -> 'goodrive://www.googleapis.com/:personal:/bannister/bannister/obj/x64/Debug/net8.0-android/lp/138/jl/flat/138.flata' (4,032)
2026-08-09 05:47:55: Copy Over 'C:/rock/bannister/Bannister/obj/x64/Debug/net8.0-android/lp/139/jl/flat/139.flata' -> 'goodrive://www.googleapis.com/:personal:/bannister/bannister/obj/x64/Debug/net8.0-android/lp/139/jl/flat/139.flata' (656)
2026-08-09 05:47:55: Copy Over 'C:/rock/bannister/Bannister/obj/x64/Debug/net8.0-android/lp/140/jl/flat/140.flata' -> 'goodrive://www.googleapis.com/:personal:/bannister/bannister/obj/x64/Debug/net8.0-android/lp/140/jl/flat/140.flata' (256)
2026-08-09 05:47:58: Copy Over 'C:/rock/bannister/Bannister/obj/x64/Debug/net8.0-android/lp/141/jl/flat/141.flata' -> 'goodrive://www.googleapis.com/:personal:/bannister/bannister/obj/x64/Debug/net8.0-android/lp/141/jl/flat/141.flata' (256)
2026-08-09 05:47:58: Copy Over 'C:/rock/bannister/Bannister/obj/x64/Debug/net8.0-android/lp/143/jl/flat/143.flata' -> 'goodrive://www.googleapis.com/:personal:/bannister/bannister/obj/x64/Debug/net8.0-android/lp/143/jl/flat/143.flata' (256)
2026-08-09 05:47:58: Copy Over 'C:/rock/bannister/Bannister/obj/x64/Debug/net8.0-android/lp/142/jl/flat/142.flata' -> 'goodrive://www.googleapis.com/:personal:/bannister/bannister/obj/x64/Debug/net8.0-android/lp/142/jl/flat/142.flata' (256)
2026-08-09 05:48:01: Copy Over 'C:/rock/bannister/Bannister/obj/x64/Debug/net8.0-android/lp/144/jl/flat/144.flata' -> 'goodrive://www.googleapis.com/:personal:/bannister/bannister/obj/x64/Debug/net8.0-android/lp/144/jl/flat/144.flata' (256)
2026-08-09 05:48:02: Copy Over 'C:/rock/bannister/Bannister/obj/x64/Debug/net8.0-android/lp/146/jl/flat/146.flata' -> 'goodrive://www.googleapis.com/:personal:/bannister/bannister/obj/x64/Debug/net8.0-android/lp/146/jl/flat/146.flata' (256)
2026-08-09 05:48:02: Copy Over 'C:/rock/bannister/Bannister/obj/x64/Debug/net8.0-android/lp/145/jl/flat/145.flata' -> 'goodrive://www.googleapis.com/:personal:/bannister/bannister/obj/x64/Debug/net8.0-android/lp/145/jl/flat/145.flata' (2,212)
2026-08-09 05:48:05: Copy Over 'C:/rock/bannister/Bannister/obj/x64/Debug/net8.0-android/lp/148/jl/flat/148.flata' -> 'goodrive://www.googleapis.com/:personal:/bannister/bannister/obj/x64/Debug/net8.0-android/lp/148/jl/flat/148.flata' (47,854)
2026-08-09 05:48:05: Copy Over 'C:/rock/bannister/Bannister/obj/x64/Debug/net8.0-android/lp/149/jl/flat/149.flata' -> 'goodrive://www.googleapis.com/:personal:/bannister/bannister/obj/x64/Debug/net8.0-android/lp/149/jl/flat/149.flata' (256)
2026-08-09 05:48:05: Copy Over 'C:/rock/bannister/Bannister/obj/x64/Debug/net8.0-android/lp/147/jl/flat/147.flata' -> 'goodrive://www.googleapis.com/:personal:/bannister/bannister/obj/x64/Debug/net8.0-android/lp/147/jl/flat/147.flata' (1,036)
2026-08-09 05:48:08: Copy Over 'C:/rock/bannister/Bannister/obj/x64/Debug/net8.0-android/lp/151/jl/flat/151.flata' -> 'goodrive://www.googleapis.com/:personal:/bannister/bannister/obj/x64/Debug/net8.0-android/lp/151/jl/flat/151.flata' (864)
2026-08-09 05:48:08: Copy Over 'C:/rock/bannister/Bannister/obj/x64/Debug/net8.0-android/lp/150/jl/flat/150.flata' -> 'goodrive://www.googleapis.com/:personal:/bannister/bannister/obj/x64/Debug/net8.0-android/lp/150/jl/flat/150.flata' (256)
2026-08-09 05:48:08: Copy Over 'C:/rock/bannister/Bannister/obj/x64/Debug/net8.0-android/lp/152/jl/flat/152.flata' -> 'goodrive://www.googleapis.com/:personal:/bannister/bannister/obj/x64/Debug/net8.0-android/lp/152/jl/flat/152.flata' (256)
2026-08-09 05:48:12: Copy Over 'C:/rock/bannister/Bannister/obj/x64/Debug/net8.0-android/lp/156/jl/flat/156.flata' -> 'goodrive://www.googleapis.com/:personal:/bannister/bannister/obj/x64/Debug/net8.0-android/lp/156/jl/flat/156.flata' (356)
2026-08-09 05:48:12: Copy Over 'C:/rock/bannister/Bannister/obj/x64/Debug/net8.0-android/lp/154/jl/flat/154.flata' -> 'goodrive://www.googleapis.com/:personal:/bannister/bannister/obj/x64/Debug/net8.0-android/lp/154/jl/flat/154.flata' (64,320)
2026-08-09 05:48:12: Copy Over 'C:/rock/bannister/Bannister/obj/x64/Debug/net8.0-android/lp/159/jl/flat/layout_tabbar.xml.flat' -> 'goodrive://www.googleapis.com/:personal:/bannister/bannister/obj/x64/Debug/net8.0-android/lp/159/jl/flat/layout_tabbar.xml.flat' (932)
2026-08-09 05:48:15: Copy Over 'C:/rock/bannister/Bannister/obj/x64/Debug/net8.0-android/lp/160/jl/flat/anim_enterfromleft.xml.flat' -> 'goodrive://www.googleapis.com/:personal:/bannister/bannister/obj/x64/Debug/net8.0-android/lp/160/jl/flat/anim_enterfromleft.xml.flat' (708)
2026-08-09 05:48:15: Copy Over 'C:/rock/bannister/Bannister/obj/x64/Debug/net8.0-android/lp/160/jl/flat/anim_enterfromright.xml.flat' -> 'goodrive://www.googleapis.com/:personal:/bannister/bannister/obj/x64/Debug/net8.0-android/lp/160/jl/flat/anim_enterfromright.xml.flat' (512)
2026-08-09 05:48:15: Copy Over 'C:/rock/bannister/Bannister/obj/x64/Debug/net8.0-android/lp/160/jl/flat/anim_exittoleft.xml.flat' -> 'goodrive://www.googleapis.com/:personal:/bannister/bannister/obj/x64/Debug/net8.0-android/lp/160/jl/flat/anim_exittoleft.xml.flat' (704)
2026-08-09 05:48:19: Copy Over 'C:/rock/bannister/Bannister/obj/x64/Debug/net8.0-android/lp/160/jl/flat/anim_exittoright.xml.flat' -> 'goodrive://www.googleapis.com/:personal:/bannister/bannister/obj/x64/Debug/net8.0-android/lp/160/jl/flat/anim_exittoright.xml.flat' (504)
2026-08-09 05:48:19: Copy Over 'C:/rock/bannister/Bannister/obj/x64/Debug/net8.0-android/lp/160/jl/flat/layout_shellcontent.xml.flat' -> 'goodrive://www.googleapis.com/:personal:/bannister/bannister/obj/x64/Debug/net8.0-android/lp/160/jl/flat/layout_shellcontent.xml.flat' (896)
2026-08-09 05:48:19: Copy Over 'C:/rock/bannister/Bannister/obj/x64/Debug/net8.0-android/lp/160/jl/flat/layout_flyoutcontent.xml.flat' -> 'goodrive://www.googleapis.com/:personal:/bannister/bannister/obj/x64/Debug/net8.0-android/lp/160/jl/flat/layout_flyoutcontent.xml.flat' (1,104)
2026-08-09 05:48:22: Copy Over 'C:/rock/bannister/Bannister/obj/x64/Debug/net8.0-android/lp/160/jl/flat/values_strings.arsc.flat' -> 'goodrive://www.googleapis.com/:personal:/bannister/bannister/obj/x64/Debug/net8.0-android/lp/160/jl/flat/values_strings.arsc.flat' (280)
2026-08-09 05:48:22: Copy Over 'C:/rock/bannister/Bannister/obj/x64/Debug/net8.0-android/lp/159/jl/flat/layout_toolbar.xml.flat' -> 'goodrive://www.googleapis.com/:personal:/bannister/bannister/obj/x64/Debug/net8.0-android/lp/159/jl/flat/layout_toolbar.xml.flat' (772)
2026-08-09 05:48:22: Copy Over 'C:/rock/bannister/Bannister/obj/x64/Debug/net8.0-android/lp/159/jl/flat/values_attrs.arsc.flat' -> 'goodrive://www.googleapis.com/:personal:/bannister/bannister/obj/x64/Debug/net8.0-android/lp/159/jl/flat/values_attrs.arsc.flat' (860)
2026-08-09 05:48:25: Copy Over 'C:/rock/bannister/Bannister/obj/x64/Debug/net8.0-android/lp/159/jl/flat/values_styles.arsc.flat' -> 'goodrive://www.googleapis.com/:personal:/bannister/bannister/obj/x64/Debug/net8.0-android/lp/159/jl/flat/values_styles.arsc.flat' (1,240)
2026-08-09 05:48:25: Copy Over 'C:/rock/bannister/Bannister/obj/x64/Debug/net8.0-android/lp/162/jl/flat/anim_nav_default_enter_anim.xml.flat' -> 'goodrive://www.googleapis.com/:personal:/bannister/bannister/obj/x64/Debug/net8.0-android/lp/162/jl/flat/anim_nav_default_enter_anim.xml.flat' (732)
2026-08-09 05:48:26: Copy Over 'C:/rock/bannister/Bannister/obj/x64/Debug/net8.0-android/lp/161/jl/flat/values_values.arsc.flat' -> 'goodrive://www.googleapis.com/:personal:/bannister/bannister/obj/x64/Debug/net8.0-android/lp/161/jl/flat/values_values.arsc.flat' (272)
2026-08-09 05:48:29: Copy Over 'C:/rock/bannister/Bannister/obj/x64/Debug/net8.0-android/lp/162/jl/flat/anim_nav_default_exit_anim.xml.flat' -> 'goodrive://www.googleapis.com/:personal:/bannister/bannister/obj/x64/Debug/net8.0-android/lp/162/jl/flat/anim_nav_default_exit_anim.xml.flat' (728)
2026-08-09 05:48:29: Copy Over 'C:/rock/bannister/Bannister/obj/x64/Debug/net8.0-android/lp/162/jl/flat/anim_nav_default_pop_enter_anim.xml.flat' -> 'goodrive://www.googleapis.com/:personal:/bannister/bannister/obj/x64/Debug/net8.0-android/lp/162/jl/flat/anim_nav_default_pop_enter_anim.xml.flat' (740)
2026-08-09 05:48:29: Copy Over 'C:/rock/bannister/Bannister/obj/x64/Debug/net8.0-android/lp/162/jl/flat/anim_nav_default_pop_exit_anim.xml.flat' -> 'goodrive://www.googleapis.com/:personal:/bannister/bannister/obj/x64/Debug/net8.0-android/lp/162/jl/flat/anim_nav_default_pop_exit_anim.xml.flat' (736)
2026-08-09 05:48:32: Copy Over 'C:/rock/bannister/Bannister/obj/x64/Debug/net8.0-android/lp/162/jl/flat/drawable_maui_splash.xml.flat' -> 'goodrive://www.googleapis.com/:personal:/bannister/bannister/obj/x64/Debug/net8.0-android/lp/162/jl/flat/drawable_maui_splash.xml.flat' (568)
2026-08-09 05:48:32: Copy Over 'C:/rock/bannister/Bannister/obj/x64/Debug/net8.0-android/lp/162/jl/flat/drawable_maui_splash_image.xml.flat' -> 'goodrive://www.googleapis.com/:personal:/bannister/bannister/obj/x64/Debug/net8.0-android/lp/162/jl/flat/drawable_maui_splash_image.xml.flat' (192)
2026-08-09 05:48:32: Copy Over 'C:/rock/bannister/Bannister/obj/x64/Debug/net8.0-android/lp/162/jl/flat/layout_drawer_layout.xml.flat' -> 'goodrive://www.googleapis.com/:personal:/bannister/bannister/obj/x64/Debug/net8.0-android/lp/162/jl/flat/layout_drawer_layout.xml.flat' (472)
2026-08-09 05:48:35: Copy Over 'C:/rock/bannister/Bannister/obj/x64/Debug/net8.0-android/lp/162/jl/flat/values_attr.arsc.flat' -> 'goodrive://www.googleapis.com/:personal:/bannister/bannister/obj/x64/Debug/net8.0-android/lp/162/jl/flat/values_attr.arsc.flat' (1,044)
2026-08-09 05:48:35: Copy Over 'C:/rock/bannister/Bannister/obj/x64/Debug/net8.0-android/lp/162/jl/flat/layout_fragment_backstack.xml.flat' -> 'goodrive://www.googleapis.com/:personal:/bannister/bannister/obj/x64/Debug/net8.0-android/lp/162/jl/flat/layout_fragment_backstack.xml.flat' (828)
2026-08-09 05:48:36: Copy Over 'C:/rock/bannister/Bannister/obj/x64/Debug/net8.0-android/lp/162/jl/flat/layout_navigationlayout.xml.flat' -> 'goodrive://www.googleapis.com/:personal:/bannister/bannister/obj/x64/Debug/net8.0-android/lp/162/jl/flat/layout_navigationlayout.xml.flat' (2,236)
2026-08-09 05:48:39: Copy Over 'C:/rock/bannister/Bannister/obj/x64/Debug/net8.0-android/lp/162/jl/flat/values_colors.arsc.flat' -> 'goodrive://www.googleapis.com/:personal:/bannister/bannister/obj/x64/Debug/net8.0-android/lp/162/jl/flat/values_colors.arsc.flat' (488)
2026-08-09 05:48:39: Copy Over 'C:/rock/bannister/Bannister/obj/x64/Debug/net8.0-android/lp/162/jl/flat/values_styles.arsc.flat' -> 'goodrive://www.googleapis.com/:personal:/bannister/bannister/obj/x64/Debug/net8.0-android/lp/162/jl/flat/values_styles.arsc.flat' (4,336)
2026-08-09 05:48:39: Copy Over 'C:/rock/bannister/Bannister/obj/x64/Debug/net8.0-android/lp/163/jl/flat/xml_microsoft_maui_essentials_fileprovider_file_paths.xml.flat' -> 'goodrive://www.googleapis.com/:personal:/bannister/bannister/obj/x64/Debug/net8.0-android/lp/163/jl/flat/xml_microsoft_maui_essentials_fileprovider_file_paths.xml.flat' (428)
2026-08-09 05:48:42: Copy Over 'C:/rock/bannister/Bannister/obj/x64/Debug/net8.0-android/lp/97/jl/flat/97.flata' -> 'goodrive://www.googleapis.com/:personal:/bannister/bannister/obj/x64/Debug/net8.0-android/lp/97/jl/flat/97.flata' (256)
2026-08-09 05:48:42: Copy Over 'C:/rock/bannister/Bannister/obj/x64/Debug/net8.0-android/lp/98/jl/flat/98.flata' -> 'goodrive://www.googleapis.com/:personal:/bannister/bannister/obj/x64/Debug/net8.0-android/lp/98/jl/flat/98.flata' (364)
2026-08-09 05:48:42: Copy Over 'C:/rock/bannister/Bannister/obj/x64/Debug/net8.0-android/lp/99/jl/flat/99.flata' -> 'goodrive://www.googleapis.com/:personal:/bannister/bannister/obj/x64/Debug/net8.0-android/lp/99/jl/flat/99.flata' (256)
2026-08-09 05:48:45: Copy Over 'C:/rock/bannister/Bannister/obj/x64/Debug/net8.0-android/R.cs.flag' -> 'goodrive://www.googleapis.com/:personal:/bannister/bannister/obj/x64/Debug/net8.0-android/R.cs.flag' (0)
2026-08-09 05:48:46: Copy Over 'C:/rock/bannister/Bannister/obj/x64/Debug/net8.0-android/resizetizer/flat/drawable-hdpi_splash.png.flat' -> 'goodrive://www.googleapis.com/:personal:/bannister/bannister/obj/x64/Debug/net8.0-android/resizetizer/flat/drawable-hdpi_splash.png.flat' (1,592)
2026-08-09 05:48:46: Copy Over 'C:/rock/bannister/Bannister/obj/x64/Debug/net8.0-android/stamp/_CompileJava.stamp' -> 'goodrive://www.googleapis.com/:personal:/bannister/bannister/obj/x64/Debug/net8.0-android/stamp/_CompileJava.stamp' (0)
2026-08-09 05:48:48: Copy Over 'C:/rock/bannister/Bannister/obj/x64/Debug/net8.0-android/resizetizer/flat/drawable-mdpi_splash.png.flat' -> 'goodrive://www.googleapis.com/:personal:/bannister/bannister/obj/x64/Debug/net8.0-android/resizetizer/flat/drawable-mdpi_splash.png.flat' (1,008)
2026-08-09 05:48:49: Copy Over 'C:/rock/bannister/Bannister/obj/x64/Debug/net8.0-android/resizetizer/flat/drawable-v31_maui_splash_image.xml.flat' -> 'goodrive://www.googleapis.com/:personal:/bannister/bannister/obj/x64/Debug/net8.0-android/resizetizer/flat/drawable-v31_maui_splash_image.xml.flat' (676)
2026-08-09 05:48:49: Copy Over 'C:/rock/bannister/Bannister/obj/x64/Debug/net8.0-android/resizetizer/flat/drawable-xhdpi_splash.png.flat' -> 'goodrive://www.googleapis.com/:personal:/bannister/bannister/obj/x64/Debug/net8.0-android/resizetizer/flat/drawable-xhdpi_splash.png.flat' (1,568)
2026-08-09 05:48:49: > Copy Over 'C:/rock/bannister/Bannister/obj/x64/Debug/net8.0-android/resizetizer/flat/drawable_diet_dragon_default.png.flat' -> 'goodrive://www.googleapis.com/:personal:/bannister/bannister/obj/x64/Debug/net8.0-android/resizetizer/flat/drawable_diet_dragon_default.png.flat' (2,489,496)
2026-08-09 05:48:51: Copy Over 'C:/rock/bannister/Bannister/obj/x64/Debug/net8.0-android/resizetizer/flat/drawable-xxhdpi_splash.png.flat' -> 'goodrive://www.googleapis.com/:personal:/bannister/bannister/obj/x64/Debug/net8.0-android/resizetizer/flat/drawable-xxhdpi_splash.png.flat' (2,556)
2026-08-09 05:48:51: > Copy Over 'C:/rock/bannister/Bannister/obj/x64/Debug/net8.0-android/resizetizer/flat/drawable_dragon_1.png.flat' -> 'goodrive://www.googleapis.com/:personal:/bannister/bannister/obj/x64/Debug/net8.0-android/resizetizer/flat/drawable_dragon_1.png.flat' (1,880,152)
2026-08-09 05:48:53: Copy Over 'C:/rock/bannister/Bannister/obj/x64/Debug/net8.0-android/resizetizer/flat/drawable-xxxhdpi_splash.png.flat' -> 'goodrive://www.googleapis.com/:personal:/bannister/bannister/obj/x64/Debug/net8.0-android/resizetizer/flat/drawable-xxxhdpi_splash.png.flat' (2,692)
2026-08-09 05:48:54: < Copy Over 'C:/rock/bannister/Bannister/obj/x64/Debug/net8.0-android/resizetizer/flat/drawable_diet_dragon_default.png.flat' -> 'goodrive://www.googleapis.com/:personal:/bannister/bannister/obj/x64/Debug/net8.0-android/resizetizer/flat/drawable_diet_dragon_default.png.flat' (2,489,496)
2026-08-09 05:48:55: < Copy Over 'C:/rock/bannister/Bannister/obj/x64/Debug/net8.0-android/resizetizer/flat/drawable_dragon_1.png.flat' -> 'goodrive://www.googleapis.com/:personal:/bannister/bannister/obj/x64/Debug/net8.0-android/resizetizer/flat/drawable_dragon_1.png.flat' (1,880,152)
2026-08-09 05:48:55: > Copy Over 'C:/rock/bannister/Bannister/obj/x64/Debug/net8.0-android/resizetizer/flat/drawable_dragon_12.png.flat' -> 'goodrive://www.googleapis.com/:personal:/bannister/bannister/obj/x64/Debug/net8.0-android/resizetizer/flat/drawable_dragon_12.png.flat' (2,530,220)
2026-08-09 05:48:57: Copy Over 'C:/rock/bannister/Bannister/obj/x64/Debug/net8.0-android/resizetizer/flat/drawable_dragon_10.jpg.flat' -> 'goodrive://www.googleapis.com/:personal:/bannister/bannister/obj/x64/Debug/net8.0-android/resizetizer/flat/drawable_dragon_10.jpg.flat' (237,428)
2026-08-09 05:48:57: Copy Over 'C:/rock/bannister/Bannister/obj/x64/Debug/net8.0-android/resizetizer/flat/drawable_dragon_11.jpg.flat' -> 'goodrive://www.googleapis.com/:personal:/bannister/bannister/obj/x64/Debug/net8.0-android/resizetizer/flat/drawable_dragon_11.jpg.flat' (198,316)
2026-08-09 05:48:59: < Copy Over 'C:/rock/bannister/Bannister/obj/x64/Debug/net8.0-android/resizetizer/flat/drawable_dragon_12.png.flat' -> 'goodrive://www.googleapis.com/:personal:/bannister/bannister/obj/x64/Debug/net8.0-android/resizetizer/flat/drawable_dragon_12.png.flat' (2,530,220)
2026-08-09 05:49:00: Copy Over 'C:/rock/bannister/Bannister/obj/x64/Debug/net8.0-android/resizetizer/flat/drawable_dragon_14.jpg.flat' -> 'goodrive://www.googleapis.com/:personal:/bannister/bannister/obj/x64/Debug/net8.0-android/resizetizer/flat/drawable_dragon_14.jpg.flat' (246,652)
2026-08-09 05:49:00: > Copy Over 'C:/rock/bannister/Bannister/obj/x64/Debug/net8.0-android/resizetizer/flat/drawable_dragon_16.png.flat' -> 'goodrive://www.googleapis.com/:personal:/bannister/bannister/obj/x64/Debug/net8.0-android/resizetizer/flat/drawable_dragon_16.png.flat' (2,775,824)
2026-08-09 05:49:00: Copy Over 'C:/rock/bannister/Bannister/obj/x64/Debug/net8.0-android/resizetizer/flat/drawable_dragon_13.jpg.flat' -> 'goodrive://www.googleapis.com/:personal:/bannister/bannister/obj/x64/Debug/net8.0-android/resizetizer/flat/drawable_dragon_13.jpg.flat' (198,068)
2026-08-09 05:49:00: > Copy Over 'C:/rock/bannister/Bannister/obj/x64/Debug/net8.0-android/resizetizer/flat/drawable_dragon_2.png.flat' -> 'goodrive://www.googleapis.com/:personal:/bannister/bannister/obj/x64/Debug/net8.0-android/resizetizer/flat/drawable_dragon_2.png.flat' (2,136,584)
2026-08-09 05:49:03: Copy Over 'C:/rock/bannister/Bannister/obj/x64/Debug/net8.0-android/resizetizer/flat/drawable_dragon_15.jpg.flat' -> 'goodrive://www.googleapis.com/:personal:/bannister/bannister/obj/x64/Debug/net8.0-android/resizetizer/flat/drawable_dragon_15.jpg.flat' (183,060)
2026-08-09 05:49:03: > Copy Over 'C:/rock/bannister/Bannister/obj/x64/Debug/net8.0-android/resizetizer/flat/drawable_dragon_3.png.flat' -> 'goodrive://www.googleapis.com/:personal:/bannister/bannister/obj/x64/Debug/net8.0-android/resizetizer/flat/drawable_dragon_3.png.flat' (2,059,100)
2026-08-09 05:49:04: < Copy Over 'C:/rock/bannister/Bannister/obj/x64/Debug/net8.0-android/resizetizer/flat/drawable_dragon_2.png.flat' -> 'goodrive://www.googleapis.com/:personal:/bannister/bannister/obj/x64/Debug/net8.0-android/resizetizer/flat/drawable_dragon_2.png.flat' (2,136,584)
2026-08-09 05:49:04: > Copy Over 'C:/rock/bannister/Bannister/obj/x64/Debug/net8.0-android/resizetizer/flat/drawable_dragon_4.png.flat' -> 'goodrive://www.googleapis.com/:personal:/bannister/bannister/obj/x64/Debug/net8.0-android/resizetizer/flat/drawable_dragon_4.png.flat' (1,772,876)
2026-08-09 05:49:04: < Copy Over 'C:/rock/bannister/Bannister/obj/x64/Debug/net8.0-android/resizetizer/flat/drawable_dragon_16.png.flat' -> 'goodrive://www.googleapis.com/:personal:/bannister/bannister/obj/x64/Debug/net8.0-android/resizetizer/flat/drawable_dragon_16.png.flat' (2,775,824)
2026-08-09 05:49:04: > Copy Over 'C:/rock/bannister/Bannister/obj/x64/Debug/net8.0-android/resizetizer/flat/drawable_dragon_5.png.flat' -> 'goodrive://www.googleapis.com/:personal:/bannister/bannister/obj/x64/Debug/net8.0-android/resizetizer/flat/drawable_dragon_5.png.flat' (1,837,536)
2026-08-09 05:49:06: < Copy Over 'C:/rock/bannister/Bannister/obj/x64/Debug/net8.0-android/resizetizer/flat/drawable_dragon_3.png.flat' -> 'goodrive://www.googleapis.com/:personal:/bannister/bannister/obj/x64/Debug/net8.0-android/resizetizer/flat/drawable_dragon_3.png.flat' (2,059,100)
2026-08-09 05:49:06: > Copy Over 'C:/rock/bannister/Bannister/obj/x64/Debug/net8.0-android/resizetizer/flat/drawable_dragon_6.png.flat' -> 'goodrive://www.googleapis.com/:personal:/bannister/bannister/obj/x64/Debug/net8.0-android/resizetizer/flat/drawable_dragon_6.png.flat' (1,817,364)
2026-08-09 05:49:08: < Copy Over 'C:/rock/bannister/Bannister/obj/x64/Debug/net8.0-android/resizetizer/flat/drawable_dragon_4.png.flat' -> 'goodrive://www.googleapis.com/:personal:/bannister/bannister/obj/x64/Debug/net8.0-android/resizetizer/flat/drawable_dragon_4.png.flat' (1,772,876)
2026-08-09 05:49:08: > Copy Over 'C:/rock/bannister/Bannister/obj/x64/Debug/net8.0-android/resizetizer/flat/drawable_dragon_7.png.flat' -> 'goodrive://www.googleapis.com/:personal:/bannister/bannister/obj/x64/Debug/net8.0-android/resizetizer/flat/drawable_dragon_7.png.flat' (1,579,764)
2026-08-09 05:49:08: < Copy Over 'C:/rock/bannister/Bannister/obj/x64/Debug/net8.0-android/resizetizer/flat/drawable_dragon_5.png.flat' -> 'goodrive://www.googleapis.com/:personal:/bannister/bannister/obj/x64/Debug/net8.0-android/resizetizer/flat/drawable_dragon_5.png.flat' (1,837,536)
2026-08-09 05:49:08: > Copy Over 'C:/rock/bannister/Bannister/obj/x64/Debug/net8.0-android/resizetizer/flat/drawable_dragon_8.png.flat' -> 'goodrive://www.googleapis.com/:personal:/bannister/bannister/obj/x64/Debug/net8.0-android/resizetizer/flat/drawable_dragon_8.png.flat' (1,832,208)
2026-08-09 05:49:10: < Copy Over 'C:/rock/bannister/Bannister/obj/x64/Debug/net8.0-android/resizetizer/flat/drawable_dragon_6.png.flat' -> 'goodrive://www.googleapis.com/:personal:/bannister/bannister/obj/x64/Debug/net8.0-android/resizetizer/flat/drawable_dragon_6.png.flat' (1,817,364)
2026-08-09 05:49:11: < Copy Over 'C:/rock/bannister/Bannister/obj/x64/Debug/net8.0-android/resizetizer/flat/drawable_dragon_8.png.flat' -> 'goodrive://www.googleapis.com/:personal:/bannister/bannister/obj/x64/Debug/net8.0-android/resizetizer/flat/drawable_dragon_8.png.flat' (1,832,208)
2026-08-09 05:49:11: > Copy Over 'C:/rock/bannister/Bannister/obj/x64/Debug/net8.0-android/resizetizer/flat/drawable_dragon_slayer_1.png.flat' -> 'goodrive://www.googleapis.com/:personal:/bannister/bannister/obj/x64/Debug/net8.0-android/resizetizer/flat/drawable_dragon_slayer_1.png.flat' (1,562,628)
2026-08-09 05:49:12: < Copy Over 'C:/rock/bannister/Bannister/obj/x64/Debug/net8.0-android/resizetizer/flat/drawable_dragon_7.png.flat' -> 'goodrive://www.googleapis.com/:personal:/bannister/bannister/obj/x64/Debug/net8.0-android/resizetizer/flat/drawable_dragon_7.png.flat' (1,579,764)
2026-08-09 05:49:13: Copy Over 'C:/rock/bannister/Bannister/obj/x64/Debug/net8.0-android/resizetizer/flat/drawable_dragon_9.jpg.flat' -> 'goodrive://www.googleapis.com/:personal:/bannister/bannister/obj/x64/Debug/net8.0-android/resizetizer/flat/drawable_dragon_9.jpg.flat' (149,620)
2026-08-09 05:49:15: Copy Over 'C:/rock/bannister/Bannister/obj/x64/Debug/net8.0-android/resizetizer/flat/drawable_maui_splash_image.xml.flat' -> 'goodrive://www.googleapis.com/:personal:/bannister/bannister/obj/x64/Debug/net8.0-android/resizetizer/flat/drawable_maui_splash_image.xml.flat' (484)
2026-08-09 05:49:15: < Copy Over 'C:/rock/bannister/Bannister/obj/x64/Debug/net8.0-android/resizetizer/flat/drawable_dragon_slayer_1.png.flat' -> 'goodrive://www.googleapis.com/:personal:/bannister/bannister/obj/x64/Debug/net8.0-android/resizetizer/flat/drawable_dragon_slayer_1.png.flat' (1,562,628)
2026-08-09 05:49:18: Copy Over 'C:/rock/bannister/Bannister/obj/x64/Debug/net8.0-android/resizetizer/flat/drawable_scold_default.png.flat' -> 'goodrive://www.googleapis.com/:personal:/bannister/bannister/obj/x64/Debug/net8.0-android/resizetizer/flat/drawable_scold_default.png.flat' (946,356)
2026-08-09 05:49:18: Copy Over 'C:/rock/bannister/Bannister/obj/x64/Debug/net8.0-android/resizetizer/flat/mipmap-anydpi-v26_appicon_round.xml.flat' -> 'goodrive://www.googleapis.com/:personal:/bannister/bannister/obj/x64/Debug/net8.0-android/resizetizer/flat/mipmap-anydpi-v26_appicon_round.xml.flat' (584)
2026-08-09 05:49:18: Copy Over 'C:/rock/bannister/Bannister/obj/x64/Debug/net8.0-android/resizetizer/flat/mipmap-anydpi-v26_appicon.xml.flat' -> 'goodrive://www.googleapis.com/:personal:/bannister/bannister/obj/x64/Debug/net8.0-android/resizetizer/flat/mipmap-anydpi-v26_appicon.xml.flat' (572)
2026-08-09 05:49:21: Copy Over 'C:/rock/bannister/Bannister/obj/x64/Debug/net8.0-android/resizetizer/flat/mipmap-hdpi_appicon.png.flat' -> 'goodrive://www.googleapis.com/:personal:/bannister/bannister/obj/x64/Debug/net8.0-android/resizetizer/flat/mipmap-hdpi_appicon.png.flat' (1,112)
2026-08-09 05:49:21: Copy Over 'C:/rock/bannister/Bannister/obj/x64/Debug/net8.0-android/resizetizer/flat/mipmap-hdpi_appicon_background.png.flat' -> 'goodrive://www.googleapis.com/:personal:/bannister/bannister/obj/x64/Debug/net8.0-android/resizetizer/flat/mipmap-hdpi_appicon_background.png.flat' (304)
2026-08-09 05:49:21: Copy Over 'C:/rock/bannister/Bannister/obj/x64/Debug/net8.0-android/resizetizer/flat/mipmap-hdpi_appicon_foreground.png.flat' -> 'goodrive://www.googleapis.com/:personal:/bannister/bannister/obj/x64/Debug/net8.0-android/resizetizer/flat/mipmap-hdpi_appicon_foreground.png.flat' (1,568)
2026-08-09 05:49:25: Copy Over 'C:/rock/bannister/Bannister/obj/x64/Debug/net8.0-android/resizetizer/flat/mipmap-mdpi_appicon_background.png.flat' -> 'goodrive://www.googleapis.com/:personal:/bannister/bannister/obj/x64/Debug/net8.0-android/resizetizer/flat/mipmap-mdpi_appicon_background.png.flat' (292)
2026-08-09 05:49:25: Copy Over 'C:/rock/bannister/Bannister/obj/x64/Debug/net8.0-android/resizetizer/flat/mipmap-mdpi_appicon.png.flat' -> 'goodrive://www.googleapis.com/:personal:/bannister/bannister/obj/x64/Debug/net8.0-android/resizetizer/flat/mipmap-mdpi_appicon.png.flat' (908)
2026-08-09 05:49:25: Copy Over 'C:/rock/bannister/Bannister/obj/x64/Debug/net8.0-android/resizetizer/flat/mipmap-hdpi_appicon_round.png.flat' -> 'goodrive://www.googleapis.com/:personal:/bannister/bannister/obj/x64/Debug/net8.0-android/resizetizer/flat/mipmap-hdpi_appicon_round.png.flat' (1,752)
2026-08-09 05:49:28: Copy Over 'C:/rock/bannister/Bannister/obj/x64/Debug/net8.0-android/resizetizer/flat/mipmap-mdpi_appicon_round.png.flat' -> 'goodrive://www.googleapis.com/:personal:/bannister/bannister/obj/x64/Debug/net8.0-android/resizetizer/flat/mipmap-mdpi_appicon_round.png.flat' (1,764)
2026-08-09 05:49:28: Copy Over 'C:/rock/bannister/Bannister/obj/x64/Debug/net8.0-android/resizetizer/flat/mipmap-mdpi_appicon_foreground.png.flat' -> 'goodrive://www.googleapis.com/:personal:/bannister/bannister/obj/x64/Debug/net8.0-android/resizetizer/flat/mipmap-mdpi_appicon_foreground.png.flat' (1,452)
2026-08-09 05:49:28: Copy Over 'C:/rock/bannister/Bannister/obj/x64/Debug/net8.0-android/resizetizer/flat/mipmap-xhdpi_appicon.png.flat' -> 'goodrive://www.googleapis.com/:personal:/bannister/bannister/obj/x64/Debug/net8.0-android/resizetizer/flat/mipmap-xhdpi_appicon.png.flat' (1,032)
2026-08-09 05:49:31: Copy Over 'C:/rock/bannister/Bannister/obj/x64/Debug/net8.0-android/resizetizer/flat/mipmap-xhdpi_appicon_round.png.flat' -> 'goodrive://www.googleapis.com/:personal:/bannister/bannister/obj/x64/Debug/net8.0-android/resizetizer/flat/mipmap-xhdpi_appicon_round.png.flat' (2,252)
2026-08-09 05:49:31: Copy Over 'C:/rock/bannister/Bannister/obj/x64/Debug/net8.0-android/resizetizer/flat/mipmap-xhdpi_appicon_background.png.flat' -> 'goodrive://www.googleapis.com/:personal:/bannister/bannister/obj/x64/Debug/net8.0-android/resizetizer/flat/mipmap-xhdpi_appicon_background.png.flat' (324)
2026-08-09 05:49:31: Copy Over 'C:/rock/bannister/Bannister/obj/x64/Debug/net8.0-android/resizetizer/flat/mipmap-xhdpi_appicon_foreground.png.flat' -> 'goodrive://www.googleapis.com/:personal:/bannister/bannister/obj/x64/Debug/net8.0-android/resizetizer/flat/mipmap-xhdpi_appicon_foreground.png.flat' (2,168)
2026-08-09 05:49:34: Copy Over 'C:/rock/bannister/Bannister/obj/x64/Debug/net8.0-android/resizetizer/flat/mipmap-xxhdpi_appicon.png.flat' -> 'goodrive://www.googleapis.com/:personal:/bannister/bannister/obj/x64/Debug/net8.0-android/resizetizer/flat/mipmap-xxhdpi_appicon.png.flat' (1,232)
2026-08-09 05:49:35: Copy Over 'C:/rock/bannister/Bannister/obj/x64/Debug/net8.0-android/resizetizer/flat/mipmap-xxhdpi_appicon_background.png.flat' -> 'goodrive://www.googleapis.com/:personal:/bannister/bannister/obj/x64/Debug/net8.0-android/resizetizer/flat/mipmap-xxhdpi_appicon_background.png.flat' (384)
2026-08-09 05:49:35: Copy Over 'C:/rock/bannister/Bannister/obj/x64/Debug/net8.0-android/resizetizer/flat/mipmap-xxhdpi_appicon_foreground.png.flat' -> 'goodrive://www.googleapis.com/:personal:/bannister/bannister/obj/x64/Debug/net8.0-android/resizetizer/flat/mipmap-xxhdpi_appicon_foreground.png.flat' (2,412)
2026-08-09 05:49:38: Copy Over 'C:/rock/bannister/Bannister/obj/x64/Debug/net8.0-android/resizetizer/flat/mipmap-xxhdpi_appicon_round.png.flat' -> 'goodrive://www.googleapis.com/:personal:/bannister/bannister/obj/x64/Debug/net8.0-android/resizetizer/flat/mipmap-xxhdpi_appicon_round.png.flat' (4,392)
2026-08-09 05:49:38: Copy Over 'C:/rock/bannister/Bannister/obj/x64/Debug/net8.0-android/resizetizer/flat/mipmap-xxxhdpi_appicon.png.flat' -> 'goodrive://www.googleapis.com/:personal:/bannister/bannister/obj/x64/Debug/net8.0-android/resizetizer/flat/mipmap-xxxhdpi_appicon.png.flat' (1,592)
2026-08-09 05:49:38: Copy Over 'C:/rock/bannister/Bannister/obj/x64/Debug/net8.0-android/resizetizer/flat/mipmap-xxxhdpi_appicon_background.png.flat' -> 'goodrive://www.googleapis.com/:personal:/bannister/bannister/obj/x64/Debug/net8.0-android/resizetizer/flat/mipmap-xxxhdpi_appicon_background.png.flat' (460)
2026-08-09 05:49:41: Copy Over 'C:/rock/bannister/Bannister/obj/x64/Debug/net8.0-android/resizetizer/flat/mipmap-xxxhdpi_appicon_foreground.png.flat' -> 'goodrive://www.googleapis.com/:personal:/bannister/bannister/obj/x64/Debug/net8.0-android/resizetizer/flat/mipmap-xxxhdpi_appicon_foreground.png.flat' (3,504)
2026-08-09 05:49:41: Copy Over 'C:/rock/bannister/Bannister/obj/x64/Debug/net8.0-android/resizetizer/flat/values_maui_colors.arsc.flat' -> 'goodrive://www.googleapis.com/:personal:/bannister/bannister/obj/x64/Debug/net8.0-android/resizetizer/flat/values_maui_colors.arsc.flat' (280)
2026-08-09 05:49:41: Copy Over 'C:/rock/bannister/Bannister/obj/x64/Debug/net8.0-android/resizetizer/flat/mipmap-xxxhdpi_appicon_round.png.flat' -> 'goodrive://www.googleapis.com/:personal:/bannister/bannister/obj/x64/Debug/net8.0-android/resizetizer/flat/mipmap-xxxhdpi_appicon_round.png.flat' (6,068)
2026-08-09 05:49:44: Copy Over 'C:/rock/bannister/Bannister/obj/x64/Debug/net8.0-android/stamp/_CompileToDalvik.stamp' -> 'goodrive://www.googleapis.com/:personal:/bannister/bannister/obj/x64/Debug/net8.0-android/stamp/_CompileToDalvik.stamp' (0)
2026-08-09 05:49:44: Copy Over 'C:/rock/bannister/Bannister/obj/x64/Debug/net8.0-android/stamp/_GenerateJavaStubs.stamp' -> 'goodrive://www.googleapis.com/:personal:/bannister/bannister/obj/x64/Debug/net8.0-android/stamp/_GenerateJavaStubs.stamp' (0)
2026-08-09 05:49:45: Copy Over 'C:/rock/bannister/Bannister/obj/x64/Debug/net8.0-android/stamp/_ConvertResourcesCases.stamp' -> 'goodrive://www.googleapis.com/:personal:/bannister/bannister/obj/x64/Debug/net8.0-android/stamp/_ConvertResourcesCases.stamp' (0)
2026-08-09 05:49:48: Copy Over 'C:/rock/bannister/Bannister/obj/x64/Debug/net8.0-android/upload.flag' -> 'goodrive://www.googleapis.com/:personal:/bannister/bannister/obj/x64/Debug/net8.0-android/upload.flag' (0)
2026-08-09 05:49:48: > Copy Over 'C:/rock/bannister/Bannister/obj/Debug/net8.0-android/android/assets/Bannister.dll' -> 'goodrive://www.googleapis.com/:personal:/bannister/bannister/obj/Debug/net8.0-android/android/assets/Bannister.dll' (6,669,824)
2026-08-09 05:49:48: Copy Over 'C:/rock/bannister/Bannister/obj/x64/Debug/net8.0-android/XamlC.stamp' -> 'goodrive://www.googleapis.com/:personal:/bannister/bannister/obj/x64/Debug/net8.0-android/XamlC.stamp' (0)
2026-08-09 05:49:48: > Copy Over 'C:/rock/bannister/Bannister/obj/Debug/net8.0-android/android/bin/classes.dex' -> 'goodrive://www.googleapis.com/:personal:/bannister/bannister/obj/Debug/net8.0-android/android/bin/classes.dex' (8,171,880)
2026-08-09 05:49:48: Copy Over 'C:/rock/bannister/Bannister/obj/x64/Debug/net8.0-android/stamp/_GeneratePackageManagerJava.stamp' -> 'goodrive://www.googleapis.com/:personal:/bannister/bannister/obj/x64/Debug/net8.0-android/stamp/_GeneratePackageManagerJava.stamp' (0)
2026-08-09 05:49:52: Copy Over 'C:/rock/bannister/Bannister/obj/Debug/net8.0-android/android/bin/classes/androidx/activity/ktx/R.class' -> 'goodrive://www.googleapis.com/:personal:/bannister/bannister/obj/Debug/net8.0-android/android/bin/classes/androidx/activity/ktx/R.class' (198)
2026-08-09 05:49:52: < Copy Over 'C:/rock/bannister/Bannister/obj/Debug/net8.0-android/android/assets/Bannister.dll' -> 'goodrive://www.googleapis.com/:personal:/bannister/bannister/obj/Debug/net8.0-android/android/assets/Bannister.dll' (6,669,824)
2026-08-09 05:49:53: < Copy Over 'C:/rock/bannister/Bannister/obj/Debug/net8.0-android/android/bin/classes.dex' -> 'goodrive://www.googleapis.com/:personal:/bannister/bannister/obj/Debug/net8.0-android/android/bin/classes.dex' (8,171,880)
2026-08-09 05:49:55: Copy Over 'C:/rock/bannister/Bannister/obj/Debug/net8.0-android/android/bin/classes/com/bannister/app/R$anim.class' -> 'goodrive://www.googleapis.com/:personal:/bannister/bannister/obj/Debug/net8.0-android/android/bin/classes/com/bannister/app/R$anim.class' (2,906)
2026-08-09 05:49:56: Copy Over 'C:/rock/bannister/Bannister/obj/Debug/net8.0-android/android/bin/classes/com/bannister/app/R$animator.class' -> 'goodrive://www.googleapis.com/:personal:/bannister/bannister/obj/Debug/net8.0-android/android/bin/classes/com/bannister/app/R$animator.class' (2,331)
2026-08-09 05:49:56: Copy Over 'C:/rock/bannister/Bannister/obj/Debug/net8.0-android/android/bin/classes/com/bannister/app/R$attr.class' -> 'goodrive://www.googleapis.com/:personal:/bannister/bannister/obj/Debug/net8.0-android/android/bin/classes/com/bannister/app/R$attr.class' (54,839)
2026-08-09 05:49:59: Copy Over 'C:/rock/bannister/Bannister/obj/Debug/net8.0-android/android/bin/classes/com/bannister/app/R$bool.class' -> 'goodrive://www.googleapis.com/:personal:/bannister/bannister/obj/Debug/net8.0-android/android/bin/classes/com/bannister/app/R$bool.class' (443)
2026-08-09 05:49:59: Copy Over 'C:/rock/bannister/Bannister/obj/Debug/net8.0-android/android/bin/classes/com/bannister/app/R$color.class' -> 'goodrive://www.googleapis.com/:personal:/bannister/bannister/obj/Debug/net8.0-android/android/bin/classes/com/bannister/app/R$color.class' (42,362)
2026-08-09 05:49:59: Copy Over 'C:/rock/bannister/Bannister/obj/Debug/net8.0-android/android/bin/classes/com/bannister/app/R$dimen.class' -> 'goodrive://www.googleapis.com/:personal:/bannister/bannister/obj/Debug/net8.0-android/android/bin/classes/com/bannister/app/R$dimen.class' (46,419)
2026-08-09 05:50:02: Copy Over 'C:/rock/bannister/Bannister/obj/Debug/net8.0-android/android/bin/classes/com/bannister/app/R$id.class' -> 'goodrive://www.googleapis.com/:personal:/bannister/bannister/obj/Debug/net8.0-android/android/bin/classes/com/bannister/app/R$id.class' (20,962)
2026-08-09 05:50:02: Copy Over 'C:/rock/bannister/Bannister/obj/Debug/net8.0-android/android/bin/classes/com/bannister/app/R$drawable.class' -> 'goodrive://www.googleapis.com/:personal:/bannister/bannister/obj/Debug/net8.0-android/android/bin/classes/com/bannister/app/R$drawable.class' (10,686)
2026-08-09 05:50:03: Copy Over 'C:/rock/bannister/Bannister/obj/Debug/net8.0-android/android/bin/classes/com/bannister/app/R$integer.class' -> 'goodrive://www.googleapis.com/:personal:/bannister/bannister/obj/Debug/net8.0-android/android/bin/classes/com/bannister/app/R$integer.class' (3,932)
2026-08-09 05:50:05: Copy Over 'C:/rock/bannister/Bannister/obj/Debug/net8.0-android/android/bin/classes/com/bannister/app/R$interpolator.class' -> 'goodrive://www.googleapis.com/:personal:/bannister/bannister/obj/Debug/net8.0-android/android/bin/classes/com/bannister/app/R$interpolator.class' (1,370)
2026-08-09 05:50:05: Copy Over 'C:/rock/bannister/Bannister/obj/Debug/net8.0-android/android/bin/classes/com/bannister/app/R$layout.class' -> 'goodrive://www.googleapis.com/:personal:/bannister/bannister/obj/Debug/net8.0-android/android/bin/classes/com/bannister/app/R$layout.class' (5,883)
2026-08-09 05:50:06: Copy Over 'C:/rock/bannister/Bannister/obj/Debug/net8.0-android/android/bin/classes/com/bannister/app/R$mipmap.class' -> 'goodrive://www.googleapis.com/:personal:/bannister/bannister/obj/Debug/net8.0-android/android/bin/classes/com/bannister/app/R$mipmap.class' (438)
2026-08-09 05:50:09: Copy Over 'C:/rock/bannister/Bannister/obj/Debug/net8.0-android/android/bin/classes/com/bannister/app/R$plurals.class' -> 'goodrive://www.googleapis.com/:personal:/bannister/bannister/obj/Debug/net8.0-android/android/bin/classes/com/bannister/app/R$plurals.class' (342)
2026-08-09 05:50:09: Copy Over 'C:/rock/bannister/Bannister/obj/Debug/net8.0-android/android/bin/classes/com/bannister/app/R$string.class' -> 'goodrive://www.googleapis.com/:personal:/bannister/bannister/obj/Debug/net8.0-android/android/bin/classes/com/bannister/app/R$string.class' (9,918)
2026-08-09 05:50:10: Copy Over 'C:/rock/bannister/Bannister/obj/Debug/net8.0-android/android/bin/classes/com/bannister/app/R$style.class' -> 'goodrive://www.googleapis.com/:personal:/bannister/bannister/obj/Debug/net8.0-android/android/bin/classes/com/bannister/app/R$style.class' (73,620)
2026-08-09 05:50:12: Copy Over 'C:/rock/bannister/Bannister/obj/Debug/net8.0-android/android/bin/classes/com/bannister/app/R$styleable.class' -> 'goodrive://www.googleapis.com/:personal:/bannister/bannister/obj/Debug/net8.0-android/android/bin/classes/com/bannister/app/R$styleable.class' (130,989)
2026-08-09 05:50:13: Copy Over 'C:/rock/bannister/Bannister/obj/Debug/net8.0-android/android/bin/classes/com/bannister/app/R.class' -> 'goodrive://www.googleapis.com/:personal:/bannister/bannister/obj/Debug/net8.0-android/android/bin/classes/com/bannister/app/R.class' (1,048)
2026-08-09 05:50:13: Copy Over 'C:/rock/bannister/Bannister/obj/Debug/net8.0-android/android/bin/classes/com/bannister/app/R$xml.class' -> 'goodrive://www.googleapis.com/:personal:/bannister/bannister/obj/Debug/net8.0-android/android/bin/classes/com/bannister/app/R$xml.class' (398)
2026-08-09 05:50:16: Copy Over 'C:/rock/bannister/Bannister/obj/Debug/net8.0-android/android/bin/classes/androidx/activity/R$id.class' -> 'goodrive://www.googleapis.com/:personal:/bannister/bannister/obj/Debug/net8.0-android/android/bin/classes/androidx/activity/R$id.class' (380)
2026-08-09 05:50:16: Copy Over 'C:/rock/bannister/Bannister/obj/Debug/net8.0-android/android/bin/classes/com/bumptech/glide/gifdecoder/R.class' -> 'goodrive://www.googleapis.com/:personal:/bannister/bannister/obj/Debug/net8.0-android/android/bin/classes/com/bumptech/glide/gifdecoder/R.class' (206)
2026-08-09 05:50:16: Copy Over 'C:/rock/bannister/Bannister/obj/Debug/net8.0-android/android/bin/classes/androidx/activity/R.class' -> 'goodrive://www.googleapis.com/:personal:/bannister/bannister/obj/Debug/net8.0-android/android/bin/classes/androidx/activity/R.class' (258)
2026-08-09 05:50:19: Copy Over 'C:/rock/bannister/Bannister/obj/Debug/net8.0-android/android/bin/classes/com/google/android/material/R$anim.class' -> 'goodrive://www.googleapis.com/:personal:/bannister/bannister/obj/Debug/net8.0-android/android/bin/classes/com/google/android/material/R$anim.class' (2,592)
2026-08-09 05:50:20: Copy Over 'C:/rock/bannister/Bannister/obj/Debug/net8.0-android/android/bin/classes/com/google/android/material/R$animator.class' -> 'goodrive://www.googleapis.com/:personal:/bannister/bannister/obj/Debug/net8.0-android/android/bin/classes/com/google/android/material/R$animator.class' (2,161)
2026-08-09 05:50:20: Copy Over 'C:/rock/bannister/Bannister/obj/Debug/net8.0-android/android/bin/classes/com/google/android/material/R$attr.class' -> 'goodrive://www.googleapis.com/:personal:/bannister/bannister/obj/Debug/net8.0-android/android/bin/classes/com/google/android/material/R$attr.class' (49,187)
2026-08-09 05:50:23: Copy Over 'C:/rock/bannister/Bannister/obj/Debug/net8.0-android/android/bin/classes/com/google/android/material/R$bool.class' -> 'goodrive://www.googleapis.com/:personal:/bannister/bannister/obj/Debug/net8.0-android/android/bin/classes/com/google/android/material/R$bool.class' (463)
2026-08-09 05:50:23: Copy Over 'C:/rock/bannister/Bannister/obj/Debug/net8.0-android/android/bin/classes/com/google/android/material/R$color.class' -> 'goodrive://www.googleapis.com/:personal:/bannister/bannister/obj/Debug/net8.0-android/android/bin/classes/com/google/android/material/R$color.class' (41,872)
2026-08-09 05:50:23: Copy Over 'C:/rock/bannister/Bannister/obj/Debug/net8.0-android/android/bin/classes/com/google/android/material/R$dimen.class' -> 'goodrive://www.googleapis.com/:personal:/bannister/bannister/obj/Debug/net8.0-android/android/bin/classes/com/google/android/material/R$dimen.class' (46,259)
2026-08-09 05:50:26: Copy Over 'C:/rock/bannister/Bannister/obj/Debug/net8.0-android/android/bin/classes/com/google/android/material/R$drawable.class' -> 'goodrive://www.googleapis.com/:personal:/bannister/bannister/obj/Debug/net8.0-android/android/bin/classes/com/google/android/material/R$drawable.class' (9,708)
2026-08-09 05:50:26: Copy Over 'C:/rock/bannister/Bannister/obj/Debug/net8.0-android/android/bin/classes/com/google/android/material/R$id.class' -> 'goodrive://www.googleapis.com/:personal:/bannister/bannister/obj/Debug/net8.0-android/android/bin/classes/com/google/android/material/R$id.class' (16,168)
2026-08-09 05:50:27: Copy Over 'C:/rock/bannister/Bannister/obj/Debug/net8.0-android/android/bin/classes/com/google/android/material/R$integer.class' -> 'goodrive://www.googleapis.com/:personal:/bannister/bannister/obj/Debug/net8.0-android/android/bin/classes/com/google/android/material/R$integer.class' (3,910)
2026-08-09 05:50:30: Copy Over 'C:/rock/bannister/Bannister/obj/Debug/net8.0-android/android/bin/classes/com/google/android/material/R$interpolator.class' -> 'goodrive://www.googleapis.com/:personal:/bannister/bannister/obj/Debug/net8.0-android/android/bin/classes/com/google/android/material/R$interpolator.class' (1,390)
2026-08-09 05:50:30: Copy Over 'C:/rock/bannister/Bannister/obj/Debug/net8.0-android/android/bin/classes/com/google/android/material/R$layout.class' -> 'goodrive://www.googleapis.com/:personal:/bannister/bannister/obj/Debug/net8.0-android/android/bin/classes/com/google/android/material/R$layout.class' (5,537)
2026-08-09 05:50:30: Copy Over 'C:/rock/bannister/Bannister/obj/Debug/net8.0-android/android/bin/classes/com/google/android/material/R$plurals.class' -> 'goodrive://www.googleapis.com/:personal:/bannister/bannister/obj/Debug/net8.0-android/android/bin/classes/com/google/android/material/R$plurals.class' (362)
2026-08-09 05:50:33: Copy Over 'C:/rock/bannister/Bannister/obj/Debug/net8.0-android/android/bin/classes/com/google/android/material/R$string.class' -> 'goodrive://www.googleapis.com/:personal:/bannister/bannister/obj/Debug/net8.0-android/android/bin/classes/com/google/android/material/R$string.class' (9,069)
2026-08-09 05:50:33: Copy Over 'C:/rock/bannister/Bannister/obj/Debug/net8.0-android/android/bin/classes/com/google/android/material/R$style.class' -> 'goodrive://www.googleapis.com/:personal:/bannister/bannister/obj/Debug/net8.0-android/android/bin/classes/com/google/android/material/R$style.class' (73,038)
2026-08-09 05:50:33: Copy Over 'C:/rock/bannister/Bannister/obj/Debug/net8.0-android/android/bin/classes/com/google/android/material/R$styleable.class' -> 'goodrive://www.googleapis.com/:personal:/bannister/bannister/obj/Debug/net8.0-android/android/bin/classes/com/google/android/material/R$styleable.class' (109,039)
2026-08-09 05:50:36: Copy Over 'C:/rock/bannister/Bannister/obj/Debug/net8.0-android/android/bin/classes/com/google/android/material/R.class' -> 'goodrive://www.googleapis.com/:personal:/bannister/bannister/obj/Debug/net8.0-android/android/bin/classes/com/google/android/material/R.class' (1,116)
2026-08-09 05:50:36: Copy Over 'C:/rock/bannister/Bannister/obj/Debug/net8.0-android/android/bin/classes/com/google/android/material/snackbar/Snackbar_SnackbarActionClickImplementor.class' -> 'goodrive://www.googleapis.com/:personal:/bannister/bannister/obj/Debug/net8.0-android/android/bin/classes/com/google/android/material/snackbar/Snackbar_SnackbarActionClickImplementor.class' (1,698)
2026-08-09 05:50:37: Copy Over 'C:/rock/bannister/Bannister/obj/Debug/net8.0-android/android/bin/classes/com/bumptech/glide/R$anim.class' -> 'goodrive://www.googleapis.com/:personal:/bannister/bannister/obj/Debug/net8.0-android/android/bin/classes/com/bumptech/glide/R$anim.class' (1,681)
2026-08-09 05:50:40: Copy Over 'C:/rock/bannister/Bannister/obj/Debug/net8.0-android/android/bin/classes/com/bumptech/glide/R$animator.class' -> 'goodrive://www.googleapis.com/:personal:/bannister/bannister/obj/Debug/net8.0-android/android/bin/classes/com/bumptech/glide/R$animator.class' (549)
2026-08-09 05:50:40: Copy Over 'C:/rock/bannister/Bannister/obj/Debug/net8.0-android/android/bin/classes/com/bumptech/glide/R$attr.class' -> 'goodrive://www.googleapis.com/:personal:/bannister/bannister/obj/Debug/net8.0-android/android/bin/classes/com/bumptech/glide/R$attr.class' (11,893)
2026-08-09 05:50:40: Copy Over 'C:/rock/bannister/Bannister/obj/Debug/net8.0-android/android/bin/classes/com/bumptech/glide/R$bool.class' -> 'goodrive://www.googleapis.com/:personal:/bannister/bannister/obj/Debug/net8.0-android/android/bin/classes/com/bumptech/glide/R$bool.class' (389)
2026-08-09 05:50:43: Copy Over 'C:/rock/bannister/Bannister/obj/Debug/net8.0-android/android/bin/classes/com/bumptech/glide/R$color.class' -> 'goodrive://www.googleapis.com/:personal:/bannister/bannister/obj/Debug/net8.0-android/android/bin/classes/com/bumptech/glide/R$color.class' (4,868)
2026-08-09 05:50:43: Copy Over 'C:/rock/bannister/Bannister/obj/Debug/net8.0-android/android/bin/classes/com/bumptech/glide/R$dimen.class' -> 'goodrive://www.googleapis.com/:personal:/bannister/bannister/obj/Debug/net8.0-android/android/bin/classes/com/bumptech/glide/R$dimen.class' (7,012)
2026-08-09 05:50:44: Copy Over 'C:/rock/bannister/Bannister/obj/Debug/net8.0-android/android/bin/classes/com/bumptech/glide/R$drawable.class' -> 'goodrive://www.googleapis.com/:personal:/bannister/bannister/obj/Debug/net8.0-android/android/bin/classes/com/bumptech/glide/R$drawable.class' (5,651)
2026-08-09 05:50:46: Copy Over 'C:/rock/bannister/Bannister/obj/Debug/net8.0-android/android/bin/classes/com/bumptech/glide/R$id.class' -> 'goodrive://www.googleapis.com/:personal:/bannister/bannister/obj/Debug/net8.0-android/android/bin/classes/com/bumptech/glide/R$id.class' (6,760)
2026-08-09 05:50:46: Copy Over 'C:/rock/bannister/Bannister/obj/Debug/net8.0-android/android/bin/classes/com/bumptech/glide/R$integer.class' -> 'goodrive://www.googleapis.com/:personal:/bannister/bannister/obj/Debug/net8.0-android/android/bin/classes/com/bumptech/glide/R$integer.class' (548)
2026-08-09 05:50:47: Copy Over 'C:/rock/bannister/Bannister/obj/Debug/net8.0-android/android/bin/classes/com/bumptech/glide/R$interpolator.class' -> 'goodrive://www.googleapis.com/:personal:/bannister/bannister/obj/Debug/net8.0-android/android/bin/classes/com/bumptech/glide/R$interpolator.class' (779)
2026-08-09 05:50:49: Copy Over 'C:/rock/bannister/Bannister/obj/Debug/net8.0-android/android/bin/classes/com/bumptech/glide/R$string.class' -> 'goodrive://www.googleapis.com/:personal:/bannister/bannister/obj/Debug/net8.0-android/android/bin/classes/com/bumptech/glide/R$string.class' (1,832)
2026-08-09 05:50:49: Copy Over 'C:/rock/bannister/Bannister/obj/Debug/net8.0-android/android/bin/classes/com/bumptech/glide/R$layout.class' -> 'goodrive://www.googleapis.com/:personal:/bannister/bannister/obj/Debug/net8.0-android/android/bin/classes/com/bumptech/glide/R$layout.class' (2,280)
2026-08-09 05:50:50: Copy Over 'C:/rock/bannister/Bannister/obj/Debug/net8.0-android/android/bin/classes/com/bumptech/glide/R$style.class' -> 'goodrive://www.googleapis.com/:personal:/bannister/bannister/obj/Debug/net8.0-android/android/bin/classes/com/bumptech/glide/R$style.class' (21,850)
2026-08-09 05:50:52: Copy Over 'C:/rock/bannister/Bannister/obj/Debug/net8.0-android/android/bin/classes/com/bumptech/glide/R$styleable.class' -> 'goodrive://www.googleapis.com/:personal:/bannister/bannister/obj/Debug/net8.0-android/android/bin/classes/com/bumptech/glide/R$styleable.class' (29,637)
2026-08-09 05:50:53: Copy Over 'C:/rock/bannister/Bannister/obj/Debug/net8.0-android/android/bin/classes/com/bumptech/glide/R.class' -> 'goodrive://www.googleapis.com/:personal:/bannister/bannister/obj/Debug/net8.0-android/android/bin/classes/com/bumptech/glide/R.class' (920)
2026-08-09 05:50:54: Copy Over 'C:/rock/bannister/Bannister/obj/Debug/net8.0-android/android/bin/classes/com/microsoft/maui/R$anim.class' -> 'goodrive://www.googleapis.com/:personal:/bannister/bannister/obj/Debug/net8.0-android/android/bin/classes/com/microsoft/maui/R$anim.class' (2,574)
2026-08-09 05:50:56: Copy Over 'C:/rock/bannister/Bannister/obj/Debug/net8.0-android/android/bin/classes/androidx/annotation/experimental/R.class' -> 'goodrive://www.googleapis.com/:personal:/bannister/bannister/obj/Debug/net8.0-android/android/bin/classes/androidx/annotation/experimental/R.class' (209)
2026-08-09 05:50:56: Copy Over 'C:/rock/bannister/Bannister/obj/Debug/net8.0-android/android/bin/classes/com/microsoft/maui/R$animator.class' -> 'goodrive://www.googleapis.com/:personal:/bannister/bannister/obj/Debug/net8.0-android/android/bin/classes/com/microsoft/maui/R$animator.class' (2,143)
2026-08-09 05:50:57: Copy Over 'C:/rock/bannister/Bannister/obj/Debug/net8.0-android/android/bin/classes/com/microsoft/maui/R$attr.class' -> 'goodrive://www.googleapis.com/:personal:/bannister/bannister/obj/Debug/net8.0-android/android/bin/classes/com/microsoft/maui/R$attr.class' (50,072)
2026-08-09 05:50:59: Copy Over 'C:/rock/bannister/Bannister/obj/Debug/net8.0-android/android/bin/classes/com/microsoft/maui/R$bool.class' -> 'goodrive://www.googleapis.com/:personal:/bannister/bannister/obj/Debug/net8.0-android/android/bin/classes/com/microsoft/maui/R$bool.class' (445)
2026-08-09 05:51:00: Copy Over 'C:/rock/bannister/Bannister/obj/Debug/net8.0-android/android/bin/classes/com/microsoft/maui/R$color.class' -> 'goodrive://www.googleapis.com/:personal:/bannister/bannister/obj/Debug/net8.0-android/android/bin/classes/com/microsoft/maui/R$color.class' (41,854)
2026-08-09 05:51:01: Copy Over 'C:/rock/bannister/Bannister/obj/Debug/net8.0-android/android/bin/classes/com/microsoft/maui/R$dimen.class' -> 'goodrive://www.googleapis.com/:personal:/bannister/bannister/obj/Debug/net8.0-android/android/bin/classes/com/microsoft/maui/R$dimen.class' (46,241)
2026-08-09 05:51:03: Copy Over 'C:/rock/bannister/Bannister/obj/Debug/net8.0-android/android/bin/classes/com/microsoft/maui/R$drawable.class' -> 'goodrive://www.googleapis.com/:personal:/bannister/bannister/obj/Debug/net8.0-android/android/bin/classes/com/microsoft/maui/R$drawable.class' (9,690)
2026-08-09 05:51:03: Copy Over 'C:/rock/bannister/Bannister/obj/Debug/net8.0-android/android/bin/classes/com/microsoft/maui/R$id.class' -> 'goodrive://www.googleapis.com/:personal:/bannister/bannister/obj/Debug/net8.0-android/android/bin/classes/com/microsoft/maui/R$id.class' (16,574)
2026-08-09 05:51:04: Copy Over 'C:/rock/bannister/Bannister/obj/Debug/net8.0-android/android/bin/classes/com/microsoft/maui/R$integer.class' -> 'goodrive://www.googleapis.com/:personal:/bannister/bannister/obj/Debug/net8.0-android/android/bin/classes/com/microsoft/maui/R$integer.class' (3,892)
2026-08-09 05:51:06: Copy Over 'C:/rock/bannister/Bannister/obj/Debug/net8.0-android/android/bin/classes/com/microsoft/maui/R$interpolator.class' -> 'goodrive://www.googleapis.com/:personal:/bannister/bannister/obj/Debug/net8.0-android/android/bin/classes/com/microsoft/maui/R$interpolator.class' (1,372)
2026-08-09 05:51:07: Copy Over 'C:/rock/bannister/Bannister/obj/Debug/net8.0-android/android/bin/classes/com/microsoft/maui/R$plurals.class' -> 'goodrive://www.googleapis.com/:personal:/bannister/bannister/obj/Debug/net8.0-android/android/bin/classes/com/microsoft/maui/R$plurals.class' (344)
2026-08-09 05:51:07: Copy Over 'C:/rock/bannister/Bannister/obj/Debug/net8.0-android/android/bin/classes/com/microsoft/maui/R$layout.class' -> 'goodrive://www.googleapis.com/:personal:/bannister/bannister/obj/Debug/net8.0-android/android/bin/classes/com/microsoft/maui/R$layout.class' (5,519)
2026-08-09 05:51:10: Copy Over 'C:/rock/bannister/Bannister/obj/Debug/net8.0-android/android/bin/classes/com/microsoft/maui/R$string.class' -> 'goodrive://www.googleapis.com/:personal:/bannister/bannister/obj/Debug/net8.0-android/android/bin/classes/com/microsoft/maui/R$string.class' (9,092)
2026-08-09 05:51:10: Copy Over 'C:/rock/bannister/Bannister/obj/Debug/net8.0-android/android/bin/classes/com/microsoft/maui/R$style.class' -> 'goodrive://www.googleapis.com/:personal:/bannister/bannister/obj/Debug/net8.0-android/android/bin/classes/com/microsoft/maui/R$style.class' (73,020)
2026-08-09 05:51:10: Copy Over 'C:/rock/bannister/Bannister/obj/Debug/net8.0-android/android/bin/classes/com/microsoft/maui/R$styleable.class' -> 'goodrive://www.googleapis.com/:personal:/bannister/bannister/obj/Debug/net8.0-android/android/bin/classes/com/microsoft/maui/R$styleable.class' (111,244)
2026-08-09 05:51:13: Copy Over 'C:/rock/bannister/Bannister/obj/Debug/net8.0-android/android/bin/classes/com/microsoft/maui/R.class' -> 'goodrive://www.googleapis.com/:personal:/bannister/bannister/obj/Debug/net8.0-android/android/bin/classes/com/microsoft/maui/R.class' (972)
2026-08-09 05:51:14: Copy Over 'C:/rock/bannister/Bannister/obj/Debug/net8.0-android/android/bin/classes/androidx/arch/core/R.class' -> 'goodrive://www.googleapis.com/:personal:/bannister/bannister/obj/Debug/net8.0-android/android/bin/classes/androidx/arch/core/R.class' (195)
2026-08-09 05:51:14: Copy Over 'C:/rock/bannister/Bannister/obj/Debug/net8.0-android/android/bin/classes/androidx/appcompat/app/AlertDialog_IDialogInterfaceOnCancelListenerImplementor.class' -> 'goodrive://www.googleapis.com/:personal:/bannister/bannister/obj/Debug/net8.0-android/android/bin/classes/androidx/appcompat/app/AlertDialog_IDialogInterfaceOnCancelListenerImplementor.class' (1,806)
2026-08-09 05:51:16: Copy Over 'C:/rock/bannister/Bannister/obj/Debug/net8.0-android/android/bin/classes/androidx/appcompat/app/AlertDialog_IDialogInterfaceOnClickListenerImplementor.class' -> 'goodrive://www.googleapis.com/:personal:/bannister/bannister/obj/Debug/net8.0-android/android/bin/classes/androidx/appcompat/app/AlertDialog_IDialogInterfaceOnClickListenerImplementor.class' (1,800)
2026-08-09 05:51:17: Copy Over 'C:/rock/bannister/Bannister/obj/Debug/net8.0-android/android/bin/classes/androidx/appcompat/app/AlertDialog_IDialogInterfaceOnMultiChoiceClickListenerImplementor.class' -> 'goodrive://www.googleapis.com/:personal:/bannister/bannister/obj/Debug/net8.0-android/android/bin/classes/androidx/appcompat/app/AlertDialog_IDialogInterfaceOnMultiChoiceClickListenerImplementor.class' (1,870)
2026-08-09 05:51:17: Copy Over 'C:/rock/bannister/Bannister/obj/Debug/net8.0-android/android/bin/classes/androidx/appcompat/R$anim.class' -> 'goodrive://www.googleapis.com/:personal:/bannister/bannister/obj/Debug/net8.0-android/android/bin/classes/androidx/appcompat/R$anim.class' (1,626)
2026-08-09 05:51:20: Copy Over 'C:/rock/bannister/Bannister/obj/Debug/net8.0-android/android/bin/classes/androidx/appcompat/R$attr.class' -> 'goodrive://www.googleapis.com/:personal:/bannister/bannister/obj/Debug/net8.0-android/android/bin/classes/androidx/appcompat/R$attr.class' (11,577)
2026-08-09 05:51:21: Copy Over 'C:/rock/bannister/Bannister/obj/Debug/net8.0-android/android/bin/classes/androidx/appcompat/R$bool.class' -> 'goodrive://www.googleapis.com/:personal:/bannister/bannister/obj/Debug/net8.0-android/android/bin/classes/androidx/appcompat/R$bool.class' (389)
2026-08-09 05:51:21: Copy Over 'C:/rock/bannister/Bannister/obj/Debug/net8.0-android/android/bin/classes/androidx/appcompat/R$color.class' -> 'goodrive://www.googleapis.com/:personal:/bannister/bannister/obj/Debug/net8.0-android/android/bin/classes/androidx/appcompat/R$color.class' (4,628)
2026-08-09 05:51:23: Copy Over 'C:/rock/bannister/Bannister/obj/Debug/net8.0-android/android/bin/classes/androidx/appcompat/R$dimen.class' -> 'goodrive://www.googleapis.com/:personal:/bannister/bannister/obj/Debug/net8.0-android/android/bin/classes/androidx/appcompat/R$dimen.class' (5,751)
2026-08-09 05:51:24: Copy Over 'C:/rock/bannister/Bannister/obj/Debug/net8.0-android/android/bin/classes/androidx/appcompat/R$drawable.class' -> 'goodrive://www.googleapis.com/:personal:/bannister/bannister/obj/Debug/net8.0-android/android/bin/classes/androidx/appcompat/R$drawable.class' (5,055)
2026-08-09 05:51:25: Copy Over 'C:/rock/bannister/Bannister/obj/Debug/net8.0-android/android/bin/classes/androidx/appcompat/R$id.class' -> 'goodrive://www.googleapis.com/:personal:/bannister/bannister/obj/Debug/net8.0-android/android/bin/classes/androidx/appcompat/R$id.class' (3,121)
2026-08-09 05:51:26: Copy Over 'C:/rock/bannister/Bannister/obj/Debug/net8.0-android/android/bin/classes/androidx/appcompat/R$integer.class' -> 'goodrive://www.googleapis.com/:personal:/bannister/bannister/obj/Debug/net8.0-android/android/bin/classes/androidx/appcompat/R$integer.class' (489)
2026-08-09 05:51:28: Copy Over 'C:/rock/bannister/Bannister/obj/Debug/net8.0-android/android/bin/classes/androidx/appcompat/R$layout.class' -> 'goodrive://www.googleapis.com/:personal:/bannister/bannister/obj/Debug/net8.0-android/android/bin/classes/androidx/appcompat/R$layout.class' (1,918)
2026-08-09 05:51:28: Copy Over 'C:/rock/bannister/Bannister/obj/Debug/net8.0-android/android/bin/classes/androidx/appcompat/R$interpolator.class' -> 'goodrive://www.googleapis.com/:personal:/bannister/bannister/obj/Debug/net8.0-android/android/bin/classes/androidx/appcompat/R$interpolator.class' (779)
2026-08-09 05:51:30: Copy Over 'C:/rock/bannister/Bannister/obj/Debug/net8.0-android/android/bin/classes/androidx/appcompat/R$string.class' -> 'goodrive://www.googleapis.com/:personal:/bannister/bannister/obj/Debug/net8.0-android/android/bin/classes/androidx/appcompat/R$string.class' (1,771)
2026-08-09 05:51:31: Copy Over 'C:/rock/bannister/Bannister/obj/Debug/net8.0-android/android/bin/classes/androidx/appcompat/R$styleable.class' -> 'goodrive://www.googleapis.com/:personal:/bannister/bannister/obj/Debug/net8.0-android/android/bin/classes/androidx/appcompat/R$styleable.class' (25,717)
2026-08-09 05:51:32: Copy Over 'C:/rock/bannister/Bannister/obj/Debug/net8.0-android/android/bin/classes/androidx/appcompat/R$style.class' -> 'goodrive://www.googleapis.com/:personal:/bannister/bannister/obj/Debug/net8.0-android/android/bin/classes/androidx/appcompat/R$style.class' (21,413)
2026-08-09 05:51:33: Copy Over 'C:/rock/bannister/Bannister/obj/Debug/net8.0-android/android/bin/classes/androidx/appcompat/R.class' -> 'goodrive://www.googleapis.com/:personal:/bannister/bannister/obj/Debug/net8.0-android/android/bin/classes/androidx/appcompat/R.class' (866)
2026-08-09 05:51:34: Copy Over 'C:/rock/bannister/Bannister/obj/Debug/net8.0-android/android/bin/classes/androidx/appcompat/resources/R$drawable.class' -> 'goodrive://www.googleapis.com/:personal:/bannister/bannister/obj/Debug/net8.0-android/android/bin/classes/androidx/appcompat/resources/R$drawable.class' (351)
2026-08-09 05:51:35: Copy Over 'C:/rock/bannister/Bannister/obj/Debug/net8.0-android/android/bin/classes/androidx/appcompat/widget/Toolbar_NavigationOnClickEventDispatcher.class' -> 'goodrive://www.googleapis.com/:personal:/bannister/bannister/obj/Debug/net8.0-android/android/bin/classes/androidx/appcompat/widget/Toolbar_NavigationOnClickEventDispatcher.class' (1,926)
2026-08-09 05:51:37: Copy Over 'C:/rock/bannister/Bannister/obj/Debug/net8.0-android/android/bin/classes/androidx/appcompat/resources/R$styleable.class' -> 'goodrive://www.googleapis.com/:personal:/bannister/bannister/obj/Debug/net8.0-android/android/bin/classes/androidx/appcompat/resources/R$styleable.class' (2,066)
2026-08-09 05:51:37: Copy Over 'C:/rock/bannister/Bannister/obj/Debug/net8.0-android/android/bin/classes/androidx/appcompat/resources/R.class' -> 'goodrive://www.googleapis.com/:personal:/bannister/bannister/obj/Debug/net8.0-android/android/bin/classes/androidx/appcompat/resources/R.class' (358)
2026-08-09 05:51:39: Copy Over 'C:/rock/bannister/Bannister/obj/Debug/net8.0-android/android/bin/classes/androidx/cardview/R$attr.class' -> 'goodrive://www.googleapis.com/:personal:/bannister/bannister/obj/Debug/net8.0-android/android/bin/classes/androidx/cardview/R$attr.class' (779)
2026-08-09 05:51:40: Copy Over 'C:/rock/bannister/Bannister/obj/Debug/net8.0-android/android/bin/classes/androidx/cardview/R$color.class' -> 'goodrive://www.googleapis.com/:personal:/bannister/bannister/obj/Debug/net8.0-android/android/bin/classes/androidx/cardview/R$color.class' (481)
2026-08-09 05:51:40: Copy Over 'C:/rock/bannister/Bannister/obj/Debug/net8.0-android/android/bin/classes/androidx/browser/customtabs/CustomTabsClient_CustomTabsCallbackImpl.class' -> 'goodrive://www.googleapis.com/:personal:/bannister/bannister/obj/Debug/net8.0-android/android/bin/classes/androidx/browser/customtabs/CustomTabsClient_CustomTabsCallbackImpl.class' (1,811)
2026-08-09 05:51:42: Copy Over 'C:/rock/bannister/Bannister/obj/Debug/net8.0-android/android/bin/classes/androidx/cardview/R$dimen.class' -> 'goodrive://www.googleapis.com/:personal:/bannister/bannister/obj/Debug/net8.0-android/android/bin/classes/androidx/cardview/R$dimen.class' (433)
2026-08-09 05:51:43: Copy Over 'C:/rock/bannister/Bannister/obj/Debug/net8.0-android/android/bin/classes/androidx/cardview/R$style.class' -> 'goodrive://www.googleapis.com/:personal:/bannister/bannister/obj/Debug/net8.0-android/android/bin/classes/androidx/cardview/R$style.class' (428)
2026-08-09 05:51:43: Copy Over 'C:/rock/bannister/Bannister/obj/Debug/net8.0-android/android/bin/classes/androidx/cardview/R$styleable.class' -> 'goodrive://www.googleapis.com/:personal:/bannister/bannister/obj/Debug/net8.0-android/android/bin/classes/androidx/cardview/R$styleable.class' (1,178)
2026-08-09 05:51:45: Copy Over 'C:/rock/bannister/Bannister/obj/Debug/net8.0-android/android/bin/classes/androidx/cardview/R.class' -> 'goodrive://www.googleapis.com/:personal:/bannister/bannister/obj/Debug/net8.0-android/android/bin/classes/androidx/cardview/R.class' (458)
2026-08-09 05:51:46: Copy Over 'C:/rock/bannister/Bannister/obj/Debug/net8.0-android/android/bin/classes/androidx/browser/R$color.class' -> 'goodrive://www.googleapis.com/:personal:/bannister/bannister/obj/Debug/net8.0-android/android/bin/classes/androidx/browser/R$color.class' (483)
2026-08-09 05:51:47: Copy Over 'C:/rock/bannister/Bannister/obj/Debug/net8.0-android/android/bin/classes/androidx/browser/R$dimen.class' -> 'goodrive://www.googleapis.com/:personal:/bannister/bannister/obj/Debug/net8.0-android/android/bin/classes/androidx/browser/R$dimen.class' (408)
2026-08-09 05:51:49: Copy Over 'C:/rock/bannister/Bannister/obj/Debug/net8.0-android/android/bin/classes/androidx/browser/R$id.class' -> 'goodrive://www.googleapis.com/:personal:/bannister/bannister/obj/Debug/net8.0-android/android/bin/classes/androidx/browser/R$id.class' (534)
2026-08-09 05:51:50: Copy Over 'C:/rock/bannister/Bannister/obj/Debug/net8.0-android/android/bin/classes/androidx/browser/R$layout.class' -> 'goodrive://www.googleapis.com/:personal:/bannister/bannister/obj/Debug/net8.0-android/android/bin/classes/androidx/browser/R$layout.class' (397)
2026-08-09 05:51:50: Copy Over 'C:/rock/bannister/Bannister/obj/Debug/net8.0-android/android/bin/classes/androidx/browser/R$string.class' -> 'goodrive://www.googleapis.com/:personal:/bannister/bannister/obj/Debug/net8.0-android/android/bin/classes/androidx/browser/R$string.class' (485)
2026-08-09 05:51:52: Copy Over 'C:/rock/bannister/Bannister/obj/Debug/net8.0-android/android/bin/classes/androidx/browser/R$xml.class' -> 'goodrive://www.googleapis.com/:personal:/bannister/bannister/obj/Debug/net8.0-android/android/bin/classes/androidx/browser/R$xml.class' (323)
2026-08-09 05:51:54: Copy Over 'C:/rock/bannister/Bannister/obj/Debug/net8.0-android/android/bin/classes/androidx/coordinatorlayout/R$attr.class' -> 'goodrive://www.googleapis.com/:personal:/bannister/bannister/obj/Debug/net8.0-android/android/bin/classes/androidx/coordinatorlayout/R$attr.class' (665)
2026-08-09 05:51:54: Copy Over 'C:/rock/bannister/Bannister/obj/Debug/net8.0-android/android/bin/classes/androidx/browser/R.class' -> 'goodrive://www.googleapis.com/:personal:/bannister/bannister/obj/Debug/net8.0-android/android/bin/classes/androidx/browser/R.class' (486)
2026-08-09 05:51:55: Copy Over 'C:/rock/bannister/Bannister/obj/Debug/net8.0-android/android/bin/classes/androidx/constraintlayout/widget/R$anim.class' -> 'goodrive://www.googleapis.com/:personal:/bannister/bannister/obj/Debug/net8.0-android/android/bin/classes/androidx/constraintlayout/widget/R$anim.class' (1,654)
2026-08-09 05:51:57: Copy Over 'C:/rock/bannister/Bannister/obj/Debug/net8.0-android/android/bin/classes/androidx/constraintlayout/widget/R$attr.class' -> 'goodrive://www.googleapis.com/:personal:/bannister/bannister/obj/Debug/net8.0-android/android/bin/classes/androidx/constraintlayout/widget/R$attr.class' (23,341)
2026-08-09 05:51:57: Copy Over 'C:/rock/bannister/Bannister/obj/Debug/net8.0-android/android/bin/classes/androidx/constraintlayout/widget/R$bool.class' -> 'goodrive://www.googleapis.com/:personal:/bannister/bannister/obj/Debug/net8.0-android/android/bin/classes/androidx/constraintlayout/widget/R$bool.class' (417)
2026-08-09 05:51:58: Copy Over 'C:/rock/bannister/Bannister/obj/Debug/net8.0-android/android/bin/classes/androidx/constraintlayout/widget/R$color.class' -> 'goodrive://www.googleapis.com/:personal:/bannister/bannister/obj/Debug/net8.0-android/android/bin/classes/androidx/constraintlayout/widget/R$color.class' (4,896)
2026-08-09 05:52:01: Copy Over 'C:/rock/bannister/Bannister/obj/Debug/net8.0-android/android/bin/classes/androidx/constraintlayout/widget/R$drawable.class' -> 'goodrive://www.googleapis.com/:personal:/bannister/bannister/obj/Debug/net8.0-android/android/bin/classes/androidx/constraintlayout/widget/R$drawable.class' (5,417)
2026-08-09 05:52:01: Copy Over 'C:/rock/bannister/Bannister/obj/Debug/net8.0-android/android/bin/classes/androidx/constraintlayout/widget/R$dimen.class' -> 'goodrive://www.googleapis.com/:personal:/bannister/bannister/obj/Debug/net8.0-android/android/bin/classes/androidx/constraintlayout/widget/R$dimen.class' (6,927)
2026-08-09 05:52:01: Copy Over 'C:/rock/bannister/Bannister/obj/Debug/net8.0-android/android/bin/classes/androidx/constraintlayout/widget/R$id.class' -> 'goodrive://www.googleapis.com/:personal:/bannister/bannister/obj/Debug/net8.0-android/android/bin/classes/androidx/constraintlayout/widget/R$id.class' (9,913)
2026-08-09 05:52:04: Copy Over 'C:/rock/bannister/Bannister/obj/Debug/net8.0-android/android/bin/classes/androidx/constraintlayout/widget/R$integer.class' -> 'goodrive://www.googleapis.com/:personal:/bannister/bannister/obj/Debug/net8.0-android/android/bin/classes/androidx/constraintlayout/widget/R$integer.class' (576)
2026-08-09 05:52:05: Copy Over 'C:/rock/bannister/Bannister/obj/Debug/net8.0-android/android/bin/classes/androidx/constraintlayout/widget/R$interpolator.class' -> 'goodrive://www.googleapis.com/:personal:/bannister/bannister/obj/Debug/net8.0-android/android/bin/classes/androidx/constraintlayout/widget/R$interpolator.class' (807)
2026-08-09 05:52:05: Copy Over 'C:/rock/bannister/Bannister/obj/Debug/net8.0-android/android/bin/classes/androidx/constraintlayout/widget/R$layout.class' -> 'goodrive://www.googleapis.com/:personal:/bannister/bannister/obj/Debug/net8.0-android/android/bin/classes/androidx/constraintlayout/widget/R$layout.class' (2,308)
2026-08-09 05:52:07: Copy Over 'C:/rock/bannister/Bannister/obj/Debug/net8.0-android/android/bin/classes/androidx/constraintlayout/widget/R$string.class' -> 'goodrive://www.googleapis.com/:personal:/bannister/bannister/obj/Debug/net8.0-android/android/bin/classes/androidx/constraintlayout/widget/R$string.class' (1,860)
2026-08-09 05:52:08: Copy Over 'C:/rock/bannister/Bannister/obj/Debug/net8.0-android/android/bin/classes/androidx/constraintlayout/widget/R$style.class' -> 'goodrive://www.googleapis.com/:personal:/bannister/bannister/obj/Debug/net8.0-android/android/bin/classes/androidx/constraintlayout/widget/R$style.class' (21,878)
2026-08-09 05:52:08: Copy Over 'C:/rock/bannister/Bannister/obj/Debug/net8.0-android/android/bin/classes/androidx/constraintlayout/widget/R$styleable.class' -> 'goodrive://www.googleapis.com/:personal:/bannister/bannister/obj/Debug/net8.0-android/android/bin/classes/androidx/constraintlayout/widget/R$styleable.class' (82,207)
2026-08-09 05:52:11: Copy Over 'C:/rock/bannister/Bannister/obj/Debug/net8.0-android/android/bin/classes/androidx/constraintlayout/widget/R.class' -> 'goodrive://www.googleapis.com/:personal:/bannister/bannister/obj/Debug/net8.0-android/android/bin/classes/androidx/constraintlayout/widget/R.class' (1,062)
2026-08-09 05:52:12: Copy Over 'C:/rock/bannister/Bannister/obj/Debug/net8.0-android/android/bin/classes/androidx/coordinatorlayout/R$id.class' -> 'goodrive://www.googleapis.com/:personal:/bannister/bannister/obj/Debug/net8.0-android/android/bin/classes/androidx/coordinatorlayout/R$id.class' (494)
2026-08-09 05:52:12: Copy Over 'C:/rock/bannister/Bannister/obj/Debug/net8.0-android/android/bin/classes/androidx/coordinatorlayout/R$style.class' -> 'goodrive://www.googleapis.com/:personal:/bannister/bannister/obj/Debug/net8.0-android/android/bin/classes/androidx/coordinatorlayout/R$style.class' (358)
2026-08-09 05:52:15: Copy Over 'C:/rock/bannister/Bannister/obj/Debug/net8.0-android/android/bin/classes/androidx/coordinatorlayout/R$styleable.class' -> 'goodrive://www.googleapis.com/:personal:/bannister/bannister/obj/Debug/net8.0-android/android/bin/classes/androidx/coordinatorlayout/R$styleable.class' (1,122)
2026-08-09 05:52:15: Copy Over 'C:/rock/bannister/Bannister/obj/Debug/net8.0-android/android/bin/classes/androidx/coordinatorlayout/R.class' -> 'goodrive://www.googleapis.com/:personal:/bannister/bannister/obj/Debug/net8.0-android/android/bin/classes/androidx/coordinatorlayout/R.class' (450)
2026-08-09 05:52:15: Copy Over 'C:/rock/bannister/Bannister/obj/Debug/net8.0-android/android/bin/classes/androidx/cursoradapter/R.class' -> 'goodrive://www.googleapis.com/:personal:/bannister/bannister/obj/Debug/net8.0-android/android/bin/classes/androidx/cursoradapter/R.class' (199)
2026-08-09 05:52:18: Copy Over 'C:/rock/bannister/Bannister/obj/Debug/net8.0-android/android/bin/classes/androidx/core/R$attr.class' -> 'goodrive://www.googleapis.com/:personal:/bannister/bannister/obj/Debug/net8.0-android/android/bin/classes/androidx/core/R$attr.class' (950)
2026-08-09 05:52:19: Copy Over 'C:/rock/bannister/Bannister/obj/Debug/net8.0-android/android/bin/classes/androidx/core/ktx/R.class' -> 'goodrive://www.googleapis.com/:personal:/bannister/bannister/obj/Debug/net8.0-android/android/bin/classes/androidx/core/ktx/R.class' (194)
2026-08-09 05:52:19: Copy Over 'C:/rock/bannister/Bannister/obj/Debug/net8.0-android/android/bin/classes/androidx/core/R$color.class' -> 'goodrive://www.googleapis.com/:personal:/bannister/bannister/obj/Debug/net8.0-android/android/bin/classes/androidx/core/R$color.class' (625)
2026-08-09 05:52:22: Copy Over 'C:/rock/bannister/Bannister/obj/Debug/net8.0-android/android/bin/classes/androidx/core/R$drawable.class' -> 'goodrive://www.googleapis.com/:personal:/bannister/bannister/obj/Debug/net8.0-android/android/bin/classes/androidx/core/R$drawable.class' (1,136)
2026-08-09 05:52:22: Copy Over 'C:/rock/bannister/Bannister/obj/Debug/net8.0-android/android/bin/classes/androidx/core/R$dimen.class' -> 'goodrive://www.googleapis.com/:personal:/bannister/bannister/obj/Debug/net8.0-android/android/bin/classes/androidx/core/R$dimen.class' (1,537)
2026-08-09 05:52:22: Copy Over 'C:/rock/bannister/Bannister/obj/Debug/net8.0-android/android/bin/classes/androidx/core/R$id.class' -> 'goodrive://www.googleapis.com/:personal:/bannister/bannister/obj/Debug/net8.0-android/android/bin/classes/androidx/core/R$id.class' (3,611)
2026-08-09 05:52:25: Copy Over 'C:/rock/bannister/Bannister/obj/Debug/net8.0-android/android/bin/classes/androidx/core/R$layout.class' -> 'goodrive://www.googleapis.com/:personal:/bannister/bannister/obj/Debug/net8.0-android/android/bin/classes/androidx/core/R$layout.class' (640)
2026-08-09 05:52:25: Copy Over 'C:/rock/bannister/Bannister/obj/Debug/net8.0-android/android/bin/classes/androidx/core/R$integer.class' -> 'goodrive://www.googleapis.com/:personal:/bannister/bannister/obj/Debug/net8.0-android/android/bin/classes/androidx/core/R$integer.class' (339)
2026-08-09 05:52:26: Copy Over 'C:/rock/bannister/Bannister/obj/Debug/net8.0-android/android/bin/classes/androidx/core/R$string.class' -> 'goodrive://www.googleapis.com/:personal:/bannister/bannister/obj/Debug/net8.0-android/android/bin/classes/androidx/core/R$string.class' (732)
2026-08-09 05:52:29: Copy Over 'C:/rock/bannister/Bannister/obj/Debug/net8.0-android/android/bin/classes/androidx/core/R$styleable.class' -> 'goodrive://www.googleapis.com/:personal:/bannister/bannister/obj/Debug/net8.0-android/android/bin/classes/androidx/core/R$styleable.class' (2,912)
2026-08-09 05:52:29: Copy Over 'C:/rock/bannister/Bannister/obj/Debug/net8.0-android/android/bin/classes/androidx/core/R$style.class' -> 'goodrive://www.googleapis.com/:personal:/bannister/bannister/obj/Debug/net8.0-android/android/bin/classes/androidx/core/R$style.class' (713)
2026-08-09 05:52:29: Copy Over 'C:/rock/bannister/Bannister/obj/Debug/net8.0-android/android/bin/classes/androidx/core/R.class' -> 'goodrive://www.googleapis.com/:personal:/bannister/bannister/obj/Debug/net8.0-android/android/bin/classes/androidx/core/R.class' (657)
2026-08-09 05:52:32: Copy Over 'C:/rock/bannister/Bannister/obj/Debug/net8.0-android/android/bin/classes/androidx/documentfile/R.class' -> 'goodrive://www.googleapis.com/:personal:/bannister/bannister/obj/Debug/net8.0-android/android/bin/classes/androidx/documentfile/R.class' (198)
2026-08-09 05:52:32: Copy Over 'C:/rock/bannister/Bannister/obj/Debug/net8.0-android/android/bin/classes/androidx/customview/poolingcontainer/R$id.class' -> 'goodrive://www.googleapis.com/:personal:/bannister/bannister/obj/Debug/net8.0-android/android/bin/classes/androidx/customview/poolingcontainer/R$id.class' (425)
2026-08-09 05:52:32: Copy Over 'C:/rock/bannister/Bannister/obj/Debug/net8.0-android/android/bin/classes/androidx/customview/poolingcontainer/R.class' -> 'goodrive://www.googleapis.com/:personal:/bannister/bannister/obj/Debug/net8.0-android/android/bin/classes/androidx/customview/poolingcontainer/R.class' (296)
2026-08-09 05:52:35: Copy Over 'C:/rock/bannister/Bannister/obj/Debug/net8.0-android/android/bin/classes/androidx/customview/R$attr.class' -> 'goodrive://www.googleapis.com/:personal:/bannister/bannister/obj/Debug/net8.0-android/android/bin/classes/androidx/customview/R$attr.class' (754)
2026-08-09 05:52:35: Copy Over 'C:/rock/bannister/Bannister/obj/Debug/net8.0-android/android/bin/classes/androidx/customview/R$dimen.class' -> 'goodrive://www.googleapis.com/:personal:/bannister/bannister/obj/Debug/net8.0-android/android/bin/classes/androidx/customview/R$dimen.class' (1,549)
2026-08-09 05:52:36: Copy Over 'C:/rock/bannister/Bannister/obj/Debug/net8.0-android/android/bin/classes/androidx/customview/R$color.class' -> 'goodrive://www.googleapis.com/:personal:/bannister/bannister/obj/Debug/net8.0-android/android/bin/classes/androidx/customview/R$color.class' (528)
2026-08-09 05:52:39: Copy Over 'C:/rock/bannister/Bannister/obj/Debug/net8.0-android/android/bin/classes/androidx/customview/R$integer.class' -> 'goodrive://www.googleapis.com/:personal:/bannister/bannister/obj/Debug/net8.0-android/android/bin/classes/androidx/customview/R$integer.class' (351)
2026-08-09 05:52:39: Copy Over 'C:/rock/bannister/Bannister/obj/Debug/net8.0-android/android/bin/classes/androidx/customview/R$drawable.class' -> 'goodrive://www.googleapis.com/:personal:/bannister/bannister/obj/Debug/net8.0-android/android/bin/classes/androidx/customview/R$drawable.class' (894)
2026-08-09 05:52:39: Copy Over 'C:/rock/bannister/Bannister/obj/Debug/net8.0-android/android/bin/classes/androidx/customview/R$id.class' -> 'goodrive://www.googleapis.com/:personal:/bannister/bannister/obj/Debug/net8.0-android/android/bin/classes/androidx/customview/R$id.class' (3,354)
2026-08-09 05:52:42: Copy Over 'C:/rock/bannister/Bannister/obj/Debug/net8.0-android/android/bin/classes/androidx/customview/R$style.class' -> 'goodrive://www.googleapis.com/:personal:/bannister/bannister/obj/Debug/net8.0-android/android/bin/classes/androidx/customview/R$style.class' (725)
2026-08-09 05:52:42: Copy Over 'C:/rock/bannister/Bannister/obj/Debug/net8.0-android/android/bin/classes/androidx/customview/R$layout.class' -> 'goodrive://www.googleapis.com/:personal:/bannister/bannister/obj/Debug/net8.0-android/android/bin/classes/androidx/customview/R$layout.class' (652)
2026-08-09 05:52:42: Copy Over 'C:/rock/bannister/Bannister/obj/Debug/net8.0-android/android/bin/classes/androidx/customview/R$string.class' -> 'goodrive://www.googleapis.com/:personal:/bannister/bannister/obj/Debug/net8.0-android/android/bin/classes/androidx/customview/R$string.class' (351)
2026-08-09 05:52:45: Copy Over 'C:/rock/bannister/Bannister/obj/Debug/net8.0-android/android/bin/classes/androidx/customview/R$styleable.class' -> 'goodrive://www.googleapis.com/:personal:/bannister/bannister/obj/Debug/net8.0-android/android/bin/classes/androidx/customview/R$styleable.class' (2,617)
2026-08-09 05:52:46: Copy Over 'C:/rock/bannister/Bannister/obj/Debug/net8.0-android/android/bin/classes/androidx/customview/R.class' -> 'goodrive://www.googleapis.com/:personal:/bannister/bannister/obj/Debug/net8.0-android/android/bin/classes/androidx/customview/R.class' (723)
2026-08-09 05:52:46: Copy Over 'C:/rock/bannister/Bannister/obj/Debug/net8.0-android/android/bin/classes/androidx/drawerlayout/R$attr.class' -> 'goodrive://www.googleapis.com/:personal:/bannister/bannister/obj/Debug/net8.0-android/android/bin/classes/androidx/drawerlayout/R$attr.class' (364)
2026-08-09 05:52:49: Copy Over 'C:/rock/bannister/Bannister/obj/Debug/net8.0-android/android/bin/classes/androidx/dynamicanimation/R$color.class' -> 'goodrive://www.googleapis.com/:personal:/bannister/bannister/obj/Debug/net8.0-android/android/bin/classes/androidx/dynamicanimation/R$color.class' (512)
2026-08-09 05:52:49: Copy Over 'C:/rock/bannister/Bannister/obj/Debug/net8.0-android/android/bin/classes/androidx/dynamicanimation/R$dimen.class' -> 'goodrive://www.googleapis.com/:personal:/bannister/bannister/obj/Debug/net8.0-android/android/bin/classes/androidx/dynamicanimation/R$dimen.class' (1,561)
2026-08-09 05:52:49: Copy Over 'C:/rock/bannister/Bannister/obj/Debug/net8.0-android/android/bin/classes/androidx/dynamicanimation/R$attr.class' -> 'goodrive://www.googleapis.com/:personal:/bannister/bannister/obj/Debug/net8.0-android/android/bin/classes/androidx/dynamicanimation/R$attr.class' (766)
2026-08-09 05:52:52: Copy Over 'C:/rock/bannister/Bannister/obj/Debug/net8.0-android/android/bin/classes/androidx/dynamicanimation/R$drawable.class' -> 'goodrive://www.googleapis.com/:personal:/bannister/bannister/obj/Debug/net8.0-android/android/bin/classes/androidx/dynamicanimation/R$drawable.class' (906)
2026-08-09 05:52:52: Copy Over 'C:/rock/bannister/Bannister/obj/Debug/net8.0-android/android/bin/classes/androidx/dynamicanimation/R$integer.class' -> 'goodrive://www.googleapis.com/:personal:/bannister/bannister/obj/Debug/net8.0-android/android/bin/classes/androidx/dynamicanimation/R$integer.class' (363)
2026-08-09 05:52:52: Copy Over 'C:/rock/bannister/Bannister/obj/Debug/net8.0-android/android/bin/classes/androidx/dynamicanimation/R$id.class' -> 'goodrive://www.googleapis.com/:personal:/bannister/bannister/obj/Debug/net8.0-android/android/bin/classes/androidx/dynamicanimation/R$id.class' (1,294)
2026-08-09 05:52:56: Copy Over 'C:/rock/bannister/Bannister/obj/Debug/net8.0-android/android/bin/classes/androidx/dynamicanimation/R$layout.class' -> 'goodrive://www.googleapis.com/:personal:/bannister/bannister/obj/Debug/net8.0-android/android/bin/classes/androidx/dynamicanimation/R$layout.class' (627)
2026-08-09 05:52:56: Copy Over 'C:/rock/bannister/Bannister/obj/Debug/net8.0-android/android/bin/classes/androidx/dynamicanimation/R$string.class' -> 'goodrive://www.googleapis.com/:personal:/bannister/bannister/obj/Debug/net8.0-android/android/bin/classes/androidx/dynamicanimation/R$string.class' (363)
2026-08-09 05:52:56: Copy Over 'C:/rock/bannister/Bannister/obj/Debug/net8.0-android/android/bin/classes/androidx/dynamicanimation/R$style.class' -> 'goodrive://www.googleapis.com/:personal:/bannister/bannister/obj/Debug/net8.0-android/android/bin/classes/androidx/dynamicanimation/R$style.class' (737)
2026-08-09 05:52:59: Copy Over 'C:/rock/bannister/Bannister/obj/Debug/net8.0-android/android/bin/classes/androidx/dynamicanimation/R.class' -> 'goodrive://www.googleapis.com/:personal:/bannister/bannister/obj/Debug/net8.0-android/android/bin/classes/androidx/dynamicanimation/R.class' (789)
2026-08-09 05:52:59: Copy Over 'C:/rock/bannister/Bannister/obj/Debug/net8.0-android/android/bin/classes/androidx/dynamicanimation/R$styleable.class' -> 'goodrive://www.googleapis.com/:personal:/bannister/bannister/obj/Debug/net8.0-android/android/bin/classes/androidx/dynamicanimation/R$styleable.class' (2,629)
2026-08-09 05:52:59: Copy Over 'C:/rock/bannister/Bannister/obj/Debug/net8.0-android/android/bin/classes/androidx/drawerlayout/R$dimen.class' -> 'goodrive://www.googleapis.com/:personal:/bannister/bannister/obj/Debug/net8.0-android/android/bin/classes/androidx/drawerlayout/R$dimen.class' (336)
2026-08-09 05:53:02: Copy Over 'C:/rock/bannister/Bannister/obj/Debug/net8.0-android/android/bin/classes/androidx/drawerlayout/R$styleable.class' -> 'goodrive://www.googleapis.com/:personal:/bannister/bannister/obj/Debug/net8.0-android/android/bin/classes/androidx/drawerlayout/R$styleable.class' (450)
2026-08-09 05:53:02: Copy Over 'C:/rock/bannister/Bannister/obj/Debug/net8.0-android/android/bin/classes/androidx/emoji2/R.class' -> 'goodrive://www.googleapis.com/:personal:/bannister/bannister/obj/Debug/net8.0-android/android/bin/classes/androidx/emoji2/R.class' (192)
2026-08-09 05:53:02: Copy Over 'C:/rock/bannister/Bannister/obj/Debug/net8.0-android/android/bin/classes/androidx/drawerlayout/R.class' -> 'goodrive://www.googleapis.com/:personal:/bannister/bannister/obj/Debug/net8.0-android/android/bin/classes/androidx/drawerlayout/R.class' (380)
2026-08-09 05:53:06: Copy Over 'C:/rock/bannister/Bannister/obj/Debug/net8.0-android/android/bin/classes/androidx/exifinterface/R.class' -> 'goodrive://www.googleapis.com/:personal:/bannister/bannister/obj/Debug/net8.0-android/android/bin/classes/androidx/exifinterface/R.class' (199)
2026-08-09 05:53:06: Copy Over 'C:/rock/bannister/Bannister/obj/Debug/net8.0-android/android/bin/classes/androidx/fragment/R$anim.class' -> 'goodrive://www.googleapis.com/:personal:/bannister/bannister/obj/Debug/net8.0-android/android/bin/classes/androidx/fragment/R$anim.class' (337)
2026-08-09 05:53:06: Copy Over 'C:/rock/bannister/Bannister/obj/Debug/net8.0-android/android/bin/classes/androidx/emoji2/viewsintegration/R.class' -> 'goodrive://www.googleapis.com/:personal:/bannister/bannister/obj/Debug/net8.0-android/android/bin/classes/androidx/emoji2/viewsintegration/R.class' (209)
2026-08-09 05:53:09: Copy Over 'C:/rock/bannister/Bannister/obj/Debug/net8.0-android/android/bin/classes/androidx/fragment/ktx/R.class' -> 'goodrive://www.googleapis.com/:personal:/bannister/bannister/obj/Debug/net8.0-android/android/bin/classes/androidx/fragment/ktx/R.class' (198)
2026-08-09 05:53:09: Copy Over 'C:/rock/bannister/Bannister/obj/Debug/net8.0-android/android/bin/classes/androidx/fragment/R$id.class' -> 'goodrive://www.googleapis.com/:personal:/bannister/bannister/obj/Debug/net8.0-android/android/bin/classes/androidx/fragment/R$id.class' (446)
2026-08-09 05:53:10: Copy Over 'C:/rock/bannister/Bannister/obj/Debug/net8.0-android/android/bin/classes/androidx/fragment/R$animator.class' -> 'goodrive://www.googleapis.com/:personal:/bannister/bannister/obj/Debug/net8.0-android/android/bin/classes/androidx/fragment/R$animator.class' (547)
2026-08-09 05:53:12: Copy Over 'C:/rock/bannister/Bannister/obj/Debug/net8.0-android/android/bin/classes/androidx/fragment/R.class' -> 'goodrive://www.googleapis.com/:personal:/bannister/bannister/obj/Debug/net8.0-android/android/bin/classes/androidx/fragment/R.class' (411)
2026-08-09 05:53:12: Copy Over 'C:/rock/bannister/Bannister/obj/Debug/net8.0-android/android/bin/classes/androidx/fragment/R$styleable.class' -> 'goodrive://www.googleapis.com/:personal:/bannister/bannister/obj/Debug/net8.0-android/android/bin/classes/androidx/fragment/R$styleable.class' (711)
2026-08-09 05:53:13: Copy Over 'C:/rock/bannister/Bannister/obj/Debug/net8.0-android/android/bin/classes/androidx/interpolator/R.class' -> 'goodrive://www.googleapis.com/:personal:/bannister/bannister/obj/Debug/net8.0-android/android/bin/classes/androidx/interpolator/R.class' (198)
2026-08-09 05:53:15: Copy Over 'C:/rock/bannister/Bannister/obj/Debug/net8.0-android/android/bin/classes/androidx/legacy/coreutils/R$attr.class' -> 'goodrive://www.googleapis.com/:personal:/bannister/bannister/obj/Debug/net8.0-android/android/bin/classes/androidx/legacy/coreutils/R$attr.class' (766)
2026-08-09 05:53:16: Copy Over 'C:/rock/bannister/Bannister/obj/Debug/net8.0-android/android/bin/classes/androidx/lifecycle/ktx/R.class' -> 'goodrive://www.googleapis.com/:personal:/bannister/bannister/obj/Debug/net8.0-android/android/bin/classes/androidx/lifecycle/ktx/R.class' (199)
2026-08-09 05:53:16: Copy Over 'C:/rock/bannister/Bannister/obj/Debug/net8.0-android/android/bin/classes/androidx/lifecycle/livedata/R.class' -> 'goodrive://www.googleapis.com/:personal:/bannister/bannister/obj/Debug/net8.0-android/android/bin/classes/androidx/lifecycle/livedata/R.class' (204)
2026-08-09 05:53:18: Copy Over 'C:/rock/bannister/Bannister/obj/Debug/net8.0-android/android/bin/classes/androidx/lifecycle/livedata/core/R.class' -> 'goodrive://www.googleapis.com/:personal:/bannister/bannister/obj/Debug/net8.0-android/android/bin/classes/androidx/lifecycle/livedata/core/R.class' (209)
2026-08-09 05:53:20: Copy Over 'C:/rock/bannister/Bannister/obj/Debug/net8.0-android/android/bin/classes/androidx/lifecycle/process/R.class' -> 'goodrive://www.googleapis.com/:personal:/bannister/bannister/obj/Debug/net8.0-android/android/bin/classes/androidx/lifecycle/process/R.class' (203)
2026-08-09 05:53:20: Copy Over 'C:/rock/bannister/Bannister/obj/Debug/net8.0-android/android/bin/classes/androidx/lifecycle/livedata/core/ktx/R.class' -> 'goodrive://www.googleapis.com/:personal:/bannister/bannister/obj/Debug/net8.0-android/android/bin/classes/androidx/lifecycle/livedata/core/ktx/R.class' (213)
2026-08-09 05:53:22: Copy Over 'C:/rock/bannister/Bannister/obj/Debug/net8.0-android/android/bin/classes/androidx/lifecycle/runtime/R$id.class' -> 'goodrive://www.googleapis.com/:personal:/bannister/bannister/obj/Debug/net8.0-android/android/bin/classes/androidx/lifecycle/runtime/R$id.class' (345)
2026-08-09 05:53:23: Copy Over 'C:/rock/bannister/Bannister/obj/Debug/net8.0-android/android/bin/classes/androidx/lifecycle/runtime/R.class' -> 'goodrive://www.googleapis.com/:personal:/bannister/bannister/obj/Debug/net8.0-android/android/bin/classes/androidx/lifecycle/runtime/R.class' (276)
2026-08-09 05:53:24: Copy Over 'C:/rock/bannister/Bannister/obj/Debug/net8.0-android/android/bin/classes/androidx/legacy/coreutils/R$color.class' -> 'goodrive://www.googleapis.com/:personal:/bannister/bannister/obj/Debug/net8.0-android/android/bin/classes/androidx/legacy/coreutils/R$color.class' (512)
2026-08-09 05:53:25: Copy Over 'C:/rock/bannister/Bannister/obj/Debug/net8.0-android/android/bin/classes/androidx/lifecycle/viewmodel/R$id.class' -> 'goodrive://www.googleapis.com/:personal:/bannister/bannister/obj/Debug/net8.0-android/android/bin/classes/androidx/lifecycle/viewmodel/R$id.class' (356)
2026-08-09 05:53:27: Copy Over 'C:/rock/bannister/Bannister/obj/Debug/net8.0-android/android/bin/classes/androidx/lifecycle/viewmodel/R.class' -> 'goodrive://www.googleapis.com/:personal:/bannister/bannister/obj/Debug/net8.0-android/android/bin/classes/androidx/lifecycle/viewmodel/R.class' (280)
2026-08-09 05:53:27: Copy Over 'C:/rock/bannister/Bannister/obj/Debug/net8.0-android/android/bin/classes/androidx/lifecycle/viewmodel/ktx/R.class' -> 'goodrive://www.googleapis.com/:personal:/bannister/bannister/obj/Debug/net8.0-android/android/bin/classes/androidx/lifecycle/viewmodel/ktx/R.class' (209)
2026-08-09 05:53:29: Copy Over 'C:/rock/bannister/Bannister/obj/Debug/net8.0-android/android/bin/classes/androidx/legacy/coreutils/R$dimen.class' -> 'goodrive://www.googleapis.com/:personal:/bannister/bannister/obj/Debug/net8.0-android/android/bin/classes/androidx/legacy/coreutils/R$dimen.class' (1,561)
2026-08-09 05:53:30: Copy Over 'C:/rock/bannister/Bannister/obj/Debug/net8.0-android/android/bin/classes/androidx/legacy/coreutils/R$drawable.class' -> 'goodrive://www.googleapis.com/:personal:/bannister/bannister/obj/Debug/net8.0-android/android/bin/classes/androidx/legacy/coreutils/R$drawable.class' (906)
2026-08-09 05:53:30: Copy Over 'C:/rock/bannister/Bannister/obj/Debug/net8.0-android/android/bin/classes/androidx/lifecycle/viewmodel/savedstate/R.class' -> 'goodrive://www.googleapis.com/:personal:/bannister/bannister/obj/Debug/net8.0-android/android/bin/classes/androidx/lifecycle/viewmodel/savedstate/R.class' (216)
2026-08-09 05:53:32: Copy Over 'C:/rock/bannister/Bannister/obj/Debug/net8.0-android/android/bin/classes/androidx/legacy/coreutils/R$id.class' -> 'goodrive://www.googleapis.com/:personal:/bannister/bannister/obj/Debug/net8.0-android/android/bin/classes/androidx/legacy/coreutils/R$id.class' (1,294)
2026-08-09 05:53:33: Copy Over 'C:/rock/bannister/Bannister/obj/Debug/net8.0-android/android/bin/classes/androidx/legacy/coreutils/R$integer.class' -> 'goodrive://www.googleapis.com/:personal:/bannister/bannister/obj/Debug/net8.0-android/android/bin/classes/androidx/legacy/coreutils/R$integer.class' (363)
2026-08-09 05:53:33: Copy Over 'C:/rock/bannister/Bannister/obj/Debug/net8.0-android/android/bin/classes/androidx/legacy/coreutils/R$layout.class' -> 'goodrive://www.googleapis.com/:personal:/bannister/bannister/obj/Debug/net8.0-android/android/bin/classes/androidx/legacy/coreutils/R$layout.class' (627)
2026-08-09 05:53:36: Copy Over 'C:/rock/bannister/Bannister/obj/Debug/net8.0-android/android/bin/classes/androidx/legacy/coreutils/R$string.class' -> 'goodrive://www.googleapis.com/:personal:/bannister/bannister/obj/Debug/net8.0-android/android/bin/classes/androidx/legacy/coreutils/R$string.class' (363)
2026-08-09 05:53:36: Copy Over 'C:/rock/bannister/Bannister/obj/Debug/net8.0-android/android/bin/classes/androidx/legacy/coreutils/R$style.class' -> 'goodrive://www.googleapis.com/:personal:/bannister/bannister/obj/Debug/net8.0-android/android/bin/classes/androidx/legacy/coreutils/R$style.class' (737)
2026-08-09 05:53:36: Copy Over 'C:/rock/bannister/Bannister/obj/Debug/net8.0-android/android/bin/classes/androidx/legacy/coreutils/R$styleable.class' -> 'goodrive://www.googleapis.com/:personal:/bannister/bannister/obj/Debug/net8.0-android/android/bin/classes/androidx/legacy/coreutils/R$styleable.class' (2,629)
2026-08-09 05:53:39: Copy Over 'C:/rock/bannister/Bannister/obj/Debug/net8.0-android/android/bin/classes/androidx/legacy/coreutils/R.class' -> 'goodrive://www.googleapis.com/:personal:/bannister/bannister/obj/Debug/net8.0-android/android/bin/classes/androidx/legacy/coreutils/R.class' (789)
2026-08-09 05:53:39: Copy Over 'C:/rock/bannister/Bannister/obj/Debug/net8.0-android/android/bin/classes/androidx/loader/R$attr.class' -> 'goodrive://www.googleapis.com/:personal:/bannister/bannister/obj/Debug/net8.0-android/android/bin/classes/androidx/loader/R$attr.class' (746)
2026-08-09 05:53:40: Copy Over 'C:/rock/bannister/Bannister/obj/Debug/net8.0-android/android/bin/classes/androidx/localbroadcastmanager/R.class' -> 'goodrive://www.googleapis.com/:personal:/bannister/bannister/obj/Debug/net8.0-android/android/bin/classes/androidx/localbroadcastmanager/R.class' (207)
2026-08-09 05:53:42: Copy Over 'C:/rock/bannister/Bannister/obj/Debug/net8.0-android/android/bin/classes/androidx/loader/R$color.class' -> 'goodrive://www.googleapis.com/:personal:/bannister/bannister/obj/Debug/net8.0-android/android/bin/classes/androidx/loader/R$color.class' (492)
2026-08-09 05:53:43: Copy Over 'C:/rock/bannister/Bannister/obj/Debug/net8.0-android/android/bin/classes/androidx/loader/R$dimen.class' -> 'goodrive://www.googleapis.com/:personal:/bannister/bannister/obj/Debug/net8.0-android/android/bin/classes/androidx/loader/R$dimen.class' (1,541)
2026-08-09 05:53:43: Copy Over 'C:/rock/bannister/Bannister/obj/Debug/net8.0-android/android/bin/classes/androidx/loader/R$drawable.class' -> 'goodrive://www.googleapis.com/:personal:/bannister/bannister/obj/Debug/net8.0-android/android/bin/classes/androidx/loader/R$drawable.class' (886)
2026-08-09 05:53:45: Copy Over 'C:/rock/bannister/Bannister/obj/Debug/net8.0-android/android/bin/classes/androidx/loader/R$id.class' -> 'goodrive://www.googleapis.com/:personal:/bannister/bannister/obj/Debug/net8.0-android/android/bin/classes/androidx/loader/R$id.class' (1,274)
2026-08-09 05:53:46: Copy Over 'C:/rock/bannister/Bannister/obj/Debug/net8.0-android/android/bin/classes/androidx/loader/R$integer.class' -> 'goodrive://www.googleapis.com/:personal:/bannister/bannister/obj/Debug/net8.0-android/android/bin/classes/androidx/loader/R$integer.class' (343)
2026-08-09 05:53:47: Copy Over 'C:/rock/bannister/Bannister/obj/Debug/net8.0-android/android/bin/classes/androidx/loader/R$layout.class' -> 'goodrive://www.googleapis.com/:personal:/bannister/bannister/obj/Debug/net8.0-android/android/bin/classes/androidx/loader/R$layout.class' (607)
2026-08-09 05:53:48: Copy Over 'C:/rock/bannister/Bannister/obj/Debug/net8.0-android/android/bin/classes/androidx/loader/R$string.class' -> 'goodrive://www.googleapis.com/:personal:/bannister/bannister/obj/Debug/net8.0-android/android/bin/classes/androidx/loader/R$string.class' (343)
2026-08-09 05:53:50: Copy Over 'C:/rock/bannister/Bannister/obj/Debug/net8.0-android/android/bin/classes/androidx/loader/R$style.class' -> 'goodrive://www.googleapis.com/:personal:/bannister/bannister/obj/Debug/net8.0-android/android/bin/classes/androidx/loader/R$style.class' (717)
2026-08-09 05:53:51: Copy Over 'C:/rock/bannister/Bannister/obj/Debug/net8.0-android/android/bin/classes/androidx/loader/R$styleable.class' -> 'goodrive://www.googleapis.com/:personal:/bannister/bannister/obj/Debug/net8.0-android/android/bin/classes/androidx/loader/R$styleable.class' (2,609)
2026-08-09 05:53:51: Copy Over 'C:/rock/bannister/Bannister/obj/Debug/net8.0-android/android/bin/classes/androidx/loader/R.class' -> 'goodrive://www.googleapis.com/:personal:/bannister/bannister/obj/Debug/net8.0-android/android/bin/classes/androidx/loader/R.class' (679)
2026-08-09 05:53:54: Copy Over 'C:/rock/bannister/Bannister/obj/Debug/net8.0-android/android/bin/classes/androidx/print/R.class' -> 'goodrive://www.googleapis.com/:personal:/bannister/bannister/obj/Debug/net8.0-android/android/bin/classes/androidx/print/R.class' (191)
2026-08-09 05:53:54: Copy Over 'C:/rock/bannister/Bannister/obj/Debug/net8.0-android/android/bin/classes/androidx/navigation/common/R$styleable.class' -> 'goodrive://www.googleapis.com/:personal:/bannister/bannister/obj/Debug/net8.0-android/android/bin/classes/androidx/navigation/common/R$styleable.class' (1,803)
2026-08-09 05:53:54: Copy Over 'C:/rock/bannister/Bannister/obj/Debug/net8.0-android/android/bin/classes/androidx/navigation/common/R$attr.class' -> 'goodrive://www.googleapis.com/:personal:/bannister/bannister/obj/Debug/net8.0-android/android/bin/classes/androidx/navigation/common/R$attr.class' (878)
2026-08-09 05:53:57: Copy Over 'C:/rock/bannister/Bannister/obj/Debug/net8.0-android/android/bin/classes/androidx/navigation/common/R.class' -> 'goodrive://www.googleapis.com/:personal:/bannister/bannister/obj/Debug/net8.0-android/android/bin/classes/androidx/navigation/common/R.class' (344)
2026-08-09 05:53:57: Copy Over 'C:/rock/bannister/Bannister/obj/Debug/net8.0-android/android/bin/classes/androidx/navigation/R$attr.class' -> 'goodrive://www.googleapis.com/:personal:/bannister/bannister/obj/Debug/net8.0-android/android/bin/classes/androidx/navigation/R$attr.class' (477)
2026-08-09 05:53:57: Copy Over 'C:/rock/bannister/Bannister/obj/Debug/net8.0-android/android/bin/classes/androidx/navigation/fragment/R$attr.class' -> 'goodrive://www.googleapis.com/:personal:/bannister/bannister/obj/Debug/net8.0-android/android/bin/classes/androidx/navigation/fragment/R$attr.class' (342)
2026-08-09 05:54:00: Copy Over 'C:/rock/bannister/Bannister/obj/Debug/net8.0-android/android/bin/classes/androidx/navigation/fragment/R$dimen.class' -> 'goodrive://www.googleapis.com/:personal:/bannister/bannister/obj/Debug/net8.0-android/android/bin/classes/androidx/navigation/fragment/R$dimen.class' (360)
2026-08-09 05:54:01: Copy Over 'C:/rock/bannister/Bannister/obj/Debug/net8.0-android/android/bin/classes/androidx/navigation/fragment/R$styleable.class' -> 'goodrive://www.googleapis.com/:personal:/bannister/bannister/obj/Debug/net8.0-android/android/bin/classes/androidx/navigation/fragment/R$styleable.class' (696)
2026-08-09 05:54:01: Copy Over 'C:/rock/bannister/Bannister/obj/Debug/net8.0-android/android/bin/classes/androidx/navigation/fragment/R$id.class' -> 'goodrive://www.googleapis.com/:personal:/bannister/bannister/obj/Debug/net8.0-android/android/bin/classes/androidx/navigation/fragment/R$id.class' (447)
2026-08-09 05:54:04: Copy Over 'C:/rock/bannister/Bannister/obj/Debug/net8.0-android/android/bin/classes/androidx/navigation/fragment/R.class' -> 'goodrive://www.googleapis.com/:personal:/bannister/bannister/obj/Debug/net8.0-android/android/bin/classes/androidx/navigation/fragment/R.class' (460)
2026-08-09 05:54:04: Copy Over 'C:/rock/bannister/Bannister/obj/Debug/net8.0-android/android/bin/classes/androidx/navigation/R$id.class' -> 'goodrive://www.googleapis.com/:personal:/bannister/bannister/obj/Debug/net8.0-android/android/bin/classes/androidx/navigation/R$id.class' (329)
2026-08-09 05:54:05: Copy Over 'C:/rock/bannister/Bannister/obj/Debug/net8.0-android/android/bin/classes/androidx/navigation/R$styleable.class' -> 'goodrive://www.googleapis.com/:personal:/bannister/bannister/obj/Debug/net8.0-android/android/bin/classes/androidx/navigation/R$styleable.class' (870)
2026-08-09 05:54:07: Copy Over 'C:/rock/bannister/Bannister/obj/Debug/net8.0-android/android/bin/classes/androidx/navigation/R.class' -> 'goodrive://www.googleapis.com/:personal:/bannister/bannister/obj/Debug/net8.0-android/android/bin/classes/androidx/navigation/R.class' (366)
2026-08-09 05:54:08: Copy Over 'C:/rock/bannister/Bannister/obj/Debug/net8.0-android/android/bin/classes/androidx/navigation/ui/R$anim.class' -> 'goodrive://www.googleapis.com/:personal:/bannister/bannister/obj/Debug/net8.0-android/android/bin/classes/androidx/navigation/ui/R$anim.class' (482)
2026-08-09 05:54:08: Copy Over 'C:/rock/bannister/Bannister/obj/Debug/net8.0-android/android/bin/classes/androidx/profileinstaller/R.class' -> 'goodrive://www.googleapis.com/:personal:/bannister/bannister/obj/Debug/net8.0-android/android/bin/classes/androidx/profileinstaller/R.class' (202)
2026-08-09 05:54:10: Copy Over 'C:/rock/bannister/Bannister/obj/Debug/net8.0-android/android/bin/classes/androidx/navigation/ui/R$animator.class' -> 'goodrive://www.googleapis.com/:personal:/bannister/bannister/obj/Debug/net8.0-android/android/bin/classes/androidx/navigation/ui/R$animator.class' (490)
2026-08-09 05:54:11: Copy Over 'C:/rock/bannister/Bannister/obj/Debug/net8.0-android/android/bin/classes/androidx/navigation/ui/R$integer.class' -> 'goodrive://www.googleapis.com/:personal:/bannister/bannister/obj/Debug/net8.0-android/android/bin/classes/androidx/navigation/ui/R$integer.class' (340)
2026-08-09 05:54:11: Copy Over 'C:/rock/bannister/Bannister/obj/Debug/net8.0-android/android/bin/classes/androidx/navigation/ui/R$string.class' -> 'goodrive://www.googleapis.com/:personal:/bannister/bannister/obj/Debug/net8.0-android/android/bin/classes/androidx/navigation/ui/R$string.class' (448)
2026-08-09 05:54:14: Copy Over 'C:/rock/bannister/Bannister/obj/Debug/net8.0-android/android/bin/classes/androidx/recyclerview/R$attr.class' -> 'goodrive://www.googleapis.com/:personal:/bannister/bannister/obj/Debug/net8.0-android/android/bin/classes/androidx/recyclerview/R$attr.class' (739)
2026-08-09 05:54:15: Copy Over 'C:/rock/bannister/Bannister/obj/Debug/net8.0-android/android/bin/classes/androidx/navigation/ui/R.class' -> 'goodrive://www.googleapis.com/:personal:/bannister/bannister/obj/Debug/net8.0-android/android/bin/classes/androidx/navigation/ui/R.class' (440)
2026-08-09 05:54:15: Copy Over 'C:/rock/bannister/Bannister/obj/Debug/net8.0-android/android/bin/classes/androidx/savedstate/R$id.class' -> 'goodrive://www.googleapis.com/:personal:/bannister/bannister/obj/Debug/net8.0-android/android/bin/classes/androidx/savedstate/R$id.class' (342)
2026-08-09 05:54:18: Copy Over 'C:/rock/bannister/Bannister/obj/Debug/net8.0-android/android/bin/classes/androidx/savedstate/ktx/R.class' -> 'goodrive://www.googleapis.com/:personal:/bannister/bannister/obj/Debug/net8.0-android/android/bin/classes/androidx/savedstate/ktx/R.class' (200)
2026-08-09 05:54:18: Copy Over 'C:/rock/bannister/Bannister/obj/Debug/net8.0-android/android/bin/classes/androidx/recyclerview/R$dimen.class' -> 'goodrive://www.googleapis.com/:personal:/bannister/bannister/obj/Debug/net8.0-android/android/bin/classes/androidx/recyclerview/R$dimen.class' (630)
2026-08-09 05:54:18: Copy Over 'C:/rock/bannister/Bannister/obj/Debug/net8.0-android/android/bin/classes/androidx/savedstate/R.class' -> 'goodrive://www.googleapis.com/:personal:/bannister/bannister/obj/Debug/net8.0-android/android/bin/classes/androidx/savedstate/R.class' (262)
2026-08-09 05:54:21: Copy Over 'C:/rock/bannister/Bannister/obj/Debug/net8.0-android/android/bin/classes/androidx/recyclerview/R$styleable.class' -> 'goodrive://www.googleapis.com/:personal:/bannister/bannister/obj/Debug/net8.0-android/android/bin/classes/androidx/recyclerview/R$styleable.class' (1,227)
2026-08-09 05:54:21: Copy Over 'C:/rock/bannister/Bannister/obj/Debug/net8.0-android/android/bin/classes/androidx/recyclerview/R$id.class' -> 'goodrive://www.googleapis.com/:personal:/bannister/bannister/obj/Debug/net8.0-android/android/bin/classes/androidx/recyclerview/R$id.class' (346)
2026-08-09 05:54:21: Copy Over 'C:/rock/bannister/Bannister/obj/Debug/net8.0-android/android/bin/classes/androidx/recyclerview/R.class' -> 'goodrive://www.googleapis.com/:personal:/bannister/bannister/obj/Debug/net8.0-android/android/bin/classes/androidx/recyclerview/R.class' (425)
2026-08-09 05:54:24: Copy Over 'C:/rock/bannister/Bannister/obj/Debug/net8.0-android/android/bin/classes/androidx/slidingpanelayout/R.class' -> 'goodrive://www.googleapis.com/:personal:/bannister/bannister/obj/Debug/net8.0-android/android/bin/classes/androidx/slidingpanelayout/R.class' (203)
2026-08-09 05:54:24: Copy Over 'C:/rock/bannister/Bannister/obj/Debug/net8.0-android/android/bin/classes/androidx/startup/R$string.class' -> 'goodrive://www.googleapis.com/:personal:/bannister/bannister/obj/Debug/net8.0-android/android/bin/classes/androidx/startup/R$string.class' (324)
2026-08-09 05:54:24: Copy Over 'C:/rock/bannister/Bannister/obj/Debug/net8.0-android/android/bin/classes/androidx/security/R.class' -> 'goodrive://www.googleapis.com/:personal:/bannister/bannister/obj/Debug/net8.0-android/android/bin/classes/androidx/security/R.class' (194)
2026-08-09 05:54:28: Copy Over 'C:/rock/bannister/Bannister/obj/Debug/net8.0-android/android/bin/classes/androidx/swiperefreshlayout/R$attr.class' -> 'goodrive://www.googleapis.com/:personal:/bannister/bannister/obj/Debug/net8.0-android/android/bin/classes/androidx/swiperefreshlayout/R$attr.class' (842)
2026-08-09 05:54:28: Copy Over 'C:/rock/bannister/Bannister/obj/Debug/net8.0-android/android/bin/classes/androidx/swiperefreshlayout/R$dimen.class' -> 'goodrive://www.googleapis.com/:personal:/bannister/bannister/obj/Debug/net8.0-android/android/bin/classes/androidx/swiperefreshlayout/R$dimen.class' (1,565)
2026-08-09 05:54:28: Copy Over 'C:/rock/bannister/Bannister/obj/Debug/net8.0-android/android/bin/classes/androidx/swiperefreshlayout/R$color.class' -> 'goodrive://www.googleapis.com/:personal:/bannister/bannister/obj/Debug/net8.0-android/android/bin/classes/androidx/swiperefreshlayout/R$color.class' (516)
2026-08-09 05:54:31: Copy Over 'C:/rock/bannister/Bannister/obj/Debug/net8.0-android/android/bin/classes/androidx/swiperefreshlayout/R$drawable.class' -> 'goodrive://www.googleapis.com/:personal:/bannister/bannister/obj/Debug/net8.0-android/android/bin/classes/androidx/swiperefreshlayout/R$drawable.class' (910)
2026-08-09 05:54:31: Copy Over 'C:/rock/bannister/Bannister/obj/Debug/net8.0-android/android/bin/classes/androidx/swiperefreshlayout/R$id.class' -> 'goodrive://www.googleapis.com/:personal:/bannister/bannister/obj/Debug/net8.0-android/android/bin/classes/androidx/swiperefreshlayout/R$id.class' (3,370)
2026-08-09 05:54:32: Copy Over 'C:/rock/bannister/Bannister/obj/Debug/net8.0-android/android/bin/classes/androidx/swiperefreshlayout/R$integer.class' -> 'goodrive://www.googleapis.com/:personal:/bannister/bannister/obj/Debug/net8.0-android/android/bin/classes/androidx/swiperefreshlayout/R$integer.class' (367)
2026-08-09 05:54:34: Copy Over 'C:/rock/bannister/Bannister/obj/Debug/net8.0-android/android/bin/classes/androidx/swiperefreshlayout/R$string.class' -> 'goodrive://www.googleapis.com/:personal:/bannister/bannister/obj/Debug/net8.0-android/android/bin/classes/androidx/swiperefreshlayout/R$string.class' (367)
2026-08-09 05:54:34: Copy Over 'C:/rock/bannister/Bannister/obj/Debug/net8.0-android/android/bin/classes/androidx/swiperefreshlayout/R$layout.class' -> 'goodrive://www.googleapis.com/:personal:/bannister/bannister/obj/Debug/net8.0-android/android/bin/classes/androidx/swiperefreshlayout/R$layout.class' (668)
2026-08-09 05:54:35: Copy Over 'C:/rock/bannister/Bannister/obj/Debug/net8.0-android/android/bin/classes/androidx/swiperefreshlayout/R$style.class' -> 'goodrive://www.googleapis.com/:personal:/bannister/bannister/obj/Debug/net8.0-android/android/bin/classes/androidx/swiperefreshlayout/R$style.class' (741)
2026-08-09 05:54:37: Copy Over 'C:/rock/bannister/Bannister/obj/Debug/net8.0-android/android/bin/classes/androidx/swiperefreshlayout/R$styleable.class' -> 'goodrive://www.googleapis.com/:personal:/bannister/bannister/obj/Debug/net8.0-android/android/bin/classes/androidx/swiperefreshlayout/R$styleable.class' (2,778)
2026-08-09 05:54:38: Copy Over 'C:/rock/bannister/Bannister/obj/Debug/net8.0-android/android/bin/classes/androidx/swiperefreshlayout/R.class' -> 'goodrive://www.googleapis.com/:personal:/bannister/bannister/obj/Debug/net8.0-android/android/bin/classes/androidx/swiperefreshlayout/R.class' (811)
2026-08-09 05:54:38: Copy Over 'C:/rock/bannister/Bannister/obj/Debug/net8.0-android/android/bin/classes/androidx/startup/R.class' -> 'goodrive://www.googleapis.com/:personal:/bannister/bannister/obj/Debug/net8.0-android/android/bin/classes/androidx/startup/R.class' (264)
2026-08-09 05:54:40: Copy Over 'C:/rock/bannister/Bannister/obj/Debug/net8.0-android/android/bin/classes/androidx/tracing/R.class' -> 'goodrive://www.googleapis.com/:personal:/bannister/bannister/obj/Debug/net8.0-android/android/bin/classes/androidx/tracing/R.class' (193)
2026-08-09 05:54:41: Copy Over 'C:/rock/bannister/Bannister/obj/Debug/net8.0-android/android/bin/classes/androidx/transition/R$anim.class' -> 'goodrive://www.googleapis.com/:personal:/bannister/bannister/obj/Debug/net8.0-android/android/bin/classes/androidx/transition/R$anim.class' (845)
2026-08-09 05:54:42: Copy Over 'C:/rock/bannister/Bannister/obj/Debug/net8.0-android/android/bin/classes/androidx/transition/R$attr.class' -> 'goodrive://www.googleapis.com/:personal:/bannister/bannister/obj/Debug/net8.0-android/android/bin/classes/androidx/transition/R$attr.class' (11,464)
2026-08-09 05:54:44: Copy Over 'C:/rock/bannister/Bannister/obj/Debug/net8.0-android/android/bin/classes/androidx/transition/R$bool.class' -> 'goodrive://www.googleapis.com/:personal:/bannister/bannister/obj/Debug/net8.0-android/android/bin/classes/androidx/transition/R$bool.class' (391)
2026-08-09 05:54:45: Copy Over 'C:/rock/bannister/Bannister/obj/Debug/net8.0-android/android/bin/classes/androidx/transition/R$color.class' -> 'goodrive://www.googleapis.com/:personal:/bannister/bannister/obj/Debug/net8.0-android/android/bin/classes/androidx/transition/R$color.class' (4,628)
2026-08-09 05:54:45: Copy Over 'C:/rock/bannister/Bannister/obj/Debug/net8.0-android/android/bin/classes/androidx/transition/R$dimen.class' -> 'goodrive://www.googleapis.com/:personal:/bannister/bannister/obj/Debug/net8.0-android/android/bin/classes/androidx/transition/R$dimen.class' (6,730)
2026-08-09 05:54:47: Copy Over 'C:/rock/bannister/Bannister/obj/Debug/net8.0-android/android/bin/classes/androidx/transition/R$drawable.class' -> 'goodrive://www.googleapis.com/:personal:/bannister/bannister/obj/Debug/net8.0-android/android/bin/classes/androidx/transition/R$drawable.class' (4,846)
2026-08-09 05:54:48: Copy Over 'C:/rock/bannister/Bannister/obj/Debug/net8.0-android/android/bin/classes/androidx/transition/R$id.class' -> 'goodrive://www.googleapis.com/:personal:/bannister/bannister/obj/Debug/net8.0-android/android/bin/classes/androidx/transition/R$id.class' (6,708)
2026-08-09 05:54:48: Copy Over 'C:/rock/bannister/Bannister/obj/Debug/net8.0-android/android/bin/classes/androidx/transition/R$integer.class' -> 'goodrive://www.googleapis.com/:personal:/bannister/bannister/obj/Debug/net8.0-android/android/bin/classes/androidx/transition/R$integer.class' (550)
2026-08-09 05:54:51: Copy Over 'C:/rock/bannister/Bannister/obj/Debug/net8.0-android/android/bin/classes/androidx/transition/R$layout.class' -> 'goodrive://www.googleapis.com/:personal:/bannister/bannister/obj/Debug/net8.0-android/android/bin/classes/androidx/transition/R$layout.class' (2,282)
2026-08-09 05:54:52: Copy Over 'C:/rock/bannister/Bannister/obj/Debug/net8.0-android/android/bin/classes/androidx/transition/R$string.class' -> 'goodrive://www.googleapis.com/:personal:/bannister/bannister/obj/Debug/net8.0-android/android/bin/classes/androidx/transition/R$string.class' (1,834)
2026-08-09 05:54:52: Copy Over 'C:/rock/bannister/Bannister/obj/Debug/net8.0-android/android/bin/classes/androidx/transition/R$style.class' -> 'goodrive://www.googleapis.com/:personal:/bannister/bannister/obj/Debug/net8.0-android/android/bin/classes/androidx/transition/R$style.class' (21,640)
2026-08-09 05:54:54: Copy Over 'C:/rock/bannister/Bannister/obj/Debug/net8.0-android/android/bin/classes/androidx/transition/R$styleable.class' -> 'goodrive://www.googleapis.com/:personal:/bannister/bannister/obj/Debug/net8.0-android/android/bin/classes/androidx/transition/R$styleable.class' (29,138)
2026-08-09 05:54:55: Copy Over 'C:/rock/bannister/Bannister/obj/Debug/net8.0-android/android/bin/classes/androidx/transition/R.class' -> 'goodrive://www.googleapis.com/:personal:/bannister/bannister/obj/Debug/net8.0-android/android/bin/classes/androidx/transition/R.class' (817)
2026-08-09 05:54:55: Copy Over 'C:/rock/bannister/Bannister/obj/Debug/net8.0-android/android/bin/classes/androidx/versionedparcelable/R.class' -> 'goodrive://www.googleapis.com/:personal:/bannister/bannister/obj/Debug/net8.0-android/android/bin/classes/androidx/versionedparcelable/R.class' (205)
2026-08-09 05:54:58: Copy Over 'C:/rock/bannister/Bannister/obj/Debug/net8.0-android/android/bin/classes/androidx/vectordrawable/animated/R$attr.class' -> 'goodrive://www.googleapis.com/:personal:/bannister/bannister/obj/Debug/net8.0-android/android/bin/classes/androidx/vectordrawable/animated/R$attr.class' (780)
2026-08-09 05:54:58: Copy Over 'C:/rock/bannister/Bannister/obj/Debug/net8.0-android/android/bin/classes/androidx/vectordrawable/animated/R$color.class' -> 'goodrive://www.googleapis.com/:personal:/bannister/bannister/obj/Debug/net8.0-android/android/bin/classes/androidx/vectordrawable/animated/R$color.class' (526)
2026-08-09 05:54:58: Copy Over 'C:/rock/bannister/Bannister/obj/Debug/net8.0-android/android/bin/classes/androidx/vectordrawable/animated/R$dimen.class' -> 'goodrive://www.googleapis.com/:personal:/bannister/bannister/obj/Debug/net8.0-android/android/bin/classes/androidx/vectordrawable/animated/R$dimen.class' (1,575)
2026-08-09 05:55:01: Copy Over 'C:/rock/bannister/Bannister/obj/Debug/net8.0-android/android/bin/classes/androidx/vectordrawable/animated/R$drawable.class' -> 'goodrive://www.googleapis.com/:personal:/bannister/bannister/obj/Debug/net8.0-android/android/bin/classes/androidx/vectordrawable/animated/R$drawable.class' (920)
2026-08-09 05:55:01: Copy Over 'C:/rock/bannister/Bannister/obj/Debug/net8.0-android/android/bin/classes/androidx/vectordrawable/animated/R$integer.class' -> 'goodrive://www.googleapis.com/:personal:/bannister/bannister/obj/Debug/net8.0-android/android/bin/classes/androidx/vectordrawable/animated/R$integer.class' (377)
2026-08-09 05:55:01: Copy Over 'C:/rock/bannister/Bannister/obj/Debug/net8.0-android/android/bin/classes/androidx/vectordrawable/animated/R$id.class' -> 'goodrive://www.googleapis.com/:personal:/bannister/bannister/obj/Debug/net8.0-android/android/bin/classes/androidx/vectordrawable/animated/R$id.class' (3,380)
2026-08-09 05:55:05: Copy Over 'C:/rock/bannister/Bannister/obj/Debug/net8.0-android/android/bin/classes/androidx/vectordrawable/animated/R$string.class' -> 'goodrive://www.googleapis.com/:personal:/bannister/bannister/obj/Debug/net8.0-android/android/bin/classes/androidx/vectordrawable/animated/R$string.class' (377)
2026-08-09 05:55:05: Copy Over 'C:/rock/bannister/Bannister/obj/Debug/net8.0-android/android/bin/classes/androidx/vectordrawable/animated/R$style.class' -> 'goodrive://www.googleapis.com/:personal:/bannister/bannister/obj/Debug/net8.0-android/android/bin/classes/androidx/vectordrawable/animated/R$style.class' (751)
2026-08-09 05:55:05: Copy Over 'C:/rock/bannister/Bannister/obj/Debug/net8.0-android/android/bin/classes/androidx/vectordrawable/animated/R$layout.class' -> 'goodrive://www.googleapis.com/:personal:/bannister/bannister/obj/Debug/net8.0-android/android/bin/classes/androidx/vectordrawable/animated/R$layout.class' (678)
2026-08-09 05:55:08: Copy Over 'C:/rock/bannister/Bannister/obj/Debug/net8.0-android/android/bin/classes/androidx/vectordrawable/animated/R.class' -> 'goodrive://www.googleapis.com/:personal:/bannister/bannister/obj/Debug/net8.0-android/android/bin/classes/androidx/vectordrawable/animated/R.class' (866)
2026-08-09 05:55:08: Copy Over 'C:/rock/bannister/Bannister/obj/Debug/net8.0-android/android/bin/classes/androidx/vectordrawable/animated/R$styleable.class' -> 'goodrive://www.googleapis.com/:personal:/bannister/bannister/obj/Debug/net8.0-android/android/bin/classes/androidx/vectordrawable/animated/R$styleable.class' (2,643)
2026-08-09 05:55:08: Copy Over 'C:/rock/bannister/Bannister/obj/Debug/net8.0-android/android/bin/classes/androidx/vectordrawable/R$attr.class' -> 'goodrive://www.googleapis.com/:personal:/bannister/bannister/obj/Debug/net8.0-android/android/bin/classes/androidx/vectordrawable/R$attr.class' (762)
2026-08-09 05:55:11: Copy Over 'C:/rock/bannister/Bannister/obj/Debug/net8.0-android/android/bin/classes/androidx/vectordrawable/R$color.class' -> 'goodrive://www.googleapis.com/:personal:/bannister/bannister/obj/Debug/net8.0-android/android/bin/classes/androidx/vectordrawable/R$color.class' (508)
2026-08-09 05:55:11: Copy Over 'C:/rock/bannister/Bannister/obj/Debug/net8.0-android/android/bin/classes/androidx/vectordrawable/R$drawable.class' -> 'goodrive://www.googleapis.com/:personal:/bannister/bannister/obj/Debug/net8.0-android/android/bin/classes/androidx/vectordrawable/R$drawable.class' (902)
2026-08-09 05:55:11: Copy Over 'C:/rock/bannister/Bannister/obj/Debug/net8.0-android/android/bin/classes/androidx/vectordrawable/R$dimen.class' -> 'goodrive://www.googleapis.com/:personal:/bannister/bannister/obj/Debug/net8.0-android/android/bin/classes/androidx/vectordrawable/R$dimen.class' (1,557)
2026-08-09 05:55:15: Copy Over 'C:/rock/bannister/Bannister/obj/Debug/net8.0-android/android/bin/classes/androidx/vectordrawable/R$id.class' -> 'goodrive://www.googleapis.com/:personal:/bannister/bannister/obj/Debug/net8.0-android/android/bin/classes/androidx/vectordrawable/R$id.class' (3,362)
2026-08-09 05:55:15: Copy Over 'C:/rock/bannister/Bannister/obj/Debug/net8.0-android/android/bin/classes/androidx/vectordrawable/R$integer.class' -> 'goodrive://www.googleapis.com/:personal:/bannister/bannister/obj/Debug/net8.0-android/android/bin/classes/androidx/vectordrawable/R$integer.class' (359)
2026-08-09 05:55:15: Copy Over 'C:/rock/bannister/Bannister/obj/Debug/net8.0-android/android/bin/classes/androidx/vectordrawable/R$layout.class' -> 'goodrive://www.googleapis.com/:personal:/bannister/bannister/obj/Debug/net8.0-android/android/bin/classes/androidx/vectordrawable/R$layout.class' (660)
2026-08-09 05:55:18: Copy Over 'C:/rock/bannister/Bannister/obj/Debug/net8.0-android/android/bin/classes/androidx/vectordrawable/R$string.class' -> 'goodrive://www.googleapis.com/:personal:/bannister/bannister/obj/Debug/net8.0-android/android/bin/classes/androidx/vectordrawable/R$string.class' (359)
2026-08-09 05:55:18: Copy Over 'C:/rock/bannister/Bannister/obj/Debug/net8.0-android/android/bin/classes/androidx/vectordrawable/R$styleable.class' -> 'goodrive://www.googleapis.com/:personal:/bannister/bannister/obj/Debug/net8.0-android/android/bin/classes/androidx/vectordrawable/R$styleable.class' (2,625)
2026-08-09 05:55:18: Copy Over 'C:/rock/bannister/Bannister/obj/Debug/net8.0-android/android/bin/classes/androidx/vectordrawable/R$style.class' -> 'goodrive://www.googleapis.com/:personal:/bannister/bannister/obj/Debug/net8.0-android/android/bin/classes/androidx/vectordrawable/R$style.class' (733)
2026-08-09 05:55:21: Copy Over 'C:/rock/bannister/Bannister/obj/Debug/net8.0-android/android/bin/classes/androidx/viewpager/R$attr.class' -> 'goodrive://www.googleapis.com/:personal:/bannister/bannister/obj/Debug/net8.0-android/android/bin/classes/androidx/viewpager/R$attr.class' (752)
2026-08-09 05:55:21: Copy Over 'C:/rock/bannister/Bannister/obj/Debug/net8.0-android/android/bin/classes/androidx/vectordrawable/R.class' -> 'goodrive://www.googleapis.com/:personal:/bannister/bannister/obj/Debug/net8.0-android/android/bin/classes/androidx/vectordrawable/R.class' (767)
2026-08-09 05:55:22: Copy Over 'C:/rock/bannister/Bannister/obj/Debug/net8.0-android/android/bin/classes/androidx/viewpager2/R$attr.class' -> 'goodrive://www.googleapis.com/:personal:/bannister/bannister/obj/Debug/net8.0-android/android/bin/classes/androidx/viewpager2/R$attr.class' (1,203)
2026-08-09 05:55:24: Copy Over 'C:/rock/bannister/Bannister/obj/Debug/net8.0-android/android/bin/classes/androidx/viewpager2/R$color.class' -> 'goodrive://www.googleapis.com/:personal:/bannister/bannister/obj/Debug/net8.0-android/android/bin/classes/androidx/viewpager2/R$color.class' (500)
2026-08-09 05:55:25: Copy Over 'C:/rock/bannister/Bannister/obj/Debug/net8.0-android/android/bin/classes/androidx/viewpager2/R$dimen.class' -> 'goodrive://www.googleapis.com/:personal:/bannister/bannister/obj/Debug/net8.0-android/android/bin/classes/androidx/viewpager2/R$dimen.class' (1,887)
2026-08-09 05:55:25: Copy Over 'C:/rock/bannister/Bannister/obj/Debug/net8.0-android/android/bin/classes/androidx/viewpager2/R$drawable.class' -> 'goodrive://www.googleapis.com/:personal:/bannister/bannister/obj/Debug/net8.0-android/android/bin/classes/androidx/viewpager2/R$drawable.class' (894)
2026-08-09 05:55:28: Copy Over 'C:/rock/bannister/Bannister/obj/Debug/net8.0-android/android/bin/classes/androidx/viewpager2/R$integer.class' -> 'goodrive://www.googleapis.com/:personal:/bannister/bannister/obj/Debug/net8.0-android/android/bin/classes/androidx/viewpager2/R$integer.class' (351)
2026-08-09 05:55:29: Copy Over 'C:/rock/bannister/Bannister/obj/Debug/net8.0-android/android/bin/classes/androidx/viewpager2/R$id.class' -> 'goodrive://www.googleapis.com/:personal:/bannister/bannister/obj/Debug/net8.0-android/android/bin/classes/androidx/viewpager2/R$id.class' (3,414)
2026-08-09 05:55:29: Copy Over 'C:/rock/bannister/Bannister/obj/Debug/net8.0-android/android/bin/classes/androidx/viewpager2/R$layout.class' -> 'goodrive://www.googleapis.com/:personal:/bannister/bannister/obj/Debug/net8.0-android/android/bin/classes/androidx/viewpager2/R$layout.class' (652)
2026-08-09 05:55:32: Copy Over 'C:/rock/bannister/Bannister/obj/Debug/net8.0-android/android/bin/classes/androidx/viewpager2/R$style.class' -> 'goodrive://www.googleapis.com/:personal:/bannister/bannister/obj/Debug/net8.0-android/android/bin/classes/androidx/viewpager2/R$style.class' (725)
2026-08-09 05:55:32: Copy Over 'C:/rock/bannister/Bannister/obj/Debug/net8.0-android/android/bin/classes/androidx/viewpager2/R$string.class' -> 'goodrive://www.googleapis.com/:personal:/bannister/bannister/obj/Debug/net8.0-android/android/bin/classes/androidx/viewpager2/R$string.class' (351)
2026-08-09 05:55:32: Copy Over 'C:/rock/bannister/Bannister/obj/Debug/net8.0-android/android/bin/classes/androidx/viewpager2/R$styleable.class' -> 'goodrive://www.googleapis.com/:personal:/bannister/bannister/obj/Debug/net8.0-android/android/bin/classes/androidx/viewpager2/R$styleable.class' (3,528)
2026-08-09 05:55:35: Copy Over 'C:/rock/bannister/Bannister/obj/Debug/net8.0-android/android/bin/classes/androidx/viewpager2/R.class' -> 'goodrive://www.googleapis.com/:personal:/bannister/bannister/obj/Debug/net8.0-android/android/bin/classes/androidx/viewpager2/R.class' (723)
2026-08-09 05:55:36: Copy Over 'C:/rock/bannister/Bannister/obj/Debug/net8.0-android/android/bin/classes/androidx/viewpager/R$color.class' -> 'goodrive://www.googleapis.com/:personal:/bannister/bannister/obj/Debug/net8.0-android/android/bin/classes/androidx/viewpager/R$color.class' (498)
2026-08-09 05:55:36: Copy Over 'C:/rock/bannister/Bannister/obj/Debug/net8.0-android/android/bin/classes/androidx/viewpager/R$dimen.class' -> 'goodrive://www.googleapis.com/:personal:/bannister/bannister/obj/Debug/net8.0-android/android/bin/classes/androidx/viewpager/R$dimen.class' (1,547)
2026-08-09 05:55:39: Copy Over 'C:/rock/bannister/Bannister/obj/Debug/net8.0-android/android/bin/classes/androidx/viewpager/R$drawable.class' -> 'goodrive://www.googleapis.com/:personal:/bannister/bannister/obj/Debug/net8.0-android/android/bin/classes/androidx/viewpager/R$drawable.class' (892)
2026-08-09 05:55:39: Copy Over 'C:/rock/bannister/Bannister/obj/Debug/net8.0-android/android/bin/classes/androidx/viewpager/R$id.class' -> 'goodrive://www.googleapis.com/:personal:/bannister/bannister/obj/Debug/net8.0-android/android/bin/classes/androidx/viewpager/R$id.class' (1,280)
2026-08-09 05:55:39: Copy Over 'C:/rock/bannister/Bannister/obj/Debug/net8.0-android/android/bin/classes/androidx/viewpager/R$integer.class' -> 'goodrive://www.googleapis.com/:personal:/bannister/bannister/obj/Debug/net8.0-android/android/bin/classes/androidx/viewpager/R$integer.class' (349)
2026-08-09 05:55:42: Copy Over 'C:/rock/bannister/Bannister/obj/Debug/net8.0-android/android/bin/classes/androidx/viewpager/R$string.class' -> 'goodrive://www.googleapis.com/:personal:/bannister/bannister/obj/Debug/net8.0-android/android/bin/classes/androidx/viewpager/R$string.class' (349)
2026-08-09 05:55:42: Copy Over 'C:/rock/bannister/Bannister/obj/Debug/net8.0-android/android/bin/classes/androidx/viewpager/R$layout.class' -> 'goodrive://www.googleapis.com/:personal:/bannister/bannister/obj/Debug/net8.0-android/android/bin/classes/androidx/viewpager/R$layout.class' (613)
2026-08-09 05:55:42: Copy Over 'C:/rock/bannister/Bannister/obj/Debug/net8.0-android/android/bin/classes/androidx/viewpager/R$style.class' -> 'goodrive://www.googleapis.com/:personal:/bannister/bannister/obj/Debug/net8.0-android/android/bin/classes/androidx/viewpager/R$style.class' (723)
2026-08-09 05:55:46: Copy Over 'C:/rock/bannister/Bannister/obj/Debug/net8.0-android/android/bin/classes/androidx/viewpager/R$styleable.class' -> 'goodrive://www.googleapis.com/:personal:/bannister/bannister/obj/Debug/net8.0-android/android/bin/classes/androidx/viewpager/R$styleable.class' (2,615)
2026-08-09 05:55:46: Copy Over 'C:/rock/bannister/Bannister/obj/Debug/net8.0-android/android/bin/classes/androidx/viewpager/R.class' -> 'goodrive://www.googleapis.com/:personal:/bannister/bannister/obj/Debug/net8.0-android/android/bin/classes/androidx/viewpager/R.class' (712)
2026-08-09 05:55:46: Copy Over 'C:/rock/bannister/Bannister/obj/Debug/net8.0-android/android/bin/classes/crc640a1f4d108c17e3f1/ClipboardChangeListener.class' -> 'goodrive://www.googleapis.com/:personal:/bannister/bannister/obj/Debug/net8.0-android/android/bin/classes/crc640a1f4d108c17e3f1/ClipboardChangeListener.class' (1,711)
2026-08-09 05:55:49: Copy Over 'C:/rock/bannister/Bannister/obj/Debug/net8.0-android/android/bin/classes/androidx/window/R$id.class' -> 'goodrive://www.googleapis.com/:personal:/bannister/bannister/obj/Debug/net8.0-android/android/bin/classes/androidx/window/R$id.class' (646)
2026-08-09 05:55:49: Copy Over 'C:/rock/bannister/Bannister/obj/Debug/net8.0-android/android/bin/classes/androidx/window/R$attr.class' -> 'goodrive://www.googleapis.com/:personal:/bannister/bannister/obj/Debug/net8.0-android/android/bin/classes/androidx/window/R$attr.class' (1,181)
2026-08-09 05:55:49: Copy Over 'C:/rock/bannister/Bannister/obj/Debug/net8.0-android/android/bin/classes/androidx/window/extensions/core/R.class' -> 'goodrive://www.googleapis.com/:personal:/bannister/bannister/obj/Debug/net8.0-android/android/bin/classes/androidx/window/extensions/core/R.class' (208)
2026-08-09 05:55:52: Copy Over 'C:/rock/bannister/Bannister/obj/Debug/net8.0-android/android/bin/classes/androidx/window/R$styleable.class' -> 'goodrive://www.googleapis.com/:personal:/bannister/bannister/obj/Debug/net8.0-android/android/bin/classes/androidx/window/R$styleable.class' (2,587)
2026-08-09 05:55:52: Copy Over 'C:/rock/bannister/Bannister/obj/Debug/net8.0-android/android/bin/classes/androidx/window/R.class' -> 'goodrive://www.googleapis.com/:personal:/bannister/bannister/obj/Debug/net8.0-android/android/bin/classes/androidx/window/R.class' (350)
2026-08-09 05:55:53: Copy Over 'C:/rock/bannister/Bannister/obj/Debug/net8.0-android/android/bin/classes/crc640a8d9a12ddbf2cf2/BatteryBroadcastReceiver.class' -> 'goodrive://www.googleapis.com/:personal:/bannister/bannister/obj/Debug/net8.0-android/android/bin/classes/crc640a8d9a12ddbf2cf2/BatteryBroadcastReceiver.class' (1,535)
2026-08-09 05:55:56: Copy Over 'C:/rock/bannister/Bannister/obj/Debug/net8.0-android/android/bin/classes/crc640ec207abc449b2ca/ContainerView.class' -> 'goodrive://www.googleapis.com/:personal:/bannister/bannister/obj/Debug/net8.0-android/android/bin/classes/crc640ec207abc449b2ca/ContainerView.class' (2,662)
2026-08-09 05:55:56: Copy Over 'C:/rock/bannister/Bannister/obj/Debug/net8.0-android/android/bin/classes/crc640ec207abc449b2ca/CustomFrameLayout.class' -> 'goodrive://www.googleapis.com/:personal:/bannister/bannister/obj/Debug/net8.0-android/android/bin/classes/crc640ec207abc449b2ca/CustomFrameLayout.class' (2,688)
2026-08-09 05:55:57: Copy Over 'C:/rock/bannister/Bannister/obj/Debug/net8.0-android/android/bin/classes/crc640ec207abc449b2ca/RecyclerViewContainer.class' -> 'goodrive://www.googleapis.com/:personal:/bannister/bannister/obj/Debug/net8.0-android/android/bin/classes/crc640ec207abc449b2ca/RecyclerViewContainer.class' (2,053)
2026-08-09 05:55:59: Copy Over 'C:/rock/bannister/Bannister/obj/Debug/net8.0-android/android/bin/classes/crc640ec207abc449b2ca/ScrollLayoutManager.class' -> 'goodrive://www.googleapis.com/:personal:/bannister/bannister/obj/Debug/net8.0-android/android/bin/classes/crc640ec207abc449b2ca/ScrollLayoutManager.class' (2,350)
2026-08-09 05:55:59: Copy Over 'C:/rock/bannister/Bannister/obj/Debug/net8.0-android/android/bin/classes/crc640ec207abc449b2ca/ShellContentFragment.class' -> 'goodrive://www.googleapis.com/:personal:/bannister/bannister/obj/Debug/net8.0-android/android/bin/classes/crc640ec207abc449b2ca/ShellContentFragment.class' (3,624)
2026-08-09 05:56:00: Copy Over 'C:/rock/bannister/Bannister/obj/Debug/net8.0-android/android/bin/classes/crc640ec207abc449b2ca/ShellFlyoutLayout.class' -> 'goodrive://www.googleapis.com/:personal:/bannister/bannister/obj/Debug/net8.0-android/android/bin/classes/crc640ec207abc449b2ca/ShellFlyoutLayout.class' (2,203)
2026-08-09 05:56:02: Copy Over 'C:/rock/bannister/Bannister/obj/Debug/net8.0-android/android/bin/classes/crc640ec207abc449b2ca/ShellFlyoutRecyclerAdapter.class' -> 'goodrive://www.googleapis.com/:personal:/bannister/bannister/obj/Debug/net8.0-android/android/bin/classes/crc640ec207abc449b2ca/ShellFlyoutRecyclerAdapter.class' (2,757)
2026-08-09 05:56:03: Copy Over 'C:/rock/bannister/Bannister/obj/Debug/net8.0-android/android/bin/classes/crc640ec207abc449b2ca/ShellFlyoutRecyclerAdapter_ElementViewHolder.class' -> 'goodrive://www.googleapis.com/:personal:/bannister/bannister/obj/Debug/net8.0-android/android/bin/classes/crc640ec207abc449b2ca/ShellFlyoutRecyclerAdapter_ElementViewHolder.class' (1,537)
2026-08-09 05:56:04: Copy Over 'C:/rock/bannister/Bannister/obj/Debug/net8.0-android/android/bin/classes/crc640ec207abc449b2ca/ShellFlyoutRecyclerAdapter_ShellLinearLayout.class' -> 'goodrive://www.googleapis.com/:personal:/bannister/bannister/obj/Debug/net8.0-android/android/bin/classes/crc640ec207abc449b2ca/ShellFlyoutRecyclerAdapter_ShellLinearLayout.class' (2,466)
2026-08-09 05:56:06: Copy Over 'C:/rock/bannister/Bannister/obj/Debug/net8.0-android/android/bin/classes/crc640ec207abc449b2ca/ShellFlyoutRenderer.class' -> 'goodrive://www.googleapis.com/:personal:/bannister/bannister/obj/Debug/net8.0-android/android/bin/classes/crc640ec207abc449b2ca/ShellFlyoutRenderer.class' (2,572)
2026-08-09 05:56:06: Copy Over 'C:/rock/bannister/Bannister/obj/Debug/net8.0-android/android/bin/classes/crc640ec207abc449b2ca/ShellFlyoutTemplatedContentRenderer.class' -> 'goodrive://www.googleapis.com/:personal:/bannister/bannister/obj/Debug/net8.0-android/android/bin/classes/crc640ec207abc449b2ca/ShellFlyoutTemplatedContentRenderer.class' (1,876)
2026-08-09 05:56:07: Copy Over 'C:/rock/bannister/Bannister/obj/Debug/net8.0-android/android/bin/classes/crc640ec207abc449b2ca/ShellFlyoutTemplatedContentRenderer_HeaderContainer.class' -> 'goodrive://www.googleapis.com/:personal:/bannister/bannister/obj/Debug/net8.0-android/android/bin/classes/crc640ec207abc449b2ca/ShellFlyoutTemplatedContentRenderer_HeaderContainer.class' (2,789)
2026-08-09 05:56:09: Copy Over 'C:/rock/bannister/Bannister/obj/Debug/net8.0-android/android/bin/classes/crc640ec207abc449b2ca/ShellFragmentContainer.class' -> 'goodrive://www.googleapis.com/:personal:/bannister/bannister/obj/Debug/net8.0-android/android/bin/classes/crc640ec207abc449b2ca/ShellFragmentContainer.class' (2,162)
2026-08-09 05:56:10: Copy Over 'C:/rock/bannister/Bannister/obj/Debug/net8.0-android/android/bin/classes/crc640ec207abc449b2ca/ShellItemRenderer.class' -> 'goodrive://www.googleapis.com/:personal:/bannister/bannister/obj/Debug/net8.0-android/android/bin/classes/crc640ec207abc449b2ca/ShellItemRenderer.class' (2,599)
2026-08-09 05:56:11: Copy Over 'C:/rock/bannister/Bannister/obj/Debug/net8.0-android/android/bin/classes/crc640ec207abc449b2ca/ShellFragmentStateAdapter.class' -> 'goodrive://www.googleapis.com/:personal:/bannister/bannister/obj/Debug/net8.0-android/android/bin/classes/crc640ec207abc449b2ca/ShellFragmentStateAdapter.class' (2,752)
2026-08-09 05:56:12: Copy Over 'C:/rock/bannister/Bannister/obj/Debug/net8.0-android/android/bin/classes/crc640ec207abc449b2ca/ShellItemRendererBase.class' -> 'goodrive://www.googleapis.com/:personal:/bannister/bannister/obj/Debug/net8.0-android/android/bin/classes/crc640ec207abc449b2ca/ShellItemRendererBase.class' (1,619)
2026-08-09 05:56:14: Copy Over 'C:/rock/bannister/Bannister/obj/Debug/net8.0-android/android/bin/classes/crc640ec207abc449b2ca/ShellPageContainer.class' -> 'goodrive://www.googleapis.com/:personal:/bannister/bannister/obj/Debug/net8.0-android/android/bin/classes/crc640ec207abc449b2ca/ShellPageContainer.class' (2,677)
2026-08-09 05:56:14: Copy Over 'C:/rock/bannister/Bannister/obj/Debug/net8.0-android/android/bin/classes/crc640ec207abc449b2ca/ShellSearchView.class' -> 'goodrive://www.googleapis.com/:personal:/bannister/bannister/obj/Debug/net8.0-android/android/bin/classes/crc640ec207abc449b2ca/ShellSearchView.class' (4,454)
2026-08-09 05:56:16: Copy Over 'C:/rock/bannister/Bannister/obj/Debug/net8.0-android/android/bin/classes/crc640ec207abc449b2ca/ShellSearchView_ClipDrawableWrapper.class' -> 'goodrive://www.googleapis.com/:personal:/bannister/bannister/obj/Debug/net8.0-android/android/bin/classes/crc640ec207abc449b2ca/ShellSearchView_ClipDrawableWrapper.class' (1,666)
2026-08-09 05:56:17: Copy Over 'C:/rock/bannister/Bannister/obj/Debug/net8.0-android/android/bin/classes/crc640ec207abc449b2ca/ShellSearchViewAdapter.class' -> 'goodrive://www.googleapis.com/:personal:/bannister/bannister/obj/Debug/net8.0-android/android/bin/classes/crc640ec207abc449b2ca/ShellSearchViewAdapter.class' (2,282)
2026-08-09 05:56:18: Copy Over 'C:/rock/bannister/Bannister/obj/Debug/net8.0-android/android/bin/classes/crc640ec207abc449b2ca/ShellSearchViewAdapter_CustomFilter.class' -> 'goodrive://www.googleapis.com/:personal:/bannister/bannister/obj/Debug/net8.0-android/android/bin/classes/crc640ec207abc449b2ca/ShellSearchViewAdapter_CustomFilter.class' (2,238)
2026-08-09 05:56:19: Copy Over 'C:/rock/bannister/Bannister/obj/Debug/net8.0-android/android/bin/classes/crc640ec207abc449b2ca/ShellSearchViewAdapter_ObjectWrapper.class' -> 'goodrive://www.googleapis.com/:personal:/bannister/bannister/obj/Debug/net8.0-android/android/bin/classes/crc640ec207abc449b2ca/ShellSearchViewAdapter_ObjectWrapper.class' (1,430)
2026-08-09 05:56:21: Copy Over 'C:/rock/bannister/Bannister/obj/Debug/net8.0-android/android/bin/classes/crc640ec207abc449b2ca/ShellSectionRenderer.class' -> 'goodrive://www.googleapis.com/:personal:/bannister/bannister/obj/Debug/net8.0-android/android/bin/classes/crc640ec207abc449b2ca/ShellSectionRenderer.class' (3,126)
2026-08-09 05:56:21: Copy Over 'C:/rock/bannister/Bannister/obj/Debug/net8.0-android/android/bin/classes/crc640ec207abc449b2ca/ShellSectionRenderer_ViewPagerPageChanged.class' -> 'goodrive://www.googleapis.com/:personal:/bannister/bannister/obj/Debug/net8.0-android/android/bin/classes/crc640ec207abc449b2ca/ShellSectionRenderer_ViewPagerPageChanged.class' (1,902)
2026-08-09 05:56:22: Copy Over 'C:/rock/bannister/Bannister/obj/Debug/net8.0-android/android/bin/classes/crc640ec207abc449b2ca/ShellToolbarTracker.class' -> 'goodrive://www.googleapis.com/:personal:/bannister/bannister/obj/Debug/net8.0-android/android/bin/classes/crc640ec207abc449b2ca/ShellToolbarTracker.class' (1,629)
2026-08-09 05:56:24: Copy Over 'C:/rock/bannister/Bannister/obj/Debug/net8.0-android/android/bin/classes/crc640ec207abc449b2ca/ShellToolbarTracker_FlyoutIconDrawerDrawable.class' -> 'goodrive://www.googleapis.com/:personal:/bannister/bannister/obj/Debug/net8.0-android/android/bin/classes/crc640ec207abc449b2ca/ShellToolbarTracker_FlyoutIconDrawerDrawable.class' (1,657)
2026-08-09 05:56:25: Copy Over 'C:/rock/bannister/Bannister/obj/Debug/net8.0-android/android/bin/classes/crc640a8d9a12ddbf2cf2/DeviceDisplayImplementation_Listener.class' -> 'goodrive://www.googleapis.com/:personal:/bannister/bannister/obj/Debug/net8.0-android/android/bin/classes/crc640a8d9a12ddbf2cf2/DeviceDisplayImplementation_Listener.class' (1,891)
2026-08-09 05:56:25: Copy Over 'C:/rock/bannister/Bannister/obj/Debug/net8.0-android/android/bin/classes/crc640a8d9a12ddbf2cf2/EnergySaverBroadcastReceiver.class' -> 'goodrive://www.googleapis.com/:personal:/bannister/bannister/obj/Debug/net8.0-android/android/bin/classes/crc640a8d9a12ddbf2cf2/EnergySaverBroadcastReceiver.class' (1,547)
2026-08-09 05:56:28: Copy Over 'C:/rock/bannister/Bannister/obj/Debug/net8.0-android/android/bin/classes/crc64124e178812aeed4c/ButtonRenderer.class' -> 'goodrive://www.googleapis.com/:personal:/bannister/bannister/obj/Debug/net8.0-android/android/bin/classes/crc64124e178812aeed4c/ButtonRenderer.class' (4,672)
2026-08-09 05:56:28: Copy Over 'C:/rock/bannister/Bannister/obj/Debug/net8.0-android/android/bin/classes/crc640fd0ddb16fe433d4/TouchBehavior_AccessibilityListener.class' -> 'goodrive://www.googleapis.com/:personal:/bannister/bannister/obj/Debug/net8.0-android/android/bin/classes/crc640fd0ddb16fe433d4/TouchBehavior_AccessibilityListener.class' (2,341)
2026-08-09 05:56:29: Copy Over 'C:/rock/bannister/Bannister/obj/Debug/net8.0-android/android/bin/classes/crc64124e178812aeed4c/FrameRenderer.class' -> 'goodrive://www.googleapis.com/:personal:/bannister/bannister/obj/Debug/net8.0-android/android/bin/classes/crc64124e178812aeed4c/FrameRenderer.class' (2,787)
2026-08-09 05:56:32: Copy Over 'C:/rock/bannister/Bannister/obj/Debug/net8.0-android/android/bin/classes/crc64124e178812aeed4c/LabelRenderer.class' -> 'goodrive://www.googleapis.com/:personal:/bannister/bannister/obj/Debug/net8.0-android/android/bin/classes/crc64124e178812aeed4c/LabelRenderer.class' (2,432)
2026-08-09 05:56:32: Copy Over 'C:/rock/bannister/Bannister/obj/Debug/net8.0-android/android/bin/classes/crc64124e178812aeed4c/ImageRenderer.class' -> 'goodrive://www.googleapis.com/:personal:/bannister/bannister/obj/Debug/net8.0-android/android/bin/classes/crc64124e178812aeed4c/ImageRenderer.class' (3,100)
2026-08-09 05:56:32: Copy Over 'C:/rock/bannister/Bannister/obj/Debug/net8.0-android/android/bin/classes/crc6413a2ffd8f229512a/CarouselViewAdapter_2.class' -> 'goodrive://www.googleapis.com/:personal:/bannister/bannister/obj/Debug/net8.0-android/android/bin/classes/crc6413a2ffd8f229512a/CarouselViewAdapter_2.class' (1,928)
2026-08-09 05:56:35: Copy Over 'C:/rock/bannister/Bannister/obj/Debug/net8.0-android/android/bin/classes/crc64159f3caeb1269279/MauiPopup.class' -> 'goodrive://www.googleapis.com/:personal:/bannister/bannister/obj/Debug/net8.0-android/android/bin/classes/crc64159f3caeb1269279/MauiPopup.class' (2,633)
2026-08-09 05:56:36: Copy Over 'C:/rock/bannister/Bannister/obj/Debug/net8.0-android/android/bin/classes/crc64159f3caeb1269279/MauiDrawingView.class' -> 'goodrive://www.googleapis.com/:personal:/bannister/bannister/obj/Debug/net8.0-android/android/bin/classes/crc64159f3caeb1269279/MauiDrawingView.class' (2,609)
2026-08-09 05:56:36: Copy Over 'C:/rock/bannister/Bannister/obj/Debug/net8.0-android/android/bin/classes/crc64159f3caeb1269279/MauiSemanticOrderView.class' -> 'goodrive://www.googleapis.com/:personal:/bannister/bannister/obj/Debug/net8.0-android/android/bin/classes/crc64159f3caeb1269279/MauiSemanticOrderView.class' (2,549)
2026-08-09 05:56:38: Copy Over 'C:/rock/bannister/Bannister/obj/Debug/net8.0-android/android/bin/classes/crc6413a2ffd8f229512a/RecyclerViewScrollListener_2.class' -> 'goodrive://www.googleapis.com/:personal:/bannister/bannister/obj/Debug/net8.0-android/android/bin/classes/crc6413a2ffd8f229512a/RecyclerViewScrollListener_2.class' (1,721)
2026-08-09 05:56:39: Copy Over 'C:/rock/bannister/Bannister/obj/Debug/net8.0-android/android/bin/classes/crc64396a3fe5f8138e3f/CustomTabsServiceConnectionImpl.class' -> 'goodrive://www.googleapis.com/:personal:/bannister/bannister/obj/Debug/net8.0-android/android/bin/classes/crc64396a3fe5f8138e3f/CustomTabsServiceConnectionImpl.class' (2,018)
2026-08-09 05:56:39: Copy Over 'C:/rock/bannister/Bannister/obj/Debug/net8.0-android/android/bin/classes/crc64338477404e88479c/ColorChangeRevealDrawable.class' -> 'goodrive://www.googleapis.com/:personal:/bannister/bannister/obj/Debug/net8.0-android/android/bin/classes/crc64338477404e88479c/ColorChangeRevealDrawable.class' (1,463)
2026-08-09 05:56:42: Copy Over 'C:/rock/bannister/Bannister/obj/Debug/net8.0-android/android/bin/classes/crc64396a3fe5f8138e3f/KeepAliveService.class' -> 'goodrive://www.googleapis.com/:personal:/bannister/bannister/obj/Debug/net8.0-android/android/bin/classes/crc64396a3fe5f8138e3f/KeepAliveService.class' (1,447)
2026-08-09 05:56:42: Copy Over 'C:/rock/bannister/Bannister/obj/Debug/net8.0-android/android/bin/classes/crc64338477404e88479c/ControlsAccessibilityDelegate.class' -> 'goodrive://www.googleapis.com/:personal:/bannister/bannister/obj/Debug/net8.0-android/android/bin/classes/crc64338477404e88479c/ControlsAccessibilityDelegate.class' (2,397)
2026-08-09 05:56:43: Copy Over 'C:/rock/bannister/Bannister/obj/Debug/net8.0-android/android/bin/classes/crc64338477404e88479c/DragAndDropGestureHandler.class' -> 'goodrive://www.googleapis.com/:personal:/bannister/bannister/obj/Debug/net8.0-android/android/bin/classes/crc64338477404e88479c/DragAndDropGestureHandler.class' (1,695)
2026-08-09 05:56:46: Copy Over 'C:/rock/bannister/Bannister/obj/Debug/net8.0-android/android/bin/classes/crc64338477404e88479c/GenericAnimatorListener.class' -> 'goodrive://www.googleapis.com/:personal:/bannister/bannister/obj/Debug/net8.0-android/android/bin/classes/crc64338477404e88479c/GenericAnimatorListener.class' (2,065)
2026-08-09 05:56:46: Copy Over 'C:/rock/bannister/Bannister/obj/Debug/net8.0-android/android/bin/classes/crc64338477404e88479c/DragAndDropGestureHandler_CustomLocalStateData.class' -> 'goodrive://www.googleapis.com/:personal:/bannister/bannister/obj/Debug/net8.0-android/android/bin/classes/crc64338477404e88479c/DragAndDropGestureHandler_CustomLocalStateData.class' (1,281)
2026-08-09 05:56:47: Copy Over 'C:/rock/bannister/Bannister/obj/Debug/net8.0-android/android/bin/classes/crc64338477404e88479c/FragmentContainer.class' -> 'goodrive://www.googleapis.com/:personal:/bannister/bannister/obj/Debug/net8.0-android/android/bin/classes/crc64338477404e88479c/FragmentContainer.class' (2,113)
2026-08-09 05:56:49: Copy Over 'C:/rock/bannister/Bannister/obj/Debug/net8.0-android/android/bin/classes/crc64338477404e88479c/GenericGlobalLayoutListener.class' -> 'goodrive://www.googleapis.com/:personal:/bannister/bannister/obj/Debug/net8.0-android/android/bin/classes/crc64338477404e88479c/GenericGlobalLayoutListener.class' (1,659)
2026-08-09 05:56:50: Copy Over 'C:/rock/bannister/Bannister/obj/Debug/net8.0-android/android/bin/classes/crc64338477404e88479c/GradientStrokeDrawable.class' -> 'goodrive://www.googleapis.com/:personal:/bannister/bannister/obj/Debug/net8.0-android/android/bin/classes/crc64338477404e88479c/GradientStrokeDrawable.class' (1,882)
2026-08-09 05:56:50: Copy Over 'C:/rock/bannister/Bannister/obj/Debug/net8.0-android/android/bin/classes/crc64338477404e88479c/GenericMenuClickListener.class' -> 'goodrive://www.googleapis.com/:personal:/bannister/bannister/obj/Debug/net8.0-android/android/bin/classes/crc64338477404e88479c/GenericMenuClickListener.class' (1,705)
2026-08-09 05:56:52: Copy Over 'C:/rock/bannister/Bannister/obj/Debug/net8.0-android/android/bin/classes/crc64338477404e88479c/InnerGestureListener.class' -> 'goodrive://www.googleapis.com/:personal:/bannister/bannister/obj/Debug/net8.0-android/android/bin/classes/crc64338477404e88479c/InnerGestureListener.class' (4,498)
2026-08-09 05:56:53: Copy Over 'C:/rock/bannister/Bannister/obj/Debug/net8.0-android/android/bin/classes/crc64338477404e88479c/InnerScaleListener.class' -> 'goodrive://www.googleapis.com/:personal:/bannister/bannister/obj/Debug/net8.0-android/android/bin/classes/crc64338477404e88479c/InnerScaleListener.class' (2,051)
2026-08-09 05:56:54: Copy Over 'C:/rock/bannister/Bannister/obj/Debug/net8.0-android/android/bin/classes/crc64338477404e88479c/MauiViewPager.class' -> 'goodrive://www.googleapis.com/:personal:/bannister/bannister/obj/Debug/net8.0-android/android/bin/classes/crc64338477404e88479c/MauiViewPager.class' (2,078)
2026-08-09 05:56:56: Copy Over 'C:/rock/bannister/Bannister/obj/Debug/net8.0-android/android/bin/classes/crc64338477404e88479c/ModalNavigationManager_ModalContainer.class' -> 'goodrive://www.googleapis.com/:personal:/bannister/bannister/obj/Debug/net8.0-android/android/bin/classes/crc64338477404e88479c/ModalNavigationManager_ModalContainer.class' (3,275)
2026-08-09 05:56:57: Copy Over 'C:/rock/bannister/Bannister/obj/Debug/net8.0-android/android/bin/classes/crc64338477404e88479c/ModalNavigationManager_ModalContainer_ModalFragment.class' -> 'goodrive://www.googleapis.com/:personal:/bannister/bannister/obj/Debug/net8.0-android/android/bin/classes/crc64338477404e88479c/ModalNavigationManager_ModalContainer_ModalFragment.class' (1,965)
2026-08-09 05:56:57: Copy Over 'C:/rock/bannister/Bannister/obj/Debug/net8.0-android/android/bin/classes/crc64338477404e88479c/MultiPageFragmentStateAdapter_1.class' -> 'goodrive://www.googleapis.com/:personal:/bannister/bannister/obj/Debug/net8.0-android/android/bin/classes/crc64338477404e88479c/MultiPageFragmentStateAdapter_1.class' (2,756)
2026-08-09 05:56:59: Copy Over 'C:/rock/bannister/Bannister/obj/Debug/net8.0-android/android/bin/classes/crc64338477404e88479c/PointerGestureHandler.class' -> 'goodrive://www.googleapis.com/:personal:/bannister/bannister/obj/Debug/net8.0-android/android/bin/classes/crc64338477404e88479c/PointerGestureHandler.class' (1,696)
2026-08-09 05:57:00: Copy Over 'C:/rock/bannister/Bannister/obj/Debug/net8.0-android/android/bin/classes/crc64338477404e88479c/TapAndPanGestureDetector.class' -> 'goodrive://www.googleapis.com/:personal:/bannister/bannister/obj/Debug/net8.0-android/android/bin/classes/crc64338477404e88479c/TapAndPanGestureDetector.class' (3,212)
2026-08-09 05:57:01: Copy Over 'C:/rock/bannister/Bannister/obj/Debug/net8.0-android/android/bin/classes/crc64338477404e88479c/ToolbarExtensions_ToolbarTitleIconImageView.class' -> 'goodrive://www.googleapis.com/:personal:/bannister/bannister/obj/Debug/net8.0-android/android/bin/classes/crc64338477404e88479c/ToolbarExtensions_ToolbarTitleIconImageView.class' (2,108)
2026-08-09 05:57:03: Copy Over 'C:/rock/bannister/Bannister/obj/Debug/net8.0-android/android/bin/classes/crc643f2b18b2570eaa5a/PlatformGraphicsView.class' -> 'goodrive://www.googleapis.com/:personal:/bannister/bannister/obj/Debug/net8.0-android/android/bin/classes/crc643f2b18b2570eaa5a/PlatformGraphicsView.class' (2,727)
2026-08-09 05:57:03: Copy Over 'C:/rock/bannister/Bannister/obj/Debug/net8.0-android/android/bin/classes/crc6452ffdc5b34af3a0f/AccessibilityDelegateCompatWrapper.class' -> 'goodrive://www.googleapis.com/:personal:/bannister/bannister/obj/Debug/net8.0-android/android/bin/classes/crc6452ffdc5b34af3a0f/AccessibilityDelegateCompatWrapper.class' (5,319)
2026-08-09 05:57:04: Copy Over 'C:/rock/bannister/Bannister/obj/Debug/net8.0-android/android/bin/classes/crc6452ffdc5b34af3a0f/BorderDrawable.class' -> 'goodrive://www.googleapis.com/:personal:/bannister/bannister/obj/Debug/net8.0-android/android/bin/classes/crc6452ffdc5b34af3a0f/BorderDrawable.class' (2,268)
2026-08-09 05:57:07: Copy Over 'C:/rock/bannister/Bannister/obj/Debug/net8.0-android/android/bin/classes/crc6452ffdc5b34af3a0f/ContentViewGroup.class' -> 'goodrive://www.googleapis.com/:personal:/bannister/bannister/obj/Debug/net8.0-android/android/bin/classes/crc6452ffdc5b34af3a0f/ContentViewGroup.class' (2,850)
2026-08-09 05:57:07: Copy Over 'C:/rock/bannister/Bannister/obj/Debug/net8.0-android/android/bin/classes/crc6452ffdc5b34af3a0f/ContainerView.class' -> 'goodrive://www.googleapis.com/:personal:/bannister/bannister/obj/Debug/net8.0-android/android/bin/classes/crc6452ffdc5b34af3a0f/ContainerView.class' (2,341)
2026-08-09 05:57:07: Copy Over 'C:/rock/bannister/Bannister/obj/Debug/net8.0-android/android/bin/classes/crc6452ffdc5b34af3a0f/FragmentManagerExtensions_CallBacks.class' -> 'goodrive://www.googleapis.com/:personal:/bannister/bannister/obj/Debug/net8.0-android/android/bin/classes/crc6452ffdc5b34af3a0f/FragmentManagerExtensions_CallBacks.class' (2,102)
2026-08-09 05:57:10: Copy Over 'C:/rock/bannister/Bannister/obj/Debug/net8.0-android/android/bin/classes/crc6452ffdc5b34af3a0f/LayoutViewGroup.class' -> 'goodrive://www.googleapis.com/:personal:/bannister/bannister/obj/Debug/net8.0-android/android/bin/classes/crc6452ffdc5b34af3a0f/LayoutViewGroup.class' (2,857)
2026-08-09 05:57:10: Copy Over 'C:/rock/bannister/Bannister/obj/Debug/net8.0-android/android/bin/classes/crc6452ffdc5b34af3a0f/MauiAccessibilityDelegateCompat.class' -> 'goodrive://www.googleapis.com/:personal:/bannister/bannister/obj/Debug/net8.0-android/android/bin/classes/crc6452ffdc5b34af3a0f/MauiAccessibilityDelegateCompat.class' (2,385)
2026-08-09 05:57:10: Copy Over 'C:/rock/bannister/Bannister/obj/Debug/net8.0-android/android/bin/classes/crc6452ffdc5b34af3a0f/LocalizedDigitsKeyListener.class' -> 'goodrive://www.googleapis.com/:personal:/bannister/bannister/obj/Debug/net8.0-android/android/bin/classes/crc6452ffdc5b34af3a0f/LocalizedDigitsKeyListener.class' (2,202)
2026-08-09 05:57:13: Copy Over 'C:/rock/bannister/Bannister/obj/Debug/net8.0-android/android/bin/classes/crc6452ffdc5b34af3a0f/MauiDatePicker.class' -> 'goodrive://www.googleapis.com/:personal:/bannister/bannister/obj/Debug/net8.0-android/android/bin/classes/crc6452ffdc5b34af3a0f/MauiDatePicker.class' (2,411)
2026-08-09 05:57:14: Copy Over 'C:/rock/bannister/Bannister/obj/Debug/net8.0-android/android/bin/classes/crc6452ffdc5b34af3a0f/MauiAppCompatEditText.class' -> 'goodrive://www.googleapis.com/:personal:/bannister/bannister/obj/Debug/net8.0-android/android/bin/classes/crc6452ffdc5b34af3a0f/MauiAppCompatEditText.class' (2,201)
2026-08-09 05:57:14: Copy Over 'C:/rock/bannister/Bannister/obj/Debug/net8.0-android/android/bin/classes/crc6452ffdc5b34af3a0f/MauiBoxView.class' -> 'goodrive://www.googleapis.com/:personal:/bannister/bannister/obj/Debug/net8.0-android/android/bin/classes/crc6452ffdc5b34af3a0f/MauiBoxView.class' (2,350)
2026-08-09 05:57:17: Copy Over 'C:/rock/bannister/Bannister/obj/Debug/net8.0-android/android/bin/classes/crc6452ffdc5b34af3a0f/MauiMaterialButton.class' -> 'goodrive://www.googleapis.com/:personal:/bannister/bannister/obj/Debug/net8.0-android/android/bin/classes/crc6452ffdc5b34af3a0f/MauiMaterialButton.class' (2,621)
2026-08-09 05:57:17: Copy Over 'C:/rock/bannister/Bannister/obj/Debug/net8.0-android/android/bin/classes/crc6452ffdc5b34af3a0f/MauiHorizontalScrollView.class' -> 'goodrive://www.googleapis.com/:personal:/bannister/bannister/obj/Debug/net8.0-android/android/bin/classes/crc6452ffdc5b34af3a0f/MauiHorizontalScrollView.class' (3,616)
2026-08-09 05:57:17: Copy Over 'C:/rock/bannister/Bannister/obj/Debug/net8.0-android/android/bin/classes/crc6452ffdc5b34af3a0f/MauiLayerDrawable.class' -> 'goodrive://www.googleapis.com/:personal:/bannister/bannister/obj/Debug/net8.0-android/android/bin/classes/crc6452ffdc5b34af3a0f/MauiLayerDrawable.class' (1,377)
2026-08-09 05:57:20: Copy Over 'C:/rock/bannister/Bannister/obj/Debug/net8.0-android/android/bin/classes/crc6452ffdc5b34af3a0f/MauiMaterialButton_MauiResizableDrawable.class' -> 'goodrive://www.googleapis.com/:personal:/bannister/bannister/obj/Debug/net8.0-android/android/bin/classes/crc6452ffdc5b34af3a0f/MauiMaterialButton_MauiResizableDrawable.class' (1,446)
2026-08-09 05:57:20: Copy Over 'C:/rock/bannister/Bannister/obj/Debug/net8.0-android/android/bin/classes/crc6452ffdc5b34af3a0f/MauiPageControl_TEditClickListener.class' -> 'goodrive://www.googleapis.com/:personal:/bannister/bannister/obj/Debug/net8.0-android/android/bin/classes/crc6452ffdc5b34af3a0f/MauiPageControl_TEditClickListener.class' (1,642)
2026-08-09 05:57:21: Copy Over 'C:/rock/bannister/Bannister/obj/Debug/net8.0-android/android/bin/classes/crc6452ffdc5b34af3a0f/MauiPageControl.class' -> 'goodrive://www.googleapis.com/:personal:/bannister/bannister/obj/Debug/net8.0-android/android/bin/classes/crc6452ffdc5b34af3a0f/MauiPageControl.class' (2,347)
2026-08-09 05:57:23: Copy Over 'C:/rock/bannister/Bannister/obj/Debug/net8.0-android/android/bin/classes/crc6452ffdc5b34af3a0f/MauiPicker.class' -> 'goodrive://www.googleapis.com/:personal:/bannister/bannister/obj/Debug/net8.0-android/android/bin/classes/crc6452ffdc5b34af3a0f/MauiPicker.class' (2,436)
2026-08-09 05:57:24: Copy Over 'C:/rock/bannister/Bannister/obj/Debug/net8.0-android/android/bin/classes/crc6452ffdc5b34af3a0f/MauiPickerBase.class' -> 'goodrive://www.googleapis.com/:personal:/bannister/bannister/obj/Debug/net8.0-android/android/bin/classes/crc6452ffdc5b34af3a0f/MauiPickerBase.class' (2,002)
2026-08-09 05:57:24: Copy Over 'C:/rock/bannister/Bannister/obj/Debug/net8.0-android/android/bin/classes/crc6452ffdc5b34af3a0f/MauiScrollView.class' -> 'goodrive://www.googleapis.com/:personal:/bannister/bannister/obj/Debug/net8.0-android/android/bin/classes/crc6452ffdc5b34af3a0f/MauiScrollView.class' (3,242)
2026-08-09 05:57:27: Copy Over 'C:/rock/bannister/Bannister/obj/Debug/net8.0-android/android/bin/classes/crc6452ffdc5b34af3a0f/MauiSearchView.class' -> 'goodrive://www.googleapis.com/:personal:/bannister/bannister/obj/Debug/net8.0-android/android/bin/classes/crc6452ffdc5b34af3a0f/MauiSearchView.class' (1,995)
2026-08-09 05:57:27: Copy Over 'C:/rock/bannister/Bannister/obj/Debug/net8.0-android/android/bin/classes/crc6452ffdc5b34af3a0f/MauiStepper.class' -> 'goodrive://www.googleapis.com/:personal:/bannister/bannister/obj/Debug/net8.0-android/android/bin/classes/crc6452ffdc5b34af3a0f/MauiStepper.class' (2,335)
2026-08-09 05:57:28: Copy Over 'C:/rock/bannister/Bannister/obj/Debug/net8.0-android/android/bin/classes/crc6452ffdc5b34af3a0f/MauiShapeView.class' -> 'goodrive://www.googleapis.com/:personal:/bannister/bannister/obj/Debug/net8.0-android/android/bin/classes/crc6452ffdc5b34af3a0f/MauiShapeView.class' (2,356)
2026-08-09 05:57:30: Copy Over 'C:/rock/bannister/Bannister/obj/Debug/net8.0-android/android/bin/classes/crc6452ffdc5b34af3a0f/MauiSwipeRefreshLayout.class' -> 'goodrive://www.googleapis.com/:personal:/bannister/bannister/obj/Debug/net8.0-android/android/bin/classes/crc6452ffdc5b34af3a0f/MauiSwipeRefreshLayout.class' (1,816)
2026-08-09 05:57:31: Copy Over 'C:/rock/bannister/Bannister/obj/Debug/net8.0-android/android/bin/classes/crc6452ffdc5b34af3a0f/MauiSwipeView.class' -> 'goodrive://www.googleapis.com/:personal:/bannister/bannister/obj/Debug/net8.0-android/android/bin/classes/crc6452ffdc5b34af3a0f/MauiSwipeView.class' (3,174)
2026-08-09 05:57:31: Copy Over 'C:/rock/bannister/Bannister/obj/Debug/net8.0-android/android/bin/classes/crc6452ffdc5b34af3a0f/MauiTextView.class' -> 'goodrive://www.googleapis.com/:personal:/bannister/bannister/obj/Debug/net8.0-android/android/bin/classes/crc6452ffdc5b34af3a0f/MauiTextView.class' (1,515)
2026-08-09 05:57:34: Copy Over 'C:/rock/bannister/Bannister/obj/Debug/net8.0-android/android/bin/classes/crc6452ffdc5b34af3a0f/MauiTimePicker.class' -> 'goodrive://www.googleapis.com/:personal:/bannister/bannister/obj/Debug/net8.0-android/android/bin/classes/crc6452ffdc5b34af3a0f/MauiTimePicker.class' (2,411)
2026-08-09 05:57:34: Copy Over 'C:/rock/bannister/Bannister/obj/Debug/net8.0-android/android/bin/classes/crc6452ffdc5b34af3a0f/MauiWebChromeClient.class' -> 'goodrive://www.googleapis.com/:personal:/bannister/bannister/obj/Debug/net8.0-android/android/bin/classes/crc6452ffdc5b34af3a0f/MauiWebChromeClient.class' (1,806)
2026-08-09 05:57:35: Copy Over 'C:/rock/bannister/Bannister/obj/Debug/net8.0-android/android/bin/classes/crc6452ffdc5b34af3a0f/MauiWebView.class' -> 'goodrive://www.googleapis.com/:personal:/bannister/bannister/obj/Debug/net8.0-android/android/bin/classes/crc6452ffdc5b34af3a0f/MauiWebView.class' (2,748)
2026-08-09 05:57:38: Copy Over 'C:/rock/bannister/Bannister/obj/Debug/net8.0-android/android/bin/classes/crc6452ffdc5b34af3a0f/NavigationRootManager_ElementBasedFragment.class' -> 'goodrive://www.googleapis.com/:personal:/bannister/bannister/obj/Debug/net8.0-android/android/bin/classes/crc6452ffdc5b34af3a0f/NavigationRootManager_ElementBasedFragment.class' (1,795)
2026-08-09 05:57:38: Copy Over 'C:/rock/bannister/Bannister/obj/Debug/net8.0-android/android/bin/classes/crc6452ffdc5b34af3a0f/MauiWebViewClient.class' -> 'goodrive://www.googleapis.com/:personal:/bannister/bannister/obj/Debug/net8.0-android/android/bin/classes/crc6452ffdc5b34af3a0f/MauiWebViewClient.class' (2,658)
2026-08-09 05:57:38: Copy Over 'C:/rock/bannister/Bannister/obj/Debug/net8.0-android/android/bin/classes/crc6452ffdc5b34af3a0f/NavigationViewFragment.class' -> 'goodrive://www.googleapis.com/:personal:/bannister/bannister/obj/Debug/net8.0-android/android/bin/classes/crc6452ffdc5b34af3a0f/NavigationViewFragment.class' (2,350)
2026-08-09 05:57:41: Copy Over 'C:/rock/bannister/Bannister/obj/Debug/net8.0-android/android/bin/classes/crc6452ffdc5b34af3a0f/PlatformTouchGraphicsView.class' -> 'goodrive://www.googleapis.com/:personal:/bannister/bannister/obj/Debug/net8.0-android/android/bin/classes/crc6452ffdc5b34af3a0f/PlatformTouchGraphicsView.class' (2,954)
2026-08-09 05:57:41: Copy Over 'C:/rock/bannister/Bannister/obj/Debug/net8.0-android/android/bin/classes/crc6452ffdc5b34af3a0f/ScopedFragment.class' -> 'goodrive://www.googleapis.com/:personal:/bannister/bannister/obj/Debug/net8.0-android/android/bin/classes/crc6452ffdc5b34af3a0f/ScopedFragment.class' (2,195)
2026-08-09 05:57:42: Copy Over 'C:/rock/bannister/Bannister/obj/Debug/net8.0-android/android/bin/classes/crc6452ffdc5b34af3a0f/StackNavigationManager_Callbacks.class' -> 'goodrive://www.googleapis.com/:personal:/bannister/bannister/obj/Debug/net8.0-android/android/bin/classes/crc6452ffdc5b34af3a0f/StackNavigationManager_Callbacks.class' (5,643)
2026-08-09 05:57:44: Copy Over 'C:/rock/bannister/Bannister/obj/Debug/net8.0-android/android/bin/classes/crc6452ffdc5b34af3a0f/StepperHandlerHolder.class' -> 'goodrive://www.googleapis.com/:personal:/bannister/bannister/obj/Debug/net8.0-android/android/bin/classes/crc6452ffdc5b34af3a0f/StepperHandlerHolder.class' (1,185)
2026-08-09 05:57:44: Copy Over 'C:/rock/bannister/Bannister/obj/Debug/net8.0-android/android/bin/classes/crc6452ffdc5b34af3a0f/StepperHandlerManager_StepperListener.class' -> 'goodrive://www.googleapis.com/:personal:/bannister/bannister/obj/Debug/net8.0-android/android/bin/classes/crc6452ffdc5b34af3a0f/StepperHandlerManager_StepperListener.class' (1,651)
2026-08-09 05:57:45: Copy Over 'C:/rock/bannister/Bannister/obj/Debug/net8.0-android/android/bin/classes/crc6452ffdc5b34af3a0f/SwipeViewPager.class' -> 'goodrive://www.googleapis.com/:personal:/bannister/bannister/obj/Debug/net8.0-android/android/bin/classes/crc6452ffdc5b34af3a0f/SwipeViewPager.class' (2,063)
2026-08-09 05:57:47: Copy Over 'C:/rock/bannister/Bannister/obj/Debug/net8.0-android/android/bin/classes/crc6452ffdc5b34af3a0f/ViewFragment.class' -> 'goodrive://www.googleapis.com/:personal:/bannister/bannister/obj/Debug/net8.0-android/android/bin/classes/crc6452ffdc5b34af3a0f/ViewFragment.class' (2,017)
2026-08-09 05:57:47: Copy Over 'C:/rock/bannister/Bannister/obj/Debug/net8.0-android/android/bin/classes/crc6452ffdc5b34af3a0f/WebViewExtensions_JavascriptResult.class' -> 'goodrive://www.googleapis.com/:personal:/bannister/bannister/obj/Debug/net8.0-android/android/bin/classes/crc6452ffdc5b34af3a0f/WebViewExtensions_JavascriptResult.class' (1,560)
2026-08-09 05:57:49: Copy Over 'C:/rock/bannister/Bannister/obj/Debug/net8.0-android/android/bin/classes/crc6452ffdc5b34af3a0f/WrapperView.class' -> 'goodrive://www.googleapis.com/:personal:/bannister/bannister/obj/Debug/net8.0-android/android/bin/classes/crc6452ffdc5b34af3a0f/WrapperView.class' (2,740)
2026-08-09 05:57:50: Copy Over 'C:/rock/bannister/Bannister/obj/Debug/net8.0-android/android/bin/classes/crc645d80431ce5f73f11/CarouselSpacingItemDecoration.class' -> 'goodrive://www.googleapis.com/:personal:/bannister/bannister/obj/Debug/net8.0-android/android/bin/classes/crc645d80431ce5f73f11/CarouselSpacingItemDecoration.class' (2,029)
2026-08-09 05:57:50: Copy Over 'C:/rock/bannister/Bannister/obj/Debug/net8.0-android/android/bin/classes/crc6468b6408a11370c2f/WebAuthenticatorCallbackActivity.class' -> 'goodrive://www.googleapis.com/:personal:/bannister/bannister/obj/Debug/net8.0-android/android/bin/classes/crc6468b6408a11370c2f/WebAuthenticatorCallbackActivity.class' (1,458)
2026-08-09 05:57:52: Copy Over 'C:/rock/bannister/Bannister/obj/Debug/net8.0-android/android/bin/classes/crc6468b6408a11370c2f/WebAuthenticatorIntermediateActivity.class' -> 'goodrive://www.googleapis.com/:personal:/bannister/bannister/obj/Debug/net8.0-android/android/bin/classes/crc6468b6408a11370c2f/WebAuthenticatorIntermediateActivity.class' (2,015)
2026-08-09 05:57:53: Copy Over 'C:/rock/bannister/Bannister/obj/Debug/net8.0-android/android/bin/classes/crc645d80431ce5f73f11/CarouselViewAdapter_2.class' -> 'goodrive://www.googleapis.com/:personal:/bannister/bannister/obj/Debug/net8.0-android/android/bin/classes/crc645d80431ce5f73f11/CarouselViewAdapter_2.class' (2,041)
2026-08-09 05:57:54: Copy Over 'C:/rock/bannister/Bannister/obj/Debug/net8.0-android/android/bin/classes/crc645d80431ce5f73f11/CarouselViewOnScrollListener.class' -> 'goodrive://www.googleapis.com/:personal:/bannister/bannister/obj/Debug/net8.0-android/android/bin/classes/crc645d80431ce5f73f11/CarouselViewOnScrollListener.class' (1,883)
2026-08-09 05:57:56: Copy Over 'C:/rock/bannister/Bannister/obj/Debug/net8.0-android/android/bin/classes/crc645d80431ce5f73f11/CenterSnapHelper.class' -> 'goodrive://www.googleapis.com/:personal:/bannister/bannister/obj/Debug/net8.0-android/android/bin/classes/crc645d80431ce5f73f11/CenterSnapHelper.class' (1,755)
2026-08-09 05:57:56: Copy Over 'C:/rock/bannister/Bannister/obj/Debug/net8.0-android/android/bin/classes/crc645d80431ce5f73f11/DataChangeObserver.class' -> 'goodrive://www.googleapis.com/:personal:/bannister/bannister/obj/Debug/net8.0-android/android/bin/classes/crc645d80431ce5f73f11/DataChangeObserver.class' (2,388)
2026-08-09 05:57:58: Copy Over 'C:/rock/bannister/Bannister/obj/Debug/net8.0-android/android/bin/classes/crc645d80431ce5f73f11/EdgeSnapHelper.class' -> 'goodrive://www.googleapis.com/:personal:/bannister/bannister/obj/Debug/net8.0-android/android/bin/classes/crc645d80431ce5f73f11/EdgeSnapHelper.class' (1,238)
2026-08-09 05:57:59: Copy Over 'C:/rock/bannister/Bannister/obj/Debug/net8.0-android/android/bin/classes/crc645d80431ce5f73f11/EmptyViewAdapter.class' -> 'goodrive://www.googleapis.com/:personal:/bannister/bannister/obj/Debug/net8.0-android/android/bin/classes/crc645d80431ce5f73f11/EmptyViewAdapter.class' (2,719)
2026-08-09 05:57:59: Copy Over 'C:/rock/bannister/Bannister/obj/Debug/net8.0-android/android/bin/classes/crc645d80431ce5f73f11/EndSingleSnapHelper.class' -> 'goodrive://www.googleapis.com/:personal:/bannister/bannister/obj/Debug/net8.0-android/android/bin/classes/crc645d80431ce5f73f11/EndSingleSnapHelper.class' (1,849)
2026-08-09 05:58:01: Copy Over 'C:/rock/bannister/Bannister/obj/Debug/net8.0-android/android/bin/classes/crc645d80431ce5f73f11/EndSnapHelper.class' -> 'goodrive://www.googleapis.com/:personal:/bannister/bannister/obj/Debug/net8.0-android/android/bin/classes/crc645d80431ce5f73f11/EndSnapHelper.class' (2,179)
2026-08-09 05:58:02: Copy Over 'C:/rock/bannister/Bannister/obj/Debug/net8.0-android/android/bin/classes/crc645d80431ce5f73f11/GridLayoutSpanSizeLookup.class' -> 'goodrive://www.googleapis.com/:personal:/bannister/bannister/obj/Debug/net8.0-android/android/bin/classes/crc645d80431ce5f73f11/GridLayoutSpanSizeLookup.class' (1,536)
2026-08-09 05:58:03: Copy Over 'C:/rock/bannister/Bannister/obj/Debug/net8.0-android/android/bin/classes/crc645d80431ce5f73f11/GroupableItemsViewAdapter_2.class' -> 'goodrive://www.googleapis.com/:personal:/bannister/bannister/obj/Debug/net8.0-android/android/bin/classes/crc645d80431ce5f73f11/GroupableItemsViewAdapter_2.class' (2,277)
2026-08-09 05:58:05: Copy Over 'C:/rock/bannister/Bannister/obj/Debug/net8.0-android/android/bin/classes/crc645d80431ce5f73f11/ItemContentView.class' -> 'goodrive://www.googleapis.com/:personal:/bannister/bannister/obj/Debug/net8.0-android/android/bin/classes/crc645d80431ce5f73f11/ItemContentView.class' (2,660)
2026-08-09 05:58:06: Copy Over 'C:/rock/bannister/Bannister/obj/Debug/net8.0-android/android/bin/classes/crc645d80431ce5f73f11/ItemsViewAdapter_2.class' -> 'goodrive://www.googleapis.com/:personal:/bannister/bannister/obj/Debug/net8.0-android/android/bin/classes/crc645d80431ce5f73f11/ItemsViewAdapter_2.class' (2,859)
2026-08-09 05:58:07: Copy Over 'C:/rock/bannister/Bannister/obj/Debug/net8.0-android/android/bin/classes/crc645d80431ce5f73f11/MauiCarouselRecyclerView.class' -> 'goodrive://www.googleapis.com/:personal:/bannister/bannister/obj/Debug/net8.0-android/android/bin/classes/crc645d80431ce5f73f11/MauiCarouselRecyclerView.class' (2,975)
2026-08-09 05:58:08: Copy Over 'C:/rock/bannister/Bannister/obj/Debug/net8.0-android/android/bin/classes/crc645d80431ce5f73f11/MauiCarouselRecyclerView_CarouselViewOnGlobalLayoutListener.class' -> 'goodrive://www.googleapis.com/:personal:/bannister/bannister/obj/Debug/net8.0-android/android/bin/classes/crc645d80431ce5f73f11/MauiCarouselRecyclerView_CarouselViewOnGlobalLayoutListener.class' (2,062)
2026-08-09 05:58:10: Copy Over 'C:/rock/bannister/Bannister/obj/Debug/net8.0-android/android/bin/classes/crc645d80431ce5f73f11/MauiRecyclerView_3.class' -> 'goodrive://www.googleapis.com/:personal:/bannister/bannister/obj/Debug/net8.0-android/android/bin/classes/crc645d80431ce5f73f11/MauiRecyclerView_3.class' (2,188)
2026-08-09 05:58:10: Copy Over 'C:/rock/bannister/Bannister/obj/Debug/net8.0-android/android/bin/classes/crc645d80431ce5f73f11/NongreedySnapHelper.class' -> 'goodrive://www.googleapis.com/:personal:/bannister/bannister/obj/Debug/net8.0-android/android/bin/classes/crc645d80431ce5f73f11/NongreedySnapHelper.class' (1,571)
2026-08-09 05:58:11: Copy Over 'C:/rock/bannister/Bannister/obj/Debug/net8.0-android/android/bin/classes/crc645d80431ce5f73f11/NongreedySnapHelper_InitialScrollListener.class' -> 'goodrive://www.googleapis.com/:personal:/bannister/bannister/obj/Debug/net8.0-android/android/bin/classes/crc645d80431ce5f73f11/NongreedySnapHelper_InitialScrollListener.class' (2,001)
2026-08-09 05:58:13: Copy Over 'C:/rock/bannister/Bannister/obj/Debug/net8.0-android/android/bin/classes/crc645d80431ce5f73f11/RecyclerViewScrollListener_2.class' -> 'goodrive://www.googleapis.com/:personal:/bannister/bannister/obj/Debug/net8.0-android/android/bin/classes/crc645d80431ce5f73f11/RecyclerViewScrollListener_2.class' (1,676)
2026-08-09 05:58:13: Copy Over 'C:/rock/bannister/Bannister/obj/Debug/net8.0-android/android/bin/classes/crc645d80431ce5f73f11/PositionalSmoothScroller.class' -> 'goodrive://www.googleapis.com/:personal:/bannister/bannister/obj/Debug/net8.0-android/android/bin/classes/crc645d80431ce5f73f11/PositionalSmoothScroller.class' (1,960)
2026-08-09 05:58:14: Copy Over 'C:/rock/bannister/Bannister/obj/Debug/net8.0-android/android/bin/classes/crc645d80431ce5f73f11/ReorderableItemsViewAdapter_2.class' -> 'goodrive://www.googleapis.com/:personal:/bannister/bannister/obj/Debug/net8.0-android/android/bin/classes/crc645d80431ce5f73f11/ReorderableItemsViewAdapter_2.class' (1,291)
2026-08-09 05:58:16: Copy Over 'C:/rock/bannister/Bannister/obj/Debug/net8.0-android/android/bin/classes/crc645d80431ce5f73f11/ScrollHelper.class' -> 'goodrive://www.googleapis.com/:personal:/bannister/bannister/obj/Debug/net8.0-android/android/bin/classes/crc645d80431ce5f73f11/ScrollHelper.class' (1,856)
2026-08-09 05:58:16: Copy Over 'C:/rock/bannister/Bannister/obj/Debug/net8.0-android/android/bin/classes/crc645d80431ce5f73f11/SelectableItemsViewAdapter_2.class' -> 'goodrive://www.googleapis.com/:personal:/bannister/bannister/obj/Debug/net8.0-android/android/bin/classes/crc645d80431ce5f73f11/SelectableItemsViewAdapter_2.class' (2,090)
2026-08-09 05:58:18: Copy Over 'C:/rock/bannister/Bannister/obj/Debug/net8.0-android/android/bin/classes/crc645d80431ce5f73f11/SelectableViewHolder.class' -> 'goodrive://www.googleapis.com/:personal:/bannister/bannister/obj/Debug/net8.0-android/android/bin/classes/crc645d80431ce5f73f11/SelectableViewHolder.class' (1,795)
2026-08-09 05:58:20: Copy Over 'C:/rock/bannister/Bannister/obj/Debug/net8.0-android/android/bin/classes/crc645d80431ce5f73f11/SimpleViewHolder.class' -> 'goodrive://www.googleapis.com/:personal:/bannister/bannister/obj/Debug/net8.0-android/android/bin/classes/crc645d80431ce5f73f11/SimpleViewHolder.class' (1,445)
2026-08-09 05:58:20: Copy Over 'C:/rock/bannister/Bannister/obj/Debug/net8.0-android/android/bin/classes/crc645d80431ce5f73f11/SimpleItemTouchHelperCallback.class' -> 'goodrive://www.googleapis.com/:personal:/bannister/bannister/obj/Debug/net8.0-android/android/bin/classes/crc645d80431ce5f73f11/SimpleItemTouchHelperCallback.class' (3,022)
2026-08-09 05:58:21: Copy Over 'C:/rock/bannister/Bannister/obj/Debug/net8.0-android/android/bin/classes/crc645d80431ce5f73f11/SingleSnapHelper.class' -> 'goodrive://www.googleapis.com/:personal:/bannister/bannister/obj/Debug/net8.0-android/android/bin/classes/crc645d80431ce5f73f11/SingleSnapHelper.class' (2,120)
2026-08-09 05:58:23: Copy Over 'C:/rock/bannister/Bannister/obj/Debug/net8.0-android/android/bin/classes/crc645d80431ce5f73f11/SpacingItemDecoration.class' -> 'goodrive://www.googleapis.com/:personal:/bannister/bannister/obj/Debug/net8.0-android/android/bin/classes/crc645d80431ce5f73f11/SpacingItemDecoration.class' (2,005)
2026-08-09 05:58:23: Copy Over 'C:/rock/bannister/Bannister/obj/Debug/net8.0-android/android/bin/classes/crc645d80431ce5f73f11/SizedItemContentView.class' -> 'goodrive://www.googleapis.com/:personal:/bannister/bannister/obj/Debug/net8.0-android/android/bin/classes/crc645d80431ce5f73f11/SizedItemContentView.class' (2,538)
2026-08-09 05:58:25: Copy Over 'C:/rock/bannister/Bannister/obj/Debug/net8.0-android/android/bin/classes/crc645d80431ce5f73f11/StartSingleSnapHelper.class' -> 'goodrive://www.googleapis.com/:personal:/bannister/bannister/obj/Debug/net8.0-android/android/bin/classes/crc645d80431ce5f73f11/StartSingleSnapHelper.class' (1,855)
2026-08-09 05:58:26: Copy Over 'C:/rock/bannister/Bannister/obj/Debug/net8.0-android/android/bin/classes/crc645d80431ce5f73f11/StartSnapHelper.class' -> 'goodrive://www.googleapis.com/:personal:/bannister/bannister/obj/Debug/net8.0-android/android/bin/classes/crc645d80431ce5f73f11/StartSnapHelper.class' (2,185)
2026-08-09 05:58:26: Copy Over 'C:/rock/bannister/Bannister/obj/Debug/net8.0-android/android/bin/classes/crc645d80431ce5f73f11/StructuredItemsViewAdapter_2.class' -> 'goodrive://www.googleapis.com/:personal:/bannister/bannister/obj/Debug/net8.0-android/android/bin/classes/crc645d80431ce5f73f11/StructuredItemsViewAdapter_2.class' (2,270)
2026-08-09 05:58:28: Copy Over 'C:/rock/bannister/Bannister/obj/Debug/net8.0-android/android/bin/classes/crc645d80431ce5f73f11/TemplatedItemViewHolder.class' -> 'goodrive://www.googleapis.com/:personal:/bannister/bannister/obj/Debug/net8.0-android/android/bin/classes/crc645d80431ce5f73f11/TemplatedItemViewHolder.class' (1,365)
2026-08-09 05:58:30: Copy Over 'C:/rock/bannister/Bannister/obj/Debug/net8.0-android/android/bin/classes/crc645d80431ce5f73f11/TextViewHolder.class' -> 'goodrive://www.googleapis.com/:personal:/bannister/bannister/obj/Debug/net8.0-android/android/bin/classes/crc645d80431ce5f73f11/TextViewHolder.class' (1,338)
2026-08-09 05:58:30: Copy Over 'C:/rock/bannister/Bannister/obj/Debug/net8.0-android/android/bin/classes/crc6477f0d89a9cfd64b1/ActivityIndicatorRenderer.class' -> 'goodrive://www.googleapis.com/:personal:/bannister/bannister/obj/Debug/net8.0-android/android/bin/classes/crc6477f0d89a9cfd64b1/ActivityIndicatorRenderer.class' (2,082)
2026-08-09 05:58:32: Copy Over 'C:/rock/bannister/Bannister/obj/Debug/net8.0-android/android/bin/classes/crc6488302ad6e9e4df1a/ImageLoaderCallback.class' -> 'goodrive://www.googleapis.com/:personal:/bannister/bannister/obj/Debug/net8.0-android/android/bin/classes/crc6488302ad6e9e4df1a/ImageLoaderCallback.class' (1,226)
2026-08-09 05:58:33: Copy Over 'C:/rock/bannister/Bannister/obj/Debug/net8.0-android/android/bin/classes/crc6488302ad6e9e4df1a/ImageLoaderCallbackBase_1.class' -> 'goodrive://www.googleapis.com/:personal:/bannister/bannister/obj/Debug/net8.0-android/android/bin/classes/crc6488302ad6e9e4df1a/ImageLoaderCallbackBase_1.class' (1,668)
2026-08-09 05:58:33: Copy Over 'C:/rock/bannister/Bannister/obj/Debug/net8.0-android/android/bin/classes/crc6488302ad6e9e4df1a/ImageLoaderResultCallback.class' -> 'goodrive://www.googleapis.com/:personal:/bannister/bannister/obj/Debug/net8.0-android/android/bin/classes/crc6488302ad6e9e4df1a/ImageLoaderResultCallback.class' (1,244)
2026-08-09 05:58:35: Copy Over 'C:/rock/bannister/Bannister/obj/Debug/net8.0-android/android/bin/classes/crc6488302ad6e9e4df1a/MauiAppCompatActivity.class' -> 'goodrive://www.googleapis.com/:personal:/bannister/bannister/obj/Debug/net8.0-android/android/bin/classes/crc6488302ad6e9e4df1a/MauiAppCompatActivity.class' (3,730)
2026-08-09 05:58:36: Copy Over 'C:/rock/bannister/Bannister/obj/Debug/net8.0-android/android/bin/classes/crc6488302ad6e9e4df1a/MauiApplication.class' -> 'goodrive://www.googleapis.com/:personal:/bannister/bannister/obj/Debug/net8.0-android/android/bin/classes/crc6488302ad6e9e4df1a/MauiApplication.class' (1,567)
2026-08-09 05:58:37: Copy Over 'C:/rock/bannister/Bannister/obj/Debug/net8.0-android/android/bin/classes/crc6488302ad6e9e4df1a/MauiApplication_ActivityLifecycleCallbacks.class' -> 'goodrive://www.googleapis.com/:personal:/bannister/bannister/obj/Debug/net8.0-android/android/bin/classes/crc6488302ad6e9e4df1a/MauiApplication_ActivityLifecycleCallbacks.class' (8,927)
2026-08-09 05:58:38: Copy Over 'C:/rock/bannister/Bannister/obj/Debug/net8.0-android/android/bin/classes/crc6477f0d89a9cfd64b1/AHorizontalScrollView.class' -> 'goodrive://www.googleapis.com/:personal:/bannister/bannister/obj/Debug/net8.0-android/android/bin/classes/crc6477f0d89a9cfd64b1/AHorizontalScrollView.class' (3,661)
2026-08-09 05:58:40: Copy Over 'C:/rock/bannister/Bannister/obj/Debug/net8.0-android/android/bin/classes/crc6477f0d89a9cfd64b1/BorderDrawable.class' -> 'goodrive://www.googleapis.com/:personal:/bannister/bannister/obj/Debug/net8.0-android/android/bin/classes/crc6477f0d89a9cfd64b1/BorderDrawable.class' (2,259)
2026-08-09 05:58:40: Copy Over 'C:/rock/bannister/Bannister/obj/Debug/net8.0-android/android/bin/classes/crc6477f0d89a9cfd64b1/BoxRenderer.class' -> 'goodrive://www.googleapis.com/:personal:/bannister/bannister/obj/Debug/net8.0-android/android/bin/classes/crc6477f0d89a9cfd64b1/BoxRenderer.class' (2,270)
2026-08-09 05:58:41: Copy Over 'C:/rock/bannister/Bannister/obj/Debug/net8.0-android/android/bin/classes/crc6477f0d89a9cfd64b1/CarouselPageAdapter.class' -> 'goodrive://www.googleapis.com/:personal:/bannister/bannister/obj/Debug/net8.0-android/android/bin/classes/crc6477f0d89a9cfd64b1/CarouselPageAdapter.class' (3,383)
2026-08-09 05:58:44: Copy Over 'C:/rock/bannister/Bannister/obj/Debug/net8.0-android/android/bin/classes/crc6477f0d89a9cfd64b1/CarouselViewRenderer.class' -> 'goodrive://www.googleapis.com/:personal:/bannister/bannister/obj/Debug/net8.0-android/android/bin/classes/crc6477f0d89a9cfd64b1/CarouselViewRenderer.class' (2,518)
2026-08-09 05:58:44: Copy Over 'C:/rock/bannister/Bannister/obj/Debug/net8.0-android/android/bin/classes/crc6477f0d89a9cfd64b1/CarouselSpacingItemDecoration.class' -> 'goodrive://www.googleapis.com/:personal:/bannister/bannister/obj/Debug/net8.0-android/android/bin/classes/crc6477f0d89a9cfd64b1/CarouselSpacingItemDecoration.class' (2,059)
2026-08-09 05:58:44: Copy Over 'C:/rock/bannister/Bannister/obj/Debug/net8.0-android/android/bin/classes/crc6477f0d89a9cfd64b1/CarouselViewRenderer_CarouselViewOnScrollListener.class' -> 'goodrive://www.googleapis.com/:personal:/bannister/bannister/obj/Debug/net8.0-android/android/bin/classes/crc6477f0d89a9cfd64b1/CarouselViewRenderer_CarouselViewOnScrollListener.class' (1,976)
2026-08-09 05:58:47: Copy Over 'C:/rock/bannister/Bannister/obj/Debug/net8.0-android/android/bin/classes/crc6477f0d89a9cfd64b1/CellRenderer_RendererHolder.class' -> 'goodrive://www.googleapis.com/:personal:/bannister/bannister/obj/Debug/net8.0-android/android/bin/classes/crc6477f0d89a9cfd64b1/CellRenderer_RendererHolder.class' (1,260)
2026-08-09 05:58:47: Copy Over 'C:/rock/bannister/Bannister/obj/Debug/net8.0-android/android/bin/classes/crc6477f0d89a9cfd64b1/CenterSnapHelper.class' -> 'goodrive://www.googleapis.com/:personal:/bannister/bannister/obj/Debug/net8.0-android/android/bin/classes/crc6477f0d89a9cfd64b1/CenterSnapHelper.class' (1,785)
2026-08-09 05:58:47: Copy Over 'C:/rock/bannister/Bannister/obj/Debug/net8.0-android/android/bin/classes/crc6477f0d89a9cfd64b1/CarouselViewRenderer_CarouselViewwOnGlobalLayoutListener.class' -> 'goodrive://www.googleapis.com/:personal:/bannister/bannister/obj/Debug/net8.0-android/android/bin/classes/crc6477f0d89a9cfd64b1/CarouselViewRenderer_CarouselViewwOnGlobalLayoutListener.class' (1,782)
2026-08-09 05:58:50: Copy Over 'C:/rock/bannister/Bannister/obj/Debug/net8.0-android/android/bin/classes/crc6477f0d89a9cfd64b1/CircularProgress.class' -> 'goodrive://www.googleapis.com/:personal:/bannister/bannister/obj/Debug/net8.0-android/android/bin/classes/crc6477f0d89a9cfd64b1/CircularProgress.class' (2,732)
2026-08-09 05:58:50: Copy Over 'C:/rock/bannister/Bannister/obj/Debug/net8.0-android/android/bin/classes/crc6477f0d89a9cfd64b1/CheckBoxRenderer.class' -> 'goodrive://www.googleapis.com/:personal:/bannister/bannister/obj/Debug/net8.0-android/android/bin/classes/crc6477f0d89a9cfd64b1/CheckBoxRenderer.class' (2,061)
2026-08-09 05:58:50: Copy Over 'C:/rock/bannister/Bannister/obj/Debug/net8.0-android/android/bin/classes/crc6477f0d89a9cfd64b1/CheckBoxRendererBase.class' -> 'goodrive://www.googleapis.com/:personal:/bannister/bannister/obj/Debug/net8.0-android/android/bin/classes/crc6477f0d89a9cfd64b1/CheckBoxRendererBase.class' (3,050)
2026-08-09 05:58:53: Copy Over 'C:/rock/bannister/Bannister/obj/Debug/net8.0-android/android/bin/classes/crc6477f0d89a9cfd64b1/DataChangeObserver.class' -> 'goodrive://www.googleapis.com/:personal:/bannister/bannister/obj/Debug/net8.0-android/android/bin/classes/crc6477f0d89a9cfd64b1/DataChangeObserver.class' (2,418)
2026-08-09 05:58:53: Copy Over 'C:/rock/bannister/Bannister/obj/Debug/net8.0-android/android/bin/classes/crc6477f0d89a9cfd64b1/CollectionViewRenderer.class' -> 'goodrive://www.googleapis.com/:personal:/bannister/bannister/obj/Debug/net8.0-android/android/bin/classes/crc6477f0d89a9cfd64b1/CollectionViewRenderer.class' (2,087)
2026-08-09 05:58:54: Copy Over 'C:/rock/bannister/Bannister/obj/Debug/net8.0-android/android/bin/classes/crc6477f0d89a9cfd64b1/DatePickerRenderer.class' -> 'goodrive://www.googleapis.com/:personal:/bannister/bannister/obj/Debug/net8.0-android/android/bin/classes/crc6477f0d89a9cfd64b1/DatePickerRenderer.class' (2,071)
2026-08-09 05:58:56: Copy Over 'C:/rock/bannister/Bannister/obj/Debug/net8.0-android/android/bin/classes/crc6477f0d89a9cfd64b1/DragAndDropGestureHandler.class' -> 'goodrive://www.googleapis.com/:personal:/bannister/bannister/obj/Debug/net8.0-android/android/bin/classes/crc6477f0d89a9cfd64b1/DragAndDropGestureHandler.class' (1,731)
2026-08-09 05:58:56: Copy Over 'C:/rock/bannister/Bannister/obj/Debug/net8.0-android/android/bin/classes/crc6477f0d89a9cfd64b1/DatePickerRendererBase_1.class' -> 'goodrive://www.googleapis.com/:personal:/bannister/bannister/obj/Debug/net8.0-android/android/bin/classes/crc6477f0d89a9cfd64b1/DatePickerRendererBase_1.class' (2,079)
2026-08-09 05:58:57: Copy Over 'C:/rock/bannister/Bannister/obj/Debug/net8.0-android/android/bin/classes/crc6477f0d89a9cfd64b1/DragAndDropGestureHandler_CustomLocalStateData.class' -> 'goodrive://www.googleapis.com/:personal:/bannister/bannister/obj/Debug/net8.0-android/android/bin/classes/crc6477f0d89a9cfd64b1/DragAndDropGestureHandler_CustomLocalStateData.class' (1,317)
2026-08-09 05:59:00: Copy Over 'C:/rock/bannister/Bannister/obj/Debug/net8.0-android/android/bin/classes/crc6477f0d89a9cfd64b1/EdgeSnapHelper.class' -> 'goodrive://www.googleapis.com/:personal:/bannister/bannister/obj/Debug/net8.0-android/android/bin/classes/crc6477f0d89a9cfd64b1/EdgeSnapHelper.class' (1,268)
2026-08-09 05:59:00: Copy Over 'C:/rock/bannister/Bannister/obj/Debug/net8.0-android/android/bin/classes/crc6477f0d89a9cfd64b1/EditorRenderer.class' -> 'goodrive://www.googleapis.com/:personal:/bannister/bannister/obj/Debug/net8.0-android/android/bin/classes/crc6477f0d89a9cfd64b1/EditorRenderer.class' (2,218)
2026-08-09 05:59:01: Copy Over 'C:/rock/bannister/Bannister/obj/Debug/net8.0-android/android/bin/classes/crc6477f0d89a9cfd64b1/EditorRendererBase_1.class' -> 'goodrive://www.googleapis.com/:personal:/bannister/bannister/obj/Debug/net8.0-android/android/bin/classes/crc6477f0d89a9cfd64b1/EditorRendererBase_1.class' (3,123)
2026-08-09 05:59:03: Copy Over 'C:/rock/bannister/Bannister/obj/Debug/net8.0-android/android/bin/classes/crc6477f0d89a9cfd64b1/EllipseRenderer.class' -> 'goodrive://www.googleapis.com/:personal:/bannister/bannister/obj/Debug/net8.0-android/android/bin/classes/crc6477f0d89a9cfd64b1/EllipseRenderer.class' (2,053)
2026-08-09 05:59:04: Copy Over 'C:/rock/bannister/Bannister/obj/Debug/net8.0-android/android/bin/classes/crc6477f0d89a9cfd64b1/EllipseView.class' -> 'goodrive://www.googleapis.com/:personal:/bannister/bannister/obj/Debug/net8.0-android/android/bin/classes/crc6477f0d89a9cfd64b1/EllipseView.class' (2,393)
2026-08-09 05:59:05: Copy Over 'C:/rock/bannister/Bannister/obj/Debug/net8.0-android/android/bin/classes/crc6477f0d89a9cfd64b1/EmptyViewAdapter.class' -> 'goodrive://www.googleapis.com/:personal:/bannister/bannister/obj/Debug/net8.0-android/android/bin/classes/crc6477f0d89a9cfd64b1/EmptyViewAdapter.class' (2,749)
2026-08-09 05:59:07: Copy Over 'C:/rock/bannister/Bannister/obj/Debug/net8.0-android/android/bin/classes/crc6477f0d89a9cfd64b1/EndSingleSnapHelper.class' -> 'goodrive://www.googleapis.com/:personal:/bannister/bannister/obj/Debug/net8.0-android/android/bin/classes/crc6477f0d89a9cfd64b1/EndSingleSnapHelper.class' (1,879)
2026-08-09 05:59:07: Copy Over 'C:/rock/bannister/Bannister/obj/Debug/net8.0-android/android/bin/classes/crc6477f0d89a9cfd64b1/EndSnapHelper.class' -> 'goodrive://www.googleapis.com/:personal:/bannister/bannister/obj/Debug/net8.0-android/android/bin/classes/crc6477f0d89a9cfd64b1/EndSnapHelper.class' (2,209)
2026-08-09 05:59:08: Copy Over 'C:/rock/bannister/Bannister/obj/Debug/net8.0-android/android/bin/classes/crc6477f0d89a9cfd64b1/EntryAccessibilityDelegate.class' -> 'goodrive://www.googleapis.com/:personal:/bannister/bannister/obj/Debug/net8.0-android/android/bin/classes/crc6477f0d89a9cfd64b1/EntryAccessibilityDelegate.class' (1,825)
2026-08-09 05:59:10: Copy Over 'C:/rock/bannister/Bannister/obj/Debug/net8.0-android/android/bin/classes/crc6477f0d89a9cfd64b1/EntryRendererBase_1.class' -> 'goodrive://www.googleapis.com/:personal:/bannister/bannister/obj/Debug/net8.0-android/android/bin/classes/crc6477f0d89a9cfd64b1/EntryRendererBase_1.class' (3,683)
2026-08-09 05:59:10: Copy Over 'C:/rock/bannister/Bannister/obj/Debug/net8.0-android/android/bin/classes/crc6477f0d89a9cfd64b1/EntryRenderer.class' -> 'goodrive://www.googleapis.com/:personal:/bannister/bannister/obj/Debug/net8.0-android/android/bin/classes/crc6477f0d89a9cfd64b1/EntryRenderer.class' (2,051)
2026-08-09 05:59:11: Copy Over 'C:/rock/bannister/Bannister/obj/Debug/net8.0-android/android/bin/classes/crc6477f0d89a9cfd64b1/FlyoutPageContainer.class' -> 'goodrive://www.googleapis.com/:personal:/bannister/bannister/obj/Debug/net8.0-android/android/bin/classes/crc6477f0d89a9cfd64b1/FlyoutPageContainer.class' (2,980)
2026-08-09 05:59:13: Copy Over 'C:/rock/bannister/Bannister/obj/Debug/net8.0-android/android/bin/classes/crc6477f0d89a9cfd64b1/FormsAnimationDrawable.class' -> 'goodrive://www.googleapis.com/:personal:/bannister/bannister/obj/Debug/net8.0-android/android/bin/classes/crc6477f0d89a9cfd64b1/FormsAnimationDrawable.class' (1,801)
2026-08-09 05:59:14: Copy Over 'C:/rock/bannister/Bannister/obj/Debug/net8.0-android/android/bin/classes/crc6477f0d89a9cfd64b1/FlyoutPageRenderer.class' -> 'goodrive://www.googleapis.com/:personal:/bannister/bannister/obj/Debug/net8.0-android/android/bin/classes/crc6477f0d89a9cfd64b1/FlyoutPageRenderer.class' (3,841)
2026-08-09 05:59:14: Copy Over 'C:/rock/bannister/Bannister/obj/Debug/net8.0-android/android/bin/classes/crc6477f0d89a9cfd64b1/FormsAppCompatActivity.class' -> 'goodrive://www.googleapis.com/:personal:/bannister/bannister/obj/Debug/net8.0-android/android/bin/classes/crc6477f0d89a9cfd64b1/FormsAppCompatActivity.class' (3,586)
2026-08-09 05:59:17: Copy Over 'C:/rock/bannister/Bannister/obj/Debug/net8.0-android/android/bin/classes/crc6477f0d89a9cfd64b1/FormsEditText.class' -> 'goodrive://www.googleapis.com/:personal:/bannister/bannister/obj/Debug/net8.0-android/android/bin/classes/crc6477f0d89a9cfd64b1/FormsEditText.class' (2,439)
2026-08-09 05:59:17: Copy Over 'C:/rock/bannister/Bannister/obj/Debug/net8.0-android/android/bin/classes/crc6477f0d89a9cfd64b1/FormsEditTextBase.class' -> 'goodrive://www.googleapis.com/:personal:/bannister/bannister/obj/Debug/net8.0-android/android/bin/classes/crc6477f0d89a9cfd64b1/FormsEditTextBase.class' (2,281)
2026-08-09 05:59:18: Copy Over 'C:/rock/bannister/Bannister/obj/Debug/net8.0-android/android/bin/classes/crc6477f0d89a9cfd64b1/FormsImageView.class' -> 'goodrive://www.googleapis.com/:personal:/bannister/bannister/obj/Debug/net8.0-android/android/bin/classes/crc6477f0d89a9cfd64b1/FormsImageView.class' (2,526)
2026-08-09 05:59:20: Copy Over 'C:/rock/bannister/Bannister/obj/Debug/net8.0-android/android/bin/classes/crc6477f0d89a9cfd64b1/FormsSeekBar.class' -> 'goodrive://www.googleapis.com/:personal:/bannister/bannister/obj/Debug/net8.0-android/android/bin/classes/crc6477f0d89a9cfd64b1/FormsSeekBar.class' (2,879)
2026-08-09 05:59:20: Copy Over 'C:/rock/bannister/Bannister/obj/Debug/net8.0-android/android/bin/classes/crc6477f0d89a9cfd64b1/FormsTextView.class' -> 'goodrive://www.googleapis.com/:personal:/bannister/bannister/obj/Debug/net8.0-android/android/bin/classes/crc6477f0d89a9cfd64b1/FormsTextView.class' (2,053)
2026-08-09 05:59:21: Copy Over 'C:/rock/bannister/Bannister/obj/Debug/net8.0-android/android/bin/classes/crc6477f0d89a9cfd64b1/FormsVideoView.class' -> 'goodrive://www.googleapis.com/:personal:/bannister/bannister/obj/Debug/net8.0-android/android/bin/classes/crc6477f0d89a9cfd64b1/FormsVideoView.class' (3,000)
2026-08-09 05:59:23: Copy Over 'C:/rock/bannister/Bannister/obj/Debug/net8.0-android/android/bin/classes/crc6477f0d89a9cfd64b1/FormsWebChromeClient.class' -> 'goodrive://www.googleapis.com/:personal:/bannister/bannister/obj/Debug/net8.0-android/android/bin/classes/crc6477f0d89a9cfd64b1/FormsWebChromeClient.class' (1,863)
2026-08-09 05:59:24: Copy Over 'C:/rock/bannister/Bannister/obj/Debug/net8.0-android/android/bin/classes/crc6477f0d89a9cfd64b1/FormsWebViewClient.class' -> 'goodrive://www.googleapis.com/:personal:/bannister/bannister/obj/Debug/net8.0-android/android/bin/classes/crc6477f0d89a9cfd64b1/FormsWebViewClient.class' (3,589)
2026-08-09 05:59:24: Copy Over 'C:/rock/bannister/Bannister/obj/Debug/net8.0-android/android/bin/classes/crc6477f0d89a9cfd64b1/GridLayoutSpanSizeLookup.class' -> 'goodrive://www.googleapis.com/:personal:/bannister/bannister/obj/Debug/net8.0-android/android/bin/classes/crc6477f0d89a9cfd64b1/GridLayoutSpanSizeLookup.class' (1,566)
2026-08-09 05:59:26: Copy Over 'C:/rock/bannister/Bannister/obj/Debug/net8.0-android/android/bin/classes/crc6477f0d89a9cfd64b1/GroupableItemsViewAdapter_2.class' -> 'goodrive://www.googleapis.com/:personal:/bannister/bannister/obj/Debug/net8.0-android/android/bin/classes/crc6477f0d89a9cfd64b1/GroupableItemsViewAdapter_2.class' (2,307)
2026-08-09 05:59:27: Copy Over 'C:/rock/bannister/Bannister/obj/Debug/net8.0-android/android/bin/classes/crc6477f0d89a9cfd64b1/GroupableItemsViewRenderer_3.class' -> 'goodrive://www.googleapis.com/:personal:/bannister/bannister/obj/Debug/net8.0-android/android/bin/classes/crc6477f0d89a9cfd64b1/GroupableItemsViewRenderer_3.class' (2,106)
2026-08-09 05:59:28: Copy Over 'C:/rock/bannister/Bannister/obj/Debug/net8.0-android/android/bin/classes/crc6477f0d89a9cfd64b1/GroupedListViewAdapter.class' -> 'goodrive://www.googleapis.com/:personal:/bannister/bannister/obj/Debug/net8.0-android/android/bin/classes/crc6477f0d89a9cfd64b1/GroupedListViewAdapter.class' (2,386)
2026-08-09 05:59:29: Copy Over 'C:/rock/bannister/Bannister/obj/Debug/net8.0-android/android/bin/classes/crc6477f0d89a9cfd64b1/ImageButtonRenderer.class' -> 'goodrive://www.googleapis.com/:personal:/bannister/bannister/obj/Debug/net8.0-android/android/bin/classes/crc6477f0d89a9cfd64b1/ImageButtonRenderer.class' (4,024)
2026-08-09 05:59:30: Copy Over 'C:/rock/bannister/Bannister/obj/Debug/net8.0-android/android/bin/classes/crc6477f0d89a9cfd64b1/ImageCache_CacheEntry.class' -> 'goodrive://www.googleapis.com/:personal:/bannister/bannister/obj/Debug/net8.0-android/android/bin/classes/crc6477f0d89a9cfd64b1/ImageCache_CacheEntry.class' (1,242)
2026-08-09 05:59:31: Copy Over 'C:/rock/bannister/Bannister/obj/Debug/net8.0-android/android/bin/classes/crc6477f0d89a9cfd64b1/ImageCache_FormsLruCache.class' -> 'goodrive://www.googleapis.com/:personal:/bannister/bannister/obj/Debug/net8.0-android/android/bin/classes/crc6477f0d89a9cfd64b1/ImageCache_FormsLruCache.class' (1,637)
2026-08-09 05:59:32: Copy Over 'C:/rock/bannister/Bannister/obj/Debug/net8.0-android/android/bin/classes/crc6477f0d89a9cfd64b1/ImageRenderer.class' -> 'goodrive://www.googleapis.com/:personal:/bannister/bannister/obj/Debug/net8.0-android/android/bin/classes/crc6477f0d89a9cfd64b1/ImageRenderer.class' (2,267)
2026-08-09 05:59:34: Copy Over 'C:/rock/bannister/Bannister/obj/Debug/net8.0-android/android/bin/classes/crc6477f0d89a9cfd64b1/IndicatorViewRenderer.class' -> 'goodrive://www.googleapis.com/:personal:/bannister/bannister/obj/Debug/net8.0-android/android/bin/classes/crc6477f0d89a9cfd64b1/IndicatorViewRenderer.class' (2,419)
2026-08-09 05:59:35: Copy Over 'C:/rock/bannister/Bannister/obj/Debug/net8.0-android/android/bin/classes/crc6477f0d89a9cfd64b1/ItemContentView.class' -> 'goodrive://www.googleapis.com/:personal:/bannister/bannister/obj/Debug/net8.0-android/android/bin/classes/crc6477f0d89a9cfd64b1/ItemContentView.class' (2,690)
2026-08-09 05:59:35: Copy Over 'C:/rock/bannister/Bannister/obj/Debug/net8.0-android/android/bin/classes/crc6477f0d89a9cfd64b1/ItemsViewAdapter_2.class' -> 'goodrive://www.googleapis.com/:personal:/bannister/bannister/obj/Debug/net8.0-android/android/bin/classes/crc6477f0d89a9cfd64b1/ItemsViewAdapter_2.class' (2,755)
2026-08-09 05:59:37: Copy Over 'C:/rock/bannister/Bannister/obj/Debug/net8.0-android/android/bin/classes/crc6477f0d89a9cfd64b1/ItemsViewRenderer_3.class' -> 'goodrive://www.googleapis.com/:personal:/bannister/bannister/obj/Debug/net8.0-android/android/bin/classes/crc6477f0d89a9cfd64b1/ItemsViewRenderer_3.class' (2,221)
2026-08-09 05:59:38: Copy Over 'C:/rock/bannister/Bannister/obj/Debug/net8.0-android/android/bin/classes/crc6477f0d89a9cfd64b1/LabelRenderer.class' -> 'goodrive://www.googleapis.com/:personal:/bannister/bannister/obj/Debug/net8.0-android/android/bin/classes/crc6477f0d89a9cfd64b1/LabelRenderer.class' (2,419)
2026-08-09 05:59:39: Copy Over 'C:/rock/bannister/Bannister/obj/Debug/net8.0-android/android/bin/classes/crc6477f0d89a9cfd64b1/LineRenderer.class' -> 'goodrive://www.googleapis.com/:personal:/bannister/bannister/obj/Debug/net8.0-android/android/bin/classes/crc6477f0d89a9cfd64b1/LineRenderer.class' (2,044)
2026-08-09 05:59:41: Copy Over 'C:/rock/bannister/Bannister/obj/Debug/net8.0-android/android/bin/classes/crc6477f0d89a9cfd64b1/LineView.class' -> 'goodrive://www.googleapis.com/:personal:/bannister/bannister/obj/Debug/net8.0-android/android/bin/classes/crc6477f0d89a9cfd64b1/LineView.class' (2,384)
2026-08-09 05:59:41: Copy Over 'C:/rock/bannister/Bannister/obj/Debug/net8.0-android/android/bin/classes/crc6477f0d89a9cfd64b1/ListViewAdapter.class' -> 'goodrive://www.googleapis.com/:personal:/bannister/bannister/obj/Debug/net8.0-android/android/bin/classes/crc6477f0d89a9cfd64b1/ListViewAdapter.class' (2,928)
2026-08-09 05:59:42: Copy Over 'C:/rock/bannister/Bannister/obj/Debug/net8.0-android/android/bin/classes/crc6477f0d89a9cfd64b1/ListViewRenderer.class' -> 'goodrive://www.googleapis.com/:personal:/bannister/bannister/obj/Debug/net8.0-android/android/bin/classes/crc6477f0d89a9cfd64b1/ListViewRenderer.class' (2,974)
2026-08-09 05:59:44: Copy Over 'C:/rock/bannister/Bannister/obj/Debug/net8.0-android/android/bin/classes/crc6477f0d89a9cfd64b1/ListViewRenderer_Container.class' -> 'goodrive://www.googleapis.com/:personal:/bannister/bannister/obj/Debug/net8.0-android/android/bin/classes/crc6477f0d89a9cfd64b1/ListViewRenderer_Container.class' (2,723)
2026-08-09 05:59:44: Copy Over 'C:/rock/bannister/Bannister/obj/Debug/net8.0-android/android/bin/classes/crc6477f0d89a9cfd64b1/ListViewRenderer_ListViewScrollDetector.class' -> 'goodrive://www.googleapis.com/:personal:/bannister/bannister/obj/Debug/net8.0-android/android/bin/classes/crc6477f0d89a9cfd64b1/ListViewRenderer_ListViewScrollDetector.class' (2,479)
2026-08-09 05:59:46: Copy Over 'C:/rock/bannister/Bannister/obj/Debug/net8.0-android/android/bin/classes/crc6477f0d89a9cfd64b1/ListViewRenderer_SwipeRefreshLayoutWithFixedNestedScrolling.class' -> 'goodrive://www.googleapis.com/:personal:/bannister/bannister/obj/Debug/net8.0-android/android/bin/classes/crc6477f0d89a9cfd64b1/ListViewRenderer_SwipeRefreshLayoutWithFixedNestedScrolling.class' (2,845)
2026-08-09 05:59:47: Copy Over 'C:/rock/bannister/Bannister/obj/Debug/net8.0-android/android/bin/classes/crc6477f0d89a9cfd64b1/NativeViewWrapperRenderer.class' -> 'goodrive://www.googleapis.com/:personal:/bannister/bannister/obj/Debug/net8.0-android/android/bin/classes/crc6477f0d89a9cfd64b1/NativeViewWrapperRenderer.class' (2,376)
2026-08-09 05:59:48: Copy Over 'C:/rock/bannister/Bannister/obj/Debug/net8.0-android/android/bin/classes/crc6477f0d89a9cfd64b1/NongreedySnapHelper.class' -> 'goodrive://www.googleapis.com/:personal:/bannister/bannister/obj/Debug/net8.0-android/android/bin/classes/crc6477f0d89a9cfd64b1/NongreedySnapHelper.class' (1,601)
2026-08-09 05:59:49: Copy Over 'C:/rock/bannister/Bannister/obj/Debug/net8.0-android/android/bin/classes/crc6477f0d89a9cfd64b1/NongreedySnapHelper_InitialScrollListener.class' -> 'goodrive://www.googleapis.com/:personal:/bannister/bannister/obj/Debug/net8.0-android/android/bin/classes/crc6477f0d89a9cfd64b1/NongreedySnapHelper_InitialScrollListener.class' (2,061)
2026-08-09 05:59:51: Copy Over 'C:/rock/bannister/Bannister/obj/Debug/net8.0-android/android/bin/classes/crc6477f0d89a9cfd64b1/PageContainer.class' -> 'goodrive://www.googleapis.com/:personal:/bannister/bannister/obj/Debug/net8.0-android/android/bin/classes/crc6477f0d89a9cfd64b1/PageContainer.class' (2,684)
2026-08-09 05:59:51: Copy Over 'C:/rock/bannister/Bannister/obj/Debug/net8.0-android/android/bin/classes/crc6477f0d89a9cfd64b1/ObjectJavaBox_1.class' -> 'goodrive://www.googleapis.com/:personal:/bannister/bannister/obj/Debug/net8.0-android/android/bin/classes/crc6477f0d89a9cfd64b1/ObjectJavaBox_1.class' (1,224)
2026-08-09 05:59:53: Copy Over 'C:/rock/bannister/Bannister/obj/Debug/net8.0-android/android/bin/classes/crc6477f0d89a9cfd64b1/PageExtensions_EmbeddedFragment.class' -> 'goodrive://www.googleapis.com/:personal:/bannister/bannister/obj/Debug/net8.0-android/android/bin/classes/crc6477f0d89a9cfd64b1/PageExtensions_EmbeddedFragment.class' (1,941)
2026-08-09 05:59:54: Copy Over 'C:/rock/bannister/Bannister/obj/Debug/net8.0-android/android/bin/classes/crc6477f0d89a9cfd64b1/PageExtensions_EmbeddedSupportFragment.class' -> 'goodrive://www.googleapis.com/:personal:/bannister/bannister/obj/Debug/net8.0-android/android/bin/classes/crc6477f0d89a9cfd64b1/PageExtensions_EmbeddedSupportFragment.class' (1,962)
2026-08-09 05:59:54: Copy Over 'C:/rock/bannister/Bannister/obj/Debug/net8.0-android/android/bin/classes/crc6477f0d89a9cfd64b1/PageRenderer.class' -> 'goodrive://www.googleapis.com/:personal:/bannister/bannister/obj/Debug/net8.0-android/android/bin/classes/crc6477f0d89a9cfd64b1/PageRenderer.class' (2,759)
2026-08-09 05:59:56: Copy Over 'C:/rock/bannister/Bannister/obj/Debug/net8.0-android/android/bin/classes/crc6477f0d89a9cfd64b1/PathRenderer.class' -> 'goodrive://www.googleapis.com/:personal:/bannister/bannister/obj/Debug/net8.0-android/android/bin/classes/crc6477f0d89a9cfd64b1/PathRenderer.class' (2,044)
2026-08-09 05:59:57: Copy Over 'C:/rock/bannister/Bannister/obj/Debug/net8.0-android/android/bin/classes/crc6477f0d89a9cfd64b1/PathView.class' -> 'goodrive://www.googleapis.com/:personal:/bannister/bannister/obj/Debug/net8.0-android/android/bin/classes/crc6477f0d89a9cfd64b1/PathView.class' (2,384)
2026-08-09 05:59:58: Copy Over 'C:/rock/bannister/Bannister/obj/Debug/net8.0-android/android/bin/classes/crc6477f0d89a9cfd64b1/PickerEditText.class' -> 'goodrive://www.googleapis.com/:personal:/bannister/bannister/obj/Debug/net8.0-android/android/bin/classes/crc6477f0d89a9cfd64b1/PickerEditText.class' (2,505)
2026-08-09 05:59:59: Copy Over 'C:/rock/bannister/Bannister/obj/Debug/net8.0-android/android/bin/classes/crc6477f0d89a9cfd64b1/PickerManager_PickerListener.class' -> 'goodrive://www.googleapis.com/:personal:/bannister/bannister/obj/Debug/net8.0-android/android/bin/classes/crc6477f0d89a9cfd64b1/PickerManager_PickerListener.class' (1,678)
2026-08-09 06:00:01: Copy Over 'C:/rock/bannister/Bannister/obj/Debug/net8.0-android/android/bin/classes/crc6477f0d89a9cfd64b1/Platform_DefaultRenderer.class' -> 'goodrive://www.googleapis.com/:personal:/bannister/bannister/obj/Debug/net8.0-android/android/bin/classes/crc6477f0d89a9cfd64b1/Platform_DefaultRenderer.class' (3,061)
2026-08-09 06:00:01: Copy Over 'C:/rock/bannister/Bannister/obj/Debug/net8.0-android/android/bin/classes/crc6477f0d89a9cfd64b1/Platform_ModalContainer.class' -> 'goodrive://www.googleapis.com/:personal:/bannister/bannister/obj/Debug/net8.0-android/android/bin/classes/crc6477f0d89a9cfd64b1/Platform_ModalContainer.class' (2,572)
2026-08-09 06:00:03: Copy Over 'C:/rock/bannister/Bannister/obj/Debug/net8.0-android/android/bin/classes/crc6477f0d89a9cfd64b1/PlatformRenderer.class' -> 'goodrive://www.googleapis.com/:personal:/bannister/bannister/obj/Debug/net8.0-android/android/bin/classes/crc6477f0d89a9cfd64b1/PlatformRenderer.class' (2,938)
2026-08-09 06:00:04: Copy Over 'C:/rock/bannister/Bannister/obj/Debug/net8.0-android/android/bin/classes/crc6477f0d89a9cfd64b1/PolygonRenderer.class' -> 'goodrive://www.googleapis.com/:personal:/bannister/bannister/obj/Debug/net8.0-android/android/bin/classes/crc6477f0d89a9cfd64b1/PolygonRenderer.class' (2,053)
2026-08-09 06:00:05: Copy Over 'C:/rock/bannister/Bannister/obj/Debug/net8.0-android/android/bin/classes/crc6477f0d89a9cfd64b1/PolygonView.class' -> 'goodrive://www.googleapis.com/:personal:/bannister/bannister/obj/Debug/net8.0-android/android/bin/classes/crc6477f0d89a9cfd64b1/PolygonView.class' (2,393)
2026-08-09 06:00:06: Copy Over 'C:/rock/bannister/Bannister/obj/Debug/net8.0-android/android/bin/classes/crc6477f0d89a9cfd64b1/PolylineRenderer.class' -> 'goodrive://www.googleapis.com/:personal:/bannister/bannister/obj/Debug/net8.0-android/android/bin/classes/crc6477f0d89a9cfd64b1/PolylineRenderer.class' (2,056)
2026-08-09 06:00:08: Copy Over 'C:/rock/bannister/Bannister/obj/Debug/net8.0-android/android/bin/classes/crc6477f0d89a9cfd64b1/PolylineView.class' -> 'goodrive://www.googleapis.com/:personal:/bannister/bannister/obj/Debug/net8.0-android/android/bin/classes/crc6477f0d89a9cfd64b1/PolylineView.class' (2,396)
2026-08-09 06:00:08: Copy Over 'C:/rock/bannister/Bannister/obj/Debug/net8.0-android/android/bin/classes/crc6477f0d89a9cfd64b1/PositionalSmoothScroller.class' -> 'goodrive://www.googleapis.com/:personal:/bannister/bannister/obj/Debug/net8.0-android/android/bin/classes/crc6477f0d89a9cfd64b1/PositionalSmoothScroller.class' (1,990)
2026-08-09 06:00:10: Copy Over 'C:/rock/bannister/Bannister/obj/Debug/net8.0-android/android/bin/classes/crc6477f0d89a9cfd64b1/ProgressBarRenderer.class' -> 'goodrive://www.googleapis.com/:personal:/bannister/bannister/obj/Debug/net8.0-android/android/bin/classes/crc6477f0d89a9cfd64b1/ProgressBarRenderer.class' (2,064)
2026-08-09 06:00:12: Copy Over 'C:/rock/bannister/Bannister/obj/Debug/net8.0-android/android/bin/classes/crc6477f0d89a9cfd64b1/RectangleRenderer.class' -> 'goodrive://www.googleapis.com/:personal:/bannister/bannister/obj/Debug/net8.0-android/android/bin/classes/crc6477f0d89a9cfd64b1/RectangleRenderer.class' (2,059)
2026-08-09 06:00:13: Copy Over 'C:/rock/bannister/Bannister/obj/Debug/net8.0-android/android/bin/classes/crc6477f0d89a9cfd64b1/RadioButtonRenderer.class' -> 'goodrive://www.googleapis.com/:personal:/bannister/bannister/obj/Debug/net8.0-android/android/bin/classes/crc6477f0d89a9cfd64b1/RadioButtonRenderer.class' (3,271)
2026-08-09 06:00:13: Copy Over 'C:/rock/bannister/Bannister/obj/Debug/net8.0-android/android/bin/classes/crc6477f0d89a9cfd64b1/RectView.class' -> 'goodrive://www.googleapis.com/:personal:/bannister/bannister/obj/Debug/net8.0-android/android/bin/classes/crc6477f0d89a9cfd64b1/RectView.class' (2,384)
2026-08-09 06:00:15: Copy Over 'C:/rock/bannister/Bannister/obj/Debug/net8.0-android/android/bin/classes/crc6477f0d89a9cfd64b1/RefreshViewRenderer.class' -> 'goodrive://www.googleapis.com/:personal:/bannister/bannister/obj/Debug/net8.0-android/android/bin/classes/crc6477f0d89a9cfd64b1/RefreshViewRenderer.class' (2,676)
2026-08-09 06:00:16: Copy Over 'C:/rock/bannister/Bannister/obj/Debug/net8.0-android/android/bin/classes/crc6477f0d89a9cfd64b1/ScrollHelper.class' -> 'goodrive://www.googleapis.com/:personal:/bannister/bannister/obj/Debug/net8.0-android/android/bin/classes/crc6477f0d89a9cfd64b1/ScrollHelper.class' (1,886)
2026-08-09 06:00:17: Copy Over 'C:/rock/bannister/Bannister/obj/Debug/net8.0-android/android/bin/classes/crc6477f0d89a9cfd64b1/ScrollViewContainer.class' -> 'goodrive://www.googleapis.com/:personal:/bannister/bannister/obj/Debug/net8.0-android/android/bin/classes/crc6477f0d89a9cfd64b1/ScrollViewContainer.class' (2,702)
2026-08-09 06:00:19: Copy Over 'C:/rock/bannister/Bannister/obj/Debug/net8.0-android/android/bin/classes/crc6477f0d89a9cfd64b1/ScrollViewRenderer.class' -> 'goodrive://www.googleapis.com/:personal:/bannister/bannister/obj/Debug/net8.0-android/android/bin/classes/crc6477f0d89a9cfd64b1/ScrollViewRenderer.class' (3,359)
2026-08-09 06:00:19: Copy Over 'C:/rock/bannister/Bannister/obj/Debug/net8.0-android/android/bin/classes/crc6477f0d89a9cfd64b1/SearchBarRenderer.class' -> 'goodrive://www.googleapis.com/:personal:/bannister/bannister/obj/Debug/net8.0-android/android/bin/classes/crc6477f0d89a9cfd64b1/SearchBarRenderer.class' (2,813)
2026-08-09 06:00:20: Copy Over 'C:/rock/bannister/Bannister/obj/Debug/net8.0-android/android/bin/classes/crc6477f0d89a9cfd64b1/SelectableItemsViewAdapter_2.class' -> 'goodrive://www.googleapis.com/:personal:/bannister/bannister/obj/Debug/net8.0-android/android/bin/classes/crc6477f0d89a9cfd64b1/SelectableItemsViewAdapter_2.class' (2,120)
2026-08-09 06:00:23: Copy Over 'C:/rock/bannister/Bannister/obj/Debug/net8.0-android/android/bin/classes/crc6477f0d89a9cfd64b1/SelectableItemsViewRenderer_3.class' -> 'goodrive://www.googleapis.com/:personal:/bannister/bannister/obj/Debug/net8.0-android/android/bin/classes/crc6477f0d89a9cfd64b1/SelectableItemsViewRenderer_3.class' (2,109)
2026-08-09 06:00:23: Copy Over 'C:/rock/bannister/Bannister/obj/Debug/net8.0-android/android/bin/classes/crc6477f0d89a9cfd64b1/SelectableViewHolder.class' -> 'goodrive://www.googleapis.com/:personal:/bannister/bannister/obj/Debug/net8.0-android/android/bin/classes/crc6477f0d89a9cfd64b1/SelectableViewHolder.class' (1,825)
2026-08-09 06:00:24: Copy Over 'C:/rock/bannister/Bannister/obj/Debug/net8.0-android/android/bin/classes/crc6477f0d89a9cfd64b1/ShapeRenderer_2.class' -> 'goodrive://www.googleapis.com/:personal:/bannister/bannister/obj/Debug/net8.0-android/android/bin/classes/crc6477f0d89a9cfd64b1/ShapeRenderer_2.class' (2,052)
2026-08-09 06:00:26: Copy Over 'C:/rock/bannister/Bannister/obj/Debug/net8.0-android/android/bin/classes/crc6477f0d89a9cfd64b1/SimpleViewHolder.class' -> 'goodrive://www.googleapis.com/:personal:/bannister/bannister/obj/Debug/net8.0-android/android/bin/classes/crc6477f0d89a9cfd64b1/SimpleViewHolder.class' (1,475)
2026-08-09 06:00:26: Copy Over 'C:/rock/bannister/Bannister/obj/Debug/net8.0-android/android/bin/classes/crc6477f0d89a9cfd64b1/ShapeView.class' -> 'goodrive://www.googleapis.com/:personal:/bannister/bannister/obj/Debug/net8.0-android/android/bin/classes/crc6477f0d89a9cfd64b1/ShapeView.class' (2,571)
2026-08-09 06:00:27: Copy Over 'C:/rock/bannister/Bannister/obj/Debug/net8.0-android/android/bin/classes/crc6477f0d89a9cfd64b1/SingleSnapHelper.class' -> 'goodrive://www.googleapis.com/:personal:/bannister/bannister/obj/Debug/net8.0-android/android/bin/classes/crc6477f0d89a9cfd64b1/SingleSnapHelper.class' (2,150)
2026-08-09 06:00:29: Copy Over 'C:/rock/bannister/Bannister/obj/Debug/net8.0-android/android/bin/classes/crc6477f0d89a9cfd64b1/SizedItemContentView.class' -> 'goodrive://www.googleapis.com/:personal:/bannister/bannister/obj/Debug/net8.0-android/android/bin/classes/crc6477f0d89a9cfd64b1/SizedItemContentView.class' (2,568)
2026-08-09 06:00:30: Copy Over 'C:/rock/bannister/Bannister/obj/Debug/net8.0-android/android/bin/classes/crc6477f0d89a9cfd64b1/SliderRenderer.class' -> 'goodrive://www.googleapis.com/:personal:/bannister/bannister/obj/Debug/net8.0-android/android/bin/classes/crc6477f0d89a9cfd64b1/SliderRenderer.class' (3,427)
2026-08-09 06:00:30: Copy Over 'C:/rock/bannister/Bannister/obj/Debug/net8.0-android/android/bin/classes/crc6477f0d89a9cfd64b1/SpacingItemDecoration.class' -> 'goodrive://www.googleapis.com/:personal:/bannister/bannister/obj/Debug/net8.0-android/android/bin/classes/crc6477f0d89a9cfd64b1/SpacingItemDecoration.class' (2,035)
2026-08-09 06:00:33: Copy Over 'C:/rock/bannister/Bannister/obj/Debug/net8.0-android/android/bin/classes/crc6477f0d89a9cfd64b1/StartSingleSnapHelper.class' -> 'goodrive://www.googleapis.com/:personal:/bannister/bannister/obj/Debug/net8.0-android/android/bin/classes/crc6477f0d89a9cfd64b1/StartSingleSnapHelper.class' (1,885)
2026-08-09 06:00:34: Copy Over 'C:/rock/bannister/Bannister/obj/Debug/net8.0-android/android/bin/classes/crc6477f0d89a9cfd64b1/StepperRenderer.class' -> 'goodrive://www.googleapis.com/:personal:/bannister/bannister/obj/Debug/net8.0-android/android/bin/classes/crc6477f0d89a9cfd64b1/StepperRenderer.class' (2,052)
2026-08-09 06:00:34: Copy Over 'C:/rock/bannister/Bannister/obj/Debug/net8.0-android/android/bin/classes/crc6477f0d89a9cfd64b1/StartSnapHelper.class' -> 'goodrive://www.googleapis.com/:personal:/bannister/bannister/obj/Debug/net8.0-android/android/bin/classes/crc6477f0d89a9cfd64b1/StartSnapHelper.class' (2,215)
2026-08-09 06:00:37: Copy Over 'C:/rock/bannister/Bannister/obj/Debug/net8.0-android/android/bin/classes/crc6477f0d89a9cfd64b1/StepperRendererManager_StepperListener.class' -> 'goodrive://www.googleapis.com/:personal:/bannister/bannister/obj/Debug/net8.0-android/android/bin/classes/crc6477f0d89a9cfd64b1/StepperRendererManager_StepperListener.class' (1,708)
2026-08-09 06:00:37: Copy Over 'C:/rock/bannister/Bannister/obj/Debug/net8.0-android/android/bin/classes/crc6477f0d89a9cfd64b1/StructuredItemsViewRenderer_3.class' -> 'goodrive://www.googleapis.com/:personal:/bannister/bannister/obj/Debug/net8.0-android/android/bin/classes/crc6477f0d89a9cfd64b1/StructuredItemsViewRenderer_3.class' (2,099)
2026-08-09 06:00:38: Copy Over 'C:/rock/bannister/Bannister/obj/Debug/net8.0-android/android/bin/classes/crc6477f0d89a9cfd64b1/StructuredItemsViewAdapter_2.class' -> 'goodrive://www.googleapis.com/:personal:/bannister/bannister/obj/Debug/net8.0-android/android/bin/classes/crc6477f0d89a9cfd64b1/StructuredItemsViewAdapter_2.class' (2,300)
2026-08-09 06:00:40: Copy Over 'C:/rock/bannister/Bannister/obj/Debug/net8.0-android/android/bin/classes/crc6477f0d89a9cfd64b1/SwipeViewRenderer.class' -> 'goodrive://www.googleapis.com/:personal:/bannister/bannister/obj/Debug/net8.0-android/android/bin/classes/crc6477f0d89a9cfd64b1/SwipeViewRenderer.class' (2,880)
2026-08-09 06:00:41: Copy Over 'C:/rock/bannister/Bannister/obj/Debug/net8.0-android/android/bin/classes/crc6477f0d89a9cfd64b1/TableViewModelRenderer.class' -> 'goodrive://www.googleapis.com/:personal:/bannister/bannister/obj/Debug/net8.0-android/android/bin/classes/crc6477f0d89a9cfd64b1/TableViewModelRenderer.class' (2,656)
2026-08-09 06:00:41: Copy Over 'C:/rock/bannister/Bannister/obj/Debug/net8.0-android/android/bin/classes/crc6477f0d89a9cfd64b1/TableViewRenderer.class' -> 'goodrive://www.googleapis.com/:personal:/bannister/bannister/obj/Debug/net8.0-android/android/bin/classes/crc6477f0d89a9cfd64b1/TableViewRenderer.class' (2,221)
2026-08-09 06:00:44: Copy Over 'C:/rock/bannister/Bannister/obj/Debug/net8.0-android/android/bin/classes/crc6477f0d89a9cfd64b1/TextViewHolder.class' -> 'goodrive://www.googleapis.com/:personal:/bannister/bannister/obj/Debug/net8.0-android/android/bin/classes/crc6477f0d89a9cfd64b1/TextViewHolder.class' (1,368)
2026-08-09 06:00:44: Copy Over 'C:/rock/bannister/Bannister/obj/Debug/net8.0-android/android/bin/classes/crc6477f0d89a9cfd64b1/TextCellRenderer_TextCellView.class' -> 'goodrive://www.googleapis.com/:personal:/bannister/bannister/obj/Debug/net8.0-android/android/bin/classes/crc6477f0d89a9cfd64b1/TextCellRenderer_TextCellView.class' (2,450)
2026-08-09 06:00:44: Copy Over 'C:/rock/bannister/Bannister/obj/Debug/net8.0-android/android/bin/classes/crc6477f0d89a9cfd64b1/TemplatedItemViewHolder.class' -> 'goodrive://www.googleapis.com/:personal:/bannister/bannister/obj/Debug/net8.0-android/android/bin/classes/crc6477f0d89a9cfd64b1/TemplatedItemViewHolder.class' (1,395)
2026-08-09 06:00:47: Copy Over 'C:/rock/bannister/Bannister/obj/Debug/net8.0-android/android/bin/classes/crc6477f0d89a9cfd64b1/TimePickerRendererBase_1.class' -> 'goodrive://www.googleapis.com/:personal:/bannister/bannister/obj/Debug/net8.0-android/android/bin/classes/crc6477f0d89a9cfd64b1/TimePickerRendererBase_1.class' (2,566)
2026-08-09 06:00:47: Copy Over 'C:/rock/bannister/Bannister/obj/Debug/net8.0-android/android/bin/classes/crc6477f0d89a9cfd64b1/ViewCellRenderer_ViewCellContainer.class' -> 'goodrive://www.googleapis.com/:personal:/bannister/bannister/obj/Debug/net8.0-android/android/bin/classes/crc6477f0d89a9cfd64b1/ViewCellRenderer_ViewCellContainer.class' (3,217)
2026-08-09 06:00:47: Copy Over 'C:/rock/bannister/Bannister/obj/Debug/net8.0-android/android/bin/classes/crc6477f0d89a9cfd64b1/TimePickerRenderer.class' -> 'goodrive://www.googleapis.com/:personal:/bannister/bannister/obj/Debug/net8.0-android/android/bin/classes/crc6477f0d89a9cfd64b1/TimePickerRenderer.class' (2,071)
2026-08-09 06:00:51: Copy Over 'C:/rock/bannister/Bannister/obj/Debug/net8.0-android/android/bin/classes/crc6477f0d89a9cfd64b1/ViewCellRenderer_ViewCellContainer_TapGestureListener.class' -> 'goodrive://www.googleapis.com/:personal:/bannister/bannister/obj/Debug/net8.0-android/android/bin/classes/crc6477f0d89a9cfd64b1/ViewCellRenderer_ViewCellContainer_TapGestureListener.class' (3,555)
2026-08-09 06:00:51: Copy Over 'C:/rock/bannister/Bannister/obj/Debug/net8.0-android/android/bin/classes/crc6477f0d89a9cfd64b1/ViewCellRenderer_ViewCellContainer_LongPressGestureListener.class' -> 'goodrive://www.googleapis.com/:personal:/bannister/bannister/obj/Debug/net8.0-android/android/bin/classes/crc6477f0d89a9cfd64b1/ViewCellRenderer_ViewCellContainer_LongPressGestureListener.class' (3,573)
2026-08-09 06:00:51: Copy Over 'C:/rock/bannister/Bannister/obj/Debug/net8.0-android/android/bin/classes/crc6477f0d89a9cfd64b1/ViewRenderer.class' -> 'goodrive://www.googleapis.com/:personal:/bannister/bannister/obj/Debug/net8.0-android/android/bin/classes/crc6477f0d89a9cfd64b1/ViewRenderer.class' (2,043)
2026-08-09 06:00:54: Copy Over 'C:/rock/bannister/Bannister/obj/Debug/net8.0-android/android/bin/classes/crc6477f0d89a9cfd64b1/ViewRenderer_2.class' -> 'goodrive://www.googleapis.com/:personal:/bannister/bannister/obj/Debug/net8.0-android/android/bin/classes/crc6477f0d89a9cfd64b1/ViewRenderer_2.class' (2,665)
2026-08-09 06:00:54: Copy Over 'C:/rock/bannister/Bannister/obj/Debug/net8.0-android/android/bin/classes/crc6477f0d89a9cfd64b1/VisualElementRenderer_1.class' -> 'goodrive://www.googleapis.com/:personal:/bannister/bannister/obj/Debug/net8.0-android/android/bin/classes/crc6477f0d89a9cfd64b1/VisualElementRenderer_1.class' (3,176)
2026-08-09 06:00:55: Copy Over 'C:/rock/bannister/Bannister/obj/Debug/net8.0-android/android/bin/classes/crc6477f0d89a9cfd64b1/VisualElementTracker_AttachTracker.class' -> 'goodrive://www.googleapis.com/:personal:/bannister/bannister/obj/Debug/net8.0-android/android/bin/classes/crc6477f0d89a9cfd64b1/VisualElementTracker_AttachTracker.class' (2,143)
2026-08-09 06:00:58: Copy Over 'C:/rock/bannister/Bannister/obj/Debug/net8.0-android/android/bin/classes/crc6477f0d89a9cfd64b1/WebViewRenderer.class' -> 'goodrive://www.googleapis.com/:personal:/bannister/bannister/obj/Debug/net8.0-android/android/bin/classes/crc6477f0d89a9cfd64b1/WebViewRenderer.class' (2,052)
2026-08-09 06:00:58: Copy Over 'C:/rock/bannister/Bannister/obj/Debug/net8.0-android/android/bin/classes/crc6477f0d89a9cfd64b1/WebViewRenderer_JavascriptResult.class' -> 'goodrive://www.googleapis.com/:personal:/bannister/bannister/obj/Debug/net8.0-android/android/bin/classes/crc6477f0d89a9cfd64b1/WebViewRenderer_JavascriptResult.class' (1,608)
2026-08-09 06:00:59: Copy Over 'C:/rock/bannister/Bannister/obj/Debug/net8.0-android/android/bin/classes/crc648afdc667cfb0dccb/ButtonRenderer.class' -> 'goodrive://www.googleapis.com/:personal:/bannister/bannister/obj/Debug/net8.0-android/android/bin/classes/crc648afdc667cfb0dccb/ButtonRenderer.class' (3,843)
2026-08-09 06:01:01: Copy Over 'C:/rock/bannister/Bannister/obj/Debug/net8.0-android/android/bin/classes/crc648afdc667cfb0dccb/CarouselPageRenderer.class' -> 'goodrive://www.googleapis.com/:personal:/bannister/bannister/obj/Debug/net8.0-android/android/bin/classes/crc648afdc667cfb0dccb/CarouselPageRenderer.class' (3,525)
2026-08-09 06:01:02: Copy Over 'C:/rock/bannister/Bannister/obj/Debug/net8.0-android/android/bin/classes/crc648afdc667cfb0dccb/FormsFragmentPagerAdapter_1.class' -> 'goodrive://www.googleapis.com/:personal:/bannister/bannister/obj/Debug/net8.0-android/android/bin/classes/crc648afdc667cfb0dccb/FormsFragmentPagerAdapter_1.class' (2,965)
2026-08-09 06:01:02: Copy Over 'C:/rock/bannister/Bannister/obj/Debug/net8.0-android/android/bin/classes/crc648fc34c62be8fbbff/Snackbar_SnackbarCallback.class' -> 'goodrive://www.googleapis.com/:personal:/bannister/bannister/obj/Debug/net8.0-android/android/bin/classes/crc648fc34c62be8fbbff/Snackbar_SnackbarCallback.class' (1,765)
2026-08-09 06:01:05: Copy Over 'C:/rock/bannister/Bannister/obj/Debug/net8.0-android/android/bin/classes/crc648afdc667cfb0dccb/FormsViewPager.class' -> 'goodrive://www.googleapis.com/:personal:/bannister/bannister/obj/Debug/net8.0-android/android/bin/classes/crc648afdc667cfb0dccb/FormsViewPager.class' (1,681)
2026-08-09 06:01:05: Copy Over 'C:/rock/bannister/Bannister/obj/Debug/net8.0-android/android/bin/classes/crc648afdc667cfb0dccb/FragmentContainer.class' -> 'goodrive://www.googleapis.com/:personal:/bannister/bannister/obj/Debug/net8.0-android/android/bin/classes/crc648afdc667cfb0dccb/FragmentContainer.class' (2,456)
2026-08-09 06:01:05: Copy Over 'C:/rock/bannister/Bannister/obj/Debug/net8.0-android/android/bin/classes/crc648afdc667cfb0dccb/FrameRenderer.class' -> 'goodrive://www.googleapis.com/:personal:/bannister/bannister/obj/Debug/net8.0-android/android/bin/classes/crc648afdc667cfb0dccb/FrameRenderer.class' (2,055)
2026-08-09 06:01:08: Copy Over 'C:/rock/bannister/Bannister/obj/Debug/net8.0-android/android/bin/classes/crc648afdc667cfb0dccb/NavigationPageRenderer.class' -> 'goodrive://www.googleapis.com/:personal:/bannister/bannister/obj/Debug/net8.0-android/android/bin/classes/crc648afdc667cfb0dccb/NavigationPageRenderer.class' (2,987)
2026-08-09 06:01:08: Copy Over 'C:/rock/bannister/Bannister/obj/Debug/net8.0-android/android/bin/classes/crc648afdc667cfb0dccb/NavigationPageRenderer_ClickListener.class' -> 'goodrive://www.googleapis.com/:personal:/bannister/bannister/obj/Debug/net8.0-android/android/bin/classes/crc648afdc667cfb0dccb/NavigationPageRenderer_ClickListener.class' (1,712)
2026-08-09 06:01:09: Copy Over 'C:/rock/bannister/Bannister/obj/Debug/net8.0-android/android/bin/classes/crc648afdc667cfb0dccb/NavigationPageRenderer_Container.class' -> 'goodrive://www.googleapis.com/:personal:/bannister/bannister/obj/Debug/net8.0-android/android/bin/classes/crc648afdc667cfb0dccb/NavigationPageRenderer_Container.class' (2,751)
2026-08-09 06:01:11: Copy Over 'C:/rock/bannister/Bannister/obj/Debug/net8.0-android/android/bin/classes/crc648afdc667cfb0dccb/NavigationPageRenderer_DrawerMultiplexedListener.class' -> 'goodrive://www.googleapis.com/:personal:/bannister/bannister/obj/Debug/net8.0-android/android/bin/classes/crc648afdc667cfb0dccb/NavigationPageRenderer_DrawerMultiplexedListener.class' (2,675)
2026-08-09 06:01:12: Copy Over 'C:/rock/bannister/Bannister/obj/Debug/net8.0-android/android/bin/classes/crc648afdc667cfb0dccb/PickerRendererBase_1.class' -> 'goodrive://www.googleapis.com/:personal:/bannister/bannister/obj/Debug/net8.0-android/android/bin/classes/crc648afdc667cfb0dccb/PickerRendererBase_1.class' (2,077)
2026-08-09 06:01:12: Copy Over 'C:/rock/bannister/Bannister/obj/Debug/net8.0-android/android/bin/classes/crc648afdc667cfb0dccb/PickerRenderer.class' -> 'goodrive://www.googleapis.com/:personal:/bannister/bannister/obj/Debug/net8.0-android/android/bin/classes/crc648afdc667cfb0dccb/PickerRenderer.class' (2,065)
2026-08-09 06:01:15: Copy Over 'C:/rock/bannister/Bannister/obj/Debug/net8.0-android/android/bin/classes/crc648afdc667cfb0dccb/SwitchRenderer.class' -> 'goodrive://www.googleapis.com/:personal:/bannister/bannister/obj/Debug/net8.0-android/android/bin/classes/crc648afdc667cfb0dccb/SwitchRenderer.class' (2,603)
2026-08-09 06:01:15: Copy Over 'C:/rock/bannister/Bannister/obj/Debug/net8.0-android/android/bin/classes/crc648afdc667cfb0dccb/TabbedPageRenderer.class' -> 'goodrive://www.googleapis.com/:personal:/bannister/bannister/obj/Debug/net8.0-android/android/bin/classes/crc648afdc667cfb0dccb/TabbedPageRenderer.class' (5,403)
2026-08-09 06:01:15: Copy Over 'C:/rock/bannister/Bannister/obj/Debug/net8.0-android/android/bin/classes/crc648afdc667cfb0dccb/ViewRenderer_2.class' -> 'goodrive://www.googleapis.com/:personal:/bannister/bannister/obj/Debug/net8.0-android/android/bin/classes/crc648afdc667cfb0dccb/ViewRenderer_2.class' (2,059)
2026-08-09 06:01:18: Copy Over 'C:/rock/bannister/Bannister/obj/Debug/net8.0-android/android/bin/classes/crc649ff77a65592e7d55/TabbedPageManager_Listeners.class' -> 'goodrive://www.googleapis.com/:personal:/bannister/bannister/obj/Debug/net8.0-android/android/bin/classes/crc649ff77a65592e7d55/TabbedPageManager_Listeners.class' (4,023)
2026-08-09 06:01:18: Copy Over 'C:/rock/bannister/Bannister/obj/Debug/net8.0-android/android/bin/classes/crc649ff77a65592e7d55/TabbedPageManager_TempView.class' -> 'goodrive://www.googleapis.com/:personal:/bannister/bannister/obj/Debug/net8.0-android/android/bin/classes/crc649ff77a65592e7d55/TabbedPageManager_TempView.class' (2,388)
2026-08-09 06:01:19: Copy Over 'C:/rock/bannister/Bannister/obj/Debug/net8.0-android/android/bin/classes/crc6493855b22b6fa0721/TextToSpeechInternalImplementation.class' -> 'goodrive://www.googleapis.com/:personal:/bannister/bannister/obj/Debug/net8.0-android/android/bin/classes/crc6493855b22b6fa0721/TextToSpeechInternalImplementation.class' (2,108)
2026-08-09 06:01:22: Copy Over 'C:/rock/bannister/Bannister/obj/Debug/net8.0-android/android/bin/classes/crc64a096dc44ad241142/PlatformTicker_DurationScaleListener.class' -> 'goodrive://www.googleapis.com/:personal:/bannister/bannister/obj/Debug/net8.0-android/android/bin/classes/crc64a096dc44ad241142/PlatformTicker_DurationScaleListener.class' (1,681)
2026-08-09 06:01:22: Copy Over 'C:/rock/bannister/Bannister/obj/Debug/net8.0-android/android/bin/classes/crc64a25b61d9f8ee364f/FloatArrayEvaluator.class' -> 'goodrive://www.googleapis.com/:personal:/bannister/bannister/obj/Debug/net8.0-android/android/bin/classes/crc64a25b61d9f8ee364f/FloatArrayEvaluator.class' (1,620)
2026-08-09 06:01:22: Copy Over 'C:/rock/bannister/Bannister/obj/Debug/net8.0-android/android/bin/classes/crc64a25b61d9f8ee364f/RectEvaluator.class' -> 'goodrive://www.googleapis.com/:personal:/bannister/bannister/obj/Debug/net8.0-android/android/bin/classes/crc64a25b61d9f8ee364f/RectEvaluator.class' (1,602)
2026-08-09 06:01:25: Copy Over 'C:/rock/bannister/Bannister/obj/Debug/net8.0-android/android/bin/classes/crc64a25b61d9f8ee364f/TransitionUtils.class' -> 'goodrive://www.googleapis.com/:personal:/bannister/bannister/obj/Debug/net8.0-android/android/bin/classes/crc64a25b61d9f8ee364f/TransitionUtils.class' (1,180)
2026-08-09 06:01:26: Copy Over 'C:/rock/bannister/Bannister/obj/Debug/net8.0-android/android/bin/classes/crc64a25b61d9f8ee364f/TransitionUtils_MatrixEvaluator.class' -> 'goodrive://www.googleapis.com/:personal:/bannister/bannister/obj/Debug/net8.0-android/android/bin/classes/crc64a25b61d9f8ee364f/TransitionUtils_MatrixEvaluator.class' (1,656)
2026-08-09 06:01:26: Copy Over 'C:/rock/bannister/Bannister/obj/Debug/net8.0-android/android/bin/classes/crc64b5e713d400f589b7/LinearGradientShaderFactory.class' -> 'goodrive://www.googleapis.com/:personal:/bannister/bannister/obj/Debug/net8.0-android/android/bin/classes/crc64b5e713d400f589b7/LinearGradientShaderFactory.class' (1,537)
2026-08-09 06:01:29: Copy Over 'C:/rock/bannister/Bannister/obj/Debug/net8.0-android/android/bin/classes/crc64ba438d8f48cf7e75/ActivityLifecycleContextListener.class' -> 'goodrive://www.googleapis.com/:personal:/bannister/bannister/obj/Debug/net8.0-android/android/bin/classes/crc64ba438d8f48cf7e75/ActivityLifecycleContextListener.class' (8,925)
2026-08-09 06:01:29: Copy Over 'C:/rock/bannister/Bannister/obj/Debug/net8.0-android/android/bin/classes/crc64ba438d8f48cf7e75/IntermediateActivity.class' -> 'goodrive://www.googleapis.com/:personal:/bannister/bannister/obj/Debug/net8.0-android/android/bin/classes/crc64ba438d8f48cf7e75/IntermediateActivity.class' (1,874)
2026-08-09 06:01:29: Copy Over 'C:/rock/bannister/Bannister/obj/Debug/net8.0-android/android/bin/classes/crc64b5e713d400f589b7/MauiDrawable.class' -> 'goodrive://www.googleapis.com/:personal:/bannister/bannister/obj/Debug/net8.0-android/android/bin/classes/crc64b5e713d400f589b7/MauiDrawable.class' (2,262)
2026-08-09 06:01:32: Copy Over 'C:/rock/bannister/Bannister/obj/Debug/net8.0-android/android/bin/classes/crc64e1fb321c08285b90/BaseCellView.class' -> 'goodrive://www.googleapis.com/:personal:/bannister/bannister/obj/Debug/net8.0-android/android/bin/classes/crc64e1fb321c08285b90/BaseCellView.class' (2,370)
2026-08-09 06:01:32: Copy Over 'C:/rock/bannister/Bannister/obj/Debug/net8.0-android/android/bin/classes/crc64b5e713d400f589b7/RadialGradientShaderFactory.class' -> 'goodrive://www.googleapis.com/:personal:/bannister/bannister/obj/Debug/net8.0-android/android/bin/classes/crc64b5e713d400f589b7/RadialGradientShaderFactory.class' (1,537)
2026-08-09 06:01:32: Copy Over 'C:/rock/bannister/Bannister/obj/Debug/net8.0-android/android/bin/classes/crc64d6358e7bf64fbac4/SpeechToTextImplementation_SpeechRecognitionListener.class' -> 'goodrive://www.googleapis.com/:personal:/bannister/bannister/obj/Debug/net8.0-android/android/bin/classes/crc64d6358e7bf64fbac4/SpeechToTextImplementation_SpeechRecognitionListener.class' (4,786)
2026-08-09 06:01:36: Copy Over 'C:/rock/bannister/Bannister/obj/Debug/net8.0-android/android/bin/classes/crc64e1fb321c08285b90/CellAdapter.class' -> 'goodrive://www.googleapis.com/:personal:/bannister/bannister/obj/Debug/net8.0-android/android/bin/classes/crc64e1fb321c08285b90/CellAdapter.class' (5,645)
2026-08-09 06:01:36: Copy Over 'C:/rock/bannister/Bannister/obj/Debug/net8.0-android/android/bin/classes/crc64e1fb321c08285b90/CellRenderer_RendererHolder.class' -> 'goodrive://www.googleapis.com/:personal:/bannister/bannister/obj/Debug/net8.0-android/android/bin/classes/crc64e1fb321c08285b90/CellRenderer_RendererHolder.class' (1,238)
2026-08-09 06:01:36: Copy Over 'C:/rock/bannister/Bannister/obj/Debug/net8.0-android/android/bin/classes/crc64e1fb321c08285b90/ConditionalFocusLayout.class' -> 'goodrive://www.googleapis.com/:personal:/bannister/bannister/obj/Debug/net8.0-android/android/bin/classes/crc64e1fb321c08285b90/ConditionalFocusLayout.class' (2,884)
2026-08-09 06:01:39: Copy Over 'C:/rock/bannister/Bannister/obj/Debug/net8.0-android/android/bin/classes/crc64e1fb321c08285b90/EntryCellView.class' -> 'goodrive://www.googleapis.com/:personal:/bannister/bannister/obj/Debug/net8.0-android/android/bin/classes/crc64e1fb321c08285b90/EntryCellView.class' (4,424)
2026-08-09 06:01:39: Copy Over 'C:/rock/bannister/Bannister/obj/Debug/net8.0-android/android/bin/classes/crc64e1fb321c08285b90/EntryCellEditText.class' -> 'goodrive://www.googleapis.com/:personal:/bannister/bannister/obj/Debug/net8.0-android/android/bin/classes/crc64e1fb321c08285b90/EntryCellEditText.class' (2,487)
2026-08-09 06:01:39: Copy Over 'C:/rock/bannister/Bannister/obj/Debug/net8.0-android/android/bin/classes/crc64e1fb321c08285b90/FrameRenderer.class' -> 'goodrive://www.googleapis.com/:personal:/bannister/bannister/obj/Debug/net8.0-android/android/bin/classes/crc64e1fb321c08285b90/FrameRenderer.class' (2,893)
2026-08-09 06:01:42: Copy Over 'C:/rock/bannister/Bannister/obj/Debug/net8.0-android/android/bin/classes/crc64e1fb321c08285b90/GroupedListViewAdapter.class' -> 'goodrive://www.googleapis.com/:personal:/bannister/bannister/obj/Debug/net8.0-android/android/bin/classes/crc64e1fb321c08285b90/GroupedListViewAdapter.class' (2,364)
2026-08-09 06:01:43: Copy Over 'C:/rock/bannister/Bannister/obj/Debug/net8.0-android/android/bin/classes/crc64e1fb321c08285b90/ListViewRenderer.class' -> 'goodrive://www.googleapis.com/:personal:/bannister/bannister/obj/Debug/net8.0-android/android/bin/classes/crc64e1fb321c08285b90/ListViewRenderer.class' (2,877)
2026-08-09 06:01:43: Copy Over 'C:/rock/bannister/Bannister/obj/Debug/net8.0-android/android/bin/classes/crc64e1fb321c08285b90/ListViewAdapter.class' -> 'goodrive://www.googleapis.com/:personal:/bannister/bannister/obj/Debug/net8.0-android/android/bin/classes/crc64e1fb321c08285b90/ListViewAdapter.class' (2,906)
2026-08-09 06:01:46: Copy Over 'C:/rock/bannister/Bannister/obj/Debug/net8.0-android/android/bin/classes/crc64e1fb321c08285b90/ListViewRenderer_ListViewSwipeRefreshLayoutListener.class' -> 'goodrive://www.googleapis.com/:personal:/bannister/bannister/obj/Debug/net8.0-android/android/bin/classes/crc64e1fb321c08285b90/ListViewRenderer_ListViewSwipeRefreshLayoutListener.class' (2,034)
2026-08-09 06:01:46: Copy Over 'C:/rock/bannister/Bannister/obj/Debug/net8.0-android/android/bin/classes/crc64e1fb321c08285b90/ListViewRenderer_Container.class' -> 'goodrive://www.googleapis.com/:personal:/bannister/bannister/obj/Debug/net8.0-android/android/bin/classes/crc64e1fb321c08285b90/ListViewRenderer_Container.class' (2,701)
2026-08-09 06:01:46: Copy Over 'C:/rock/bannister/Bannister/obj/Debug/net8.0-android/android/bin/classes/crc64e1fb321c08285b90/ListViewRenderer_ListViewScrollDetector.class' -> 'goodrive://www.googleapis.com/:personal:/bannister/bannister/obj/Debug/net8.0-android/android/bin/classes/crc64e1fb321c08285b90/ListViewRenderer_ListViewScrollDetector.class' (2,435)
2026-08-09 06:01:49: Copy Over 'C:/rock/bannister/Bannister/obj/Debug/net8.0-android/android/bin/classes/crc64e1fb321c08285b90/TableViewModelRenderer.class' -> 'goodrive://www.googleapis.com/:personal:/bannister/bannister/obj/Debug/net8.0-android/android/bin/classes/crc64e1fb321c08285b90/TableViewModelRenderer.class' (2,792)
2026-08-09 06:01:49: Copy Over 'C:/rock/bannister/Bannister/obj/Debug/net8.0-android/android/bin/classes/crc64e1fb321c08285b90/ListViewRenderer_SwipeRefreshLayoutWithFixedNestedScrolling.class' -> 'goodrive://www.googleapis.com/:personal:/bannister/bannister/obj/Debug/net8.0-android/android/bin/classes/crc64e1fb321c08285b90/ListViewRenderer_SwipeRefreshLayoutWithFixedNestedScrolling.class' (2,823)
2026-08-09 06:01:49: Copy Over 'C:/rock/bannister/Bannister/obj/Debug/net8.0-android/android/bin/classes/crc64e1fb321c08285b90/SwitchCellView.class' -> 'goodrive://www.googleapis.com/:personal:/bannister/bannister/obj/Debug/net8.0-android/android/bin/classes/crc64e1fb321c08285b90/SwitchCellView.class' (2,927)
2026-08-09 06:01:52: Copy Over 'C:/rock/bannister/Bannister/obj/Debug/net8.0-android/android/bin/classes/crc64e1fb321c08285b90/TableViewRenderer.class' -> 'goodrive://www.googleapis.com/:personal:/bannister/bannister/obj/Debug/net8.0-android/android/bin/classes/crc64e1fb321c08285b90/TableViewRenderer.class' (2,699)
2026-08-09 06:01:53: Copy Over 'C:/rock/bannister/Bannister/obj/Debug/net8.0-android/android/bin/classes/crc64e1fb321c08285b90/ViewCellRenderer_ViewCellContainer.class' -> 'goodrive://www.googleapis.com/:personal:/bannister/bannister/obj/Debug/net8.0-android/android/bin/classes/crc64e1fb321c08285b90/ViewCellRenderer_ViewCellContainer.class' (3,379)
2026-08-09 06:01:53: Copy Over 'C:/rock/bannister/Bannister/obj/Debug/net8.0-android/android/bin/classes/crc64e1fb321c08285b90/TextCellRenderer_TextCellView.class' -> 'goodrive://www.googleapis.com/:personal:/bannister/bannister/obj/Debug/net8.0-android/android/bin/classes/crc64e1fb321c08285b90/TextCellRenderer_TextCellView.class' (2,428)
2026-08-09 06:01:56: Copy Over 'C:/rock/bannister/Bannister/obj/Debug/net8.0-android/android/bin/classes/crc64e1fb321c08285b90/ViewCellRenderer_ViewCellContainer_LongPressGestureListener.class' -> 'goodrive://www.googleapis.com/:personal:/bannister/bannister/obj/Debug/net8.0-android/android/bin/classes/crc64e1fb321c08285b90/ViewCellRenderer_ViewCellContainer_LongPressGestureListener.class' (3,551)
2026-08-09 06:01:56: Copy Over 'C:/rock/bannister/Bannister/obj/Debug/net8.0-android/android/bin/classes/crc64e1fb321c08285b90/ViewCellRenderer_ViewCellContainer_TapGestureListener.class' -> 'goodrive://www.googleapis.com/:personal:/bannister/bannister/obj/Debug/net8.0-android/android/bin/classes/crc64e1fb321c08285b90/ViewCellRenderer_ViewCellContainer_TapGestureListener.class' (3,533)
2026-08-09 06:01:57: Copy Over 'C:/rock/bannister/Bannister/obj/Debug/net8.0-android/android/bin/classes/crc64e1fb321c08285b90/ViewRenderer.class' -> 'goodrive://www.googleapis.com/:personal:/bannister/bannister/obj/Debug/net8.0-android/android/bin/classes/crc64e1fb321c08285b90/ViewRenderer.class' (2,379)
2026-08-09 06:01:59: Copy Over 'C:/rock/bannister/Bannister/obj/Debug/net8.0-android/android/bin/classes/crc64e1fb321c08285b90/ViewRenderer_2.class' -> 'goodrive://www.googleapis.com/:personal:/bannister/bannister/obj/Debug/net8.0-android/android/bin/classes/crc64e1fb321c08285b90/ViewRenderer_2.class' (2,394)
2026-08-09 06:01:59: Copy Over 'C:/rock/bannister/Bannister/obj/Debug/net8.0-android/android/bin/classes/crc64e1fb321c08285b90/VisualElementRenderer_1.class' -> 'goodrive://www.googleapis.com/:personal:/bannister/bannister/obj/Debug/net8.0-android/android/bin/classes/crc64e1fb321c08285b90/VisualElementRenderer_1.class' (2,692)
2026-08-09 06:02:00: Copy Over 'C:/rock/bannister/Bannister/obj/Debug/net8.0-android/android/bin/classes/crc64e53d2f592022988e/ConnectivityBroadcastReceiver.class' -> 'goodrive://www.googleapis.com/:personal:/bannister/bannister/obj/Debug/net8.0-android/android/bin/classes/crc64e53d2f592022988e/ConnectivityBroadcastReceiver.class' (1,553)
2026-08-09 06:02:03: Copy Over 'C:/rock/bannister/Bannister/obj/Debug/net8.0-android/android/bin/classes/crc64f62664462a8937a9/BarometerListener.class' -> 'goodrive://www.googleapis.com/:personal:/bannister/bannister/obj/Debug/net8.0-android/android/bin/classes/crc64f62664462a8937a9/BarometerListener.class' (1,967)
2026-08-09 06:02:03: Copy Over 'C:/rock/bannister/Bannister/obj/Debug/net8.0-android/android/bin/classes/crc64f62664462a8937a9/AccelerometerListener.class' -> 'goodrive://www.googleapis.com/:personal:/bannister/bannister/obj/Debug/net8.0-android/android/bin/classes/crc64f62664462a8937a9/AccelerometerListener.class' (1,979)
2026-08-09 06:02:04: Copy Over 'C:/rock/bannister/Bannister/obj/Debug/net8.0-android/android/bin/classes/crc64f62664462a8937a9/ContinuousLocationListener.class' -> 'goodrive://www.googleapis.com/:personal:/bannister/bannister/obj/Debug/net8.0-android/android/bin/classes/crc64f62664462a8937a9/ContinuousLocationListener.class' (2,928)
2026-08-09 06:02:06: Copy Over 'C:/rock/bannister/Bannister/obj/Debug/net8.0-android/android/bin/classes/crc64f62664462a8937a9/GyroscopeListener.class' -> 'goodrive://www.googleapis.com/:personal:/bannister/bannister/obj/Debug/net8.0-android/android/bin/classes/crc64f62664462a8937a9/GyroscopeListener.class' (1,967)
2026-08-09 06:02:06: Copy Over 'C:/rock/bannister/Bannister/obj/Debug/net8.0-android/android/bin/classes/crc64f62664462a8937a9/MagnetometerListener.class' -> 'goodrive://www.googleapis.com/:personal:/bannister/bannister/obj/Debug/net8.0-android/android/bin/classes/crc64f62664462a8937a9/MagnetometerListener.class' (1,976)
2026-08-09 06:02:07: Copy Over 'C:/rock/bannister/Bannister/obj/Debug/net8.0-android/android/bin/classes/crc64f62664462a8937a9/OrientationSensorListener.class' -> 'goodrive://www.googleapis.com/:personal:/bannister/bannister/obj/Debug/net8.0-android/android/bin/classes/crc64f62664462a8937a9/OrientationSensorListener.class' (1,991)
2026-08-09 06:02:09: Copy Over 'C:/rock/bannister/Bannister/obj/Debug/net8.0-android/android/bin/classes/crc64f62664462a8937a9/SensorListener.class' -> 'goodrive://www.googleapis.com/:personal:/bannister/bannister/obj/Debug/net8.0-android/android/bin/classes/crc64f62664462a8937a9/SensorListener.class' (1,958)
2026-08-09 06:02:10: Copy Over 'C:/rock/bannister/Bannister/obj/Debug/net8.0-android/android/bin/classes/crc64f62664462a8937a9/SingleLocationListener.class' -> 'goodrive://www.googleapis.com/:personal:/bannister/bannister/obj/Debug/net8.0-android/android/bin/classes/crc64f62664462a8937a9/SingleLocationListener.class' (2,916)
2026-08-09 06:02:10: Copy Over 'C:/rock/bannister/Bannister/obj/Debug/net8.0-android/android/bin/classes/crc64e53d2f592022988e/ConnectivityImplementation_EssentialsNetworkCallback.class' -> 'goodrive://www.googleapis.com/:personal:/bannister/bannister/obj/Debug/net8.0-android/android/bin/classes/crc64e53d2f592022988e/ConnectivityImplementation_EssentialsNetworkCallback.class' (3,060)
2026-08-09 06:02:12: Copy Over 'C:/rock/bannister/Bannister/obj/Debug/net8.0-android/android/bin/classes/crc64f6cd8863fe06af2a/AppMain_AndroidUncaughtHandler.class' -> 'goodrive://www.googleapis.com/:personal:/bannister/bannister/obj/Debug/net8.0-android/android/bin/classes/crc64f6cd8863fe06af2a/AppMain_AndroidUncaughtHandler.class' (1,735)
2026-08-09 06:02:13: Copy Over 'C:/rock/bannister/Bannister/obj/Debug/net8.0-android/android/bin/classes/crc64f728827fec74e9c3/TapWindowTracker_GestureListener.class' -> 'goodrive://www.googleapis.com/:personal:/bannister/bannister/obj/Debug/net8.0-android/android/bin/classes/crc64f728827fec74e9c3/TapWindowTracker_GestureListener.class' (3,634)
2026-08-09 06:02:13: Copy Over 'C:/rock/bannister/Bannister/obj/Debug/net8.0-android/android/bin/classes/crc64f728827fec74e9c3/Toolbar_Container.class' -> 'goodrive://www.googleapis.com/:personal:/bannister/bannister/obj/Debug/net8.0-android/android/bin/classes/crc64f728827fec74e9c3/Toolbar_Container.class' (2,651)
2026-08-09 06:02:16: Copy Over 'C:/rock/bannister/Bannister/obj/Debug/net8.0-android/android/bin/classes/crc64f6cd8863fe06af2a/MainActivity.class' -> 'goodrive://www.googleapis.com/:personal:/bannister/bannister/obj/Debug/net8.0-android/android/bin/classes/crc64f6cd8863fe06af2a/MainActivity.class' (1,421)
2026-08-09 06:02:16: Copy Over 'C:/rock/bannister/Bannister/obj/Debug/net8.0-android/android/bin/classes/crc64f6cd8863fe06af2a/MainApplication.class' -> 'goodrive://www.googleapis.com/:personal:/bannister/bannister/obj/Debug/net8.0-android/android/bin/classes/crc64f6cd8863fe06af2a/MainApplication.class' (881)
2026-08-09 06:02:17: Copy Over 'C:/rock/bannister/Bannister/obj/Debug/net8.0-android/android/bin/classes/crc64fcf28c0e24b4cc31/ButtonHandler_ButtonClickListener.class' -> 'goodrive://www.googleapis.com/:personal:/bannister/bannister/obj/Debug/net8.0-android/android/bin/classes/crc64fcf28c0e24b4cc31/ButtonHandler_ButtonClickListener.class' (1,639)
2026-08-09 06:02:19: Copy Over 'C:/rock/bannister/Bannister/obj/Debug/net8.0-android/android/bin/classes/crc64fcf28c0e24b4cc31/ButtonHandler_ButtonTouchListener.class' -> 'goodrive://www.googleapis.com/:personal:/bannister/bannister/obj/Debug/net8.0-android/android/bin/classes/crc64fcf28c0e24b4cc31/ButtonHandler_ButtonTouchListener.class' (1,714)
2026-08-09 06:02:19: Copy Over 'C:/rock/bannister/Bannister/obj/Debug/net8.0-android/android/bin/classes/microsoft/maui/essentials/fileProvider.class' -> 'goodrive://www.googleapis.com/:personal:/bannister/bannister/obj/Debug/net8.0-android/android/bin/classes/microsoft/maui/essentials/fileProvider.class' (1,445)
2026-08-09 06:02:21: Copy Over 'C:/rock/bannister/Bannister/obj/Debug/net8.0-android/android/bin/classes/microsoft/maui/platform/MauiNavHostFragment.class' -> 'goodrive://www.googleapis.com/:personal:/bannister/bannister/obj/Debug/net8.0-android/android/bin/classes/microsoft/maui/platform/MauiNavHostFragment.class' (1,234)
2026-08-09 06:02:22: Copy Over 'C:/rock/bannister/Bannister/obj/Debug/net8.0-android/android/bin/classes/crc64fcf28c0e24b4cc31/SliderHandler_SeekBarChangeListener.class' -> 'goodrive://www.googleapis.com/:personal:/bannister/bannister/obj/Debug/net8.0-android/android/bin/classes/crc64fcf28c0e24b4cc31/SliderHandler_SeekBarChangeListener.class' (2,462)
2026-08-09 06:02:22: Copy Over 'C:/rock/bannister/Bannister/obj/Debug/net8.0-android/android/bin/classes/crc64fcf28c0e24b4cc31/SearchBarHandler_FocusChangeListener.class' -> 'goodrive://www.googleapis.com/:personal:/bannister/bannister/obj/Debug/net8.0-android/android/bin/classes/crc64fcf28c0e24b4cc31/SearchBarHandler_FocusChangeListener.class' (1,694)
2026-08-09 06:02:22: > Copy Over 'C:/rock/bannister/Bannister/obj/Debug/net8.0-android/android/bin/classes.zip' -> 'goodrive://www.googleapis.com/:personal:/bannister/bannister/obj/Debug/net8.0-android/android/bin/classes.zip' (2,906,126)
2026-08-09 06:02:25: Copy Over 'C:/rock/bannister/Bannister/obj/Debug/net8.0-android/android/bin/classes/crc64fcf28c0e24b4cc31/SwitchHandler_CheckedChangeListener.class' -> 'goodrive://www.googleapis.com/:personal:/bannister/bannister/obj/Debug/net8.0-android/android/bin/classes/crc64fcf28c0e24b4cc31/SwitchHandler_CheckedChangeListener.class' (1,780)
2026-08-09 06:02:25: Copy Over 'C:/rock/bannister/Bannister/obj/Debug/net8.0-android/android/bin/classes/crc64fcf28c0e24b4cc31/ToolbarHandler_ProcessBackClick.class' -> 'goodrive://www.googleapis.com/:personal:/bannister/bannister/obj/Debug/net8.0-android/android/bin/classes/crc64fcf28c0e24b4cc31/ToolbarHandler_ProcessBackClick.class' (1,633)
2026-08-09 06:02:26: < Copy Over 'C:/rock/bannister/Bannister/obj/Debug/net8.0-android/android/bin/classes.zip' -> 'goodrive://www.googleapis.com/:personal:/bannister/bannister/obj/Debug/net8.0-android/android/bin/classes.zip' (2,906,126)
2026-08-09 06:02:28: Copy Over 'C:/rock/bannister/Bannister/obj/Debug/net8.0-android/android/bin/classes/mono/android/app/ApplicationRegistration.class' -> 'goodrive://www.googleapis.com/:personal:/bannister/bannister/obj/Debug/net8.0-android/android/bin/classes/mono/android/app/ApplicationRegistration.class' (774)
2026-08-09 06:02:29: Copy Over 'C:/rock/bannister/Bannister/obj/Debug/net8.0-android/android/bin/classes/mono/androidx/activity/contextaware/OnContextAvailableListenerImplementor.class' -> 'goodrive://www.googleapis.com/:personal:/bannister/bannister/obj/Debug/net8.0-android/android/bin/classes/mono/androidx/activity/contextaware/OnContextAvailableListenerImplementor.class' (1,679)
2026-08-09 06:02:30: Copy Over 'C:/rock/bannister/Bannister/obj/Debug/net8.0-android/android/bin/classes/mono/androidx/appcompat/app/ActionBar_OnMenuVisibilityListenerImplementor.class' -> 'goodrive://www.googleapis.com/:personal:/bannister/bannister/obj/Debug/net8.0-android/android/bin/classes/mono/androidx/appcompat/app/ActionBar_OnMenuVisibilityListenerImplementor.class' (1,733)
2026-08-09 06:02:32: Copy Over 'C:/rock/bannister/Bannister/obj/Debug/net8.0-android/android/bin/classes/mono/androidx/appcompat/widget/ActionMenuView_OnMenuItemClickListenerImplementor.class' -> 'goodrive://www.googleapis.com/:personal:/bannister/bannister/obj/Debug/net8.0-android/android/bin/classes/mono/androidx/appcompat/widget/ActionMenuView_OnMenuItemClickListenerImplementor.class' (1,802)
2026-08-09 06:02:32: Copy Over 'C:/rock/bannister/Bannister/obj/Debug/net8.0-android/android/bin/classes/mono/androidx/appcompat/widget/ContentFrameLayout_OnAttachListenerImplementor.class' -> 'goodrive://www.googleapis.com/:personal:/bannister/bannister/obj/Debug/net8.0-android/android/bin/classes/mono/androidx/appcompat/widget/ContentFrameLayout_OnAttachListenerImplementor.class' (2,000)
2026-08-09 06:02:33: Copy Over 'C:/rock/bannister/Bannister/obj/Debug/net8.0-android/android/bin/classes/mono/androidx/appcompat/widget/FitWindowsViewGroup_OnFitSystemWindowsListenerImplementor.class' -> 'goodrive://www.googleapis.com/:personal:/bannister/bannister/obj/Debug/net8.0-android/android/bin/classes/mono/androidx/appcompat/widget/FitWindowsViewGroup_OnFitSystemWindowsListenerImplementor.class' (1,864)
2026-08-09 06:02:35: Copy Over 'C:/rock/bannister/Bannister/obj/Debug/net8.0-android/android/bin/classes/mono/androidx/appcompat/widget/MenuItemHoverListenerImplementor.class' -> 'goodrive://www.googleapis.com/:personal:/bannister/bannister/obj/Debug/net8.0-android/android/bin/classes/mono/androidx/appcompat/widget/MenuItemHoverListenerImplementor.class' (2,117)
2026-08-09 06:02:35: Copy Over 'C:/rock/bannister/Bannister/obj/Debug/net8.0-android/android/bin/classes/mono/androidx/appcompat/widget/PopupMenu_OnDismissListenerImplementor.class' -> 'goodrive://www.googleapis.com/:personal:/bannister/bannister/obj/Debug/net8.0-android/android/bin/classes/mono/androidx/appcompat/widget/PopupMenu_OnDismissListenerImplementor.class' (1,758)
2026-08-09 06:02:38: Copy Over 'C:/rock/bannister/Bannister/obj/Debug/net8.0-android/android/bin/classes/mono/androidx/appcompat/widget/PopupMenu_OnMenuItemClickListenerImplementor.class' -> 'goodrive://www.googleapis.com/:personal:/bannister/bannister/obj/Debug/net8.0-android/android/bin/classes/mono/androidx/appcompat/widget/PopupMenu_OnMenuItemClickListenerImplementor.class' (1,772)
2026-08-09 06:02:38: Copy Over 'C:/rock/bannister/Bannister/obj/Debug/net8.0-android/android/bin/classes/mono/androidx/appcompat/widget/SearchView_OnCloseListenerImplementor.class' -> 'goodrive://www.googleapis.com/:personal:/bannister/bannister/obj/Debug/net8.0-android/android/bin/classes/mono/androidx/appcompat/widget/SearchView_OnCloseListenerImplementor.class' (1,627)
2026-08-09 06:02:39: Copy Over 'C:/rock/bannister/Bannister/obj/Debug/net8.0-android/android/bin/classes/mono/androidx/appcompat/widget/SearchView_OnQueryTextListenerImplementor.class' -> 'goodrive://www.googleapis.com/:personal:/bannister/bannister/obj/Debug/net8.0-android/android/bin/classes/mono/androidx/appcompat/widget/SearchView_OnQueryTextListenerImplementor.class' (2,033)
2026-08-09 06:02:41: Copy Over 'C:/rock/bannister/Bannister/obj/Debug/net8.0-android/android/bin/classes/mono/androidx/appcompat/widget/SearchView_OnSuggestionListenerImplementor.class' -> 'goodrive://www.googleapis.com/:personal:/bannister/bannister/obj/Debug/net8.0-android/android/bin/classes/mono/androidx/appcompat/widget/SearchView_OnSuggestionListenerImplementor.class' (1,959)
2026-08-09 06:02:42: Copy Over 'C:/rock/bannister/Bannister/obj/Debug/net8.0-android/android/bin/classes/mono/androidx/appcompat/widget/ShareActionProvider_OnShareTargetSelectedListenerImplementor.class' -> 'goodrive://www.googleapis.com/:personal:/bannister/bannister/obj/Debug/net8.0-android/android/bin/classes/mono/androidx/appcompat/widget/ShareActionProvider_OnShareTargetSelectedListenerImplementor.class' (2,037)
2026-08-09 06:02:42: Copy Over 'C:/rock/bannister/Bannister/obj/Debug/net8.0-android/android/bin/classes/mono/androidx/appcompat/widget/Toolbar_OnMenuItemClickListenerImplementor.class' -> 'goodrive://www.googleapis.com/:personal:/bannister/bannister/obj/Debug/net8.0-android/android/bin/classes/mono/androidx/appcompat/widget/Toolbar_OnMenuItemClickListenerImplementor.class' (1,760)
2026-08-09 06:02:45: Copy Over 'C:/rock/bannister/Bannister/obj/Debug/net8.0-android/android/bin/classes/mono/androidx/appcompat/widget/ViewStubCompat_OnInflateListenerImplementor.class' -> 'goodrive://www.googleapis.com/:personal:/bannister/bannister/obj/Debug/net8.0-android/android/bin/classes/mono/androidx/appcompat/widget/ViewStubCompat_OnInflateListenerImplementor.class' (1,861)
2026-08-09 06:02:45: Copy Over 'C:/rock/bannister/Bannister/obj/Debug/net8.0-android/android/bin/classes/mono/androidx/appcompat/app/ActionBar_TabListenerImplementor.class' -> 'goodrive://www.googleapis.com/:personal:/bannister/bannister/obj/Debug/net8.0-android/android/bin/classes/mono/androidx/appcompat/app/ActionBar_TabListenerImplementor.class' (2,706)
2026-08-09 06:02:45: Copy Over 'C:/rock/bannister/Bannister/obj/Debug/net8.0-android/android/bin/classes/mono/androidx/appcompat/app/ActionBar_OnNavigationListenerImplementor.class' -> 'goodrive://www.googleapis.com/:personal:/bannister/bannister/obj/Debug/net8.0-android/android/bin/classes/mono/androidx/appcompat/app/ActionBar_OnNavigationListenerImplementor.class' (1,713)
2026-08-09 06:02:48: Copy Over 'C:/rock/bannister/Bannister/obj/Debug/net8.0-android/android/bin/classes/mono/androidx/core/app/SharedElementCallback_OnSharedElementsReadyListenerImplementor.class' -> 'goodrive://www.googleapis.com/:personal:/bannister/bannister/obj/Debug/net8.0-android/android/bin/classes/mono/androidx/core/app/SharedElementCallback_OnSharedElementsReadyListenerImplementor.class' (1,781)
2026-08-09 06:02:48: Copy Over 'C:/rock/bannister/Bannister/obj/Debug/net8.0-android/android/bin/classes/mono/androidx/constraintlayout/motion/widget/MotionLayout_TransitionListenerImplementor.class' -> 'goodrive://www.googleapis.com/:personal:/bannister/bannister/obj/Debug/net8.0-android/android/bin/classes/mono/androidx/constraintlayout/motion/widget/MotionLayout_TransitionListenerImplementor.class' (3,355)
2026-08-09 06:02:49: Copy Over 'C:/rock/bannister/Bannister/obj/Debug/net8.0-android/android/bin/classes/mono/androidx/core/os/CancellationSignal_OnCancelListenerImplementor.class' -> 'goodrive://www.googleapis.com/:personal:/bannister/bannister/obj/Debug/net8.0-android/android/bin/classes/mono/androidx/core/os/CancellationSignal_OnCancelListenerImplementor.class' (1,628)
2026-08-09 06:02:51: Copy Over 'C:/rock/bannister/Bannister/obj/Debug/net8.0-android/android/bin/classes/mono/androidx/core/view/ActionProvider_SubUiVisibilityListenerImplementor.class' -> 'goodrive://www.googleapis.com/:personal:/bannister/bannister/obj/Debug/net8.0-android/android/bin/classes/mono/androidx/core/view/ActionProvider_SubUiVisibilityListenerImplementor.class' (1,731)
2026-08-09 06:02:52: Copy Over 'C:/rock/bannister/Bannister/obj/Debug/net8.0-android/android/bin/classes/mono/androidx/core/view/accessibility/AccessibilityManagerCompat_TouchExplorationStateChangeListenerImplementor.class' -> 'goodrive://www.googleapis.com/:personal:/bannister/bannister/obj/Debug/net8.0-android/android/bin/classes/mono/androidx/core/view/accessibility/AccessibilityManagerCompat_TouchExplorationStateChangeListenerImplementor.class' (1,969)
2026-08-09 06:02:52: Copy Over 'C:/rock/bannister/Bannister/obj/Debug/net8.0-android/android/bin/classes/mono/androidx/core/view/accessibility/AccessibilityManagerCompat_AccessibilityStateChangeListenerImplementor.class' -> 'goodrive://www.googleapis.com/:personal:/bannister/bannister/obj/Debug/net8.0-android/android/bin/classes/mono/androidx/core/view/accessibility/AccessibilityManagerCompat_AccessibilityStateChangeListenerImplementor.class' (1,939)
2026-08-09 06:02:55: Copy Over 'C:/rock/bannister/Bannister/obj/Debug/net8.0-android/android/bin/classes/mono/androidx/core/view/DragStartHelper_OnDragStartListenerImplementor.class' -> 'goodrive://www.googleapis.com/:personal:/bannister/bannister/obj/Debug/net8.0-android/android/bin/classes/mono/androidx/core/view/DragStartHelper_OnDragStartListenerImplementor.class' (1,820)
2026-08-09 06:02:55: Copy Over 'C:/rock/bannister/Bannister/obj/Debug/net8.0-android/android/bin/classes/mono/androidx/core/view/ActionProvider_VisibilityListenerImplementor.class' -> 'goodrive://www.googleapis.com/:personal:/bannister/bannister/obj/Debug/net8.0-android/android/bin/classes/mono/androidx/core/view/ActionProvider_VisibilityListenerImplementor.class' (1,737)
2026-08-09 06:02:56: Copy Over 'C:/rock/bannister/Bannister/obj/Debug/net8.0-android/android/bin/classes/mono/androidx/core/view/MenuItemCompat_OnActionExpandListenerImplementor.class' -> 'goodrive://www.googleapis.com/:personal:/bannister/bannister/obj/Debug/net8.0-android/android/bin/classes/mono/androidx/core/view/MenuItemCompat_OnActionExpandListenerImplementor.class' (2,098)
2026-08-09 06:02:58: Copy Over 'C:/rock/bannister/Bannister/obj/Debug/net8.0-android/android/bin/classes/mono/androidx/core/view/inputmethod/InputConnectionCompat_OnCommitContentListenerImplementor.class' -> 'goodrive://www.googleapis.com/:personal:/bannister/bannister/obj/Debug/net8.0-android/android/bin/classes/mono/androidx/core/view/inputmethod/InputConnectionCompat_OnCommitContentListenerImplementor.class' (2,017)
2026-08-09 06:02:59: Copy Over 'C:/rock/bannister/Bannister/obj/Debug/net8.0-android/android/bin/classes/mono/androidx/core/view/OnApplyWindowInsetsListenerImplementor.class' -> 'goodrive://www.googleapis.com/:personal:/bannister/bannister/obj/Debug/net8.0-android/android/bin/classes/mono/androidx/core/view/OnApplyWindowInsetsListenerImplementor.class' (1,804)
2026-08-09 06:02:59: Copy Over 'C:/rock/bannister/Bannister/obj/Debug/net8.0-android/android/bin/classes/mono/androidx/core/view/OnReceiveContentListenerImplementor.class' -> 'goodrive://www.googleapis.com/:personal:/bannister/bannister/obj/Debug/net8.0-android/android/bin/classes/mono/androidx/core/view/OnReceiveContentListenerImplementor.class' (1,772)
2026-08-09 06:03:01: Copy Over 'C:/rock/bannister/Bannister/obj/Debug/net8.0-android/android/bin/classes/mono/androidx/core/view/ViewPropertyAnimatorListenerImplementor.class' -> 'goodrive://www.googleapis.com/:personal:/bannister/bannister/obj/Debug/net8.0-android/android/bin/classes/mono/androidx/core/view/ViewPropertyAnimatorListenerImplementor.class' (2,151)
2026-08-09 06:03:03: Copy Over 'C:/rock/bannister/Bannister/obj/Debug/net8.0-android/android/bin/classes/mono/androidx/core/view/ViewPropertyAnimatorUpdateListenerImplementor.class' -> 'goodrive://www.googleapis.com/:personal:/bannister/bannister/obj/Debug/net8.0-android/android/bin/classes/mono/androidx/core/view/ViewPropertyAnimatorUpdateListenerImplementor.class' (1,641)
2026-08-09 06:03:03: Copy Over 'C:/rock/bannister/Bannister/obj/Debug/net8.0-android/android/bin/classes/mono/androidx/core/view/WindowInsetsControllerCompat_OnControllableInsetsChangedListenerImplementor.class' -> 'goodrive://www.googleapis.com/:personal:/bannister/bannister/obj/Debug/net8.0-android/android/bin/classes/mono/androidx/core/view/WindowInsetsControllerCompat_OnControllableInsetsChangedListenerImplementor.class' (2,047)
2026-08-09 06:03:05: Copy Over 'C:/rock/bannister/Bannister/obj/Debug/net8.0-android/android/bin/classes/mono/androidx/core/widget/NestedScrollView_OnScrollChangeListenerImplementor.class' -> 'goodrive://www.googleapis.com/:personal:/bannister/bannister/obj/Debug/net8.0-android/android/bin/classes/mono/androidx/core/widget/NestedScrollView_OnScrollChangeListenerImplementor.class' (1,839)
2026-08-09 06:03:06: Copy Over 'C:/rock/bannister/Bannister/obj/Debug/net8.0-android/android/bin/classes/mono/androidx/constraintlayout/widget/SharedValues_SharedValuesListenerImplementor.class' -> 'goodrive://www.googleapis.com/:personal:/bannister/bannister/obj/Debug/net8.0-android/android/bin/classes/mono/androidx/constraintlayout/widget/SharedValues_SharedValuesListenerImplementor.class' (1,747)
2026-08-09 06:03:07: Copy Over 'C:/rock/bannister/Bannister/obj/Debug/net8.0-android/android/bin/classes/mono/androidx/customview/poolingcontainer/PoolingContainerListenerImplementor.class' -> 'goodrive://www.googleapis.com/:personal:/bannister/bannister/obj/Debug/net8.0-android/android/bin/classes/mono/androidx/customview/poolingcontainer/PoolingContainerListenerImplementor.class' (1,612)
2026-08-09 06:03:09: Copy Over 'C:/rock/bannister/Bannister/obj/Debug/net8.0-android/android/bin/classes/mono/androidx/drawerlayout/widget/DrawerLayout_DrawerListenerImplementor.class' -> 'goodrive://www.googleapis.com/:personal:/bannister/bannister/obj/Debug/net8.0-android/android/bin/classes/mono/androidx/drawerlayout/widget/DrawerLayout_DrawerListenerImplementor.class' (2,614)
2026-08-09 06:03:10: Copy Over 'C:/rock/bannister/Bannister/obj/Debug/net8.0-android/android/bin/classes/mono/androidx/fragment/app/FragmentManager_OnBackStackChangedListenerImplementor.class' -> 'goodrive://www.googleapis.com/:personal:/bannister/bannister/obj/Debug/net8.0-android/android/bin/classes/mono/androidx/fragment/app/FragmentManager_OnBackStackChangedListenerImplementor.class' (2,488)
2026-08-09 06:03:11: Copy Over 'C:/rock/bannister/Bannister/obj/Debug/net8.0-android/android/bin/classes/mono/androidx/dynamicanimation/animation/DynamicAnimation_OnAnimationEndListenerImplementor.class' -> 'goodrive://www.googleapis.com/:personal:/bannister/bannister/obj/Debug/net8.0-android/android/bin/classes/mono/androidx/dynamicanimation/animation/DynamicAnimation_OnAnimationEndListenerImplementor.class' (1,958)
2026-08-09 06:03:12: Copy Over 'C:/rock/bannister/Bannister/obj/Debug/net8.0-android/android/bin/classes/mono/androidx/fragment/app/FragmentOnAttachListenerImplementor.class' -> 'goodrive://www.googleapis.com/:personal:/bannister/bannister/obj/Debug/net8.0-android/android/bin/classes/mono/androidx/fragment/app/FragmentOnAttachListenerImplementor.class' (1,764)
2026-08-09 06:03:13: Copy Over 'C:/rock/bannister/Bannister/obj/Debug/net8.0-android/android/bin/classes/mono/androidx/fragment/app/FragmentResultListenerImplementor.class' -> 'goodrive://www.googleapis.com/:personal:/bannister/bannister/obj/Debug/net8.0-android/android/bin/classes/mono/androidx/fragment/app/FragmentResultListenerImplementor.class' (1,652)
2026-08-09 06:03:14: Copy Over 'C:/rock/bannister/Bannister/obj/Debug/net8.0-android/android/bin/classes/mono/androidx/dynamicanimation/animation/DynamicAnimation_OnAnimationUpdateListenerImplementor.class' -> 'goodrive://www.googleapis.com/:personal:/bannister/bannister/obj/Debug/net8.0-android/android/bin/classes/mono/androidx/dynamicanimation/animation/DynamicAnimation_OnAnimationUpdateListenerImplementor.class' (1,983)
2026-08-09 06:03:16: Copy Over 'C:/rock/bannister/Bannister/obj/Debug/net8.0-android/android/bin/classes/mono/androidx/fragment/app/strictmode/FragmentStrictMode_OnViolationListenerImplementor.class' -> 'goodrive://www.googleapis.com/:personal:/bannister/bannister/obj/Debug/net8.0-android/android/bin/classes/mono/androidx/fragment/app/strictmode/FragmentStrictMode_OnViolationListenerImplementor.class' (1,886)
2026-08-09 06:03:16: Copy Over 'C:/rock/bannister/Bannister/obj/Debug/net8.0-android/android/bin/classes/mono/androidx/navigation/NavController_OnDestinationChangedListenerImplementor.class' -> 'goodrive://www.googleapis.com/:personal:/bannister/bannister/obj/Debug/net8.0-android/android/bin/classes/mono/androidx/navigation/NavController_OnDestinationChangedListenerImplementor.class' (2,041)
2026-08-09 06:03:18: Copy Over 'C:/rock/bannister/Bannister/obj/Debug/net8.0-android/android/bin/classes/mono/androidx/loader/content/Loader_OnLoadCanceledListenerImplementor.class' -> 'goodrive://www.googleapis.com/:personal:/bannister/bannister/obj/Debug/net8.0-android/android/bin/classes/mono/androidx/loader/content/Loader_OnLoadCanceledListenerImplementor.class' (1,759)
2026-08-09 06:03:19: Copy Over 'C:/rock/bannister/Bannister/obj/Debug/net8.0-android/android/bin/classes/mono/androidx/loader/content/Loader_OnLoadCompleteListenerImplementor.class' -> 'goodrive://www.googleapis.com/:personal:/bannister/bannister/obj/Debug/net8.0-android/android/bin/classes/mono/androidx/loader/content/Loader_OnLoadCompleteListenerImplementor.class' (1,814)
2026-08-09 06:03:19: Copy Over 'C:/rock/bannister/Bannister/obj/Debug/net8.0-android/android/bin/classes/mono/androidx/navigation/ui/AppBarConfiguration_OnNavigateUpListenerImplementor.class' -> 'goodrive://www.googleapis.com/:personal:/bannister/bannister/obj/Debug/net8.0-android/android/bin/classes/mono/androidx/navigation/ui/AppBarConfiguration_OnNavigateUpListenerImplementor.class' (1,724)
2026-08-09 06:03:21: Copy Over 'C:/rock/bannister/Bannister/obj/Debug/net8.0-android/android/bin/classes/mono/androidx/recyclerview/widget/AsyncListDiffer_ListListenerImplementor.class' -> 'goodrive://www.googleapis.com/:personal:/bannister/bannister/obj/Debug/net8.0-android/android/bin/classes/mono/androidx/recyclerview/widget/AsyncListDiffer_ListListenerImplementor.class' (1,815)
2026-08-09 06:03:22: Copy Over 'C:/rock/bannister/Bannister/obj/Debug/net8.0-android/android/bin/classes/mono/androidx/slidingpanelayout/widget/SlidingPaneLayout_PanelSlideListenerImplementor.class' -> 'goodrive://www.googleapis.com/:personal:/bannister/bannister/obj/Debug/net8.0-android/android/bin/classes/mono/androidx/slidingpanelayout/widget/SlidingPaneLayout_PanelSlideListenerImplementor.class' (2,451)
2026-08-09 06:03:22: Copy Over 'C:/rock/bannister/Bannister/obj/Debug/net8.0-android/android/bin/classes/mono/androidx/recyclerview/widget/RecyclerView_ItemAnimator_ItemAnimatorFinishedListenerImplementor.class' -> 'goodrive://www.googleapis.com/:personal:/bannister/bannister/obj/Debug/net8.0-android/android/bin/classes/mono/androidx/recyclerview/widget/RecyclerView_ItemAnimator_ItemAnimatorFinishedListenerImplementor.class' (1,936)
2026-08-09 06:03:25: Copy Over 'C:/rock/bannister/Bannister/obj/Debug/net8.0-android/android/bin/classes/mono/androidx/recyclerview/widget/RecyclerView_OnChildAttachStateChangeListenerImplementor.class' -> 'goodrive://www.googleapis.com/:personal:/bannister/bannister/obj/Debug/net8.0-android/android/bin/classes/mono/androidx/recyclerview/widget/RecyclerView_OnChildAttachStateChangeListenerImplementor.class' (2,266)
2026-08-09 06:03:25: Copy Over 'C:/rock/bannister/Bannister/obj/Debug/net8.0-android/android/bin/classes/mono/androidx/recyclerview/widget/RecyclerView_OnItemTouchListenerImplementor.class' -> 'goodrive://www.googleapis.com/:personal:/bannister/bannister/obj/Debug/net8.0-android/android/bin/classes/mono/androidx/recyclerview/widget/RecyclerView_OnItemTouchListenerImplementor.class' (2,753)
2026-08-09 06:03:26: Copy Over 'C:/rock/bannister/Bannister/obj/Debug/net8.0-android/android/bin/classes/mono/androidx/recyclerview/widget/RecyclerView_RecyclerListenerImplementor.class' -> 'goodrive://www.googleapis.com/:personal:/bannister/bannister/obj/Debug/net8.0-android/android/bin/classes/mono/androidx/recyclerview/widget/RecyclerView_RecyclerListenerImplementor.class' (1,941)
2026-08-09 06:03:28: Copy Over 'C:/rock/bannister/Bannister/obj/Debug/net8.0-android/android/bin/classes/mono/androidx/transition/Transition_TransitionListenerImplementor.class' -> 'goodrive://www.googleapis.com/:personal:/bannister/bannister/obj/Debug/net8.0-android/android/bin/classes/mono/androidx/transition/Transition_TransitionListenerImplementor.class' (3,013)
2026-08-09 06:03:29: Copy Over 'C:/rock/bannister/Bannister/obj/Debug/net8.0-android/android/bin/classes/mono/androidx/swiperefreshlayout/widget/SwipeRefreshLayout_OnRefreshListenerImplementor.class' -> 'goodrive://www.googleapis.com/:personal:/bannister/bannister/obj/Debug/net8.0-android/android/bin/classes/mono/androidx/swiperefreshlayout/widget/SwipeRefreshLayout_OnRefreshListenerImplementor.class' (1,756)
2026-08-09 06:03:30: Copy Over 'C:/rock/bannister/Bannister/obj/Debug/net8.0-android/android/bin/classes/mono/androidx/viewpager/widget/ViewPager_OnAdapterChangeListenerImplementor.class' -> 'goodrive://www.googleapis.com/:personal:/bannister/bannister/obj/Debug/net8.0-android/android/bin/classes/mono/androidx/viewpager/widget/ViewPager_OnAdapterChangeListenerImplementor.class' (2,064)
2026-08-09 06:03:32: Copy Over 'C:/rock/bannister/Bannister/obj/Debug/net8.0-android/android/bin/classes/mono/androidx/viewpager/widget/ViewPager_OnPageChangeListenerImplementor.class' -> 'goodrive://www.googleapis.com/:personal:/bannister/bannister/obj/Debug/net8.0-android/android/bin/classes/mono/androidx/viewpager/widget/ViewPager_OnPageChangeListenerImplementor.class' (2,231)
2026-08-09 06:03:32: Copy Over 'C:/rock/bannister/Bannister/obj/Debug/net8.0-android/android/bin/classes/mono/com/bumptech/glide/manager/ConnectivityMonitor_ConnectivityListenerImplementor.class' -> 'goodrive://www.googleapis.com/:personal:/bannister/bannister/obj/Debug/net8.0-android/android/bin/classes/mono/com/bumptech/glide/manager/ConnectivityMonitor_ConnectivityListenerImplementor.class' (1,761)
2026-08-09 06:03:34: Copy Over 'C:/rock/bannister/Bannister/obj/Debug/net8.0-android/android/bin/classes/mono/com/bumptech/glide/manager/LifecycleListenerImplementor.class' -> 'goodrive://www.googleapis.com/:personal:/bannister/bannister/obj/Debug/net8.0-android/android/bin/classes/mono/com/bumptech/glide/manager/LifecycleListenerImplementor.class' (1,861)
2026-08-09 06:03:35: Copy Over 'C:/rock/bannister/Bannister/obj/Debug/net8.0-android/android/bin/classes/mono/com/bumptech/glide/load/engine/cache/MemoryCache_ResourceRemovedListenerImplementor.class' -> 'goodrive://www.googleapis.com/:personal:/bannister/bannister/obj/Debug/net8.0-android/android/bin/classes/mono/com/bumptech/glide/load/engine/cache/MemoryCache_ResourceRemovedListenerImplementor.class' (1,885)
2026-08-09 06:03:36: Copy Over 'C:/rock/bannister/Bannister/obj/Debug/net8.0-android/android/bin/classes/mono/com/bumptech/glide/request/RequestListenerImplementor.class' -> 'goodrive://www.googleapis.com/:personal:/bannister/bannister/obj/Debug/net8.0-android/android/bin/classes/mono/com/bumptech/glide/request/RequestListenerImplementor.class' (2,393)
2026-08-09 06:03:37: Copy Over 'C:/rock/bannister/Bannister/obj/Debug/net8.0-android/android/bin/classes/mono/MonoPackageManager_Resources.class' -> 'goodrive://www.googleapis.com/:personal:/bannister/bannister/obj/Debug/net8.0-android/android/bin/classes/mono/MonoPackageManager_Resources.class' (6,057)
2026-08-09 06:03:39: Copy Over 'C:/rock/bannister/Bannister/obj/Debug/net8.0-android/android/bin/classes/mono/MonoRuntimeProvider.class' -> 'goodrive://www.googleapis.com/:personal:/bannister/bannister/obj/Debug/net8.0-android/android/bin/classes/mono/MonoRuntimeProvider.class' (1,980)
2026-08-09 06:03:40: Copy Over 'C:/rock/bannister/Bannister/obj/Debug/net8.0-android/android/bin/classes/mono/com/google/android/material/appbar/AppBarLayout_LiftOnScrollListenerImplementor.class' -> 'goodrive://www.googleapis.com/:personal:/bannister/bannister/obj/Debug/net8.0-android/android/bin/classes/mono/com/google/android/material/appbar/AppBarLayout_LiftOnScrollListenerImplementor.class' (1,733)
2026-08-09 06:03:40: Copy Over 'C:/rock/bannister/Bannister/obj/Debug/net8.0-android/android/bin/classes/mono/com/google/android/material/animation/AnimatableView_ListenerImplementor.class' -> 'goodrive://www.googleapis.com/:personal:/bannister/bannister/obj/Debug/net8.0-android/android/bin/classes/mono/com/google/android/material/animation/AnimatableView_ListenerImplementor.class' (1,695)
2026-08-09 06:03:43: Copy Over 'C:/rock/bannister/Bannister/obj/Debug/net8.0-android/android/bin/classes/mono/com/google/android/material/appbar/AppBarLayout_OnOffsetChangedListenerImplementor.class' -> 'goodrive://www.googleapis.com/:personal:/bannister/bannister/obj/Debug/net8.0-android/android/bin/classes/mono/com/google/android/material/appbar/AppBarLayout_OnOffsetChangedListenerImplementor.class' (1,923)
2026-08-09 06:03:44: Copy Over 'C:/rock/bannister/Bannister/obj/Debug/net8.0-android/android/bin/classes/mono/com/google/android/material/behavior/HideBottomViewOnScrollBehavior_OnScrollStateChangedListenerImplementor.class' -> 'goodrive://www.googleapis.com/:personal:/bannister/bannister/obj/Debug/net8.0-android/android/bin/classes/mono/com/google/android/material/behavior/HideBottomViewOnScrollBehavior_OnScrollStateChangedListenerImplementor.class' (1,977)
2026-08-09 06:03:44: Copy Over 'C:/rock/bannister/Bannister/obj/Debug/net8.0-android/android/bin/classes/mono/com/google/android/material/button/MaterialButton_OnCheckedChangeListenerImplementor.class' -> 'goodrive://www.googleapis.com/:personal:/bannister/bannister/obj/Debug/net8.0-android/android/bin/classes/mono/com/google/android/material/button/MaterialButton_OnCheckedChangeListenerImplementor.class' (1,945)
2026-08-09 06:03:46: Copy Over 'C:/rock/bannister/Bannister/obj/Debug/net8.0-android/android/bin/classes/mono/com/google/android/material/button/MaterialButtonToggleGroup_OnButtonCheckedListenerImplementor.class' -> 'goodrive://www.googleapis.com/:personal:/bannister/bannister/obj/Debug/net8.0-android/android/bin/classes/mono/com/google/android/material/button/MaterialButtonToggleGroup_OnButtonCheckedListenerImplementor.class' (2,044)
2026-08-09 06:03:47: Copy Over 'C:/rock/bannister/Bannister/obj/Debug/net8.0-android/android/bin/classes/mono/com/google/android/material/behavior/SwipeDismissBehavior_OnDismissListenerImplementor.class' -> 'goodrive://www.googleapis.com/:personal:/bannister/bannister/obj/Debug/net8.0-android/android/bin/classes/mono/com/google/android/material/behavior/SwipeDismissBehavior_OnDismissListenerImplementor.class' (2,114)
2026-08-09 06:03:48: Copy Over 'C:/rock/bannister/Bannister/obj/Debug/net8.0-android/android/bin/classes/mono/com/google/android/material/card/MaterialCardView_OnCheckedChangeListenerImplementor.class' -> 'goodrive://www.googleapis.com/:personal:/bannister/bannister/obj/Debug/net8.0-android/android/bin/classes/mono/com/google/android/material/card/MaterialCardView_OnCheckedChangeListenerImplementor.class' (1,947)
2026-08-09 06:03:50: Copy Over 'C:/rock/bannister/Bannister/obj/Debug/net8.0-android/android/bin/classes/mono/com/google/android/material/carousel/OnMaskChangedListenerImplementor.class' -> 'goodrive://www.googleapis.com/:personal:/bannister/bannister/obj/Debug/net8.0-android/android/bin/classes/mono/com/google/android/material/carousel/OnMaskChangedListenerImplementor.class' (1,659)
2026-08-09 06:03:51: Copy Over 'C:/rock/bannister/Bannister/obj/Debug/net8.0-android/android/bin/classes/mono/com/google/android/material/checkbox/MaterialCheckBox_OnCheckedStateChangedListenerImplementor.class' -> 'goodrive://www.googleapis.com/:personal:/bannister/bannister/obj/Debug/net8.0-android/android/bin/classes/mono/com/google/android/material/checkbox/MaterialCheckBox_OnCheckedStateChangedListenerImplementor.class' (2,067)
2026-08-09 06:03:51: Copy Over 'C:/rock/bannister/Bannister/obj/Debug/net8.0-android/android/bin/classes/mono/com/google/android/material/chip/ChipGroup_OnCheckedChangeListenerImplementor.class' -> 'goodrive://www.googleapis.com/:personal:/bannister/bannister/obj/Debug/net8.0-android/android/bin/classes/mono/com/google/android/material/chip/ChipGroup_OnCheckedChangeListenerImplementor.class' (1,884)
2026-08-09 06:03:53: Copy Over 'C:/rock/bannister/Bannister/obj/Debug/net8.0-android/android/bin/classes/mono/com/google/android/material/chip/ChipGroup_OnCheckedStateChangeListenerImplementor.class' -> 'goodrive://www.googleapis.com/:personal:/bannister/bannister/obj/Debug/net8.0-android/android/bin/classes/mono/com/google/android/material/chip/ChipGroup_OnCheckedStateChangeListenerImplementor.class' (1,959)
2026-08-09 06:03:54: Copy Over 'C:/rock/bannister/Bannister/obj/Debug/net8.0-android/android/bin/classes/mono/com/google/android/material/checkbox/MaterialCheckBox_OnErrorChangedListenerImplementor.class' -> 'goodrive://www.googleapis.com/:personal:/bannister/bannister/obj/Debug/net8.0-android/android/bin/classes/mono/com/google/android/material/checkbox/MaterialCheckBox_OnErrorChangedListenerImplementor.class' (1,965)
2026-08-09 06:03:56: Copy Over 'C:/rock/bannister/Bannister/obj/Debug/net8.0-android/android/bin/classes/mono/com/google/android/material/datepicker/MaterialPickerOnPositiveButtonClickListenerImplementor.class' -> 'goodrive://www.googleapis.com/:personal:/bannister/bannister/obj/Debug/net8.0-android/android/bin/classes/mono/com/google/android/material/datepicker/MaterialPickerOnPositiveButtonClickListenerImplementor.class' (1,767)
2026-08-09 06:03:57: Copy Over 'C:/rock/bannister/Bannister/obj/Debug/net8.0-android/android/bin/classes/mono/com/google/android/material/internal/CheckableGroup_OnCheckedStateChangeListenerImplementor.class' -> 'goodrive://www.googleapis.com/:personal:/bannister/bannister/obj/Debug/net8.0-android/android/bin/classes/mono/com/google/android/material/internal/CheckableGroup_OnCheckedStateChangeListenerImplementor.class' (1,893)
2026-08-09 06:03:58: Copy Over 'C:/rock/bannister/Bannister/obj/Debug/net8.0-android/android/bin/classes/mono/com/google/android/material/internal/MaterialCheckable_OnCheckedChangeListenerImplementor.class' -> 'goodrive://www.googleapis.com/:personal:/bannister/bannister/obj/Debug/net8.0-android/android/bin/classes/mono/com/google/android/material/internal/MaterialCheckable_OnCheckedChangeListenerImplementor.class' (1,872)
2026-08-09 06:03:59: Copy Over 'C:/rock/bannister/Bannister/obj/Debug/net8.0-android/android/bin/classes/mono/com/google/android/material/internal/ViewUtils_OnApplyWindowInsetsListenerImplementor.class' -> 'goodrive://www.googleapis.com/:personal:/bannister/bannister/obj/Debug/net8.0-android/android/bin/classes/mono/com/google/android/material/internal/ViewUtils_OnApplyWindowInsetsListenerImplementor.class' (2,338)
2026-08-09 06:04:00: Copy Over 'C:/rock/bannister/Bannister/obj/Debug/net8.0-android/android/bin/classes/mono/com/google/android/material/navigation/NavigationBarView_OnItemReselectedListenerImplementor.class' -> 'goodrive://www.googleapis.com/:personal:/bannister/bannister/obj/Debug/net8.0-android/android/bin/classes/mono/com/google/android/material/navigation/NavigationBarView_OnItemReselectedListenerImplementor.class' (1,941)
2026-08-09 06:04:01: Copy Over 'C:/rock/bannister/Bannister/obj/Debug/net8.0-android/android/bin/classes/mono/com/google/android/material/search/SearchView_TransitionListenerImplementor.class' -> 'goodrive://www.googleapis.com/:personal:/bannister/bannister/obj/Debug/net8.0-android/android/bin/classes/mono/com/google/android/material/search/SearchView_TransitionListenerImplementor.class' (2,340)
2026-08-09 06:04:03: Copy Over 'C:/rock/bannister/Bannister/obj/Debug/net8.0-android/android/bin/classes/mono/com/google/android/material/navigation/NavigationBarView_OnItemSelectedListenerImplementor.class' -> 'goodrive://www.googleapis.com/:personal:/bannister/bannister/obj/Debug/net8.0-android/android/bin/classes/mono/com/google/android/material/navigation/NavigationBarView_OnItemSelectedListenerImplementor.class' (1,917)
2026-08-09 06:04:04: Copy Over 'C:/rock/bannister/Bannister/obj/Debug/net8.0-android/android/bin/classes/mono/com/google/android/material/shape/ShapeAppearancePathProvider_PathListenerImplementor.class' -> 'goodrive://www.googleapis.com/:personal:/bannister/bannister/obj/Debug/net8.0-android/android/bin/classes/mono/com/google/android/material/shape/ShapeAppearancePathProvider_PathListenerImplementor.class' (2,439)
2026-08-09 06:04:05: Copy Over 'C:/rock/bannister/Bannister/obj/Debug/net8.0-android/android/bin/classes/mono/com/google/android/material/navigation/NavigationView_OnNavigationItemSelectedListenerImplementor.class' -> 'goodrive://www.googleapis.com/:personal:/bannister/bannister/obj/Debug/net8.0-android/android/bin/classes/mono/com/google/android/material/navigation/NavigationView_OnNavigationItemSelectedListenerImplementor.class' (1,959)
2026-08-09 06:04:06: Copy Over 'C:/rock/bannister/Bannister/obj/Debug/net8.0-android/android/bin/classes/mono/com/google/android/material/slider/BaseOnChangeListenerImplementor.class' -> 'goodrive://www.googleapis.com/:personal:/bannister/bannister/obj/Debug/net8.0-android/android/bin/classes/mono/com/google/android/material/slider/BaseOnChangeListenerImplementor.class' (1,636)
2026-08-09 06:04:07: Copy Over 'C:/rock/bannister/Bannister/obj/Debug/net8.0-android/android/bin/classes/mono/com/google/android/material/slider/BaseOnSliderTouchListenerImplementor.class' -> 'goodrive://www.googleapis.com/:personal:/bannister/bannister/obj/Debug/net8.0-android/android/bin/classes/mono/com/google/android/material/slider/BaseOnSliderTouchListenerImplementor.class' (1,960)
2026-08-09 06:04:08: Copy Over 'C:/rock/bannister/Bannister/obj/Debug/net8.0-android/android/bin/classes/mono/com/google/android/material/tabs/TabLayout_BaseOnTabSelectedListenerImplementor.class' -> 'goodrive://www.googleapis.com/:personal:/bannister/bannister/obj/Debug/net8.0-android/android/bin/classes/mono/com/google/android/material/tabs/TabLayout_BaseOnTabSelectedListenerImplementor.class' (2,652)
2026-08-09 06:04:08: > Copy Over 'C:/rock/bannister/Bannister/obj/Debug/net8.0-android/android/bin/classes2.dex' -> 'goodrive://www.googleapis.com/:personal:/bannister/bannister/obj/Debug/net8.0-android/android/bin/classes2.dex' (7,168,352)
2026-08-09 06:04:10: Copy Over 'C:/rock/bannister/Bannister/obj/Debug/net8.0-android/android/bin/classes/mono/com/google/android/material/textfield/TextInputLayout_OnEditTextAttachedListenerImplementor.class' -> 'goodrive://www.googleapis.com/:personal:/bannister/bannister/obj/Debug/net8.0-android/android/bin/classes/mono/com/google/android/material/textfield/TextInputLayout_OnEditTextAttachedListenerImplementor.class' (2,000)
2026-08-09 06:04:10: > Copy Over 'C:/rock/bannister/Bannister/obj/Debug/net8.0-android/android/bin/com.bannister.app.apk' -> 'goodrive://www.googleapis.com/:personal:/bannister/bannister/obj/Debug/net8.0-android/android/bin/com.bannister.app.apk' (65,767,823)
2026-08-09 06:04:11: Copy Over 'C:/rock/bannister/Bannister/obj/Debug/net8.0-android/android/bin/classes/mono/com/google/android/material/textfield/TextInputLayout_OnEndIconChangedListenerImplementor.class' -> 'goodrive://www.googleapis.com/:personal:/bannister/bannister/obj/Debug/net8.0-android/android/bin/classes/mono/com/google/android/material/textfield/TextInputLayout_OnEndIconChangedListenerImplementor.class' (1,984)
2026-08-09 06:04:11: > Copy Over 'C:/rock/bannister/Bannister/obj/Debug/net8.0-android/android/bin/packaged_resources' -> 'goodrive://www.googleapis.com/:personal:/bannister/bannister/obj/Debug/net8.0-android/android/bin/packaged_resources' (28,115,611)
2026-08-09 06:04:13: < Copy Over 'C:/rock/bannister/Bannister/obj/Debug/net8.0-android/android/bin/classes2.dex' -> 'goodrive://www.googleapis.com/:personal:/bannister/bannister/obj/Debug/net8.0-android/android/bin/classes2.dex' (7,168,352)
2026-08-09 06:04:13: > Copy Over 'C:/rock/bannister/Bannister/obj/Debug/net8.0-android/android/assets/Bannister.pdb' -> 'goodrive://www.googleapis.com/:personal:/bannister/bannister/obj/Debug/net8.0-android/android/assets/Bannister.pdb' (1,431,448)
2026-08-09 06:04:17: < Copy Over 'C:/rock/bannister/Bannister/obj/Debug/net8.0-android/android/assets/Bannister.pdb' -> 'goodrive://www.googleapis.com/:personal:/bannister/bannister/obj/Debug/net8.0-android/android/assets/Bannister.pdb' (1,431,448)
2026-08-09 06:04:18: < Copy Over 'C:/rock/bannister/Bannister/obj/Debug/net8.0-android/android/bin/packaged_resources' -> 'goodrive://www.googleapis.com/:personal:/bannister/bannister/obj/Debug/net8.0-android/android/bin/packaged_resources' (28,115,611)
2026-08-09 06:04:18: < Copy Over 'C:/rock/bannister/Bannister/obj/Debug/net8.0-android/android/bin/com.bannister.app.apk' -> 'goodrive://www.googleapis.com/:personal:/bannister/bannister/obj/Debug/net8.0-android/android/bin/com.bannister.app.apk' (65,767,823)
2026-08-09 06:04:20: Copy Over 'C:/rock/bannister/Bannister/obj/Debug/net8.0-android/android/compressed_assemblies.arm64-v8a.o' -> 'goodrive://www.googleapis.com/:personal:/bannister/bannister/obj/Debug/net8.0-android/android/compressed_assemblies.arm64-v8a.o' (848)
2026-08-09 06:04:21: Copy Over 'C:/rock/bannister/Bannister/obj/Debug/net8.0-android/android/compressed_assemblies.armeabi-v7a.ll' -> 'goodrive://www.googleapis.com/:personal:/bannister/bannister/obj/Debug/net8.0-android/android/compressed_assemblies.armeabi-v7a.ll' (1,015)
2026-08-09 06:04:22: Copy Over 'C:/rock/bannister/Bannister/obj/Debug/net8.0-android/android/compressed_assemblies.armeabi-v7a.o' -> 'goodrive://www.googleapis.com/:personal:/bannister/bannister/obj/Debug/net8.0-android/android/compressed_assemblies.armeabi-v7a.o' (700)
2026-08-09 06:04:24: Copy Over 'C:/rock/bannister/Bannister/obj/Debug/net8.0-android/android/compressed_assemblies.x86.ll' -> 'goodrive://www.googleapis.com/:personal:/bannister/bannister/obj/Debug/net8.0-android/android/compressed_assemblies.x86.ll' (1,032)
2026-08-09 06:04:25: Copy Over 'C:/rock/bannister/Bannister/obj/Debug/net8.0-android/android/compressed_assemblies.x86.o' -> 'goodrive://www.googleapis.com/:personal:/bannister/bannister/obj/Debug/net8.0-android/android/compressed_assemblies.x86.o' (576)
2026-08-09 06:04:25: Copy Over 'C:/rock/bannister/Bannister/obj/Debug/net8.0-android/android/compressed_assemblies.x86_64.ll' -> 'goodrive://www.googleapis.com/:personal:/bannister/bannister/obj/Debug/net8.0-android/android/compressed_assemblies.x86_64.ll' (981)
2026-08-09 06:04:27: Copy Over 'C:/rock/bannister/Bannister/obj/Debug/net8.0-android/android/compressed_assemblies.x86_64.o' -> 'goodrive://www.googleapis.com/:personal:/bannister/bannister/obj/Debug/net8.0-android/android/compressed_assemblies.x86_64.o' (792)
2026-08-09 06:04:28: Copy Over 'C:/rock/bannister/Bannister/obj/Debug/net8.0-android/android/environment.arm64-v8a.ll' -> 'goodrive://www.googleapis.com/:personal:/bannister/bannister/obj/Debug/net8.0-android/android/environment.arm64-v8a.ll' (154,586)
2026-08-09 06:04:29: Copy Over 'C:/rock/bannister/Bannister/obj/Debug/net8.0-android/android/environment.arm64-v8a.o' -> 'goodrive://www.googleapis.com/:personal:/bannister/bannister/obj/Debug/net8.0-android/android/environment.arm64-v8a.o' (47,800)
2026-08-09 06:04:32: Copy Over 'C:/rock/bannister/Bannister/obj/Debug/net8.0-android/android/environment.armeabi-v7a.ll' -> 'goodrive://www.googleapis.com/:personal:/bannister/bannister/obj/Debug/net8.0-android/android/environment.armeabi-v7a.ll' (153,561)
2026-08-09 06:04:32: Copy Over 'C:/rock/bannister/Bannister/obj/Debug/net8.0-android/android/environment.armeabi-v7a.o' -> 'goodrive://www.googleapis.com/:personal:/bannister/bannister/obj/Debug/net8.0-android/android/environment.armeabi-v7a.o' (32,924)
2026-08-09 06:04:32: Copy Over 'C:/rock/bannister/Bannister/obj/Debug/net8.0-android/android/environment.x86.ll' -> 'goodrive://www.googleapis.com/:personal:/bannister/bannister/obj/Debug/net8.0-android/android/environment.x86.ll' (153,578)
2026-08-09 06:04:35: Copy Over 'C:/rock/bannister/Bannister/obj/Debug/net8.0-android/android/environment.x86.o' -> 'goodrive://www.googleapis.com/:personal:/bannister/bannister/obj/Debug/net8.0-android/android/environment.x86.o' (32,608)
2026-08-09 06:04:36: Copy Over 'C:/rock/bannister/Bannister/obj/Debug/net8.0-android/android/environment.x86_64.o' -> 'goodrive://www.googleapis.com/:personal:/bannister/bannister/obj/Debug/net8.0-android/android/environment.x86_64.o' (47,904)
2026-08-09 06:04:36: Copy Over 'C:/rock/bannister/Bannister/obj/Debug/net8.0-android/android/environment.x86_64.ll' -> 'goodrive://www.googleapis.com/:personal:/bannister/bannister/obj/Debug/net8.0-android/android/environment.x86_64.ll' (154,724)
2026-08-09 06:04:39: Copy Over 'C:/rock/bannister/Bannister/obj/Debug/net8.0-android/android/jni_remap.arm64-v8a.o' -> 'goodrive://www.googleapis.com/:personal:/bannister/bannister/obj/Debug/net8.0-android/android/jni_remap.arm64-v8a.o' (968)
2026-08-09 06:04:39: Copy Over 'C:/rock/bannister/Bannister/obj/Debug/net8.0-android/android/jni_remap.x86.o' -> 'goodrive://www.googleapis.com/:personal:/bannister/bannister/obj/Debug/net8.0-android/android/jni_remap.x86.o' (660)
2026-08-09 06:04:39: Copy Over 'C:/rock/bannister/Bannister/obj/Debug/net8.0-android/android/jni_remap.armeabi-v7a.o' -> 'goodrive://www.googleapis.com/:personal:/bannister/bannister/obj/Debug/net8.0-android/android/jni_remap.armeabi-v7a.o' (784)
2026-08-09 06:04:42: Copy Over 'C:/rock/bannister/Bannister/obj/Debug/net8.0-android/android/jni_remap.x86_64.o' -> 'goodrive://www.googleapis.com/:personal:/bannister/bannister/obj/Debug/net8.0-android/android/jni_remap.x86_64.o' (912)
2026-08-09 06:04:43: Copy Over 'C:/rock/bannister/Bannister/obj/Debug/net8.0-android/android/manifest/AndroidManifest.xml' -> 'goodrive://www.googleapis.com/:personal:/bannister/bannister/obj/Debug/net8.0-android/android/manifest/AndroidManifest.xml' (4,706)
2026-08-09 06:04:43: Copy Over 'C:/rock/bannister/Bannister/obj/Debug/net8.0-android/android/marshal_methods.arm64-v8a.ll' -> 'goodrive://www.googleapis.com/:personal:/bannister/bannister/obj/Debug/net8.0-android/android/marshal_methods.arm64-v8a.ll' (74,601)
2026-08-09 06:04:45: Copy Over 'C:/rock/bannister/Bannister/obj/Debug/net8.0-android/android/marshal_methods.arm64-v8a.o' -> 'goodrive://www.googleapis.com/:personal:/bannister/bannister/obj/Debug/net8.0-android/android/marshal_methods.arm64-v8a.o' (10,056)
2026-08-09 06:04:46: Copy Over 'C:/rock/bannister/Bannister/obj/Debug/net8.0-android/android/marshal_methods.armeabi-v7a.o' -> 'goodrive://www.googleapis.com/:personal:/bannister/bannister/obj/Debug/net8.0-android/android/marshal_methods.armeabi-v7a.o' (6,792)
2026-08-09 06:04:46: > Copy Over 'C:/rock/bannister/Bannister/obj/Debug/net8.0-android/android/typemaps.arm64-v8a.o' -> 'goodrive://www.googleapis.com/:personal:/bannister/bannister/obj/Debug/net8.0-android/android/typemaps.arm64-v8a.o' (3,181,888)
2026-08-09 06:04:47: Copy Over 'C:/rock/bannister/Bannister/obj/Debug/net8.0-android/android/marshal_methods.x86.o' -> 'goodrive://www.googleapis.com/:personal:/bannister/bannister/obj/Debug/net8.0-android/android/marshal_methods.x86.o' (6,760)
2026-08-09 06:04:47: > Copy Over 'C:/rock/bannister/Bannister/obj/Debug/net8.0-android/android/typemaps.armeabi-v7a.ll' -> 'goodrive://www.googleapis.com/:personal:/bannister/bannister/obj/Debug/net8.0-android/android/typemaps.armeabi-v7a.ll' (7,021,759)
2026-08-09 06:04:49: Copy Over 'C:/rock/bannister/Bannister/obj/Debug/net8.0-android/android/marshal_methods.x86_64.o' -> 'goodrive://www.googleapis.com/:personal:/bannister/bannister/obj/Debug/net8.0-android/android/marshal_methods.x86_64.o' (9,912)
2026-08-09 06:04:49: > Copy Over 'C:/rock/bannister/Bannister/obj/Debug/net8.0-android/android/typemaps.armeabi-v7a.o' -> 'goodrive://www.googleapis.com/:personal:/bannister/bannister/obj/Debug/net8.0-android/android/typemaps.armeabi-v7a.o' (2,100,812)
2026-08-09 06:04:50: < Copy Over 'C:/rock/bannister/Bannister/obj/Debug/net8.0-android/android/typemaps.arm64-v8a.o' -> 'goodrive://www.googleapis.com/:personal:/bannister/bannister/obj/Debug/net8.0-android/android/typemaps.arm64-v8a.o' (3,181,888)
2026-08-09 06:04:50: > Copy Over 'C:/rock/bannister/Bannister/obj/Debug/net8.0-android/android/typemaps.x86.ll' -> 'goodrive://www.googleapis.com/:personal:/bannister/bannister/obj/Debug/net8.0-android/android/typemaps.x86.ll' (7,021,776)
2026-08-09 06:04:53: < Copy Over 'C:/rock/bannister/Bannister/obj/Debug/net8.0-android/android/typemaps.armeabi-v7a.ll' -> 'goodrive://www.googleapis.com/:personal:/bannister/bannister/obj/Debug/net8.0-android/android/typemaps.armeabi-v7a.ll' (7,021,759)
2026-08-09 06:04:53: > Copy Over 'C:/rock/bannister/Bannister/obj/Debug/net8.0-android/android/typemaps.x86.o' -> 'goodrive://www.googleapis.com/:personal:/bannister/bannister/obj/Debug/net8.0-android/android/typemaps.x86.o' (2,100,688)
2026-08-09 06:04:53: < Copy Over 'C:/rock/bannister/Bannister/obj/Debug/net8.0-android/android/typemaps.armeabi-v7a.o' -> 'goodrive://www.googleapis.com/:personal:/bannister/bannister/obj/Debug/net8.0-android/android/typemaps.armeabi-v7a.o' (2,100,812)
2026-08-09 06:04:53: > Copy Over 'C:/rock/bannister/Bannister/obj/Debug/net8.0-android/android/typemaps.x86_64.ll' -> 'goodrive://www.googleapis.com/:personal:/bannister/bannister/obj/Debug/net8.0-android/android/typemaps.x86_64.ll' (7,047,023)
2026-08-09 06:04:57: < Copy Over 'C:/rock/bannister/Bannister/obj/Debug/net8.0-android/android/typemaps.x86.o' -> 'goodrive://www.googleapis.com/:personal:/bannister/bannister/obj/Debug/net8.0-android/android/typemaps.x86.o' (2,100,688)
2026-08-09 06:04:57: > Copy Over 'C:/rock/bannister/Bannister/obj/Debug/net8.0-android/android/typemaps.x86_64.o' -> 'goodrive://www.googleapis.com/:personal:/bannister/bannister/obj/Debug/net8.0-android/android/typemaps.x86_64.o' (3,370,672)
2026-08-09 06:04:58: < Copy Over 'C:/rock/bannister/Bannister/obj/Debug/net8.0-android/android/typemaps.x86.ll' -> 'goodrive://www.googleapis.com/:personal:/bannister/bannister/obj/Debug/net8.0-android/android/typemaps.x86.ll' (7,021,776)
2026-08-09 06:05:01: < Copy Over 'C:/rock/bannister/Bannister/obj/Debug/net8.0-android/android/typemaps.x86_64.ll' -> 'goodrive://www.googleapis.com/:personal:/bannister/bannister/obj/Debug/net8.0-android/android/typemaps.x86_64.ll' (7,047,023)
2026-08-09 06:05:01: < Copy Over 'C:/rock/bannister/Bannister/obj/Debug/net8.0-android/android/typemaps.x86_64.o' -> 'goodrive://www.googleapis.com/:personal:/bannister/bannister/obj/Debug/net8.0-android/android/typemaps.x86_64.o' (3,370,672)
2026-08-09 06:05:01: > Copy Over 'C:/rock/bannister/Bannister/obj/Debug/net8.0-android/app_shared_libraries/arm64-v8a/libxamarin-app.so' -> 'goodrive://www.googleapis.com/:personal:/bannister/bannister/obj/Debug/net8.0-android/app_shared_libraries/arm64-v8a/libxamarin-app.so' (3,240,856)
2026-08-09 06:05:01: Copy Over 'C:/rock/bannister/Bannister/obj/Debug/net8.0-android/android_debug_keystore.flag' -> 'goodrive://www.googleapis.com/:personal:/bannister/bannister/obj/Debug/net8.0-android/android_debug_keystore.flag' (0)
2026-08-09 06:05:04: Copy Over 'C:/rock/bannister/Bannister/obj/Debug/net8.0-android/assets/AboutAssets.txt' -> 'goodrive://www.googleapis.com/:personal:/bannister/bannister/obj/Debug/net8.0-android/assets/AboutAssets.txt' (642)
2026-08-09 06:05:04: Copy Over 'C:/rock/bannister/Bannister/obj/Debug/net8.0-android/assets/OpenSans-Regular.ttf' -> 'goodrive://www.googleapis.com/:personal:/bannister/bannister/obj/Debug/net8.0-android/assets/OpenSans-Regular.ttf' (107,276)
2026-08-09 06:05:04: > Copy Over 'C:/rock/bannister/Bannister/obj/Debug/net8.0-android/app_shared_libraries/armeabi-v7a/libxamarin-app.so' -> 'goodrive://www.googleapis.com/:personal:/bannister/bannister/obj/Debug/net8.0-android/app_shared_libraries/armeabi-v7a/libxamarin-app.so' (2,141,372)
2026-08-09 06:05:05: < Copy Over 'C:/rock/bannister/Bannister/obj/Debug/net8.0-android/app_shared_libraries/arm64-v8a/libxamarin-app.so' -> 'goodrive://www.googleapis.com/:personal:/bannister/bannister/obj/Debug/net8.0-android/app_shared_libraries/arm64-v8a/libxamarin-app.so' (3,240,856)
2026-08-09 06:05:05: > Copy Over 'C:/rock/bannister/Bannister/obj/Debug/net8.0-android/app_shared_libraries/x86/libxamarin-app.so' -> 'goodrive://www.googleapis.com/:personal:/bannister/bannister/obj/Debug/net8.0-android/app_shared_libraries/x86/libxamarin-app.so' (2,140,920)
2026-08-09 06:05:08: Copy Over 'C:/rock/bannister/Bannister/obj/Debug/net8.0-android/assets/OpenSans-Semibold.ttf' -> 'goodrive://www.googleapis.com/:personal:/bannister/bannister/obj/Debug/net8.0-android/assets/OpenSans-Semibold.ttf' (111,184)
2026-08-09 06:05:08: < Copy Over 'C:/rock/bannister/Bannister/obj/Debug/net8.0-android/app_shared_libraries/x86/libxamarin-app.so' -> 'goodrive://www.googleapis.com/:personal:/bannister/bannister/obj/Debug/net8.0-android/app_shared_libraries/x86/libxamarin-app.so' (2,140,920)
2026-08-09 06:05:08: > Copy Over 'C:/rock/bannister/Bannister/obj/Debug/net8.0-android/app_shared_libraries/x86_64/libxamarin-app.so' -> 'goodrive://www.googleapis.com/:personal:/bannister/bannister/obj/Debug/net8.0-android/app_shared_libraries/x86_64/libxamarin-app.so' (3,429,200)
2026-08-09 06:05:09: < Copy Over 'C:/rock/bannister/Bannister/obj/Debug/net8.0-android/app_shared_libraries/armeabi-v7a/libxamarin-app.so' -> 'goodrive://www.googleapis.com/:personal:/bannister/bannister/obj/Debug/net8.0-android/app_shared_libraries/armeabi-v7a/libxamarin-app.so' (2,141,372)
2026-08-09 06:05:11: Copy Over 'C:/rock/bannister/Bannister/obj/Debug/net8.0-android/Bannister.AssemblyInfo.cs' -> 'goodrive://www.googleapis.com/:personal:/bannister/bannister/obj/Debug/net8.0-android/Bannister.AssemblyInfo.cs' (1,160)
2026-08-09 06:05:12: < Copy Over 'C:/rock/bannister/Bannister/obj/Debug/net8.0-android/app_shared_libraries/x86_64/libxamarin-app.so' -> 'goodrive://www.googleapis.com/:personal:/bannister/bannister/obj/Debug/net8.0-android/app_shared_libraries/x86_64/libxamarin-app.so' (3,429,200)
2026-08-09 06:05:12: Copy Over 'C:/rock/bannister/Bannister/obj/Debug/net8.0-android/Bannister.AssemblyInfoInputs.cache' -> 'goodrive://www.googleapis.com/:personal:/bannister/bannister/obj/Debug/net8.0-android/Bannister.AssemblyInfoInputs.cache' (66)
2026-08-09 06:05:12: > Copy Over 'C:/rock/bannister/Bannister/obj/Debug/net8.0-android/Bannister.dll' -> 'goodrive://www.googleapis.com/:personal:/bannister/bannister/obj/Debug/net8.0-android/Bannister.dll' (6,669,824)
2026-08-09 06:05:14: Copy Over 'C:/rock/bannister/Bannister/obj/Debug/net8.0-android/Bannister.csproj.CoreCompileInputs.cache' -> 'goodrive://www.googleapis.com/:personal:/bannister/bannister/obj/Debug/net8.0-android/Bannister.csproj.CoreCompileInputs.cache' (66)
2026-08-09 06:05:15: Copy Over 'C:/rock/bannister/Bannister/obj/Debug/net8.0-android/Bannister.csproj.FileListAbsolute.txt' -> 'goodrive://www.googleapis.com/:personal:/bannister/bannister/obj/Debug/net8.0-android/Bannister.csproj.FileListAbsolute.txt' (119,670)
2026-08-09 06:05:15: > Copy Over 'C:/rock/bannister/Bannister/obj/Debug/net8.0-android/Bannister.pdb' -> 'goodrive://www.googleapis.com/:personal:/bannister/bannister/obj/Debug/net8.0-android/Bannister.pdb' (1,431,448)
2026-08-09 06:05:17: < Copy Over 'C:/rock/bannister/Bannister/obj/Debug/net8.0-android/Bannister.dll' -> 'goodrive://www.googleapis.com/:personal:/bannister/bannister/obj/Debug/net8.0-android/Bannister.dll' (6,669,824)
2026-08-09 06:05:17: Copy Over 'C:/rock/bannister/Bannister/obj/Debug/net8.0-android/Bannister.genruntimeconfig.cache' -> 'goodrive://www.googleapis.com/:personal:/bannister/bannister/obj/Debug/net8.0-android/Bannister.genruntimeconfig.cache' (66)
2026-08-09 06:05:20: < Copy Over 'C:/rock/bannister/Bannister/obj/Debug/net8.0-android/Bannister.pdb' -> 'goodrive://www.googleapis.com/:personal:/bannister/bannister/obj/Debug/net8.0-android/Bannister.pdb' (1,431,448)
2026-08-09 06:05:20: Copy Over 'C:/rock/bannister/Bannister/obj/Debug/net8.0-android/Bannister.runtimeconfig.json.bin' -> 'goodrive://www.googleapis.com/:personal:/bannister/bannister/obj/Debug/net8.0-android/Bannister.runtimeconfig.json.bin' (953)
2026-08-09 06:05:20: Copy Over 'C:/rock/bannister/Bannister/obj/Debug/net8.0-android/Bannister.sourcelink.json' -> 'goodrive://www.googleapis.com/:personal:/bannister/bannister/obj/Debug/net8.0-android/Bannister.sourcelink.json' (141)
2026-08-09 06:05:23: Copy Over 'C:/rock/bannister/Bannister/obj/Debug/net8.0-android/buildid.txt' -> 'goodrive://www.googleapis.com/:personal:/bannister/bannister/obj/Debug/net8.0-android/buildid.txt' (38)
2026-08-09 06:05:24: Copy Over 'C:/rock/bannister/Bannister/obj/Debug/net8.0-android/flat/values_colors.arsc.flat' -> 'goodrive://www.googleapis.com/:personal:/bannister/bannister/obj/Debug/net8.0-android/flat/values_colors.arsc.flat' (348)
2026-08-09 06:05:24: Copy Over 'C:/rock/bannister/Bannister/obj/Debug/net8.0-android/lp/100/jl/flat/100.flata' -> 'goodrive://www.googleapis.com/:personal:/bannister/bannister/obj/Debug/net8.0-android/lp/100/jl/flat/100.flata' (256)
2026-08-09 06:05:27: Copy Over 'C:/rock/bannister/Bannister/obj/Debug/net8.0-android/lp/103/jl/flat/103.flata' -> 'goodrive://www.googleapis.com/:personal:/bannister/bannister/obj/Debug/net8.0-android/lp/103/jl/flat/103.flata' (256)
2026-08-09 06:05:27: Copy Over 'C:/rock/bannister/Bannister/obj/Debug/net8.0-android/lp/101/jl/flat/101.flata' -> 'goodrive://www.googleapis.com/:personal:/bannister/bannister/obj/Debug/net8.0-android/lp/101/jl/flat/101.flata' (352)
2026-08-09 06:05:27: Copy Over 'C:/rock/bannister/Bannister/obj/Debug/net8.0-android/lp/104/jl/flat/104.flata' -> 'goodrive://www.googleapis.com/:personal:/bannister/bannister/obj/Debug/net8.0-android/lp/104/jl/flat/104.flata' (178,876)
2026-08-09 06:05:30: Copy Over 'C:/rock/bannister/Bannister/obj/Debug/net8.0-android/lp/107/jl/flat/107.flata' -> 'goodrive://www.googleapis.com/:personal:/bannister/bannister/obj/Debug/net8.0-android/lp/107/jl/flat/107.flata' (364)
2026-08-09 06:05:30: Copy Over 'C:/rock/bannister/Bannister/obj/Debug/net8.0-android/lp/108/jl/flat/108.flata' -> 'goodrive://www.googleapis.com/:personal:/bannister/bannister/obj/Debug/net8.0-android/lp/108/jl/flat/108.flata' (256)
2026-08-09 06:05:31: Copy Over 'C:/rock/bannister/Bannister/obj/Debug/net8.0-android/lp/109/jl/flat/109.flata' -> 'goodrive://www.googleapis.com/:personal:/bannister/bannister/obj/Debug/net8.0-android/lp/109/jl/flat/109.flata' (416)
2026-08-09 06:05:33: Copy Over 'C:/rock/bannister/Bannister/obj/Debug/net8.0-android/lp/110/jl/flat/110.flata' -> 'goodrive://www.googleapis.com/:personal:/bannister/bannister/obj/Debug/net8.0-android/lp/110/jl/flat/110.flata' (1,984)
2026-08-09 06:05:33: Copy Over 'C:/rock/bannister/Bannister/obj/Debug/net8.0-android/lp/111/jl/flat/111.flata' -> 'goodrive://www.googleapis.com/:personal:/bannister/bannister/obj/Debug/net8.0-android/lp/111/jl/flat/111.flata' (360)
2026-08-09 06:05:35: Copy Over 'C:/rock/bannister/Bannister/obj/Debug/net8.0-android/lp/112/jl/flat/112.flata' -> 'goodrive://www.googleapis.com/:personal:/bannister/bannister/obj/Debug/net8.0-android/lp/112/jl/flat/112.flata' (256)
2026-08-09 06:05:37: Copy Over 'C:/rock/bannister/Bannister/obj/Debug/net8.0-android/lp/114/jl/flat/114.flata' -> 'goodrive://www.googleapis.com/:personal:/bannister/bannister/obj/Debug/net8.0-android/lp/114/jl/flat/114.flata' (256)
2026-08-09 06:05:37: Copy Over 'C:/rock/bannister/Bannister/obj/Debug/net8.0-android/lp/115/jl/flat/115.flata' -> 'goodrive://www.googleapis.com/:personal:/bannister/bannister/obj/Debug/net8.0-android/lp/115/jl/flat/115.flata' (408)
2026-08-09 06:05:38: Copy Over 'C:/rock/bannister/Bannister/obj/Debug/net8.0-android/lp/116/jl/flat/116.flata' -> 'goodrive://www.googleapis.com/:personal:/bannister/bannister/obj/Debug/net8.0-android/lp/116/jl/flat/116.flata' (11,094)
2026-08-09 06:05:40: Copy Over 'C:/rock/bannister/Bannister/obj/Debug/net8.0-android/lp/117/jl/flat/117.flata' -> 'goodrive://www.googleapis.com/:personal:/bannister/bannister/obj/Debug/net8.0-android/lp/117/jl/flat/117.flata' (376)
2026-08-09 06:05:41: Copy Over 'C:/rock/bannister/Bannister/obj/Debug/net8.0-android/lp/120/jl/flat/120.flata' -> 'goodrive://www.googleapis.com/:personal:/bannister/bannister/obj/Debug/net8.0-android/lp/120/jl/flat/120.flata' (780)
2026-08-09 06:05:42: Copy Over 'C:/rock/bannister/Bannister/obj/Debug/net8.0-android/lp/122/jl/flat/122.flata' -> 'goodrive://www.googleapis.com/:personal:/bannister/bannister/obj/Debug/net8.0-android/lp/122/jl/flat/122.flata' (256)
2026-08-09 06:05:43: Copy Over 'C:/rock/bannister/Bannister/obj/Debug/net8.0-android/lp/123/jl/flat/123.flata' -> 'goodrive://www.googleapis.com/:personal:/bannister/bannister/obj/Debug/net8.0-android/lp/123/jl/flat/123.flata' (256)
2026-08-09 06:05:44: Copy Over 'C:/rock/bannister/Bannister/obj/Debug/net8.0-android/lp/126/jl/flat/126.flata' -> 'goodrive://www.googleapis.com/:personal:/bannister/bannister/obj/Debug/net8.0-android/lp/126/jl/flat/126.flata' (256)
2026-08-09 06:05:45: Copy Over 'C:/rock/bannister/Bannister/obj/Debug/net8.0-android/lp/127/jl/flat/127.flata' -> 'goodrive://www.googleapis.com/:personal:/bannister/bannister/obj/Debug/net8.0-android/lp/127/jl/flat/127.flata' (256)
2026-08-09 06:05:47: Copy Over 'C:/rock/bannister/Bannister/obj/Debug/net8.0-android/lp/129/jl/flat/129.flata' -> 'goodrive://www.googleapis.com/:personal:/bannister/bannister/obj/Debug/net8.0-android/lp/129/jl/flat/129.flata' (564)
2026-08-09 06:05:48: Copy Over 'C:/rock/bannister/Bannister/obj/Debug/net8.0-android/lp/131/jl/flat/131.flata' -> 'goodrive://www.googleapis.com/:personal:/bannister/bannister/obj/Debug/net8.0-android/lp/131/jl/flat/131.flata' (6,976)
2026-08-09 06:05:49: Copy Over 'C:/rock/bannister/Bannister/obj/Debug/net8.0-android/lp/132/jl/flat/132.flata' -> 'goodrive://www.googleapis.com/:personal:/bannister/bannister/obj/Debug/net8.0-android/lp/132/jl/flat/132.flata' (2,082)
2026-08-09 06:05:51: Copy Over 'C:/rock/bannister/Bannister/obj/Debug/net8.0-android/lp/134/jl/flat/134.flata' -> 'goodrive://www.googleapis.com/:personal:/bannister/bannister/obj/Debug/net8.0-android/lp/134/jl/flat/134.flata' (74,480)
2026-08-09 06:05:51: > Copy Over 'C:/rock/bannister/Bannister/obj/Debug/net8.0-android/lp/136/jl/flat/136.flata' -> 'goodrive://www.googleapis.com/:personal:/bannister/bannister/obj/Debug/net8.0-android/lp/136/jl/flat/136.flata' (1,757,158)
2026-08-09 06:05:51: Copy Over 'C:/rock/bannister/Bannister/obj/Debug/net8.0-android/lp/133/jl/flat/133.flata' -> 'goodrive://www.googleapis.com/:personal:/bannister/bannister/obj/Debug/net8.0-android/lp/133/jl/flat/133.flata' (765,520)
2026-08-09 06:05:52: Copy Over 'C:/rock/bannister/Bannister/obj/Debug/net8.0-android/lp/135/jl/flat/135.flata' -> 'goodrive://www.googleapis.com/:personal:/bannister/bannister/obj/Debug/net8.0-android/lp/135/jl/flat/135.flata' (4,742)
2026-08-09 06:05:54: Copy Over 'C:/rock/bannister/Bannister/obj/Debug/net8.0-android/lp/137/jl/flat/137.flata' -> 'goodrive://www.googleapis.com/:personal:/bannister/bannister/obj/Debug/net8.0-android/lp/137/jl/flat/137.flata' (256)
2026-08-09 06:05:54: < Copy Over 'C:/rock/bannister/Bannister/obj/Debug/net8.0-android/lp/136/jl/flat/136.flata' -> 'goodrive://www.googleapis.com/:personal:/bannister/bannister/obj/Debug/net8.0-android/lp/136/jl/flat/136.flata' (1,757,158)
2026-08-09 06:05:56: Copy Over 'C:/rock/bannister/Bannister/obj/Debug/net8.0-android/lp/138/jl/flat/138.flata' -> 'goodrive://www.googleapis.com/:personal:/bannister/bannister/obj/Debug/net8.0-android/lp/138/jl/flat/138.flata' (4,032)
2026-08-09 06:05:57: Copy Over 'C:/rock/bannister/Bannister/obj/Debug/net8.0-android/lp/139/jl/flat/139.flata' -> 'goodrive://www.googleapis.com/:personal:/bannister/bannister/obj/Debug/net8.0-android/lp/139/jl/flat/139.flata' (656)
2026-08-09 06:05:58: Copy Over 'C:/rock/bannister/Bannister/obj/Debug/net8.0-android/lp/140/jl/flat/140.flata' -> 'goodrive://www.googleapis.com/:personal:/bannister/bannister/obj/Debug/net8.0-android/lp/140/jl/flat/140.flata' (256)
2026-08-09 06:05:59: Copy Over 'C:/rock/bannister/Bannister/obj/Debug/net8.0-android/lp/141/jl/flat/141.flata' -> 'goodrive://www.googleapis.com/:personal:/bannister/bannister/obj/Debug/net8.0-android/lp/141/jl/flat/141.flata' (256)
2026-08-09 06:06:00: Copy Over 'C:/rock/bannister/Bannister/obj/Debug/net8.0-android/lp/142/jl/flat/142.flata' -> 'goodrive://www.googleapis.com/:personal:/bannister/bannister/obj/Debug/net8.0-android/lp/142/jl/flat/142.flata' (256)
2026-08-09 06:06:02: Copy Over 'C:/rock/bannister/Bannister/obj/Debug/net8.0-android/lp/143/jl/flat/143.flata' -> 'goodrive://www.googleapis.com/:personal:/bannister/bannister/obj/Debug/net8.0-android/lp/143/jl/flat/143.flata' (256)
2026-08-09 06:06:03: Copy Over 'C:/rock/bannister/Bannister/obj/Debug/net8.0-android/lp/144/jl/flat/144.flata' -> 'goodrive://www.googleapis.com/:personal:/bannister/bannister/obj/Debug/net8.0-android/lp/144/jl/flat/144.flata' (256)
2026-08-09 06:06:04: Copy Over 'C:/rock/bannister/Bannister/obj/Debug/net8.0-android/lp/145/jl/flat/145.flata' -> 'goodrive://www.googleapis.com/:personal:/bannister/bannister/obj/Debug/net8.0-android/lp/145/jl/flat/145.flata' (2,212)
2026-08-09 06:06:06: Copy Over 'C:/rock/bannister/Bannister/obj/Debug/net8.0-android/lp/146/jl/flat/146.flata' -> 'goodrive://www.googleapis.com/:personal:/bannister/bannister/obj/Debug/net8.0-android/lp/146/jl/flat/146.flata' (256)
2026-08-09 06:06:06: Copy Over 'C:/rock/bannister/Bannister/obj/Debug/net8.0-android/lp/147/jl/flat/147.flata' -> 'goodrive://www.googleapis.com/:personal:/bannister/bannister/obj/Debug/net8.0-android/lp/147/jl/flat/147.flata' (1,036)
2026-08-09 06:06:07: Copy Over 'C:/rock/bannister/Bannister/obj/Debug/net8.0-android/lp/148/jl/flat/148.flata' -> 'goodrive://www.googleapis.com/:personal:/bannister/bannister/obj/Debug/net8.0-android/lp/148/jl/flat/148.flata' (47,854)
2026-08-09 06:06:09: Copy Over 'C:/rock/bannister/Bannister/obj/Debug/net8.0-android/lp/149/jl/flat/149.flata' -> 'goodrive://www.googleapis.com/:personal:/bannister/bannister/obj/Debug/net8.0-android/lp/149/jl/flat/149.flata' (256)
2026-08-09 06:06:10: Copy Over 'C:/rock/bannister/Bannister/obj/Debug/net8.0-android/lp/150/jl/flat/150.flata' -> 'goodrive://www.googleapis.com/:personal:/bannister/bannister/obj/Debug/net8.0-android/lp/150/jl/flat/150.flata' (256)
2026-08-09 06:06:11: Copy Over 'C:/rock/bannister/Bannister/obj/Debug/net8.0-android/lp/151/jl/flat/151.flata' -> 'goodrive://www.googleapis.com/:personal:/bannister/bannister/obj/Debug/net8.0-android/lp/151/jl/flat/151.flata' (864)
2026-08-09 06:06:13: Copy Over 'C:/rock/bannister/Bannister/obj/Debug/net8.0-android/lp/152/jl/flat/152.flata' -> 'goodrive://www.googleapis.com/:personal:/bannister/bannister/obj/Debug/net8.0-android/lp/152/jl/flat/152.flata' (256)
2026-08-09 06:06:13: Copy Over 'C:/rock/bannister/Bannister/obj/Debug/net8.0-android/lp/154/jl/flat/154.flata' -> 'goodrive://www.googleapis.com/:personal:/bannister/bannister/obj/Debug/net8.0-android/lp/154/jl/flat/154.flata' (64,320)
2026-08-09 06:06:15: Copy Over 'C:/rock/bannister/Bannister/obj/Debug/net8.0-android/lp/156/jl/flat/156.flata' -> 'goodrive://www.googleapis.com/:personal:/bannister/bannister/obj/Debug/net8.0-android/lp/156/jl/flat/156.flata' (356)
2026-08-09 06:06:16: Copy Over 'C:/rock/bannister/Bannister/obj/Debug/net8.0-android/lp/159/jl/flat/layout_tabbar.xml.flat' -> 'goodrive://www.googleapis.com/:personal:/bannister/bannister/obj/Debug/net8.0-android/lp/159/jl/flat/layout_tabbar.xml.flat' (928)
2026-08-09 06:06:17: Copy Over 'C:/rock/bannister/Bannister/obj/Debug/net8.0-android/lp/159/jl/flat/layout_toolbar.xml.flat' -> 'goodrive://www.googleapis.com/:personal:/bannister/bannister/obj/Debug/net8.0-android/lp/159/jl/flat/layout_toolbar.xml.flat' (768)
2026-08-09 06:06:18: Copy Over 'C:/rock/bannister/Bannister/obj/Debug/net8.0-android/lp/160/jl/flat/anim_enterfromleft.xml.flat' -> 'goodrive://www.googleapis.com/:personal:/bannister/bannister/obj/Debug/net8.0-android/lp/160/jl/flat/anim_enterfromleft.xml.flat' (704)
2026-08-09 06:06:19: Copy Over 'C:/rock/bannister/Bannister/obj/Debug/net8.0-android/lp/160/jl/flat/anim_enterfromright.xml.flat' -> 'goodrive://www.googleapis.com/:personal:/bannister/bannister/obj/Debug/net8.0-android/lp/160/jl/flat/anim_enterfromright.xml.flat' (508)
2026-08-09 06:06:20: Copy Over 'C:/rock/bannister/Bannister/obj/Debug/net8.0-android/lp/160/jl/flat/anim_exittoleft.xml.flat' -> 'goodrive://www.googleapis.com/:personal:/bannister/bannister/obj/Debug/net8.0-android/lp/160/jl/flat/anim_exittoleft.xml.flat' (700)
2026-08-09 06:06:21: Copy Over 'C:/rock/bannister/Bannister/obj/Debug/net8.0-android/lp/160/jl/flat/anim_exittoright.xml.flat' -> 'goodrive://www.googleapis.com/:personal:/bannister/bannister/obj/Debug/net8.0-android/lp/160/jl/flat/anim_exittoright.xml.flat' (500)
2026-08-09 06:06:23: Copy Over 'C:/rock/bannister/Bannister/obj/Debug/net8.0-android/lp/160/jl/flat/layout_flyoutcontent.xml.flat' -> 'goodrive://www.googleapis.com/:personal:/bannister/bannister/obj/Debug/net8.0-android/lp/160/jl/flat/layout_flyoutcontent.xml.flat' (1,100)
2026-08-09 06:06:24: Copy Over 'C:/rock/bannister/Bannister/obj/Debug/net8.0-android/lp/160/jl/flat/layout_shellcontent.xml.flat' -> 'goodrive://www.googleapis.com/:personal:/bannister/bannister/obj/Debug/net8.0-android/lp/160/jl/flat/layout_shellcontent.xml.flat' (892)
2026-08-09 06:06:25: Copy Over 'C:/rock/bannister/Bannister/obj/Debug/net8.0-android/lp/160/jl/flat/values_strings.arsc.flat' -> 'goodrive://www.googleapis.com/:personal:/bannister/bannister/obj/Debug/net8.0-android/lp/160/jl/flat/values_strings.arsc.flat' (276)
2026-08-09 06:06:26: Copy Over 'C:/rock/bannister/Bannister/obj/Debug/net8.0-android/lp/159/jl/flat/values_attrs.arsc.flat' -> 'goodrive://www.googleapis.com/:personal:/bannister/bannister/obj/Debug/net8.0-android/lp/159/jl/flat/values_attrs.arsc.flat' (856)
2026-08-09 06:06:27: Copy Over 'C:/rock/bannister/Bannister/obj/Debug/net8.0-android/lp/159/jl/flat/values_styles.arsc.flat' -> 'goodrive://www.googleapis.com/:personal:/bannister/bannister/obj/Debug/net8.0-android/lp/159/jl/flat/values_styles.arsc.flat' (1,236)
2026-08-09 06:06:28: Copy Over 'C:/rock/bannister/Bannister/obj/Debug/net8.0-android/lp/161/jl/flat/values_values.arsc.flat' -> 'goodrive://www.googleapis.com/:personal:/bannister/bannister/obj/Debug/net8.0-android/lp/161/jl/flat/values_values.arsc.flat' (268)
2026-08-09 06:06:30: Copy Over 'C:/rock/bannister/Bannister/obj/Debug/net8.0-android/lp/162/jl/flat/anim_nav_default_enter_anim.xml.flat' -> 'goodrive://www.googleapis.com/:personal:/bannister/bannister/obj/Debug/net8.0-android/lp/162/jl/flat/anim_nav_default_enter_anim.xml.flat' (728)
2026-08-09 06:06:31: Copy Over 'C:/rock/bannister/Bannister/obj/Debug/net8.0-android/lp/162/jl/flat/anim_nav_default_pop_enter_anim.xml.flat' -> 'goodrive://www.googleapis.com/:personal:/bannister/bannister/obj/Debug/net8.0-android/lp/162/jl/flat/anim_nav_default_pop_enter_anim.xml.flat' (736)
2026-08-09 06:06:32: Copy Over 'C:/rock/bannister/Bannister/obj/Debug/net8.0-android/lp/162/jl/flat/anim_nav_default_exit_anim.xml.flat' -> 'goodrive://www.googleapis.com/:personal:/bannister/bannister/obj/Debug/net8.0-android/lp/162/jl/flat/anim_nav_default_exit_anim.xml.flat' (724)
2026-08-09 06:06:33: Copy Over 'C:/rock/bannister/Bannister/obj/Debug/net8.0-android/lp/162/jl/flat/anim_nav_default_pop_exit_anim.xml.flat' -> 'goodrive://www.googleapis.com/:personal:/bannister/bannister/obj/Debug/net8.0-android/lp/162/jl/flat/anim_nav_default_pop_exit_anim.xml.flat' (732)
2026-08-09 06:06:35: Copy Over 'C:/rock/bannister/Bannister/obj/Debug/net8.0-android/lp/162/jl/flat/drawable_maui_splash.xml.flat' -> 'goodrive://www.googleapis.com/:personal:/bannister/bannister/obj/Debug/net8.0-android/lp/162/jl/flat/drawable_maui_splash.xml.flat' (564)
2026-08-09 06:06:35: Copy Over 'C:/rock/bannister/Bannister/obj/Debug/net8.0-android/lp/162/jl/flat/drawable_maui_splash_image.xml.flat' -> 'goodrive://www.googleapis.com/:personal:/bannister/bannister/obj/Debug/net8.0-android/lp/162/jl/flat/drawable_maui_splash_image.xml.flat' (188)
2026-08-09 06:06:36: Copy Over 'C:/rock/bannister/Bannister/obj/Debug/net8.0-android/lp/162/jl/flat/layout_drawer_layout.xml.flat' -> 'goodrive://www.googleapis.com/:personal:/bannister/bannister/obj/Debug/net8.0-android/lp/162/jl/flat/layout_drawer_layout.xml.flat' (468)
2026-08-09 06:06:38: Copy Over 'C:/rock/bannister/Bannister/obj/Debug/net8.0-android/lp/162/jl/flat/layout_navigationlayout.xml.flat' -> 'goodrive://www.googleapis.com/:personal:/bannister/bannister/obj/Debug/net8.0-android/lp/162/jl/flat/layout_navigationlayout.xml.flat' (2,232)
2026-08-09 06:06:39: Copy Over 'C:/rock/bannister/Bannister/obj/Debug/net8.0-android/lp/162/jl/flat/layout_fragment_backstack.xml.flat' -> 'goodrive://www.googleapis.com/:personal:/bannister/bannister/obj/Debug/net8.0-android/lp/162/jl/flat/layout_fragment_backstack.xml.flat' (824)
2026-08-09 06:06:39: Copy Over 'C:/rock/bannister/Bannister/obj/Debug/net8.0-android/lp/162/jl/flat/values_attr.arsc.flat' -> 'goodrive://www.googleapis.com/:personal:/bannister/bannister/obj/Debug/net8.0-android/lp/162/jl/flat/values_attr.arsc.flat' (1,040)
2026-08-09 06:06:42: Copy Over 'C:/rock/bannister/Bannister/obj/Debug/net8.0-android/lp/162/jl/flat/values_colors.arsc.flat' -> 'goodrive://www.googleapis.com/:personal:/bannister/bannister/obj/Debug/net8.0-android/lp/162/jl/flat/values_colors.arsc.flat' (484)
2026-08-09 06:06:42: Copy Over 'C:/rock/bannister/Bannister/obj/Debug/net8.0-android/lp/162/jl/flat/values_styles.arsc.flat' -> 'goodrive://www.googleapis.com/:personal:/bannister/bannister/obj/Debug/net8.0-android/lp/162/jl/flat/values_styles.arsc.flat' (4,332)
2026-08-09 06:06:43: Copy Over 'C:/rock/bannister/Bannister/obj/Debug/net8.0-android/lp/163/jl/flat/xml_microsoft_maui_essentials_fileprovider_file_paths.xml.flat' -> 'goodrive://www.googleapis.com/:personal:/bannister/bannister/obj/Debug/net8.0-android/lp/163/jl/flat/xml_microsoft_maui_essentials_fileprovider_file_paths.xml.flat' (424)
2026-08-09 06:06:45: Copy Over 'C:/rock/bannister/Bannister/obj/Debug/net8.0-android/lp/97/jl/flat/97.flata' -> 'goodrive://www.googleapis.com/:personal:/bannister/bannister/obj/Debug/net8.0-android/lp/97/jl/flat/97.flata' (256)
2026-08-09 06:06:45: Copy Over 'C:/rock/bannister/Bannister/obj/Debug/net8.0-android/lp/98/jl/flat/98.flata' -> 'goodrive://www.googleapis.com/:personal:/bannister/bannister/obj/Debug/net8.0-android/lp/98/jl/flat/98.flata' (364)
2026-08-09 06:06:46: Copy Over 'C:/rock/bannister/Bannister/obj/Debug/net8.0-android/lp/99/jl/flat/99.flata' -> 'goodrive://www.googleapis.com/:personal:/bannister/bannister/obj/Debug/net8.0-android/lp/99/jl/flat/99.flata' (256)
2026-08-09 06:06:48: Copy Over 'C:/rock/bannister/Bannister/obj/Debug/net8.0-android/R.cs.flag' -> 'goodrive://www.googleapis.com/:personal:/bannister/bannister/obj/Debug/net8.0-android/R.cs.flag' (0)
2026-08-09 06:06:49: Copy Over 'C:/rock/bannister/Bannister/obj/Debug/net8.0-android/resolvedassemblies.hash' -> 'goodrive://www.googleapis.com/:personal:/bannister/bannister/obj/Debug/net8.0-android/resolvedassemblies.hash' (66)
2026-08-09 06:06:50: Copy Over 'C:/rock/bannister/Bannister/obj/Debug/net8.0-android/resizetizer/flat/drawable-hdpi_splash.png.flat' -> 'goodrive://www.googleapis.com/:personal:/bannister/bannister/obj/Debug/net8.0-android/resizetizer/flat/drawable-hdpi_splash.png.flat' (1,588)
2026-08-09 06:06:52: Copy Over 'C:/rock/bannister/Bannister/obj/Debug/net8.0-android/stamp/_CompileJava.stamp' -> 'goodrive://www.googleapis.com/:personal:/bannister/bannister/obj/Debug/net8.0-android/stamp/_CompileJava.stamp' (0)
2026-08-09 06:06:52: Copy Over 'C:/rock/bannister/Bannister/obj/Debug/net8.0-android/stamp/_CompileToDalvik.stamp' -> 'goodrive://www.googleapis.com/:personal:/bannister/bannister/obj/Debug/net8.0-android/stamp/_CompileToDalvik.stamp' (0)
2026-08-09 06:06:54: Copy Over 'C:/rock/bannister/Bannister/obj/Debug/net8.0-android/stamp/_ConvertResourcesCases.stamp' -> 'goodrive://www.googleapis.com/:personal:/bannister/bannister/obj/Debug/net8.0-android/stamp/_ConvertResourcesCases.stamp' (0)
2026-08-09 06:06:55: Copy Over 'C:/rock/bannister/Bannister/obj/Debug/net8.0-android/stamp/_GenerateJavaStubs.stamp' -> 'goodrive://www.googleapis.com/:personal:/bannister/bannister/obj/Debug/net8.0-android/stamp/_GenerateJavaStubs.stamp' (0)
2026-08-09 06:06:56: Copy Over 'C:/rock/bannister/Bannister/obj/Debug/net8.0-android/stamp/_GeneratePackageManagerJava.stamp' -> 'goodrive://www.googleapis.com/:personal:/bannister/bannister/obj/Debug/net8.0-android/stamp/_GeneratePackageManagerJava.stamp' (0)
2026-08-09 06:06:57: Copy Over 'C:/rock/bannister/Bannister/obj/Debug/net8.0-android/resizetizer/flat/drawable-mdpi_splash.png.flat' -> 'goodrive://www.googleapis.com/:personal:/bannister/bannister/obj/Debug/net8.0-android/resizetizer/flat/drawable-mdpi_splash.png.flat' (1,004)
2026-08-09 06:06:59: Copy Over 'C:/rock/bannister/Bannister/obj/Debug/net8.0-android/resizetizer/flat/drawable-v31_maui_splash_image.xml.flat' -> 'goodrive://www.googleapis.com/:personal:/bannister/bannister/obj/Debug/net8.0-android/resizetizer/flat/drawable-v31_maui_splash_image.xml.flat' (672)
2026-08-09 06:07:00: Copy Over 'C:/rock/bannister/Bannister/obj/Debug/net8.0-android/resizetizer/flat/drawable-xhdpi_splash.png.flat' -> 'goodrive://www.googleapis.com/:personal:/bannister/bannister/obj/Debug/net8.0-android/resizetizer/flat/drawable-xhdpi_splash.png.flat' (1,564)
2026-08-09 06:07:00: > Copy Over 'C:/rock/bannister/Bannister/obj/Debug/net8.0-android/resizetizer/flat/drawable_diet_dragon_default.png.flat' -> 'goodrive://www.googleapis.com/:personal:/bannister/bannister/obj/Debug/net8.0-android/resizetizer/flat/drawable_diet_dragon_default.png.flat' (2,489,492)
2026-08-09 06:07:00: Copy Over 'C:/rock/bannister/Bannister/obj/Debug/net8.0-android/resizetizer/flat/drawable-xxhdpi_splash.png.flat' -> 'goodrive://www.googleapis.com/:personal:/bannister/bannister/obj/Debug/net8.0-android/resizetizer/flat/drawable-xxhdpi_splash.png.flat' (2,552)
2026-08-09 06:07:00: > Copy Over 'C:/rock/bannister/Bannister/obj/Debug/net8.0-android/resizetizer/flat/drawable_dragon_1.png.flat' -> 'goodrive://www.googleapis.com/:personal:/bannister/bannister/obj/Debug/net8.0-android/resizetizer/flat/drawable_dragon_1.png.flat' (1,880,148)
2026-08-09 06:07:03: Copy Over 'C:/rock/bannister/Bannister/obj/Debug/net8.0-android/resizetizer/flat/drawable-xxxhdpi_splash.png.flat' -> 'goodrive://www.googleapis.com/:personal:/bannister/bannister/obj/Debug/net8.0-android/resizetizer/flat/drawable-xxxhdpi_splash.png.flat' (2,688)
2026-08-09 06:07:04: < Copy Over 'C:/rock/bannister/Bannister/obj/Debug/net8.0-android/resizetizer/flat/drawable_dragon_1.png.flat' -> 'goodrive://www.googleapis.com/:personal:/bannister/bannister/obj/Debug/net8.0-android/resizetizer/flat/drawable_dragon_1.png.flat' (1,880,148)
2026-08-09 06:07:04: < Copy Over 'C:/rock/bannister/Bannister/obj/Debug/net8.0-android/resizetizer/flat/drawable_diet_dragon_default.png.flat' -> 'goodrive://www.googleapis.com/:personal:/bannister/bannister/obj/Debug/net8.0-android/resizetizer/flat/drawable_diet_dragon_default.png.flat' (2,489,492)
2026-08-09 06:07:04: > Copy Over 'C:/rock/bannister/Bannister/obj/Debug/net8.0-android/resizetizer/flat/drawable_dragon_12.png.flat' -> 'goodrive://www.googleapis.com/:personal:/bannister/bannister/obj/Debug/net8.0-android/resizetizer/flat/drawable_dragon_12.png.flat' (2,530,216)
2026-08-09 06:07:06: Copy Over 'C:/rock/bannister/Bannister/obj/Debug/net8.0-android/resizetizer/flat/drawable_dragon_10.jpg.flat' -> 'goodrive://www.googleapis.com/:personal:/bannister/bannister/obj/Debug/net8.0-android/resizetizer/flat/drawable_dragon_10.jpg.flat' (237,424)
2026-08-09 06:07:07: Copy Over 'C:/rock/bannister/Bannister/obj/Debug/net8.0-android/resizetizer/flat/drawable_dragon_11.jpg.flat' -> 'goodrive://www.googleapis.com/:personal:/bannister/bannister/obj/Debug/net8.0-android/resizetizer/flat/drawable_dragon_11.jpg.flat' (198,312)
2026-08-09 06:07:08: < Copy Over 'C:/rock/bannister/Bannister/obj/Debug/net8.0-android/resizetizer/flat/drawable_dragon_12.png.flat' -> 'goodrive://www.googleapis.com/:personal:/bannister/bannister/obj/Debug/net8.0-android/resizetizer/flat/drawable_dragon_12.png.flat' (2,530,216)
2026-08-09 06:07:09: Copy Over 'C:/rock/bannister/Bannister/obj/Debug/net8.0-android/resizetizer/flat/drawable_dragon_13.jpg.flat' -> 'goodrive://www.googleapis.com/:personal:/bannister/bannister/obj/Debug/net8.0-android/resizetizer/flat/drawable_dragon_13.jpg.flat' (198,064)
2026-08-09 06:07:09: > Copy Over 'C:/rock/bannister/Bannister/obj/Debug/net8.0-android/resizetizer/flat/drawable_dragon_16.png.flat' -> 'goodrive://www.googleapis.com/:personal:/bannister/bannister/obj/Debug/net8.0-android/resizetizer/flat/drawable_dragon_16.png.flat' (2,775,820)
2026-08-09 06:07:11: Copy Over 'C:/rock/bannister/Bannister/obj/Debug/net8.0-android/resizetizer/flat/drawable_dragon_14.jpg.flat' -> 'goodrive://www.googleapis.com/:personal:/bannister/bannister/obj/Debug/net8.0-android/resizetizer/flat/drawable_dragon_14.jpg.flat' (246,648)
2026-08-09 06:07:11: > Copy Over 'C:/rock/bannister/Bannister/obj/Debug/net8.0-android/resizetizer/flat/drawable_dragon_2.png.flat' -> 'goodrive://www.googleapis.com/:personal:/bannister/bannister/obj/Debug/net8.0-android/resizetizer/flat/drawable_dragon_2.png.flat' (2,136,580)
2026-08-09 06:07:12: Copy Over 'C:/rock/bannister/Bannister/obj/Debug/net8.0-android/resizetizer/flat/drawable_dragon_15.jpg.flat' -> 'goodrive://www.googleapis.com/:personal:/bannister/bannister/obj/Debug/net8.0-android/resizetizer/flat/drawable_dragon_15.jpg.flat' (183,056)
2026-08-09 06:07:12: > Copy Over 'C:/rock/bannister/Bannister/obj/Debug/net8.0-android/resizetizer/flat/drawable_dragon_3.png.flat' -> 'goodrive://www.googleapis.com/:personal:/bannister/bannister/obj/Debug/net8.0-android/resizetizer/flat/drawable_dragon_3.png.flat' (2,059,096)
2026-08-09 06:07:13: < Copy Over 'C:/rock/bannister/Bannister/obj/Debug/net8.0-android/resizetizer/flat/drawable_dragon_16.png.flat' -> 'goodrive://www.googleapis.com/:personal:/bannister/bannister/obj/Debug/net8.0-android/resizetizer/flat/drawable_dragon_16.png.flat' (2,775,820)
2026-08-09 06:07:13: > Copy Over 'C:/rock/bannister/Bannister/obj/Debug/net8.0-android/resizetizer/flat/drawable_dragon_4.png.flat' -> 'goodrive://www.googleapis.com/:personal:/bannister/bannister/obj/Debug/net8.0-android/resizetizer/flat/drawable_dragon_4.png.flat' (1,772,872)
2026-08-09 06:07:15: < Copy Over 'C:/rock/bannister/Bannister/obj/Debug/net8.0-android/resizetizer/flat/drawable_dragon_2.png.flat' -> 'goodrive://www.googleapis.com/:personal:/bannister/bannister/obj/Debug/net8.0-android/resizetizer/flat/drawable_dragon_2.png.flat' (2,136,580)
2026-08-09 06:07:15: > Copy Over 'C:/rock/bannister/Bannister/obj/Debug/net8.0-android/resizetizer/flat/drawable_dragon_5.png.flat' -> 'goodrive://www.googleapis.com/:personal:/bannister/bannister/obj/Debug/net8.0-android/resizetizer/flat/drawable_dragon_5.png.flat' (1,837,532)
2026-08-09 06:07:15: < Copy Over 'C:/rock/bannister/Bannister/obj/Debug/net8.0-android/resizetizer/flat/drawable_dragon_3.png.flat' -> 'goodrive://www.googleapis.com/:personal:/bannister/bannister/obj/Debug/net8.0-android/resizetizer/flat/drawable_dragon_3.png.flat' (2,059,096)
2026-08-09 06:07:15: > Copy Over 'C:/rock/bannister/Bannister/obj/Debug/net8.0-android/resizetizer/flat/drawable_dragon_6.png.flat' -> 'goodrive://www.googleapis.com/:personal:/bannister/bannister/obj/Debug/net8.0-android/resizetizer/flat/drawable_dragon_6.png.flat' (1,817,360)
2026-08-09 06:07:18: < Copy Over 'C:/rock/bannister/Bannister/obj/Debug/net8.0-android/resizetizer/flat/drawable_dragon_4.png.flat' -> 'goodrive://www.googleapis.com/:personal:/bannister/bannister/obj/Debug/net8.0-android/resizetizer/flat/drawable_dragon_4.png.flat' (1,772,872)
2026-08-09 06:07:18: > Copy Over 'C:/rock/bannister/Bannister/obj/Debug/net8.0-android/resizetizer/flat/drawable_dragon_7.png.flat' -> 'goodrive://www.googleapis.com/:personal:/bannister/bannister/obj/Debug/net8.0-android/resizetizer/flat/drawable_dragon_7.png.flat' (1,579,760)
2026-08-09 06:07:18: < Copy Over 'C:/rock/bannister/Bannister/obj/Debug/net8.0-android/resizetizer/flat/drawable_dragon_5.png.flat' -> 'goodrive://www.googleapis.com/:personal:/bannister/bannister/obj/Debug/net8.0-android/resizetizer/flat/drawable_dragon_5.png.flat' (1,837,532)
2026-08-09 06:07:18: > Copy Over 'C:/rock/bannister/Bannister/obj/Debug/net8.0-android/resizetizer/flat/drawable_dragon_8.png.flat' -> 'goodrive://www.googleapis.com/:personal:/bannister/bannister/obj/Debug/net8.0-android/resizetizer/flat/drawable_dragon_8.png.flat' (1,832,204)
2026-08-09 06:07:18: < Copy Over 'C:/rock/bannister/Bannister/obj/Debug/net8.0-android/resizetizer/flat/drawable_dragon_6.png.flat' -> 'goodrive://www.googleapis.com/:personal:/bannister/bannister/obj/Debug/net8.0-android/resizetizer/flat/drawable_dragon_6.png.flat' (1,817,360)
2026-08-09 06:07:21: < Copy Over 'C:/rock/bannister/Bannister/obj/Debug/net8.0-android/resizetizer/flat/drawable_dragon_8.png.flat' -> 'goodrive://www.googleapis.com/:personal:/bannister/bannister/obj/Debug/net8.0-android/resizetizer/flat/drawable_dragon_8.png.flat' (1,832,204)
2026-08-09 06:07:21: > Copy Over 'C:/rock/bannister/Bannister/obj/Debug/net8.0-android/resizetizer/flat/drawable_dragon_slayer_1.png.flat' -> 'goodrive://www.googleapis.com/:personal:/bannister/bannister/obj/Debug/net8.0-android/resizetizer/flat/drawable_dragon_slayer_1.png.flat' (1,562,624)
2026-08-09 06:07:22: < Copy Over 'C:/rock/bannister/Bannister/obj/Debug/net8.0-android/resizetizer/flat/drawable_dragon_7.png.flat' -> 'goodrive://www.googleapis.com/:personal:/bannister/bannister/obj/Debug/net8.0-android/resizetizer/flat/drawable_dragon_7.png.flat' (1,579,760)
2026-08-09 06:07:22: Copy Over 'C:/rock/bannister/Bannister/obj/Debug/net8.0-android/resizetizer/flat/drawable_dragon_9.jpg.flat' -> 'goodrive://www.googleapis.com/:personal:/bannister/bannister/obj/Debug/net8.0-android/resizetizer/flat/drawable_dragon_9.jpg.flat' (149,616)
2026-08-09 06:07:25: Copy Over 'C:/rock/bannister/Bannister/obj/Debug/net8.0-android/resizetizer/flat/drawable_maui_splash_image.xml.flat' -> 'goodrive://www.googleapis.com/:personal:/bannister/bannister/obj/Debug/net8.0-android/resizetizer/flat/drawable_maui_splash_image.xml.flat' (480)
2026-08-09 06:07:25: Copy Over 'C:/rock/bannister/Bannister/obj/Debug/net8.0-android/resizetizer/flat/drawable_scold_default.png.flat' -> 'goodrive://www.googleapis.com/:personal:/bannister/bannister/obj/Debug/net8.0-android/resizetizer/flat/drawable_scold_default.png.flat' (946,352)
2026-08-09 06:07:25: < Copy Over 'C:/rock/bannister/Bannister/obj/Debug/net8.0-android/resizetizer/flat/drawable_dragon_slayer_1.png.flat' -> 'goodrive://www.googleapis.com/:personal:/bannister/bannister/obj/Debug/net8.0-android/resizetizer/flat/drawable_dragon_slayer_1.png.flat' (1,562,624)
2026-08-09 06:07:28: Copy Over 'C:/rock/bannister/Bannister/obj/Debug/net8.0-android/resizetizer/flat/mipmap-anydpi-v26_appicon.xml.flat' -> 'goodrive://www.googleapis.com/:personal:/bannister/bannister/obj/Debug/net8.0-android/resizetizer/flat/mipmap-anydpi-v26_appicon.xml.flat' (568)
2026-08-09 06:07:28: Copy Over 'C:/rock/bannister/Bannister/obj/Debug/net8.0-android/resizetizer/flat/mipmap-anydpi-v26_appicon_round.xml.flat' -> 'goodrive://www.googleapis.com/:personal:/bannister/bannister/obj/Debug/net8.0-android/resizetizer/flat/mipmap-anydpi-v26_appicon_round.xml.flat' (580)
2026-08-09 06:07:29: Copy Over 'C:/rock/bannister/Bannister/obj/Debug/net8.0-android/resizetizer/flat/mipmap-hdpi_appicon.png.flat' -> 'goodrive://www.googleapis.com/:personal:/bannister/bannister/obj/Debug/net8.0-android/resizetizer/flat/mipmap-hdpi_appicon.png.flat' (1,108)
2026-08-09 06:07:32: Copy Over 'C:/rock/bannister/Bannister/obj/Debug/net8.0-android/resizetizer/flat/mipmap-hdpi_appicon_background.png.flat' -> 'goodrive://www.googleapis.com/:personal:/bannister/bannister/obj/Debug/net8.0-android/resizetizer/flat/mipmap-hdpi_appicon_background.png.flat' (300)
2026-08-09 06:07:32: Copy Over 'C:/rock/bannister/Bannister/obj/Debug/net8.0-android/resizetizer/flat/mipmap-hdpi_appicon_foreground.png.flat' -> 'goodrive://www.googleapis.com/:personal:/bannister/bannister/obj/Debug/net8.0-android/resizetizer/flat/mipmap-hdpi_appicon_foreground.png.flat' (1,564)
2026-08-09 06:07:33: Copy Over 'C:/rock/bannister/Bannister/obj/Debug/net8.0-android/resizetizer/flat/mipmap-hdpi_appicon_round.png.flat' -> 'goodrive://www.googleapis.com/:personal:/bannister/bannister/obj/Debug/net8.0-android/resizetizer/flat/mipmap-hdpi_appicon_round.png.flat' (1,748)
2026-08-09 06:07:35: Copy Over 'C:/rock/bannister/Bannister/obj/Debug/net8.0-android/resizetizer/flat/mipmap-mdpi_appicon.png.flat' -> 'goodrive://www.googleapis.com/:personal:/bannister/bannister/obj/Debug/net8.0-android/resizetizer/flat/mipmap-mdpi_appicon.png.flat' (904)
2026-08-09 06:07:35: Copy Over 'C:/rock/bannister/Bannister/obj/Debug/net8.0-android/resizetizer/flat/mipmap-mdpi_appicon_background.png.flat' -> 'goodrive://www.googleapis.com/:personal:/bannister/bannister/obj/Debug/net8.0-android/resizetizer/flat/mipmap-mdpi_appicon_background.png.flat' (288)
2026-08-09 06:07:36: Copy Over 'C:/rock/bannister/Bannister/obj/Debug/net8.0-android/resizetizer/flat/mipmap-mdpi_appicon_foreground.png.flat' -> 'goodrive://www.googleapis.com/:personal:/bannister/bannister/obj/Debug/net8.0-android/resizetizer/flat/mipmap-mdpi_appicon_foreground.png.flat' (1,448)
2026-08-09 06:07:38: Copy Over 'C:/rock/bannister/Bannister/obj/Debug/net8.0-android/resizetizer/flat/mipmap-mdpi_appicon_round.png.flat' -> 'goodrive://www.googleapis.com/:personal:/bannister/bannister/obj/Debug/net8.0-android/resizetizer/flat/mipmap-mdpi_appicon_round.png.flat' (1,760)
2026-08-09 06:07:39: Copy Over 'C:/rock/bannister/Bannister/obj/Debug/net8.0-android/resizetizer/flat/mipmap-xhdpi_appicon_background.png.flat' -> 'goodrive://www.googleapis.com/:personal:/bannister/bannister/obj/Debug/net8.0-android/resizetizer/flat/mipmap-xhdpi_appicon_background.png.flat' (320)
2026-08-09 06:07:39: Copy Over 'C:/rock/bannister/Bannister/obj/Debug/net8.0-android/resizetizer/flat/mipmap-xhdpi_appicon.png.flat' -> 'goodrive://www.googleapis.com/:personal:/bannister/bannister/obj/Debug/net8.0-android/resizetizer/flat/mipmap-xhdpi_appicon.png.flat' (1,028)
2026-08-09 06:07:41: Copy Over 'C:/rock/bannister/Bannister/obj/Debug/net8.0-android/resizetizer/flat/mipmap-xhdpi_appicon_foreground.png.flat' -> 'goodrive://www.googleapis.com/:personal:/bannister/bannister/obj/Debug/net8.0-android/resizetizer/flat/mipmap-xhdpi_appicon_foreground.png.flat' (2,164)
2026-08-09 06:07:42: Copy Over 'C:/rock/bannister/Bannister/obj/Debug/net8.0-android/resizetizer/flat/mipmap-xhdpi_appicon_round.png.flat' -> 'goodrive://www.googleapis.com/:personal:/bannister/bannister/obj/Debug/net8.0-android/resizetizer/flat/mipmap-xhdpi_appicon_round.png.flat' (2,248)
2026-08-09 06:07:43: Copy Over 'C:/rock/bannister/Bannister/obj/Debug/net8.0-android/resizetizer/flat/mipmap-xxhdpi_appicon.png.flat' -> 'goodrive://www.googleapis.com/:personal:/bannister/bannister/obj/Debug/net8.0-android/resizetizer/flat/mipmap-xxhdpi_appicon.png.flat' (1,228)
2026-08-09 06:07:45: Copy Over 'C:/rock/bannister/Bannister/obj/Debug/net8.0-android/resizetizer/flat/mipmap-xxhdpi_appicon_background.png.flat' -> 'goodrive://www.googleapis.com/:personal:/bannister/bannister/obj/Debug/net8.0-android/resizetizer/flat/mipmap-xxhdpi_appicon_background.png.flat' (380)
2026-08-09 06:07:45: Copy Over 'C:/rock/bannister/Bannister/obj/Debug/net8.0-android/resizetizer/flat/mipmap-xxhdpi_appicon_foreground.png.flat' -> 'goodrive://www.googleapis.com/:personal:/bannister/bannister/obj/Debug/net8.0-android/resizetizer/flat/mipmap-xxhdpi_appicon_foreground.png.flat' (2,408)
2026-08-09 06:07:47: Copy Over 'C:/rock/bannister/Bannister/obj/Debug/net8.0-android/resizetizer/flat/mipmap-xxhdpi_appicon_round.png.flat' -> 'goodrive://www.googleapis.com/:personal:/bannister/bannister/obj/Debug/net8.0-android/resizetizer/flat/mipmap-xxhdpi_appicon_round.png.flat' (4,388)
2026-08-09 06:07:48: Copy Over 'C:/rock/bannister/Bannister/obj/Debug/net8.0-android/resizetizer/flat/mipmap-xxxhdpi_appicon.png.flat' -> 'goodrive://www.googleapis.com/:personal:/bannister/bannister/obj/Debug/net8.0-android/resizetizer/flat/mipmap-xxxhdpi_appicon.png.flat' (1,588)
2026-08-09 06:07:49: Copy Over 'C:/rock/bannister/Bannister/obj/Debug/net8.0-android/resizetizer/flat/mipmap-xxxhdpi_appicon_background.png.flat' -> 'goodrive://www.googleapis.com/:personal:/bannister/bannister/obj/Debug/net8.0-android/resizetizer/flat/mipmap-xxxhdpi_appicon_background.png.flat' (456)
2026-08-09 06:07:50: Copy Over 'C:/rock/bannister/Bannister/obj/Debug/net8.0-android/resizetizer/flat/mipmap-xxxhdpi_appicon_foreground.png.flat' -> 'goodrive://www.googleapis.com/:personal:/bannister/bannister/obj/Debug/net8.0-android/resizetizer/flat/mipmap-xxxhdpi_appicon_foreground.png.flat' (3,500)
2026-08-09 06:07:52: Copy Over 'C:/rock/bannister/Bannister/obj/Debug/net8.0-android/resizetizer/flat/values_maui_colors.arsc.flat' -> 'goodrive://www.googleapis.com/:personal:/bannister/bannister/obj/Debug/net8.0-android/resizetizer/flat/values_maui_colors.arsc.flat' (276)
2026-08-09 06:07:52: Copy Over 'C:/rock/bannister/Bannister/obj/Debug/net8.0-android/resizetizer/flat/mipmap-xxxhdpi_appicon_round.png.flat' -> 'goodrive://www.googleapis.com/:personal:/bannister/bannister/obj/Debug/net8.0-android/resizetizer/flat/mipmap-xxxhdpi_appicon_round.png.flat' (6,064)
2026-08-09 06:07:53: Copy Over 'C:/rock/bannister/Bannister/obj/Debug/net8.0-android/XamlC.stamp' -> 'goodrive://www.googleapis.com/:personal:/bannister/bannister/obj/Debug/net8.0-android/XamlC.stamp' (0)
2026-08-09 06:07:53: > Copy Over 'C:/rock/bannister/.vs/Bannister/CopilotIndices/18.8.1096.64007/CodeChunks.db' -> 'goodrive://www.googleapis.com/:personal:/bannister/.vs/Bannister/CopilotIndices/18.8.1096.64007/CodeChunks.db' (5,005,312)
2026-08-09 06:07:54: Copy New 'C:/rock/bannister/Bannister/Views/storyproduction/ClipsCreationPage.cs' -> 'goodrive://www.googleapis.com/:personal:/bannister/bannister/Views/storyproduction/ClipsCreationPage.cs' (45,071)
2026-08-09 06:07:54: > Copy Over 'C:/rock/bannister/.vs/Bannister/CopilotIndices/18.8.1096.64007/CodeChunks.db-wal' -> 'goodrive://www.googleapis.com/:personal:/bannister/.vs/Bannister/CopilotIndices/18.8.1096.64007/CodeChunks.db-wal' (4,218,912)
2026-08-09 06:07:55: Copy Over 'C:/rock/bannister/Bannister/Views/storyproduction/StoryProductionHubPage.cs' -> 'goodrive://www.googleapis.com/:personal:/bannister/bannister/Views/storyproduction/StoryProductionHubPage.cs' (8,138)
2026-08-09 06:07:55: > Copy Over 'C:/rock/bannister/.vs/Bannister/CopilotIndices/18.8.1096.64007/SemanticSymbols.db' -> 'goodrive://www.googleapis.com/:personal:/bannister/.vs/Bannister/CopilotIndices/18.8.1096.64007/SemanticSymbols.db' (3,182,592)
2026-08-09 06:07:57: < Copy Over 'C:/rock/bannister/.vs/Bannister/CopilotIndices/18.8.1096.64007/CodeChunks.db' -> 'goodrive://www.googleapis.com/:personal:/bannister/.vs/Bannister/CopilotIndices/18.8.1096.64007/CodeChunks.db' (5,005,312)
2026-08-09 06:07:57: > Copy Over 'C:/rock/bannister/.vs/Bannister/CopilotIndices/18.8.1096.64007/SemanticSymbols.db-wal' -> 'goodrive://www.googleapis.com/:personal:/bannister/.vs/Bannister/CopilotIndices/18.8.1096.64007/SemanticSymbols.db-wal' (4,527,912)
2026-08-09 06:07:59: < Copy Over 'C:/rock/bannister/.vs/Bannister/CopilotIndices/18.8.1096.64007/SemanticSymbols.db' -> 'goodrive://www.googleapis.com/:personal:/bannister/.vs/Bannister/CopilotIndices/18.8.1096.64007/SemanticSymbols.db' (3,182,592)
2026-08-09 06:07:59: C:/rock/bannister/.vs/Bannister/CopilotIndices/18.8.1096.64007/CodeChunks.db-wal: Source file has changed between Analyze and Sync from '[file] size=4,218,912 accu-time=2026-08-08 18:32:29 attr=Archive,WArchive cktype=0' to 'size=4,218,912 time=2026-08-08 22:55:23', noted in source file state
2026-08-09 06:07:59: < Copy Over 'C:/rock/bannister/.vs/Bannister/CopilotIndices/18.8.1096.64007/CodeChunks.db-wal' -> 'goodrive://www.googleapis.com/:personal:/bannister/.vs/Bannister/CopilotIndices/18.8.1096.64007/CodeChunks.db-wal' (4,218,912)
2026-08-09 06:08:01: C:/rock/bannister/.vs/Bannister/CopilotIndices/18.8.1096.64007/SemanticSymbols.db-wal: Source file has changed between Analyze and Sync from '[file] size=4,527,912 accu-time=2026-08-08 22:29:22 attr=Archive,WArchive cktype=0' to 'size=4,527,912 time=2026-08-08 22:55:23', noted in source file state
2026-08-09 06:08:01: < Copy Over 'C:/rock/bannister/.vs/Bannister/CopilotIndices/18.8.1096.64007/SemanticSymbols.db-wal' -> 'goodrive://www.googleapis.com/:personal:/bannister/.vs/Bannister/CopilotIndices/18.8.1096.64007/SemanticSymbols.db-wal' (4,527,912)
2026-08-09 06:08:01: Copy New 'C:/rock/bannister/Bannister/Views/storyproduction/StoryProjectSelector.cs' -> 'goodrive://www.googleapis.com/:personal:/bannister/bannister/Views/storyproduction/StoryProjectSelector.cs' (24,624)
2026-08-09 06:08:02: Delete File goodrive://www.googleapis.com/:personal:/bannister/.vs/Bannister/FileContentIndex/4006ac71-96ef-4180-af28-e16bc448a249.vsidx
2026-08-09 06:08:02: CopyFileSimple: OpenDownload: ERR: Cannot open file C:/rock/bannister/.vs/Bannister/FileContentIndex/50ad4769-d187-4408-9feb-f9786922f204.vsidx: cannot open file 'C:/rock/bannister/.vs/Bannister/FileContentIndex/50ad4769-d187-4408-9feb-f9786922f204.vsidx': The process cannot access the file because it is being used by another process.  (error 32)
2026-08-09 06:08:02: Creating Snapshot of Volume 'C:' because this file is locked: C:/rock/bannister/.vs/Bannister/FileContentIndex/50ad4769-d187-4408-9feb-f9786922f204.vsidx
2026-08-09 06:08:02: Connecting to Elevated Local GoodSync Server to complete operation
2026-08-09 06:08:02: LOCAL C:(127.0.0.1) -> S:127.0.0.1:33333
2026-08-09 06:08:03: Copy Over 'C:/rock/bannister/Bannister/Views/storyproduction/StoryProductionPage.cs' -> 'goodrive://www.googleapis.com/:personal:/bannister/bannister/Views/storyproduction/StoryProductionPage.cs' (250,151)
2026-08-09 06:08:03: Delete File goodrive://www.googleapis.com/:personal:/bannister/.vs/Bannister/FileContentIndex/63a1d234-7802-44e0-a7d4-259307998e67.vsidx
2026-08-09 06:08:04: Delete File goodrive://www.googleapis.com/:personal:/bannister/.vs/Bannister/FileContentIndex/66169ee5-741b-4ac7-a139-aa5664059d46.vsidx
2026-08-09 06:08:04: Created Snapshot of Volume 'C:' at '/GLOBALROOT/Device/HarddiskVolumeShadowCopy10', Elevated
2026-08-09 06:08:04: Open File Snap GetShadow: AbsPath=/GLOBALROOT/Device/HarddiskVolumeShadowCopy10/rock/bannister/.vs/Bannister/FileContentIndex/50ad4769-d187-4408-9feb-f9786922f204.vsidx SnapshotPath=/GLOBALROOT/Device/HarddiskVolumeShadowCopy10 SnapVolume=C:
2026-08-09 06:08:05: Delete File goodrive://www.googleapis.com/:personal:/bannister/.vs/Bannister/FileContentIndex/6ec01694-6239-4fd2-8fa8-59d27d79be3a.vsidx
2026-08-09 06:08:05: CopyFileSimple: OpenDownload: ERR: Cannot open file C:/rock/bannister/.vs/Bannister/FileContentIndex/b4be24a9-cd6d-4bcf-8d20-19a70baf626d.vsidx: cannot open file 'C:/rock/bannister/.vs/Bannister/FileContentIndex/b4be24a9-cd6d-4bcf-8d20-19a70baf626d.vsidx': The process cannot access the file because it is being used by another process.  (error 32)
2026-08-09 06:08:05: Open File Snap GetShadow: AbsPath=/GLOBALROOT/Device/HarddiskVolumeShadowCopy10/rock/bannister/.vs/Bannister/FileContentIndex/b4be24a9-cd6d-4bcf-8d20-19a70baf626d.vsidx SnapshotPath=/GLOBALROOT/Device/HarddiskVolumeShadowCopy10 SnapVolume=C:
2026-08-09 06:08:05: C:/rock/bannister/.vs/Bannister/DesignTimeBuild/.dtbcache.v2: Source file has changed between Analyze and Sync from '[file] size=202,053 accu-time=2026-08-08 22:59:22 attr=Archive,WArchive cktype=0' to 'size=202,053 time=2026-08-09 05:44:17', noted in source file state
2026-08-09 06:08:05: Copy Over 'C:/rock/bannister/.vs/Bannister/DesignTimeBuild/.dtbcache.v2' -> 'goodrive://www.googleapis.com/:personal:/bannister/.vs/Bannister/DesignTimeBuild/.dtbcache.v2' (202,053)
2026-08-09 06:08:05: CopyFileSimple: OpenDownload: ERR: Cannot open file C:/rock/bannister/.vs/Bannister/FileContentIndex/ead5ab64-4ac0-499c-810a-885df44e2ed0.vsidx: cannot open file 'C:/rock/bannister/.vs/Bannister/FileContentIndex/ead5ab64-4ac0-499c-810a-885df44e2ed0.vsidx': The process cannot access the file because it is being used by another process.  (error 32)
2026-08-09 06:08:05: Open File Snap GetShadow: AbsPath=/GLOBALROOT/Device/HarddiskVolumeShadowCopy10/rock/bannister/.vs/Bannister/FileContentIndex/ead5ab64-4ac0-499c-810a-885df44e2ed0.vsidx SnapshotPath=/GLOBALROOT/Device/HarddiskVolumeShadowCopy10 SnapVolume=C:
2026-08-09 06:08:06: Copy New 'C:/rock/bannister/.vs/Bannister/FileContentIndex/50ad4769-d187-4408-9feb-f9786922f204.vsidx' -> 'goodrive://www.googleapis.com/:personal:/bannister/.vs/Bannister/FileContentIndex/50ad4769-d187-4408-9feb-f9786922f204.vsidx' (708,422)
2026-08-09 06:08:06: CopyFileSimple: OpenDownload: ERR: Cannot open file C:/rock/bannister/.vs/Bannister/FileContentIndex/f33e9395-87e5-4d04-aa90-1ec0dcda6bb8.vsidx: cannot open file 'C:/rock/bannister/.vs/Bannister/FileContentIndex/f33e9395-87e5-4d04-aa90-1ec0dcda6bb8.vsidx': The process cannot access the file because it is being used by another process.  (error 32)
2026-08-09 06:08:06: Open File Snap GetShadow: AbsPath=/GLOBALROOT/Device/HarddiskVolumeShadowCopy10/rock/bannister/.vs/Bannister/FileContentIndex/f33e9395-87e5-4d04-aa90-1ec0dcda6bb8.vsidx SnapshotPath=/GLOBALROOT/Device/HarddiskVolumeShadowCopy10 SnapVolume=C:
2026-08-09 06:08:07: Copy New 'C:/rock/bannister/.vs/Bannister/FileContentIndex/b4be24a9-cd6d-4bcf-8d20-19a70baf626d.vsidx' -> 'goodrive://www.googleapis.com/:personal:/bannister/.vs/Bannister/FileContentIndex/b4be24a9-cd6d-4bcf-8d20-19a70baf626d.vsidx' (168,069)
2026-08-09 06:08:07: Copy New 'C:/rock/bannister/.vs/Bannister/FileContentIndex/ead5ab64-4ac0-499c-810a-885df44e2ed0.vsidx' -> 'goodrive://www.googleapis.com/:personal:/bannister/.vs/Bannister/FileContentIndex/ead5ab64-4ac0-499c-810a-885df44e2ed0.vsidx' (178,501)
2026-08-09 06:08:09: Copy New 'C:/rock/bannister/.vs/Bannister/FileContentIndex/f33e9395-87e5-4d04-aa90-1ec0dcda6bb8.vsidx' -> 'goodrive://www.googleapis.com/:personal:/bannister/.vs/Bannister/FileContentIndex/f33e9395-87e5-4d04-aa90-1ec0dcda6bb8.vsidx' (170,835)
2026-08-09 06:08:11: Copy Over 'C:/rock/bannister/Bannister/Views/WebsiteBuilderPage.cs' -> 'goodrive://www.googleapis.com/:personal:/bannister/bannister/Views/WebsiteBuilderPage.cs' (266,642)
2026-08-09 06:08:11: C:/rock/bannister/.vs/Bannister/v18/.suo: Source file has changed between Analyze and Sync from '[file] size=86,528 accu-time=2026-08-08 22:35:02 attr=Hidden,Archive,WArchive,WHidden cktype=0' to 'size=78,336 time=2026-08-09 05:38:37', noted in source file state
2026-08-09 06:08:11: Copy Over 'C:/rock/bannister/.vs/Bannister/v18/.suo' -> 'goodrive://www.googleapis.com/:personal:/bannister/.vs/Bannister/v18/.suo' (86,528)
2026-08-09 06:08:12: C:/rock/bannister/.vs/Bannister/v18/DocumentLayout.backup.json: Source file has changed between Analyze and Sync from '[file] size=17,863 accu-time=2026-08-08 22:33:04 attr=Archive,WArchive cktype=0' to 'size=17,863 time=2026-08-08 22:35:01', noted in source file state
2026-08-09 06:08:12: Copy Over 'C:/rock/bannister/.vs/Bannister/v18/DocumentLayout.backup.json' -> 'goodrive://www.googleapis.com/:personal:/bannister/.vs/Bannister/v18/DocumentLayout.backup.json' (17,863)
2026-08-09 06:08:14: Copy Over 'C:/rock/bannister/.git/COMMIT_EDITMSG' -> 'goodrive://www.googleapis.com/:personal:/bannister/.git/COMMIT_EDITMSG' (599)
2026-08-09 06:08:14: C:/rock/bannister/.vs/Bannister/v18/DocumentLayout.json: Source file has changed between Analyze and Sync from '[file] size=17,863 accu-time=2026-08-08 22:35:01 attr=Archive,WArchive cktype=0' to 'size=17,863 time=2026-08-09 05:38:05', noted in source file state
2026-08-09 06:08:14: Copy Over 'C:/rock/bannister/.vs/Bannister/v18/DocumentLayout.json' -> 'goodrive://www.googleapis.com/:personal:/bannister/.vs/Bannister/v18/DocumentLayout.json' (17,863)
2026-08-09 06:08:16: Copy Over 'C:/rock/bannister/.git/index' -> 'goodrive://www.googleapis.com/:personal:/bannister/.git/index' (42,269)
2026-08-09 06:08:17: Copy New 'C:/rock/bannister/.git/objects/00/9e79b4970344a783110f75fba0bf56dbc676e6' -> 'goodrive://www.googleapis.com/:personal:/bannister/.git/objects/00/9e79b4970344a783110f75fba0bf56dbc676e6' (356)
2026-08-09 06:08:18: Copy New 'C:/rock/bannister/.git/objects/01/d5d42a15efa8527e8d650ef00298e6fa34f103' -> 'goodrive://www.googleapis.com/:personal:/bannister/.git/objects/01/d5d42a15efa8527e8d650ef00298e6fa34f103' (8,937)
2026-08-09 06:08:19: Copy Over 'C:/rock/bannister/.git/logs/HEAD' -> 'goodrive://www.googleapis.com/:personal:/bannister/.git/logs/HEAD' (682,494)
2026-08-09 06:08:19: Copy New 'C:/rock/bannister/.git/objects/05/dd9129104a73f654beeb92a0c989faf15ca7e0' -> 'goodrive://www.googleapis.com/:personal:/bannister/.git/objects/05/dd9129104a73f654beeb92a0c989faf15ca7e0' (55,954)
2026-08-09 06:08:20: Copy New 'C:/rock/bannister/.git/objects/0d/446eef9644fa5677d37a44b00308687cda16f1' -> 'goodrive://www.googleapis.com/:personal:/bannister/.git/objects/0d/446eef9644fa5677d37a44b00308687cda16f1' (616)
2026-08-09 06:08:21: Copy New 'C:/rock/bannister/.git/objects/10/3f6eb8edd6de7b488ac40bd2657fe513607c7a' -> 'goodrive://www.googleapis.com/:personal:/bannister/.git/objects/10/3f6eb8edd6de7b488ac40bd2657fe513607c7a' (300)
2026-08-09 06:08:21: Copy New 'C:/rock/bannister/.git/objects/0f/b941221c3e3200d441f63024fd088d91b40a3d' -> 'goodrive://www.googleapis.com/:personal:/bannister/.git/objects/0f/b941221c3e3200d441f63024fd088d91b40a3d' (342)
2026-08-09 06:08:22: Copy New 'C:/rock/bannister/.git/objects/0f/cfacfaf24ac23c4437aa194ff88069258903b5' -> 'goodrive://www.googleapis.com/:personal:/bannister/.git/objects/0f/cfacfaf24ac23c4437aa194ff88069258903b5' (6,483)
2026-08-09 06:08:23: Copy New 'C:/rock/bannister/.git/objects/12/dc9556884c181139b990d7bca7d44621ee56c5' -> 'goodrive://www.googleapis.com/:personal:/bannister/.git/objects/12/dc9556884c181139b990d7bca7d44621ee56c5' (407)
2026-08-09 06:08:23: Copy New 'C:/rock/bannister/.git/objects/11/be16b9a4362a32c58210262319014dfcdaea74' -> 'goodrive://www.googleapis.com/:personal:/bannister/.git/objects/11/be16b9a4362a32c58210262319014dfcdaea74' (597)
2026-08-09 06:08:24: Copy New 'C:/rock/bannister/.git/objects/13/8f6c4b70f1b94b06752a69bd2b76827c984584' -> 'goodrive://www.googleapis.com/:personal:/bannister/.git/objects/13/8f6c4b70f1b94b06752a69bd2b76827c984584' (616)
2026-08-09 06:08:25: Copy New 'C:/rock/bannister/.git/objects/15/57cbb63633c1b59a30d1f4d602683da5e9819d' -> 'goodrive://www.googleapis.com/:personal:/bannister/.git/objects/15/57cbb63633c1b59a30d1f4d602683da5e9819d' (3,878)
2026-08-09 06:08:25: Copy New 'C:/rock/bannister/.git/objects/14/c6c8619f2dfa43db52b0c0640f7531cd0b6a48' -> 'goodrive://www.googleapis.com/:personal:/bannister/.git/objects/14/c6c8619f2dfa43db52b0c0640f7531cd0b6a48' (356)
2026-08-09 06:08:26: Copy New 'C:/rock/bannister/.git/objects/19/136ce441affd3d750fd2b403cc547294704507' -> 'goodrive://www.googleapis.com/:personal:/bannister/.git/objects/19/136ce441affd3d750fd2b403cc547294704507' (617)
2026-08-09 06:08:27: Copy New 'C:/rock/bannister/.git/objects/1b/1cfeff68441d377e2bb885ce21c76ff0eaa7a6' -> 'goodrive://www.googleapis.com/:personal:/bannister/.git/objects/1b/1cfeff68441d377e2bb885ce21c76ff0eaa7a6' (3,877)
2026-08-09 06:08:28: Copy New 'C:/rock/bannister/.git/objects/1e/97a3d89f1c9fcf149ae7961c5148b64e43d2e2' -> 'goodrive://www.googleapis.com/:personal:/bannister/.git/objects/1e/97a3d89f1c9fcf149ae7961c5148b64e43d2e2' (440)
2026-08-09 06:08:29: Copy New 'C:/rock/bannister/.git/objects/1e/a24033a38434328020253f9de104115bd8c074' -> 'goodrive://www.googleapis.com/:personal:/bannister/.git/objects/1e/a24033a38434328020253f9de104115bd8c074' (3,877)
2026-08-09 06:08:30: Copy New 'C:/rock/bannister/.git/objects/1e/c24f1ac8c60bf4a26782946d0e4954b97d6ea9' -> 'goodrive://www.googleapis.com/:personal:/bannister/.git/objects/1e/c24f1ac8c60bf4a26782946d0e4954b97d6ea9' (616)
2026-08-09 06:08:30: Copy New 'C:/rock/bannister/.git/objects/1f/34af307e78c919f43c6814085c14cee53ea8eb' -> 'goodrive://www.googleapis.com/:personal:/bannister/.git/objects/1f/34af307e78c919f43c6814085c14cee53ea8eb' (617)
2026-08-09 06:08:31: Copy New 'C:/rock/bannister/.git/objects/22/1cad4652a21411a0bdfbf6d2fb3356d681ea19' -> 'goodrive://www.googleapis.com/:personal:/bannister/.git/objects/22/1cad4652a21411a0bdfbf6d2fb3356d681ea19' (374,988)
2026-08-09 06:08:32: Copy New 'C:/rock/bannister/.git/objects/24/5e901e24e5776341ab04d2a4abb810a31d1492' -> 'goodrive://www.googleapis.com/:personal:/bannister/.git/objects/24/5e901e24e5776341ab04d2a4abb810a31d1492' (3,876)
2026-08-09 06:08:32: Copy New 'C:/rock/bannister/.git/objects/28/33160c5dd6c0af81c128f842e51a2cf153c035' -> 'goodrive://www.googleapis.com/:personal:/bannister/.git/objects/28/33160c5dd6c0af81c128f842e51a2cf153c035' (617)
2026-08-09 06:08:34: Copy New 'C:/rock/bannister/.git/objects/2d/b0660a916bfaa3873e692bee8238cbde605ba2' -> 'goodrive://www.googleapis.com/:personal:/bannister/.git/objects/2d/b0660a916bfaa3873e692bee8238cbde605ba2' (663)
2026-08-09 06:08:34: Copy New 'C:/rock/bannister/.git/objects/32/6218abc8d347a6d0f6fb5ed7c5b5482e0f7507' -> 'goodrive://www.googleapis.com/:personal:/bannister/.git/objects/32/6218abc8d347a6d0f6fb5ed7c5b5482e0f7507' (8,941)
2026-08-09 06:08:34: Copy New 'C:/rock/bannister/.git/objects/2e/70683a6e39c9f88632b1c7001b12273809028b' -> 'goodrive://www.googleapis.com/:personal:/bannister/.git/objects/2e/70683a6e39c9f88632b1c7001b12273809028b' (3,876)
2026-08-09 06:08:36: Copy New 'C:/rock/bannister/.git/objects/39/25ce52313f4bcbfdbac5c6535c0f6d2fcb42fa' -> 'goodrive://www.googleapis.com/:personal:/bannister/.git/objects/39/25ce52313f4bcbfdbac5c6535c0f6d2fcb42fa' (60,652)
2026-08-09 06:08:36: Copy New 'C:/rock/bannister/.git/objects/35/dbcedbaa6477a01a8866676dcd29675a90f76b' -> 'goodrive://www.googleapis.com/:personal:/bannister/.git/objects/35/dbcedbaa6477a01a8866676dcd29675a90f76b' (356)
2026-08-09 06:08:36: Copy New 'C:/rock/bannister/.git/objects/36/a9606a247f144e3406515ce6fd5e7d44f95055' -> 'goodrive://www.googleapis.com/:personal:/bannister/.git/objects/36/a9606a247f144e3406515ce6fd5e7d44f95055' (356)
2026-08-09 06:08:38: Copy New 'C:/rock/bannister/.git/objects/3c/d5f25fb91b986e88f43198bbb75bd624711790' -> 'goodrive://www.googleapis.com/:personal:/bannister/.git/objects/3c/d5f25fb91b986e88f43198bbb75bd624711790' (483)
2026-08-09 06:08:38: Copy New 'C:/rock/bannister/.git/objects/39/616896c2f3b57d6021c4bf4483db8586160226' -> 'goodrive://www.googleapis.com/:personal:/bannister/.git/objects/39/616896c2f3b57d6021c4bf4483db8586160226' (2,059)
2026-08-09 06:08:39: Copy New 'C:/rock/bannister/.git/objects/3d/52ff4c3ab5e6d3cdbccbc00c12c45cfab6b41f' -> 'goodrive://www.googleapis.com/:personal:/bannister/.git/objects/3d/52ff4c3ab5e6d3cdbccbc00c12c45cfab6b41f' (7,635)
2026-08-09 06:08:40: Copy New 'C:/rock/bannister/.git/objects/3e/2cf271bae28eeac3827c978c2bf2ed1687d828' -> 'goodrive://www.googleapis.com/:personal:/bannister/.git/objects/3e/2cf271bae28eeac3827c978c2bf2ed1687d828' (617)
2026-08-09 06:08:41: Copy New 'C:/rock/bannister/.git/objects/3f/de011fe8c162cf605a288cc0cddf13ab4bd0a7' -> 'goodrive://www.googleapis.com/:personal:/bannister/.git/objects/3f/de011fe8c162cf605a288cc0cddf13ab4bd0a7' (2,060)
2026-08-09 06:08:41: Copy New 'C:/rock/bannister/.git/objects/40/7f90d1b3f500dd8bb1a79b3af6c82e6b5cf42a' -> 'goodrive://www.googleapis.com/:personal:/bannister/.git/objects/40/7f90d1b3f500dd8bb1a79b3af6c82e6b5cf42a' (617)
2026-08-09 06:08:42: Copy New 'C:/rock/bannister/.git/objects/43/15295174909c9227cef245bf81d439af836a71' -> 'goodrive://www.googleapis.com/:personal:/bannister/.git/objects/43/15295174909c9227cef245bf81d439af836a71' (357)
2026-08-09 06:08:43: Copy New 'C:/rock/bannister/.git/objects/43/d42b7e77ea9f9177a99d8d4f94aea928bb2081' -> 'goodrive://www.googleapis.com/:personal:/bannister/.git/objects/43/d42b7e77ea9f9177a99d8d4f94aea928bb2081' (342)
2026-08-09 06:08:43: Copy New 'C:/rock/bannister/.git/objects/43/89dd726849bdbd53a6e912e8668339cebfcb9e' -> 'goodrive://www.googleapis.com/:personal:/bannister/.git/objects/43/89dd726849bdbd53a6e912e8668339cebfcb9e' (356)
2026-08-09 06:08:45: Copy New 'C:/rock/bannister/.git/objects/45/28df4c4b8c8e598b24aba0e0a4ab7bb4c9329c' -> 'goodrive://www.googleapis.com/:personal:/bannister/.git/objects/45/28df4c4b8c8e598b24aba0e0a4ab7bb4c9329c' (356)
2026-08-09 06:08:45: Copy New 'C:/rock/bannister/.git/objects/43/f3d47d7631b5e25b4b7efe3d992a473de29ff9' -> 'goodrive://www.googleapis.com/:personal:/bannister/.git/objects/43/f3d47d7631b5e25b4b7efe3d992a473de29ff9' (426)
2026-08-09 06:08:45: Copy New 'C:/rock/bannister/.git/objects/46/9485060ce5edf88efbdf5f8a7ff1663697883e' -> 'goodrive://www.googleapis.com/:personal:/bannister/.git/objects/46/9485060ce5edf88efbdf5f8a7ff1663697883e' (356)
2026-08-09 06:08:47: Copy New 'C:/rock/bannister/.git/objects/45/3fbf60019265f6ee8b5154684bedc6974817bf' -> 'goodrive://www.googleapis.com/:personal:/bannister/.git/objects/45/3fbf60019265f6ee8b5154684bedc6974817bf' (4,426)
2026-08-09 06:08:47: Copy New 'C:/rock/bannister/.git/objects/46/a8ecb031e3dd484aa86b1a4705b4f6d1b42ec8' -> 'goodrive://www.googleapis.com/:personal:/bannister/.git/objects/46/a8ecb031e3dd484aa86b1a4705b4f6d1b42ec8' (617)
2026-08-09 06:08:47: Copy New 'C:/rock/bannister/.git/objects/48/b87b21a56a7c962f22a2b74c25f2a726e22a36' -> 'goodrive://www.googleapis.com/:personal:/bannister/.git/objects/48/b87b21a56a7c962f22a2b74c25f2a726e22a36' (7,911)
2026-08-09 06:08:49: Copy New 'C:/rock/bannister/.git/objects/49/7dc1f1a8d9b0d42b482703e4134ded8b58234a' -> 'goodrive://www.googleapis.com/:personal:/bannister/.git/objects/49/7dc1f1a8d9b0d42b482703e4134ded8b58234a' (356)
2026-08-09 06:08:49: Copy New 'C:/rock/bannister/.git/objects/4d/efb5983ba85a2cd0b5bca27cecd25571f0ec2b' -> 'goodrive://www.googleapis.com/:personal:/bannister/.git/objects/4d/efb5983ba85a2cd0b5bca27cecd25571f0ec2b' (617)
2026-08-09 06:08:50: Copy New 'C:/rock/bannister/.git/objects/4e/67916392866fc9f3ff16dda7b92abd5009edbb' -> 'goodrive://www.googleapis.com/:personal:/bannister/.git/objects/4e/67916392866fc9f3ff16dda7b92abd5009edbb' (407)
2026-08-09 06:08:51: Copy New 'C:/rock/bannister/.git/objects/4f/f0f89f5a319bff89bf90972586c23a3c879002' -> 'goodrive://www.googleapis.com/:personal:/bannister/.git/objects/4f/f0f89f5a319bff89bf90972586c23a3c879002' (616)
2026-08-09 06:08:51: Copy New 'C:/rock/bannister/.git/objects/51/af7ccdc4b7e79d5b3cd4e1ba7e785cf796671c' -> 'goodrive://www.googleapis.com/:personal:/bannister/.git/objects/51/af7ccdc4b7e79d5b3cd4e1ba7e785cf796671c' (545)
2026-08-09 06:08:52: Copy New 'C:/rock/bannister/.git/objects/52/73da28d8f4195126450a26662e562996a725b6' -> 'goodrive://www.googleapis.com/:personal:/bannister/.git/objects/52/73da28d8f4195126450a26662e562996a725b6' (7,945)
2026-08-09 06:08:53: Copy New 'C:/rock/bannister/.git/objects/53/58c562cfffdfca97644dd4e49e8fc34ba6af95' -> 'goodrive://www.googleapis.com/:personal:/bannister/.git/objects/53/58c562cfffdfca97644dd4e49e8fc34ba6af95' (357)
2026-08-09 06:08:54: Copy New 'C:/rock/bannister/.git/objects/53/70320a68f59f41662b3e313431295be68a22af' -> 'goodrive://www.googleapis.com/:personal:/bannister/.git/objects/53/70320a68f59f41662b3e313431295be68a22af' (588)
2026-08-09 06:08:54: Copy New 'C:/rock/bannister/.git/objects/53/ad3ea1e990c2b2966474b743febe50aa4ea33d' -> 'goodrive://www.googleapis.com/:personal:/bannister/.git/objects/53/ad3ea1e990c2b2966474b743febe50aa4ea33d' (616)
2026-08-09 06:08:56: Copy New 'C:/rock/bannister/.git/objects/54/075d6b62f30f7b87d2175bbdd4695eab2fc344' -> 'goodrive://www.googleapis.com/:personal:/bannister/.git/objects/54/075d6b62f30f7b87d2175bbdd4695eab2fc344' (3,876)
2026-08-09 06:08:56: Copy New 'C:/rock/bannister/.git/objects/52/7a85495aab1ba02d486bb9a474e6eaaecefa2e' -> 'goodrive://www.googleapis.com/:personal:/bannister/.git/objects/52/7a85495aab1ba02d486bb9a474e6eaaecefa2e' (8,953)
2026-08-09 06:08:56: Copy New 'C:/rock/bannister/.git/objects/55/b8fb66dea388cae87ac3af7d00310f24709ac5' -> 'goodrive://www.googleapis.com/:personal:/bannister/.git/objects/55/b8fb66dea388cae87ac3af7d00310f24709ac5' (357)
2026-08-09 06:08:58: Copy New 'C:/rock/bannister/.git/objects/56/8464fe17cc6e643efa0c83bd4d527c8210368b' -> 'goodrive://www.googleapis.com/:personal:/bannister/.git/objects/56/8464fe17cc6e643efa0c83bd4d527c8210368b' (671)
2026-08-09 06:08:58: Copy New 'C:/rock/bannister/.git/objects/55/e316103a51a4f6839009e7eaa237bc09a23daf' -> 'goodrive://www.googleapis.com/:personal:/bannister/.git/objects/55/e316103a51a4f6839009e7eaa237bc09a23daf' (562)
2026-08-09 06:08:58: Copy New 'C:/rock/bannister/.git/objects/5b/6554698d6fde4c8e2e0aba04f48ccf44ee0a7f' -> 'goodrive://www.googleapis.com/:personal:/bannister/.git/objects/5b/6554698d6fde4c8e2e0aba04f48ccf44ee0a7f' (407)
2026-08-09 06:09:00: Copy New 'C:/rock/bannister/.git/objects/5d/016a5cd77414777b6ffffcdf590b43c6955722' -> 'goodrive://www.googleapis.com/:personal:/bannister/.git/objects/5d/016a5cd77414777b6ffffcdf590b43c6955722' (407)
2026-08-09 06:09:00: Copy New 'C:/rock/bannister/.git/objects/5d/79a255420713345b4e630e365e0833dc0bcc74' -> 'goodrive://www.googleapis.com/:personal:/bannister/.git/objects/5d/79a255420713345b4e630e365e0833dc0bcc74' (3,879)
2026-08-09 06:09:00: Copy New 'C:/rock/bannister/.git/objects/5c/d2cc5b94d748f365b37dfba33ba02d99e184ed' -> 'goodrive://www.googleapis.com/:personal:/bannister/.git/objects/5c/d2cc5b94d748f365b37dfba33ba02d99e184ed' (3,877)
2026-08-09 06:09:02: Copy New 'C:/rock/bannister/.git/objects/61/23394405ae44ef02738eaf7813b0e36fb78543' -> 'goodrive://www.googleapis.com/:personal:/bannister/.git/objects/61/23394405ae44ef02738eaf7813b0e36fb78543' (356)
2026-08-09 06:09:02: Copy New 'C:/rock/bannister/.git/objects/5e/b2658823309215c0dd52b6a8bec33b2bc64024' -> 'goodrive://www.googleapis.com/:personal:/bannister/.git/objects/5e/b2658823309215c0dd52b6a8bec33b2bc64024' (3,878)
2026-08-09 06:09:03: Copy New 'C:/rock/bannister/.git/objects/62/2b011e624028c7ce100b1137c98c870d9ddb91' -> 'goodrive://www.googleapis.com/:personal:/bannister/.git/objects/62/2b011e624028c7ce100b1137c98c870d9ddb91' (617)
2026-08-09 06:09:04: Copy New 'C:/rock/bannister/.git/objects/63/2bb909a5d3b2a298940680f45b7cf7888a5433' -> 'goodrive://www.googleapis.com/:personal:/bannister/.git/objects/63/2bb909a5d3b2a298940680f45b7cf7888a5433' (356)
2026-08-09 06:09:04: Copy New 'C:/rock/bannister/.git/objects/65/203054503a0555d622b1293a76140669e3a4a2' -> 'goodrive://www.googleapis.com/:personal:/bannister/.git/objects/65/203054503a0555d622b1293a76140669e3a4a2' (616)
2026-08-09 06:09:05: Copy New 'C:/rock/bannister/.git/objects/66/e91d8359fbe02e03596b1e9a504d18298e4ceb' -> 'goodrive://www.googleapis.com/:personal:/bannister/.git/objects/66/e91d8359fbe02e03596b1e9a504d18298e4ceb' (616)
2026-08-09 06:09:06: Copy New 'C:/rock/bannister/.git/objects/65/d384229bb969d18a940ce6296e867f15769b10' -> 'goodrive://www.googleapis.com/:personal:/bannister/.git/objects/65/d384229bb969d18a940ce6296e867f15769b10' (753)
2026-08-09 06:09:07: Copy New 'C:/rock/bannister/.git/objects/67/7890104c75b551e731e24bac2260c277a4795c' -> 'goodrive://www.googleapis.com/:personal:/bannister/.git/objects/67/7890104c75b551e731e24bac2260c277a4795c' (2,192)
2026-08-09 06:09:07: Copy New 'C:/rock/bannister/.git/objects/6d/a431c846743126a6a1911210d6f4439b715c42' -> 'goodrive://www.googleapis.com/:personal:/bannister/.git/objects/6d/a431c846743126a6a1911210d6f4439b715c42' (447)
2026-08-09 06:09:08: Copy New 'C:/rock/bannister/.git/objects/67/7f8bf6d619b64d846f90fdaa8def90d8734f50' -> 'goodrive://www.googleapis.com/:personal:/bannister/.git/objects/67/7f8bf6d619b64d846f90fdaa8def90d8734f50' (617)
2026-08-09 06:09:09: Copy New 'C:/rock/bannister/.git/objects/6e/94d57986b8581e813f74546c88bed877e19512' -> 'goodrive://www.googleapis.com/:personal:/bannister/.git/objects/6e/94d57986b8581e813f74546c88bed877e19512' (356)
2026-08-09 06:09:09: Copy New 'C:/rock/bannister/.git/objects/70/84e54daccad69db4629a611dd9dcc3067a6593' -> 'goodrive://www.googleapis.com/:personal:/bannister/.git/objects/70/84e54daccad69db4629a611dd9dcc3067a6593' (406)
2026-08-09 06:09:11: Copy New 'C:/rock/bannister/.git/objects/71/8120052ef6936a8731f21f2f0ee9c2ca142244' -> 'goodrive://www.googleapis.com/:personal:/bannister/.git/objects/71/8120052ef6936a8731f21f2f0ee9c2ca142244' (3,879)
2026-08-09 06:09:11: Copy New 'C:/rock/bannister/.git/objects/74/221385da57235917695a0644304a27189c00f3' -> 'goodrive://www.googleapis.com/:personal:/bannister/.git/objects/74/221385da57235917695a0644304a27189c00f3' (407)
2026-08-09 06:09:11: Copy New 'C:/rock/bannister/.git/objects/75/49c87dfca22942545a808d0995c35fb0e51ea1' -> 'goodrive://www.googleapis.com/:personal:/bannister/.git/objects/75/49c87dfca22942545a808d0995c35fb0e51ea1' (3,876)
2026-08-09 06:09:13: Copy New 'C:/rock/bannister/.git/objects/76/50297e80f25ca5e31aa7b0260833e11b98a7b7' -> 'goodrive://www.googleapis.com/:personal:/bannister/.git/objects/76/50297e80f25ca5e31aa7b0260833e11b98a7b7' (55,063)
2026-08-09 06:09:13: Copy New 'C:/rock/bannister/.git/objects/76/beeaf6c5ff67935375899b0919d18fe856416c' -> 'goodrive://www.googleapis.com/:personal:/bannister/.git/objects/76/beeaf6c5ff67935375899b0919d18fe856416c' (428)
2026-08-09 06:09:13: Copy New 'C:/rock/bannister/.git/objects/76/dd1b519f3065f4162004d0b58f414ed6d984e9' -> 'goodrive://www.googleapis.com/:personal:/bannister/.git/objects/76/dd1b519f3065f4162004d0b58f414ed6d984e9' (616)
2026-08-09 06:09:15: Copy New 'C:/rock/bannister/.git/objects/75/c95f90ffbe98fd1b2e48bfc5abb1c83a98d342' -> 'goodrive://www.googleapis.com/:personal:/bannister/.git/objects/75/c95f90ffbe98fd1b2e48bfc5abb1c83a98d342' (2,096)
2026-08-09 06:09:15: Copy New 'C:/rock/bannister/.git/objects/75/7aa74b2993f9576f6b8b1bb37808919944b4aa' -> 'goodrive://www.googleapis.com/:personal:/bannister/.git/objects/75/7aa74b2993f9576f6b8b1bb37808919944b4aa' (224)
2026-08-09 06:09:16: Copy New 'C:/rock/bannister/.git/objects/79/e1dd10c8ff63f6753fe29bad9c47bbef840d40' -> 'goodrive://www.googleapis.com/:personal:/bannister/.git/objects/79/e1dd10c8ff63f6753fe29bad9c47bbef840d40' (406)
2026-08-09 06:09:17: Copy New 'C:/rock/bannister/.git/objects/7a/82d8b65ce352ad88502386547515978f1054c8' -> 'goodrive://www.googleapis.com/:personal:/bannister/.git/objects/7a/82d8b65ce352ad88502386547515978f1054c8' (1,889)
2026-08-09 06:09:17: Copy New 'C:/rock/bannister/.git/objects/7d/42777557fe96288eb5384186fe1a8b41484669' -> 'goodrive://www.googleapis.com/:personal:/bannister/.git/objects/7d/42777557fe96288eb5384186fe1a8b41484669' (60,646)
2026-08-09 06:09:18: Copy New 'C:/rock/bannister/.git/objects/7e/3dee83be3ca0c09640161015195c9cad7a7faf' -> 'goodrive://www.googleapis.com/:personal:/bannister/.git/objects/7e/3dee83be3ca0c09640161015195c9cad7a7faf' (617)
2026-08-09 06:09:19: Copy New 'C:/rock/bannister/.git/objects/7f/c1c0cf57eb85c218a45c36336ac207942347e8' -> 'goodrive://www.googleapis.com/:personal:/bannister/.git/objects/7f/c1c0cf57eb85c218a45c36336ac207942347e8' (7,958)
2026-08-09 06:09:20: Copy New 'C:/rock/bannister/.git/objects/7d/80c9218402eee4ff5d02a1cde52d033853bcf1' -> 'goodrive://www.googleapis.com/:personal:/bannister/.git/objects/7d/80c9218402eee4ff5d02a1cde52d033853bcf1' (616)
2026-08-09 06:09:20: Copy New 'C:/rock/bannister/.git/objects/80/c0dd6dab772b3277157d3429b18cb0062a217d' -> 'goodrive://www.googleapis.com/:personal:/bannister/.git/objects/80/c0dd6dab772b3277157d3429b18cb0062a217d' (2,094)
2026-08-09 06:09:21: Copy New 'C:/rock/bannister/.git/objects/7f/cdbcc5842ce075254f5b1fe45b4f3ac9bd1cff' -> 'goodrive://www.googleapis.com/:personal:/bannister/.git/objects/7f/cdbcc5842ce075254f5b1fe45b4f3ac9bd1cff' (3,877)
2026-08-09 06:09:22: Copy New 'C:/rock/bannister/.git/objects/82/16395915fc7b3c3ebd02902ac4d492d460dfee' -> 'goodrive://www.googleapis.com/:personal:/bannister/.git/objects/82/16395915fc7b3c3ebd02902ac4d492d460dfee' (3,877)
2026-08-09 06:09:23: Copy New 'C:/rock/bannister/.git/objects/83/62123ea8846588f69b5eb6cc5276d056964af4' -> 'goodrive://www.googleapis.com/:personal:/bannister/.git/objects/83/62123ea8846588f69b5eb6cc5276d056964af4' (616)
2026-08-09 06:09:24: Copy New 'C:/rock/bannister/.git/objects/82/238033bf093dacdd4eea9f466ef6353b8996ed' -> 'goodrive://www.googleapis.com/:personal:/bannister/.git/objects/82/238033bf093dacdd4eea9f466ef6353b8996ed' (592)
2026-08-09 06:09:24: Copy New 'C:/rock/bannister/.git/objects/84/603a9318e7d677b2460d76b0fbeb9580c58ac1' -> 'goodrive://www.googleapis.com/:personal:/bannister/.git/objects/84/603a9318e7d677b2460d76b0fbeb9580c58ac1' (3,879)
2026-08-09 06:09:24: Copy New 'C:/rock/bannister/.git/objects/86/67d6549fb6494a0efd17d98a470142028a51e8' -> 'goodrive://www.googleapis.com/:personal:/bannister/.git/objects/86/67d6549fb6494a0efd17d98a470142028a51e8' (617)
2026-08-09 06:09:26: Copy New 'C:/rock/bannister/.git/objects/86/acbfedff81f9e406191123f0e4915fd108d0e5' -> 'goodrive://www.googleapis.com/:personal:/bannister/.git/objects/86/acbfedff81f9e406191123f0e4915fd108d0e5' (17,084)
2026-08-09 06:09:26: Copy New 'C:/rock/bannister/.git/objects/87/8a508654ae8b8d6b750676792ca235b3d8340f' -> 'goodrive://www.googleapis.com/:personal:/bannister/.git/objects/87/8a508654ae8b8d6b750676792ca235b3d8340f' (9,160)
2026-08-09 06:09:26: Copy New 'C:/rock/bannister/.git/objects/8a/9049b830f4f550c5b32460855cbf84dadd5721' -> 'goodrive://www.googleapis.com/:personal:/bannister/.git/objects/8a/9049b830f4f550c5b32460855cbf84dadd5721' (406)
2026-08-09 06:09:28: Copy New 'C:/rock/bannister/.git/objects/8b/d7e9738bd7d76c54dbe2b6a2e7bc690bf6e1b9' -> 'goodrive://www.googleapis.com/:personal:/bannister/.git/objects/8b/d7e9738bd7d76c54dbe2b6a2e7bc690bf6e1b9' (7,740)
2026-08-09 06:09:28: Copy New 'C:/rock/bannister/.git/objects/8c/b0e3c1e0a7bdf66df0daddc16e8b5c33d829fe' -> 'goodrive://www.googleapis.com/:personal:/bannister/.git/objects/8c/b0e3c1e0a7bdf66df0daddc16e8b5c33d829fe' (3,877)
2026-08-09 06:09:29: Copy New 'C:/rock/bannister/.git/objects/8d/8ed93ae5af64d6b740d4fa7244efbd83cb96c0' -> 'goodrive://www.googleapis.com/:personal:/bannister/.git/objects/8d/8ed93ae5af64d6b740d4fa7244efbd83cb96c0' (60,967)
2026-08-09 06:09:30: Copy New 'C:/rock/bannister/.git/objects/8e/efe32035161918bd4a9cad56d75b432e6e4cbd' -> 'goodrive://www.googleapis.com/:personal:/bannister/.git/objects/8e/efe32035161918bd4a9cad56d75b432e6e4cbd' (60,454)
2026-08-09 06:09:31: Copy New 'C:/rock/bannister/.git/objects/92/6f5f7b88e4046191a634803f59537901d9b288' -> 'goodrive://www.googleapis.com/:personal:/bannister/.git/objects/92/6f5f7b88e4046191a634803f59537901d9b288' (5,263)
2026-08-09 06:09:31: Copy New 'C:/rock/bannister/.git/objects/91/d90f0323ff9bcc4abd5ea29ea2a1375679e312' -> 'goodrive://www.googleapis.com/:personal:/bannister/.git/objects/91/d90f0323ff9bcc4abd5ea29ea2a1375679e312' (407)
2026-08-09 06:09:32: Copy New 'C:/rock/bannister/.git/objects/92/b416ee084c17078f3d286c007938dee121b403' -> 'goodrive://www.googleapis.com/:personal:/bannister/.git/objects/92/b416ee084c17078f3d286c007938dee121b403' (407)
2026-08-09 06:09:33: Copy New 'C:/rock/bannister/.git/objects/94/6398f20af24d2ec08c2a9d048dc58459041ee5' -> 'goodrive://www.googleapis.com/:personal:/bannister/.git/objects/94/6398f20af24d2ec08c2a9d048dc58459041ee5' (436)
2026-08-09 06:09:33: Copy New 'C:/rock/bannister/.git/objects/95/7eca889c20313ceae28c2eadc7590d4c330c0a' -> 'goodrive://www.googleapis.com/:personal:/bannister/.git/objects/95/7eca889c20313ceae28c2eadc7590d4c330c0a' (356)
2026-08-09 06:09:34: Copy New 'C:/rock/bannister/.git/objects/95/f277e4786c8a945c48c62cc3671a826b531d5d' -> 'goodrive://www.googleapis.com/:personal:/bannister/.git/objects/95/f277e4786c8a945c48c62cc3671a826b531d5d' (110)
2026-08-09 06:09:35: Copy New 'C:/rock/bannister/.git/objects/94/a5f02be43ecf344f7cc8dfadf82d9157bc376d' -> 'goodrive://www.googleapis.com/:personal:/bannister/.git/objects/94/a5f02be43ecf344f7cc8dfadf82d9157bc376d' (8,958)
2026-08-09 06:09:35: Copy New 'C:/rock/bannister/.git/objects/94/f83f33b72abd10f623e441e4811111852c239d' -> 'goodrive://www.googleapis.com/:personal:/bannister/.git/objects/94/f83f33b72abd10f623e441e4811111852c239d' (9,285)
2026-08-09 06:09:37: Copy New 'C:/rock/bannister/.git/objects/97/abe610a4143683e21a7dac271889b69483df04' -> 'goodrive://www.googleapis.com/:personal:/bannister/.git/objects/97/abe610a4143683e21a7dac271889b69483df04' (3,877)
2026-08-09 06:09:37: Copy New 'C:/rock/bannister/.git/objects/96/9d2d4103b13b712010b183f15e050e9a9942ff' -> 'goodrive://www.googleapis.com/:personal:/bannister/.git/objects/96/9d2d4103b13b712010b183f15e050e9a9942ff' (407)
2026-08-09 06:09:37: Copy New 'C:/rock/bannister/.git/objects/96/658da2991fc0fb65a21521946f13d6edc18300' -> 'goodrive://www.googleapis.com/:personal:/bannister/.git/objects/96/658da2991fc0fb65a21521946f13d6edc18300' (6,245)
2026-08-09 06:09:39: Copy New 'C:/rock/bannister/.git/objects/9a/fc4ed4fd82b2972adc2f2a5c39819d80a251f1' -> 'goodrive://www.googleapis.com/:personal:/bannister/.git/objects/9a/fc4ed4fd82b2972adc2f2a5c39819d80a251f1' (3,877)
2026-08-09 06:09:39: Copy New 'C:/rock/bannister/.git/objects/99/41c882a90703d035c895d13fa2379a2b32512f' -> 'goodrive://www.googleapis.com/:personal:/bannister/.git/objects/99/41c882a90703d035c895d13fa2379a2b32512f' (8,689)
2026-08-09 06:09:39: Copy New 'C:/rock/bannister/.git/objects/9d/e9f68b81faa684a910b922bd86fdd1a60c7b5c' -> 'goodrive://www.googleapis.com/:personal:/bannister/.git/objects/9d/e9f68b81faa684a910b922bd86fdd1a60c7b5c' (382)
2026-08-09 06:09:41: Copy New 'C:/rock/bannister/.git/objects/9e/f866ca99961843fd56bda20c0834a560e15288' -> 'goodrive://www.googleapis.com/:personal:/bannister/.git/objects/9e/f866ca99961843fd56bda20c0834a560e15288' (407)
2026-08-09 06:09:41: Copy New 'C:/rock/bannister/.git/objects/a0/0d896422ac4ad1a1297800e994c4f9624623f7' -> 'goodrive://www.googleapis.com/:personal:/bannister/.git/objects/a0/0d896422ac4ad1a1297800e994c4f9624623f7' (342)
2026-08-09 06:09:41: Copy New 'C:/rock/bannister/.git/objects/9f/1cc56c67a294d0d065f60ea6127d63634a3019' -> 'goodrive://www.googleapis.com/:personal:/bannister/.git/objects/9f/1cc56c67a294d0d065f60ea6127d63634a3019' (3,877)
2026-08-09 06:09:43: Copy New 'C:/rock/bannister/.git/objects/a0/9ed71ec42a61825f5c77f195e3a3122e7e4d50' -> 'goodrive://www.googleapis.com/:personal:/bannister/.git/objects/a0/9ed71ec42a61825f5c77f195e3a3122e7e4d50' (473)
2026-08-09 06:09:43: Copy New 'C:/rock/bannister/.git/objects/9f/c5989ccec85524bab68452abc5b71152bddab6' -> 'goodrive://www.googleapis.com/:personal:/bannister/.git/objects/9f/c5989ccec85524bab68452abc5b71152bddab6' (3,879)
2026-08-09 06:09:44: Copy New 'C:/rock/bannister/.git/objects/a1/737c06b46b2f767136915693806408889ef35a' -> 'goodrive://www.googleapis.com/:personal:/bannister/.git/objects/a1/737c06b46b2f767136915693806408889ef35a' (4,124)
2026-08-09 06:09:45: Copy New 'C:/rock/bannister/.git/objects/a3/909fa137b564583543a697f791ec5f4870802b' -> 'goodrive://www.googleapis.com/:personal:/bannister/.git/objects/a3/909fa137b564583543a697f791ec5f4870802b' (2,229)
2026-08-09 06:09:45: Copy New 'C:/rock/bannister/.git/objects/a3/f3a232c466c660c56e297ada60e3d4dc9bf4c3' -> 'goodrive://www.googleapis.com/:personal:/bannister/.git/objects/a3/f3a232c466c660c56e297ada60e3d4dc9bf4c3' (356)
2026-08-09 06:09:46: Copy New 'C:/rock/bannister/.git/objects/a4/3e4fb669a3c612017e7d64691aa258cc741dfe' -> 'goodrive://www.googleapis.com/:personal:/bannister/.git/objects/a4/3e4fb669a3c612017e7d64691aa258cc741dfe' (616)
2026-08-09 06:09:47: Copy New 'C:/rock/bannister/.git/objects/a5/79bcf468e60ed3923cadf1de771c8d70b94ad5' -> 'goodrive://www.googleapis.com/:personal:/bannister/.git/objects/a5/79bcf468e60ed3923cadf1de771c8d70b94ad5' (356)
2026-08-09 06:09:47: Copy New 'C:/rock/bannister/.git/objects/a6/044fdf9ae425dd838d17f51b4df08ac8302fc6' -> 'goodrive://www.googleapis.com/:personal:/bannister/.git/objects/a6/044fdf9ae425dd838d17f51b4df08ac8302fc6' (615)
2026-08-09 06:09:48: Copy New 'C:/rock/bannister/.git/objects/a9/da0e354ffe51adb173c4b31314dce7e210518e' -> 'goodrive://www.googleapis.com/:personal:/bannister/.git/objects/a9/da0e354ffe51adb173c4b31314dce7e210518e' (356)
2026-08-09 06:09:49: Copy New 'C:/rock/bannister/.git/objects/a6/dce519648736a0d68bf343c70b5265f2f0eb11' -> 'goodrive://www.googleapis.com/:personal:/bannister/.git/objects/a6/dce519648736a0d68bf343c70b5265f2f0eb11' (406)
2026-08-09 06:09:50: Copy New 'C:/rock/bannister/.git/objects/aa/1dbe04286bf724b7bbae5fdd98c4b4100cde7b' -> 'goodrive://www.googleapis.com/:personal:/bannister/.git/objects/aa/1dbe04286bf724b7bbae5fdd98c4b4100cde7b' (538)
2026-08-09 06:09:50: Copy New 'C:/rock/bannister/.git/objects/ab/43ebd1c564f06d6b4370f93fd7230e66c3e7d3' -> 'goodrive://www.googleapis.com/:personal:/bannister/.git/objects/ab/43ebd1c564f06d6b4370f93fd7230e66c3e7d3' (60,297)
2026-08-09 06:09:51: Copy New 'C:/rock/bannister/.git/objects/ae/24ee09e5662cccce6597475928070af22d246d' -> 'goodrive://www.googleapis.com/:personal:/bannister/.git/objects/ae/24ee09e5662cccce6597475928070af22d246d' (518)
2026-08-09 06:09:52: Copy New 'C:/rock/bannister/.git/objects/b1/21decfd9521cc134c09d7757f6836f1aeec4db' -> 'goodrive://www.googleapis.com/:personal:/bannister/.git/objects/b1/21decfd9521cc134c09d7757f6836f1aeec4db' (716)
2026-08-09 06:09:52: Copy New 'C:/rock/bannister/.git/objects/b1/d017dec728423fe09c7f29b9628657960622ae' -> 'goodrive://www.googleapis.com/:personal:/bannister/.git/objects/b1/d017dec728423fe09c7f29b9628657960622ae' (345)
2026-08-09 06:09:53: Copy New 'C:/rock/bannister/.git/objects/b2/e75dd0005e35fd7cae48638d696e1276aa1722' -> 'goodrive://www.googleapis.com/:personal:/bannister/.git/objects/b2/e75dd0005e35fd7cae48638d696e1276aa1722' (3,876)
2026-08-09 06:09:54: Copy New 'C:/rock/bannister/.git/objects/b4/f77b493f3884f966f26ede51bc5eac6d6ee704' -> 'goodrive://www.googleapis.com/:personal:/bannister/.git/objects/b4/f77b493f3884f966f26ede51bc5eac6d6ee704' (356)
2026-08-09 06:09:54: Copy New 'C:/rock/bannister/.git/objects/b6/85800e8fad6dbd307c0f2b53078dfb8353022c' -> 'goodrive://www.googleapis.com/:personal:/bannister/.git/objects/b6/85800e8fad6dbd307c0f2b53078dfb8353022c' (596)
2026-08-09 06:09:56: Copy New 'C:/rock/bannister/.git/objects/b7/9c228194d4c158ca25bd01d49336e363699fe1' -> 'goodrive://www.googleapis.com/:personal:/bannister/.git/objects/b7/9c228194d4c158ca25bd01d49336e363699fe1' (60,989)
2026-08-09 06:09:56: Copy New 'C:/rock/bannister/.git/objects/b7/cc8328bec11cb7e155473aeff5d2276d1b1842' -> 'goodrive://www.googleapis.com/:personal:/bannister/.git/objects/b7/cc8328bec11cb7e155473aeff5d2276d1b1842' (356)
2026-08-09 06:09:56: Copy New 'C:/rock/bannister/.git/objects/b6/b75efc4a0f358b9f8518d8f4c735ec1abc24ab' -> 'goodrive://www.googleapis.com/:personal:/bannister/.git/objects/b6/b75efc4a0f358b9f8518d8f4c735ec1abc24ab' (3,877)
2026-08-09 06:09:58: Copy New 'C:/rock/bannister/.git/objects/b8/3c90e913c77f12251d59df4869eb7248245778' -> 'goodrive://www.googleapis.com/:personal:/bannister/.git/objects/b8/3c90e913c77f12251d59df4869eb7248245778' (356)
2026-08-09 06:09:58: Copy New 'C:/rock/bannister/.git/objects/b9/3a665737b79114516caefd0549b33e252702d4' -> 'goodrive://www.googleapis.com/:personal:/bannister/.git/objects/b9/3a665737b79114516caefd0549b33e252702d4' (616)
2026-08-09 06:09:59: Copy New 'C:/rock/bannister/.git/objects/b9/749107834d5b10c76ca8d08ace578ac38537f5' -> 'goodrive://www.googleapis.com/:personal:/bannister/.git/objects/b9/749107834d5b10c76ca8d08ace578ac38537f5' (307)
2026-08-09 06:10:00: Copy New 'C:/rock/bannister/.git/objects/b8/8144259b3e692072529265a017dd0a01d4d80a' -> 'goodrive://www.googleapis.com/:personal:/bannister/.git/objects/b8/8144259b3e692072529265a017dd0a01d4d80a' (355)
2026-08-09 06:10:01: Copy New 'C:/rock/bannister/.git/objects/b8/a0be2d842cbfbb0aafec9fd6d74f08aa0264cb' -> 'goodrive://www.googleapis.com/:personal:/bannister/.git/objects/b8/a0be2d842cbfbb0aafec9fd6d74f08aa0264cb' (3,877)
2026-08-09 06:10:01: Copy New 'C:/rock/bannister/.git/objects/bb/ecadc6488ed15ed93c774275f7d32349d9a8fa' -> 'goodrive://www.googleapis.com/:personal:/bannister/.git/objects/bb/ecadc6488ed15ed93c774275f7d32349d9a8fa' (6,389)
2026-08-09 06:10:02: Copy New 'C:/rock/bannister/.git/objects/bd/312b01edb6c8169aec49f48658bdc479566c75' -> 'goodrive://www.googleapis.com/:personal:/bannister/.git/objects/bd/312b01edb6c8169aec49f48658bdc479566c75' (407)
2026-08-09 06:10:03: Copy New 'C:/rock/bannister/.git/objects/bd/48255cf17c4cdd4a3cdc403e9921b725acc667' -> 'goodrive://www.googleapis.com/:personal:/bannister/.git/objects/bd/48255cf17c4cdd4a3cdc403e9921b725acc667' (615)
2026-08-09 06:10:03: Copy New 'C:/rock/bannister/.git/objects/bd/7e34bcb1b486dde983e23d58263f2707f8c010' -> 'goodrive://www.googleapis.com/:personal:/bannister/.git/objects/bd/7e34bcb1b486dde983e23d58263f2707f8c010' (616)
2026-08-09 06:10:04: Copy New 'C:/rock/bannister/.git/objects/be/40e5a8855ddc5f9b242ed8e65f8e04ce04dd89' -> 'goodrive://www.googleapis.com/:personal:/bannister/.git/objects/be/40e5a8855ddc5f9b242ed8e65f8e04ce04dd89' (3,876)
2026-08-09 06:10:05: Copy New 'C:/rock/bannister/.git/objects/c0/5aabb79ef238604e394f97075590eaa03be269' -> 'goodrive://www.googleapis.com/:personal:/bannister/.git/objects/c0/5aabb79ef238604e394f97075590eaa03be269' (616)
2026-08-09 06:10:05: Copy New 'C:/rock/bannister/.git/objects/be/b37178b6b83e20de0451b354657f8d6a4694c4' -> 'goodrive://www.googleapis.com/:personal:/bannister/.git/objects/be/b37178b6b83e20de0451b354657f8d6a4694c4' (3,878)
2026-08-09 06:10:06: Copy New 'C:/rock/bannister/.git/objects/be/f05f3eb2a49e5121cfebbe5eef456d305543a7' -> 'goodrive://www.googleapis.com/:personal:/bannister/.git/objects/be/f05f3eb2a49e5121cfebbe5eef456d305543a7' (26,605)
2026-08-09 06:10:07: Copy New 'C:/rock/bannister/.git/objects/c1/21f238a8711a296e039cf7914eb9d8c90492e9' -> 'goodrive://www.googleapis.com/:personal:/bannister/.git/objects/c1/21f238a8711a296e039cf7914eb9d8c90492e9' (56,913)
2026-08-09 06:10:08: Copy New 'C:/rock/bannister/.git/objects/c2/f12efff69c002e7c1a0f6e04064aecb162db54' -> 'goodrive://www.googleapis.com/:personal:/bannister/.git/objects/c2/f12efff69c002e7c1a0f6e04064aecb162db54' (407)
2026-08-09 06:10:09: Copy New 'C:/rock/bannister/.git/objects/c4/67915a384a104fbfb9f9abd3691cbdde2ba408' -> 'goodrive://www.googleapis.com/:personal:/bannister/.git/objects/c4/67915a384a104fbfb9f9abd3691cbdde2ba408' (2,345)
2026-08-09 06:10:09: Copy New 'C:/rock/bannister/.git/objects/c9/08f6cc14ed34025df414339dc116cc78ae7b76' -> 'goodrive://www.googleapis.com/:personal:/bannister/.git/objects/c9/08f6cc14ed34025df414339dc116cc78ae7b76' (356)
2026-08-09 06:10:10: Copy New 'C:/rock/bannister/.git/objects/c9/e1ba447b9516f57242082a75f4c0e339abdb10' -> 'goodrive://www.googleapis.com/:personal:/bannister/.git/objects/c9/e1ba447b9516f57242082a75f4c0e339abdb10' (356)
2026-08-09 06:10:11: Copy New 'C:/rock/bannister/.git/objects/ca/5b0389beb9ad1ea1f94a51ab37c370556968c9' -> 'goodrive://www.googleapis.com/:personal:/bannister/.git/objects/ca/5b0389beb9ad1ea1f94a51ab37c370556968c9' (3,878)
2026-08-09 06:10:11: Copy New 'C:/rock/bannister/.git/objects/cd/9825ee48e8b57f0eb3872039f3cd55a6b28a53' -> 'goodrive://www.googleapis.com/:personal:/bannister/.git/objects/cd/9825ee48e8b57f0eb3872039f3cd55a6b28a53' (3,878)
2026-08-09 06:10:12: Copy New 'C:/rock/bannister/.git/objects/cf/5268259d8f268e7b6f223196cd3d05ed4ad857' -> 'goodrive://www.googleapis.com/:personal:/bannister/.git/objects/cf/5268259d8f268e7b6f223196cd3d05ed4ad857' (617)
2026-08-09 06:10:13: Copy New 'C:/rock/bannister/.git/objects/d0/5f1a36fdc5e81b148f18d3762f89dfd9cb1056' -> 'goodrive://www.googleapis.com/:personal:/bannister/.git/objects/d0/5f1a36fdc5e81b148f18d3762f89dfd9cb1056' (407)
2026-08-09 06:10:13: Copy New 'C:/rock/bannister/.git/objects/d0/844b9b6f9f1a2b3f585cd5c4267d1fc406053d' -> 'goodrive://www.googleapis.com/:personal:/bannister/.git/objects/d0/844b9b6f9f1a2b3f585cd5c4267d1fc406053d' (616)
2026-08-09 06:10:14: Copy New 'C:/rock/bannister/.git/objects/cf/f13fdbdcb83d45919f40da2e7dc4f268493b55' -> 'goodrive://www.googleapis.com/:personal:/bannister/.git/objects/cf/f13fdbdcb83d45919f40da2e7dc4f268493b55' (469)
2026-08-09 06:10:15: Copy New 'C:/rock/bannister/.git/objects/d1/063b153ad476d17d7ac94344fdf44f448652e6' -> 'goodrive://www.googleapis.com/:personal:/bannister/.git/objects/d1/063b153ad476d17d7ac94344fdf44f448652e6' (273)
2026-08-09 06:10:16: Copy New 'C:/rock/bannister/.git/objects/d3/bd867b0b354b2217f2b7b17c222db0d83a7418' -> 'goodrive://www.googleapis.com/:personal:/bannister/.git/objects/d3/bd867b0b354b2217f2b7b17c222db0d83a7418' (588)
2026-08-09 06:10:17: Copy New 'C:/rock/bannister/.git/objects/d6/7651b7590955e5560b9dd119146847ea0c0b4e' -> 'goodrive://www.googleapis.com/:personal:/bannister/.git/objects/d6/7651b7590955e5560b9dd119146847ea0c0b4e' (8,649)
2026-08-09 06:10:17: Copy New 'C:/rock/bannister/.git/objects/d7/ca8b6aede74cb9ccf442e04cb79a19d4f8f0c6' -> 'goodrive://www.googleapis.com/:personal:/bannister/.git/objects/d7/ca8b6aede74cb9ccf442e04cb79a19d4f8f0c6' (357)
2026-08-09 06:10:18: Copy New 'C:/rock/bannister/.git/objects/d8/5e1bd48ec5a19007b7c8f8fb21f284c81048d1' -> 'goodrive://www.googleapis.com/:personal:/bannister/.git/objects/d8/5e1bd48ec5a19007b7c8f8fb21f284c81048d1' (320)
2026-08-09 06:10:19: Copy New 'C:/rock/bannister/.git/objects/da/27d49c1d202ca79287f60db2a4301fa7fdadf0' -> 'goodrive://www.googleapis.com/:personal:/bannister/.git/objects/da/27d49c1d202ca79287f60db2a4301fa7fdadf0' (356)
2026-08-09 06:10:20: Copy New 'C:/rock/bannister/.git/objects/db/57c5959a940196d9424f621bdb8b78f4a8cba6' -> 'goodrive://www.googleapis.com/:personal:/bannister/.git/objects/db/57c5959a940196d9424f621bdb8b78f4a8cba6' (7,911)
2026-08-09 06:10:20: Copy New 'C:/rock/bannister/.git/objects/dc/ba2b2f1d78b31f97da21ba2fcd2d70d3fb8abd' -> 'goodrive://www.googleapis.com/:personal:/bannister/.git/objects/dc/ba2b2f1d78b31f97da21ba2fcd2d70d3fb8abd' (589)
2026-08-09 06:10:21: Copy New 'C:/rock/bannister/.git/objects/e1/f1efabd7d02227af6ace2a179bfb5f44c692ce' -> 'goodrive://www.googleapis.com/:personal:/bannister/.git/objects/e1/f1efabd7d02227af6ace2a179bfb5f44c692ce' (3,879)
2026-08-09 06:10:21: Copy New 'C:/rock/bannister/.git/objects/e2/18ee385781cddade7a67c5afbae389c08704a2' -> 'goodrive://www.googleapis.com/:personal:/bannister/.git/objects/e2/18ee385781cddade7a67c5afbae389c08704a2' (534)
2026-08-09 06:10:23: Copy New 'C:/rock/bannister/.git/objects/e5/d8f1ece88ecb6e5a2d39a3a47a90ee1427a721' -> 'goodrive://www.googleapis.com/:personal:/bannister/.git/objects/e5/d8f1ece88ecb6e5a2d39a3a47a90ee1427a721' (616)
2026-08-09 06:10:23: Copy New 'C:/rock/bannister/.git/objects/e7/4de4871a386d96df37f13aea6e22dd107cf37b' -> 'goodrive://www.googleapis.com/:personal:/bannister/.git/objects/e7/4de4871a386d96df37f13aea6e22dd107cf37b' (356)
2026-08-09 06:10:24: Copy New 'C:/rock/bannister/.git/objects/e9/27ff945e8ff3c8506447dabf51d3f0b42e5636' -> 'goodrive://www.googleapis.com/:personal:/bannister/.git/objects/e9/27ff945e8ff3c8506447dabf51d3f0b42e5636' (407)
2026-08-09 06:10:25: Copy New 'C:/rock/bannister/.git/objects/ea/8b46bdb792b5fea26fe130df2f32bf3365d72c' -> 'goodrive://www.googleapis.com/:personal:/bannister/.git/objects/ea/8b46bdb792b5fea26fe130df2f32bf3365d72c' (410)
2026-08-09 06:10:26: Copy New 'C:/rock/bannister/.git/objects/e9/c8638ef6f5c9605a3dcfb11bb979cb8727d132' -> 'goodrive://www.googleapis.com/:personal:/bannister/.git/objects/e9/c8638ef6f5c9605a3dcfb11bb979cb8727d132' (4,974)
2026-08-09 06:10:26: Copy New 'C:/rock/bannister/.git/objects/eb/4641eaa68546cfc3e7d36ddfaccbc24dfe4c85' -> 'goodrive://www.googleapis.com/:personal:/bannister/.git/objects/eb/4641eaa68546cfc3e7d36ddfaccbc24dfe4c85' (3,877)
2026-08-09 06:10:27: Copy New 'C:/rock/bannister/.git/objects/ed/33e8d543d7e1c04dc47f7a4a998257978e95b0' -> 'goodrive://www.googleapis.com/:personal:/bannister/.git/objects/ed/33e8d543d7e1c04dc47f7a4a998257978e95b0' (356)
2026-08-09 06:10:28: Copy New 'C:/rock/bannister/.git/objects/ed/7ec3082454c810b7b03611468d3f1560febc52' -> 'goodrive://www.googleapis.com/:personal:/bannister/.git/objects/ed/7ec3082454c810b7b03611468d3f1560febc52' (7,984)
2026-08-09 06:10:28: Copy New 'C:/rock/bannister/.git/objects/ee/c6827bd03864a5683387d1c375b1642946e78e' -> 'goodrive://www.googleapis.com/:personal:/bannister/.git/objects/ee/c6827bd03864a5683387d1c375b1642946e78e' (407)
2026-08-09 06:10:29: Copy New 'C:/rock/bannister/.git/objects/ef/64919cc5141b65da051af59be669688e7509e1' -> 'goodrive://www.googleapis.com/:personal:/bannister/.git/objects/ef/64919cc5141b65da051af59be669688e7509e1' (407)
2026-08-09 06:10:30: Copy New 'C:/rock/bannister/.git/objects/f1/de255842f845225afbad3808e8686b9e64cc3e' -> 'goodrive://www.googleapis.com/:personal:/bannister/.git/objects/f1/de255842f845225afbad3808e8686b9e64cc3e' (550)
2026-08-09 06:10:30: Copy New 'C:/rock/bannister/.git/objects/f2/d0b7d9381597795454f293b2111784c7e381c0' -> 'goodrive://www.googleapis.com/:personal:/bannister/.git/objects/f2/d0b7d9381597795454f293b2111784c7e381c0' (2,182)
2026-08-09 06:10:31: Copy New 'C:/rock/bannister/.git/objects/f4/96ed7ad3c3a47f9cacb026eee21a4fafdeafe1' -> 'goodrive://www.googleapis.com/:personal:/bannister/.git/objects/f4/96ed7ad3c3a47f9cacb026eee21a4fafdeafe1' (407)
2026-08-09 06:10:32: Copy New 'C:/rock/bannister/.git/objects/f6/170e9e3b3a434050dbdeae7afd0f76275b356c' -> 'goodrive://www.googleapis.com/:personal:/bannister/.git/objects/f6/170e9e3b3a434050dbdeae7afd0f76275b356c' (616)
2026-08-09 06:10:32: Copy New 'C:/rock/bannister/.git/objects/f5/733b13b5c77f64ae17eb06ea973ad88936fbbe' -> 'goodrive://www.googleapis.com/:personal:/bannister/.git/objects/f5/733b13b5c77f64ae17eb06ea973ad88936fbbe' (356)
2026-08-09 06:10:34: Copy New 'C:/rock/bannister/.git/objects/f9/5cea54d870d3641526f40123ff1a2d9bebb213' -> 'goodrive://www.googleapis.com/:personal:/bannister/.git/objects/f9/5cea54d870d3641526f40123ff1a2d9bebb213' (357)
2026-08-09 06:10:34: Copy New 'C:/rock/bannister/.git/objects/fa/7bd2afedfeca0881c4a7c78754942e837776d6' -> 'goodrive://www.googleapis.com/:personal:/bannister/.git/objects/fa/7bd2afedfeca0881c4a7c78754942e837776d6' (356)
2026-08-09 06:10:34: Copy New 'C:/rock/bannister/.git/objects/f6/47452e88639828923f735f404e5783052c1401' -> 'goodrive://www.googleapis.com/:personal:/bannister/.git/objects/f6/47452e88639828923f735f404e5783052c1401' (3,878)
2026-08-09 06:10:36: Copy New 'C:/rock/bannister/.git/objects/ff/f4ac973ecd98470b74e618f1ddf1a25877aa3a' -> 'goodrive://www.googleapis.com/:personal:/bannister/.git/objects/ff/f4ac973ecd98470b74e618f1ddf1a25877aa3a' (60,428)
2026-08-09 06:10:36: Copy New 'C:/rock/bannister/.git/objects/fb/fe3ae46fb49088a3d88787e0f1bbe7708c84e2' -> 'goodrive://www.googleapis.com/:personal:/bannister/.git/objects/fb/fe3ae46fb49088a3d88787e0f1bbe7708c84e2' (3,878)
2026-08-09 06:10:39: Copy Over 'C:/rock/bannister/.git/logs/refs/heads/main' -> 'goodrive://www.googleapis.com/:personal:/bannister/.git/logs/refs/heads/main' (682,494)
2026-08-09 06:10:40: Copy Over 'C:/rock/bannister/.git/refs/heads/main' -> 'goodrive://www.googleapis.com/:personal:/bannister/.git/refs/heads/main' (41)
2026-08-09 06:10:40: Copy Over 'C:/rock/bannister/.git/logs/refs/remotes/origin/main' -> 'goodrive://www.googleapis.com/:personal:/bannister/.git/logs/refs/remotes/origin/main' (51,793)
2026-08-09 06:10:43: Copy Over 'C:/rock/bannister/.git/refs/remotes/origin/main' -> 'goodrive://www.googleapis.com/:personal:/bannister/.git/refs/remotes/origin/main' (41)
2026-08-09 06:10:43: Save State File C:/rock/bannister/_gsdata_/_file_state_v4._gs
2026-08-09 06:10:44: CopyFileSimple: UploadBuf: ERR: [SSL sending [-1] www.googleapis.com:443]: Connection was reset by remote machine
2026-08-09 06:10:44: Waiting for 0 + 0 of 4 sec on CopyFileSimple: UploadBuf: [SSL sending [-1] www.googleapis.com:443]: Connection was reset by remote machine
2026-08-09 06:10:48: Recovered the connection, continuing operations
2026-08-09 06:10:51: Save State File goodrive://www.googleapis.com/:personal:/bannister/_gsdata_/_file_state_v4._gs
2026-08-09 06:10:51: Release Snapshot of Volume C:
2026-08-09 06:10:55: == Sync Complete. Time: 00:40:20, Speed: 266.73 KB/s, OK: 2,150, Errors: 0
