2026-10-03 05:34:41: -- Analysis Started by On Schedule Min=30 Hour=5 
2026-10-03 05:34:41: L: Reading State File C:/rock/bannister/_gsdata_/_file_state_v4._gs
2026-10-03 05:34:45: R: Reading State File goodrive://www.googleapis.com/:personal:/bannister/_gsdata_/_file_state_v4._gs
2026-10-03 05:34:49: Changes: 2,195, Conflicts: 0, CopyTime: 0, FixState: 0, Errors: 0, All: 39925
2026-10-03 05:34:49: Left to Right: Copy File: 2192 Delete File: 3 
2026-10-03 05:34:49: == Sync Started by On Schedule Min=30 Hour=5 
2026-10-03 05:34:49: ConnectCloned connected to file:///C:/rock/bannister
2026-10-03 05:34:49: ConnectCloned connected to file:///C:/rock/bannister
2026-10-03 05:34:49: ConnectCloned connected to file:///C:/rock/bannister
2026-10-03 05:34:49: GsConnectAndSetRoot1 connected to goodrive://www.googleapis.com/:personal:/bannister
2026-10-03 05:34:49: GsConnectAndSetRoot1 connected to goodrive://www.googleapis.com/:personal:/bannister
2026-10-03 05:34:49: GsConnectAndSetRoot1 connected to goodrive://www.googleapis.com/:personal:/bannister
2026-10-03 05:34:54: Copy Over 'C:/rock/bannister/.git/COMMIT_EDITMSG' -> 'goodrive://www.googleapis.com/:personal:/bannister/.git/COMMIT_EDITMSG' (247)
2026-10-03 05:34:54: Copy Over 'C:/rock/bannister/.git/index' -> 'goodrive://www.googleapis.com/:personal:/bannister/.git/index' (56,053)
2026-10-03 05:34:54: > Copy Over 'C:/rock/bannister/Bannister/bin/Debug/net8.0-android/Bannister.dll' -> 'goodrive://www.googleapis.com/:personal:/bannister/bannister/bin/Debug/net8.0-android/Bannister.dll' (8,259,584)
2026-10-03 05:34:55: Copy Over 'C:/rock/bannister/.git/logs/HEAD' -> 'goodrive://www.googleapis.com/:personal:/bannister/.git/logs/HEAD' (874,508)
2026-10-03 05:34:55: > Copy Over 'C:/rock/bannister/Bannister/bin/Debug/net8.0-windows10.0.19041.0/Bannister.dll' -> 'goodrive://www.googleapis.com/:personal:/bannister/bannister/bin/Debug/net8.0-windows10.0.19041.0/Bannister.dll' (8,587,776)
2026-10-03 05:34:59: Copy Over 'C:/rock/bannister/Bannister/bin/Debug/net8.0-windows10.0.19041.0/Bannister.deps.json' -> 'goodrive://www.googleapis.com/:personal:/bannister/bannister/bin/Debug/net8.0-windows10.0.19041.0/Bannister.deps.json' (72,297)
2026-10-03 05:34:59: < Copy Over 'C:/rock/bannister/Bannister/bin/Debug/net8.0-android/Bannister.dll' -> 'goodrive://www.googleapis.com/:personal:/bannister/bannister/bin/Debug/net8.0-android/Bannister.dll' (8,259,584)
2026-10-03 05:34:59: > Copy Over 'C:/rock/bannister/Bannister/bin/Debug/net8.0-windows10.0.19041.0/Bannister.pdb' -> 'goodrive://www.googleapis.com/:personal:/bannister/bannister/bin/Debug/net8.0-windows10.0.19041.0/Bannister.pdb' (1,810,896)
2026-10-03 05:35:00: < Copy Over 'C:/rock/bannister/Bannister/bin/Debug/net8.0-windows10.0.19041.0/Bannister.dll' -> 'goodrive://www.googleapis.com/:personal:/bannister/bannister/bin/Debug/net8.0-windows10.0.19041.0/Bannister.dll' (8,587,776)
2026-10-03 05:35:02: Copy Over 'C:/rock/bannister/Bannister/bin/Debug/net8.0-windows10.0.19041.0/Bannister.exe' -> 'goodrive://www.googleapis.com/:personal:/bannister/bannister/bin/Debug/net8.0-windows10.0.19041.0/Bannister.exe' (153,088)
2026-10-03 05:35:03: < Copy Over 'C:/rock/bannister/Bannister/bin/Debug/net8.0-windows10.0.19041.0/Bannister.pdb' -> 'goodrive://www.googleapis.com/:personal:/bannister/bannister/bin/Debug/net8.0-windows10.0.19041.0/Bannister.pdb' (1,810,896)
2026-10-03 05:35:03: Copy Over 'C:/rock/bannister/Bannister/bin/Debug/net8.0-windows10.0.19041.0/Bannister.runtimeconfig.json' -> 'goodrive://www.googleapis.com/:personal:/bannister/bannister/bin/Debug/net8.0-windows10.0.19041.0/Bannister.runtimeconfig.json' (385)
2026-10-03 05:35:05: Copy New 'C:/rock/bannister/Bannister/bin/Debug/net8.0-windows10.0.19041.0/Newtonsoft.Json.dll' -> 'goodrive://www.googleapis.com/:personal:/bannister/bannister/bin/Debug/net8.0-windows10.0.19041.0/Newtonsoft.Json.dll' (468,480)
2026-10-03 05:35:05: Copy New 'C:/rock/bannister/Bannister/bin/Debug/net8.0-windows10.0.19041.0/Xabe.FFmpeg.dll' -> 'goodrive://www.googleapis.com/:personal:/bannister/bannister/bin/Debug/net8.0-windows10.0.19041.0/Xabe.FFmpeg.dll' (138,752)
2026-10-03 05:35:05: > Copy Over 'C:/rock/bannister/Bannister/bin/Debug/net8.0-android/Bannister.pdb' -> 'goodrive://www.googleapis.com/:personal:/bannister/bannister/bin/Debug/net8.0-android/Bannister.pdb' (1,769,028)
2026-10-03 05:35:06: Copy Over 'C:/rock/bannister/Bannister/bin/Debug/net8.0-windows10.0.19041.0/resources.pri' -> 'goodrive://www.googleapis.com/:personal:/bannister/bannister/bin/Debug/net8.0-windows10.0.19041.0/resources.pri' (140,744)
2026-10-03 05:35:07: Copy New 'C:/rock/bannister/Bannister/bin/Debug/net8.0-windows10.0.19041.0/Xabe.FFmpeg.Downloader.dll' -> 'goodrive://www.googleapis.com/:personal:/bannister/bannister/bin/Debug/net8.0-windows10.0.19041.0/Xabe.FFmpeg.Downloader.dll' (26,112)
2026-10-03 05:35:09: < Copy Over 'C:/rock/bannister/Bannister/bin/Debug/net8.0-android/Bannister.pdb' -> 'goodrive://www.googleapis.com/:personal:/bannister/bannister/bin/Debug/net8.0-android/Bannister.pdb' (1,769,028)
2026-10-03 05:35:09: > Copy Over 'C:/rock/bannister/Bannister/bin/Debug/net8.0-android/com.bannister.app-Signed.apk' -> 'goodrive://www.googleapis.com/:personal:/bannister/bannister/bin/Debug/net8.0-android/com.bannister.app-Signed.apk' (65,861,082)
2026-10-03 05:35:09: Copy Over 'C:/rock/bannister/Bannister/bin/Debug/net8.0-android/Bannister.runtimeconfig.json' -> 'goodrive://www.googleapis.com/:personal:/bannister/bannister/bin/Debug/net8.0-android/Bannister.runtimeconfig.json' (1,423)
2026-10-03 05:35:11: Copy Over 'C:/rock/bannister/Bannister/bin/Debug/net8.0-android/Bannister.xml' -> 'goodrive://www.googleapis.com/:personal:/bannister/bannister/bin/Debug/net8.0-android/Bannister.xml' (235,343)
2026-10-03 05:35:11: > Copy Over 'C:/rock/bannister/Bannister/bin/Debug/net8.0-android/com.bannister.app.apk' -> 'goodrive://www.googleapis.com/:personal:/bannister/bannister/bin/Debug/net8.0-android/com.bannister.app.apk' (65,767,847)
2026-10-03 05:35:12: Copy Over 'C:/rock/bannister/Bannister/bin/Debug/net8.0-android/com.bannister.app-Signed.apk.idsig' -> 'goodrive://www.googleapis.com/:personal:/bannister/bannister/bin/Debug/net8.0-android/com.bannister.app-Signed.apk.idsig' (522,163)
2026-10-03 05:35:17: Copy Over 'C:/rock/bannister/.git/logs/refs/heads/main' -> 'goodrive://www.googleapis.com/:personal:/bannister/.git/logs/refs/heads/main' (874,508)
2026-10-03 05:35:17: > Copy Over 'C:/rock/bannister/Bannister/bin/x64/Debug/net8.0-android/Bannister.dll' -> 'goodrive://www.googleapis.com/:personal:/bannister/bannister/bin/x64/Debug/net8.0-android/Bannister.dll' (8,272,384)
2026-10-03 05:35:19: < Copy Over 'C:/rock/bannister/Bannister/bin/Debug/net8.0-android/com.bannister.app-Signed.apk' -> 'goodrive://www.googleapis.com/:personal:/bannister/bannister/bin/Debug/net8.0-android/com.bannister.app-Signed.apk' (65,861,082)
2026-10-03 05:35:22: < Copy Over 'C:/rock/bannister/Bannister/bin/Debug/net8.0-android/com.bannister.app.apk' -> 'goodrive://www.googleapis.com/:personal:/bannister/bannister/bin/Debug/net8.0-android/com.bannister.app.apk' (65,767,847)
2026-10-03 05:35:22: < Copy Over 'C:/rock/bannister/Bannister/bin/x64/Debug/net8.0-android/Bannister.dll' -> 'goodrive://www.googleapis.com/:personal:/bannister/bannister/bin/x64/Debug/net8.0-android/Bannister.dll' (8,272,384)
2026-10-03 05:35:23: Copy Over 'C:/rock/bannister/Bannister/bin/x64/Debug/net8.0-windows10.0.19041.0/AppxManifest.xml' -> 'goodrive://www.googleapis.com/:personal:/bannister/bannister/bin/x64/Debug/net8.0-windows10.0.19041.0/AppxManifest.xml' (2,821)
2026-10-03 05:35:23: > Copy Over 'C:/rock/bannister/Bannister/bin/x64/Debug/net8.0-windows10.0.19041.0/AppX/Bannister.dll' -> 'goodrive://www.googleapis.com/:personal:/bannister/bannister/bin/x64/Debug/net8.0-windows10.0.19041.0/AppX/Bannister.dll' (8,600,576)
2026-10-03 05:35:25: Copy Over 'C:/rock/bannister/Bannister/bin/x64/Debug/net8.0-windows10.0.19041.0/AppX/AppxManifest.xml' -> 'goodrive://www.googleapis.com/:personal:/bannister/bannister/bin/x64/Debug/net8.0-windows10.0.19041.0/AppX/AppxManifest.xml' (2,821)
2026-10-03 05:35:25: Copy Over 'C:/rock/bannister/Bannister/bin/x64/Debug/net8.0-windows10.0.19041.0/AppX/Bannister.deps.json' -> 'goodrive://www.googleapis.com/:personal:/bannister/bannister/bin/x64/Debug/net8.0-windows10.0.19041.0/AppX/Bannister.deps.json' (72,297)
2026-10-03 05:35:28: < Copy Over 'C:/rock/bannister/Bannister/bin/x64/Debug/net8.0-windows10.0.19041.0/AppX/Bannister.dll' -> 'goodrive://www.googleapis.com/:personal:/bannister/bannister/bin/x64/Debug/net8.0-windows10.0.19041.0/AppX/Bannister.dll' (8,600,576)
2026-10-03 05:35:28: Copy Over 'C:/rock/bannister/Bannister/bin/x64/Debug/net8.0-windows10.0.19041.0/AppX/Bannister.exe' -> 'goodrive://www.googleapis.com/:personal:/bannister/bannister/bin/x64/Debug/net8.0-windows10.0.19041.0/AppX/Bannister.exe' (153,088)
2026-10-03 05:35:29: Copy Over 'C:/rock/bannister/Bannister/bin/x64/Debug/net8.0-windows10.0.19041.0/AppX/Bannister.runtimeconfig.json' -> 'goodrive://www.googleapis.com/:personal:/bannister/bannister/bin/x64/Debug/net8.0-windows10.0.19041.0/AppX/Bannister.runtimeconfig.json' (385)
2026-10-03 05:35:31: Copy Over 'C:/rock/bannister/Bannister/bin/x64/Debug/net8.0-windows10.0.19041.0/AppX/resources.pri' -> 'goodrive://www.googleapis.com/:personal:/bannister/bannister/bin/x64/Debug/net8.0-windows10.0.19041.0/AppX/resources.pri' (140,744)
2026-10-03 05:35:32: Copy Over 'C:/rock/bannister/Bannister/bin/x64/Debug/net8.0-windows10.0.19041.0/AppX/vs.appxrecipe' -> 'goodrive://www.googleapis.com/:personal:/bannister/bannister/bin/x64/Debug/net8.0-windows10.0.19041.0/AppX/vs.appxrecipe' (72,682)
2026-10-03 05:35:32: > Copy Over 'C:/rock/bannister/Bannister/bin/x64/Debug/net8.0-windows10.0.19041.0/Bannister.dll' -> 'goodrive://www.googleapis.com/:personal:/bannister/bannister/bin/x64/Debug/net8.0-windows10.0.19041.0/Bannister.dll' (8,600,576)
2026-10-03 05:35:32: Copy Over 'C:/rock/bannister/Bannister/bin/x64/Debug/net8.0-windows10.0.19041.0/Bannister.build.appxrecipe' -> 'goodrive://www.googleapis.com/:personal:/bannister/bannister/bin/x64/Debug/net8.0-windows10.0.19041.0/Bannister.build.appxrecipe' (60,573)
2026-10-03 05:35:35: Copy Over 'C:/rock/bannister/Bannister/bin/x64/Debug/net8.0-windows10.0.19041.0/Bannister.deps.json' -> 'goodrive://www.googleapis.com/:personal:/bannister/bannister/bin/x64/Debug/net8.0-windows10.0.19041.0/Bannister.deps.json' (72,297)
2026-10-03 05:35:35: > Copy Over 'C:/rock/bannister/Bannister/bin/x64/Debug/net8.0-windows10.0.19041.0/Bannister.pdb' -> 'goodrive://www.googleapis.com/:personal:/bannister/bannister/bin/x64/Debug/net8.0-windows10.0.19041.0/Bannister.pdb' (1,815,944)
2026-10-03 05:35:36: < Copy Over 'C:/rock/bannister/Bannister/bin/x64/Debug/net8.0-windows10.0.19041.0/Bannister.dll' -> 'goodrive://www.googleapis.com/:personal:/bannister/bannister/bin/x64/Debug/net8.0-windows10.0.19041.0/Bannister.dll' (8,600,576)
2026-10-03 05:35:36: Copy Over 'C:/rock/bannister/Bannister/bin/x64/Debug/net8.0-windows10.0.19041.0/Bannister.exe' -> 'goodrive://www.googleapis.com/:personal:/bannister/bannister/bin/x64/Debug/net8.0-windows10.0.19041.0/Bannister.exe' (153,088)
2026-10-03 05:35:40: < Copy Over 'C:/rock/bannister/Bannister/bin/x64/Debug/net8.0-windows10.0.19041.0/Bannister.pdb' -> 'goodrive://www.googleapis.com/:personal:/bannister/bannister/bin/x64/Debug/net8.0-windows10.0.19041.0/Bannister.pdb' (1,815,944)
2026-10-03 05:35:40: Copy Over 'C:/rock/bannister/Bannister/bin/x64/Debug/net8.0-windows10.0.19041.0/Bannister.runtimeconfig.json' -> 'goodrive://www.googleapis.com/:personal:/bannister/bannister/bin/x64/Debug/net8.0-windows10.0.19041.0/Bannister.runtimeconfig.json' (385)
2026-10-03 05:35:40: > Copy Over 'C:/rock/bannister/Bannister/bin/x64/Debug/net8.0-android/Bannister.pdb' -> 'goodrive://www.googleapis.com/:personal:/bannister/bannister/bin/x64/Debug/net8.0-android/Bannister.pdb' (1,773,732)
2026-10-03 05:35:40: Copy Over 'C:/rock/bannister/Bannister/bin/x64/Debug/net8.0-windows10.0.19041.0/resources.pri' -> 'goodrive://www.googleapis.com/:personal:/bannister/bannister/bin/x64/Debug/net8.0-windows10.0.19041.0/resources.pri' (140,744)
2026-10-03 05:35:43: Copy Over 'C:/rock/bannister/Bannister/bin/x64/Debug/net8.0-android/Bannister.runtimeconfig.json' -> 'goodrive://www.googleapis.com/:personal:/bannister/bannister/bin/x64/Debug/net8.0-android/Bannister.runtimeconfig.json' (1,423)
2026-10-03 05:35:43: > Copy Over 'C:/rock/bannister/Bannister/bin/x64/Debug/net8.0-android/com.bannister.app-Signed.apk' -> 'goodrive://www.googleapis.com/:personal:/bannister/bannister/bin/x64/Debug/net8.0-android/com.bannister.app-Signed.apk' (65,861,082)
2026-10-03 05:35:43: < Copy Over 'C:/rock/bannister/Bannister/bin/x64/Debug/net8.0-android/Bannister.pdb' -> 'goodrive://www.googleapis.com/:personal:/bannister/bannister/bin/x64/Debug/net8.0-android/Bannister.pdb' (1,773,732)
2026-10-03 05:35:44: Copy Over 'C:/rock/bannister/Bannister/bin/x64/Debug/net8.0-android/Bannister.xml' -> 'goodrive://www.googleapis.com/:personal:/bannister/bannister/bin/x64/Debug/net8.0-android/Bannister.xml' (235,343)
2026-10-03 05:35:44: > Copy Over 'C:/rock/bannister/Bannister/bin/x64/Debug/net8.0-android/com.bannister.app.apk' -> 'goodrive://www.googleapis.com/:personal:/bannister/bannister/bin/x64/Debug/net8.0-android/com.bannister.app.apk' (65,768,010)
2026-10-03 05:35:47: Copy Over 'C:/rock/bannister/Bannister/bin/x64/Debug/net8.0-android/com.bannister.app-Signed.apk.idsig' -> 'goodrive://www.googleapis.com/:personal:/bannister/bannister/bin/x64/Debug/net8.0-android/com.bannister.app-Signed.apk.idsig' (522,163)
2026-10-03 05:35:50: Copy Over 'C:/rock/bannister/.git/logs/refs/remotes/origin/main' -> 'goodrive://www.googleapis.com/:personal:/bannister/.git/logs/refs/remotes/origin/main' (97,093)
2026-10-03 05:35:53: Copy New 'C:/rock/bannister/.git/objects/04/3046c6ad33081eb4508a80c64b35ce48c25244' -> 'goodrive://www.googleapis.com/:personal:/bannister/.git/objects/04/3046c6ad33081eb4508a80c64b35ce48c25244' (5,122)
2026-10-03 05:35:54: < Copy Over 'C:/rock/bannister/Bannister/bin/x64/Debug/net8.0-android/com.bannister.app-Signed.apk' -> 'goodrive://www.googleapis.com/:personal:/bannister/bannister/bin/x64/Debug/net8.0-android/com.bannister.app-Signed.apk' (65,861,082)
2026-10-03 05:35:55: < Copy Over 'C:/rock/bannister/Bannister/bin/x64/Debug/net8.0-android/com.bannister.app.apk' -> 'goodrive://www.googleapis.com/:personal:/bannister/bannister/bin/x64/Debug/net8.0-android/com.bannister.app.apk' (65,768,010)
2026-10-03 05:35:55: Copy New 'C:/rock/bannister/.git/objects/12/0b935ec31372055d2c4709ccbb6c5d21d24db0' -> 'goodrive://www.googleapis.com/:personal:/bannister/.git/objects/12/0b935ec31372055d2c4709ccbb6c5d21d24db0' (68,121)
2026-10-03 05:35:56: Copy New 'C:/rock/bannister/.git/objects/13/c993460014ef23206c22e0009449d63c355864' -> 'goodrive://www.googleapis.com/:personal:/bannister/.git/objects/13/c993460014ef23206c22e0009449d63c355864' (643)
2026-10-03 05:35:57: Copy New 'C:/rock/bannister/.git/objects/1c/b81ef3ff7b6d083b5e30a6f989180ed42f7482' -> 'goodrive://www.googleapis.com/:personal:/bannister/.git/objects/1c/b81ef3ff7b6d083b5e30a6f989180ed42f7482' (516)
2026-10-03 05:35:58: Copy New 'C:/rock/bannister/.git/objects/1d/195268d362bf907cd5831e8956751308a520c3' -> 'goodrive://www.googleapis.com/:personal:/bannister/.git/objects/1d/195268d362bf907cd5831e8956751308a520c3' (318)
2026-10-03 05:35:58: Copy New 'C:/rock/bannister/.git/objects/22/4146582387f4b4b0faaf7c9ccfa683fb38c858' -> 'goodrive://www.googleapis.com/:personal:/bannister/.git/objects/22/4146582387f4b4b0faaf7c9ccfa683fb38c858' (222)
2026-10-03 05:35:59: Copy New 'C:/rock/bannister/.git/objects/23/8407afa80d5b8507a2cb05559531e573434325' -> 'goodrive://www.googleapis.com/:personal:/bannister/.git/objects/23/8407afa80d5b8507a2cb05559531e573434325' (9,579)
2026-10-03 05:36:00: Copy New 'C:/rock/bannister/.git/objects/2d/cc0a31aab9c2796335b64333cf212f95815a2c' -> 'goodrive://www.googleapis.com/:personal:/bannister/.git/objects/2d/cc0a31aab9c2796335b64333cf212f95815a2c' (540)
2026-10-03 05:36:00: Copy New 'C:/rock/bannister/.git/objects/26/be3bf2949b389165de152d2b3f3b910a6dae03' -> 'goodrive://www.googleapis.com/:personal:/bannister/.git/objects/26/be3bf2949b389165de152d2b3f3b910a6dae03' (677,135)
2026-10-03 05:36:01: Copy New 'C:/rock/bannister/.git/objects/35/6e11a194e94818e42f6dede16ee66b6149edfc' -> 'goodrive://www.googleapis.com/:personal:/bannister/.git/objects/35/6e11a194e94818e42f6dede16ee66b6149edfc' (5,088)
2026-10-03 05:36:02: Copy New 'C:/rock/bannister/.git/objects/4d/6d0345771cbea6dc723a9cc98ea56ed9fa5d4e' -> 'goodrive://www.googleapis.com/:personal:/bannister/.git/objects/4d/6d0345771cbea6dc723a9cc98ea56ed9fa5d4e' (2,929)
2026-10-03 05:36:02: Copy New 'C:/rock/bannister/.git/objects/4f/b407e0aeabf469259dfaaa0253f53bd8070e5c' -> 'goodrive://www.googleapis.com/:personal:/bannister/.git/objects/4f/b407e0aeabf469259dfaaa0253f53bd8070e5c' (5,120)
2026-10-03 05:36:03: Copy New 'C:/rock/bannister/.git/objects/5b/2cbad7610a17c6de7d1c4cd5d4e002bb3bc13e' -> 'goodrive://www.googleapis.com/:personal:/bannister/.git/objects/5b/2cbad7610a17c6de7d1c4cd5d4e002bb3bc13e' (643)
2026-10-03 05:36:04: Copy New 'C:/rock/bannister/.git/objects/62/b58666c4e6151b5504fea45cd9989179afccda' -> 'goodrive://www.googleapis.com/:personal:/bannister/.git/objects/62/b58666c4e6151b5504fea45cd9989179afccda' (2,948)
2026-10-03 05:36:04: Copy New 'C:/rock/bannister/.git/objects/6a/1338400d24d9c798272561b7da79c534446221' -> 'goodrive://www.googleapis.com/:personal:/bannister/.git/objects/6a/1338400d24d9c798272561b7da79c534446221' (2,931)
2026-10-03 05:36:05: Copy New 'C:/rock/bannister/.git/objects/70/1fb372f43248e73a269af3da449c5d1eab9444' -> 'goodrive://www.googleapis.com/:personal:/bannister/.git/objects/70/1fb372f43248e73a269af3da449c5d1eab9444' (263,794)
2026-10-03 05:36:06: Copy New 'C:/rock/bannister/.git/objects/74/593f0d8dd47ce3b37ecda5c504096497430e9c' -> 'goodrive://www.googleapis.com/:personal:/bannister/.git/objects/74/593f0d8dd47ce3b37ecda5c504096497430e9c' (5,120)
2026-10-03 05:36:06: Copy New 'C:/rock/bannister/.git/objects/78/9f09e335c7144557b6048ef6c81c3b6aba8183' -> 'goodrive://www.googleapis.com/:personal:/bannister/.git/objects/78/9f09e335c7144557b6048ef6c81c3b6aba8183' (2,975)
2026-10-03 05:36:07: Copy New 'C:/rock/bannister/.git/objects/79/c1fff44a0e7e4aeaa834d39b3c1612c67fd3a3' -> 'goodrive://www.googleapis.com/:personal:/bannister/.git/objects/79/c1fff44a0e7e4aeaa834d39b3c1612c67fd3a3' (644)
2026-10-03 05:36:08: Copy New 'C:/rock/bannister/.git/objects/80/f38239f110ddfe9eea978a5d4927a5c4978e89' -> 'goodrive://www.googleapis.com/:personal:/bannister/.git/objects/80/f38239f110ddfe9eea978a5d4927a5c4978e89' (1,065)
2026-10-03 05:36:08: Copy New 'C:/rock/bannister/.git/objects/82/b20b3ee945ceb8592dbe822c0d72ccde32c82d' -> 'goodrive://www.googleapis.com/:personal:/bannister/.git/objects/82/b20b3ee945ceb8592dbe822c0d72ccde32c82d' (517)
2026-10-03 05:36:10: Copy New 'C:/rock/bannister/.git/objects/8d/813f208a63391d66ba13c345a57a3ea34c728d' -> 'goodrive://www.googleapis.com/:personal:/bannister/.git/objects/8d/813f208a63391d66ba13c345a57a3ea34c728d' (6,696)
2026-10-03 05:36:10: Copy New 'C:/rock/bannister/.git/objects/93/f7ac809cc161872f1e3745a62f68c15aeb1fb6' -> 'goodrive://www.googleapis.com/:personal:/bannister/.git/objects/93/f7ac809cc161872f1e3745a62f68c15aeb1fb6' (112)
2026-10-03 05:36:10: Copy New 'C:/rock/bannister/.git/objects/9a/b7977b3d2b38e70203eec2c4dfd4dcebdf918f' -> 'goodrive://www.googleapis.com/:personal:/bannister/.git/objects/9a/b7977b3d2b38e70203eec2c4dfd4dcebdf918f' (543)
2026-10-03 05:36:12: Copy New 'C:/rock/bannister/.git/objects/9d/859ca41e11ecca9ca72caacaff34b1acf228b6' -> 'goodrive://www.googleapis.com/:personal:/bannister/.git/objects/9d/859ca41e11ecca9ca72caacaff34b1acf228b6' (2,973)
2026-10-03 05:36:13: Copy New 'C:/rock/bannister/.git/objects/a0/55d997bcd833d068992627fe5d005c83cac04e' -> 'goodrive://www.googleapis.com/:personal:/bannister/.git/objects/a0/55d997bcd833d068992627fe5d005c83cac04e' (684)
2026-10-03 05:36:13: Copy New 'C:/rock/bannister/.git/objects/af/75e3c616b6214aa040d1146bffec79b505a5ec' -> 'goodrive://www.googleapis.com/:personal:/bannister/.git/objects/af/75e3c616b6214aa040d1146bffec79b505a5ec' (787)
2026-10-03 05:36:15: Copy New 'C:/rock/bannister/.git/objects/b6/8e118b379577edc8b8d64412bbc5c00f23b9d1' -> 'goodrive://www.googleapis.com/:personal:/bannister/.git/objects/b6/8e118b379577edc8b8d64412bbc5c00f23b9d1' (310)
2026-10-03 05:36:15: Copy New 'C:/rock/bannister/.git/objects/b6/bb1b98064c1561195c5177bc7d61428337ef0b' -> 'goodrive://www.googleapis.com/:personal:/bannister/.git/objects/b6/bb1b98064c1561195c5177bc7d61428337ef0b' (33,145)
2026-10-03 05:36:15: Copy New 'C:/rock/bannister/.git/objects/b2/f6350894737d6f8e4b5ef7d312465a68fdd917' -> 'goodrive://www.googleapis.com/:personal:/bannister/.git/objects/b2/f6350894737d6f8e4b5ef7d312465a68fdd917' (549)
2026-10-03 05:36:17: Copy New 'C:/rock/bannister/.git/objects/b7/05b72cc077e04c526c1d7baf638c3121936aad' -> 'goodrive://www.googleapis.com/:personal:/bannister/.git/objects/b7/05b72cc077e04c526c1d7baf638c3121936aad' (33,141)
2026-10-03 05:36:17: Copy New 'C:/rock/bannister/.git/objects/c3/4f06d923133d8a96f65caf85ac6b6955017ae1' -> 'goodrive://www.googleapis.com/:personal:/bannister/.git/objects/c3/4f06d923133d8a96f65caf85ac6b6955017ae1' (2,587)
2026-10-03 05:36:18: Copy New 'C:/rock/bannister/.git/objects/dc/7fe7cb0f73f1673165dc92c982ff9348d68a93' -> 'goodrive://www.googleapis.com/:personal:/bannister/.git/objects/dc/7fe7cb0f73f1673165dc92c982ff9348d68a93' (33,123)
2026-10-03 05:36:19: Copy New 'C:/rock/bannister/.git/objects/e1/a173e911345c41e3fdb9fbbaf46c53d471d938' -> 'goodrive://www.googleapis.com/:personal:/bannister/.git/objects/e1/a173e911345c41e3fdb9fbbaf46c53d471d938' (2,976)
2026-10-03 05:36:19: Copy New 'C:/rock/bannister/.git/objects/dc/c36507381a7830cfd9fb5effb406106a394d03' -> 'goodrive://www.googleapis.com/:personal:/bannister/.git/objects/dc/c36507381a7830cfd9fb5effb406106a394d03' (644)
2026-10-03 05:36:20: Copy New 'C:/rock/bannister/.git/objects/e3/854e4bf0a0b75969ca95084d3e2b9863933165' -> 'goodrive://www.googleapis.com/:personal:/bannister/.git/objects/e3/854e4bf0a0b75969ca95084d3e2b9863933165' (116)
2026-10-03 05:36:21: Copy New 'C:/rock/bannister/.git/objects/e8/64f036fb7b904b31f1dfe708c8d02256beb31b' -> 'goodrive://www.googleapis.com/:personal:/bannister/.git/objects/e8/64f036fb7b904b31f1dfe708c8d02256beb31b' (2,579)
2026-10-03 05:36:21: Copy New 'C:/rock/bannister/.git/objects/e8/e444a50abf8d73a736b01b00785115c493d682' -> 'goodrive://www.googleapis.com/:personal:/bannister/.git/objects/e8/e444a50abf8d73a736b01b00785115c493d682' (517)
2026-10-03 05:36:22: Copy New 'C:/rock/bannister/.git/objects/ea/2799c43a2d343efedd5cdd5f88ec4d565b4695' -> 'goodrive://www.googleapis.com/:personal:/bannister/.git/objects/ea/2799c43a2d343efedd5cdd5f88ec4d565b4695' (2,946)
2026-10-03 05:36:23: Copy New 'C:/rock/bannister/.git/objects/ed/1cf60dcc1c55dada67599ef594b435b9183af7' -> 'goodrive://www.googleapis.com/:personal:/bannister/.git/objects/ed/1cf60dcc1c55dada67599ef594b435b9183af7' (753)
2026-10-03 05:36:23: Copy New 'C:/rock/bannister/.git/objects/ee/d8498c54b9144881acb675d6c27801a863621e' -> 'goodrive://www.googleapis.com/:personal:/bannister/.git/objects/ee/d8498c54b9144881acb675d6c27801a863621e' (306)
2026-10-03 05:36:24: Copy New 'C:/rock/bannister/.git/objects/f5/9d2f3ad664a53c9180019ef15d2cf9df53f710' -> 'goodrive://www.googleapis.com/:personal:/bannister/.git/objects/f5/9d2f3ad664a53c9180019ef15d2cf9df53f710' (517)
2026-10-03 05:36:25: Copy New 'C:/rock/bannister/.git/objects/ee/fdebc1dff0ffc9cd72d47715bbab467ebeb211' -> 'goodrive://www.googleapis.com/:personal:/bannister/.git/objects/ee/fdebc1dff0ffc9cd72d47715bbab467ebeb211' (380)
2026-10-03 05:36:25: Copy New 'C:/rock/bannister/.git/objects/f6/b441effd518f32c19dcc32d886c7b95e088651' -> 'goodrive://www.googleapis.com/:personal:/bannister/.git/objects/f6/b441effd518f32c19dcc32d886c7b95e088651' (1,219)
2026-10-03 05:36:28: Copy Over 'C:/rock/bannister/.git/refs/heads/main' -> 'goodrive://www.googleapis.com/:personal:/bannister/.git/refs/heads/main' (41)
2026-10-03 05:36:28: Copy Over 'C:/rock/bannister/.git/refs/remotes/origin/main' -> 'goodrive://www.googleapis.com/:personal:/bannister/.git/refs/remotes/origin/main' (41)
2026-10-03 05:36:28: Copy Over 'C:/rock/bannister/BannisterTools/bin/x64/Debug/net8.0-android/BannisterTools.dll' -> 'goodrive://www.googleapis.com/:personal:/bannister/BannisterTools/bin/x64/Debug/net8.0-android/BannisterTools.dll' (300,544)
2026-10-03 05:36:32: Copy Over 'C:/rock/bannister/BannisterTools/obj/x64/Debug/net8.0-android/android/assets/BannisterTools.dll' -> 'goodrive://www.googleapis.com/:personal:/bannister/BannisterTools/obj/x64/Debug/net8.0-android/android/assets/BannisterTools.dll' (300,544)
2026-10-03 05:36:32: Copy Over 'C:/rock/bannister/BannisterTools/obj/x64/Debug/net8.0-windows10.0.19041.0/apphost.exe' -> 'goodrive://www.googleapis.com/:personal:/bannister/BannisterTools/obj/x64/Debug/net8.0-windows10.0.19041.0/apphost.exe' (280,576)
2026-10-03 05:36:33: Copy Over 'C:/rock/bannister/BannisterTools/obj/x64/Debug/net8.0-android/android/compressed_assemblies.arm64-v8a.o' -> 'goodrive://www.googleapis.com/:personal:/bannister/BannisterTools/obj/x64/Debug/net8.0-android/android/compressed_assemblies.arm64-v8a.o' (848)
2026-10-03 05:36:35: Copy Over 'C:/rock/bannister/BannisterTools/obj/x64/Debug/net8.0-android/android/assets/BannisterTools.pdb' -> 'goodrive://www.googleapis.com/:personal:/bannister/BannisterTools/obj/x64/Debug/net8.0-android/android/assets/BannisterTools.pdb' (112,796)
2026-10-03 05:36:36: Copy Over 'C:/rock/bannister/BannisterTools/obj/x64/Debug/net8.0-android/android/compressed_assemblies.x86.o' -> 'goodrive://www.googleapis.com/:personal:/bannister/BannisterTools/obj/x64/Debug/net8.0-android/android/compressed_assemblies.x86.o' (576)
2026-10-03 05:36:36: Copy Over 'C:/rock/bannister/BannisterTools/obj/x64/Debug/net8.0-android/android/compressed_assemblies.armeabi-v7a.o' -> 'goodrive://www.googleapis.com/:personal:/bannister/BannisterTools/obj/x64/Debug/net8.0-android/android/compressed_assemblies.armeabi-v7a.o' (700)
2026-10-03 05:36:38: Copy Over 'C:/rock/bannister/BannisterTools/obj/x64/Debug/net8.0-android/android/compressed_assemblies.x86_64.o' -> 'goodrive://www.googleapis.com/:personal:/bannister/BannisterTools/obj/x64/Debug/net8.0-android/android/compressed_assemblies.x86_64.o' (792)
2026-10-03 05:36:39: Copy Over 'C:/rock/bannister/BannisterTools/obj/x64/Debug/net8.0-android/android/environment.arm64-v8a.o' -> 'goodrive://www.googleapis.com/:personal:/bannister/BannisterTools/obj/x64/Debug/net8.0-android/android/environment.arm64-v8a.o' (46,640)
2026-10-03 05:36:40: Copy Over 'C:/rock/bannister/BannisterTools/obj/x64/Debug/net8.0-android/android/environment.arm64-v8a.ll' -> 'goodrive://www.googleapis.com/:personal:/bannister/BannisterTools/obj/x64/Debug/net8.0-android/android/environment.arm64-v8a.ll' (150,651)
2026-10-03 05:36:42: Copy Over 'C:/rock/bannister/BannisterTools/obj/x64/Debug/net8.0-android/android/environment.armeabi-v7a.ll' -> 'goodrive://www.googleapis.com/:personal:/bannister/BannisterTools/obj/x64/Debug/net8.0-android/android/environment.armeabi-v7a.ll' (149,697)
2026-10-03 05:36:43: Copy Over 'C:/rock/bannister/BannisterTools/obj/x64/Debug/net8.0-android/android/environment.armeabi-v7a.o' -> 'goodrive://www.googleapis.com/:personal:/bannister/BannisterTools/obj/x64/Debug/net8.0-android/android/environment.armeabi-v7a.o' (32,136)
2026-10-03 05:36:44: Copy Over 'C:/rock/bannister/BannisterTools/obj/x64/Debug/net8.0-android/android/environment.x86.ll' -> 'goodrive://www.googleapis.com/:personal:/bannister/BannisterTools/obj/x64/Debug/net8.0-android/android/environment.x86.ll' (149,714)
2026-10-03 05:36:46: Copy Over 'C:/rock/bannister/BannisterTools/obj/x64/Debug/net8.0-android/android/environment.x86.o' -> 'goodrive://www.googleapis.com/:personal:/bannister/BannisterTools/obj/x64/Debug/net8.0-android/android/environment.x86.o' (31,836)
2026-10-03 05:36:47: Copy Over 'C:/rock/bannister/BannisterTools/obj/x64/Debug/net8.0-android/android/environment.x86_64.ll' -> 'goodrive://www.googleapis.com/:personal:/bannister/BannisterTools/obj/x64/Debug/net8.0-android/android/environment.x86_64.ll' (150,781)
2026-10-03 05:36:47: Copy Over 'C:/rock/bannister/BannisterTools/obj/x64/Debug/net8.0-android/android/environment.x86_64.o' -> 'goodrive://www.googleapis.com/:personal:/bannister/BannisterTools/obj/x64/Debug/net8.0-android/android/environment.x86_64.o' (46,744)
2026-10-03 05:36:50: Copy Over 'C:/rock/bannister/BannisterTools/obj/x64/Debug/net8.0-android/android/jni_remap.arm64-v8a.o' -> 'goodrive://www.googleapis.com/:personal:/bannister/BannisterTools/obj/x64/Debug/net8.0-android/android/jni_remap.arm64-v8a.o' (968)
2026-10-03 05:36:50: Copy Over 'C:/rock/bannister/BannisterTools/obj/x64/Debug/net8.0-android/android/jni_remap.armeabi-v7a.o' -> 'goodrive://www.googleapis.com/:personal:/bannister/BannisterTools/obj/x64/Debug/net8.0-android/android/jni_remap.armeabi-v7a.o' (784)
2026-10-03 05:36:50: Copy Over 'C:/rock/bannister/BannisterTools/obj/x64/Debug/net8.0-android/android/jni_remap.x86.o' -> 'goodrive://www.googleapis.com/:personal:/bannister/BannisterTools/obj/x64/Debug/net8.0-android/android/jni_remap.x86.o' (660)
2026-10-03 05:36:53: Copy Over 'C:/rock/bannister/BannisterTools/obj/x64/Debug/net8.0-android/android/jni_remap.x86_64.o' -> 'goodrive://www.googleapis.com/:personal:/bannister/BannisterTools/obj/x64/Debug/net8.0-android/android/jni_remap.x86_64.o' (912)
2026-10-03 05:36:54: Copy Over 'C:/rock/bannister/BannisterTools/obj/x64/Debug/net8.0-android/android/marshal_methods.armeabi-v7a.o' -> 'goodrive://www.googleapis.com/:personal:/bannister/BannisterTools/obj/x64/Debug/net8.0-android/android/marshal_methods.armeabi-v7a.o' (6,680)
2026-10-03 05:36:54: Copy Over 'C:/rock/bannister/BannisterTools/obj/x64/Debug/net8.0-android/android/marshal_methods.arm64-v8a.o' -> 'goodrive://www.googleapis.com/:personal:/bannister/BannisterTools/obj/x64/Debug/net8.0-android/android/marshal_methods.arm64-v8a.o' (9,888)
2026-10-03 05:36:54: > Copy Over 'C:/rock/bannister/BannisterTools/obj/x64/Debug/net8.0-android/android/typemaps.arm64-v8a.o' -> 'goodrive://www.googleapis.com/:personal:/bannister/BannisterTools/obj/x64/Debug/net8.0-android/android/typemaps.arm64-v8a.o' (3,180,104)
2026-10-03 05:36:56: Copy Over 'C:/rock/bannister/BannisterTools/obj/x64/Debug/net8.0-android/android/marshal_methods.x86.o' -> 'goodrive://www.googleapis.com/:personal:/bannister/BannisterTools/obj/x64/Debug/net8.0-android/android/marshal_methods.x86.o' (6,648)
2026-10-03 05:36:56: > Copy Over 'C:/rock/bannister/BannisterTools/obj/x64/Debug/net8.0-android/android/typemaps.armeabi-v7a.o' -> 'goodrive://www.googleapis.com/:personal:/bannister/BannisterTools/obj/x64/Debug/net8.0-android/android/typemaps.armeabi-v7a.o' (2,099,588)
2026-10-03 05:36:58: Copy Over 'C:/rock/bannister/BannisterTools/obj/x64/Debug/net8.0-android/android/marshal_methods.x86_64.o' -> 'goodrive://www.googleapis.com/:personal:/bannister/BannisterTools/obj/x64/Debug/net8.0-android/android/marshal_methods.x86_64.o' (9,752)
2026-10-03 05:36:58: > Copy Over 'C:/rock/bannister/BannisterTools/obj/x64/Debug/net8.0-android/android/typemaps.x86.o' -> 'goodrive://www.googleapis.com/:personal:/bannister/BannisterTools/obj/x64/Debug/net8.0-android/android/typemaps.x86.o' (2,099,464)
2026-10-03 05:36:58: < Copy Over 'C:/rock/bannister/BannisterTools/obj/x64/Debug/net8.0-android/android/typemaps.arm64-v8a.o' -> 'goodrive://www.googleapis.com/:personal:/bannister/BannisterTools/obj/x64/Debug/net8.0-android/android/typemaps.arm64-v8a.o' (3,180,104)
2026-10-03 05:36:58: > Copy Over 'C:/rock/bannister/BannisterTools/obj/x64/Debug/net8.0-android/android/typemaps.x86_64.o' -> 'goodrive://www.googleapis.com/:personal:/bannister/BannisterTools/obj/x64/Debug/net8.0-android/android/typemaps.x86_64.o' (3,368,784)
2026-10-03 05:37:00: < Copy Over 'C:/rock/bannister/BannisterTools/obj/x64/Debug/net8.0-android/android/typemaps.armeabi-v7a.o' -> 'goodrive://www.googleapis.com/:personal:/bannister/BannisterTools/obj/x64/Debug/net8.0-android/android/typemaps.armeabi-v7a.o' (2,099,588)
2026-10-03 05:37:02: < Copy Over 'C:/rock/bannister/BannisterTools/obj/x64/Debug/net8.0-android/android/typemaps.x86.o' -> 'goodrive://www.googleapis.com/:personal:/bannister/BannisterTools/obj/x64/Debug/net8.0-android/android/typemaps.x86.o' (2,099,464)
2026-10-03 05:37:02: < Copy Over 'C:/rock/bannister/BannisterTools/obj/x64/Debug/net8.0-android/android/typemaps.x86_64.o' -> 'goodrive://www.googleapis.com/:personal:/bannister/BannisterTools/obj/x64/Debug/net8.0-android/android/typemaps.x86_64.o' (3,368,784)
2026-10-03 05:37:03: Copy Over 'C:/rock/bannister/BannisterTools/obj/x64/Debug/net8.0-windows10.0.19041.0/BannisterTools.AssemblyInfo.cs' -> 'goodrive://www.googleapis.com/:personal:/bannister/BannisterTools/obj/x64/Debug/net8.0-windows10.0.19041.0/BannisterTools.AssemblyInfo.cs' (1,231)
2026-10-03 05:37:05: Copy Over 'C:/rock/bannister/BannisterTools/obj/x64/Debug/net8.0-windows10.0.19041.0/BannisterTools.csproj.BuildWithSkipAnalyzers' -> 'goodrive://www.googleapis.com/:personal:/bannister/BannisterTools/obj/x64/Debug/net8.0-windows10.0.19041.0/BannisterTools.csproj.BuildWithSkipAnalyzers' (0)
2026-10-03 05:37:05: Copy Over 'C:/rock/bannister/BannisterTools/obj/x64/Debug/net8.0-windows10.0.19041.0/BannisterTools.AssemblyInfoInputs.cache' -> 'goodrive://www.googleapis.com/:personal:/bannister/BannisterTools/obj/x64/Debug/net8.0-windows10.0.19041.0/BannisterTools.AssemblyInfoInputs.cache' (66)
2026-10-03 05:37:06: Copy Over 'C:/rock/bannister/BannisterTools/obj/x64/Debug/net8.0-windows10.0.19041.0/BannisterTools.csproj.CoreCompileInputs.cache' -> 'goodrive://www.googleapis.com/:personal:/bannister/BannisterTools/obj/x64/Debug/net8.0-windows10.0.19041.0/BannisterTools.csproj.CoreCompileInputs.cache' (66)
2026-10-03 05:37:08: Copy Over 'C:/rock/bannister/BannisterTools/obj/x64/Debug/net8.0-windows10.0.19041.0/BannisterTools.pdb' -> 'goodrive://www.googleapis.com/:personal:/bannister/BannisterTools/obj/x64/Debug/net8.0-windows10.0.19041.0/BannisterTools.pdb' (152,128)
2026-10-03 05:37:08: Copy Over 'C:/rock/bannister/BannisterTools/obj/x64/Debug/net8.0-windows10.0.19041.0/BannisterTools.dll' -> 'goodrive://www.googleapis.com/:personal:/bannister/BannisterTools/obj/x64/Debug/net8.0-windows10.0.19041.0/BannisterTools.dll' (781,824)
2026-10-03 05:37:08: Copy Over 'C:/rock/bannister/BannisterTools/obj/x64/Debug/net8.0-windows10.0.19041.0/BannisterTools.sourcelink.json' -> 'goodrive://www.googleapis.com/:personal:/bannister/BannisterTools/obj/x64/Debug/net8.0-windows10.0.19041.0/BannisterTools.sourcelink.json' (141)
2026-10-03 05:37:12: Copy Over 'C:/rock/bannister/BannisterTools/obj/x64/Debug/net8.0-windows10.0.19041.0/excluded.layout.resfiles.intermediate' -> 'goodrive://www.googleapis.com/:personal:/bannister/BannisterTools/obj/x64/Debug/net8.0-windows10.0.19041.0/excluded.layout.resfiles.intermediate' (0)
2026-10-03 05:37:12: Copy Over 'C:/rock/bannister/BannisterTools/obj/x64/Debug/net8.0-windows10.0.19041.0/embed/embed.resfiles.intermediate' -> 'goodrive://www.googleapis.com/:personal:/bannister/BannisterTools/obj/x64/Debug/net8.0-windows10.0.19041.0/embed/embed.resfiles.intermediate' (27)
2026-10-03 05:37:12: Copy Over 'C:/rock/bannister/BannisterTools/obj/x64/Debug/net8.0-windows10.0.19041.0/filtered.layout.resfiles.intermediate' -> 'goodrive://www.googleapis.com/:personal:/bannister/BannisterTools/obj/x64/Debug/net8.0-windows10.0.19041.0/filtered.layout.resfiles.intermediate' (2,142)
2026-10-03 05:37:15: Copy Over 'C:/rock/bannister/BannisterTools/obj/x64/Debug/net8.0-windows10.0.19041.0/mauifont.stamp' -> 'goodrive://www.googleapis.com/:personal:/bannister/BannisterTools/obj/x64/Debug/net8.0-windows10.0.19041.0/mauifont.stamp' (0)
2026-10-03 05:37:16: Copy Over 'C:/rock/bannister/BannisterTools/obj/x64/Debug/net8.0-windows10.0.19041.0/mauiimage.stamp' -> 'goodrive://www.googleapis.com/:personal:/bannister/BannisterTools/obj/x64/Debug/net8.0-windows10.0.19041.0/mauiimage.stamp' (0)
2026-10-03 05:37:16: Copy Over 'C:/rock/bannister/BannisterTools/obj/x64/Debug/net8.0-windows10.0.19041.0/intermediatexaml/BannisterTools.dll' -> 'goodrive://www.googleapis.com/:personal:/bannister/BannisterTools/obj/x64/Debug/net8.0-windows10.0.19041.0/intermediatexaml/BannisterTools.dll' (606,208)
2026-10-03 05:37:18: Copy Over 'C:/rock/bannister/BannisterTools/obj/x64/Debug/net8.0-windows10.0.19041.0/mauisplash.stamp' -> 'goodrive://www.googleapis.com/:personal:/bannister/BannisterTools/obj/x64/Debug/net8.0-windows10.0.19041.0/mauisplash.stamp' (0)
2026-10-03 05:37:19: Copy Over 'C:/rock/bannister/BannisterTools/obj/x64/Debug/net8.0-windows10.0.19041.0/pri.resfiles.intermediate' -> 'goodrive://www.googleapis.com/:personal:/bannister/BannisterTools/obj/x64/Debug/net8.0-windows10.0.19041.0/pri.resfiles.intermediate' (504)
2026-10-03 05:37:19: Copy Over 'C:/rock/bannister/BannisterTools/obj/x64/Debug/net8.0-windows10.0.19041.0/priconfig.xml.intermediate' -> 'goodrive://www.googleapis.com/:personal:/bannister/BannisterTools/obj/x64/Debug/net8.0-windows10.0.19041.0/priconfig.xml.intermediate' (3,154)
2026-10-03 05:37:24: Copy Over 'C:/rock/bannister/BannisterTools/obj/x64/Debug/net8.0-windows10.0.19041.0/Platforms/Windows/App.xaml' -> 'goodrive://www.googleapis.com/:personal:/bannister/BannisterTools/obj/x64/Debug/net8.0-windows10.0.19041.0/Platforms/Windows/App.xaml' (286)
2026-10-03 05:37:24: Copy Over 'C:/rock/bannister/BannisterTools/obj/x64/Debug/net8.0-windows10.0.19041.0/ref/BannisterTools.dll' -> 'goodrive://www.googleapis.com/:personal:/bannister/BannisterTools/obj/x64/Debug/net8.0-windows10.0.19041.0/ref/BannisterTools.dll' (550,912)
2026-10-03 05:37:25: Copy Over 'C:/rock/bannister/BannisterTools/obj/x64/Debug/net8.0-windows10.0.19041.0/refint/BannisterTools.dll' -> 'goodrive://www.googleapis.com/:personal:/bannister/BannisterTools/obj/x64/Debug/net8.0-windows10.0.19041.0/refint/BannisterTools.dll' (550,912)
2026-10-03 05:37:27: Copy Over 'C:/rock/bannister/BannisterTools/obj/x64/Debug/net8.0-windows10.0.19041.0/resources.resfiles.intermediate' -> 'goodrive://www.googleapis.com/:personal:/bannister/BannisterTools/obj/x64/Debug/net8.0-windows10.0.19041.0/resources.resfiles.intermediate' (0)
2026-10-03 05:37:27: Copy Over 'C:/rock/bannister/BannisterTools/obj/x64/Debug/net8.0-windows10.0.19041.0/unfiltered.layout.resfiles.intermediate' -> 'goodrive://www.googleapis.com/:personal:/bannister/BannisterTools/obj/x64/Debug/net8.0-windows10.0.19041.0/unfiltered.layout.resfiles.intermediate' (2,142)
2026-10-03 05:37:28: Copy Over 'C:/rock/bannister/BannisterTools/obj/x64/Debug/net8.0-windows10.0.19041.0/XamlC.stamp' -> 'goodrive://www.googleapis.com/:personal:/bannister/BannisterTools/obj/x64/Debug/net8.0-windows10.0.19041.0/XamlC.stamp' (0)
2026-10-03 05:37:28: > Copy Over 'C:/rock/bannister/BannisterTools/obj/x64/Debug/net8.0-android/app_shared_libraries/arm64-v8a/libxamarin-app.so' -> 'goodrive://www.googleapis.com/:personal:/bannister/BannisterTools/obj/x64/Debug/net8.0-android/app_shared_libraries/arm64-v8a/libxamarin-app.so' (3,237,752)
2026-10-03 05:37:30: Copy Over 'C:/rock/bannister/BannisterTools/obj/x64/Debug/net8.0-windows10.0.19041.0/XamlSaveStateFile.xml' -> 'goodrive://www.googleapis.com/:personal:/bannister/BannisterTools/obj/x64/Debug/net8.0-windows10.0.19041.0/XamlSaveStateFile.xml' (833)
2026-10-03 05:37:30: > Copy Over 'C:/rock/bannister/BannisterTools/obj/x64/Debug/net8.0-android/app_shared_libraries/armeabi-v7a/libxamarin-app.so' -> 'goodrive://www.googleapis.com/:personal:/bannister/BannisterTools/obj/x64/Debug/net8.0-android/app_shared_libraries/armeabi-v7a/libxamarin-app.so' (2,139,248)
2026-10-03 05:37:30: Copy Over 'C:/rock/bannister/BannisterTools/obj/x64/Debug/net8.0-android/BannisterTools.AssemblyInfo.cs' -> 'goodrive://www.googleapis.com/:personal:/bannister/BannisterTools/obj/x64/Debug/net8.0-android/BannisterTools.AssemblyInfo.cs' (1,215)
2026-10-03 05:37:30: > Copy Over 'C:/rock/bannister/BannisterTools/obj/x64/Debug/net8.0-android/app_shared_libraries/x86/libxamarin-app.so' -> 'goodrive://www.googleapis.com/:personal:/bannister/BannisterTools/obj/x64/Debug/net8.0-android/app_shared_libraries/x86/libxamarin-app.so' (2,138,812)
2026-10-03 05:37:31: < Copy Over 'C:/rock/bannister/BannisterTools/obj/x64/Debug/net8.0-android/app_shared_libraries/arm64-v8a/libxamarin-app.so' -> 'goodrive://www.googleapis.com/:personal:/bannister/BannisterTools/obj/x64/Debug/net8.0-android/app_shared_libraries/arm64-v8a/libxamarin-app.so' (3,237,752)
2026-10-03 05:37:31: > Copy Over 'C:/rock/bannister/BannisterTools/obj/x64/Debug/net8.0-android/app_shared_libraries/x86_64/libxamarin-app.so' -> 'goodrive://www.googleapis.com/:personal:/bannister/BannisterTools/obj/x64/Debug/net8.0-android/app_shared_libraries/x86_64/libxamarin-app.so' (3,426,000)
2026-10-03 05:37:34: < Copy Over 'C:/rock/bannister/BannisterTools/obj/x64/Debug/net8.0-android/app_shared_libraries/armeabi-v7a/libxamarin-app.so' -> 'goodrive://www.googleapis.com/:personal:/bannister/BannisterTools/obj/x64/Debug/net8.0-android/app_shared_libraries/armeabi-v7a/libxamarin-app.so' (2,139,248)
2026-10-03 05:37:34: < Copy Over 'C:/rock/bannister/BannisterTools/obj/x64/Debug/net8.0-android/app_shared_libraries/x86/libxamarin-app.so' -> 'goodrive://www.googleapis.com/:personal:/bannister/BannisterTools/obj/x64/Debug/net8.0-android/app_shared_libraries/x86/libxamarin-app.so' (2,138,812)
2026-10-03 05:37:35: < Copy Over 'C:/rock/bannister/BannisterTools/obj/x64/Debug/net8.0-android/app_shared_libraries/x86_64/libxamarin-app.so' -> 'goodrive://www.googleapis.com/:personal:/bannister/BannisterTools/obj/x64/Debug/net8.0-android/app_shared_libraries/x86_64/libxamarin-app.so' (3,426,000)
2026-10-03 05:37:37: Copy Over 'C:/rock/bannister/BannisterTools/obj/x64/Debug/net8.0-android/BannisterTools.AssemblyInfoInputs.cache' -> 'goodrive://www.googleapis.com/:personal:/bannister/BannisterTools/obj/x64/Debug/net8.0-android/BannisterTools.AssemblyInfoInputs.cache' (66)
2026-10-03 05:37:37: Copy Over 'C:/rock/bannister/BannisterTools/obj/x64/Debug/net8.0-android/BannisterTools.csproj.CoreCompileInputs.cache' -> 'goodrive://www.googleapis.com/:personal:/bannister/BannisterTools/obj/x64/Debug/net8.0-android/BannisterTools.csproj.CoreCompileInputs.cache' (66)
2026-10-03 05:37:38: Copy Over 'C:/rock/bannister/BannisterTools/obj/x64/Debug/net8.0-android/BannisterTools.csproj.BuildWithSkipAnalyzers' -> 'goodrive://www.googleapis.com/:personal:/bannister/BannisterTools/obj/x64/Debug/net8.0-android/BannisterTools.csproj.BuildWithSkipAnalyzers' (0)
2026-10-03 05:37:40: Copy Over 'C:/rock/bannister/BannisterTools/obj/x64/Debug/net8.0-android/BannisterTools.dll' -> 'goodrive://www.googleapis.com/:personal:/bannister/BannisterTools/obj/x64/Debug/net8.0-android/BannisterTools.dll' (300,544)
2026-10-03 05:37:41: Copy Over 'C:/rock/bannister/BannisterTools/obj/x64/Debug/net8.0-android/BannisterTools.sourcelink.json' -> 'goodrive://www.googleapis.com/:personal:/bannister/BannisterTools/obj/x64/Debug/net8.0-android/BannisterTools.sourcelink.json' (141)
2026-10-03 05:37:41: Copy Over 'C:/rock/bannister/BannisterTools/obj/x64/Debug/net8.0-android/BannisterTools.pdb' -> 'goodrive://www.googleapis.com/:personal:/bannister/BannisterTools/obj/x64/Debug/net8.0-android/BannisterTools.pdb' (112,796)
2026-10-03 05:37:44: Copy Over 'C:/rock/bannister/BannisterTools/obj/x64/Debug/net8.0-android/mauifont.stamp' -> 'goodrive://www.googleapis.com/:personal:/bannister/BannisterTools/obj/x64/Debug/net8.0-android/mauifont.stamp' (0)
2026-10-03 05:37:44: Copy Over 'C:/rock/bannister/BannisterTools/obj/x64/Debug/net8.0-android/mauiimage.stamp' -> 'goodrive://www.googleapis.com/:personal:/bannister/BannisterTools/obj/x64/Debug/net8.0-android/mauiimage.stamp' (0)
2026-10-03 05:37:44: Copy Over 'C:/rock/bannister/BannisterTools/obj/x64/Debug/net8.0-android/buildid.txt' -> 'goodrive://www.googleapis.com/:personal:/bannister/BannisterTools/obj/x64/Debug/net8.0-android/buildid.txt' (38)
2026-10-03 05:37:47: Copy Over 'C:/rock/bannister/BannisterTools/obj/x64/Debug/net8.0-android/XamlC.stamp' -> 'goodrive://www.googleapis.com/:personal:/bannister/BannisterTools/obj/x64/Debug/net8.0-android/XamlC.stamp' (0)
2026-10-03 05:37:48: Copy Over 'C:/rock/bannister/BannisterTools/obj/x64/Debug/net8.0-android/mauisplash.stamp' -> 'goodrive://www.googleapis.com/:personal:/bannister/BannisterTools/obj/x64/Debug/net8.0-android/mauisplash.stamp' (0)
2026-10-03 05:37:48: Copy Over 'C:/rock/bannister/BannisterTools/obj/x64/Debug/net8.0-android/stamp/_GenerateJavaStubs.stamp' -> 'goodrive://www.googleapis.com/:personal:/bannister/BannisterTools/obj/x64/Debug/net8.0-android/stamp/_GenerateJavaStubs.stamp' (0)
2026-10-03 05:37:51: Copy Over 'C:/rock/bannister/BannisterTools/obj/x64/Debug/net8.0-android/stamp/_GeneratePackageManagerJava.stamp' -> 'goodrive://www.googleapis.com/:personal:/bannister/BannisterTools/obj/x64/Debug/net8.0-android/stamp/_GeneratePackageManagerJava.stamp' (0)
2026-10-03 05:37:52: Copy Over 'C:/rock/bannister/BannisterTools/bin/x64/Debug/net8.0-android/BannisterTools.pdb' -> 'goodrive://www.googleapis.com/:personal:/bannister/BannisterTools/bin/x64/Debug/net8.0-android/BannisterTools.pdb' (112,796)
2026-10-03 05:37:53: Copy Over 'C:/rock/bannister/BannisterTools/bin/x64/Debug/net8.0-android/BannisterTools.xml' -> 'goodrive://www.googleapis.com/:personal:/bannister/BannisterTools/bin/x64/Debug/net8.0-android/BannisterTools.xml' (70,923)
2026-10-03 05:37:55: Copy Over 'C:/rock/bannister/Bannister/MauiProgram.cs' -> 'goodrive://www.googleapis.com/:personal:/bannister/bannister/MauiProgram.cs' (13,465)
2026-10-03 05:37:56: Copy Over 'C:/rock/bannister/BannisterTools/bin/x64/Debug/net8.0-windows10.0.19041.0/BannisterTools.dll' -> 'goodrive://www.googleapis.com/:personal:/bannister/BannisterTools/bin/x64/Debug/net8.0-windows10.0.19041.0/BannisterTools.dll' (781,824)
2026-10-03 05:37:56: Copy Over 'C:/rock/bannister/BannisterTools/bin/x64/Debug/net8.0-windows10.0.19041.0/BannisterTools.exe' -> 'goodrive://www.googleapis.com/:personal:/bannister/BannisterTools/bin/x64/Debug/net8.0-windows10.0.19041.0/BannisterTools.exe' (280,576)
2026-10-03 05:37:58: Copy New 'C:/rock/bannister/Bannister/Models/DailyChampion.cs' -> 'goodrive://www.googleapis.com/:personal:/bannister/bannister/Models/DailyChampion.cs' (135)
2026-10-03 05:37:58: Copy Over 'C:/rock/bannister/BannisterTools/bin/x64/Debug/net8.0-windows10.0.19041.0/BannisterTools.pdb' -> 'goodrive://www.googleapis.com/:personal:/bannister/BannisterTools/bin/x64/Debug/net8.0-windows10.0.19041.0/BannisterTools.pdb' (152,128)
2026-10-03 05:38:00: Copy Over 'C:/rock/bannister/Bannister/obj/Bannister.csproj.nuget.dgspec.json' -> 'goodrive://www.googleapis.com/:personal:/bannister/bannister/obj/Bannister.csproj.nuget.dgspec.json' (7,559)
2026-10-03 05:38:02: Copy Over 'C:/rock/bannister/Bannister/obj/project.nuget.cache' -> 'goodrive://www.googleapis.com/:personal:/bannister/bannister/obj/project.nuget.cache' (27,012)
2026-10-03 05:38:02: Copy Over 'C:/rock/bannister/Bannister/obj/Bannister.csproj.nuget.g.props' -> 'goodrive://www.googleapis.com/:personal:/bannister/bannister/obj/Bannister.csproj.nuget.g.props' (5,005)
2026-10-03 05:38:02: > Copy Over 'C:/rock/bannister/Bannister/obj/Debug/net8.0-android/android/assets/Bannister.dll' -> 'goodrive://www.googleapis.com/:personal:/bannister/bannister/obj/Debug/net8.0-android/android/assets/Bannister.dll' (8,259,584)
2026-10-03 05:38:04: Copy Over 'C:/rock/bannister/Bannister/obj/Debug/net8.0-windows10.0.19041.0/apphost.exe' -> 'goodrive://www.googleapis.com/:personal:/bannister/bannister/obj/Debug/net8.0-windows10.0.19041.0/apphost.exe' (153,088)
2026-10-03 05:38:04: > Copy Over 'C:/rock/bannister/Bannister/obj/Debug/net8.0-android/android/bin/classes.dex' -> 'goodrive://www.googleapis.com/:personal:/bannister/bannister/obj/Debug/net8.0-android/android/bin/classes.dex' (8,171,880)
2026-10-03 05:38:05: Copy Over 'C:/rock/bannister/Bannister/obj/Debug/net8.0-android/android/AndroidManifest.xml' -> 'goodrive://www.googleapis.com/:personal:/bannister/bannister/obj/Debug/net8.0-android/android/AndroidManifest.xml' (4,994)
2026-10-03 05:38:07: < Copy Over 'C:/rock/bannister/Bannister/obj/Debug/net8.0-android/android/assets/Bannister.dll' -> 'goodrive://www.googleapis.com/:personal:/bannister/bannister/obj/Debug/net8.0-android/android/assets/Bannister.dll' (8,259,584)
2026-10-03 05:38:08: Copy Over 'C:/rock/bannister/Bannister/obj/Debug/net8.0-android/android/bin/classes/androidx/activity/ktx/R.class' -> 'goodrive://www.googleapis.com/:personal:/bannister/bannister/obj/Debug/net8.0-android/android/bin/classes/androidx/activity/ktx/R.class' (198)
2026-10-03 05:38:09: < Copy Over 'C:/rock/bannister/Bannister/obj/Debug/net8.0-android/android/bin/classes.dex' -> 'goodrive://www.googleapis.com/:personal:/bannister/bannister/obj/Debug/net8.0-android/android/bin/classes.dex' (8,171,880)
2026-10-03 05:38:11: Copy Over 'C:/rock/bannister/Bannister/obj/Debug/net8.0-android/android/bin/classes/com/bannister/app/R$anim.class' -> 'goodrive://www.googleapis.com/:personal:/bannister/bannister/obj/Debug/net8.0-android/android/bin/classes/com/bannister/app/R$anim.class' (2,906)
2026-10-03 05:38:12: Copy Over 'C:/rock/bannister/Bannister/obj/Debug/net8.0-android/android/bin/classes/com/bannister/app/R$attr.class' -> 'goodrive://www.googleapis.com/:personal:/bannister/bannister/obj/Debug/net8.0-android/android/bin/classes/com/bannister/app/R$attr.class' (54,839)
2026-10-03 05:38:13: Copy Over 'C:/rock/bannister/Bannister/obj/Debug/net8.0-android/android/bin/classes/com/bannister/app/R$animator.class' -> 'goodrive://www.googleapis.com/:personal:/bannister/bannister/obj/Debug/net8.0-android/android/bin/classes/com/bannister/app/R$animator.class' (2,331)
2026-10-03 05:38:14: Copy Over 'C:/rock/bannister/Bannister/obj/Debug/net8.0-android/android/bin/classes/com/bannister/app/R$bool.class' -> 'goodrive://www.googleapis.com/:personal:/bannister/bannister/obj/Debug/net8.0-android/android/bin/classes/com/bannister/app/R$bool.class' (443)
2026-10-03 05:38:16: Copy Over 'C:/rock/bannister/Bannister/obj/Debug/net8.0-android/android/bin/classes/com/bannister/app/R$color.class' -> 'goodrive://www.googleapis.com/:personal:/bannister/bannister/obj/Debug/net8.0-android/android/bin/classes/com/bannister/app/R$color.class' (42,362)
2026-10-03 05:38:16: Copy Over 'C:/rock/bannister/Bannister/obj/Debug/net8.0-android/android/bin/classes/com/bannister/app/R$dimen.class' -> 'goodrive://www.googleapis.com/:personal:/bannister/bannister/obj/Debug/net8.0-android/android/bin/classes/com/bannister/app/R$dimen.class' (46,419)
2026-10-03 05:38:18: Copy Over 'C:/rock/bannister/Bannister/obj/Debug/net8.0-android/android/bin/classes/com/bannister/app/R$drawable.class' -> 'goodrive://www.googleapis.com/:personal:/bannister/bannister/obj/Debug/net8.0-android/android/bin/classes/com/bannister/app/R$drawable.class' (10,686)
2026-10-03 05:38:19: Copy Over 'C:/rock/bannister/Bannister/obj/Debug/net8.0-android/android/bin/classes/com/bannister/app/R$id.class' -> 'goodrive://www.googleapis.com/:personal:/bannister/bannister/obj/Debug/net8.0-android/android/bin/classes/com/bannister/app/R$id.class' (20,962)
2026-10-03 05:38:19: Copy Over 'C:/rock/bannister/Bannister/obj/Debug/net8.0-android/android/bin/classes/com/bannister/app/R$integer.class' -> 'goodrive://www.googleapis.com/:personal:/bannister/bannister/obj/Debug/net8.0-android/android/bin/classes/com/bannister/app/R$integer.class' (3,932)
2026-10-03 05:38:22: Copy Over 'C:/rock/bannister/Bannister/obj/Debug/net8.0-android/android/bin/classes/com/bannister/app/R$interpolator.class' -> 'goodrive://www.googleapis.com/:personal:/bannister/bannister/obj/Debug/net8.0-android/android/bin/classes/com/bannister/app/R$interpolator.class' (1,370)
2026-10-03 05:38:22: Copy Over 'C:/rock/bannister/Bannister/obj/Debug/net8.0-android/android/bin/classes/com/bannister/app/R$layout.class' -> 'goodrive://www.googleapis.com/:personal:/bannister/bannister/obj/Debug/net8.0-android/android/bin/classes/com/bannister/app/R$layout.class' (5,883)
2026-10-03 05:38:23: Copy Over 'C:/rock/bannister/Bannister/obj/Debug/net8.0-android/android/bin/classes/com/bannister/app/R$mipmap.class' -> 'goodrive://www.googleapis.com/:personal:/bannister/bannister/obj/Debug/net8.0-android/android/bin/classes/com/bannister/app/R$mipmap.class' (438)
2026-10-03 05:38:25: Copy Over 'C:/rock/bannister/Bannister/obj/Debug/net8.0-android/android/bin/classes/com/bannister/app/R$plurals.class' -> 'goodrive://www.googleapis.com/:personal:/bannister/bannister/obj/Debug/net8.0-android/android/bin/classes/com/bannister/app/R$plurals.class' (342)
2026-10-03 05:38:26: Copy Over 'C:/rock/bannister/Bannister/obj/Debug/net8.0-android/android/bin/classes/com/bannister/app/R$style.class' -> 'goodrive://www.googleapis.com/:personal:/bannister/bannister/obj/Debug/net8.0-android/android/bin/classes/com/bannister/app/R$style.class' (73,620)
2026-10-03 05:38:26: Copy Over 'C:/rock/bannister/Bannister/obj/Debug/net8.0-android/android/bin/classes/com/bannister/app/R$string.class' -> 'goodrive://www.googleapis.com/:personal:/bannister/bannister/obj/Debug/net8.0-android/android/bin/classes/com/bannister/app/R$string.class' (9,918)
2026-10-03 05:38:28: Copy Over 'C:/rock/bannister/Bannister/obj/Debug/net8.0-android/android/bin/classes/com/bannister/app/R$styleable.class' -> 'goodrive://www.googleapis.com/:personal:/bannister/bannister/obj/Debug/net8.0-android/android/bin/classes/com/bannister/app/R$styleable.class' (130,989)
2026-10-03 05:38:29: Copy Over 'C:/rock/bannister/Bannister/obj/Debug/net8.0-android/android/bin/classes/com/bannister/app/R$xml.class' -> 'goodrive://www.googleapis.com/:personal:/bannister/bannister/obj/Debug/net8.0-android/android/bin/classes/com/bannister/app/R$xml.class' (398)
2026-10-03 05:38:29: Copy Over 'C:/rock/bannister/Bannister/obj/Debug/net8.0-android/android/bin/classes/com/bannister/app/R.class' -> 'goodrive://www.googleapis.com/:personal:/bannister/bannister/obj/Debug/net8.0-android/android/bin/classes/com/bannister/app/R.class' (1,048)
2026-10-03 05:38:32: Copy Over 'C:/rock/bannister/Bannister/obj/Debug/net8.0-android/android/bin/classes/androidx/activity/R$id.class' -> 'goodrive://www.googleapis.com/:personal:/bannister/bannister/obj/Debug/net8.0-android/android/bin/classes/androidx/activity/R$id.class' (380)
2026-10-03 05:38:33: Copy Over 'C:/rock/bannister/Bannister/obj/Debug/net8.0-android/android/bin/classes/androidx/activity/R.class' -> 'goodrive://www.googleapis.com/:personal:/bannister/bannister/obj/Debug/net8.0-android/android/bin/classes/androidx/activity/R.class' (258)
2026-10-03 05:38:33: Copy Over 'C:/rock/bannister/Bannister/obj/Debug/net8.0-android/android/bin/classes/com/bumptech/glide/gifdecoder/R.class' -> 'goodrive://www.googleapis.com/:personal:/bannister/bannister/obj/Debug/net8.0-android/android/bin/classes/com/bumptech/glide/gifdecoder/R.class' (206)
2026-10-03 05:38:36: Copy Over 'C:/rock/bannister/Bannister/obj/Debug/net8.0-android/android/bin/classes/com/google/android/material/R$anim.class' -> 'goodrive://www.googleapis.com/:personal:/bannister/bannister/obj/Debug/net8.0-android/android/bin/classes/com/google/android/material/R$anim.class' (2,592)
2026-10-03 05:38:36: Copy Over 'C:/rock/bannister/Bannister/obj/Debug/net8.0-android/android/bin/classes/com/google/android/material/R$attr.class' -> 'goodrive://www.googleapis.com/:personal:/bannister/bannister/obj/Debug/net8.0-android/android/bin/classes/com/google/android/material/R$attr.class' (49,187)
2026-10-03 05:38:36: Copy Over 'C:/rock/bannister/Bannister/obj/Debug/net8.0-android/android/bin/classes/com/google/android/material/R$animator.class' -> 'goodrive://www.googleapis.com/:personal:/bannister/bannister/obj/Debug/net8.0-android/android/bin/classes/com/google/android/material/R$animator.class' (2,161)
2026-10-03 05:38:40: Copy Over 'C:/rock/bannister/Bannister/obj/Debug/net8.0-android/android/bin/classes/com/google/android/material/R$bool.class' -> 'goodrive://www.googleapis.com/:personal:/bannister/bannister/obj/Debug/net8.0-android/android/bin/classes/com/google/android/material/R$bool.class' (463)
2026-10-03 05:38:40: Copy Over 'C:/rock/bannister/Bannister/obj/Debug/net8.0-android/android/bin/classes/com/google/android/material/R$dimen.class' -> 'goodrive://www.googleapis.com/:personal:/bannister/bannister/obj/Debug/net8.0-android/android/bin/classes/com/google/android/material/R$dimen.class' (46,259)
2026-10-03 05:38:40: Copy Over 'C:/rock/bannister/Bannister/obj/Debug/net8.0-android/android/bin/classes/com/google/android/material/R$color.class' -> 'goodrive://www.googleapis.com/:personal:/bannister/bannister/obj/Debug/net8.0-android/android/bin/classes/com/google/android/material/R$color.class' (41,872)
2026-10-03 05:38:43: Copy Over 'C:/rock/bannister/Bannister/obj/Debug/net8.0-android/android/bin/classes/com/google/android/material/R$integer.class' -> 'goodrive://www.googleapis.com/:personal:/bannister/bannister/obj/Debug/net8.0-android/android/bin/classes/com/google/android/material/R$integer.class' (3,910)
2026-10-03 05:38:43: Copy Over 'C:/rock/bannister/Bannister/obj/Debug/net8.0-android/android/bin/classes/com/google/android/material/R$id.class' -> 'goodrive://www.googleapis.com/:personal:/bannister/bannister/obj/Debug/net8.0-android/android/bin/classes/com/google/android/material/R$id.class' (16,168)
2026-10-03 05:38:43: Copy Over 'C:/rock/bannister/Bannister/obj/Debug/net8.0-android/android/bin/classes/com/google/android/material/R$drawable.class' -> 'goodrive://www.googleapis.com/:personal:/bannister/bannister/obj/Debug/net8.0-android/android/bin/classes/com/google/android/material/R$drawable.class' (9,708)
2026-10-03 05:38:46: Copy Over 'C:/rock/bannister/Bannister/obj/Debug/net8.0-android/android/bin/classes/com/google/android/material/R$layout.class' -> 'goodrive://www.googleapis.com/:personal:/bannister/bannister/obj/Debug/net8.0-android/android/bin/classes/com/google/android/material/R$layout.class' (5,537)
2026-10-03 05:38:46: Copy Over 'C:/rock/bannister/Bannister/obj/Debug/net8.0-android/android/bin/classes/com/google/android/material/R$interpolator.class' -> 'goodrive://www.googleapis.com/:personal:/bannister/bannister/obj/Debug/net8.0-android/android/bin/classes/com/google/android/material/R$interpolator.class' (1,390)
2026-10-03 05:38:47: Copy Over 'C:/rock/bannister/Bannister/obj/Debug/net8.0-android/android/bin/classes/com/google/android/material/R$plurals.class' -> 'goodrive://www.googleapis.com/:personal:/bannister/bannister/obj/Debug/net8.0-android/android/bin/classes/com/google/android/material/R$plurals.class' (362)
2026-10-03 05:38:50: Copy Over 'C:/rock/bannister/Bannister/obj/Debug/net8.0-android/android/bin/classes/com/google/android/material/R$string.class' -> 'goodrive://www.googleapis.com/:personal:/bannister/bannister/obj/Debug/net8.0-android/android/bin/classes/com/google/android/material/R$string.class' (9,069)
2026-10-03 05:38:50: Copy Over 'C:/rock/bannister/Bannister/obj/Debug/net8.0-android/android/bin/classes/com/google/android/material/R$styleable.class' -> 'goodrive://www.googleapis.com/:personal:/bannister/bannister/obj/Debug/net8.0-android/android/bin/classes/com/google/android/material/R$styleable.class' (109,039)
2026-10-03 05:38:50: Copy Over 'C:/rock/bannister/Bannister/obj/Debug/net8.0-android/android/bin/classes/com/google/android/material/R$style.class' -> 'goodrive://www.googleapis.com/:personal:/bannister/bannister/obj/Debug/net8.0-android/android/bin/classes/com/google/android/material/R$style.class' (73,038)
2026-10-03 05:38:54: Copy Over 'C:/rock/bannister/Bannister/obj/Debug/net8.0-android/android/bin/classes/com/google/android/material/R.class' -> 'goodrive://www.googleapis.com/:personal:/bannister/bannister/obj/Debug/net8.0-android/android/bin/classes/com/google/android/material/R.class' (1,116)
2026-10-03 05:38:54: Copy Over 'C:/rock/bannister/Bannister/obj/Debug/net8.0-android/android/bin/classes/com/google/android/material/snackbar/Snackbar_SnackbarActionClickImplementor.class' -> 'goodrive://www.googleapis.com/:personal:/bannister/bannister/obj/Debug/net8.0-android/android/bin/classes/com/google/android/material/snackbar/Snackbar_SnackbarActionClickImplementor.class' (1,698)
2026-10-03 05:38:54: Copy Over 'C:/rock/bannister/Bannister/obj/Debug/net8.0-android/android/bin/classes/com/bumptech/glide/R$anim.class' -> 'goodrive://www.googleapis.com/:personal:/bannister/bannister/obj/Debug/net8.0-android/android/bin/classes/com/bumptech/glide/R$anim.class' (1,681)
2026-10-03 05:38:57: Copy Over 'C:/rock/bannister/Bannister/obj/Debug/net8.0-android/android/bin/classes/com/bumptech/glide/R$attr.class' -> 'goodrive://www.googleapis.com/:personal:/bannister/bannister/obj/Debug/net8.0-android/android/bin/classes/com/bumptech/glide/R$attr.class' (11,893)
2026-10-03 05:38:57: Copy Over 'C:/rock/bannister/Bannister/obj/Debug/net8.0-android/android/bin/classes/com/bumptech/glide/R$animator.class' -> 'goodrive://www.googleapis.com/:personal:/bannister/bannister/obj/Debug/net8.0-android/android/bin/classes/com/bumptech/glide/R$animator.class' (549)
2026-10-03 05:38:57: Copy Over 'C:/rock/bannister/Bannister/obj/Debug/net8.0-android/android/bin/classes/com/bumptech/glide/R$bool.class' -> 'goodrive://www.googleapis.com/:personal:/bannister/bannister/obj/Debug/net8.0-android/android/bin/classes/com/bumptech/glide/R$bool.class' (389)
2026-10-03 05:39:00: Copy Over 'C:/rock/bannister/Bannister/obj/Debug/net8.0-android/android/bin/classes/com/bumptech/glide/R$color.class' -> 'goodrive://www.googleapis.com/:personal:/bannister/bannister/obj/Debug/net8.0-android/android/bin/classes/com/bumptech/glide/R$color.class' (4,868)
2026-10-03 05:39:01: Copy Over 'C:/rock/bannister/Bannister/obj/Debug/net8.0-android/android/bin/classes/com/bumptech/glide/R$dimen.class' -> 'goodrive://www.googleapis.com/:personal:/bannister/bannister/obj/Debug/net8.0-android/android/bin/classes/com/bumptech/glide/R$dimen.class' (7,012)
2026-10-03 05:39:01: Copy Over 'C:/rock/bannister/Bannister/obj/Debug/net8.0-android/android/bin/classes/com/bumptech/glide/R$drawable.class' -> 'goodrive://www.googleapis.com/:personal:/bannister/bannister/obj/Debug/net8.0-android/android/bin/classes/com/bumptech/glide/R$drawable.class' (5,651)
2026-10-03 05:39:04: Copy Over 'C:/rock/bannister/Bannister/obj/Debug/net8.0-android/android/bin/classes/com/bumptech/glide/R$interpolator.class' -> 'goodrive://www.googleapis.com/:personal:/bannister/bannister/obj/Debug/net8.0-android/android/bin/classes/com/bumptech/glide/R$interpolator.class' (779)
2026-10-03 05:39:04: Copy Over 'C:/rock/bannister/Bannister/obj/Debug/net8.0-android/android/bin/classes/com/bumptech/glide/R$id.class' -> 'goodrive://www.googleapis.com/:personal:/bannister/bannister/obj/Debug/net8.0-android/android/bin/classes/com/bumptech/glide/R$id.class' (6,760)
2026-10-03 05:39:04: Copy Over 'C:/rock/bannister/Bannister/obj/Debug/net8.0-android/android/bin/classes/com/bumptech/glide/R$integer.class' -> 'goodrive://www.googleapis.com/:personal:/bannister/bannister/obj/Debug/net8.0-android/android/bin/classes/com/bumptech/glide/R$integer.class' (548)
2026-10-03 05:39:07: Copy Over 'C:/rock/bannister/Bannister/obj/Debug/net8.0-android/android/bin/classes/com/bumptech/glide/R$layout.class' -> 'goodrive://www.googleapis.com/:personal:/bannister/bannister/obj/Debug/net8.0-android/android/bin/classes/com/bumptech/glide/R$layout.class' (2,280)
2026-10-03 05:39:07: Copy Over 'C:/rock/bannister/Bannister/obj/Debug/net8.0-android/android/bin/classes/com/bumptech/glide/R$style.class' -> 'goodrive://www.googleapis.com/:personal:/bannister/bannister/obj/Debug/net8.0-android/android/bin/classes/com/bumptech/glide/R$style.class' (21,850)
2026-10-03 05:39:07: Copy Over 'C:/rock/bannister/Bannister/obj/Debug/net8.0-android/android/bin/classes/com/bumptech/glide/R$string.class' -> 'goodrive://www.googleapis.com/:personal:/bannister/bannister/obj/Debug/net8.0-android/android/bin/classes/com/bumptech/glide/R$string.class' (1,832)
2026-10-03 05:39:10: Copy Over 'C:/rock/bannister/Bannister/obj/Debug/net8.0-android/android/bin/classes/com/bumptech/glide/R$styleable.class' -> 'goodrive://www.googleapis.com/:personal:/bannister/bannister/obj/Debug/net8.0-android/android/bin/classes/com/bumptech/glide/R$styleable.class' (29,637)
2026-10-03 05:39:10: Copy Over 'C:/rock/bannister/Bannister/obj/Debug/net8.0-android/android/bin/classes/com/bumptech/glide/R.class' -> 'goodrive://www.googleapis.com/:personal:/bannister/bannister/obj/Debug/net8.0-android/android/bin/classes/com/bumptech/glide/R.class' (920)
2026-10-03 05:39:11: Copy Over 'C:/rock/bannister/Bannister/obj/Debug/net8.0-android/android/bin/classes/com/microsoft/maui/R$anim.class' -> 'goodrive://www.googleapis.com/:personal:/bannister/bannister/obj/Debug/net8.0-android/android/bin/classes/com/microsoft/maui/R$anim.class' (2,574)
2026-10-03 05:39:13: Copy Over 'C:/rock/bannister/Bannister/obj/Debug/net8.0-android/android/bin/classes/androidx/annotation/experimental/R.class' -> 'goodrive://www.googleapis.com/:personal:/bannister/bannister/obj/Debug/net8.0-android/android/bin/classes/androidx/annotation/experimental/R.class' (209)
2026-10-03 05:39:14: Copy Over 'C:/rock/bannister/Bannister/obj/Debug/net8.0-android/android/bin/classes/com/microsoft/maui/R$animator.class' -> 'goodrive://www.googleapis.com/:personal:/bannister/bannister/obj/Debug/net8.0-android/android/bin/classes/com/microsoft/maui/R$animator.class' (2,143)
2026-10-03 05:39:14: Copy Over 'C:/rock/bannister/Bannister/obj/Debug/net8.0-android/android/bin/classes/com/microsoft/maui/R$attr.class' -> 'goodrive://www.googleapis.com/:personal:/bannister/bannister/obj/Debug/net8.0-android/android/bin/classes/com/microsoft/maui/R$attr.class' (50,072)
2026-10-03 05:39:17: Copy Over 'C:/rock/bannister/Bannister/obj/Debug/net8.0-android/android/bin/classes/com/microsoft/maui/R$color.class' -> 'goodrive://www.googleapis.com/:personal:/bannister/bannister/obj/Debug/net8.0-android/android/bin/classes/com/microsoft/maui/R$color.class' (41,854)
2026-10-03 05:39:17: Copy Over 'C:/rock/bannister/Bannister/obj/Debug/net8.0-android/android/bin/classes/com/microsoft/maui/R$bool.class' -> 'goodrive://www.googleapis.com/:personal:/bannister/bannister/obj/Debug/net8.0-android/android/bin/classes/com/microsoft/maui/R$bool.class' (445)
2026-10-03 05:39:17: Copy Over 'C:/rock/bannister/Bannister/obj/Debug/net8.0-android/android/bin/classes/com/microsoft/maui/R$dimen.class' -> 'goodrive://www.googleapis.com/:personal:/bannister/bannister/obj/Debug/net8.0-android/android/bin/classes/com/microsoft/maui/R$dimen.class' (46,241)
2026-10-03 05:39:20: Copy Over 'C:/rock/bannister/Bannister/obj/Debug/net8.0-android/android/bin/classes/com/microsoft/maui/R$id.class' -> 'goodrive://www.googleapis.com/:personal:/bannister/bannister/obj/Debug/net8.0-android/android/bin/classes/com/microsoft/maui/R$id.class' (16,574)
2026-10-03 05:39:20: Copy Over 'C:/rock/bannister/Bannister/obj/Debug/net8.0-android/android/bin/classes/com/microsoft/maui/R$integer.class' -> 'goodrive://www.googleapis.com/:personal:/bannister/bannister/obj/Debug/net8.0-android/android/bin/classes/com/microsoft/maui/R$integer.class' (3,892)
2026-10-03 05:39:20: Copy Over 'C:/rock/bannister/Bannister/obj/Debug/net8.0-android/android/bin/classes/com/microsoft/maui/R$drawable.class' -> 'goodrive://www.googleapis.com/:personal:/bannister/bannister/obj/Debug/net8.0-android/android/bin/classes/com/microsoft/maui/R$drawable.class' (9,690)
2026-10-03 05:39:23: Copy Over 'C:/rock/bannister/Bannister/obj/Debug/net8.0-android/android/bin/classes/com/microsoft/maui/R$interpolator.class' -> 'goodrive://www.googleapis.com/:personal:/bannister/bannister/obj/Debug/net8.0-android/android/bin/classes/com/microsoft/maui/R$interpolator.class' (1,372)
2026-10-03 05:39:24: Copy Over 'C:/rock/bannister/Bannister/obj/Debug/net8.0-android/android/bin/classes/com/microsoft/maui/R$layout.class' -> 'goodrive://www.googleapis.com/:personal:/bannister/bannister/obj/Debug/net8.0-android/android/bin/classes/com/microsoft/maui/R$layout.class' (5,519)
2026-10-03 05:39:25: Copy Over 'C:/rock/bannister/Bannister/obj/Debug/net8.0-android/android/bin/classes/com/microsoft/maui/R$plurals.class' -> 'goodrive://www.googleapis.com/:personal:/bannister/bannister/obj/Debug/net8.0-android/android/bin/classes/com/microsoft/maui/R$plurals.class' (344)
2026-10-03 05:39:26: Copy Over 'C:/rock/bannister/Bannister/obj/Debug/net8.0-android/android/bin/classes/com/microsoft/maui/R$string.class' -> 'goodrive://www.googleapis.com/:personal:/bannister/bannister/obj/Debug/net8.0-android/android/bin/classes/com/microsoft/maui/R$string.class' (9,092)
2026-10-03 05:39:27: Copy Over 'C:/rock/bannister/Bannister/obj/Debug/net8.0-android/android/bin/classes/com/microsoft/maui/R$style.class' -> 'goodrive://www.googleapis.com/:personal:/bannister/bannister/obj/Debug/net8.0-android/android/bin/classes/com/microsoft/maui/R$style.class' (73,020)
2026-10-03 05:39:28: Copy Over 'C:/rock/bannister/Bannister/obj/Debug/net8.0-android/android/bin/classes/com/microsoft/maui/R$styleable.class' -> 'goodrive://www.googleapis.com/:personal:/bannister/bannister/obj/Debug/net8.0-android/android/bin/classes/com/microsoft/maui/R$styleable.class' (111,244)
2026-10-03 05:39:30: Copy Over 'C:/rock/bannister/Bannister/obj/Debug/net8.0-android/android/bin/classes/com/microsoft/maui/R.class' -> 'goodrive://www.googleapis.com/:personal:/bannister/bannister/obj/Debug/net8.0-android/android/bin/classes/com/microsoft/maui/R.class' (972)
2026-10-03 05:39:31: Copy Over 'C:/rock/bannister/Bannister/obj/Debug/net8.0-android/android/bin/classes/androidx/appcompat/app/AlertDialog_IDialogInterfaceOnCancelListenerImplementor.class' -> 'goodrive://www.googleapis.com/:personal:/bannister/bannister/obj/Debug/net8.0-android/android/bin/classes/androidx/appcompat/app/AlertDialog_IDialogInterfaceOnCancelListenerImplementor.class' (1,806)
2026-10-03 05:39:31: Copy Over 'C:/rock/bannister/Bannister/obj/Debug/net8.0-android/android/bin/classes/androidx/arch/core/R.class' -> 'goodrive://www.googleapis.com/:personal:/bannister/bannister/obj/Debug/net8.0-android/android/bin/classes/androidx/arch/core/R.class' (195)
2026-10-03 05:39:34: Copy Over 'C:/rock/bannister/Bannister/obj/Debug/net8.0-android/android/bin/classes/androidx/appcompat/app/AlertDialog_IDialogInterfaceOnClickListenerImplementor.class' -> 'goodrive://www.googleapis.com/:personal:/bannister/bannister/obj/Debug/net8.0-android/android/bin/classes/androidx/appcompat/app/AlertDialog_IDialogInterfaceOnClickListenerImplementor.class' (1,800)
2026-10-03 05:39:34: Copy Over 'C:/rock/bannister/Bannister/obj/Debug/net8.0-android/android/bin/classes/androidx/appcompat/app/AlertDialog_IDialogInterfaceOnMultiChoiceClickListenerImplementor.class' -> 'goodrive://www.googleapis.com/:personal:/bannister/bannister/obj/Debug/net8.0-android/android/bin/classes/androidx/appcompat/app/AlertDialog_IDialogInterfaceOnMultiChoiceClickListenerImplementor.class' (1,870)
2026-10-03 05:39:35: Copy Over 'C:/rock/bannister/Bannister/obj/Debug/net8.0-android/android/bin/classes/androidx/appcompat/R$anim.class' -> 'goodrive://www.googleapis.com/:personal:/bannister/bannister/obj/Debug/net8.0-android/android/bin/classes/androidx/appcompat/R$anim.class' (1,626)
2026-10-03 05:39:37: Copy Over 'C:/rock/bannister/Bannister/obj/Debug/net8.0-android/android/bin/classes/androidx/appcompat/R$attr.class' -> 'goodrive://www.googleapis.com/:personal:/bannister/bannister/obj/Debug/net8.0-android/android/bin/classes/androidx/appcompat/R$attr.class' (11,577)
2026-10-03 05:39:37: Copy Over 'C:/rock/bannister/Bannister/obj/Debug/net8.0-android/android/bin/classes/androidx/appcompat/R$bool.class' -> 'goodrive://www.googleapis.com/:personal:/bannister/bannister/obj/Debug/net8.0-android/android/bin/classes/androidx/appcompat/R$bool.class' (389)
2026-10-03 05:39:38: Copy Over 'C:/rock/bannister/Bannister/obj/Debug/net8.0-android/android/bin/classes/androidx/appcompat/R$color.class' -> 'goodrive://www.googleapis.com/:personal:/bannister/bannister/obj/Debug/net8.0-android/android/bin/classes/androidx/appcompat/R$color.class' (4,628)
2026-10-03 05:39:40: Copy Over 'C:/rock/bannister/Bannister/obj/Debug/net8.0-android/android/bin/classes/androidx/appcompat/R$dimen.class' -> 'goodrive://www.googleapis.com/:personal:/bannister/bannister/obj/Debug/net8.0-android/android/bin/classes/androidx/appcompat/R$dimen.class' (5,751)
2026-10-03 05:39:40: Copy Over 'C:/rock/bannister/Bannister/obj/Debug/net8.0-android/android/bin/classes/androidx/appcompat/R$drawable.class' -> 'goodrive://www.googleapis.com/:personal:/bannister/bannister/obj/Debug/net8.0-android/android/bin/classes/androidx/appcompat/R$drawable.class' (5,055)
2026-10-03 05:39:42: Copy Over 'C:/rock/bannister/Bannister/obj/Debug/net8.0-android/android/bin/classes/androidx/appcompat/R$id.class' -> 'goodrive://www.googleapis.com/:personal:/bannister/bannister/obj/Debug/net8.0-android/android/bin/classes/androidx/appcompat/R$id.class' (3,121)
2026-10-03 05:39:43: Copy Over 'C:/rock/bannister/Bannister/obj/Debug/net8.0-android/android/bin/classes/androidx/appcompat/R$integer.class' -> 'goodrive://www.googleapis.com/:personal:/bannister/bannister/obj/Debug/net8.0-android/android/bin/classes/androidx/appcompat/R$integer.class' (489)
2026-10-03 05:39:44: Copy Over 'C:/rock/bannister/Bannister/obj/Debug/net8.0-android/android/bin/classes/androidx/appcompat/R$interpolator.class' -> 'goodrive://www.googleapis.com/:personal:/bannister/bannister/obj/Debug/net8.0-android/android/bin/classes/androidx/appcompat/R$interpolator.class' (779)
2026-10-03 05:39:46: Copy Over 'C:/rock/bannister/Bannister/obj/Debug/net8.0-android/android/bin/classes/androidx/appcompat/R$layout.class' -> 'goodrive://www.googleapis.com/:personal:/bannister/bannister/obj/Debug/net8.0-android/android/bin/classes/androidx/appcompat/R$layout.class' (1,918)
2026-10-03 05:39:46: Copy Over 'C:/rock/bannister/Bannister/obj/Debug/net8.0-android/android/bin/classes/androidx/appcompat/R$string.class' -> 'goodrive://www.googleapis.com/:personal:/bannister/bannister/obj/Debug/net8.0-android/android/bin/classes/androidx/appcompat/R$string.class' (1,771)
2026-10-03 05:39:48: Copy Over 'C:/rock/bannister/Bannister/obj/Debug/net8.0-android/android/bin/classes/androidx/appcompat/R$style.class' -> 'goodrive://www.googleapis.com/:personal:/bannister/bannister/obj/Debug/net8.0-android/android/bin/classes/androidx/appcompat/R$style.class' (21,413)
2026-10-03 05:39:49: Copy Over 'C:/rock/bannister/Bannister/obj/Debug/net8.0-android/android/bin/classes/androidx/appcompat/R$styleable.class' -> 'goodrive://www.googleapis.com/:personal:/bannister/bannister/obj/Debug/net8.0-android/android/bin/classes/androidx/appcompat/R$styleable.class' (25,717)
2026-10-03 05:39:50: Copy Over 'C:/rock/bannister/Bannister/obj/Debug/net8.0-android/android/bin/classes/androidx/appcompat/R.class' -> 'goodrive://www.googleapis.com/:personal:/bannister/bannister/obj/Debug/net8.0-android/android/bin/classes/androidx/appcompat/R.class' (866)
2026-10-03 05:39:51: Copy Over 'C:/rock/bannister/Bannister/obj/Debug/net8.0-android/android/bin/classes/androidx/appcompat/resources/R$drawable.class' -> 'goodrive://www.googleapis.com/:personal:/bannister/bannister/obj/Debug/net8.0-android/android/bin/classes/androidx/appcompat/resources/R$drawable.class' (351)
2026-10-03 05:39:52: Copy Over 'C:/rock/bannister/Bannister/obj/Debug/net8.0-android/android/bin/classes/androidx/appcompat/widget/Toolbar_NavigationOnClickEventDispatcher.class' -> 'goodrive://www.googleapis.com/:personal:/bannister/bannister/obj/Debug/net8.0-android/android/bin/classes/androidx/appcompat/widget/Toolbar_NavigationOnClickEventDispatcher.class' (1,926)
2026-10-03 05:39:53: Copy Over 'C:/rock/bannister/Bannister/obj/Debug/net8.0-android/android/bin/classes/androidx/appcompat/resources/R$styleable.class' -> 'goodrive://www.googleapis.com/:personal:/bannister/bannister/obj/Debug/net8.0-android/android/bin/classes/androidx/appcompat/resources/R$styleable.class' (2,066)
2026-10-03 05:39:55: Copy Over 'C:/rock/bannister/Bannister/obj/Debug/net8.0-android/android/bin/classes/androidx/appcompat/resources/R.class' -> 'goodrive://www.googleapis.com/:personal:/bannister/bannister/obj/Debug/net8.0-android/android/bin/classes/androidx/appcompat/resources/R.class' (358)
2026-10-03 05:39:55: Copy Over 'C:/rock/bannister/Bannister/obj/Debug/net8.0-android/android/bin/classes/androidx/cardview/R$attr.class' -> 'goodrive://www.googleapis.com/:personal:/bannister/bannister/obj/Debug/net8.0-android/android/bin/classes/androidx/cardview/R$attr.class' (779)
2026-10-03 05:39:57: Copy Over 'C:/rock/bannister/Bannister/obj/Debug/net8.0-android/android/bin/classes/androidx/browser/customtabs/CustomTabsClient_CustomTabsCallbackImpl.class' -> 'goodrive://www.googleapis.com/:personal:/bannister/bannister/obj/Debug/net8.0-android/android/bin/classes/androidx/browser/customtabs/CustomTabsClient_CustomTabsCallbackImpl.class' (1,811)
2026-10-03 05:39:58: Copy Over 'C:/rock/bannister/Bannister/obj/Debug/net8.0-android/android/bin/classes/androidx/cardview/R$color.class' -> 'goodrive://www.googleapis.com/:personal:/bannister/bannister/obj/Debug/net8.0-android/android/bin/classes/androidx/cardview/R$color.class' (481)
2026-10-03 05:39:59: Copy Over 'C:/rock/bannister/Bannister/obj/Debug/net8.0-android/android/bin/classes/androidx/cardview/R$dimen.class' -> 'goodrive://www.googleapis.com/:personal:/bannister/bannister/obj/Debug/net8.0-android/android/bin/classes/androidx/cardview/R$dimen.class' (433)
2026-10-03 05:40:00: Copy Over 'C:/rock/bannister/Bannister/obj/Debug/net8.0-android/android/bin/classes/androidx/cardview/R$style.class' -> 'goodrive://www.googleapis.com/:personal:/bannister/bannister/obj/Debug/net8.0-android/android/bin/classes/androidx/cardview/R$style.class' (428)
2026-10-03 05:40:01: Copy Over 'C:/rock/bannister/Bannister/obj/Debug/net8.0-android/android/bin/classes/androidx/cardview/R$styleable.class' -> 'goodrive://www.googleapis.com/:personal:/bannister/bannister/obj/Debug/net8.0-android/android/bin/classes/androidx/cardview/R$styleable.class' (1,178)
2026-10-03 05:40:02: Copy Over 'C:/rock/bannister/Bannister/obj/Debug/net8.0-android/android/bin/classes/androidx/cardview/R.class' -> 'goodrive://www.googleapis.com/:personal:/bannister/bannister/obj/Debug/net8.0-android/android/bin/classes/androidx/cardview/R.class' (458)
2026-10-03 05:40:04: Copy Over 'C:/rock/bannister/Bannister/obj/Debug/net8.0-android/android/bin/classes/androidx/browser/R$color.class' -> 'goodrive://www.googleapis.com/:personal:/bannister/bannister/obj/Debug/net8.0-android/android/bin/classes/androidx/browser/R$color.class' (483)
2026-10-03 05:40:04: Copy Over 'C:/rock/bannister/Bannister/obj/Debug/net8.0-android/android/bin/classes/androidx/browser/R$dimen.class' -> 'goodrive://www.googleapis.com/:personal:/bannister/bannister/obj/Debug/net8.0-android/android/bin/classes/androidx/browser/R$dimen.class' (408)
2026-10-03 05:40:06: Copy Over 'C:/rock/bannister/Bannister/obj/Debug/net8.0-android/android/bin/classes/androidx/browser/R$id.class' -> 'goodrive://www.googleapis.com/:personal:/bannister/bannister/obj/Debug/net8.0-android/android/bin/classes/androidx/browser/R$id.class' (534)
2026-10-03 05:40:07: Copy Over 'C:/rock/bannister/Bannister/obj/Debug/net8.0-android/android/bin/classes/androidx/browser/R$layout.class' -> 'goodrive://www.googleapis.com/:personal:/bannister/bannister/obj/Debug/net8.0-android/android/bin/classes/androidx/browser/R$layout.class' (397)
2026-10-03 05:40:07: Copy Over 'C:/rock/bannister/Bannister/obj/Debug/net8.0-android/android/bin/classes/androidx/browser/R$string.class' -> 'goodrive://www.googleapis.com/:personal:/bannister/bannister/obj/Debug/net8.0-android/android/bin/classes/androidx/browser/R$string.class' (485)
2026-10-03 05:40:10: Copy Over 'C:/rock/bannister/Bannister/obj/Debug/net8.0-android/android/bin/classes/androidx/browser/R$xml.class' -> 'goodrive://www.googleapis.com/:personal:/bannister/bannister/obj/Debug/net8.0-android/android/bin/classes/androidx/browser/R$xml.class' (323)
2026-10-03 05:40:10: Copy Over 'C:/rock/bannister/Bannister/obj/Debug/net8.0-android/android/bin/classes/androidx/browser/R.class' -> 'goodrive://www.googleapis.com/:personal:/bannister/bannister/obj/Debug/net8.0-android/android/bin/classes/androidx/browser/R.class' (486)
2026-10-03 05:40:10: Copy Over 'C:/rock/bannister/Bannister/obj/Debug/net8.0-android/android/bin/classes/androidx/coordinatorlayout/R$attr.class' -> 'goodrive://www.googleapis.com/:personal:/bannister/bannister/obj/Debug/net8.0-android/android/bin/classes/androidx/coordinatorlayout/R$attr.class' (665)
2026-10-03 05:40:13: Copy Over 'C:/rock/bannister/Bannister/obj/Debug/net8.0-android/android/bin/classes/androidx/constraintlayout/widget/R$anim.class' -> 'goodrive://www.googleapis.com/:personal:/bannister/bannister/obj/Debug/net8.0-android/android/bin/classes/androidx/constraintlayout/widget/R$anim.class' (1,654)
2026-10-03 05:40:13: Copy Over 'C:/rock/bannister/Bannister/obj/Debug/net8.0-android/android/bin/classes/androidx/constraintlayout/widget/R$attr.class' -> 'goodrive://www.googleapis.com/:personal:/bannister/bannister/obj/Debug/net8.0-android/android/bin/classes/androidx/constraintlayout/widget/R$attr.class' (23,341)
2026-10-03 05:40:14: Copy Over 'C:/rock/bannister/Bannister/obj/Debug/net8.0-android/android/bin/classes/androidx/constraintlayout/widget/R$bool.class' -> 'goodrive://www.googleapis.com/:personal:/bannister/bannister/obj/Debug/net8.0-android/android/bin/classes/androidx/constraintlayout/widget/R$bool.class' (417)
2026-10-03 05:40:17: Copy Over 'C:/rock/bannister/Bannister/obj/Debug/net8.0-android/android/bin/classes/androidx/constraintlayout/widget/R$color.class' -> 'goodrive://www.googleapis.com/:personal:/bannister/bannister/obj/Debug/net8.0-android/android/bin/classes/androidx/constraintlayout/widget/R$color.class' (4,896)
2026-10-03 05:40:17: Copy Over 'C:/rock/bannister/Bannister/obj/Debug/net8.0-android/android/bin/classes/androidx/constraintlayout/widget/R$dimen.class' -> 'goodrive://www.googleapis.com/:personal:/bannister/bannister/obj/Debug/net8.0-android/android/bin/classes/androidx/constraintlayout/widget/R$dimen.class' (6,927)
2026-10-03 05:40:17: Copy Over 'C:/rock/bannister/Bannister/obj/Debug/net8.0-android/android/bin/classes/androidx/constraintlayout/widget/R$drawable.class' -> 'goodrive://www.googleapis.com/:personal:/bannister/bannister/obj/Debug/net8.0-android/android/bin/classes/androidx/constraintlayout/widget/R$drawable.class' (5,417)
2026-10-03 05:40:20: Copy Over 'C:/rock/bannister/Bannister/obj/Debug/net8.0-android/android/bin/classes/androidx/constraintlayout/widget/R$integer.class' -> 'goodrive://www.googleapis.com/:personal:/bannister/bannister/obj/Debug/net8.0-android/android/bin/classes/androidx/constraintlayout/widget/R$integer.class' (576)
2026-10-03 05:40:20: Copy Over 'C:/rock/bannister/Bannister/obj/Debug/net8.0-android/android/bin/classes/androidx/constraintlayout/widget/R$id.class' -> 'goodrive://www.googleapis.com/:personal:/bannister/bannister/obj/Debug/net8.0-android/android/bin/classes/androidx/constraintlayout/widget/R$id.class' (9,913)
2026-10-03 05:40:21: Copy Over 'C:/rock/bannister/Bannister/obj/Debug/net8.0-android/android/bin/classes/androidx/constraintlayout/widget/R$interpolator.class' -> 'goodrive://www.googleapis.com/:personal:/bannister/bannister/obj/Debug/net8.0-android/android/bin/classes/androidx/constraintlayout/widget/R$interpolator.class' (807)
2026-10-03 05:40:24: Copy Over 'C:/rock/bannister/Bannister/obj/Debug/net8.0-android/android/bin/classes/androidx/constraintlayout/widget/R$layout.class' -> 'goodrive://www.googleapis.com/:personal:/bannister/bannister/obj/Debug/net8.0-android/android/bin/classes/androidx/constraintlayout/widget/R$layout.class' (2,308)
2026-10-03 05:40:24: Copy Over 'C:/rock/bannister/Bannister/obj/Debug/net8.0-android/android/bin/classes/androidx/constraintlayout/widget/R$string.class' -> 'goodrive://www.googleapis.com/:personal:/bannister/bannister/obj/Debug/net8.0-android/android/bin/classes/androidx/constraintlayout/widget/R$string.class' (1,860)
2026-10-03 05:40:24: Copy Over 'C:/rock/bannister/Bannister/obj/Debug/net8.0-android/android/bin/classes/androidx/constraintlayout/widget/R$style.class' -> 'goodrive://www.googleapis.com/:personal:/bannister/bannister/obj/Debug/net8.0-android/android/bin/classes/androidx/constraintlayout/widget/R$style.class' (21,878)
2026-10-03 05:40:27: Copy Over 'C:/rock/bannister/Bannister/obj/Debug/net8.0-android/android/bin/classes/androidx/constraintlayout/widget/R.class' -> 'goodrive://www.googleapis.com/:personal:/bannister/bannister/obj/Debug/net8.0-android/android/bin/classes/androidx/constraintlayout/widget/R.class' (1,062)
2026-10-03 05:40:28: Copy Over 'C:/rock/bannister/Bannister/obj/Debug/net8.0-android/android/bin/classes/androidx/constraintlayout/widget/R$styleable.class' -> 'goodrive://www.googleapis.com/:personal:/bannister/bannister/obj/Debug/net8.0-android/android/bin/classes/androidx/constraintlayout/widget/R$styleable.class' (82,207)
2026-10-03 05:40:28: Copy Over 'C:/rock/bannister/Bannister/obj/Debug/net8.0-android/android/bin/classes/androidx/coordinatorlayout/R$id.class' -> 'goodrive://www.googleapis.com/:personal:/bannister/bannister/obj/Debug/net8.0-android/android/bin/classes/androidx/coordinatorlayout/R$id.class' (494)
2026-10-03 05:40:31: Copy Over 'C:/rock/bannister/Bannister/obj/Debug/net8.0-android/android/bin/classes/androidx/coordinatorlayout/R$style.class' -> 'goodrive://www.googleapis.com/:personal:/bannister/bannister/obj/Debug/net8.0-android/android/bin/classes/androidx/coordinatorlayout/R$style.class' (358)
2026-10-03 05:40:31: Copy Over 'C:/rock/bannister/Bannister/obj/Debug/net8.0-android/android/bin/classes/androidx/coordinatorlayout/R$styleable.class' -> 'goodrive://www.googleapis.com/:personal:/bannister/bannister/obj/Debug/net8.0-android/android/bin/classes/androidx/coordinatorlayout/R$styleable.class' (1,122)
2026-10-03 05:40:31: Copy Over 'C:/rock/bannister/Bannister/obj/Debug/net8.0-android/android/bin/classes/androidx/coordinatorlayout/R.class' -> 'goodrive://www.googleapis.com/:personal:/bannister/bannister/obj/Debug/net8.0-android/android/bin/classes/androidx/coordinatorlayout/R.class' (450)
2026-10-03 05:40:34: Copy Over 'C:/rock/bannister/Bannister/obj/Debug/net8.0-android/android/bin/classes/androidx/core/ktx/R.class' -> 'goodrive://www.googleapis.com/:personal:/bannister/bannister/obj/Debug/net8.0-android/android/bin/classes/androidx/core/ktx/R.class' (194)
2026-10-03 05:40:34: Copy Over 'C:/rock/bannister/Bannister/obj/Debug/net8.0-android/android/bin/classes/androidx/cursoradapter/R.class' -> 'goodrive://www.googleapis.com/:personal:/bannister/bannister/obj/Debug/net8.0-android/android/bin/classes/androidx/cursoradapter/R.class' (199)
2026-10-03 05:40:35: Copy Over 'C:/rock/bannister/Bannister/obj/Debug/net8.0-android/android/bin/classes/androidx/core/R$attr.class' -> 'goodrive://www.googleapis.com/:personal:/bannister/bannister/obj/Debug/net8.0-android/android/bin/classes/androidx/core/R$attr.class' (950)
2026-10-03 05:40:38: Copy Over 'C:/rock/bannister/Bannister/obj/Debug/net8.0-android/android/bin/classes/androidx/core/R$dimen.class' -> 'goodrive://www.googleapis.com/:personal:/bannister/bannister/obj/Debug/net8.0-android/android/bin/classes/androidx/core/R$dimen.class' (1,537)
2026-10-03 05:40:38: Copy Over 'C:/rock/bannister/Bannister/obj/Debug/net8.0-android/android/bin/classes/androidx/core/R$color.class' -> 'goodrive://www.googleapis.com/:personal:/bannister/bannister/obj/Debug/net8.0-android/android/bin/classes/androidx/core/R$color.class' (625)
2026-10-03 05:40:38: Copy Over 'C:/rock/bannister/Bannister/obj/Debug/net8.0-android/android/bin/classes/androidx/core/R$drawable.class' -> 'goodrive://www.googleapis.com/:personal:/bannister/bannister/obj/Debug/net8.0-android/android/bin/classes/androidx/core/R$drawable.class' (1,136)
2026-10-03 05:40:41: Copy Over 'C:/rock/bannister/Bannister/obj/Debug/net8.0-android/android/bin/classes/androidx/core/R$id.class' -> 'goodrive://www.googleapis.com/:personal:/bannister/bannister/obj/Debug/net8.0-android/android/bin/classes/androidx/core/R$id.class' (3,611)
2026-10-03 05:40:41: Copy Over 'C:/rock/bannister/Bannister/obj/Debug/net8.0-android/android/bin/classes/androidx/core/R$layout.class' -> 'goodrive://www.googleapis.com/:personal:/bannister/bannister/obj/Debug/net8.0-android/android/bin/classes/androidx/core/R$layout.class' (640)
2026-10-03 05:40:42: Copy Over 'C:/rock/bannister/Bannister/obj/Debug/net8.0-android/android/bin/classes/androidx/core/R$integer.class' -> 'goodrive://www.googleapis.com/:personal:/bannister/bannister/obj/Debug/net8.0-android/android/bin/classes/androidx/core/R$integer.class' (339)
2026-10-03 05:40:44: Copy Over 'C:/rock/bannister/Bannister/obj/Debug/net8.0-android/android/bin/classes/androidx/core/R$string.class' -> 'goodrive://www.googleapis.com/:personal:/bannister/bannister/obj/Debug/net8.0-android/android/bin/classes/androidx/core/R$string.class' (732)
2026-10-03 05:40:45: Copy Over 'C:/rock/bannister/Bannister/obj/Debug/net8.0-android/android/bin/classes/androidx/core/R$style.class' -> 'goodrive://www.googleapis.com/:personal:/bannister/bannister/obj/Debug/net8.0-android/android/bin/classes/androidx/core/R$style.class' (713)
2026-10-03 05:40:46: Copy Over 'C:/rock/bannister/Bannister/obj/Debug/net8.0-android/android/bin/classes/androidx/core/R$styleable.class' -> 'goodrive://www.googleapis.com/:personal:/bannister/bannister/obj/Debug/net8.0-android/android/bin/classes/androidx/core/R$styleable.class' (2,912)
2026-10-03 05:40:48: Copy Over 'C:/rock/bannister/Bannister/obj/Debug/net8.0-android/android/bin/classes/androidx/core/R.class' -> 'goodrive://www.googleapis.com/:personal:/bannister/bannister/obj/Debug/net8.0-android/android/bin/classes/androidx/core/R.class' (657)
2026-10-03 05:40:48: Copy Over 'C:/rock/bannister/Bannister/obj/Debug/net8.0-android/android/bin/classes/androidx/documentfile/R.class' -> 'goodrive://www.googleapis.com/:personal:/bannister/bannister/obj/Debug/net8.0-android/android/bin/classes/androidx/documentfile/R.class' (198)
2026-10-03 05:40:49: Copy Over 'C:/rock/bannister/Bannister/obj/Debug/net8.0-android/android/bin/classes/androidx/customview/poolingcontainer/R$id.class' -> 'goodrive://www.googleapis.com/:personal:/bannister/bannister/obj/Debug/net8.0-android/android/bin/classes/androidx/customview/poolingcontainer/R$id.class' (425)
2026-10-03 05:40:51: Copy Over 'C:/rock/bannister/Bannister/obj/Debug/net8.0-android/android/bin/classes/androidx/customview/poolingcontainer/R.class' -> 'goodrive://www.googleapis.com/:personal:/bannister/bannister/obj/Debug/net8.0-android/android/bin/classes/androidx/customview/poolingcontainer/R.class' (296)
2026-10-03 05:40:52: Copy Over 'C:/rock/bannister/Bannister/obj/Debug/net8.0-android/android/bin/classes/androidx/customview/R$attr.class' -> 'goodrive://www.googleapis.com/:personal:/bannister/bannister/obj/Debug/net8.0-android/android/bin/classes/androidx/customview/R$attr.class' (754)
2026-10-03 05:40:52: Copy Over 'C:/rock/bannister/Bannister/obj/Debug/net8.0-android/android/bin/classes/androidx/customview/R$color.class' -> 'goodrive://www.googleapis.com/:personal:/bannister/bannister/obj/Debug/net8.0-android/android/bin/classes/androidx/customview/R$color.class' (528)
2026-10-03 05:40:55: Copy Over 'C:/rock/bannister/Bannister/obj/Debug/net8.0-android/android/bin/classes/androidx/customview/R$dimen.class' -> 'goodrive://www.googleapis.com/:personal:/bannister/bannister/obj/Debug/net8.0-android/android/bin/classes/androidx/customview/R$dimen.class' (1,549)
2026-10-03 05:40:55: Copy Over 'C:/rock/bannister/Bannister/obj/Debug/net8.0-android/android/bin/classes/androidx/customview/R$drawable.class' -> 'goodrive://www.googleapis.com/:personal:/bannister/bannister/obj/Debug/net8.0-android/android/bin/classes/androidx/customview/R$drawable.class' (894)
2026-10-03 05:40:55: Copy Over 'C:/rock/bannister/Bannister/obj/Debug/net8.0-android/android/bin/classes/androidx/customview/R$id.class' -> 'goodrive://www.googleapis.com/:personal:/bannister/bannister/obj/Debug/net8.0-android/android/bin/classes/androidx/customview/R$id.class' (3,354)
2026-10-03 05:40:58: Copy Over 'C:/rock/bannister/Bannister/obj/Debug/net8.0-android/android/bin/classes/androidx/customview/R$layout.class' -> 'goodrive://www.googleapis.com/:personal:/bannister/bannister/obj/Debug/net8.0-android/android/bin/classes/androidx/customview/R$layout.class' (652)
2026-10-03 05:40:58: Copy Over 'C:/rock/bannister/Bannister/obj/Debug/net8.0-android/android/bin/classes/androidx/customview/R$integer.class' -> 'goodrive://www.googleapis.com/:personal:/bannister/bannister/obj/Debug/net8.0-android/android/bin/classes/androidx/customview/R$integer.class' (351)
2026-10-03 05:40:58: Copy Over 'C:/rock/bannister/Bannister/obj/Debug/net8.0-android/android/bin/classes/androidx/customview/R$string.class' -> 'goodrive://www.googleapis.com/:personal:/bannister/bannister/obj/Debug/net8.0-android/android/bin/classes/androidx/customview/R$string.class' (351)
2026-10-03 05:41:02: Copy Over 'C:/rock/bannister/Bannister/obj/Debug/net8.0-android/android/bin/classes/androidx/customview/R$styleable.class' -> 'goodrive://www.googleapis.com/:personal:/bannister/bannister/obj/Debug/net8.0-android/android/bin/classes/androidx/customview/R$styleable.class' (2,617)
2026-10-03 05:41:02: Copy Over 'C:/rock/bannister/Bannister/obj/Debug/net8.0-android/android/bin/classes/androidx/customview/R$style.class' -> 'goodrive://www.googleapis.com/:personal:/bannister/bannister/obj/Debug/net8.0-android/android/bin/classes/androidx/customview/R$style.class' (725)
2026-10-03 05:41:02: Copy Over 'C:/rock/bannister/Bannister/obj/Debug/net8.0-android/android/bin/classes/androidx/customview/R.class' -> 'goodrive://www.googleapis.com/:personal:/bannister/bannister/obj/Debug/net8.0-android/android/bin/classes/androidx/customview/R.class' (723)
2026-10-03 05:41:05: Copy Over 'C:/rock/bannister/Bannister/obj/Debug/net8.0-android/android/bin/classes/androidx/dynamicanimation/R$color.class' -> 'goodrive://www.googleapis.com/:personal:/bannister/bannister/obj/Debug/net8.0-android/android/bin/classes/androidx/dynamicanimation/R$color.class' (512)
2026-10-03 05:41:05: Copy Over 'C:/rock/bannister/Bannister/obj/Debug/net8.0-android/android/bin/classes/androidx/dynamicanimation/R$attr.class' -> 'goodrive://www.googleapis.com/:personal:/bannister/bannister/obj/Debug/net8.0-android/android/bin/classes/androidx/dynamicanimation/R$attr.class' (766)
2026-10-03 05:41:05: Copy Over 'C:/rock/bannister/Bannister/obj/Debug/net8.0-android/android/bin/classes/androidx/drawerlayout/R$attr.class' -> 'goodrive://www.googleapis.com/:personal:/bannister/bannister/obj/Debug/net8.0-android/android/bin/classes/androidx/drawerlayout/R$attr.class' (364)
2026-10-03 05:41:08: Copy Over 'C:/rock/bannister/Bannister/obj/Debug/net8.0-android/android/bin/classes/androidx/dynamicanimation/R$dimen.class' -> 'goodrive://www.googleapis.com/:personal:/bannister/bannister/obj/Debug/net8.0-android/android/bin/classes/androidx/dynamicanimation/R$dimen.class' (1,561)
2026-10-03 05:41:08: Copy Over 'C:/rock/bannister/Bannister/obj/Debug/net8.0-android/android/bin/classes/androidx/dynamicanimation/R$drawable.class' -> 'goodrive://www.googleapis.com/:personal:/bannister/bannister/obj/Debug/net8.0-android/android/bin/classes/androidx/dynamicanimation/R$drawable.class' (906)
2026-10-03 05:41:09: Copy Over 'C:/rock/bannister/Bannister/obj/Debug/net8.0-android/android/bin/classes/androidx/dynamicanimation/R$id.class' -> 'goodrive://www.googleapis.com/:personal:/bannister/bannister/obj/Debug/net8.0-android/android/bin/classes/androidx/dynamicanimation/R$id.class' (1,294)
2026-10-03 05:41:12: Copy Over 'C:/rock/bannister/Bannister/obj/Debug/net8.0-android/android/bin/classes/androidx/dynamicanimation/R$integer.class' -> 'goodrive://www.googleapis.com/:personal:/bannister/bannister/obj/Debug/net8.0-android/android/bin/classes/androidx/dynamicanimation/R$integer.class' (363)
2026-10-03 05:41:12: Copy Over 'C:/rock/bannister/Bannister/obj/Debug/net8.0-android/android/bin/classes/androidx/dynamicanimation/R$layout.class' -> 'goodrive://www.googleapis.com/:personal:/bannister/bannister/obj/Debug/net8.0-android/android/bin/classes/androidx/dynamicanimation/R$layout.class' (627)
2026-10-03 05:41:12: Copy Over 'C:/rock/bannister/Bannister/obj/Debug/net8.0-android/android/bin/classes/androidx/dynamicanimation/R$string.class' -> 'goodrive://www.googleapis.com/:personal:/bannister/bannister/obj/Debug/net8.0-android/android/bin/classes/androidx/dynamicanimation/R$string.class' (363)
2026-10-03 05:41:15: Copy Over 'C:/rock/bannister/Bannister/obj/Debug/net8.0-android/android/bin/classes/androidx/dynamicanimation/R$styleable.class' -> 'goodrive://www.googleapis.com/:personal:/bannister/bannister/obj/Debug/net8.0-android/android/bin/classes/androidx/dynamicanimation/R$styleable.class' (2,629)
2026-10-03 05:41:15: Copy Over 'C:/rock/bannister/Bannister/obj/Debug/net8.0-android/android/bin/classes/androidx/dynamicanimation/R.class' -> 'goodrive://www.googleapis.com/:personal:/bannister/bannister/obj/Debug/net8.0-android/android/bin/classes/androidx/dynamicanimation/R.class' (789)
2026-10-03 05:41:16: Copy Over 'C:/rock/bannister/Bannister/obj/Debug/net8.0-android/android/bin/classes/androidx/dynamicanimation/R$style.class' -> 'goodrive://www.googleapis.com/:personal:/bannister/bannister/obj/Debug/net8.0-android/android/bin/classes/androidx/dynamicanimation/R$style.class' (737)
2026-10-03 05:41:19: Copy Over 'C:/rock/bannister/Bannister/obj/Debug/net8.0-android/android/bin/classes/androidx/drawerlayout/R$dimen.class' -> 'goodrive://www.googleapis.com/:personal:/bannister/bannister/obj/Debug/net8.0-android/android/bin/classes/androidx/drawerlayout/R$dimen.class' (336)
2026-10-03 05:41:19: Copy Over 'C:/rock/bannister/Bannister/obj/Debug/net8.0-android/android/bin/classes/androidx/drawerlayout/R$styleable.class' -> 'goodrive://www.googleapis.com/:personal:/bannister/bannister/obj/Debug/net8.0-android/android/bin/classes/androidx/drawerlayout/R$styleable.class' (450)
2026-10-03 05:41:19: Copy Over 'C:/rock/bannister/Bannister/obj/Debug/net8.0-android/android/bin/classes/androidx/drawerlayout/R.class' -> 'goodrive://www.googleapis.com/:personal:/bannister/bannister/obj/Debug/net8.0-android/android/bin/classes/androidx/drawerlayout/R.class' (380)
2026-10-03 05:41:22: Copy Over 'C:/rock/bannister/Bannister/obj/Debug/net8.0-android/android/bin/classes/androidx/emoji2/R.class' -> 'goodrive://www.googleapis.com/:personal:/bannister/bannister/obj/Debug/net8.0-android/android/bin/classes/androidx/emoji2/R.class' (192)
2026-10-03 05:41:22: Copy Over 'C:/rock/bannister/Bannister/obj/Debug/net8.0-android/android/bin/classes/androidx/exifinterface/R.class' -> 'goodrive://www.googleapis.com/:personal:/bannister/bannister/obj/Debug/net8.0-android/android/bin/classes/androidx/exifinterface/R.class' (199)
2026-10-03 05:41:22: Copy Over 'C:/rock/bannister/Bannister/obj/Debug/net8.0-android/android/bin/classes/androidx/emoji2/viewsintegration/R.class' -> 'goodrive://www.googleapis.com/:personal:/bannister/bannister/obj/Debug/net8.0-android/android/bin/classes/androidx/emoji2/viewsintegration/R.class' (209)
2026-10-03 05:41:25: Copy Over 'C:/rock/bannister/Bannister/obj/Debug/net8.0-android/android/bin/classes/androidx/fragment/ktx/R.class' -> 'goodrive://www.googleapis.com/:personal:/bannister/bannister/obj/Debug/net8.0-android/android/bin/classes/androidx/fragment/ktx/R.class' (198)
2026-10-03 05:41:26: Copy Over 'C:/rock/bannister/Bannister/obj/Debug/net8.0-android/android/bin/classes/androidx/fragment/R$anim.class' -> 'goodrive://www.googleapis.com/:personal:/bannister/bannister/obj/Debug/net8.0-android/android/bin/classes/androidx/fragment/R$anim.class' (337)
2026-10-03 05:41:26: Copy Over 'C:/rock/bannister/Bannister/obj/Debug/net8.0-android/android/bin/classes/androidx/fragment/R$animator.class' -> 'goodrive://www.googleapis.com/:personal:/bannister/bannister/obj/Debug/net8.0-android/android/bin/classes/androidx/fragment/R$animator.class' (547)
2026-10-03 05:41:29: Copy Over 'C:/rock/bannister/Bannister/obj/Debug/net8.0-android/android/bin/classes/androidx/fragment/R$id.class' -> 'goodrive://www.googleapis.com/:personal:/bannister/bannister/obj/Debug/net8.0-android/android/bin/classes/androidx/fragment/R$id.class' (446)
2026-10-03 05:41:29: Copy Over 'C:/rock/bannister/Bannister/obj/Debug/net8.0-android/android/bin/classes/androidx/fragment/R$styleable.class' -> 'goodrive://www.googleapis.com/:personal:/bannister/bannister/obj/Debug/net8.0-android/android/bin/classes/androidx/fragment/R$styleable.class' (711)
2026-10-03 05:41:29: Copy Over 'C:/rock/bannister/Bannister/obj/Debug/net8.0-android/android/bin/classes/androidx/fragment/R.class' -> 'goodrive://www.googleapis.com/:personal:/bannister/bannister/obj/Debug/net8.0-android/android/bin/classes/androidx/fragment/R.class' (411)
2026-10-03 05:41:32: Copy Over 'C:/rock/bannister/Bannister/obj/Debug/net8.0-android/android/bin/classes/androidx/interpolator/R.class' -> 'goodrive://www.googleapis.com/:personal:/bannister/bannister/obj/Debug/net8.0-android/android/bin/classes/androidx/interpolator/R.class' (198)
2026-10-03 05:41:32: Copy Over 'C:/rock/bannister/Bannister/obj/Debug/net8.0-android/android/bin/classes/androidx/lifecycle/ktx/R.class' -> 'goodrive://www.googleapis.com/:personal:/bannister/bannister/obj/Debug/net8.0-android/android/bin/classes/androidx/lifecycle/ktx/R.class' (199)
2026-10-03 05:41:32: Copy Over 'C:/rock/bannister/Bannister/obj/Debug/net8.0-android/android/bin/classes/androidx/legacy/coreutils/R$attr.class' -> 'goodrive://www.googleapis.com/:personal:/bannister/bannister/obj/Debug/net8.0-android/android/bin/classes/androidx/legacy/coreutils/R$attr.class' (766)
2026-10-03 05:41:36: Copy Over 'C:/rock/bannister/Bannister/obj/Debug/net8.0-android/android/bin/classes/androidx/lifecycle/livedata/core/ktx/R.class' -> 'goodrive://www.googleapis.com/:personal:/bannister/bannister/obj/Debug/net8.0-android/android/bin/classes/androidx/lifecycle/livedata/core/ktx/R.class' (213)
2026-10-03 05:41:36: Copy Over 'C:/rock/bannister/Bannister/obj/Debug/net8.0-android/android/bin/classes/androidx/lifecycle/livedata/core/R.class' -> 'goodrive://www.googleapis.com/:personal:/bannister/bannister/obj/Debug/net8.0-android/android/bin/classes/androidx/lifecycle/livedata/core/R.class' (209)
2026-10-03 05:41:37: Copy Over 'C:/rock/bannister/Bannister/obj/Debug/net8.0-android/android/bin/classes/androidx/lifecycle/livedata/R.class' -> 'goodrive://www.googleapis.com/:personal:/bannister/bannister/obj/Debug/net8.0-android/android/bin/classes/androidx/lifecycle/livedata/R.class' (204)
2026-10-03 05:41:40: Copy Over 'C:/rock/bannister/Bannister/obj/Debug/net8.0-android/android/bin/classes/androidx/lifecycle/process/R.class' -> 'goodrive://www.googleapis.com/:personal:/bannister/bannister/obj/Debug/net8.0-android/android/bin/classes/androidx/lifecycle/process/R.class' (203)
2026-10-03 05:41:40: Copy Over 'C:/rock/bannister/Bannister/obj/Debug/net8.0-android/android/bin/classes/androidx/lifecycle/runtime/R.class' -> 'goodrive://www.googleapis.com/:personal:/bannister/bannister/obj/Debug/net8.0-android/android/bin/classes/androidx/lifecycle/runtime/R.class' (276)
2026-10-03 05:41:40: Copy Over 'C:/rock/bannister/Bannister/obj/Debug/net8.0-android/android/bin/classes/androidx/lifecycle/runtime/R$id.class' -> 'goodrive://www.googleapis.com/:personal:/bannister/bannister/obj/Debug/net8.0-android/android/bin/classes/androidx/lifecycle/runtime/R$id.class' (345)
2026-10-03 05:41:43: Copy Over 'C:/rock/bannister/Bannister/obj/Debug/net8.0-android/android/bin/classes/androidx/legacy/coreutils/R$color.class' -> 'goodrive://www.googleapis.com/:personal:/bannister/bannister/obj/Debug/net8.0-android/android/bin/classes/androidx/legacy/coreutils/R$color.class' (512)
2026-10-03 05:41:43: Copy Over 'C:/rock/bannister/Bannister/obj/Debug/net8.0-android/android/bin/classes/androidx/lifecycle/viewmodel/ktx/R.class' -> 'goodrive://www.googleapis.com/:personal:/bannister/bannister/obj/Debug/net8.0-android/android/bin/classes/androidx/lifecycle/viewmodel/ktx/R.class' (209)
2026-10-03 05:41:43: Copy Over 'C:/rock/bannister/Bannister/obj/Debug/net8.0-android/android/bin/classes/androidx/lifecycle/viewmodel/R$id.class' -> 'goodrive://www.googleapis.com/:personal:/bannister/bannister/obj/Debug/net8.0-android/android/bin/classes/androidx/lifecycle/viewmodel/R$id.class' (356)
2026-10-03 05:41:46: Copy Over 'C:/rock/bannister/Bannister/obj/Debug/net8.0-android/android/bin/classes/androidx/legacy/coreutils/R$dimen.class' -> 'goodrive://www.googleapis.com/:personal:/bannister/bannister/obj/Debug/net8.0-android/android/bin/classes/androidx/legacy/coreutils/R$dimen.class' (1,561)
2026-10-03 05:41:47: Copy Over 'C:/rock/bannister/Bannister/obj/Debug/net8.0-android/android/bin/classes/androidx/lifecycle/viewmodel/R.class' -> 'goodrive://www.googleapis.com/:personal:/bannister/bannister/obj/Debug/net8.0-android/android/bin/classes/androidx/lifecycle/viewmodel/R.class' (280)
2026-10-03 05:41:47: Copy Over 'C:/rock/bannister/Bannister/obj/Debug/net8.0-android/android/bin/classes/androidx/lifecycle/viewmodel/savedstate/R.class' -> 'goodrive://www.googleapis.com/:personal:/bannister/bannister/obj/Debug/net8.0-android/android/bin/classes/androidx/lifecycle/viewmodel/savedstate/R.class' (216)
2026-10-03 05:41:50: Copy Over 'C:/rock/bannister/Bannister/obj/Debug/net8.0-android/android/bin/classes/androidx/legacy/coreutils/R$id.class' -> 'goodrive://www.googleapis.com/:personal:/bannister/bannister/obj/Debug/net8.0-android/android/bin/classes/androidx/legacy/coreutils/R$id.class' (1,294)
2026-10-03 05:41:50: Copy Over 'C:/rock/bannister/Bannister/obj/Debug/net8.0-android/android/bin/classes/androidx/legacy/coreutils/R$integer.class' -> 'goodrive://www.googleapis.com/:personal:/bannister/bannister/obj/Debug/net8.0-android/android/bin/classes/androidx/legacy/coreutils/R$integer.class' (363)
2026-10-03 05:41:50: Copy Over 'C:/rock/bannister/Bannister/obj/Debug/net8.0-android/android/bin/classes/androidx/legacy/coreutils/R$drawable.class' -> 'goodrive://www.googleapis.com/:personal:/bannister/bannister/obj/Debug/net8.0-android/android/bin/classes/androidx/legacy/coreutils/R$drawable.class' (906)
2026-10-03 05:41:53: Copy Over 'C:/rock/bannister/Bannister/obj/Debug/net8.0-android/android/bin/classes/androidx/legacy/coreutils/R$layout.class' -> 'goodrive://www.googleapis.com/:personal:/bannister/bannister/obj/Debug/net8.0-android/android/bin/classes/androidx/legacy/coreutils/R$layout.class' (627)
2026-10-03 05:41:53: Copy Over 'C:/rock/bannister/Bannister/obj/Debug/net8.0-android/android/bin/classes/androidx/legacy/coreutils/R$string.class' -> 'goodrive://www.googleapis.com/:personal:/bannister/bannister/obj/Debug/net8.0-android/android/bin/classes/androidx/legacy/coreutils/R$string.class' (363)
2026-10-03 05:41:54: Copy Over 'C:/rock/bannister/Bannister/obj/Debug/net8.0-android/android/bin/classes/androidx/legacy/coreutils/R$style.class' -> 'goodrive://www.googleapis.com/:personal:/bannister/bannister/obj/Debug/net8.0-android/android/bin/classes/androidx/legacy/coreutils/R$style.class' (737)
2026-10-03 05:41:56: Copy Over 'C:/rock/bannister/Bannister/obj/Debug/net8.0-android/android/bin/classes/androidx/legacy/coreutils/R$styleable.class' -> 'goodrive://www.googleapis.com/:personal:/bannister/bannister/obj/Debug/net8.0-android/android/bin/classes/androidx/legacy/coreutils/R$styleable.class' (2,629)
2026-10-03 05:41:57: Copy Over 'C:/rock/bannister/Bannister/obj/Debug/net8.0-android/android/bin/classes/androidx/legacy/coreutils/R.class' -> 'goodrive://www.googleapis.com/:personal:/bannister/bannister/obj/Debug/net8.0-android/android/bin/classes/androidx/legacy/coreutils/R.class' (789)
2026-10-03 05:41:58: Copy Over 'C:/rock/bannister/Bannister/obj/Debug/net8.0-android/android/bin/classes/androidx/loader/R$attr.class' -> 'goodrive://www.googleapis.com/:personal:/bannister/bannister/obj/Debug/net8.0-android/android/bin/classes/androidx/loader/R$attr.class' (746)
2026-10-03 05:42:00: Copy Over 'C:/rock/bannister/Bannister/obj/Debug/net8.0-android/android/bin/classes/androidx/localbroadcastmanager/R.class' -> 'goodrive://www.googleapis.com/:personal:/bannister/bannister/obj/Debug/net8.0-android/android/bin/classes/androidx/localbroadcastmanager/R.class' (207)
2026-10-03 05:42:00: Copy Over 'C:/rock/bannister/Bannister/obj/Debug/net8.0-android/android/bin/classes/androidx/loader/R$color.class' -> 'goodrive://www.googleapis.com/:personal:/bannister/bannister/obj/Debug/net8.0-android/android/bin/classes/androidx/loader/R$color.class' (492)
2026-10-03 05:42:01: Copy Over 'C:/rock/bannister/Bannister/obj/Debug/net8.0-android/android/bin/classes/androidx/loader/R$dimen.class' -> 'goodrive://www.googleapis.com/:personal:/bannister/bannister/obj/Debug/net8.0-android/android/bin/classes/androidx/loader/R$dimen.class' (1,541)
2026-10-03 05:42:04: Copy Over 'C:/rock/bannister/Bannister/obj/Debug/net8.0-android/android/bin/classes/androidx/loader/R$drawable.class' -> 'goodrive://www.googleapis.com/:personal:/bannister/bannister/obj/Debug/net8.0-android/android/bin/classes/androidx/loader/R$drawable.class' (886)
2026-10-03 05:42:04: Copy Over 'C:/rock/bannister/Bannister/obj/Debug/net8.0-android/android/bin/classes/androidx/loader/R$id.class' -> 'goodrive://www.googleapis.com/:personal:/bannister/bannister/obj/Debug/net8.0-android/android/bin/classes/androidx/loader/R$id.class' (1,274)
2026-10-03 05:42:04: Copy Over 'C:/rock/bannister/Bannister/obj/Debug/net8.0-android/android/bin/classes/androidx/loader/R$integer.class' -> 'goodrive://www.googleapis.com/:personal:/bannister/bannister/obj/Debug/net8.0-android/android/bin/classes/androidx/loader/R$integer.class' (343)
2026-10-03 05:42:07: Copy Over 'C:/rock/bannister/Bannister/obj/Debug/net8.0-android/android/bin/classes/androidx/loader/R$string.class' -> 'goodrive://www.googleapis.com/:personal:/bannister/bannister/obj/Debug/net8.0-android/android/bin/classes/androidx/loader/R$string.class' (343)
2026-10-03 05:42:07: Copy Over 'C:/rock/bannister/Bannister/obj/Debug/net8.0-android/android/bin/classes/androidx/loader/R$layout.class' -> 'goodrive://www.googleapis.com/:personal:/bannister/bannister/obj/Debug/net8.0-android/android/bin/classes/androidx/loader/R$layout.class' (607)
2026-10-03 05:42:07: Copy Over 'C:/rock/bannister/Bannister/obj/Debug/net8.0-android/android/bin/classes/androidx/loader/R$style.class' -> 'goodrive://www.googleapis.com/:personal:/bannister/bannister/obj/Debug/net8.0-android/android/bin/classes/androidx/loader/R$style.class' (717)
2026-10-03 05:42:11: Copy Over 'C:/rock/bannister/Bannister/obj/Debug/net8.0-android/android/bin/classes/androidx/loader/R.class' -> 'goodrive://www.googleapis.com/:personal:/bannister/bannister/obj/Debug/net8.0-android/android/bin/classes/androidx/loader/R.class' (679)
2026-10-03 05:42:11: Copy Over 'C:/rock/bannister/Bannister/obj/Debug/net8.0-android/android/bin/classes/androidx/loader/R$styleable.class' -> 'goodrive://www.googleapis.com/:personal:/bannister/bannister/obj/Debug/net8.0-android/android/bin/classes/androidx/loader/R$styleable.class' (2,609)
2026-10-03 05:42:11: Copy Over 'C:/rock/bannister/Bannister/obj/Debug/net8.0-android/android/bin/classes/androidx/print/R.class' -> 'goodrive://www.googleapis.com/:personal:/bannister/bannister/obj/Debug/net8.0-android/android/bin/classes/androidx/print/R.class' (191)
2026-10-03 05:42:14: Copy Over 'C:/rock/bannister/Bannister/obj/Debug/net8.0-android/android/bin/classes/androidx/navigation/common/R$attr.class' -> 'goodrive://www.googleapis.com/:personal:/bannister/bannister/obj/Debug/net8.0-android/android/bin/classes/androidx/navigation/common/R$attr.class' (878)
2026-10-03 05:42:14: Copy Over 'C:/rock/bannister/Bannister/obj/Debug/net8.0-android/android/bin/classes/androidx/navigation/common/R.class' -> 'goodrive://www.googleapis.com/:personal:/bannister/bannister/obj/Debug/net8.0-android/android/bin/classes/androidx/navigation/common/R.class' (344)
2026-10-03 05:42:14: Copy Over 'C:/rock/bannister/Bannister/obj/Debug/net8.0-android/android/bin/classes/androidx/navigation/common/R$styleable.class' -> 'goodrive://www.googleapis.com/:personal:/bannister/bannister/obj/Debug/net8.0-android/android/bin/classes/androidx/navigation/common/R$styleable.class' (1,803)
2026-10-03 05:42:17: Copy Over 'C:/rock/bannister/Bannister/obj/Debug/net8.0-android/android/bin/classes/androidx/navigation/R$attr.class' -> 'goodrive://www.googleapis.com/:personal:/bannister/bannister/obj/Debug/net8.0-android/android/bin/classes/androidx/navigation/R$attr.class' (477)
2026-10-03 05:42:18: Copy Over 'C:/rock/bannister/Bannister/obj/Debug/net8.0-android/android/bin/classes/androidx/navigation/fragment/R$attr.class' -> 'goodrive://www.googleapis.com/:personal:/bannister/bannister/obj/Debug/net8.0-android/android/bin/classes/androidx/navigation/fragment/R$attr.class' (342)
2026-10-03 05:42:18: Copy Over 'C:/rock/bannister/Bannister/obj/Debug/net8.0-android/android/bin/classes/androidx/navigation/fragment/R$dimen.class' -> 'goodrive://www.googleapis.com/:personal:/bannister/bannister/obj/Debug/net8.0-android/android/bin/classes/androidx/navigation/fragment/R$dimen.class' (360)
2026-10-03 05:42:20: Copy Over 'C:/rock/bannister/Bannister/obj/Debug/net8.0-android/android/bin/classes/androidx/navigation/fragment/R$id.class' -> 'goodrive://www.googleapis.com/:personal:/bannister/bannister/obj/Debug/net8.0-android/android/bin/classes/androidx/navigation/fragment/R$id.class' (447)
2026-10-03 05:42:21: Copy Over 'C:/rock/bannister/Bannister/obj/Debug/net8.0-android/android/bin/classes/androidx/navigation/fragment/R$styleable.class' -> 'goodrive://www.googleapis.com/:personal:/bannister/bannister/obj/Debug/net8.0-android/android/bin/classes/androidx/navigation/fragment/R$styleable.class' (696)
2026-10-03 05:42:21: Copy Over 'C:/rock/bannister/Bannister/obj/Debug/net8.0-android/android/bin/classes/androidx/navigation/fragment/R.class' -> 'goodrive://www.googleapis.com/:personal:/bannister/bannister/obj/Debug/net8.0-android/android/bin/classes/androidx/navigation/fragment/R.class' (460)
2026-10-03 05:42:24: Copy Over 'C:/rock/bannister/Bannister/obj/Debug/net8.0-android/android/bin/classes/androidx/navigation/R$id.class' -> 'goodrive://www.googleapis.com/:personal:/bannister/bannister/obj/Debug/net8.0-android/android/bin/classes/androidx/navigation/R$id.class' (329)
2026-10-03 05:42:24: Copy Over 'C:/rock/bannister/Bannister/obj/Debug/net8.0-android/android/bin/classes/androidx/navigation/R$styleable.class' -> 'goodrive://www.googleapis.com/:personal:/bannister/bannister/obj/Debug/net8.0-android/android/bin/classes/androidx/navigation/R$styleable.class' (870)
2026-10-03 05:42:25: Copy Over 'C:/rock/bannister/Bannister/obj/Debug/net8.0-android/android/bin/classes/androidx/navigation/R.class' -> 'goodrive://www.googleapis.com/:personal:/bannister/bannister/obj/Debug/net8.0-android/android/bin/classes/androidx/navigation/R.class' (366)
2026-10-03 05:42:27: Copy Over 'C:/rock/bannister/Bannister/obj/Debug/net8.0-android/android/bin/classes/androidx/navigation/ui/R$anim.class' -> 'goodrive://www.googleapis.com/:personal:/bannister/bannister/obj/Debug/net8.0-android/android/bin/classes/androidx/navigation/ui/R$anim.class' (482)
2026-10-03 05:42:28: Copy Over 'C:/rock/bannister/Bannister/obj/Debug/net8.0-android/android/bin/classes/androidx/profileinstaller/R.class' -> 'goodrive://www.googleapis.com/:personal:/bannister/bannister/obj/Debug/net8.0-android/android/bin/classes/androidx/profileinstaller/R.class' (202)
2026-10-03 05:42:28: Copy Over 'C:/rock/bannister/Bannister/obj/Debug/net8.0-android/android/bin/classes/androidx/navigation/ui/R$animator.class' -> 'goodrive://www.googleapis.com/:personal:/bannister/bannister/obj/Debug/net8.0-android/android/bin/classes/androidx/navigation/ui/R$animator.class' (490)
2026-10-03 05:42:31: Copy Over 'C:/rock/bannister/Bannister/obj/Debug/net8.0-android/android/bin/classes/androidx/navigation/ui/R$integer.class' -> 'goodrive://www.googleapis.com/:personal:/bannister/bannister/obj/Debug/net8.0-android/android/bin/classes/androidx/navigation/ui/R$integer.class' (340)
2026-10-03 05:42:32: Copy Over 'C:/rock/bannister/Bannister/obj/Debug/net8.0-android/android/bin/classes/androidx/navigation/ui/R.class' -> 'goodrive://www.googleapis.com/:personal:/bannister/bannister/obj/Debug/net8.0-android/android/bin/classes/androidx/navigation/ui/R.class' (440)
2026-10-03 05:42:32: Copy Over 'C:/rock/bannister/Bannister/obj/Debug/net8.0-android/android/bin/classes/androidx/navigation/ui/R$string.class' -> 'goodrive://www.googleapis.com/:personal:/bannister/bannister/obj/Debug/net8.0-android/android/bin/classes/androidx/navigation/ui/R$string.class' (448)
2026-10-03 05:42:34: Copy Over 'C:/rock/bannister/Bannister/obj/Debug/net8.0-android/android/bin/classes/androidx/recyclerview/R$attr.class' -> 'goodrive://www.googleapis.com/:personal:/bannister/bannister/obj/Debug/net8.0-android/android/bin/classes/androidx/recyclerview/R$attr.class' (739)
2026-10-03 05:42:35: Copy Over 'C:/rock/bannister/Bannister/obj/Debug/net8.0-android/android/bin/classes/androidx/savedstate/R$id.class' -> 'goodrive://www.googleapis.com/:personal:/bannister/bannister/obj/Debug/net8.0-android/android/bin/classes/androidx/savedstate/R$id.class' (342)
2026-10-03 05:42:35: Copy Over 'C:/rock/bannister/Bannister/obj/Debug/net8.0-android/android/bin/classes/androidx/savedstate/ktx/R.class' -> 'goodrive://www.googleapis.com/:personal:/bannister/bannister/obj/Debug/net8.0-android/android/bin/classes/androidx/savedstate/ktx/R.class' (200)
2026-10-03 05:42:38: Copy Over 'C:/rock/bannister/Bannister/obj/Debug/net8.0-android/android/bin/classes/androidx/recyclerview/R$dimen.class' -> 'goodrive://www.googleapis.com/:personal:/bannister/bannister/obj/Debug/net8.0-android/android/bin/classes/androidx/recyclerview/R$dimen.class' (630)
2026-10-03 05:42:38: Copy Over 'C:/rock/bannister/Bannister/obj/Debug/net8.0-android/android/bin/classes/androidx/savedstate/R.class' -> 'goodrive://www.googleapis.com/:personal:/bannister/bannister/obj/Debug/net8.0-android/android/bin/classes/androidx/savedstate/R.class' (262)
2026-10-03 05:42:38: Copy Over 'C:/rock/bannister/Bannister/obj/Debug/net8.0-android/android/bin/classes/androidx/recyclerview/R$id.class' -> 'goodrive://www.googleapis.com/:personal:/bannister/bannister/obj/Debug/net8.0-android/android/bin/classes/androidx/recyclerview/R$id.class' (346)
2026-10-03 05:42:41: Copy Over 'C:/rock/bannister/Bannister/obj/Debug/net8.0-android/android/bin/classes/androidx/recyclerview/R$styleable.class' -> 'goodrive://www.googleapis.com/:personal:/bannister/bannister/obj/Debug/net8.0-android/android/bin/classes/androidx/recyclerview/R$styleable.class' (1,227)
2026-10-03 05:42:41: Copy Over 'C:/rock/bannister/Bannister/obj/Debug/net8.0-android/android/bin/classes/androidx/recyclerview/R.class' -> 'goodrive://www.googleapis.com/:personal:/bannister/bannister/obj/Debug/net8.0-android/android/bin/classes/androidx/recyclerview/R.class' (425)
2026-10-03 05:42:42: Copy Over 'C:/rock/bannister/Bannister/obj/Debug/net8.0-android/android/bin/classes/androidx/security/R.class' -> 'goodrive://www.googleapis.com/:personal:/bannister/bannister/obj/Debug/net8.0-android/android/bin/classes/androidx/security/R.class' (194)
2026-10-03 05:42:45: Copy Over 'C:/rock/bannister/Bannister/obj/Debug/net8.0-android/android/bin/classes/androidx/swiperefreshlayout/R$attr.class' -> 'goodrive://www.googleapis.com/:personal:/bannister/bannister/obj/Debug/net8.0-android/android/bin/classes/androidx/swiperefreshlayout/R$attr.class' (842)
2026-10-03 05:42:46: Copy Over 'C:/rock/bannister/Bannister/obj/Debug/net8.0-android/android/bin/classes/androidx/startup/R$string.class' -> 'goodrive://www.googleapis.com/:personal:/bannister/bannister/obj/Debug/net8.0-android/android/bin/classes/androidx/startup/R$string.class' (324)
2026-10-03 05:42:46: Copy Over 'C:/rock/bannister/Bannister/obj/Debug/net8.0-android/android/bin/classes/androidx/slidingpanelayout/R.class' -> 'goodrive://www.googleapis.com/:personal:/bannister/bannister/obj/Debug/net8.0-android/android/bin/classes/androidx/slidingpanelayout/R.class' (203)
2026-10-03 05:42:48: Copy Over 'C:/rock/bannister/Bannister/obj/Debug/net8.0-android/android/bin/classes/androidx/swiperefreshlayout/R$color.class' -> 'goodrive://www.googleapis.com/:personal:/bannister/bannister/obj/Debug/net8.0-android/android/bin/classes/androidx/swiperefreshlayout/R$color.class' (516)
2026-10-03 05:42:49: Copy Over 'C:/rock/bannister/Bannister/obj/Debug/net8.0-android/android/bin/classes/androidx/swiperefreshlayout/R$drawable.class' -> 'goodrive://www.googleapis.com/:personal:/bannister/bannister/obj/Debug/net8.0-android/android/bin/classes/androidx/swiperefreshlayout/R$drawable.class' (910)
2026-10-03 05:42:49: Copy Over 'C:/rock/bannister/Bannister/obj/Debug/net8.0-android/android/bin/classes/androidx/swiperefreshlayout/R$dimen.class' -> 'goodrive://www.googleapis.com/:personal:/bannister/bannister/obj/Debug/net8.0-android/android/bin/classes/androidx/swiperefreshlayout/R$dimen.class' (1,565)
2026-10-03 05:42:52: Copy Over 'C:/rock/bannister/Bannister/obj/Debug/net8.0-android/android/bin/classes/androidx/swiperefreshlayout/R$id.class' -> 'goodrive://www.googleapis.com/:personal:/bannister/bannister/obj/Debug/net8.0-android/android/bin/classes/androidx/swiperefreshlayout/R$id.class' (3,370)
2026-10-03 05:42:52: Copy Over 'C:/rock/bannister/Bannister/obj/Debug/net8.0-android/android/bin/classes/androidx/swiperefreshlayout/R$layout.class' -> 'goodrive://www.googleapis.com/:personal:/bannister/bannister/obj/Debug/net8.0-android/android/bin/classes/androidx/swiperefreshlayout/R$layout.class' (668)
2026-10-03 05:42:53: Copy Over 'C:/rock/bannister/Bannister/obj/Debug/net8.0-android/android/bin/classes/androidx/swiperefreshlayout/R$integer.class' -> 'goodrive://www.googleapis.com/:personal:/bannister/bannister/obj/Debug/net8.0-android/android/bin/classes/androidx/swiperefreshlayout/R$integer.class' (367)
2026-10-03 05:42:55: Copy Over 'C:/rock/bannister/Bannister/obj/Debug/net8.0-android/android/bin/classes/androidx/swiperefreshlayout/R$string.class' -> 'goodrive://www.googleapis.com/:personal:/bannister/bannister/obj/Debug/net8.0-android/android/bin/classes/androidx/swiperefreshlayout/R$string.class' (367)
2026-10-03 05:42:56: Copy Over 'C:/rock/bannister/Bannister/obj/Debug/net8.0-android/android/bin/classes/androidx/swiperefreshlayout/R$style.class' -> 'goodrive://www.googleapis.com/:personal:/bannister/bannister/obj/Debug/net8.0-android/android/bin/classes/androidx/swiperefreshlayout/R$style.class' (741)
2026-10-03 05:42:56: Copy Over 'C:/rock/bannister/Bannister/obj/Debug/net8.0-android/android/bin/classes/androidx/swiperefreshlayout/R$styleable.class' -> 'goodrive://www.googleapis.com/:personal:/bannister/bannister/obj/Debug/net8.0-android/android/bin/classes/androidx/swiperefreshlayout/R$styleable.class' (2,778)
2026-10-03 05:42:59: Copy Over 'C:/rock/bannister/Bannister/obj/Debug/net8.0-android/android/bin/classes/androidx/swiperefreshlayout/R.class' -> 'goodrive://www.googleapis.com/:personal:/bannister/bannister/obj/Debug/net8.0-android/android/bin/classes/androidx/swiperefreshlayout/R.class' (811)
2026-10-03 05:42:59: Copy Over 'C:/rock/bannister/Bannister/obj/Debug/net8.0-android/android/bin/classes/androidx/startup/R.class' -> 'goodrive://www.googleapis.com/:personal:/bannister/bannister/obj/Debug/net8.0-android/android/bin/classes/androidx/startup/R.class' (264)
2026-10-03 05:43:00: Copy Over 'C:/rock/bannister/Bannister/obj/Debug/net8.0-android/android/bin/classes/androidx/tracing/R.class' -> 'goodrive://www.googleapis.com/:personal:/bannister/bannister/obj/Debug/net8.0-android/android/bin/classes/androidx/tracing/R.class' (193)
2026-10-03 05:43:03: Copy Over 'C:/rock/bannister/Bannister/obj/Debug/net8.0-android/android/bin/classes/androidx/transition/R$anim.class' -> 'goodrive://www.googleapis.com/:personal:/bannister/bannister/obj/Debug/net8.0-android/android/bin/classes/androidx/transition/R$anim.class' (845)
2026-10-03 05:43:03: Copy Over 'C:/rock/bannister/Bannister/obj/Debug/net8.0-android/android/bin/classes/androidx/transition/R$attr.class' -> 'goodrive://www.googleapis.com/:personal:/bannister/bannister/obj/Debug/net8.0-android/android/bin/classes/androidx/transition/R$attr.class' (11,464)
2026-10-03 05:43:03: Copy Over 'C:/rock/bannister/Bannister/obj/Debug/net8.0-android/android/bin/classes/androidx/transition/R$bool.class' -> 'goodrive://www.googleapis.com/:personal:/bannister/bannister/obj/Debug/net8.0-android/android/bin/classes/androidx/transition/R$bool.class' (391)
2026-10-03 05:43:06: Copy Over 'C:/rock/bannister/Bannister/obj/Debug/net8.0-android/android/bin/classes/androidx/transition/R$color.class' -> 'goodrive://www.googleapis.com/:personal:/bannister/bannister/obj/Debug/net8.0-android/android/bin/classes/androidx/transition/R$color.class' (4,628)
2026-10-03 05:43:06: Copy Over 'C:/rock/bannister/Bannister/obj/Debug/net8.0-android/android/bin/classes/androidx/transition/R$drawable.class' -> 'goodrive://www.googleapis.com/:personal:/bannister/bannister/obj/Debug/net8.0-android/android/bin/classes/androidx/transition/R$drawable.class' (4,846)
2026-10-03 05:43:06: Copy Over 'C:/rock/bannister/Bannister/obj/Debug/net8.0-android/android/bin/classes/androidx/transition/R$dimen.class' -> 'goodrive://www.googleapis.com/:personal:/bannister/bannister/obj/Debug/net8.0-android/android/bin/classes/androidx/transition/R$dimen.class' (6,730)
2026-10-03 05:43:09: Copy Over 'C:/rock/bannister/Bannister/obj/Debug/net8.0-android/android/bin/classes/androidx/transition/R$id.class' -> 'goodrive://www.googleapis.com/:personal:/bannister/bannister/obj/Debug/net8.0-android/android/bin/classes/androidx/transition/R$id.class' (6,708)
2026-10-03 05:43:09: Copy Over 'C:/rock/bannister/Bannister/obj/Debug/net8.0-android/android/bin/classes/androidx/transition/R$layout.class' -> 'goodrive://www.googleapis.com/:personal:/bannister/bannister/obj/Debug/net8.0-android/android/bin/classes/androidx/transition/R$layout.class' (2,282)
2026-10-03 05:43:10: Copy Over 'C:/rock/bannister/Bannister/obj/Debug/net8.0-android/android/bin/classes/androidx/transition/R$integer.class' -> 'goodrive://www.googleapis.com/:personal:/bannister/bannister/obj/Debug/net8.0-android/android/bin/classes/androidx/transition/R$integer.class' (550)
2026-10-03 05:43:13: Copy Over 'C:/rock/bannister/Bannister/obj/Debug/net8.0-android/android/bin/classes/androidx/transition/R$style.class' -> 'goodrive://www.googleapis.com/:personal:/bannister/bannister/obj/Debug/net8.0-android/android/bin/classes/androidx/transition/R$style.class' (21,640)
2026-10-03 05:43:13: Copy Over 'C:/rock/bannister/Bannister/obj/Debug/net8.0-android/android/bin/classes/androidx/transition/R$styleable.class' -> 'goodrive://www.googleapis.com/:personal:/bannister/bannister/obj/Debug/net8.0-android/android/bin/classes/androidx/transition/R$styleable.class' (29,138)
2026-10-03 05:43:13: Copy Over 'C:/rock/bannister/Bannister/obj/Debug/net8.0-android/android/bin/classes/androidx/transition/R$string.class' -> 'goodrive://www.googleapis.com/:personal:/bannister/bannister/obj/Debug/net8.0-android/android/bin/classes/androidx/transition/R$string.class' (1,834)
2026-10-03 05:43:16: Copy Over 'C:/rock/bannister/Bannister/obj/Debug/net8.0-android/android/bin/classes/androidx/vectordrawable/animated/R$attr.class' -> 'goodrive://www.googleapis.com/:personal:/bannister/bannister/obj/Debug/net8.0-android/android/bin/classes/androidx/vectordrawable/animated/R$attr.class' (780)
2026-10-03 05:43:16: Copy Over 'C:/rock/bannister/Bannister/obj/Debug/net8.0-android/android/bin/classes/androidx/versionedparcelable/R.class' -> 'goodrive://www.googleapis.com/:personal:/bannister/bannister/obj/Debug/net8.0-android/android/bin/classes/androidx/versionedparcelable/R.class' (205)
2026-10-03 05:43:16: Copy Over 'C:/rock/bannister/Bannister/obj/Debug/net8.0-android/android/bin/classes/androidx/transition/R.class' -> 'goodrive://www.googleapis.com/:personal:/bannister/bannister/obj/Debug/net8.0-android/android/bin/classes/androidx/transition/R.class' (817)
2026-10-03 05:43:20: Copy Over 'C:/rock/bannister/Bannister/obj/Debug/net8.0-android/android/bin/classes/androidx/vectordrawable/animated/R$dimen.class' -> 'goodrive://www.googleapis.com/:personal:/bannister/bannister/obj/Debug/net8.0-android/android/bin/classes/androidx/vectordrawable/animated/R$dimen.class' (1,575)
2026-10-03 05:43:20: Copy Over 'C:/rock/bannister/Bannister/obj/Debug/net8.0-android/android/bin/classes/androidx/vectordrawable/animated/R$drawable.class' -> 'goodrive://www.googleapis.com/:personal:/bannister/bannister/obj/Debug/net8.0-android/android/bin/classes/androidx/vectordrawable/animated/R$drawable.class' (920)
2026-10-03 05:43:20: Copy Over 'C:/rock/bannister/Bannister/obj/Debug/net8.0-android/android/bin/classes/androidx/vectordrawable/animated/R$color.class' -> 'goodrive://www.googleapis.com/:personal:/bannister/bannister/obj/Debug/net8.0-android/android/bin/classes/androidx/vectordrawable/animated/R$color.class' (526)
2026-10-03 05:43:23: Copy Over 'C:/rock/bannister/Bannister/obj/Debug/net8.0-android/android/bin/classes/androidx/vectordrawable/animated/R$layout.class' -> 'goodrive://www.googleapis.com/:personal:/bannister/bannister/obj/Debug/net8.0-android/android/bin/classes/androidx/vectordrawable/animated/R$layout.class' (678)
2026-10-03 05:43:23: Copy Over 'C:/rock/bannister/Bannister/obj/Debug/net8.0-android/android/bin/classes/androidx/vectordrawable/animated/R$integer.class' -> 'goodrive://www.googleapis.com/:personal:/bannister/bannister/obj/Debug/net8.0-android/android/bin/classes/androidx/vectordrawable/animated/R$integer.class' (377)
2026-10-03 05:43:23: Copy Over 'C:/rock/bannister/Bannister/obj/Debug/net8.0-android/android/bin/classes/androidx/vectordrawable/animated/R$id.class' -> 'goodrive://www.googleapis.com/:personal:/bannister/bannister/obj/Debug/net8.0-android/android/bin/classes/androidx/vectordrawable/animated/R$id.class' (3,380)
2026-10-03 05:43:26: Copy Over 'C:/rock/bannister/Bannister/obj/Debug/net8.0-android/android/bin/classes/androidx/vectordrawable/animated/R$string.class' -> 'goodrive://www.googleapis.com/:personal:/bannister/bannister/obj/Debug/net8.0-android/android/bin/classes/androidx/vectordrawable/animated/R$string.class' (377)
2026-10-03 05:43:27: Copy Over 'C:/rock/bannister/Bannister/obj/Debug/net8.0-android/android/bin/classes/androidx/vectordrawable/animated/R$styleable.class' -> 'goodrive://www.googleapis.com/:personal:/bannister/bannister/obj/Debug/net8.0-android/android/bin/classes/androidx/vectordrawable/animated/R$styleable.class' (2,643)
2026-10-03 05:43:27: Copy Over 'C:/rock/bannister/Bannister/obj/Debug/net8.0-android/android/bin/classes/androidx/vectordrawable/animated/R$style.class' -> 'goodrive://www.googleapis.com/:personal:/bannister/bannister/obj/Debug/net8.0-android/android/bin/classes/androidx/vectordrawable/animated/R$style.class' (751)
2026-10-03 05:43:30: Copy Over 'C:/rock/bannister/Bannister/obj/Debug/net8.0-android/android/bin/classes/androidx/vectordrawable/R$color.class' -> 'goodrive://www.googleapis.com/:personal:/bannister/bannister/obj/Debug/net8.0-android/android/bin/classes/androidx/vectordrawable/R$color.class' (508)
2026-10-03 05:43:30: Copy Over 'C:/rock/bannister/Bannister/obj/Debug/net8.0-android/android/bin/classes/androidx/vectordrawable/R$attr.class' -> 'goodrive://www.googleapis.com/:personal:/bannister/bannister/obj/Debug/net8.0-android/android/bin/classes/androidx/vectordrawable/R$attr.class' (762)
2026-10-03 05:43:31: Copy Over 'C:/rock/bannister/Bannister/obj/Debug/net8.0-android/android/bin/classes/androidx/vectordrawable/animated/R.class' -> 'goodrive://www.googleapis.com/:personal:/bannister/bannister/obj/Debug/net8.0-android/android/bin/classes/androidx/vectordrawable/animated/R.class' (866)
2026-10-03 05:43:33: Copy Over 'C:/rock/bannister/Bannister/obj/Debug/net8.0-android/android/bin/classes/androidx/vectordrawable/R$dimen.class' -> 'goodrive://www.googleapis.com/:personal:/bannister/bannister/obj/Debug/net8.0-android/android/bin/classes/androidx/vectordrawable/R$dimen.class' (1,557)
2026-10-03 05:43:34: Copy Over 'C:/rock/bannister/Bannister/obj/Debug/net8.0-android/android/bin/classes/androidx/vectordrawable/R$drawable.class' -> 'goodrive://www.googleapis.com/:personal:/bannister/bannister/obj/Debug/net8.0-android/android/bin/classes/androidx/vectordrawable/R$drawable.class' (902)
2026-10-03 05:43:34: Copy Over 'C:/rock/bannister/Bannister/obj/Debug/net8.0-android/android/bin/classes/androidx/vectordrawable/R$id.class' -> 'goodrive://www.googleapis.com/:personal:/bannister/bannister/obj/Debug/net8.0-android/android/bin/classes/androidx/vectordrawable/R$id.class' (3,362)
2026-10-03 05:43:36: Copy Over 'C:/rock/bannister/Bannister/obj/Debug/net8.0-android/android/bin/classes/androidx/vectordrawable/R$integer.class' -> 'goodrive://www.googleapis.com/:personal:/bannister/bannister/obj/Debug/net8.0-android/android/bin/classes/androidx/vectordrawable/R$integer.class' (359)
2026-10-03 05:43:37: Copy Over 'C:/rock/bannister/Bannister/obj/Debug/net8.0-android/android/bin/classes/androidx/vectordrawable/R$string.class' -> 'goodrive://www.googleapis.com/:personal:/bannister/bannister/obj/Debug/net8.0-android/android/bin/classes/androidx/vectordrawable/R$string.class' (359)
2026-10-03 05:43:37: Copy Over 'C:/rock/bannister/Bannister/obj/Debug/net8.0-android/android/bin/classes/androidx/vectordrawable/R$layout.class' -> 'goodrive://www.googleapis.com/:personal:/bannister/bannister/obj/Debug/net8.0-android/android/bin/classes/androidx/vectordrawable/R$layout.class' (660)
2026-10-03 05:43:40: Copy Over 'C:/rock/bannister/Bannister/obj/Debug/net8.0-android/android/bin/classes/androidx/vectordrawable/R$style.class' -> 'goodrive://www.googleapis.com/:personal:/bannister/bannister/obj/Debug/net8.0-android/android/bin/classes/androidx/vectordrawable/R$style.class' (733)
2026-10-03 05:43:41: Copy Over 'C:/rock/bannister/Bannister/obj/Debug/net8.0-android/android/bin/classes/androidx/vectordrawable/R.class' -> 'goodrive://www.googleapis.com/:personal:/bannister/bannister/obj/Debug/net8.0-android/android/bin/classes/androidx/vectordrawable/R.class' (767)
2026-10-03 05:43:41: Copy Over 'C:/rock/bannister/Bannister/obj/Debug/net8.0-android/android/bin/classes/androidx/vectordrawable/R$styleable.class' -> 'goodrive://www.googleapis.com/:personal:/bannister/bannister/obj/Debug/net8.0-android/android/bin/classes/androidx/vectordrawable/R$styleable.class' (2,625)
2026-10-03 05:43:44: Copy Over 'C:/rock/bannister/Bannister/obj/Debug/net8.0-android/android/bin/classes/androidx/viewpager/R$attr.class' -> 'goodrive://www.googleapis.com/:personal:/bannister/bannister/obj/Debug/net8.0-android/android/bin/classes/androidx/viewpager/R$attr.class' (752)
2026-10-03 05:43:45: Copy Over 'C:/rock/bannister/Bannister/obj/Debug/net8.0-android/android/bin/classes/androidx/viewpager2/R$attr.class' -> 'goodrive://www.googleapis.com/:personal:/bannister/bannister/obj/Debug/net8.0-android/android/bin/classes/androidx/viewpager2/R$attr.class' (1,203)
2026-10-03 05:43:45: Copy Over 'C:/rock/bannister/Bannister/obj/Debug/net8.0-android/android/bin/classes/androidx/viewpager2/R$color.class' -> 'goodrive://www.googleapis.com/:personal:/bannister/bannister/obj/Debug/net8.0-android/android/bin/classes/androidx/viewpager2/R$color.class' (500)
2026-10-03 05:43:49: Copy Over 'C:/rock/bannister/Bannister/obj/Debug/net8.0-android/android/bin/classes/androidx/viewpager2/R$drawable.class' -> 'goodrive://www.googleapis.com/:personal:/bannister/bannister/obj/Debug/net8.0-android/android/bin/classes/androidx/viewpager2/R$drawable.class' (894)
2026-10-03 05:43:49: Copy Over 'C:/rock/bannister/Bannister/obj/Debug/net8.0-android/android/bin/classes/androidx/viewpager2/R$dimen.class' -> 'goodrive://www.googleapis.com/:personal:/bannister/bannister/obj/Debug/net8.0-android/android/bin/classes/androidx/viewpager2/R$dimen.class' (1,887)
2026-10-03 05:43:49: Copy Over 'C:/rock/bannister/Bannister/obj/Debug/net8.0-android/android/bin/classes/androidx/viewpager2/R$id.class' -> 'goodrive://www.googleapis.com/:personal:/bannister/bannister/obj/Debug/net8.0-android/android/bin/classes/androidx/viewpager2/R$id.class' (3,414)
2026-10-03 05:43:52: Copy Over 'C:/rock/bannister/Bannister/obj/Debug/net8.0-android/android/bin/classes/androidx/viewpager2/R$layout.class' -> 'goodrive://www.googleapis.com/:personal:/bannister/bannister/obj/Debug/net8.0-android/android/bin/classes/androidx/viewpager2/R$layout.class' (652)
2026-10-03 05:43:52: Copy Over 'C:/rock/bannister/Bannister/obj/Debug/net8.0-android/android/bin/classes/androidx/viewpager2/R$integer.class' -> 'goodrive://www.googleapis.com/:personal:/bannister/bannister/obj/Debug/net8.0-android/android/bin/classes/androidx/viewpager2/R$integer.class' (351)
2026-10-03 05:43:52: Copy Over 'C:/rock/bannister/Bannister/obj/Debug/net8.0-android/android/bin/classes/androidx/viewpager2/R$string.class' -> 'goodrive://www.googleapis.com/:personal:/bannister/bannister/obj/Debug/net8.0-android/android/bin/classes/androidx/viewpager2/R$string.class' (351)
2026-10-03 05:43:55: Copy Over 'C:/rock/bannister/Bannister/obj/Debug/net8.0-android/android/bin/classes/androidx/viewpager2/R$style.class' -> 'goodrive://www.googleapis.com/:personal:/bannister/bannister/obj/Debug/net8.0-android/android/bin/classes/androidx/viewpager2/R$style.class' (725)
2026-10-03 05:43:55: Copy Over 'C:/rock/bannister/Bannister/obj/Debug/net8.0-android/android/bin/classes/androidx/viewpager2/R$styleable.class' -> 'goodrive://www.googleapis.com/:personal:/bannister/bannister/obj/Debug/net8.0-android/android/bin/classes/androidx/viewpager2/R$styleable.class' (3,528)
2026-10-03 05:43:56: Copy Over 'C:/rock/bannister/Bannister/obj/Debug/net8.0-android/android/bin/classes/androidx/viewpager2/R.class' -> 'goodrive://www.googleapis.com/:personal:/bannister/bannister/obj/Debug/net8.0-android/android/bin/classes/androidx/viewpager2/R.class' (723)
2026-10-03 05:43:58: Copy Over 'C:/rock/bannister/Bannister/obj/Debug/net8.0-android/android/bin/classes/androidx/viewpager/R$color.class' -> 'goodrive://www.googleapis.com/:personal:/bannister/bannister/obj/Debug/net8.0-android/android/bin/classes/androidx/viewpager/R$color.class' (498)
2026-10-03 05:43:59: Copy Over 'C:/rock/bannister/Bannister/obj/Debug/net8.0-android/android/bin/classes/androidx/viewpager/R$dimen.class' -> 'goodrive://www.googleapis.com/:personal:/bannister/bannister/obj/Debug/net8.0-android/android/bin/classes/androidx/viewpager/R$dimen.class' (1,547)
2026-10-03 05:44:00: Copy Over 'C:/rock/bannister/Bannister/obj/Debug/net8.0-android/android/bin/classes/androidx/viewpager/R$drawable.class' -> 'goodrive://www.googleapis.com/:personal:/bannister/bannister/obj/Debug/net8.0-android/android/bin/classes/androidx/viewpager/R$drawable.class' (892)
2026-10-03 05:44:02: Copy Over 'C:/rock/bannister/Bannister/obj/Debug/net8.0-android/android/bin/classes/androidx/viewpager/R$id.class' -> 'goodrive://www.googleapis.com/:personal:/bannister/bannister/obj/Debug/net8.0-android/android/bin/classes/androidx/viewpager/R$id.class' (1,280)
2026-10-03 05:44:03: Copy Over 'C:/rock/bannister/Bannister/obj/Debug/net8.0-android/android/bin/classes/androidx/viewpager/R$integer.class' -> 'goodrive://www.googleapis.com/:personal:/bannister/bannister/obj/Debug/net8.0-android/android/bin/classes/androidx/viewpager/R$integer.class' (349)
2026-10-03 05:44:03: Copy Over 'C:/rock/bannister/Bannister/obj/Debug/net8.0-android/android/bin/classes/androidx/viewpager/R$layout.class' -> 'goodrive://www.googleapis.com/:personal:/bannister/bannister/obj/Debug/net8.0-android/android/bin/classes/androidx/viewpager/R$layout.class' (613)
2026-10-03 05:44:06: Copy Over 'C:/rock/bannister/Bannister/obj/Debug/net8.0-android/android/bin/classes/androidx/viewpager/R$string.class' -> 'goodrive://www.googleapis.com/:personal:/bannister/bannister/obj/Debug/net8.0-android/android/bin/classes/androidx/viewpager/R$string.class' (349)
2026-10-03 05:44:06: Copy Over 'C:/rock/bannister/Bannister/obj/Debug/net8.0-android/android/bin/classes/androidx/viewpager/R$style.class' -> 'goodrive://www.googleapis.com/:personal:/bannister/bannister/obj/Debug/net8.0-android/android/bin/classes/androidx/viewpager/R$style.class' (723)
2026-10-03 05:44:06: Copy Over 'C:/rock/bannister/Bannister/obj/Debug/net8.0-android/android/bin/classes/androidx/viewpager/R$styleable.class' -> 'goodrive://www.googleapis.com/:personal:/bannister/bannister/obj/Debug/net8.0-android/android/bin/classes/androidx/viewpager/R$styleable.class' (2,615)
2026-10-03 05:44:09: Copy Over 'C:/rock/bannister/Bannister/obj/Debug/net8.0-android/android/bin/classes/androidx/viewpager/R.class' -> 'goodrive://www.googleapis.com/:personal:/bannister/bannister/obj/Debug/net8.0-android/android/bin/classes/androidx/viewpager/R.class' (712)
2026-10-03 05:44:09: Copy Over 'C:/rock/bannister/Bannister/obj/Debug/net8.0-android/android/bin/classes/crc640a1f4d108c17e3f1/ClipboardChangeListener.class' -> 'goodrive://www.googleapis.com/:personal:/bannister/bannister/obj/Debug/net8.0-android/android/bin/classes/crc640a1f4d108c17e3f1/ClipboardChangeListener.class' (1,711)
2026-10-03 05:44:10: Copy Over 'C:/rock/bannister/Bannister/obj/Debug/net8.0-android/android/bin/classes/androidx/window/R$attr.class' -> 'goodrive://www.googleapis.com/:personal:/bannister/bannister/obj/Debug/net8.0-android/android/bin/classes/androidx/window/R$attr.class' (1,181)
2026-10-03 05:44:12: Copy Over 'C:/rock/bannister/Bannister/obj/Debug/net8.0-android/android/bin/classes/androidx/window/extensions/core/R.class' -> 'goodrive://www.googleapis.com/:personal:/bannister/bannister/obj/Debug/net8.0-android/android/bin/classes/androidx/window/extensions/core/R.class' (208)
2026-10-03 05:44:12: Copy Over 'C:/rock/bannister/Bannister/obj/Debug/net8.0-android/android/bin/classes/androidx/window/R$id.class' -> 'goodrive://www.googleapis.com/:personal:/bannister/bannister/obj/Debug/net8.0-android/android/bin/classes/androidx/window/R$id.class' (646)
2026-10-03 05:44:14: Copy Over 'C:/rock/bannister/Bannister/obj/Debug/net8.0-android/android/bin/classes/androidx/window/R$styleable.class' -> 'goodrive://www.googleapis.com/:personal:/bannister/bannister/obj/Debug/net8.0-android/android/bin/classes/androidx/window/R$styleable.class' (2,587)
2026-10-03 05:44:16: Copy Over 'C:/rock/bannister/Bannister/obj/Debug/net8.0-android/android/bin/classes/androidx/window/R.class' -> 'goodrive://www.googleapis.com/:personal:/bannister/bannister/obj/Debug/net8.0-android/android/bin/classes/androidx/window/R.class' (350)
2026-10-03 05:44:16: Copy Over 'C:/rock/bannister/Bannister/obj/Debug/net8.0-android/android/bin/classes/crc640a8d9a12ddbf2cf2/BatteryBroadcastReceiver.class' -> 'goodrive://www.googleapis.com/:personal:/bannister/bannister/obj/Debug/net8.0-android/android/bin/classes/crc640a8d9a12ddbf2cf2/BatteryBroadcastReceiver.class' (1,535)
2026-10-03 05:44:18: Copy Over 'C:/rock/bannister/Bannister/obj/Debug/net8.0-android/android/bin/classes/crc640ec207abc449b2ca/ContainerView.class' -> 'goodrive://www.googleapis.com/:personal:/bannister/bannister/obj/Debug/net8.0-android/android/bin/classes/crc640ec207abc449b2ca/ContainerView.class' (2,662)
2026-10-03 05:44:19: Copy Over 'C:/rock/bannister/Bannister/obj/Debug/net8.0-android/android/bin/classes/crc640ec207abc449b2ca/CustomFrameLayout.class' -> 'goodrive://www.googleapis.com/:personal:/bannister/bannister/obj/Debug/net8.0-android/android/bin/classes/crc640ec207abc449b2ca/CustomFrameLayout.class' (2,688)
2026-10-03 05:44:19: Copy Over 'C:/rock/bannister/Bannister/obj/Debug/net8.0-android/android/bin/classes/crc640ec207abc449b2ca/RecyclerViewContainer.class' -> 'goodrive://www.googleapis.com/:personal:/bannister/bannister/obj/Debug/net8.0-android/android/bin/classes/crc640ec207abc449b2ca/RecyclerViewContainer.class' (2,053)
2026-10-03 05:44:21: Copy Over 'C:/rock/bannister/Bannister/obj/Debug/net8.0-android/android/bin/classes/crc640ec207abc449b2ca/ScrollLayoutManager.class' -> 'goodrive://www.googleapis.com/:personal:/bannister/bannister/obj/Debug/net8.0-android/android/bin/classes/crc640ec207abc449b2ca/ScrollLayoutManager.class' (2,350)
2026-10-03 05:44:22: Copy Over 'C:/rock/bannister/Bannister/obj/Debug/net8.0-android/android/bin/classes/crc640ec207abc449b2ca/ShellContentFragment.class' -> 'goodrive://www.googleapis.com/:personal:/bannister/bannister/obj/Debug/net8.0-android/android/bin/classes/crc640ec207abc449b2ca/ShellContentFragment.class' (3,624)
2026-10-03 05:44:23: Copy Over 'C:/rock/bannister/Bannister/obj/Debug/net8.0-android/android/bin/classes/crc640ec207abc449b2ca/ShellFlyoutLayout.class' -> 'goodrive://www.googleapis.com/:personal:/bannister/bannister/obj/Debug/net8.0-android/android/bin/classes/crc640ec207abc449b2ca/ShellFlyoutLayout.class' (2,203)
2026-10-03 05:44:24: Copy Over 'C:/rock/bannister/Bannister/obj/Debug/net8.0-android/android/bin/classes/crc640ec207abc449b2ca/ShellFlyoutRecyclerAdapter.class' -> 'goodrive://www.googleapis.com/:personal:/bannister/bannister/obj/Debug/net8.0-android/android/bin/classes/crc640ec207abc449b2ca/ShellFlyoutRecyclerAdapter.class' (2,757)
2026-10-03 05:44:26: Copy Over 'C:/rock/bannister/Bannister/obj/Debug/net8.0-android/android/bin/classes/crc640ec207abc449b2ca/ShellFlyoutRecyclerAdapter_ElementViewHolder.class' -> 'goodrive://www.googleapis.com/:personal:/bannister/bannister/obj/Debug/net8.0-android/android/bin/classes/crc640ec207abc449b2ca/ShellFlyoutRecyclerAdapter_ElementViewHolder.class' (1,537)
2026-10-03 05:44:26: Copy Over 'C:/rock/bannister/Bannister/obj/Debug/net8.0-android/android/bin/classes/crc640ec207abc449b2ca/ShellFlyoutRecyclerAdapter_ShellLinearLayout.class' -> 'goodrive://www.googleapis.com/:personal:/bannister/bannister/obj/Debug/net8.0-android/android/bin/classes/crc640ec207abc449b2ca/ShellFlyoutRecyclerAdapter_ShellLinearLayout.class' (2,466)
2026-10-03 05:44:27: Copy Over 'C:/rock/bannister/Bannister/obj/Debug/net8.0-android/android/bin/classes/crc640ec207abc449b2ca/ShellFlyoutRenderer.class' -> 'goodrive://www.googleapis.com/:personal:/bannister/bannister/obj/Debug/net8.0-android/android/bin/classes/crc640ec207abc449b2ca/ShellFlyoutRenderer.class' (2,572)
2026-10-03 05:44:29: Copy Over 'C:/rock/bannister/Bannister/obj/Debug/net8.0-android/android/bin/classes/crc640ec207abc449b2ca/ShellFlyoutTemplatedContentRenderer_HeaderContainer.class' -> 'goodrive://www.googleapis.com/:personal:/bannister/bannister/obj/Debug/net8.0-android/android/bin/classes/crc640ec207abc449b2ca/ShellFlyoutTemplatedContentRenderer_HeaderContainer.class' (2,789)
2026-10-03 05:44:30: Copy Over 'C:/rock/bannister/Bannister/obj/Debug/net8.0-android/android/bin/classes/crc640ec207abc449b2ca/ShellFlyoutTemplatedContentRenderer.class' -> 'goodrive://www.googleapis.com/:personal:/bannister/bannister/obj/Debug/net8.0-android/android/bin/classes/crc640ec207abc449b2ca/ShellFlyoutTemplatedContentRenderer.class' (1,876)
2026-10-03 05:44:30: Copy Over 'C:/rock/bannister/Bannister/obj/Debug/net8.0-android/android/bin/classes/crc640ec207abc449b2ca/ShellFragmentContainer.class' -> 'goodrive://www.googleapis.com/:personal:/bannister/bannister/obj/Debug/net8.0-android/android/bin/classes/crc640ec207abc449b2ca/ShellFragmentContainer.class' (2,162)
2026-10-03 05:44:32: Copy Over 'C:/rock/bannister/Bannister/obj/Debug/net8.0-android/android/bin/classes/crc640ec207abc449b2ca/ShellFragmentStateAdapter.class' -> 'goodrive://www.googleapis.com/:personal:/bannister/bannister/obj/Debug/net8.0-android/android/bin/classes/crc640ec207abc449b2ca/ShellFragmentStateAdapter.class' (2,752)
2026-10-03 05:44:33: Copy Over 'C:/rock/bannister/Bannister/obj/Debug/net8.0-android/android/bin/classes/crc640ec207abc449b2ca/ShellItemRenderer.class' -> 'goodrive://www.googleapis.com/:personal:/bannister/bannister/obj/Debug/net8.0-android/android/bin/classes/crc640ec207abc449b2ca/ShellItemRenderer.class' (2,599)
2026-10-03 05:44:34: Copy Over 'C:/rock/bannister/Bannister/obj/Debug/net8.0-android/android/bin/classes/crc640ec207abc449b2ca/ShellItemRendererBase.class' -> 'goodrive://www.googleapis.com/:personal:/bannister/bannister/obj/Debug/net8.0-android/android/bin/classes/crc640ec207abc449b2ca/ShellItemRendererBase.class' (1,619)
2026-10-03 05:44:36: Copy Over 'C:/rock/bannister/Bannister/obj/Debug/net8.0-android/android/bin/classes/crc640ec207abc449b2ca/ShellPageContainer.class' -> 'goodrive://www.googleapis.com/:personal:/bannister/bannister/obj/Debug/net8.0-android/android/bin/classes/crc640ec207abc449b2ca/ShellPageContainer.class' (2,677)
2026-10-03 05:44:36: Copy Over 'C:/rock/bannister/Bannister/obj/Debug/net8.0-android/android/bin/classes/crc640ec207abc449b2ca/ShellSearchView.class' -> 'goodrive://www.googleapis.com/:personal:/bannister/bannister/obj/Debug/net8.0-android/android/bin/classes/crc640ec207abc449b2ca/ShellSearchView.class' (4,454)
2026-10-03 05:44:37: Copy Over 'C:/rock/bannister/Bannister/obj/Debug/net8.0-android/android/bin/classes/crc640ec207abc449b2ca/ShellSearchView_ClipDrawableWrapper.class' -> 'goodrive://www.googleapis.com/:personal:/bannister/bannister/obj/Debug/net8.0-android/android/bin/classes/crc640ec207abc449b2ca/ShellSearchView_ClipDrawableWrapper.class' (1,666)
2026-10-03 05:44:39: Copy Over 'C:/rock/bannister/Bannister/obj/Debug/net8.0-android/android/bin/classes/crc640ec207abc449b2ca/ShellSearchViewAdapter.class' -> 'goodrive://www.googleapis.com/:personal:/bannister/bannister/obj/Debug/net8.0-android/android/bin/classes/crc640ec207abc449b2ca/ShellSearchViewAdapter.class' (2,282)
2026-10-03 05:44:40: Copy Over 'C:/rock/bannister/Bannister/obj/Debug/net8.0-android/android/bin/classes/crc640ec207abc449b2ca/ShellSearchViewAdapter_CustomFilter.class' -> 'goodrive://www.googleapis.com/:personal:/bannister/bannister/obj/Debug/net8.0-android/android/bin/classes/crc640ec207abc449b2ca/ShellSearchViewAdapter_CustomFilter.class' (2,238)
2026-10-03 05:44:40: Copy Over 'C:/rock/bannister/Bannister/obj/Debug/net8.0-android/android/bin/classes/crc640ec207abc449b2ca/ShellSearchViewAdapter_ObjectWrapper.class' -> 'goodrive://www.googleapis.com/:personal:/bannister/bannister/obj/Debug/net8.0-android/android/bin/classes/crc640ec207abc449b2ca/ShellSearchViewAdapter_ObjectWrapper.class' (1,430)
2026-10-03 05:44:42: Copy Over 'C:/rock/bannister/Bannister/obj/Debug/net8.0-android/android/bin/classes/crc640ec207abc449b2ca/ShellSectionRenderer.class' -> 'goodrive://www.googleapis.com/:personal:/bannister/bannister/obj/Debug/net8.0-android/android/bin/classes/crc640ec207abc449b2ca/ShellSectionRenderer.class' (3,126)
2026-10-03 05:44:44: Copy Over 'C:/rock/bannister/Bannister/obj/Debug/net8.0-android/android/bin/classes/crc640ec207abc449b2ca/ShellSectionRenderer_ViewPagerPageChanged.class' -> 'goodrive://www.googleapis.com/:personal:/bannister/bannister/obj/Debug/net8.0-android/android/bin/classes/crc640ec207abc449b2ca/ShellSectionRenderer_ViewPagerPageChanged.class' (1,902)
2026-10-03 05:44:44: Copy Over 'C:/rock/bannister/Bannister/obj/Debug/net8.0-android/android/bin/classes/crc640ec207abc449b2ca/ShellToolbarTracker.class' -> 'goodrive://www.googleapis.com/:personal:/bannister/bannister/obj/Debug/net8.0-android/android/bin/classes/crc640ec207abc449b2ca/ShellToolbarTracker.class' (1,629)
2026-10-03 05:44:46: Copy Over 'C:/rock/bannister/Bannister/obj/Debug/net8.0-android/android/bin/classes/crc640ec207abc449b2ca/ShellToolbarTracker_FlyoutIconDrawerDrawable.class' -> 'goodrive://www.googleapis.com/:personal:/bannister/bannister/obj/Debug/net8.0-android/android/bin/classes/crc640ec207abc449b2ca/ShellToolbarTracker_FlyoutIconDrawerDrawable.class' (1,657)
2026-10-03 05:44:47: Copy Over 'C:/rock/bannister/Bannister/obj/Debug/net8.0-android/android/bin/classes/crc640a8d9a12ddbf2cf2/DeviceDisplayImplementation_Listener.class' -> 'goodrive://www.googleapis.com/:personal:/bannister/bannister/obj/Debug/net8.0-android/android/bin/classes/crc640a8d9a12ddbf2cf2/DeviceDisplayImplementation_Listener.class' (1,891)
2026-10-03 05:44:48: Copy Over 'C:/rock/bannister/Bannister/obj/Debug/net8.0-android/android/bin/classes/crc640a8d9a12ddbf2cf2/EnergySaverBroadcastReceiver.class' -> 'goodrive://www.googleapis.com/:personal:/bannister/bannister/obj/Debug/net8.0-android/android/bin/classes/crc640a8d9a12ddbf2cf2/EnergySaverBroadcastReceiver.class' (1,547)
2026-10-03 05:44:49: Copy Over 'C:/rock/bannister/Bannister/obj/Debug/net8.0-android/android/bin/classes/crc640fd0ddb16fe433d4/TouchBehavior_AccessibilityListener.class' -> 'goodrive://www.googleapis.com/:personal:/bannister/bannister/obj/Debug/net8.0-android/android/bin/classes/crc640fd0ddb16fe433d4/TouchBehavior_AccessibilityListener.class' (2,341)
2026-10-03 05:44:51: Copy Over 'C:/rock/bannister/Bannister/obj/Debug/net8.0-android/android/bin/classes/crc64124e178812aeed4c/FrameRenderer.class' -> 'goodrive://www.googleapis.com/:personal:/bannister/bannister/obj/Debug/net8.0-android/android/bin/classes/crc64124e178812aeed4c/FrameRenderer.class' (2,787)
2026-10-03 05:44:51: Copy Over 'C:/rock/bannister/Bannister/obj/Debug/net8.0-android/android/bin/classes/crc64124e178812aeed4c/ButtonRenderer.class' -> 'goodrive://www.googleapis.com/:personal:/bannister/bannister/obj/Debug/net8.0-android/android/bin/classes/crc64124e178812aeed4c/ButtonRenderer.class' (4,672)
2026-10-03 05:44:53: Copy Over 'C:/rock/bannister/Bannister/obj/Debug/net8.0-android/android/bin/classes/crc64124e178812aeed4c/ImageRenderer.class' -> 'goodrive://www.googleapis.com/:personal:/bannister/bannister/obj/Debug/net8.0-android/android/bin/classes/crc64124e178812aeed4c/ImageRenderer.class' (3,100)
2026-10-03 05:44:54: Copy Over 'C:/rock/bannister/Bannister/obj/Debug/net8.0-android/android/bin/classes/crc64124e178812aeed4c/LabelRenderer.class' -> 'goodrive://www.googleapis.com/:personal:/bannister/bannister/obj/Debug/net8.0-android/android/bin/classes/crc64124e178812aeed4c/LabelRenderer.class' (2,432)
2026-10-03 05:44:54: Copy Over 'C:/rock/bannister/Bannister/obj/Debug/net8.0-android/android/bin/classes/crc6413a2ffd8f229512a/CarouselViewAdapter_2.class' -> 'goodrive://www.googleapis.com/:personal:/bannister/bannister/obj/Debug/net8.0-android/android/bin/classes/crc6413a2ffd8f229512a/CarouselViewAdapter_2.class' (1,928)
2026-10-03 05:44:56: Copy Over 'C:/rock/bannister/Bannister/obj/Debug/net8.0-android/android/bin/classes/crc64159f3caeb1269279/MauiDrawingView.class' -> 'goodrive://www.googleapis.com/:personal:/bannister/bannister/obj/Debug/net8.0-android/android/bin/classes/crc64159f3caeb1269279/MauiDrawingView.class' (2,609)
2026-10-03 05:44:57: Copy Over 'C:/rock/bannister/Bannister/obj/Debug/net8.0-android/android/bin/classes/crc64159f3caeb1269279/MauiPopup.class' -> 'goodrive://www.googleapis.com/:personal:/bannister/bannister/obj/Debug/net8.0-android/android/bin/classes/crc64159f3caeb1269279/MauiPopup.class' (2,633)
2026-10-03 05:44:57: Copy Over 'C:/rock/bannister/Bannister/obj/Debug/net8.0-android/android/bin/classes/crc64159f3caeb1269279/MauiSemanticOrderView.class' -> 'goodrive://www.googleapis.com/:personal:/bannister/bannister/obj/Debug/net8.0-android/android/bin/classes/crc64159f3caeb1269279/MauiSemanticOrderView.class' (2,549)
2026-10-03 05:45:00: Copy Over 'C:/rock/bannister/Bannister/obj/Debug/net8.0-android/android/bin/classes/crc6413a2ffd8f229512a/RecyclerViewScrollListener_2.class' -> 'goodrive://www.googleapis.com/:personal:/bannister/bannister/obj/Debug/net8.0-android/android/bin/classes/crc6413a2ffd8f229512a/RecyclerViewScrollListener_2.class' (1,721)
2026-10-03 05:45:00: Copy Over 'C:/rock/bannister/Bannister/obj/Debug/net8.0-android/android/bin/classes/crc64338477404e88479c/ColorChangeRevealDrawable.class' -> 'goodrive://www.googleapis.com/:personal:/bannister/bannister/obj/Debug/net8.0-android/android/bin/classes/crc64338477404e88479c/ColorChangeRevealDrawable.class' (1,463)
2026-10-03 05:45:00: Copy Over 'C:/rock/bannister/Bannister/obj/Debug/net8.0-android/android/bin/classes/crc64396a3fe5f8138e3f/CustomTabsServiceConnectionImpl.class' -> 'goodrive://www.googleapis.com/:personal:/bannister/bannister/obj/Debug/net8.0-android/android/bin/classes/crc64396a3fe5f8138e3f/CustomTabsServiceConnectionImpl.class' (2,018)
2026-10-03 05:45:03: Copy Over 'C:/rock/bannister/Bannister/obj/Debug/net8.0-android/android/bin/classes/crc64396a3fe5f8138e3f/KeepAliveService.class' -> 'goodrive://www.googleapis.com/:personal:/bannister/bannister/obj/Debug/net8.0-android/android/bin/classes/crc64396a3fe5f8138e3f/KeepAliveService.class' (1,447)
2026-10-03 05:45:04: Copy Over 'C:/rock/bannister/Bannister/obj/Debug/net8.0-android/android/bin/classes/crc64338477404e88479c/ControlsAccessibilityDelegate.class' -> 'goodrive://www.googleapis.com/:personal:/bannister/bannister/obj/Debug/net8.0-android/android/bin/classes/crc64338477404e88479c/ControlsAccessibilityDelegate.class' (2,397)
2026-10-03 05:45:04: Copy Over 'C:/rock/bannister/Bannister/obj/Debug/net8.0-android/android/bin/classes/crc64338477404e88479c/DragAndDropGestureHandler.class' -> 'goodrive://www.googleapis.com/:personal:/bannister/bannister/obj/Debug/net8.0-android/android/bin/classes/crc64338477404e88479c/DragAndDropGestureHandler.class' (1,695)
2026-10-03 05:45:07: Copy Over 'C:/rock/bannister/Bannister/obj/Debug/net8.0-android/android/bin/classes/crc64338477404e88479c/FragmentContainer.class' -> 'goodrive://www.googleapis.com/:personal:/bannister/bannister/obj/Debug/net8.0-android/android/bin/classes/crc64338477404e88479c/FragmentContainer.class' (2,113)
2026-10-03 05:45:07: Copy Over 'C:/rock/bannister/Bannister/obj/Debug/net8.0-android/android/bin/classes/crc64338477404e88479c/GenericAnimatorListener.class' -> 'goodrive://www.googleapis.com/:personal:/bannister/bannister/obj/Debug/net8.0-android/android/bin/classes/crc64338477404e88479c/GenericAnimatorListener.class' (2,065)
2026-10-03 05:45:07: Copy Over 'C:/rock/bannister/Bannister/obj/Debug/net8.0-android/android/bin/classes/crc64338477404e88479c/DragAndDropGestureHandler_CustomLocalStateData.class' -> 'goodrive://www.googleapis.com/:personal:/bannister/bannister/obj/Debug/net8.0-android/android/bin/classes/crc64338477404e88479c/DragAndDropGestureHandler_CustomLocalStateData.class' (1,281)
2026-10-03 05:45:10: Copy Over 'C:/rock/bannister/Bannister/obj/Debug/net8.0-android/android/bin/classes/crc64338477404e88479c/GradientStrokeDrawable.class' -> 'goodrive://www.googleapis.com/:personal:/bannister/bannister/obj/Debug/net8.0-android/android/bin/classes/crc64338477404e88479c/GradientStrokeDrawable.class' (1,882)
2026-10-03 05:45:10: Copy Over 'C:/rock/bannister/Bannister/obj/Debug/net8.0-android/android/bin/classes/crc64338477404e88479c/GenericGlobalLayoutListener.class' -> 'goodrive://www.googleapis.com/:personal:/bannister/bannister/obj/Debug/net8.0-android/android/bin/classes/crc64338477404e88479c/GenericGlobalLayoutListener.class' (1,659)
2026-10-03 05:45:10: Copy Over 'C:/rock/bannister/Bannister/obj/Debug/net8.0-android/android/bin/classes/crc64338477404e88479c/GenericMenuClickListener.class' -> 'goodrive://www.googleapis.com/:personal:/bannister/bannister/obj/Debug/net8.0-android/android/bin/classes/crc64338477404e88479c/GenericMenuClickListener.class' (1,705)
2026-10-03 05:45:14: Copy Over 'C:/rock/bannister/Bannister/obj/Debug/net8.0-android/android/bin/classes/crc64338477404e88479c/InnerGestureListener.class' -> 'goodrive://www.googleapis.com/:personal:/bannister/bannister/obj/Debug/net8.0-android/android/bin/classes/crc64338477404e88479c/InnerGestureListener.class' (4,498)
2026-10-03 05:45:14: Copy Over 'C:/rock/bannister/Bannister/obj/Debug/net8.0-android/android/bin/classes/crc64338477404e88479c/MauiViewPager.class' -> 'goodrive://www.googleapis.com/:personal:/bannister/bannister/obj/Debug/net8.0-android/android/bin/classes/crc64338477404e88479c/MauiViewPager.class' (2,078)
2026-10-03 05:45:14: Copy Over 'C:/rock/bannister/Bannister/obj/Debug/net8.0-android/android/bin/classes/crc64338477404e88479c/InnerScaleListener.class' -> 'goodrive://www.googleapis.com/:personal:/bannister/bannister/obj/Debug/net8.0-android/android/bin/classes/crc64338477404e88479c/InnerScaleListener.class' (2,051)
2026-10-03 05:45:17: Copy Over 'C:/rock/bannister/Bannister/obj/Debug/net8.0-android/android/bin/classes/crc64338477404e88479c/MultiPageFragmentStateAdapter_1.class' -> 'goodrive://www.googleapis.com/:personal:/bannister/bannister/obj/Debug/net8.0-android/android/bin/classes/crc64338477404e88479c/MultiPageFragmentStateAdapter_1.class' (2,756)
2026-10-03 05:45:17: Copy Over 'C:/rock/bannister/Bannister/obj/Debug/net8.0-android/android/bin/classes/crc64338477404e88479c/ModalNavigationManager_ModalContainer.class' -> 'goodrive://www.googleapis.com/:personal:/bannister/bannister/obj/Debug/net8.0-android/android/bin/classes/crc64338477404e88479c/ModalNavigationManager_ModalContainer.class' (3,275)
2026-10-03 05:45:17: Copy Over 'C:/rock/bannister/Bannister/obj/Debug/net8.0-android/android/bin/classes/crc64338477404e88479c/ModalNavigationManager_ModalContainer_ModalFragment.class' -> 'goodrive://www.googleapis.com/:personal:/bannister/bannister/obj/Debug/net8.0-android/android/bin/classes/crc64338477404e88479c/ModalNavigationManager_ModalContainer_ModalFragment.class' (1,965)
2026-10-03 05:45:21: Copy Over 'C:/rock/bannister/Bannister/obj/Debug/net8.0-android/android/bin/classes/crc64338477404e88479c/TapAndPanGestureDetector.class' -> 'goodrive://www.googleapis.com/:personal:/bannister/bannister/obj/Debug/net8.0-android/android/bin/classes/crc64338477404e88479c/TapAndPanGestureDetector.class' (3,212)
2026-10-03 05:45:21: Copy Over 'C:/rock/bannister/Bannister/obj/Debug/net8.0-android/android/bin/classes/crc64338477404e88479c/PointerGestureHandler.class' -> 'goodrive://www.googleapis.com/:personal:/bannister/bannister/obj/Debug/net8.0-android/android/bin/classes/crc64338477404e88479c/PointerGestureHandler.class' (1,696)
2026-10-03 05:45:21: Copy Over 'C:/rock/bannister/Bannister/obj/Debug/net8.0-android/android/bin/classes/crc64338477404e88479c/ToolbarExtensions_ToolbarTitleIconImageView.class' -> 'goodrive://www.googleapis.com/:personal:/bannister/bannister/obj/Debug/net8.0-android/android/bin/classes/crc64338477404e88479c/ToolbarExtensions_ToolbarTitleIconImageView.class' (2,108)
2026-10-03 05:45:24: Copy Over 'C:/rock/bannister/Bannister/obj/Debug/net8.0-android/android/bin/classes/crc6452ffdc5b34af3a0f/BorderDrawable.class' -> 'goodrive://www.googleapis.com/:personal:/bannister/bannister/obj/Debug/net8.0-android/android/bin/classes/crc6452ffdc5b34af3a0f/BorderDrawable.class' (2,268)
2026-10-03 05:45:25: Copy Over 'C:/rock/bannister/Bannister/obj/Debug/net8.0-android/android/bin/classes/crc643f2b18b2570eaa5a/PlatformGraphicsView.class' -> 'goodrive://www.googleapis.com/:personal:/bannister/bannister/obj/Debug/net8.0-android/android/bin/classes/crc643f2b18b2570eaa5a/PlatformGraphicsView.class' (2,727)
2026-10-03 05:45:25: Copy Over 'C:/rock/bannister/Bannister/obj/Debug/net8.0-android/android/bin/classes/crc6452ffdc5b34af3a0f/AccessibilityDelegateCompatWrapper.class' -> 'goodrive://www.googleapis.com/:personal:/bannister/bannister/obj/Debug/net8.0-android/android/bin/classes/crc6452ffdc5b34af3a0f/AccessibilityDelegateCompatWrapper.class' (5,319)
2026-10-03 05:45:28: Copy Over 'C:/rock/bannister/Bannister/obj/Debug/net8.0-android/android/bin/classes/crc6452ffdc5b34af3a0f/ContainerView.class' -> 'goodrive://www.googleapis.com/:personal:/bannister/bannister/obj/Debug/net8.0-android/android/bin/classes/crc6452ffdc5b34af3a0f/ContainerView.class' (2,341)
2026-10-03 05:45:28: Copy Over 'C:/rock/bannister/Bannister/obj/Debug/net8.0-android/android/bin/classes/crc6452ffdc5b34af3a0f/ContentViewGroup.class' -> 'goodrive://www.googleapis.com/:personal:/bannister/bannister/obj/Debug/net8.0-android/android/bin/classes/crc6452ffdc5b34af3a0f/ContentViewGroup.class' (2,850)
2026-10-03 05:45:28: Copy Over 'C:/rock/bannister/Bannister/obj/Debug/net8.0-android/android/bin/classes/crc6452ffdc5b34af3a0f/FragmentManagerExtensions_CallBacks.class' -> 'goodrive://www.googleapis.com/:personal:/bannister/bannister/obj/Debug/net8.0-android/android/bin/classes/crc6452ffdc5b34af3a0f/FragmentManagerExtensions_CallBacks.class' (2,102)
2026-10-03 05:45:31: Copy Over 'C:/rock/bannister/Bannister/obj/Debug/net8.0-android/android/bin/classes/crc6452ffdc5b34af3a0f/LocalizedDigitsKeyListener.class' -> 'goodrive://www.googleapis.com/:personal:/bannister/bannister/obj/Debug/net8.0-android/android/bin/classes/crc6452ffdc5b34af3a0f/LocalizedDigitsKeyListener.class' (2,202)
2026-10-03 05:45:31: Copy Over 'C:/rock/bannister/Bannister/obj/Debug/net8.0-android/android/bin/classes/crc6452ffdc5b34af3a0f/LayoutViewGroup.class' -> 'goodrive://www.googleapis.com/:personal:/bannister/bannister/obj/Debug/net8.0-android/android/bin/classes/crc6452ffdc5b34af3a0f/LayoutViewGroup.class' (2,857)
2026-10-03 05:45:32: Copy Over 'C:/rock/bannister/Bannister/obj/Debug/net8.0-android/android/bin/classes/crc6452ffdc5b34af3a0f/MauiAccessibilityDelegateCompat.class' -> 'goodrive://www.googleapis.com/:personal:/bannister/bannister/obj/Debug/net8.0-android/android/bin/classes/crc6452ffdc5b34af3a0f/MauiAccessibilityDelegateCompat.class' (2,385)
2026-10-03 05:45:34: Copy Over 'C:/rock/bannister/Bannister/obj/Debug/net8.0-android/android/bin/classes/crc6452ffdc5b34af3a0f/MauiBoxView.class' -> 'goodrive://www.googleapis.com/:personal:/bannister/bannister/obj/Debug/net8.0-android/android/bin/classes/crc6452ffdc5b34af3a0f/MauiBoxView.class' (2,350)
2026-10-03 05:45:34: Copy Over 'C:/rock/bannister/Bannister/obj/Debug/net8.0-android/android/bin/classes/crc6452ffdc5b34af3a0f/MauiAppCompatEditText.class' -> 'goodrive://www.googleapis.com/:personal:/bannister/bannister/obj/Debug/net8.0-android/android/bin/classes/crc6452ffdc5b34af3a0f/MauiAppCompatEditText.class' (2,201)
2026-10-03 05:45:35: Copy Over 'C:/rock/bannister/Bannister/obj/Debug/net8.0-android/android/bin/classes/crc6452ffdc5b34af3a0f/MauiDatePicker.class' -> 'goodrive://www.googleapis.com/:personal:/bannister/bannister/obj/Debug/net8.0-android/android/bin/classes/crc6452ffdc5b34af3a0f/MauiDatePicker.class' (2,411)
2026-10-03 05:45:37: Copy Over 'C:/rock/bannister/Bannister/obj/Debug/net8.0-android/android/bin/classes/crc6452ffdc5b34af3a0f/MauiHorizontalScrollView.class' -> 'goodrive://www.googleapis.com/:personal:/bannister/bannister/obj/Debug/net8.0-android/android/bin/classes/crc6452ffdc5b34af3a0f/MauiHorizontalScrollView.class' (3,616)
2026-10-03 05:45:38: Copy Over 'C:/rock/bannister/Bannister/obj/Debug/net8.0-android/android/bin/classes/crc6452ffdc5b34af3a0f/MauiLayerDrawable.class' -> 'goodrive://www.googleapis.com/:personal:/bannister/bannister/obj/Debug/net8.0-android/android/bin/classes/crc6452ffdc5b34af3a0f/MauiLayerDrawable.class' (1,377)
2026-10-03 05:45:39: Copy Over 'C:/rock/bannister/Bannister/obj/Debug/net8.0-android/android/bin/classes/crc6452ffdc5b34af3a0f/MauiMaterialButton.class' -> 'goodrive://www.googleapis.com/:personal:/bannister/bannister/obj/Debug/net8.0-android/android/bin/classes/crc6452ffdc5b34af3a0f/MauiMaterialButton.class' (2,621)
2026-10-03 05:45:41: Copy Over 'C:/rock/bannister/Bannister/obj/Debug/net8.0-android/android/bin/classes/crc6452ffdc5b34af3a0f/MauiPageControl.class' -> 'goodrive://www.googleapis.com/:personal:/bannister/bannister/obj/Debug/net8.0-android/android/bin/classes/crc6452ffdc5b34af3a0f/MauiPageControl.class' (2,347)
2026-10-03 05:45:41: Copy Over 'C:/rock/bannister/Bannister/obj/Debug/net8.0-android/android/bin/classes/crc6452ffdc5b34af3a0f/MauiMaterialButton_MauiResizableDrawable.class' -> 'goodrive://www.googleapis.com/:personal:/bannister/bannister/obj/Debug/net8.0-android/android/bin/classes/crc6452ffdc5b34af3a0f/MauiMaterialButton_MauiResizableDrawable.class' (1,446)
2026-10-03 05:45:43: Copy Over 'C:/rock/bannister/Bannister/obj/Debug/net8.0-android/android/bin/classes/crc6452ffdc5b34af3a0f/MauiPageControl_TEditClickListener.class' -> 'goodrive://www.googleapis.com/:personal:/bannister/bannister/obj/Debug/net8.0-android/android/bin/classes/crc6452ffdc5b34af3a0f/MauiPageControl_TEditClickListener.class' (1,642)
2026-10-03 05:45:44: Copy Over 'C:/rock/bannister/Bannister/obj/Debug/net8.0-android/android/bin/classes/crc6452ffdc5b34af3a0f/MauiPicker.class' -> 'goodrive://www.googleapis.com/:personal:/bannister/bannister/obj/Debug/net8.0-android/android/bin/classes/crc6452ffdc5b34af3a0f/MauiPicker.class' (2,436)
2026-10-03 05:45:45: Copy Over 'C:/rock/bannister/Bannister/obj/Debug/net8.0-android/android/bin/classes/crc6452ffdc5b34af3a0f/MauiPickerBase.class' -> 'goodrive://www.googleapis.com/:personal:/bannister/bannister/obj/Debug/net8.0-android/android/bin/classes/crc6452ffdc5b34af3a0f/MauiPickerBase.class' (2,002)
2026-10-03 05:45:46: Copy Over 'C:/rock/bannister/Bannister/obj/Debug/net8.0-android/android/bin/classes/crc6452ffdc5b34af3a0f/MauiScrollView.class' -> 'goodrive://www.googleapis.com/:personal:/bannister/bannister/obj/Debug/net8.0-android/android/bin/classes/crc6452ffdc5b34af3a0f/MauiScrollView.class' (3,242)
2026-10-03 05:45:47: Copy Over 'C:/rock/bannister/Bannister/obj/Debug/net8.0-android/android/bin/classes/crc6452ffdc5b34af3a0f/MauiSearchView.class' -> 'goodrive://www.googleapis.com/:personal:/bannister/bannister/obj/Debug/net8.0-android/android/bin/classes/crc6452ffdc5b34af3a0f/MauiSearchView.class' (1,995)
2026-10-03 05:45:48: Copy Over 'C:/rock/bannister/Bannister/obj/Debug/net8.0-android/android/bin/classes/crc6452ffdc5b34af3a0f/MauiShapeView.class' -> 'goodrive://www.googleapis.com/:personal:/bannister/bannister/obj/Debug/net8.0-android/android/bin/classes/crc6452ffdc5b34af3a0f/MauiShapeView.class' (2,356)
2026-10-03 05:45:49: Copy Over 'C:/rock/bannister/Bannister/obj/Debug/net8.0-android/android/bin/classes/crc6452ffdc5b34af3a0f/MauiStepper.class' -> 'goodrive://www.googleapis.com/:personal:/bannister/bannister/obj/Debug/net8.0-android/android/bin/classes/crc6452ffdc5b34af3a0f/MauiStepper.class' (2,335)
2026-10-03 05:45:51: Copy Over 'C:/rock/bannister/Bannister/obj/Debug/net8.0-android/android/bin/classes/crc6452ffdc5b34af3a0f/MauiSwipeRefreshLayout.class' -> 'goodrive://www.googleapis.com/:personal:/bannister/bannister/obj/Debug/net8.0-android/android/bin/classes/crc6452ffdc5b34af3a0f/MauiSwipeRefreshLayout.class' (1,816)
2026-10-03 05:45:52: Copy Over 'C:/rock/bannister/Bannister/obj/Debug/net8.0-android/android/bin/classes/crc6452ffdc5b34af3a0f/MauiSwipeView.class' -> 'goodrive://www.googleapis.com/:personal:/bannister/bannister/obj/Debug/net8.0-android/android/bin/classes/crc6452ffdc5b34af3a0f/MauiSwipeView.class' (3,174)
2026-10-03 05:45:52: Copy Over 'C:/rock/bannister/Bannister/obj/Debug/net8.0-android/android/bin/classes/crc6452ffdc5b34af3a0f/MauiTextView.class' -> 'goodrive://www.googleapis.com/:personal:/bannister/bannister/obj/Debug/net8.0-android/android/bin/classes/crc6452ffdc5b34af3a0f/MauiTextView.class' (1,515)
2026-10-03 05:45:55: Copy Over 'C:/rock/bannister/Bannister/obj/Debug/net8.0-android/android/bin/classes/crc6452ffdc5b34af3a0f/MauiTimePicker.class' -> 'goodrive://www.googleapis.com/:personal:/bannister/bannister/obj/Debug/net8.0-android/android/bin/classes/crc6452ffdc5b34af3a0f/MauiTimePicker.class' (2,411)
2026-10-03 05:45:55: Copy Over 'C:/rock/bannister/Bannister/obj/Debug/net8.0-android/android/bin/classes/crc6452ffdc5b34af3a0f/MauiWebChromeClient.class' -> 'goodrive://www.googleapis.com/:personal:/bannister/bannister/obj/Debug/net8.0-android/android/bin/classes/crc6452ffdc5b34af3a0f/MauiWebChromeClient.class' (1,806)
2026-10-03 05:45:55: Copy Over 'C:/rock/bannister/Bannister/obj/Debug/net8.0-android/android/bin/classes/crc6452ffdc5b34af3a0f/MauiWebView.class' -> 'goodrive://www.googleapis.com/:personal:/bannister/bannister/obj/Debug/net8.0-android/android/bin/classes/crc6452ffdc5b34af3a0f/MauiWebView.class' (2,748)
2026-10-03 05:45:58: Copy Over 'C:/rock/bannister/Bannister/obj/Debug/net8.0-android/android/bin/classes/crc6452ffdc5b34af3a0f/MauiWebViewClient.class' -> 'goodrive://www.googleapis.com/:personal:/bannister/bannister/obj/Debug/net8.0-android/android/bin/classes/crc6452ffdc5b34af3a0f/MauiWebViewClient.class' (2,658)
2026-10-03 05:45:58: Copy Over 'C:/rock/bannister/Bannister/obj/Debug/net8.0-android/android/bin/classes/crc6452ffdc5b34af3a0f/NavigationRootManager_ElementBasedFragment.class' -> 'goodrive://www.googleapis.com/:personal:/bannister/bannister/obj/Debug/net8.0-android/android/bin/classes/crc6452ffdc5b34af3a0f/NavigationRootManager_ElementBasedFragment.class' (1,795)
2026-10-03 05:45:59: Copy Over 'C:/rock/bannister/Bannister/obj/Debug/net8.0-android/android/bin/classes/crc6452ffdc5b34af3a0f/NavigationViewFragment.class' -> 'goodrive://www.googleapis.com/:personal:/bannister/bannister/obj/Debug/net8.0-android/android/bin/classes/crc6452ffdc5b34af3a0f/NavigationViewFragment.class' (2,350)
2026-10-03 05:46:01: Copy Over 'C:/rock/bannister/Bannister/obj/Debug/net8.0-android/android/bin/classes/crc6452ffdc5b34af3a0f/PlatformTouchGraphicsView.class' -> 'goodrive://www.googleapis.com/:personal:/bannister/bannister/obj/Debug/net8.0-android/android/bin/classes/crc6452ffdc5b34af3a0f/PlatformTouchGraphicsView.class' (2,954)
2026-10-03 05:46:01: Copy Over 'C:/rock/bannister/Bannister/obj/Debug/net8.0-android/android/bin/classes/crc6452ffdc5b34af3a0f/ScopedFragment.class' -> 'goodrive://www.googleapis.com/:personal:/bannister/bannister/obj/Debug/net8.0-android/android/bin/classes/crc6452ffdc5b34af3a0f/ScopedFragment.class' (2,195)
2026-10-03 05:46:02: Copy Over 'C:/rock/bannister/Bannister/obj/Debug/net8.0-android/android/bin/classes/crc6452ffdc5b34af3a0f/StackNavigationManager_Callbacks.class' -> 'goodrive://www.googleapis.com/:personal:/bannister/bannister/obj/Debug/net8.0-android/android/bin/classes/crc6452ffdc5b34af3a0f/StackNavigationManager_Callbacks.class' (5,643)
2026-10-03 05:46:04: Copy Over 'C:/rock/bannister/Bannister/obj/Debug/net8.0-android/android/bin/classes/crc6452ffdc5b34af3a0f/StepperHandlerManager_StepperListener.class' -> 'goodrive://www.googleapis.com/:personal:/bannister/bannister/obj/Debug/net8.0-android/android/bin/classes/crc6452ffdc5b34af3a0f/StepperHandlerManager_StepperListener.class' (1,651)
2026-10-03 05:46:04: Copy Over 'C:/rock/bannister/Bannister/obj/Debug/net8.0-android/android/bin/classes/crc6452ffdc5b34af3a0f/StepperHandlerHolder.class' -> 'goodrive://www.googleapis.com/:personal:/bannister/bannister/obj/Debug/net8.0-android/android/bin/classes/crc6452ffdc5b34af3a0f/StepperHandlerHolder.class' (1,185)
2026-10-03 05:46:07: Copy Over 'C:/rock/bannister/Bannister/obj/Debug/net8.0-android/android/bin/classes/crc6452ffdc5b34af3a0f/SwipeViewPager.class' -> 'goodrive://www.googleapis.com/:personal:/bannister/bannister/obj/Debug/net8.0-android/android/bin/classes/crc6452ffdc5b34af3a0f/SwipeViewPager.class' (2,063)
2026-10-03 05:46:07: Copy Over 'C:/rock/bannister/Bannister/obj/Debug/net8.0-android/android/bin/classes/crc6452ffdc5b34af3a0f/ViewFragment.class' -> 'goodrive://www.googleapis.com/:personal:/bannister/bannister/obj/Debug/net8.0-android/android/bin/classes/crc6452ffdc5b34af3a0f/ViewFragment.class' (2,017)
2026-10-03 05:46:08: Copy Over 'C:/rock/bannister/Bannister/obj/Debug/net8.0-android/android/bin/classes/crc6452ffdc5b34af3a0f/WebViewExtensions_JavascriptResult.class' -> 'goodrive://www.googleapis.com/:personal:/bannister/bannister/obj/Debug/net8.0-android/android/bin/classes/crc6452ffdc5b34af3a0f/WebViewExtensions_JavascriptResult.class' (1,560)
2026-10-03 05:46:10: Copy Over 'C:/rock/bannister/Bannister/obj/Debug/net8.0-android/android/bin/classes/crc6452ffdc5b34af3a0f/WrapperView.class' -> 'goodrive://www.googleapis.com/:personal:/bannister/bannister/obj/Debug/net8.0-android/android/bin/classes/crc6452ffdc5b34af3a0f/WrapperView.class' (2,740)
2026-10-03 05:46:11: Copy Over 'C:/rock/bannister/Bannister/obj/Debug/net8.0-android/android/bin/classes/crc645d80431ce5f73f11/CarouselSpacingItemDecoration.class' -> 'goodrive://www.googleapis.com/:personal:/bannister/bannister/obj/Debug/net8.0-android/android/bin/classes/crc645d80431ce5f73f11/CarouselSpacingItemDecoration.class' (2,029)
2026-10-03 05:46:12: Copy Over 'C:/rock/bannister/Bannister/obj/Debug/net8.0-android/android/bin/classes/crc6468b6408a11370c2f/WebAuthenticatorCallbackActivity.class' -> 'goodrive://www.googleapis.com/:personal:/bannister/bannister/obj/Debug/net8.0-android/android/bin/classes/crc6468b6408a11370c2f/WebAuthenticatorCallbackActivity.class' (1,458)
2026-10-03 05:46:13: Copy Over 'C:/rock/bannister/Bannister/obj/Debug/net8.0-android/android/bin/classes/crc6468b6408a11370c2f/WebAuthenticatorIntermediateActivity.class' -> 'goodrive://www.googleapis.com/:personal:/bannister/bannister/obj/Debug/net8.0-android/android/bin/classes/crc6468b6408a11370c2f/WebAuthenticatorIntermediateActivity.class' (2,015)
2026-10-03 05:46:15: Copy Over 'C:/rock/bannister/Bannister/obj/Debug/net8.0-android/android/bin/classes/crc645d80431ce5f73f11/CarouselViewAdapter_2.class' -> 'goodrive://www.googleapis.com/:personal:/bannister/bannister/obj/Debug/net8.0-android/android/bin/classes/crc645d80431ce5f73f11/CarouselViewAdapter_2.class' (2,041)
2026-10-03 05:46:15: Copy Over 'C:/rock/bannister/Bannister/obj/Debug/net8.0-android/android/bin/classes/crc645d80431ce5f73f11/CarouselViewOnScrollListener.class' -> 'goodrive://www.googleapis.com/:personal:/bannister/bannister/obj/Debug/net8.0-android/android/bin/classes/crc645d80431ce5f73f11/CarouselViewOnScrollListener.class' (1,883)
2026-10-03 05:46:16: Copy Over 'C:/rock/bannister/Bannister/obj/Debug/net8.0-android/android/bin/classes/crc645d80431ce5f73f11/CenterSnapHelper.class' -> 'goodrive://www.googleapis.com/:personal:/bannister/bannister/obj/Debug/net8.0-android/android/bin/classes/crc645d80431ce5f73f11/CenterSnapHelper.class' (1,755)
2026-10-03 05:46:19: Copy Over 'C:/rock/bannister/Bannister/obj/Debug/net8.0-android/android/bin/classes/crc645d80431ce5f73f11/DataChangeObserver.class' -> 'goodrive://www.googleapis.com/:personal:/bannister/bannister/obj/Debug/net8.0-android/android/bin/classes/crc645d80431ce5f73f11/DataChangeObserver.class' (2,388)
2026-10-03 05:46:19: Copy Over 'C:/rock/bannister/Bannister/obj/Debug/net8.0-android/android/bin/classes/crc645d80431ce5f73f11/EdgeSnapHelper.class' -> 'goodrive://www.googleapis.com/:personal:/bannister/bannister/obj/Debug/net8.0-android/android/bin/classes/crc645d80431ce5f73f11/EdgeSnapHelper.class' (1,238)
2026-10-03 05:46:20: Copy Over 'C:/rock/bannister/Bannister/obj/Debug/net8.0-android/android/bin/classes/crc645d80431ce5f73f11/EmptyViewAdapter.class' -> 'goodrive://www.googleapis.com/:personal:/bannister/bannister/obj/Debug/net8.0-android/android/bin/classes/crc645d80431ce5f73f11/EmptyViewAdapter.class' (2,719)
2026-10-03 05:46:22: Copy Over 'C:/rock/bannister/Bannister/obj/Debug/net8.0-android/android/bin/classes/crc645d80431ce5f73f11/EndSingleSnapHelper.class' -> 'goodrive://www.googleapis.com/:personal:/bannister/bannister/obj/Debug/net8.0-android/android/bin/classes/crc645d80431ce5f73f11/EndSingleSnapHelper.class' (1,849)
2026-10-03 05:46:22: Copy Over 'C:/rock/bannister/Bannister/obj/Debug/net8.0-android/android/bin/classes/crc645d80431ce5f73f11/EndSnapHelper.class' -> 'goodrive://www.googleapis.com/:personal:/bannister/bannister/obj/Debug/net8.0-android/android/bin/classes/crc645d80431ce5f73f11/EndSnapHelper.class' (2,179)
2026-10-03 05:46:23: Copy Over 'C:/rock/bannister/Bannister/obj/Debug/net8.0-android/android/bin/classes/crc645d80431ce5f73f11/GridLayoutSpanSizeLookup.class' -> 'goodrive://www.googleapis.com/:personal:/bannister/bannister/obj/Debug/net8.0-android/android/bin/classes/crc645d80431ce5f73f11/GridLayoutSpanSizeLookup.class' (1,536)
2026-10-03 05:46:25: Copy Over 'C:/rock/bannister/Bannister/obj/Debug/net8.0-android/android/bin/classes/crc645d80431ce5f73f11/ItemContentView.class' -> 'goodrive://www.googleapis.com/:personal:/bannister/bannister/obj/Debug/net8.0-android/android/bin/classes/crc645d80431ce5f73f11/ItemContentView.class' (2,660)
2026-10-03 05:46:26: Copy Over 'C:/rock/bannister/Bannister/obj/Debug/net8.0-android/android/bin/classes/crc645d80431ce5f73f11/GroupableItemsViewAdapter_2.class' -> 'goodrive://www.googleapis.com/:personal:/bannister/bannister/obj/Debug/net8.0-android/android/bin/classes/crc645d80431ce5f73f11/GroupableItemsViewAdapter_2.class' (2,277)
2026-10-03 05:46:27: Copy Over 'C:/rock/bannister/Bannister/obj/Debug/net8.0-android/android/bin/classes/crc645d80431ce5f73f11/ItemsViewAdapter_2.class' -> 'goodrive://www.googleapis.com/:personal:/bannister/bannister/obj/Debug/net8.0-android/android/bin/classes/crc645d80431ce5f73f11/ItemsViewAdapter_2.class' (2,859)
2026-10-03 05:46:29: Copy Over 'C:/rock/bannister/Bannister/obj/Debug/net8.0-android/android/bin/classes/crc645d80431ce5f73f11/MauiCarouselRecyclerView.class' -> 'goodrive://www.googleapis.com/:personal:/bannister/bannister/obj/Debug/net8.0-android/android/bin/classes/crc645d80431ce5f73f11/MauiCarouselRecyclerView.class' (2,975)
2026-10-03 05:46:29: Copy Over 'C:/rock/bannister/Bannister/obj/Debug/net8.0-android/android/bin/classes/crc645d80431ce5f73f11/MauiCarouselRecyclerView_CarouselViewOnGlobalLayoutListener.class' -> 'goodrive://www.googleapis.com/:personal:/bannister/bannister/obj/Debug/net8.0-android/android/bin/classes/crc645d80431ce5f73f11/MauiCarouselRecyclerView_CarouselViewOnGlobalLayoutListener.class' (2,062)
2026-10-03 05:46:31: Copy Over 'C:/rock/bannister/Bannister/obj/Debug/net8.0-android/android/bin/classes/crc645d80431ce5f73f11/MauiRecyclerView_3.class' -> 'goodrive://www.googleapis.com/:personal:/bannister/bannister/obj/Debug/net8.0-android/android/bin/classes/crc645d80431ce5f73f11/MauiRecyclerView_3.class' (2,188)
2026-10-03 05:46:32: Copy Over 'C:/rock/bannister/Bannister/obj/Debug/net8.0-android/android/bin/classes/crc645d80431ce5f73f11/NongreedySnapHelper.class' -> 'goodrive://www.googleapis.com/:personal:/bannister/bannister/obj/Debug/net8.0-android/android/bin/classes/crc645d80431ce5f73f11/NongreedySnapHelper.class' (1,571)
2026-10-03 05:46:32: Copy Over 'C:/rock/bannister/Bannister/obj/Debug/net8.0-android/android/bin/classes/crc645d80431ce5f73f11/NongreedySnapHelper_InitialScrollListener.class' -> 'goodrive://www.googleapis.com/:personal:/bannister/bannister/obj/Debug/net8.0-android/android/bin/classes/crc645d80431ce5f73f11/NongreedySnapHelper_InitialScrollListener.class' (2,001)
2026-10-03 05:46:34: Copy Over 'C:/rock/bannister/Bannister/obj/Debug/net8.0-android/android/bin/classes/crc645d80431ce5f73f11/PositionalSmoothScroller.class' -> 'goodrive://www.googleapis.com/:personal:/bannister/bannister/obj/Debug/net8.0-android/android/bin/classes/crc645d80431ce5f73f11/PositionalSmoothScroller.class' (1,960)
2026-10-03 05:46:35: Copy Over 'C:/rock/bannister/Bannister/obj/Debug/net8.0-android/android/bin/classes/crc645d80431ce5f73f11/ReorderableItemsViewAdapter_2.class' -> 'goodrive://www.googleapis.com/:personal:/bannister/bannister/obj/Debug/net8.0-android/android/bin/classes/crc645d80431ce5f73f11/ReorderableItemsViewAdapter_2.class' (1,291)
2026-10-03 05:46:36: Copy Over 'C:/rock/bannister/Bannister/obj/Debug/net8.0-android/android/bin/classes/crc645d80431ce5f73f11/RecyclerViewScrollListener_2.class' -> 'goodrive://www.googleapis.com/:personal:/bannister/bannister/obj/Debug/net8.0-android/android/bin/classes/crc645d80431ce5f73f11/RecyclerViewScrollListener_2.class' (1,676)
2026-10-03 05:46:37: Copy Over 'C:/rock/bannister/Bannister/obj/Debug/net8.0-android/android/bin/classes/crc645d80431ce5f73f11/ScrollHelper.class' -> 'goodrive://www.googleapis.com/:personal:/bannister/bannister/obj/Debug/net8.0-android/android/bin/classes/crc645d80431ce5f73f11/ScrollHelper.class' (1,856)
2026-10-03 05:46:39: Copy Over 'C:/rock/bannister/Bannister/obj/Debug/net8.0-android/android/bin/classes/crc645d80431ce5f73f11/SelectableItemsViewAdapter_2.class' -> 'goodrive://www.googleapis.com/:personal:/bannister/bannister/obj/Debug/net8.0-android/android/bin/classes/crc645d80431ce5f73f11/SelectableItemsViewAdapter_2.class' (2,090)
2026-10-03 05:46:40: Copy Over 'C:/rock/bannister/Bannister/obj/Debug/net8.0-android/android/bin/classes/crc645d80431ce5f73f11/SelectableViewHolder.class' -> 'goodrive://www.googleapis.com/:personal:/bannister/bannister/obj/Debug/net8.0-android/android/bin/classes/crc645d80431ce5f73f11/SelectableViewHolder.class' (1,795)
2026-10-03 05:46:41: Copy Over 'C:/rock/bannister/Bannister/obj/Debug/net8.0-android/android/bin/classes/crc645d80431ce5f73f11/SimpleItemTouchHelperCallback.class' -> 'goodrive://www.googleapis.com/:personal:/bannister/bannister/obj/Debug/net8.0-android/android/bin/classes/crc645d80431ce5f73f11/SimpleItemTouchHelperCallback.class' (3,022)
2026-10-03 05:46:42: Copy Over 'C:/rock/bannister/Bannister/obj/Debug/net8.0-android/android/bin/classes/crc645d80431ce5f73f11/SimpleViewHolder.class' -> 'goodrive://www.googleapis.com/:personal:/bannister/bannister/obj/Debug/net8.0-android/android/bin/classes/crc645d80431ce5f73f11/SimpleViewHolder.class' (1,445)
2026-10-03 05:46:43: Copy Over 'C:/rock/bannister/Bannister/obj/Debug/net8.0-android/android/bin/classes/crc645d80431ce5f73f11/SingleSnapHelper.class' -> 'goodrive://www.googleapis.com/:personal:/bannister/bannister/obj/Debug/net8.0-android/android/bin/classes/crc645d80431ce5f73f11/SingleSnapHelper.class' (2,120)
2026-10-03 05:46:44: Copy Over 'C:/rock/bannister/Bannister/obj/Debug/net8.0-android/android/bin/classes/crc645d80431ce5f73f11/SizedItemContentView.class' -> 'goodrive://www.googleapis.com/:personal:/bannister/bannister/obj/Debug/net8.0-android/android/bin/classes/crc645d80431ce5f73f11/SizedItemContentView.class' (2,538)
2026-10-03 05:46:46: Copy Over 'C:/rock/bannister/Bannister/obj/Debug/net8.0-android/android/bin/classes/crc645d80431ce5f73f11/SpacingItemDecoration.class' -> 'goodrive://www.googleapis.com/:personal:/bannister/bannister/obj/Debug/net8.0-android/android/bin/classes/crc645d80431ce5f73f11/SpacingItemDecoration.class' (2,005)
2026-10-03 05:46:46: Copy Over 'C:/rock/bannister/Bannister/obj/Debug/net8.0-android/android/bin/classes/crc645d80431ce5f73f11/StartSingleSnapHelper.class' -> 'goodrive://www.googleapis.com/:personal:/bannister/bannister/obj/Debug/net8.0-android/android/bin/classes/crc645d80431ce5f73f11/StartSingleSnapHelper.class' (1,855)
2026-10-03 05:46:48: Copy Over 'C:/rock/bannister/Bannister/obj/Debug/net8.0-android/android/bin/classes/crc645d80431ce5f73f11/StartSnapHelper.class' -> 'goodrive://www.googleapis.com/:personal:/bannister/bannister/obj/Debug/net8.0-android/android/bin/classes/crc645d80431ce5f73f11/StartSnapHelper.class' (2,185)
2026-10-03 05:46:49: Copy Over 'C:/rock/bannister/Bannister/obj/Debug/net8.0-android/android/bin/classes/crc645d80431ce5f73f11/StructuredItemsViewAdapter_2.class' -> 'goodrive://www.googleapis.com/:personal:/bannister/bannister/obj/Debug/net8.0-android/android/bin/classes/crc645d80431ce5f73f11/StructuredItemsViewAdapter_2.class' (2,270)
2026-10-03 05:46:49: Copy Over 'C:/rock/bannister/Bannister/obj/Debug/net8.0-android/android/bin/classes/crc645d80431ce5f73f11/TemplatedItemViewHolder.class' -> 'goodrive://www.googleapis.com/:personal:/bannister/bannister/obj/Debug/net8.0-android/android/bin/classes/crc645d80431ce5f73f11/TemplatedItemViewHolder.class' (1,365)
2026-10-03 05:46:52: Copy Over 'C:/rock/bannister/Bannister/obj/Debug/net8.0-android/android/bin/classes/crc645d80431ce5f73f11/TextViewHolder.class' -> 'goodrive://www.googleapis.com/:personal:/bannister/bannister/obj/Debug/net8.0-android/android/bin/classes/crc645d80431ce5f73f11/TextViewHolder.class' (1,338)
2026-10-03 05:46:52: Copy Over 'C:/rock/bannister/Bannister/obj/Debug/net8.0-android/android/bin/classes/crc6477f0d89a9cfd64b1/ActivityIndicatorRenderer.class' -> 'goodrive://www.googleapis.com/:personal:/bannister/bannister/obj/Debug/net8.0-android/android/bin/classes/crc6477f0d89a9cfd64b1/ActivityIndicatorRenderer.class' (2,082)
2026-10-03 05:46:53: Copy Over 'C:/rock/bannister/Bannister/obj/Debug/net8.0-android/android/bin/classes/crc6488302ad6e9e4df1a/ImageLoaderCallback.class' -> 'goodrive://www.googleapis.com/:personal:/bannister/bannister/obj/Debug/net8.0-android/android/bin/classes/crc6488302ad6e9e4df1a/ImageLoaderCallback.class' (1,226)
2026-10-03 05:46:55: Copy Over 'C:/rock/bannister/Bannister/obj/Debug/net8.0-android/android/bin/classes/crc6488302ad6e9e4df1a/ImageLoaderCallbackBase_1.class' -> 'goodrive://www.googleapis.com/:personal:/bannister/bannister/obj/Debug/net8.0-android/android/bin/classes/crc6488302ad6e9e4df1a/ImageLoaderCallbackBase_1.class' (1,668)
2026-10-03 05:46:56: Copy Over 'C:/rock/bannister/Bannister/obj/Debug/net8.0-android/android/bin/classes/crc6488302ad6e9e4df1a/ImageLoaderResultCallback.class' -> 'goodrive://www.googleapis.com/:personal:/bannister/bannister/obj/Debug/net8.0-android/android/bin/classes/crc6488302ad6e9e4df1a/ImageLoaderResultCallback.class' (1,244)
2026-10-03 05:46:56: Copy Over 'C:/rock/bannister/Bannister/obj/Debug/net8.0-android/android/bin/classes/crc6488302ad6e9e4df1a/MauiAppCompatActivity.class' -> 'goodrive://www.googleapis.com/:personal:/bannister/bannister/obj/Debug/net8.0-android/android/bin/classes/crc6488302ad6e9e4df1a/MauiAppCompatActivity.class' (3,730)
2026-10-03 05:46:58: Copy Over 'C:/rock/bannister/Bannister/obj/Debug/net8.0-android/android/bin/classes/crc6488302ad6e9e4df1a/MauiApplication.class' -> 'goodrive://www.googleapis.com/:personal:/bannister/bannister/obj/Debug/net8.0-android/android/bin/classes/crc6488302ad6e9e4df1a/MauiApplication.class' (1,567)
2026-10-03 05:46:59: Copy Over 'C:/rock/bannister/Bannister/obj/Debug/net8.0-android/android/bin/classes/crc6488302ad6e9e4df1a/MauiApplication_ActivityLifecycleCallbacks.class' -> 'goodrive://www.googleapis.com/:personal:/bannister/bannister/obj/Debug/net8.0-android/android/bin/classes/crc6488302ad6e9e4df1a/MauiApplication_ActivityLifecycleCallbacks.class' (8,927)
2026-10-03 05:47:00: Copy Over 'C:/rock/bannister/Bannister/obj/Debug/net8.0-android/android/bin/classes/crc6477f0d89a9cfd64b1/AHorizontalScrollView.class' -> 'goodrive://www.googleapis.com/:personal:/bannister/bannister/obj/Debug/net8.0-android/android/bin/classes/crc6477f0d89a9cfd64b1/AHorizontalScrollView.class' (3,661)
2026-10-03 05:47:02: Copy Over 'C:/rock/bannister/Bannister/obj/Debug/net8.0-android/android/bin/classes/crc6477f0d89a9cfd64b1/BorderDrawable.class' -> 'goodrive://www.googleapis.com/:personal:/bannister/bannister/obj/Debug/net8.0-android/android/bin/classes/crc6477f0d89a9cfd64b1/BorderDrawable.class' (2,259)
2026-10-03 05:47:03: Copy Over 'C:/rock/bannister/Bannister/obj/Debug/net8.0-android/android/bin/classes/crc6477f0d89a9cfd64b1/BoxRenderer.class' -> 'goodrive://www.googleapis.com/:personal:/bannister/bannister/obj/Debug/net8.0-android/android/bin/classes/crc6477f0d89a9cfd64b1/BoxRenderer.class' (2,270)
2026-10-03 05:47:03: Copy Over 'C:/rock/bannister/Bannister/obj/Debug/net8.0-android/android/bin/classes/crc6477f0d89a9cfd64b1/CarouselPageAdapter.class' -> 'goodrive://www.googleapis.com/:personal:/bannister/bannister/obj/Debug/net8.0-android/android/bin/classes/crc6477f0d89a9cfd64b1/CarouselPageAdapter.class' (3,383)
2026-10-03 05:47:06: Copy Over 'C:/rock/bannister/Bannister/obj/Debug/net8.0-android/android/bin/classes/crc6477f0d89a9cfd64b1/CarouselSpacingItemDecoration.class' -> 'goodrive://www.googleapis.com/:personal:/bannister/bannister/obj/Debug/net8.0-android/android/bin/classes/crc6477f0d89a9cfd64b1/CarouselSpacingItemDecoration.class' (2,059)
2026-10-03 05:47:06: Copy Over 'C:/rock/bannister/Bannister/obj/Debug/net8.0-android/android/bin/classes/crc6477f0d89a9cfd64b1/CarouselViewRenderer.class' -> 'goodrive://www.googleapis.com/:personal:/bannister/bannister/obj/Debug/net8.0-android/android/bin/classes/crc6477f0d89a9cfd64b1/CarouselViewRenderer.class' (2,518)
2026-10-03 05:47:06: Copy Over 'C:/rock/bannister/Bannister/obj/Debug/net8.0-android/android/bin/classes/crc6477f0d89a9cfd64b1/CarouselViewRenderer_CarouselViewOnScrollListener.class' -> 'goodrive://www.googleapis.com/:personal:/bannister/bannister/obj/Debug/net8.0-android/android/bin/classes/crc6477f0d89a9cfd64b1/CarouselViewRenderer_CarouselViewOnScrollListener.class' (1,976)
2026-10-03 05:47:09: Copy Over 'C:/rock/bannister/Bannister/obj/Debug/net8.0-android/android/bin/classes/crc6477f0d89a9cfd64b1/CarouselViewRenderer_CarouselViewwOnGlobalLayoutListener.class' -> 'goodrive://www.googleapis.com/:personal:/bannister/bannister/obj/Debug/net8.0-android/android/bin/classes/crc6477f0d89a9cfd64b1/CarouselViewRenderer_CarouselViewwOnGlobalLayoutListener.class' (1,782)
2026-10-03 05:47:10: Copy Over 'C:/rock/bannister/Bannister/obj/Debug/net8.0-android/android/bin/classes/crc6477f0d89a9cfd64b1/CenterSnapHelper.class' -> 'goodrive://www.googleapis.com/:personal:/bannister/bannister/obj/Debug/net8.0-android/android/bin/classes/crc6477f0d89a9cfd64b1/CenterSnapHelper.class' (1,785)
2026-10-03 05:47:10: Copy Over 'C:/rock/bannister/Bannister/obj/Debug/net8.0-android/android/bin/classes/crc6477f0d89a9cfd64b1/CellRenderer_RendererHolder.class' -> 'goodrive://www.googleapis.com/:personal:/bannister/bannister/obj/Debug/net8.0-android/android/bin/classes/crc6477f0d89a9cfd64b1/CellRenderer_RendererHolder.class' (1,260)
2026-10-03 05:47:13: Copy Over 'C:/rock/bannister/Bannister/obj/Debug/net8.0-android/android/bin/classes/crc6477f0d89a9cfd64b1/CheckBoxRenderer.class' -> 'goodrive://www.googleapis.com/:personal:/bannister/bannister/obj/Debug/net8.0-android/android/bin/classes/crc6477f0d89a9cfd64b1/CheckBoxRenderer.class' (2,061)
2026-10-03 05:47:13: Copy Over 'C:/rock/bannister/Bannister/obj/Debug/net8.0-android/android/bin/classes/crc6477f0d89a9cfd64b1/CheckBoxRendererBase.class' -> 'goodrive://www.googleapis.com/:personal:/bannister/bannister/obj/Debug/net8.0-android/android/bin/classes/crc6477f0d89a9cfd64b1/CheckBoxRendererBase.class' (3,050)
2026-10-03 05:47:13: Copy Over 'C:/rock/bannister/Bannister/obj/Debug/net8.0-android/android/bin/classes/crc6477f0d89a9cfd64b1/CircularProgress.class' -> 'goodrive://www.googleapis.com/:personal:/bannister/bannister/obj/Debug/net8.0-android/android/bin/classes/crc6477f0d89a9cfd64b1/CircularProgress.class' (2,732)
2026-10-03 05:47:16: Copy Over 'C:/rock/bannister/Bannister/obj/Debug/net8.0-android/android/bin/classes/crc6477f0d89a9cfd64b1/DataChangeObserver.class' -> 'goodrive://www.googleapis.com/:personal:/bannister/bannister/obj/Debug/net8.0-android/android/bin/classes/crc6477f0d89a9cfd64b1/DataChangeObserver.class' (2,418)
2026-10-03 05:47:16: Copy Over 'C:/rock/bannister/Bannister/obj/Debug/net8.0-android/android/bin/classes/crc6477f0d89a9cfd64b1/DatePickerRenderer.class' -> 'goodrive://www.googleapis.com/:personal:/bannister/bannister/obj/Debug/net8.0-android/android/bin/classes/crc6477f0d89a9cfd64b1/DatePickerRenderer.class' (2,071)
2026-10-03 05:47:16: Copy Over 'C:/rock/bannister/Bannister/obj/Debug/net8.0-android/android/bin/classes/crc6477f0d89a9cfd64b1/CollectionViewRenderer.class' -> 'goodrive://www.googleapis.com/:personal:/bannister/bannister/obj/Debug/net8.0-android/android/bin/classes/crc6477f0d89a9cfd64b1/CollectionViewRenderer.class' (2,087)
2026-10-03 05:47:20: Copy Over 'C:/rock/bannister/Bannister/obj/Debug/net8.0-android/android/bin/classes/crc6477f0d89a9cfd64b1/DatePickerRendererBase_1.class' -> 'goodrive://www.googleapis.com/:personal:/bannister/bannister/obj/Debug/net8.0-android/android/bin/classes/crc6477f0d89a9cfd64b1/DatePickerRendererBase_1.class' (2,079)
2026-10-03 05:47:20: Copy Over 'C:/rock/bannister/Bannister/obj/Debug/net8.0-android/android/bin/classes/crc6477f0d89a9cfd64b1/DragAndDropGestureHandler_CustomLocalStateData.class' -> 'goodrive://www.googleapis.com/:personal:/bannister/bannister/obj/Debug/net8.0-android/android/bin/classes/crc6477f0d89a9cfd64b1/DragAndDropGestureHandler_CustomLocalStateData.class' (1,317)
2026-10-03 05:47:20: Copy Over 'C:/rock/bannister/Bannister/obj/Debug/net8.0-android/android/bin/classes/crc6477f0d89a9cfd64b1/DragAndDropGestureHandler.class' -> 'goodrive://www.googleapis.com/:personal:/bannister/bannister/obj/Debug/net8.0-android/android/bin/classes/crc6477f0d89a9cfd64b1/DragAndDropGestureHandler.class' (1,731)
2026-10-03 05:47:23: Copy Over 'C:/rock/bannister/Bannister/obj/Debug/net8.0-android/android/bin/classes/crc6477f0d89a9cfd64b1/EditorRendererBase_1.class' -> 'goodrive://www.googleapis.com/:personal:/bannister/bannister/obj/Debug/net8.0-android/android/bin/classes/crc6477f0d89a9cfd64b1/EditorRendererBase_1.class' (3,123)
2026-10-03 05:47:23: Copy Over 'C:/rock/bannister/Bannister/obj/Debug/net8.0-android/android/bin/classes/crc6477f0d89a9cfd64b1/EdgeSnapHelper.class' -> 'goodrive://www.googleapis.com/:personal:/bannister/bannister/obj/Debug/net8.0-android/android/bin/classes/crc6477f0d89a9cfd64b1/EdgeSnapHelper.class' (1,268)
2026-10-03 05:47:23: Copy Over 'C:/rock/bannister/Bannister/obj/Debug/net8.0-android/android/bin/classes/crc6477f0d89a9cfd64b1/EditorRenderer.class' -> 'goodrive://www.googleapis.com/:personal:/bannister/bannister/obj/Debug/net8.0-android/android/bin/classes/crc6477f0d89a9cfd64b1/EditorRenderer.class' (2,218)
2026-10-03 05:47:27: Copy Over 'C:/rock/bannister/Bannister/obj/Debug/net8.0-android/android/bin/classes/crc6477f0d89a9cfd64b1/EllipseRenderer.class' -> 'goodrive://www.googleapis.com/:personal:/bannister/bannister/obj/Debug/net8.0-android/android/bin/classes/crc6477f0d89a9cfd64b1/EllipseRenderer.class' (2,053)
2026-10-03 05:47:27: Copy Over 'C:/rock/bannister/Bannister/obj/Debug/net8.0-android/android/bin/classes/crc6477f0d89a9cfd64b1/EmptyViewAdapter.class' -> 'goodrive://www.googleapis.com/:personal:/bannister/bannister/obj/Debug/net8.0-android/android/bin/classes/crc6477f0d89a9cfd64b1/EmptyViewAdapter.class' (2,749)
2026-10-03 05:47:27: Copy Over 'C:/rock/bannister/Bannister/obj/Debug/net8.0-android/android/bin/classes/crc6477f0d89a9cfd64b1/EllipseView.class' -> 'goodrive://www.googleapis.com/:personal:/bannister/bannister/obj/Debug/net8.0-android/android/bin/classes/crc6477f0d89a9cfd64b1/EllipseView.class' (2,393)
2026-10-03 05:47:30: Copy Over 'C:/rock/bannister/Bannister/obj/Debug/net8.0-android/android/bin/classes/crc6477f0d89a9cfd64b1/EndSnapHelper.class' -> 'goodrive://www.googleapis.com/:personal:/bannister/bannister/obj/Debug/net8.0-android/android/bin/classes/crc6477f0d89a9cfd64b1/EndSnapHelper.class' (2,209)
2026-10-03 05:47:30: Copy Over 'C:/rock/bannister/Bannister/obj/Debug/net8.0-android/android/bin/classes/crc6477f0d89a9cfd64b1/EndSingleSnapHelper.class' -> 'goodrive://www.googleapis.com/:personal:/bannister/bannister/obj/Debug/net8.0-android/android/bin/classes/crc6477f0d89a9cfd64b1/EndSingleSnapHelper.class' (1,879)
2026-10-03 05:47:30: Copy Over 'C:/rock/bannister/Bannister/obj/Debug/net8.0-android/android/bin/classes/crc6477f0d89a9cfd64b1/EntryAccessibilityDelegate.class' -> 'goodrive://www.googleapis.com/:personal:/bannister/bannister/obj/Debug/net8.0-android/android/bin/classes/crc6477f0d89a9cfd64b1/EntryAccessibilityDelegate.class' (1,825)
2026-10-03 05:47:34: Copy Over 'C:/rock/bannister/Bannister/obj/Debug/net8.0-android/android/bin/classes/crc6477f0d89a9cfd64b1/FlyoutPageContainer.class' -> 'goodrive://www.googleapis.com/:personal:/bannister/bannister/obj/Debug/net8.0-android/android/bin/classes/crc6477f0d89a9cfd64b1/FlyoutPageContainer.class' (2,980)
2026-10-03 05:47:34: Copy Over 'C:/rock/bannister/Bannister/obj/Debug/net8.0-android/android/bin/classes/crc6477f0d89a9cfd64b1/EntryRendererBase_1.class' -> 'goodrive://www.googleapis.com/:personal:/bannister/bannister/obj/Debug/net8.0-android/android/bin/classes/crc6477f0d89a9cfd64b1/EntryRendererBase_1.class' (3,683)
2026-10-03 05:47:34: Copy Over 'C:/rock/bannister/Bannister/obj/Debug/net8.0-android/android/bin/classes/crc6477f0d89a9cfd64b1/EntryRenderer.class' -> 'goodrive://www.googleapis.com/:personal:/bannister/bannister/obj/Debug/net8.0-android/android/bin/classes/crc6477f0d89a9cfd64b1/EntryRenderer.class' (2,051)
2026-10-03 05:47:37: Copy Over 'C:/rock/bannister/Bannister/obj/Debug/net8.0-android/android/bin/classes/crc6477f0d89a9cfd64b1/FormsAppCompatActivity.class' -> 'goodrive://www.googleapis.com/:personal:/bannister/bannister/obj/Debug/net8.0-android/android/bin/classes/crc6477f0d89a9cfd64b1/FormsAppCompatActivity.class' (3,586)
2026-10-03 05:47:37: Copy Over 'C:/rock/bannister/Bannister/obj/Debug/net8.0-android/android/bin/classes/crc6477f0d89a9cfd64b1/FlyoutPageRenderer.class' -> 'goodrive://www.googleapis.com/:personal:/bannister/bannister/obj/Debug/net8.0-android/android/bin/classes/crc6477f0d89a9cfd64b1/FlyoutPageRenderer.class' (3,841)
2026-10-03 05:47:37: Copy Over 'C:/rock/bannister/Bannister/obj/Debug/net8.0-android/android/bin/classes/crc6477f0d89a9cfd64b1/FormsAnimationDrawable.class' -> 'goodrive://www.googleapis.com/:personal:/bannister/bannister/obj/Debug/net8.0-android/android/bin/classes/crc6477f0d89a9cfd64b1/FormsAnimationDrawable.class' (1,801)
2026-10-03 05:47:40: Copy Over 'C:/rock/bannister/Bannister/obj/Debug/net8.0-android/android/bin/classes/crc6477f0d89a9cfd64b1/FormsEditText.class' -> 'goodrive://www.googleapis.com/:personal:/bannister/bannister/obj/Debug/net8.0-android/android/bin/classes/crc6477f0d89a9cfd64b1/FormsEditText.class' (2,439)
2026-10-03 05:47:40: Copy Over 'C:/rock/bannister/Bannister/obj/Debug/net8.0-android/android/bin/classes/crc6477f0d89a9cfd64b1/FormsEditTextBase.class' -> 'goodrive://www.googleapis.com/:personal:/bannister/bannister/obj/Debug/net8.0-android/android/bin/classes/crc6477f0d89a9cfd64b1/FormsEditTextBase.class' (2,281)
2026-10-03 05:47:40: Copy Over 'C:/rock/bannister/Bannister/obj/Debug/net8.0-android/android/bin/classes/crc6477f0d89a9cfd64b1/FormsImageView.class' -> 'goodrive://www.googleapis.com/:personal:/bannister/bannister/obj/Debug/net8.0-android/android/bin/classes/crc6477f0d89a9cfd64b1/FormsImageView.class' (2,526)
2026-10-03 05:47:44: Copy Over 'C:/rock/bannister/Bannister/obj/Debug/net8.0-android/android/bin/classes/crc6477f0d89a9cfd64b1/FormsVideoView.class' -> 'goodrive://www.googleapis.com/:personal:/bannister/bannister/obj/Debug/net8.0-android/android/bin/classes/crc6477f0d89a9cfd64b1/FormsVideoView.class' (3,000)
2026-10-03 05:47:44: Copy Over 'C:/rock/bannister/Bannister/obj/Debug/net8.0-android/android/bin/classes/crc6477f0d89a9cfd64b1/FormsSeekBar.class' -> 'goodrive://www.googleapis.com/:personal:/bannister/bannister/obj/Debug/net8.0-android/android/bin/classes/crc6477f0d89a9cfd64b1/FormsSeekBar.class' (2,879)
2026-10-03 05:47:44: Copy Over 'C:/rock/bannister/Bannister/obj/Debug/net8.0-android/android/bin/classes/crc6477f0d89a9cfd64b1/FormsTextView.class' -> 'goodrive://www.googleapis.com/:personal:/bannister/bannister/obj/Debug/net8.0-android/android/bin/classes/crc6477f0d89a9cfd64b1/FormsTextView.class' (2,053)
2026-10-03 05:47:47: Copy Over 'C:/rock/bannister/Bannister/obj/Debug/net8.0-android/android/bin/classes/crc6477f0d89a9cfd64b1/FormsWebChromeClient.class' -> 'goodrive://www.googleapis.com/:personal:/bannister/bannister/obj/Debug/net8.0-android/android/bin/classes/crc6477f0d89a9cfd64b1/FormsWebChromeClient.class' (1,863)
2026-10-03 05:47:47: Copy Over 'C:/rock/bannister/Bannister/obj/Debug/net8.0-android/android/bin/classes/crc6477f0d89a9cfd64b1/GridLayoutSpanSizeLookup.class' -> 'goodrive://www.googleapis.com/:personal:/bannister/bannister/obj/Debug/net8.0-android/android/bin/classes/crc6477f0d89a9cfd64b1/GridLayoutSpanSizeLookup.class' (1,566)
2026-10-03 05:47:47: Copy Over 'C:/rock/bannister/Bannister/obj/Debug/net8.0-android/android/bin/classes/crc6477f0d89a9cfd64b1/FormsWebViewClient.class' -> 'goodrive://www.googleapis.com/:personal:/bannister/bannister/obj/Debug/net8.0-android/android/bin/classes/crc6477f0d89a9cfd64b1/FormsWebViewClient.class' (3,589)
2026-10-03 05:47:51: Copy Over 'C:/rock/bannister/Bannister/obj/Debug/net8.0-android/android/bin/classes/crc6477f0d89a9cfd64b1/GroupableItemsViewAdapter_2.class' -> 'goodrive://www.googleapis.com/:personal:/bannister/bannister/obj/Debug/net8.0-android/android/bin/classes/crc6477f0d89a9cfd64b1/GroupableItemsViewAdapter_2.class' (2,307)
2026-10-03 05:47:51: Copy Over 'C:/rock/bannister/Bannister/obj/Debug/net8.0-android/android/bin/classes/crc6477f0d89a9cfd64b1/GroupableItemsViewRenderer_3.class' -> 'goodrive://www.googleapis.com/:personal:/bannister/bannister/obj/Debug/net8.0-android/android/bin/classes/crc6477f0d89a9cfd64b1/GroupableItemsViewRenderer_3.class' (2,106)
2026-10-03 05:47:51: Copy Over 'C:/rock/bannister/Bannister/obj/Debug/net8.0-android/android/bin/classes/crc6477f0d89a9cfd64b1/GroupedListViewAdapter.class' -> 'goodrive://www.googleapis.com/:personal:/bannister/bannister/obj/Debug/net8.0-android/android/bin/classes/crc6477f0d89a9cfd64b1/GroupedListViewAdapter.class' (2,386)
2026-10-03 05:47:54: Copy Over 'C:/rock/bannister/Bannister/obj/Debug/net8.0-android/android/bin/classes/crc6477f0d89a9cfd64b1/ImageButtonRenderer.class' -> 'goodrive://www.googleapis.com/:personal:/bannister/bannister/obj/Debug/net8.0-android/android/bin/classes/crc6477f0d89a9cfd64b1/ImageButtonRenderer.class' (4,024)
2026-10-03 05:47:54: Copy Over 'C:/rock/bannister/Bannister/obj/Debug/net8.0-android/android/bin/classes/crc6477f0d89a9cfd64b1/ImageCache_FormsLruCache.class' -> 'goodrive://www.googleapis.com/:personal:/bannister/bannister/obj/Debug/net8.0-android/android/bin/classes/crc6477f0d89a9cfd64b1/ImageCache_FormsLruCache.class' (1,637)
2026-10-03 05:47:54: Copy Over 'C:/rock/bannister/Bannister/obj/Debug/net8.0-android/android/bin/classes/crc6477f0d89a9cfd64b1/ImageCache_CacheEntry.class' -> 'goodrive://www.googleapis.com/:personal:/bannister/bannister/obj/Debug/net8.0-android/android/bin/classes/crc6477f0d89a9cfd64b1/ImageCache_CacheEntry.class' (1,242)
2026-10-03 05:47:57: Copy Over 'C:/rock/bannister/Bannister/obj/Debug/net8.0-android/android/bin/classes/crc6477f0d89a9cfd64b1/ImageRenderer.class' -> 'goodrive://www.googleapis.com/:personal:/bannister/bannister/obj/Debug/net8.0-android/android/bin/classes/crc6477f0d89a9cfd64b1/ImageRenderer.class' (2,267)
2026-10-03 05:47:58: Copy Over 'C:/rock/bannister/Bannister/obj/Debug/net8.0-android/android/bin/classes/crc6477f0d89a9cfd64b1/ItemContentView.class' -> 'goodrive://www.googleapis.com/:personal:/bannister/bannister/obj/Debug/net8.0-android/android/bin/classes/crc6477f0d89a9cfd64b1/ItemContentView.class' (2,690)
2026-10-03 05:47:58: Copy Over 'C:/rock/bannister/Bannister/obj/Debug/net8.0-android/android/bin/classes/crc6477f0d89a9cfd64b1/IndicatorViewRenderer.class' -> 'goodrive://www.googleapis.com/:personal:/bannister/bannister/obj/Debug/net8.0-android/android/bin/classes/crc6477f0d89a9cfd64b1/IndicatorViewRenderer.class' (2,419)
2026-10-03 05:48:00: Copy Over 'C:/rock/bannister/Bannister/obj/Debug/net8.0-android/android/bin/classes/crc6477f0d89a9cfd64b1/ItemsViewAdapter_2.class' -> 'goodrive://www.googleapis.com/:personal:/bannister/bannister/obj/Debug/net8.0-android/android/bin/classes/crc6477f0d89a9cfd64b1/ItemsViewAdapter_2.class' (2,755)
2026-10-03 05:48:01: Copy Over 'C:/rock/bannister/Bannister/obj/Debug/net8.0-android/android/bin/classes/crc6477f0d89a9cfd64b1/ItemsViewRenderer_3.class' -> 'goodrive://www.googleapis.com/:personal:/bannister/bannister/obj/Debug/net8.0-android/android/bin/classes/crc6477f0d89a9cfd64b1/ItemsViewRenderer_3.class' (2,221)
2026-10-03 05:48:01: Copy Over 'C:/rock/bannister/Bannister/obj/Debug/net8.0-android/android/bin/classes/crc6477f0d89a9cfd64b1/LabelRenderer.class' -> 'goodrive://www.googleapis.com/:personal:/bannister/bannister/obj/Debug/net8.0-android/android/bin/classes/crc6477f0d89a9cfd64b1/LabelRenderer.class' (2,419)
2026-10-03 05:48:04: Copy Over 'C:/rock/bannister/Bannister/obj/Debug/net8.0-android/android/bin/classes/crc6477f0d89a9cfd64b1/LineRenderer.class' -> 'goodrive://www.googleapis.com/:personal:/bannister/bannister/obj/Debug/net8.0-android/android/bin/classes/crc6477f0d89a9cfd64b1/LineRenderer.class' (2,044)
2026-10-03 05:48:05: Copy Over 'C:/rock/bannister/Bannister/obj/Debug/net8.0-android/android/bin/classes/crc6477f0d89a9cfd64b1/LineView.class' -> 'goodrive://www.googleapis.com/:personal:/bannister/bannister/obj/Debug/net8.0-android/android/bin/classes/crc6477f0d89a9cfd64b1/LineView.class' (2,384)
2026-10-03 05:48:05: Copy Over 'C:/rock/bannister/Bannister/obj/Debug/net8.0-android/android/bin/classes/crc6477f0d89a9cfd64b1/ListViewAdapter.class' -> 'goodrive://www.googleapis.com/:personal:/bannister/bannister/obj/Debug/net8.0-android/android/bin/classes/crc6477f0d89a9cfd64b1/ListViewAdapter.class' (2,928)
2026-10-03 05:48:08: Copy Over 'C:/rock/bannister/Bannister/obj/Debug/net8.0-android/android/bin/classes/crc6477f0d89a9cfd64b1/ListViewRenderer.class' -> 'goodrive://www.googleapis.com/:personal:/bannister/bannister/obj/Debug/net8.0-android/android/bin/classes/crc6477f0d89a9cfd64b1/ListViewRenderer.class' (2,974)
2026-10-03 05:48:08: Copy Over 'C:/rock/bannister/Bannister/obj/Debug/net8.0-android/android/bin/classes/crc6477f0d89a9cfd64b1/ListViewRenderer_Container.class' -> 'goodrive://www.googleapis.com/:personal:/bannister/bannister/obj/Debug/net8.0-android/android/bin/classes/crc6477f0d89a9cfd64b1/ListViewRenderer_Container.class' (2,723)
2026-10-03 05:48:09: Copy Over 'C:/rock/bannister/Bannister/obj/Debug/net8.0-android/android/bin/classes/crc6477f0d89a9cfd64b1/ListViewRenderer_ListViewScrollDetector.class' -> 'goodrive://www.googleapis.com/:personal:/bannister/bannister/obj/Debug/net8.0-android/android/bin/classes/crc6477f0d89a9cfd64b1/ListViewRenderer_ListViewScrollDetector.class' (2,479)
2026-10-03 05:48:12: Copy Over 'C:/rock/bannister/Bannister/obj/Debug/net8.0-android/android/bin/classes/crc6477f0d89a9cfd64b1/ListViewRenderer_SwipeRefreshLayoutWithFixedNestedScrolling.class' -> 'goodrive://www.googleapis.com/:personal:/bannister/bannister/obj/Debug/net8.0-android/android/bin/classes/crc6477f0d89a9cfd64b1/ListViewRenderer_SwipeRefreshLayoutWithFixedNestedScrolling.class' (2,845)
2026-10-03 05:48:12: Copy Over 'C:/rock/bannister/Bannister/obj/Debug/net8.0-android/android/bin/classes/crc6477f0d89a9cfd64b1/NongreedySnapHelper.class' -> 'goodrive://www.googleapis.com/:personal:/bannister/bannister/obj/Debug/net8.0-android/android/bin/classes/crc6477f0d89a9cfd64b1/NongreedySnapHelper.class' (1,601)
2026-10-03 05:48:12: Copy Over 'C:/rock/bannister/Bannister/obj/Debug/net8.0-android/android/bin/classes/crc6477f0d89a9cfd64b1/NativeViewWrapperRenderer.class' -> 'goodrive://www.googleapis.com/:personal:/bannister/bannister/obj/Debug/net8.0-android/android/bin/classes/crc6477f0d89a9cfd64b1/NativeViewWrapperRenderer.class' (2,376)
2026-10-03 05:48:15: Copy Over 'C:/rock/bannister/Bannister/obj/Debug/net8.0-android/android/bin/classes/crc6477f0d89a9cfd64b1/NongreedySnapHelper_InitialScrollListener.class' -> 'goodrive://www.googleapis.com/:personal:/bannister/bannister/obj/Debug/net8.0-android/android/bin/classes/crc6477f0d89a9cfd64b1/NongreedySnapHelper_InitialScrollListener.class' (2,061)
2026-10-03 05:48:15: Copy Over 'C:/rock/bannister/Bannister/obj/Debug/net8.0-android/android/bin/classes/crc6477f0d89a9cfd64b1/ObjectJavaBox_1.class' -> 'goodrive://www.googleapis.com/:personal:/bannister/bannister/obj/Debug/net8.0-android/android/bin/classes/crc6477f0d89a9cfd64b1/ObjectJavaBox_1.class' (1,224)
2026-10-03 05:48:15: Copy Over 'C:/rock/bannister/Bannister/obj/Debug/net8.0-android/android/bin/classes/crc6477f0d89a9cfd64b1/PageContainer.class' -> 'goodrive://www.googleapis.com/:personal:/bannister/bannister/obj/Debug/net8.0-android/android/bin/classes/crc6477f0d89a9cfd64b1/PageContainer.class' (2,684)
2026-10-03 05:48:18: Copy Over 'C:/rock/bannister/Bannister/obj/Debug/net8.0-android/android/bin/classes/crc6477f0d89a9cfd64b1/PageExtensions_EmbeddedSupportFragment.class' -> 'goodrive://www.googleapis.com/:personal:/bannister/bannister/obj/Debug/net8.0-android/android/bin/classes/crc6477f0d89a9cfd64b1/PageExtensions_EmbeddedSupportFragment.class' (1,962)
2026-10-03 05:48:18: Copy Over 'C:/rock/bannister/Bannister/obj/Debug/net8.0-android/android/bin/classes/crc6477f0d89a9cfd64b1/PageRenderer.class' -> 'goodrive://www.googleapis.com/:personal:/bannister/bannister/obj/Debug/net8.0-android/android/bin/classes/crc6477f0d89a9cfd64b1/PageRenderer.class' (2,759)
2026-10-03 05:48:18: Copy Over 'C:/rock/bannister/Bannister/obj/Debug/net8.0-android/android/bin/classes/crc6477f0d89a9cfd64b1/PageExtensions_EmbeddedFragment.class' -> 'goodrive://www.googleapis.com/:personal:/bannister/bannister/obj/Debug/net8.0-android/android/bin/classes/crc6477f0d89a9cfd64b1/PageExtensions_EmbeddedFragment.class' (1,941)
2026-10-03 05:48:21: Copy Over 'C:/rock/bannister/Bannister/obj/Debug/net8.0-android/android/bin/classes/crc6477f0d89a9cfd64b1/PathRenderer.class' -> 'goodrive://www.googleapis.com/:personal:/bannister/bannister/obj/Debug/net8.0-android/android/bin/classes/crc6477f0d89a9cfd64b1/PathRenderer.class' (2,044)
2026-10-03 05:48:21: Copy Over 'C:/rock/bannister/Bannister/obj/Debug/net8.0-android/android/bin/classes/crc6477f0d89a9cfd64b1/PathView.class' -> 'goodrive://www.googleapis.com/:personal:/bannister/bannister/obj/Debug/net8.0-android/android/bin/classes/crc6477f0d89a9cfd64b1/PathView.class' (2,384)
2026-10-03 05:48:22: Copy Over 'C:/rock/bannister/Bannister/obj/Debug/net8.0-android/android/bin/classes/crc6477f0d89a9cfd64b1/PickerEditText.class' -> 'goodrive://www.googleapis.com/:personal:/bannister/bannister/obj/Debug/net8.0-android/android/bin/classes/crc6477f0d89a9cfd64b1/PickerEditText.class' (2,505)
2026-10-03 05:48:24: Copy Over 'C:/rock/bannister/Bannister/obj/Debug/net8.0-android/android/bin/classes/crc6477f0d89a9cfd64b1/PickerManager_PickerListener.class' -> 'goodrive://www.googleapis.com/:personal:/bannister/bannister/obj/Debug/net8.0-android/android/bin/classes/crc6477f0d89a9cfd64b1/PickerManager_PickerListener.class' (1,678)
2026-10-03 05:48:25: Copy Over 'C:/rock/bannister/Bannister/obj/Debug/net8.0-android/android/bin/classes/crc6477f0d89a9cfd64b1/Platform_DefaultRenderer.class' -> 'goodrive://www.googleapis.com/:personal:/bannister/bannister/obj/Debug/net8.0-android/android/bin/classes/crc6477f0d89a9cfd64b1/Platform_DefaultRenderer.class' (3,061)
2026-10-03 05:48:25: Copy Over 'C:/rock/bannister/Bannister/obj/Debug/net8.0-android/android/bin/classes/crc6477f0d89a9cfd64b1/Platform_ModalContainer.class' -> 'goodrive://www.googleapis.com/:personal:/bannister/bannister/obj/Debug/net8.0-android/android/bin/classes/crc6477f0d89a9cfd64b1/Platform_ModalContainer.class' (2,572)
2026-10-03 05:48:28: Copy Over 'C:/rock/bannister/Bannister/obj/Debug/net8.0-android/android/bin/classes/crc6477f0d89a9cfd64b1/PlatformRenderer.class' -> 'goodrive://www.googleapis.com/:personal:/bannister/bannister/obj/Debug/net8.0-android/android/bin/classes/crc6477f0d89a9cfd64b1/PlatformRenderer.class' (2,938)
2026-10-03 05:48:29: Copy Over 'C:/rock/bannister/Bannister/obj/Debug/net8.0-android/android/bin/classes/crc6477f0d89a9cfd64b1/PolygonView.class' -> 'goodrive://www.googleapis.com/:personal:/bannister/bannister/obj/Debug/net8.0-android/android/bin/classes/crc6477f0d89a9cfd64b1/PolygonView.class' (2,393)
2026-10-03 05:48:29: Copy Over 'C:/rock/bannister/Bannister/obj/Debug/net8.0-android/android/bin/classes/crc6477f0d89a9cfd64b1/PolygonRenderer.class' -> 'goodrive://www.googleapis.com/:personal:/bannister/bannister/obj/Debug/net8.0-android/android/bin/classes/crc6477f0d89a9cfd64b1/PolygonRenderer.class' (2,053)
2026-10-03 05:48:31: Copy Over 'C:/rock/bannister/Bannister/obj/Debug/net8.0-android/android/bin/classes/crc6477f0d89a9cfd64b1/PolylineRenderer.class' -> 'goodrive://www.googleapis.com/:personal:/bannister/bannister/obj/Debug/net8.0-android/android/bin/classes/crc6477f0d89a9cfd64b1/PolylineRenderer.class' (2,056)
2026-10-03 05:48:32: Copy Over 'C:/rock/bannister/Bannister/obj/Debug/net8.0-android/android/bin/classes/crc6477f0d89a9cfd64b1/PolylineView.class' -> 'goodrive://www.googleapis.com/:personal:/bannister/bannister/obj/Debug/net8.0-android/android/bin/classes/crc6477f0d89a9cfd64b1/PolylineView.class' (2,396)
2026-10-03 05:48:32: Copy Over 'C:/rock/bannister/Bannister/obj/Debug/net8.0-android/android/bin/classes/crc6477f0d89a9cfd64b1/PositionalSmoothScroller.class' -> 'goodrive://www.googleapis.com/:personal:/bannister/bannister/obj/Debug/net8.0-android/android/bin/classes/crc6477f0d89a9cfd64b1/PositionalSmoothScroller.class' (1,990)
2026-10-03 05:48:34: Copy Over 'C:/rock/bannister/Bannister/obj/Debug/net8.0-android/android/bin/classes/crc6477f0d89a9cfd64b1/ProgressBarRenderer.class' -> 'goodrive://www.googleapis.com/:personal:/bannister/bannister/obj/Debug/net8.0-android/android/bin/classes/crc6477f0d89a9cfd64b1/ProgressBarRenderer.class' (2,064)
2026-10-03 05:48:36: Copy Over 'C:/rock/bannister/Bannister/obj/Debug/net8.0-android/android/bin/classes/crc6477f0d89a9cfd64b1/RectangleRenderer.class' -> 'goodrive://www.googleapis.com/:personal:/bannister/bannister/obj/Debug/net8.0-android/android/bin/classes/crc6477f0d89a9cfd64b1/RectangleRenderer.class' (2,059)
2026-10-03 05:48:36: Copy Over 'C:/rock/bannister/Bannister/obj/Debug/net8.0-android/android/bin/classes/crc6477f0d89a9cfd64b1/RadioButtonRenderer.class' -> 'goodrive://www.googleapis.com/:personal:/bannister/bannister/obj/Debug/net8.0-android/android/bin/classes/crc6477f0d89a9cfd64b1/RadioButtonRenderer.class' (3,271)
2026-10-03 05:48:38: Copy Over 'C:/rock/bannister/Bannister/obj/Debug/net8.0-android/android/bin/classes/crc6477f0d89a9cfd64b1/RectView.class' -> 'goodrive://www.googleapis.com/:personal:/bannister/bannister/obj/Debug/net8.0-android/android/bin/classes/crc6477f0d89a9cfd64b1/RectView.class' (2,384)
2026-10-03 05:48:39: Copy Over 'C:/rock/bannister/Bannister/obj/Debug/net8.0-android/android/bin/classes/crc6477f0d89a9cfd64b1/RefreshViewRenderer.class' -> 'goodrive://www.googleapis.com/:personal:/bannister/bannister/obj/Debug/net8.0-android/android/bin/classes/crc6477f0d89a9cfd64b1/RefreshViewRenderer.class' (2,676)
2026-10-03 05:48:41: Copy Over 'C:/rock/bannister/Bannister/obj/Debug/net8.0-android/android/bin/classes/crc6477f0d89a9cfd64b1/ScrollHelper.class' -> 'goodrive://www.googleapis.com/:personal:/bannister/bannister/obj/Debug/net8.0-android/android/bin/classes/crc6477f0d89a9cfd64b1/ScrollHelper.class' (1,886)
2026-10-03 05:48:42: Copy Over 'C:/rock/bannister/Bannister/obj/Debug/net8.0-android/android/bin/classes/crc6477f0d89a9cfd64b1/ScrollViewContainer.class' -> 'goodrive://www.googleapis.com/:personal:/bannister/bannister/obj/Debug/net8.0-android/android/bin/classes/crc6477f0d89a9cfd64b1/ScrollViewContainer.class' (2,702)
2026-10-03 05:48:42: Copy Over 'C:/rock/bannister/Bannister/obj/Debug/net8.0-android/android/bin/classes/crc6477f0d89a9cfd64b1/ScrollViewRenderer.class' -> 'goodrive://www.googleapis.com/:personal:/bannister/bannister/obj/Debug/net8.0-android/android/bin/classes/crc6477f0d89a9cfd64b1/ScrollViewRenderer.class' (3,359)
2026-10-03 05:48:44: Copy Over 'C:/rock/bannister/Bannister/obj/Debug/net8.0-android/android/bin/classes/crc6477f0d89a9cfd64b1/SearchBarRenderer.class' -> 'goodrive://www.googleapis.com/:personal:/bannister/bannister/obj/Debug/net8.0-android/android/bin/classes/crc6477f0d89a9cfd64b1/SearchBarRenderer.class' (2,813)
2026-10-03 05:48:45: Copy Over 'C:/rock/bannister/Bannister/obj/Debug/net8.0-android/android/bin/classes/crc6477f0d89a9cfd64b1/SelectableItemsViewAdapter_2.class' -> 'goodrive://www.googleapis.com/:personal:/bannister/bannister/obj/Debug/net8.0-android/android/bin/classes/crc6477f0d89a9cfd64b1/SelectableItemsViewAdapter_2.class' (2,120)
2026-10-03 05:48:45: Copy Over 'C:/rock/bannister/Bannister/obj/Debug/net8.0-android/android/bin/classes/crc6477f0d89a9cfd64b1/SelectableItemsViewRenderer_3.class' -> 'goodrive://www.googleapis.com/:personal:/bannister/bannister/obj/Debug/net8.0-android/android/bin/classes/crc6477f0d89a9cfd64b1/SelectableItemsViewRenderer_3.class' (2,109)
2026-10-03 05:48:48: Copy Over 'C:/rock/bannister/Bannister/obj/Debug/net8.0-android/android/bin/classes/crc6477f0d89a9cfd64b1/SelectableViewHolder.class' -> 'goodrive://www.googleapis.com/:personal:/bannister/bannister/obj/Debug/net8.0-android/android/bin/classes/crc6477f0d89a9cfd64b1/SelectableViewHolder.class' (1,825)
2026-10-03 05:48:48: Copy Over 'C:/rock/bannister/Bannister/obj/Debug/net8.0-android/android/bin/classes/crc6477f0d89a9cfd64b1/ShapeRenderer_2.class' -> 'goodrive://www.googleapis.com/:personal:/bannister/bannister/obj/Debug/net8.0-android/android/bin/classes/crc6477f0d89a9cfd64b1/ShapeRenderer_2.class' (2,052)
2026-10-03 05:48:49: Copy Over 'C:/rock/bannister/Bannister/obj/Debug/net8.0-android/android/bin/classes/crc6477f0d89a9cfd64b1/ShapeView.class' -> 'goodrive://www.googleapis.com/:personal:/bannister/bannister/obj/Debug/net8.0-android/android/bin/classes/crc6477f0d89a9cfd64b1/ShapeView.class' (2,571)
2026-10-03 05:48:51: Copy Over 'C:/rock/bannister/Bannister/obj/Debug/net8.0-android/android/bin/classes/crc6477f0d89a9cfd64b1/SimpleViewHolder.class' -> 'goodrive://www.googleapis.com/:personal:/bannister/bannister/obj/Debug/net8.0-android/android/bin/classes/crc6477f0d89a9cfd64b1/SimpleViewHolder.class' (1,475)
2026-10-03 05:48:51: Copy Over 'C:/rock/bannister/Bannister/obj/Debug/net8.0-android/android/bin/classes/crc6477f0d89a9cfd64b1/SingleSnapHelper.class' -> 'goodrive://www.googleapis.com/:personal:/bannister/bannister/obj/Debug/net8.0-android/android/bin/classes/crc6477f0d89a9cfd64b1/SingleSnapHelper.class' (2,150)
2026-10-03 05:48:53: Copy Over 'C:/rock/bannister/Bannister/obj/Debug/net8.0-android/android/bin/classes/crc6477f0d89a9cfd64b1/SizedItemContentView.class' -> 'goodrive://www.googleapis.com/:personal:/bannister/bannister/obj/Debug/net8.0-android/android/bin/classes/crc6477f0d89a9cfd64b1/SizedItemContentView.class' (2,568)
2026-10-03 05:48:54: Copy Over 'C:/rock/bannister/Bannister/obj/Debug/net8.0-android/android/bin/classes/crc6477f0d89a9cfd64b1/SliderRenderer.class' -> 'goodrive://www.googleapis.com/:personal:/bannister/bannister/obj/Debug/net8.0-android/android/bin/classes/crc6477f0d89a9cfd64b1/SliderRenderer.class' (3,427)
2026-10-03 05:48:54: Copy Over 'C:/rock/bannister/Bannister/obj/Debug/net8.0-android/android/bin/classes/crc6477f0d89a9cfd64b1/SpacingItemDecoration.class' -> 'goodrive://www.googleapis.com/:personal:/bannister/bannister/obj/Debug/net8.0-android/android/bin/classes/crc6477f0d89a9cfd64b1/SpacingItemDecoration.class' (2,035)
2026-10-03 05:48:57: Copy Over 'C:/rock/bannister/Bannister/obj/Debug/net8.0-android/android/bin/classes/crc6477f0d89a9cfd64b1/StartSingleSnapHelper.class' -> 'goodrive://www.googleapis.com/:personal:/bannister/bannister/obj/Debug/net8.0-android/android/bin/classes/crc6477f0d89a9cfd64b1/StartSingleSnapHelper.class' (1,885)
2026-10-03 05:48:57: Copy Over 'C:/rock/bannister/Bannister/obj/Debug/net8.0-android/android/bin/classes/crc6477f0d89a9cfd64b1/StartSnapHelper.class' -> 'goodrive://www.googleapis.com/:personal:/bannister/bannister/obj/Debug/net8.0-android/android/bin/classes/crc6477f0d89a9cfd64b1/StartSnapHelper.class' (2,215)
2026-10-03 05:48:58: Copy Over 'C:/rock/bannister/Bannister/obj/Debug/net8.0-android/android/bin/classes/crc6477f0d89a9cfd64b1/StepperRenderer.class' -> 'goodrive://www.googleapis.com/:personal:/bannister/bannister/obj/Debug/net8.0-android/android/bin/classes/crc6477f0d89a9cfd64b1/StepperRenderer.class' (2,052)
2026-10-03 05:49:00: Copy Over 'C:/rock/bannister/Bannister/obj/Debug/net8.0-android/android/bin/classes/crc6477f0d89a9cfd64b1/StepperRendererManager_StepperListener.class' -> 'goodrive://www.googleapis.com/:personal:/bannister/bannister/obj/Debug/net8.0-android/android/bin/classes/crc6477f0d89a9cfd64b1/StepperRendererManager_StepperListener.class' (1,708)
2026-10-03 05:49:01: Copy Over 'C:/rock/bannister/Bannister/obj/Debug/net8.0-android/android/bin/classes/crc6477f0d89a9cfd64b1/StructuredItemsViewAdapter_2.class' -> 'goodrive://www.googleapis.com/:personal:/bannister/bannister/obj/Debug/net8.0-android/android/bin/classes/crc6477f0d89a9cfd64b1/StructuredItemsViewAdapter_2.class' (2,300)
2026-10-03 05:49:01: Copy Over 'C:/rock/bannister/Bannister/obj/Debug/net8.0-android/android/bin/classes/crc6477f0d89a9cfd64b1/StructuredItemsViewRenderer_3.class' -> 'goodrive://www.googleapis.com/:personal:/bannister/bannister/obj/Debug/net8.0-android/android/bin/classes/crc6477f0d89a9cfd64b1/StructuredItemsViewRenderer_3.class' (2,099)
2026-10-03 05:49:03: Copy Over 'C:/rock/bannister/Bannister/obj/Debug/net8.0-android/android/bin/classes/crc6477f0d89a9cfd64b1/SwipeViewRenderer.class' -> 'goodrive://www.googleapis.com/:personal:/bannister/bannister/obj/Debug/net8.0-android/android/bin/classes/crc6477f0d89a9cfd64b1/SwipeViewRenderer.class' (2,880)
2026-10-03 05:49:04: Copy Over 'C:/rock/bannister/Bannister/obj/Debug/net8.0-android/android/bin/classes/crc6477f0d89a9cfd64b1/TableViewModelRenderer.class' -> 'goodrive://www.googleapis.com/:personal:/bannister/bannister/obj/Debug/net8.0-android/android/bin/classes/crc6477f0d89a9cfd64b1/TableViewModelRenderer.class' (2,656)
2026-10-03 05:49:05: Copy Over 'C:/rock/bannister/Bannister/obj/Debug/net8.0-android/android/bin/classes/crc6477f0d89a9cfd64b1/TableViewRenderer.class' -> 'goodrive://www.googleapis.com/:personal:/bannister/bannister/obj/Debug/net8.0-android/android/bin/classes/crc6477f0d89a9cfd64b1/TableViewRenderer.class' (2,221)
2026-10-03 05:49:06: Copy Over 'C:/rock/bannister/Bannister/obj/Debug/net8.0-android/android/bin/classes/crc6477f0d89a9cfd64b1/TemplatedItemViewHolder.class' -> 'goodrive://www.googleapis.com/:personal:/bannister/bannister/obj/Debug/net8.0-android/android/bin/classes/crc6477f0d89a9cfd64b1/TemplatedItemViewHolder.class' (1,395)
2026-10-03 05:49:08: Copy Over 'C:/rock/bannister/Bannister/obj/Debug/net8.0-android/android/bin/classes/crc6477f0d89a9cfd64b1/TextCellRenderer_TextCellView.class' -> 'goodrive://www.googleapis.com/:personal:/bannister/bannister/obj/Debug/net8.0-android/android/bin/classes/crc6477f0d89a9cfd64b1/TextCellRenderer_TextCellView.class' (2,450)
2026-10-03 05:49:08: Copy Over 'C:/rock/bannister/Bannister/obj/Debug/net8.0-android/android/bin/classes/crc6477f0d89a9cfd64b1/TextViewHolder.class' -> 'goodrive://www.googleapis.com/:personal:/bannister/bannister/obj/Debug/net8.0-android/android/bin/classes/crc6477f0d89a9cfd64b1/TextViewHolder.class' (1,368)
2026-10-03 05:49:09: Copy Over 'C:/rock/bannister/Bannister/obj/Debug/net8.0-android/android/bin/classes/crc6477f0d89a9cfd64b1/TimePickerRenderer.class' -> 'goodrive://www.googleapis.com/:personal:/bannister/bannister/obj/Debug/net8.0-android/android/bin/classes/crc6477f0d89a9cfd64b1/TimePickerRenderer.class' (2,071)
2026-10-03 05:49:12: Copy Over 'C:/rock/bannister/Bannister/obj/Debug/net8.0-android/android/bin/classes/crc6477f0d89a9cfd64b1/ViewCellRenderer_ViewCellContainer.class' -> 'goodrive://www.googleapis.com/:personal:/bannister/bannister/obj/Debug/net8.0-android/android/bin/classes/crc6477f0d89a9cfd64b1/ViewCellRenderer_ViewCellContainer.class' (3,217)
2026-10-03 05:49:12: Copy Over 'C:/rock/bannister/Bannister/obj/Debug/net8.0-android/android/bin/classes/crc6477f0d89a9cfd64b1/TimePickerRendererBase_1.class' -> 'goodrive://www.googleapis.com/:personal:/bannister/bannister/obj/Debug/net8.0-android/android/bin/classes/crc6477f0d89a9cfd64b1/TimePickerRendererBase_1.class' (2,566)
2026-10-03 05:49:13: Copy Over 'C:/rock/bannister/Bannister/obj/Debug/net8.0-android/android/bin/classes/crc6477f0d89a9cfd64b1/ViewCellRenderer_ViewCellContainer_LongPressGestureListener.class' -> 'goodrive://www.googleapis.com/:personal:/bannister/bannister/obj/Debug/net8.0-android/android/bin/classes/crc6477f0d89a9cfd64b1/ViewCellRenderer_ViewCellContainer_LongPressGestureListener.class' (3,573)
2026-10-03 05:49:15: Copy Over 'C:/rock/bannister/Bannister/obj/Debug/net8.0-android/android/bin/classes/crc6477f0d89a9cfd64b1/ViewCellRenderer_ViewCellContainer_TapGestureListener.class' -> 'goodrive://www.googleapis.com/:personal:/bannister/bannister/obj/Debug/net8.0-android/android/bin/classes/crc6477f0d89a9cfd64b1/ViewCellRenderer_ViewCellContainer_TapGestureListener.class' (3,555)
2026-10-03 05:49:16: Copy Over 'C:/rock/bannister/Bannister/obj/Debug/net8.0-android/android/bin/classes/crc6477f0d89a9cfd64b1/ViewRenderer.class' -> 'goodrive://www.googleapis.com/:personal:/bannister/bannister/obj/Debug/net8.0-android/android/bin/classes/crc6477f0d89a9cfd64b1/ViewRenderer.class' (2,043)
2026-10-03 05:49:16: Copy Over 'C:/rock/bannister/Bannister/obj/Debug/net8.0-android/android/bin/classes/crc6477f0d89a9cfd64b1/ViewRenderer_2.class' -> 'goodrive://www.googleapis.com/:personal:/bannister/bannister/obj/Debug/net8.0-android/android/bin/classes/crc6477f0d89a9cfd64b1/ViewRenderer_2.class' (2,665)
2026-10-03 05:49:18: Copy Over 'C:/rock/bannister/Bannister/obj/Debug/net8.0-android/android/bin/classes/crc6477f0d89a9cfd64b1/VisualElementRenderer_1.class' -> 'goodrive://www.googleapis.com/:personal:/bannister/bannister/obj/Debug/net8.0-android/android/bin/classes/crc6477f0d89a9cfd64b1/VisualElementRenderer_1.class' (3,176)
2026-10-03 05:49:19: Copy Over 'C:/rock/bannister/Bannister/obj/Debug/net8.0-android/android/bin/classes/crc6477f0d89a9cfd64b1/VisualElementTracker_AttachTracker.class' -> 'goodrive://www.googleapis.com/:personal:/bannister/bannister/obj/Debug/net8.0-android/android/bin/classes/crc6477f0d89a9cfd64b1/VisualElementTracker_AttachTracker.class' (2,143)
2026-10-03 05:49:20: Copy Over 'C:/rock/bannister/Bannister/obj/Debug/net8.0-android/android/bin/classes/crc6477f0d89a9cfd64b1/WebViewRenderer.class' -> 'goodrive://www.googleapis.com/:personal:/bannister/bannister/obj/Debug/net8.0-android/android/bin/classes/crc6477f0d89a9cfd64b1/WebViewRenderer.class' (2,052)
2026-10-03 05:49:22: Copy Over 'C:/rock/bannister/Bannister/obj/Debug/net8.0-android/android/bin/classes/crc6477f0d89a9cfd64b1/WebViewRenderer_JavascriptResult.class' -> 'goodrive://www.googleapis.com/:personal:/bannister/bannister/obj/Debug/net8.0-android/android/bin/classes/crc6477f0d89a9cfd64b1/WebViewRenderer_JavascriptResult.class' (1,608)
2026-10-03 05:49:23: Copy Over 'C:/rock/bannister/Bannister/obj/Debug/net8.0-android/android/bin/classes/crc648fc34c62be8fbbff/Snackbar_SnackbarCallback.class' -> 'goodrive://www.googleapis.com/:personal:/bannister/bannister/obj/Debug/net8.0-android/android/bin/classes/crc648fc34c62be8fbbff/Snackbar_SnackbarCallback.class' (1,765)
2026-10-03 05:49:23: Copy Over 'C:/rock/bannister/Bannister/obj/Debug/net8.0-android/android/bin/classes/crc648afdc667cfb0dccb/ButtonRenderer.class' -> 'goodrive://www.googleapis.com/:personal:/bannister/bannister/obj/Debug/net8.0-android/android/bin/classes/crc648afdc667cfb0dccb/ButtonRenderer.class' (3,843)
2026-10-03 05:49:25: Copy Over 'C:/rock/bannister/Bannister/obj/Debug/net8.0-android/android/bin/classes/crc648afdc667cfb0dccb/CarouselPageRenderer.class' -> 'goodrive://www.googleapis.com/:personal:/bannister/bannister/obj/Debug/net8.0-android/android/bin/classes/crc648afdc667cfb0dccb/CarouselPageRenderer.class' (3,525)
2026-10-03 05:49:26: Copy Over 'C:/rock/bannister/Bannister/obj/Debug/net8.0-android/android/bin/classes/crc648afdc667cfb0dccb/FormsFragmentPagerAdapter_1.class' -> 'goodrive://www.googleapis.com/:personal:/bannister/bannister/obj/Debug/net8.0-android/android/bin/classes/crc648afdc667cfb0dccb/FormsFragmentPagerAdapter_1.class' (2,965)
2026-10-03 05:49:27: Copy Over 'C:/rock/bannister/Bannister/obj/Debug/net8.0-android/android/bin/classes/crc648afdc667cfb0dccb/FormsViewPager.class' -> 'goodrive://www.googleapis.com/:personal:/bannister/bannister/obj/Debug/net8.0-android/android/bin/classes/crc648afdc667cfb0dccb/FormsViewPager.class' (1,681)
2026-10-03 05:49:28: Copy Over 'C:/rock/bannister/Bannister/obj/Debug/net8.0-android/android/bin/classes/crc648afdc667cfb0dccb/FragmentContainer.class' -> 'goodrive://www.googleapis.com/:personal:/bannister/bannister/obj/Debug/net8.0-android/android/bin/classes/crc648afdc667cfb0dccb/FragmentContainer.class' (2,456)
2026-10-03 05:49:30: Copy Over 'C:/rock/bannister/Bannister/obj/Debug/net8.0-android/android/bin/classes/crc648afdc667cfb0dccb/FrameRenderer.class' -> 'goodrive://www.googleapis.com/:personal:/bannister/bannister/obj/Debug/net8.0-android/android/bin/classes/crc648afdc667cfb0dccb/FrameRenderer.class' (2,055)
2026-10-03 05:49:30: Copy Over 'C:/rock/bannister/Bannister/obj/Debug/net8.0-android/android/bin/classes/crc648afdc667cfb0dccb/NavigationPageRenderer.class' -> 'goodrive://www.googleapis.com/:personal:/bannister/bannister/obj/Debug/net8.0-android/android/bin/classes/crc648afdc667cfb0dccb/NavigationPageRenderer.class' (2,987)
2026-10-03 05:49:33: Copy Over 'C:/rock/bannister/Bannister/obj/Debug/net8.0-android/android/bin/classes/crc648afdc667cfb0dccb/NavigationPageRenderer_ClickListener.class' -> 'goodrive://www.googleapis.com/:personal:/bannister/bannister/obj/Debug/net8.0-android/android/bin/classes/crc648afdc667cfb0dccb/NavigationPageRenderer_ClickListener.class' (1,712)
2026-10-03 05:49:33: Copy Over 'C:/rock/bannister/Bannister/obj/Debug/net8.0-android/android/bin/classes/crc648afdc667cfb0dccb/NavigationPageRenderer_DrawerMultiplexedListener.class' -> 'goodrive://www.googleapis.com/:personal:/bannister/bannister/obj/Debug/net8.0-android/android/bin/classes/crc648afdc667cfb0dccb/NavigationPageRenderer_DrawerMultiplexedListener.class' (2,675)
2026-10-03 05:49:33: Copy Over 'C:/rock/bannister/Bannister/obj/Debug/net8.0-android/android/bin/classes/crc648afdc667cfb0dccb/NavigationPageRenderer_Container.class' -> 'goodrive://www.googleapis.com/:personal:/bannister/bannister/obj/Debug/net8.0-android/android/bin/classes/crc648afdc667cfb0dccb/NavigationPageRenderer_Container.class' (2,751)
2026-10-03 05:49:36: Copy Over 'C:/rock/bannister/Bannister/obj/Debug/net8.0-android/android/bin/classes/crc648afdc667cfb0dccb/PickerRenderer.class' -> 'goodrive://www.googleapis.com/:personal:/bannister/bannister/obj/Debug/net8.0-android/android/bin/classes/crc648afdc667cfb0dccb/PickerRenderer.class' (2,065)
2026-10-03 05:49:36: Copy Over 'C:/rock/bannister/Bannister/obj/Debug/net8.0-android/android/bin/classes/crc648afdc667cfb0dccb/SwitchRenderer.class' -> 'goodrive://www.googleapis.com/:personal:/bannister/bannister/obj/Debug/net8.0-android/android/bin/classes/crc648afdc667cfb0dccb/SwitchRenderer.class' (2,603)
2026-10-03 05:49:36: Copy Over 'C:/rock/bannister/Bannister/obj/Debug/net8.0-android/android/bin/classes/crc648afdc667cfb0dccb/PickerRendererBase_1.class' -> 'goodrive://www.googleapis.com/:personal:/bannister/bannister/obj/Debug/net8.0-android/android/bin/classes/crc648afdc667cfb0dccb/PickerRendererBase_1.class' (2,077)
2026-10-03 05:49:39: Copy Over 'C:/rock/bannister/Bannister/obj/Debug/net8.0-android/android/bin/classes/crc648afdc667cfb0dccb/TabbedPageRenderer.class' -> 'goodrive://www.googleapis.com/:personal:/bannister/bannister/obj/Debug/net8.0-android/android/bin/classes/crc648afdc667cfb0dccb/TabbedPageRenderer.class' (5,403)
2026-10-03 05:49:40: Copy Over 'C:/rock/bannister/Bannister/obj/Debug/net8.0-android/android/bin/classes/crc648afdc667cfb0dccb/ViewRenderer_2.class' -> 'goodrive://www.googleapis.com/:personal:/bannister/bannister/obj/Debug/net8.0-android/android/bin/classes/crc648afdc667cfb0dccb/ViewRenderer_2.class' (2,059)
2026-10-03 05:49:40: Copy Over 'C:/rock/bannister/Bannister/obj/Debug/net8.0-android/android/bin/classes/crc6493855b22b6fa0721/TextToSpeechInternalImplementation.class' -> 'goodrive://www.googleapis.com/:personal:/bannister/bannister/obj/Debug/net8.0-android/android/bin/classes/crc6493855b22b6fa0721/TextToSpeechInternalImplementation.class' (2,108)
2026-10-03 05:49:43: Copy Over 'C:/rock/bannister/Bannister/obj/Debug/net8.0-android/android/bin/classes/crc649ff77a65592e7d55/TabbedPageManager_Listeners.class' -> 'goodrive://www.googleapis.com/:personal:/bannister/bannister/obj/Debug/net8.0-android/android/bin/classes/crc649ff77a65592e7d55/TabbedPageManager_Listeners.class' (4,023)
2026-10-03 05:49:43: Copy Over 'C:/rock/bannister/Bannister/obj/Debug/net8.0-android/android/bin/classes/crc649ff77a65592e7d55/TabbedPageManager_TempView.class' -> 'goodrive://www.googleapis.com/:personal:/bannister/bannister/obj/Debug/net8.0-android/android/bin/classes/crc649ff77a65592e7d55/TabbedPageManager_TempView.class' (2,388)
2026-10-03 05:49:43: Copy Over 'C:/rock/bannister/Bannister/obj/Debug/net8.0-android/android/bin/classes/crc64a096dc44ad241142/PlatformTicker_DurationScaleListener.class' -> 'goodrive://www.googleapis.com/:personal:/bannister/bannister/obj/Debug/net8.0-android/android/bin/classes/crc64a096dc44ad241142/PlatformTicker_DurationScaleListener.class' (1,681)
2026-10-03 05:49:47: Copy Over 'C:/rock/bannister/Bannister/obj/Debug/net8.0-android/android/bin/classes/crc64a25b61d9f8ee364f/FloatArrayEvaluator.class' -> 'goodrive://www.googleapis.com/:personal:/bannister/bannister/obj/Debug/net8.0-android/android/bin/classes/crc64a25b61d9f8ee364f/FloatArrayEvaluator.class' (1,620)
2026-10-03 05:49:47: Copy Over 'C:/rock/bannister/Bannister/obj/Debug/net8.0-android/android/bin/classes/crc64a25b61d9f8ee364f/TransitionUtils.class' -> 'goodrive://www.googleapis.com/:personal:/bannister/bannister/obj/Debug/net8.0-android/android/bin/classes/crc64a25b61d9f8ee364f/TransitionUtils.class' (1,180)
2026-10-03 05:49:47: Copy Over 'C:/rock/bannister/Bannister/obj/Debug/net8.0-android/android/bin/classes/crc64a25b61d9f8ee364f/RectEvaluator.class' -> 'goodrive://www.googleapis.com/:personal:/bannister/bannister/obj/Debug/net8.0-android/android/bin/classes/crc64a25b61d9f8ee364f/RectEvaluator.class' (1,602)
2026-10-03 05:49:50: Copy Over 'C:/rock/bannister/Bannister/obj/Debug/net8.0-android/android/bin/classes/crc64a25b61d9f8ee364f/TransitionUtils_MatrixEvaluator.class' -> 'goodrive://www.googleapis.com/:personal:/bannister/bannister/obj/Debug/net8.0-android/android/bin/classes/crc64a25b61d9f8ee364f/TransitionUtils_MatrixEvaluator.class' (1,656)
2026-10-03 05:49:50: Copy Over 'C:/rock/bannister/Bannister/obj/Debug/net8.0-android/android/bin/classes/crc64b5e713d400f589b7/LinearGradientShaderFactory.class' -> 'goodrive://www.googleapis.com/:personal:/bannister/bannister/obj/Debug/net8.0-android/android/bin/classes/crc64b5e713d400f589b7/LinearGradientShaderFactory.class' (1,537)
2026-10-03 05:49:50: Copy Over 'C:/rock/bannister/Bannister/obj/Debug/net8.0-android/android/bin/classes/crc64ba438d8f48cf7e75/ActivityLifecycleContextListener.class' -> 'goodrive://www.googleapis.com/:personal:/bannister/bannister/obj/Debug/net8.0-android/android/bin/classes/crc64ba438d8f48cf7e75/ActivityLifecycleContextListener.class' (8,925)
2026-10-03 05:49:54: Copy Over 'C:/rock/bannister/Bannister/obj/Debug/net8.0-android/android/bin/classes/crc64b5e713d400f589b7/MauiDrawable.class' -> 'goodrive://www.googleapis.com/:personal:/bannister/bannister/obj/Debug/net8.0-android/android/bin/classes/crc64b5e713d400f589b7/MauiDrawable.class' (2,262)
2026-10-03 05:49:54: Copy Over 'C:/rock/bannister/Bannister/obj/Debug/net8.0-android/android/bin/classes/crc64b5e713d400f589b7/RadialGradientShaderFactory.class' -> 'goodrive://www.googleapis.com/:personal:/bannister/bannister/obj/Debug/net8.0-android/android/bin/classes/crc64b5e713d400f589b7/RadialGradientShaderFactory.class' (1,537)
2026-10-03 05:49:54: Copy Over 'C:/rock/bannister/Bannister/obj/Debug/net8.0-android/android/bin/classes/crc64ba438d8f48cf7e75/IntermediateActivity.class' -> 'goodrive://www.googleapis.com/:personal:/bannister/bannister/obj/Debug/net8.0-android/android/bin/classes/crc64ba438d8f48cf7e75/IntermediateActivity.class' (1,874)
2026-10-03 05:49:57: Copy Over 'C:/rock/bannister/Bannister/obj/Debug/net8.0-android/android/bin/classes/crc64d6358e7bf64fbac4/SpeechToTextImplementation_SpeechRecognitionListener.class' -> 'goodrive://www.googleapis.com/:personal:/bannister/bannister/obj/Debug/net8.0-android/android/bin/classes/crc64d6358e7bf64fbac4/SpeechToTextImplementation_SpeechRecognitionListener.class' (4,786)
2026-10-03 05:49:57: Copy Over 'C:/rock/bannister/Bannister/obj/Debug/net8.0-android/android/bin/classes/crc64e1fb321c08285b90/CellAdapter.class' -> 'goodrive://www.googleapis.com/:personal:/bannister/bannister/obj/Debug/net8.0-android/android/bin/classes/crc64e1fb321c08285b90/CellAdapter.class' (5,645)
2026-10-03 05:49:57: Copy Over 'C:/rock/bannister/Bannister/obj/Debug/net8.0-android/android/bin/classes/crc64e1fb321c08285b90/BaseCellView.class' -> 'goodrive://www.googleapis.com/:personal:/bannister/bannister/obj/Debug/net8.0-android/android/bin/classes/crc64e1fb321c08285b90/BaseCellView.class' (2,370)
2026-10-03 05:50:00: Copy Over 'C:/rock/bannister/Bannister/obj/Debug/net8.0-android/android/bin/classes/crc64e1fb321c08285b90/CellRenderer_RendererHolder.class' -> 'goodrive://www.googleapis.com/:personal:/bannister/bannister/obj/Debug/net8.0-android/android/bin/classes/crc64e1fb321c08285b90/CellRenderer_RendererHolder.class' (1,238)
2026-10-03 05:50:00: Copy Over 'C:/rock/bannister/Bannister/obj/Debug/net8.0-android/android/bin/classes/crc64e1fb321c08285b90/ConditionalFocusLayout.class' -> 'goodrive://www.googleapis.com/:personal:/bannister/bannister/obj/Debug/net8.0-android/android/bin/classes/crc64e1fb321c08285b90/ConditionalFocusLayout.class' (2,884)
2026-10-03 05:50:00: Copy Over 'C:/rock/bannister/Bannister/obj/Debug/net8.0-android/android/bin/classes/crc64e1fb321c08285b90/EntryCellEditText.class' -> 'goodrive://www.googleapis.com/:personal:/bannister/bannister/obj/Debug/net8.0-android/android/bin/classes/crc64e1fb321c08285b90/EntryCellEditText.class' (2,487)
2026-10-03 05:50:04: Copy Over 'C:/rock/bannister/Bannister/obj/Debug/net8.0-android/android/bin/classes/crc64e1fb321c08285b90/EntryCellView.class' -> 'goodrive://www.googleapis.com/:personal:/bannister/bannister/obj/Debug/net8.0-android/android/bin/classes/crc64e1fb321c08285b90/EntryCellView.class' (4,424)
2026-10-03 05:50:04: Copy Over 'C:/rock/bannister/Bannister/obj/Debug/net8.0-android/android/bin/classes/crc64e1fb321c08285b90/GroupedListViewAdapter.class' -> 'goodrive://www.googleapis.com/:personal:/bannister/bannister/obj/Debug/net8.0-android/android/bin/classes/crc64e1fb321c08285b90/GroupedListViewAdapter.class' (2,364)
2026-10-03 05:50:04: Copy Over 'C:/rock/bannister/Bannister/obj/Debug/net8.0-android/android/bin/classes/crc64e1fb321c08285b90/FrameRenderer.class' -> 'goodrive://www.googleapis.com/:personal:/bannister/bannister/obj/Debug/net8.0-android/android/bin/classes/crc64e1fb321c08285b90/FrameRenderer.class' (2,893)
2026-10-03 05:50:07: Copy Over 'C:/rock/bannister/Bannister/obj/Debug/net8.0-android/android/bin/classes/crc64e1fb321c08285b90/ListViewRenderer.class' -> 'goodrive://www.googleapis.com/:personal:/bannister/bannister/obj/Debug/net8.0-android/android/bin/classes/crc64e1fb321c08285b90/ListViewRenderer.class' (2,877)
2026-10-03 05:50:07: Copy Over 'C:/rock/bannister/Bannister/obj/Debug/net8.0-android/android/bin/classes/crc64e1fb321c08285b90/ListViewAdapter.class' -> 'goodrive://www.googleapis.com/:personal:/bannister/bannister/obj/Debug/net8.0-android/android/bin/classes/crc64e1fb321c08285b90/ListViewAdapter.class' (2,906)
2026-10-03 05:50:08: Copy Over 'C:/rock/bannister/Bannister/obj/Debug/net8.0-android/android/bin/classes/crc64e1fb321c08285b90/ListViewRenderer_Container.class' -> 'goodrive://www.googleapis.com/:personal:/bannister/bannister/obj/Debug/net8.0-android/android/bin/classes/crc64e1fb321c08285b90/ListViewRenderer_Container.class' (2,701)
2026-10-03 05:50:11: Copy Over 'C:/rock/bannister/Bannister/obj/Debug/net8.0-android/android/bin/classes/crc64e1fb321c08285b90/ListViewRenderer_ListViewScrollDetector.class' -> 'goodrive://www.googleapis.com/:personal:/bannister/bannister/obj/Debug/net8.0-android/android/bin/classes/crc64e1fb321c08285b90/ListViewRenderer_ListViewScrollDetector.class' (2,435)
2026-10-03 05:50:11: Copy Over 'C:/rock/bannister/Bannister/obj/Debug/net8.0-android/android/bin/classes/crc64e1fb321c08285b90/ListViewRenderer_ListViewSwipeRefreshLayoutListener.class' -> 'goodrive://www.googleapis.com/:personal:/bannister/bannister/obj/Debug/net8.0-android/android/bin/classes/crc64e1fb321c08285b90/ListViewRenderer_ListViewSwipeRefreshLayoutListener.class' (2,034)
2026-10-03 05:50:11: Copy Over 'C:/rock/bannister/Bannister/obj/Debug/net8.0-android/android/bin/classes/crc64e1fb321c08285b90/ListViewRenderer_SwipeRefreshLayoutWithFixedNestedScrolling.class' -> 'goodrive://www.googleapis.com/:personal:/bannister/bannister/obj/Debug/net8.0-android/android/bin/classes/crc64e1fb321c08285b90/ListViewRenderer_SwipeRefreshLayoutWithFixedNestedScrolling.class' (2,823)
2026-10-03 05:50:14: Copy Over 'C:/rock/bannister/Bannister/obj/Debug/net8.0-android/android/bin/classes/crc64e1fb321c08285b90/TableViewRenderer.class' -> 'goodrive://www.googleapis.com/:personal:/bannister/bannister/obj/Debug/net8.0-android/android/bin/classes/crc64e1fb321c08285b90/TableViewRenderer.class' (2,699)
2026-10-03 05:50:14: Copy Over 'C:/rock/bannister/Bannister/obj/Debug/net8.0-android/android/bin/classes/crc64e1fb321c08285b90/SwitchCellView.class' -> 'goodrive://www.googleapis.com/:personal:/bannister/bannister/obj/Debug/net8.0-android/android/bin/classes/crc64e1fb321c08285b90/SwitchCellView.class' (2,927)
2026-10-03 05:50:15: Copy Over 'C:/rock/bannister/Bannister/obj/Debug/net8.0-android/android/bin/classes/crc64e1fb321c08285b90/TableViewModelRenderer.class' -> 'goodrive://www.googleapis.com/:personal:/bannister/bannister/obj/Debug/net8.0-android/android/bin/classes/crc64e1fb321c08285b90/TableViewModelRenderer.class' (2,792)
2026-10-03 05:50:18: Copy Over 'C:/rock/bannister/Bannister/obj/Debug/net8.0-android/android/bin/classes/crc64e1fb321c08285b90/TextCellRenderer_TextCellView.class' -> 'goodrive://www.googleapis.com/:personal:/bannister/bannister/obj/Debug/net8.0-android/android/bin/classes/crc64e1fb321c08285b90/TextCellRenderer_TextCellView.class' (2,428)
2026-10-03 05:50:18: Copy Over 'C:/rock/bannister/Bannister/obj/Debug/net8.0-android/android/bin/classes/crc64e1fb321c08285b90/ViewCellRenderer_ViewCellContainer.class' -> 'goodrive://www.googleapis.com/:personal:/bannister/bannister/obj/Debug/net8.0-android/android/bin/classes/crc64e1fb321c08285b90/ViewCellRenderer_ViewCellContainer.class' (3,379)
2026-10-03 05:50:18: Copy Over 'C:/rock/bannister/Bannister/obj/Debug/net8.0-android/android/bin/classes/crc64e1fb321c08285b90/ViewCellRenderer_ViewCellContainer_LongPressGestureListener.class' -> 'goodrive://www.googleapis.com/:personal:/bannister/bannister/obj/Debug/net8.0-android/android/bin/classes/crc64e1fb321c08285b90/ViewCellRenderer_ViewCellContainer_LongPressGestureListener.class' (3,551)
2026-10-03 05:50:21: Copy Over 'C:/rock/bannister/Bannister/obj/Debug/net8.0-android/android/bin/classes/crc64e1fb321c08285b90/ViewRenderer.class' -> 'goodrive://www.googleapis.com/:personal:/bannister/bannister/obj/Debug/net8.0-android/android/bin/classes/crc64e1fb321c08285b90/ViewRenderer.class' (2,379)
2026-10-03 05:50:21: Copy Over 'C:/rock/bannister/Bannister/obj/Debug/net8.0-android/android/bin/classes/crc64e1fb321c08285b90/ViewRenderer_2.class' -> 'goodrive://www.googleapis.com/:personal:/bannister/bannister/obj/Debug/net8.0-android/android/bin/classes/crc64e1fb321c08285b90/ViewRenderer_2.class' (2,394)
2026-10-03 05:50:22: Copy Over 'C:/rock/bannister/Bannister/obj/Debug/net8.0-android/android/bin/classes/crc64e1fb321c08285b90/ViewCellRenderer_ViewCellContainer_TapGestureListener.class' -> 'goodrive://www.googleapis.com/:personal:/bannister/bannister/obj/Debug/net8.0-android/android/bin/classes/crc64e1fb321c08285b90/ViewCellRenderer_ViewCellContainer_TapGestureListener.class' (3,533)
2026-10-03 05:50:24: Copy Over 'C:/rock/bannister/Bannister/obj/Debug/net8.0-android/android/bin/classes/crc64e1fb321c08285b90/VisualElementRenderer_1.class' -> 'goodrive://www.googleapis.com/:personal:/bannister/bannister/obj/Debug/net8.0-android/android/bin/classes/crc64e1fb321c08285b90/VisualElementRenderer_1.class' (2,692)
2026-10-03 05:50:25: Copy Over 'C:/rock/bannister/Bannister/obj/Debug/net8.0-android/android/bin/classes/crc64f62664462a8937a9/AccelerometerListener.class' -> 'goodrive://www.googleapis.com/:personal:/bannister/bannister/obj/Debug/net8.0-android/android/bin/classes/crc64f62664462a8937a9/AccelerometerListener.class' (1,979)
2026-10-03 05:50:25: Copy Over 'C:/rock/bannister/Bannister/obj/Debug/net8.0-android/android/bin/classes/crc64e53d2f592022988e/ConnectivityBroadcastReceiver.class' -> 'goodrive://www.googleapis.com/:personal:/bannister/bannister/obj/Debug/net8.0-android/android/bin/classes/crc64e53d2f592022988e/ConnectivityBroadcastReceiver.class' (1,553)
2026-10-03 05:50:28: Copy Over 'C:/rock/bannister/Bannister/obj/Debug/net8.0-android/android/bin/classes/crc64f62664462a8937a9/BarometerListener.class' -> 'goodrive://www.googleapis.com/:personal:/bannister/bannister/obj/Debug/net8.0-android/android/bin/classes/crc64f62664462a8937a9/BarometerListener.class' (1,967)
2026-10-03 05:50:28: Copy Over 'C:/rock/bannister/Bannister/obj/Debug/net8.0-android/android/bin/classes/crc64f62664462a8937a9/GyroscopeListener.class' -> 'goodrive://www.googleapis.com/:personal:/bannister/bannister/obj/Debug/net8.0-android/android/bin/classes/crc64f62664462a8937a9/GyroscopeListener.class' (1,967)
2026-10-03 05:50:29: Copy Over 'C:/rock/bannister/Bannister/obj/Debug/net8.0-android/android/bin/classes/crc64f62664462a8937a9/ContinuousLocationListener.class' -> 'goodrive://www.googleapis.com/:personal:/bannister/bannister/obj/Debug/net8.0-android/android/bin/classes/crc64f62664462a8937a9/ContinuousLocationListener.class' (2,928)
2026-10-03 05:50:31: Copy Over 'C:/rock/bannister/Bannister/obj/Debug/net8.0-android/android/bin/classes/crc64f62664462a8937a9/MagnetometerListener.class' -> 'goodrive://www.googleapis.com/:personal:/bannister/bannister/obj/Debug/net8.0-android/android/bin/classes/crc64f62664462a8937a9/MagnetometerListener.class' (1,976)
2026-10-03 05:50:32: Copy Over 'C:/rock/bannister/Bannister/obj/Debug/net8.0-android/android/bin/classes/crc64f62664462a8937a9/OrientationSensorListener.class' -> 'goodrive://www.googleapis.com/:personal:/bannister/bannister/obj/Debug/net8.0-android/android/bin/classes/crc64f62664462a8937a9/OrientationSensorListener.class' (1,991)
2026-10-03 05:50:32: Copy Over 'C:/rock/bannister/Bannister/obj/Debug/net8.0-android/android/bin/classes/crc64f62664462a8937a9/SensorListener.class' -> 'goodrive://www.googleapis.com/:personal:/bannister/bannister/obj/Debug/net8.0-android/android/bin/classes/crc64f62664462a8937a9/SensorListener.class' (1,958)
2026-10-03 05:50:34: Copy Over 'C:/rock/bannister/Bannister/obj/Debug/net8.0-android/android/bin/classes/crc64f62664462a8937a9/SingleLocationListener.class' -> 'goodrive://www.googleapis.com/:personal:/bannister/bannister/obj/Debug/net8.0-android/android/bin/classes/crc64f62664462a8937a9/SingleLocationListener.class' (2,916)
2026-10-03 05:50:35: Copy Over 'C:/rock/bannister/Bannister/obj/Debug/net8.0-android/android/bin/classes/crc64e53d2f592022988e/ConnectivityImplementation_EssentialsNetworkCallback.class' -> 'goodrive://www.googleapis.com/:personal:/bannister/bannister/obj/Debug/net8.0-android/android/bin/classes/crc64e53d2f592022988e/ConnectivityImplementation_EssentialsNetworkCallback.class' (3,060)
2026-10-03 05:50:36: Copy Over 'C:/rock/bannister/Bannister/obj/Debug/net8.0-android/android/bin/classes/crc64f6cd8863fe06af2a/AppMain_AndroidUncaughtHandler.class' -> 'goodrive://www.googleapis.com/:personal:/bannister/bannister/obj/Debug/net8.0-android/android/bin/classes/crc64f6cd8863fe06af2a/AppMain_AndroidUncaughtHandler.class' (1,735)
2026-10-03 05:50:38: Copy Over 'C:/rock/bannister/Bannister/obj/Debug/net8.0-android/android/bin/classes/crc64f728827fec74e9c3/TapWindowTracker_GestureListener.class' -> 'goodrive://www.googleapis.com/:personal:/bannister/bannister/obj/Debug/net8.0-android/android/bin/classes/crc64f728827fec74e9c3/TapWindowTracker_GestureListener.class' (3,634)
2026-10-03 05:50:39: Copy Over 'C:/rock/bannister/Bannister/obj/Debug/net8.0-android/android/bin/classes/crc64f6cd8863fe06af2a/MainActivity.class' -> 'goodrive://www.googleapis.com/:personal:/bannister/bannister/obj/Debug/net8.0-android/android/bin/classes/crc64f6cd8863fe06af2a/MainActivity.class' (1,421)
2026-10-03 05:50:39: Copy Over 'C:/rock/bannister/Bannister/obj/Debug/net8.0-android/android/bin/classes/crc64f728827fec74e9c3/Toolbar_Container.class' -> 'goodrive://www.googleapis.com/:personal:/bannister/bannister/obj/Debug/net8.0-android/android/bin/classes/crc64f728827fec74e9c3/Toolbar_Container.class' (2,651)
2026-10-03 05:50:42: Copy Over 'C:/rock/bannister/Bannister/obj/Debug/net8.0-android/android/bin/classes/crc64fcf28c0e24b4cc31/ButtonHandler_ButtonTouchListener.class' -> 'goodrive://www.googleapis.com/:personal:/bannister/bannister/obj/Debug/net8.0-android/android/bin/classes/crc64fcf28c0e24b4cc31/ButtonHandler_ButtonTouchListener.class' (1,714)
2026-10-03 05:50:42: Copy Over 'C:/rock/bannister/Bannister/obj/Debug/net8.0-android/android/bin/classes/crc64fcf28c0e24b4cc31/ButtonHandler_ButtonClickListener.class' -> 'goodrive://www.googleapis.com/:personal:/bannister/bannister/obj/Debug/net8.0-android/android/bin/classes/crc64fcf28c0e24b4cc31/ButtonHandler_ButtonClickListener.class' (1,639)
2026-10-03 05:50:43: Copy Over 'C:/rock/bannister/Bannister/obj/Debug/net8.0-android/android/bin/classes/crc64f6cd8863fe06af2a/MainApplication.class' -> 'goodrive://www.googleapis.com/:personal:/bannister/bannister/obj/Debug/net8.0-android/android/bin/classes/crc64f6cd8863fe06af2a/MainApplication.class' (881)
2026-10-03 05:50:46: Copy Over 'C:/rock/bannister/Bannister/obj/Debug/net8.0-android/android/bin/classes/microsoft/maui/essentials/fileProvider.class' -> 'goodrive://www.googleapis.com/:personal:/bannister/bannister/obj/Debug/net8.0-android/android/bin/classes/microsoft/maui/essentials/fileProvider.class' (1,445)
2026-10-03 05:50:46: Copy Over 'C:/rock/bannister/Bannister/obj/Debug/net8.0-android/android/bin/classes/microsoft/maui/platform/MauiNavHostFragment.class' -> 'goodrive://www.googleapis.com/:personal:/bannister/bannister/obj/Debug/net8.0-android/android/bin/classes/microsoft/maui/platform/MauiNavHostFragment.class' (1,234)
2026-10-03 05:50:46: Copy Over 'C:/rock/bannister/Bannister/obj/Debug/net8.0-android/android/bin/classes/crc64fcf28c0e24b4cc31/SearchBarHandler_FocusChangeListener.class' -> 'goodrive://www.googleapis.com/:personal:/bannister/bannister/obj/Debug/net8.0-android/android/bin/classes/crc64fcf28c0e24b4cc31/SearchBarHandler_FocusChangeListener.class' (1,694)
2026-10-03 05:50:49: Copy Over 'C:/rock/bannister/Bannister/obj/Debug/net8.0-android/android/bin/classes/crc64fcf28c0e24b4cc31/SliderHandler_SeekBarChangeListener.class' -> 'goodrive://www.googleapis.com/:personal:/bannister/bannister/obj/Debug/net8.0-android/android/bin/classes/crc64fcf28c0e24b4cc31/SliderHandler_SeekBarChangeListener.class' (2,462)
2026-10-03 05:50:49: > Copy Over 'C:/rock/bannister/Bannister/obj/Debug/net8.0-android/android/bin/classes.zip' -> 'goodrive://www.googleapis.com/:personal:/bannister/bannister/obj/Debug/net8.0-android/android/bin/classes.zip' (2,906,126)
2026-10-03 05:50:49: Copy Over 'C:/rock/bannister/Bannister/obj/Debug/net8.0-android/android/bin/classes/crc64fcf28c0e24b4cc31/SwitchHandler_CheckedChangeListener.class' -> 'goodrive://www.googleapis.com/:personal:/bannister/bannister/obj/Debug/net8.0-android/android/bin/classes/crc64fcf28c0e24b4cc31/SwitchHandler_CheckedChangeListener.class' (1,780)
2026-10-03 05:50:49: Copy Over 'C:/rock/bannister/Bannister/obj/Debug/net8.0-android/android/bin/classes/crc64fcf28c0e24b4cc31/ToolbarHandler_ProcessBackClick.class' -> 'goodrive://www.googleapis.com/:personal:/bannister/bannister/obj/Debug/net8.0-android/android/bin/classes/crc64fcf28c0e24b4cc31/ToolbarHandler_ProcessBackClick.class' (1,633)
2026-10-03 05:50:53: Copy Over 'C:/rock/bannister/Bannister/obj/Debug/net8.0-android/android/bin/classes/mono/android/app/ApplicationRegistration.class' -> 'goodrive://www.googleapis.com/:personal:/bannister/bannister/obj/Debug/net8.0-android/android/bin/classes/mono/android/app/ApplicationRegistration.class' (774)
2026-10-03 05:50:53: < Copy Over 'C:/rock/bannister/Bannister/obj/Debug/net8.0-android/android/bin/classes.zip' -> 'goodrive://www.googleapis.com/:personal:/bannister/bannister/obj/Debug/net8.0-android/android/bin/classes.zip' (2,906,126)
2026-10-03 05:50:53: Copy Over 'C:/rock/bannister/Bannister/obj/Debug/net8.0-android/android/bin/classes/mono/androidx/activity/contextaware/OnContextAvailableListenerImplementor.class' -> 'goodrive://www.googleapis.com/:personal:/bannister/bannister/obj/Debug/net8.0-android/android/bin/classes/mono/androidx/activity/contextaware/OnContextAvailableListenerImplementor.class' (1,679)
2026-10-03 05:50:56: Copy Over 'C:/rock/bannister/Bannister/obj/Debug/net8.0-android/android/bin/classes/mono/androidx/appcompat/widget/ContentFrameLayout_OnAttachListenerImplementor.class' -> 'goodrive://www.googleapis.com/:personal:/bannister/bannister/obj/Debug/net8.0-android/android/bin/classes/mono/androidx/appcompat/widget/ContentFrameLayout_OnAttachListenerImplementor.class' (2,000)
2026-10-03 05:50:56: Copy Over 'C:/rock/bannister/Bannister/obj/Debug/net8.0-android/android/bin/classes/mono/androidx/appcompat/app/ActionBar_OnMenuVisibilityListenerImplementor.class' -> 'goodrive://www.googleapis.com/:personal:/bannister/bannister/obj/Debug/net8.0-android/android/bin/classes/mono/androidx/appcompat/app/ActionBar_OnMenuVisibilityListenerImplementor.class' (1,733)
2026-10-03 05:50:56: Copy Over 'C:/rock/bannister/Bannister/obj/Debug/net8.0-android/android/bin/classes/mono/androidx/appcompat/widget/ActionMenuView_OnMenuItemClickListenerImplementor.class' -> 'goodrive://www.googleapis.com/:personal:/bannister/bannister/obj/Debug/net8.0-android/android/bin/classes/mono/androidx/appcompat/widget/ActionMenuView_OnMenuItemClickListenerImplementor.class' (1,802)
2026-10-03 05:50:59: Copy Over 'C:/rock/bannister/Bannister/obj/Debug/net8.0-android/android/bin/classes/mono/androidx/appcompat/widget/FitWindowsViewGroup_OnFitSystemWindowsListenerImplementor.class' -> 'goodrive://www.googleapis.com/:personal:/bannister/bannister/obj/Debug/net8.0-android/android/bin/classes/mono/androidx/appcompat/widget/FitWindowsViewGroup_OnFitSystemWindowsListenerImplementor.class' (1,864)
2026-10-03 05:51:00: Copy Over 'C:/rock/bannister/Bannister/obj/Debug/net8.0-android/android/bin/classes/mono/androidx/appcompat/widget/PopupMenu_OnDismissListenerImplementor.class' -> 'goodrive://www.googleapis.com/:personal:/bannister/bannister/obj/Debug/net8.0-android/android/bin/classes/mono/androidx/appcompat/widget/PopupMenu_OnDismissListenerImplementor.class' (1,758)
2026-10-03 05:51:00: Copy Over 'C:/rock/bannister/Bannister/obj/Debug/net8.0-android/android/bin/classes/mono/androidx/appcompat/widget/MenuItemHoverListenerImplementor.class' -> 'goodrive://www.googleapis.com/:personal:/bannister/bannister/obj/Debug/net8.0-android/android/bin/classes/mono/androidx/appcompat/widget/MenuItemHoverListenerImplementor.class' (2,117)
2026-10-03 05:51:03: Copy Over 'C:/rock/bannister/Bannister/obj/Debug/net8.0-android/android/bin/classes/mono/androidx/appcompat/widget/PopupMenu_OnMenuItemClickListenerImplementor.class' -> 'goodrive://www.googleapis.com/:personal:/bannister/bannister/obj/Debug/net8.0-android/android/bin/classes/mono/androidx/appcompat/widget/PopupMenu_OnMenuItemClickListenerImplementor.class' (1,772)
2026-10-03 05:51:03: Copy Over 'C:/rock/bannister/Bannister/obj/Debug/net8.0-android/android/bin/classes/mono/androidx/appcompat/widget/SearchView_OnQueryTextListenerImplementor.class' -> 'goodrive://www.googleapis.com/:personal:/bannister/bannister/obj/Debug/net8.0-android/android/bin/classes/mono/androidx/appcompat/widget/SearchView_OnQueryTextListenerImplementor.class' (2,033)
2026-10-03 05:51:03: Copy Over 'C:/rock/bannister/Bannister/obj/Debug/net8.0-android/android/bin/classes/mono/androidx/appcompat/widget/SearchView_OnCloseListenerImplementor.class' -> 'goodrive://www.googleapis.com/:personal:/bannister/bannister/obj/Debug/net8.0-android/android/bin/classes/mono/androidx/appcompat/widget/SearchView_OnCloseListenerImplementor.class' (1,627)
2026-10-03 05:51:07: Copy Over 'C:/rock/bannister/Bannister/obj/Debug/net8.0-android/android/bin/classes/mono/androidx/appcompat/widget/ShareActionProvider_OnShareTargetSelectedListenerImplementor.class' -> 'goodrive://www.googleapis.com/:personal:/bannister/bannister/obj/Debug/net8.0-android/android/bin/classes/mono/androidx/appcompat/widget/ShareActionProvider_OnShareTargetSelectedListenerImplementor.class' (2,037)
2026-10-03 05:51:07: Copy Over 'C:/rock/bannister/Bannister/obj/Debug/net8.0-android/android/bin/classes/mono/androidx/appcompat/widget/SearchView_OnSuggestionListenerImplementor.class' -> 'goodrive://www.googleapis.com/:personal:/bannister/bannister/obj/Debug/net8.0-android/android/bin/classes/mono/androidx/appcompat/widget/SearchView_OnSuggestionListenerImplementor.class' (1,959)
2026-10-03 05:51:07: Copy Over 'C:/rock/bannister/Bannister/obj/Debug/net8.0-android/android/bin/classes/mono/androidx/appcompat/widget/Toolbar_OnMenuItemClickListenerImplementor.class' -> 'goodrive://www.googleapis.com/:personal:/bannister/bannister/obj/Debug/net8.0-android/android/bin/classes/mono/androidx/appcompat/widget/Toolbar_OnMenuItemClickListenerImplementor.class' (1,760)
2026-10-03 05:51:11: Copy Over 'C:/rock/bannister/Bannister/obj/Debug/net8.0-android/android/bin/classes/mono/androidx/appcompat/app/ActionBar_OnNavigationListenerImplementor.class' -> 'goodrive://www.googleapis.com/:personal:/bannister/bannister/obj/Debug/net8.0-android/android/bin/classes/mono/androidx/appcompat/app/ActionBar_OnNavigationListenerImplementor.class' (1,713)
2026-10-03 05:51:11: Copy Over 'C:/rock/bannister/Bannister/obj/Debug/net8.0-android/android/bin/classes/mono/androidx/appcompat/widget/ViewStubCompat_OnInflateListenerImplementor.class' -> 'goodrive://www.googleapis.com/:personal:/bannister/bannister/obj/Debug/net8.0-android/android/bin/classes/mono/androidx/appcompat/widget/ViewStubCompat_OnInflateListenerImplementor.class' (1,861)
2026-10-03 05:51:11: Copy Over 'C:/rock/bannister/Bannister/obj/Debug/net8.0-android/android/bin/classes/mono/androidx/appcompat/app/ActionBar_TabListenerImplementor.class' -> 'goodrive://www.googleapis.com/:personal:/bannister/bannister/obj/Debug/net8.0-android/android/bin/classes/mono/androidx/appcompat/app/ActionBar_TabListenerImplementor.class' (2,706)
2026-10-03 05:51:14: Copy Over 'C:/rock/bannister/Bannister/obj/Debug/net8.0-android/android/bin/classes/mono/androidx/constraintlayout/motion/widget/MotionLayout_TransitionListenerImplementor.class' -> 'goodrive://www.googleapis.com/:personal:/bannister/bannister/obj/Debug/net8.0-android/android/bin/classes/mono/androidx/constraintlayout/motion/widget/MotionLayout_TransitionListenerImplementor.class' (3,355)
2026-10-03 05:51:14: Copy Over 'C:/rock/bannister/Bannister/obj/Debug/net8.0-android/android/bin/classes/mono/androidx/core/app/SharedElementCallback_OnSharedElementsReadyListenerImplementor.class' -> 'goodrive://www.googleapis.com/:personal:/bannister/bannister/obj/Debug/net8.0-android/android/bin/classes/mono/androidx/core/app/SharedElementCallback_OnSharedElementsReadyListenerImplementor.class' (1,781)
2026-10-03 05:51:14: Copy Over 'C:/rock/bannister/Bannister/obj/Debug/net8.0-android/android/bin/classes/mono/androidx/core/os/CancellationSignal_OnCancelListenerImplementor.class' -> 'goodrive://www.googleapis.com/:personal:/bannister/bannister/obj/Debug/net8.0-android/android/bin/classes/mono/androidx/core/os/CancellationSignal_OnCancelListenerImplementor.class' (1,628)
2026-10-03 05:51:17: Copy Over 'C:/rock/bannister/Bannister/obj/Debug/net8.0-android/android/bin/classes/mono/androidx/core/view/accessibility/AccessibilityManagerCompat_TouchExplorationStateChangeListenerImplementor.class' -> 'goodrive://www.googleapis.com/:personal:/bannister/bannister/obj/Debug/net8.0-android/android/bin/classes/mono/androidx/core/view/accessibility/AccessibilityManagerCompat_TouchExplorationStateChangeListenerImplementor.class' (1,969)
2026-10-03 05:51:18: Copy Over 'C:/rock/bannister/Bannister/obj/Debug/net8.0-android/android/bin/classes/mono/androidx/core/view/ActionProvider_SubUiVisibilityListenerImplementor.class' -> 'goodrive://www.googleapis.com/:personal:/bannister/bannister/obj/Debug/net8.0-android/android/bin/classes/mono/androidx/core/view/ActionProvider_SubUiVisibilityListenerImplementor.class' (1,731)
2026-10-03 05:51:18: Copy Over 'C:/rock/bannister/Bannister/obj/Debug/net8.0-android/android/bin/classes/mono/androidx/core/view/accessibility/AccessibilityManagerCompat_AccessibilityStateChangeListenerImplementor.class' -> 'goodrive://www.googleapis.com/:personal:/bannister/bannister/obj/Debug/net8.0-android/android/bin/classes/mono/androidx/core/view/accessibility/AccessibilityManagerCompat_AccessibilityStateChangeListenerImplementor.class' (1,939)
2026-10-03 05:51:21: Copy Over 'C:/rock/bannister/Bannister/obj/Debug/net8.0-android/android/bin/classes/mono/androidx/core/view/ActionProvider_VisibilityListenerImplementor.class' -> 'goodrive://www.googleapis.com/:personal:/bannister/bannister/obj/Debug/net8.0-android/android/bin/classes/mono/androidx/core/view/ActionProvider_VisibilityListenerImplementor.class' (1,737)
2026-10-03 05:51:21: Copy Over 'C:/rock/bannister/Bannister/obj/Debug/net8.0-android/android/bin/classes/mono/androidx/core/view/DragStartHelper_OnDragStartListenerImplementor.class' -> 'goodrive://www.googleapis.com/:personal:/bannister/bannister/obj/Debug/net8.0-android/android/bin/classes/mono/androidx/core/view/DragStartHelper_OnDragStartListenerImplementor.class' (1,820)
2026-10-03 05:51:22: Copy Over 'C:/rock/bannister/Bannister/obj/Debug/net8.0-android/android/bin/classes/mono/androidx/core/view/MenuItemCompat_OnActionExpandListenerImplementor.class' -> 'goodrive://www.googleapis.com/:personal:/bannister/bannister/obj/Debug/net8.0-android/android/bin/classes/mono/androidx/core/view/MenuItemCompat_OnActionExpandListenerImplementor.class' (2,098)
2026-10-03 05:51:24: Copy Over 'C:/rock/bannister/Bannister/obj/Debug/net8.0-android/android/bin/classes/mono/androidx/core/view/inputmethod/InputConnectionCompat_OnCommitContentListenerImplementor.class' -> 'goodrive://www.googleapis.com/:personal:/bannister/bannister/obj/Debug/net8.0-android/android/bin/classes/mono/androidx/core/view/inputmethod/InputConnectionCompat_OnCommitContentListenerImplementor.class' (2,017)
2026-10-03 05:51:25: Copy Over 'C:/rock/bannister/Bannister/obj/Debug/net8.0-android/android/bin/classes/mono/androidx/core/view/OnApplyWindowInsetsListenerImplementor.class' -> 'goodrive://www.googleapis.com/:personal:/bannister/bannister/obj/Debug/net8.0-android/android/bin/classes/mono/androidx/core/view/OnApplyWindowInsetsListenerImplementor.class' (1,804)
2026-10-03 05:51:25: Copy Over 'C:/rock/bannister/Bannister/obj/Debug/net8.0-android/android/bin/classes/mono/androidx/core/view/OnReceiveContentListenerImplementor.class' -> 'goodrive://www.googleapis.com/:personal:/bannister/bannister/obj/Debug/net8.0-android/android/bin/classes/mono/androidx/core/view/OnReceiveContentListenerImplementor.class' (1,772)
2026-10-03 05:51:28: Copy Over 'C:/rock/bannister/Bannister/obj/Debug/net8.0-android/android/bin/classes/mono/androidx/core/view/ViewPropertyAnimatorListenerImplementor.class' -> 'goodrive://www.googleapis.com/:personal:/bannister/bannister/obj/Debug/net8.0-android/android/bin/classes/mono/androidx/core/view/ViewPropertyAnimatorListenerImplementor.class' (2,151)
2026-10-03 05:51:28: Copy Over 'C:/rock/bannister/Bannister/obj/Debug/net8.0-android/android/bin/classes/mono/androidx/core/view/WindowInsetsControllerCompat_OnControllableInsetsChangedListenerImplementor.class' -> 'goodrive://www.googleapis.com/:personal:/bannister/bannister/obj/Debug/net8.0-android/android/bin/classes/mono/androidx/core/view/WindowInsetsControllerCompat_OnControllableInsetsChangedListenerImplementor.class' (2,047)
2026-10-03 05:51:28: Copy Over 'C:/rock/bannister/Bannister/obj/Debug/net8.0-android/android/bin/classes/mono/androidx/core/view/ViewPropertyAnimatorUpdateListenerImplementor.class' -> 'goodrive://www.googleapis.com/:personal:/bannister/bannister/obj/Debug/net8.0-android/android/bin/classes/mono/androidx/core/view/ViewPropertyAnimatorUpdateListenerImplementor.class' (1,641)
2026-10-03 05:51:31: Copy Over 'C:/rock/bannister/Bannister/obj/Debug/net8.0-android/android/bin/classes/mono/androidx/core/widget/NestedScrollView_OnScrollChangeListenerImplementor.class' -> 'goodrive://www.googleapis.com/:personal:/bannister/bannister/obj/Debug/net8.0-android/android/bin/classes/mono/androidx/core/widget/NestedScrollView_OnScrollChangeListenerImplementor.class' (1,839)
2026-10-03 05:51:31: Copy Over 'C:/rock/bannister/Bannister/obj/Debug/net8.0-android/android/bin/classes/mono/androidx/customview/poolingcontainer/PoolingContainerListenerImplementor.class' -> 'goodrive://www.googleapis.com/:personal:/bannister/bannister/obj/Debug/net8.0-android/android/bin/classes/mono/androidx/customview/poolingcontainer/PoolingContainerListenerImplementor.class' (1,612)
2026-10-03 05:51:31: Copy Over 'C:/rock/bannister/Bannister/obj/Debug/net8.0-android/android/bin/classes/mono/androidx/constraintlayout/widget/SharedValues_SharedValuesListenerImplementor.class' -> 'goodrive://www.googleapis.com/:personal:/bannister/bannister/obj/Debug/net8.0-android/android/bin/classes/mono/androidx/constraintlayout/widget/SharedValues_SharedValuesListenerImplementor.class' (1,747)
2026-10-03 05:51:34: Copy Over 'C:/rock/bannister/Bannister/obj/Debug/net8.0-android/android/bin/classes/mono/androidx/drawerlayout/widget/DrawerLayout_DrawerListenerImplementor.class' -> 'goodrive://www.googleapis.com/:personal:/bannister/bannister/obj/Debug/net8.0-android/android/bin/classes/mono/androidx/drawerlayout/widget/DrawerLayout_DrawerListenerImplementor.class' (2,614)
2026-10-03 05:51:34: Copy Over 'C:/rock/bannister/Bannister/obj/Debug/net8.0-android/android/bin/classes/mono/androidx/fragment/app/FragmentManager_OnBackStackChangedListenerImplementor.class' -> 'goodrive://www.googleapis.com/:personal:/bannister/bannister/obj/Debug/net8.0-android/android/bin/classes/mono/androidx/fragment/app/FragmentManager_OnBackStackChangedListenerImplementor.class' (2,488)
2026-10-03 05:51:35: Copy Over 'C:/rock/bannister/Bannister/obj/Debug/net8.0-android/android/bin/classes/mono/androidx/dynamicanimation/animation/DynamicAnimation_OnAnimationEndListenerImplementor.class' -> 'goodrive://www.googleapis.com/:personal:/bannister/bannister/obj/Debug/net8.0-android/android/bin/classes/mono/androidx/dynamicanimation/animation/DynamicAnimation_OnAnimationEndListenerImplementor.class' (1,958)
2026-10-03 05:51:38: Copy Over 'C:/rock/bannister/Bannister/obj/Debug/net8.0-android/android/bin/classes/mono/androidx/fragment/app/FragmentResultListenerImplementor.class' -> 'goodrive://www.googleapis.com/:personal:/bannister/bannister/obj/Debug/net8.0-android/android/bin/classes/mono/androidx/fragment/app/FragmentResultListenerImplementor.class' (1,652)
2026-10-03 05:51:38: Copy Over 'C:/rock/bannister/Bannister/obj/Debug/net8.0-android/android/bin/classes/mono/androidx/dynamicanimation/animation/DynamicAnimation_OnAnimationUpdateListenerImplementor.class' -> 'goodrive://www.googleapis.com/:personal:/bannister/bannister/obj/Debug/net8.0-android/android/bin/classes/mono/androidx/dynamicanimation/animation/DynamicAnimation_OnAnimationUpdateListenerImplementor.class' (1,983)
2026-10-03 05:51:38: Copy Over 'C:/rock/bannister/Bannister/obj/Debug/net8.0-android/android/bin/classes/mono/androidx/fragment/app/FragmentOnAttachListenerImplementor.class' -> 'goodrive://www.googleapis.com/:personal:/bannister/bannister/obj/Debug/net8.0-android/android/bin/classes/mono/androidx/fragment/app/FragmentOnAttachListenerImplementor.class' (1,764)
2026-10-03 05:51:41: Copy Over 'C:/rock/bannister/Bannister/obj/Debug/net8.0-android/android/bin/classes/mono/androidx/navigation/NavController_OnDestinationChangedListenerImplementor.class' -> 'goodrive://www.googleapis.com/:personal:/bannister/bannister/obj/Debug/net8.0-android/android/bin/classes/mono/androidx/navigation/NavController_OnDestinationChangedListenerImplementor.class' (2,041)
2026-10-03 05:51:41: Copy Over 'C:/rock/bannister/Bannister/obj/Debug/net8.0-android/android/bin/classes/mono/androidx/fragment/app/strictmode/FragmentStrictMode_OnViolationListenerImplementor.class' -> 'goodrive://www.googleapis.com/:personal:/bannister/bannister/obj/Debug/net8.0-android/android/bin/classes/mono/androidx/fragment/app/strictmode/FragmentStrictMode_OnViolationListenerImplementor.class' (1,886)
2026-10-03 05:51:42: Copy Over 'C:/rock/bannister/Bannister/obj/Debug/net8.0-android/android/bin/classes/mono/androidx/loader/content/Loader_OnLoadCanceledListenerImplementor.class' -> 'goodrive://www.googleapis.com/:personal:/bannister/bannister/obj/Debug/net8.0-android/android/bin/classes/mono/androidx/loader/content/Loader_OnLoadCanceledListenerImplementor.class' (1,759)
2026-10-03 05:51:46: Copy Over 'C:/rock/bannister/Bannister/obj/Debug/net8.0-android/android/bin/classes/mono/androidx/loader/content/Loader_OnLoadCompleteListenerImplementor.class' -> 'goodrive://www.googleapis.com/:personal:/bannister/bannister/obj/Debug/net8.0-android/android/bin/classes/mono/androidx/loader/content/Loader_OnLoadCompleteListenerImplementor.class' (1,814)
2026-10-03 05:51:46: Copy Over 'C:/rock/bannister/Bannister/obj/Debug/net8.0-android/android/bin/classes/mono/androidx/recyclerview/widget/AsyncListDiffer_ListListenerImplementor.class' -> 'goodrive://www.googleapis.com/:personal:/bannister/bannister/obj/Debug/net8.0-android/android/bin/classes/mono/androidx/recyclerview/widget/AsyncListDiffer_ListListenerImplementor.class' (1,815)
2026-10-03 05:51:46: Copy Over 'C:/rock/bannister/Bannister/obj/Debug/net8.0-android/android/bin/classes/mono/androidx/navigation/ui/AppBarConfiguration_OnNavigateUpListenerImplementor.class' -> 'goodrive://www.googleapis.com/:personal:/bannister/bannister/obj/Debug/net8.0-android/android/bin/classes/mono/androidx/navigation/ui/AppBarConfiguration_OnNavigateUpListenerImplementor.class' (1,724)
2026-10-03 05:51:49: Copy Over 'C:/rock/bannister/Bannister/obj/Debug/net8.0-android/android/bin/classes/mono/androidx/recyclerview/widget/RecyclerView_ItemAnimator_ItemAnimatorFinishedListenerImplementor.class' -> 'goodrive://www.googleapis.com/:personal:/bannister/bannister/obj/Debug/net8.0-android/android/bin/classes/mono/androidx/recyclerview/widget/RecyclerView_ItemAnimator_ItemAnimatorFinishedListenerImplementor.class' (1,936)
2026-10-03 05:51:49: Copy Over 'C:/rock/bannister/Bannister/obj/Debug/net8.0-android/android/bin/classes/mono/androidx/slidingpanelayout/widget/SlidingPaneLayout_PanelSlideListenerImplementor.class' -> 'goodrive://www.googleapis.com/:personal:/bannister/bannister/obj/Debug/net8.0-android/android/bin/classes/mono/androidx/slidingpanelayout/widget/SlidingPaneLayout_PanelSlideListenerImplementor.class' (2,451)
2026-10-03 05:51:49: Copy Over 'C:/rock/bannister/Bannister/obj/Debug/net8.0-android/android/bin/classes/mono/androidx/recyclerview/widget/RecyclerView_OnChildAttachStateChangeListenerImplementor.class' -> 'goodrive://www.googleapis.com/:personal:/bannister/bannister/obj/Debug/net8.0-android/android/bin/classes/mono/androidx/recyclerview/widget/RecyclerView_OnChildAttachStateChangeListenerImplementor.class' (2,266)
2026-10-03 05:51:52: Copy Over 'C:/rock/bannister/Bannister/obj/Debug/net8.0-android/android/bin/classes/mono/androidx/recyclerview/widget/RecyclerView_OnItemTouchListenerImplementor.class' -> 'goodrive://www.googleapis.com/:personal:/bannister/bannister/obj/Debug/net8.0-android/android/bin/classes/mono/androidx/recyclerview/widget/RecyclerView_OnItemTouchListenerImplementor.class' (2,753)
2026-10-03 05:51:53: Copy Over 'C:/rock/bannister/Bannister/obj/Debug/net8.0-android/android/bin/classes/mono/androidx/recyclerview/widget/RecyclerView_RecyclerListenerImplementor.class' -> 'goodrive://www.googleapis.com/:personal:/bannister/bannister/obj/Debug/net8.0-android/android/bin/classes/mono/androidx/recyclerview/widget/RecyclerView_RecyclerListenerImplementor.class' (1,941)
2026-10-03 05:51:53: Copy Over 'C:/rock/bannister/Bannister/obj/Debug/net8.0-android/android/bin/classes/mono/androidx/transition/Transition_TransitionListenerImplementor.class' -> 'goodrive://www.googleapis.com/:personal:/bannister/bannister/obj/Debug/net8.0-android/android/bin/classes/mono/androidx/transition/Transition_TransitionListenerImplementor.class' (3,013)
2026-10-03 05:51:56: Copy Over 'C:/rock/bannister/Bannister/obj/Debug/net8.0-android/android/bin/classes/mono/androidx/swiperefreshlayout/widget/SwipeRefreshLayout_OnRefreshListenerImplementor.class' -> 'goodrive://www.googleapis.com/:personal:/bannister/bannister/obj/Debug/net8.0-android/android/bin/classes/mono/androidx/swiperefreshlayout/widget/SwipeRefreshLayout_OnRefreshListenerImplementor.class' (1,756)
2026-10-03 05:51:56: Copy Over 'C:/rock/bannister/Bannister/obj/Debug/net8.0-android/android/bin/classes/mono/androidx/viewpager/widget/ViewPager_OnPageChangeListenerImplementor.class' -> 'goodrive://www.googleapis.com/:personal:/bannister/bannister/obj/Debug/net8.0-android/android/bin/classes/mono/androidx/viewpager/widget/ViewPager_OnPageChangeListenerImplementor.class' (2,231)
2026-10-03 05:51:56: Copy Over 'C:/rock/bannister/Bannister/obj/Debug/net8.0-android/android/bin/classes/mono/androidx/viewpager/widget/ViewPager_OnAdapterChangeListenerImplementor.class' -> 'goodrive://www.googleapis.com/:personal:/bannister/bannister/obj/Debug/net8.0-android/android/bin/classes/mono/androidx/viewpager/widget/ViewPager_OnAdapterChangeListenerImplementor.class' (2,064)
2026-10-03 05:51:59: Copy Over 'C:/rock/bannister/Bannister/obj/Debug/net8.0-android/android/bin/classes/mono/com/bumptech/glide/manager/ConnectivityMonitor_ConnectivityListenerImplementor.class' -> 'goodrive://www.googleapis.com/:personal:/bannister/bannister/obj/Debug/net8.0-android/android/bin/classes/mono/com/bumptech/glide/manager/ConnectivityMonitor_ConnectivityListenerImplementor.class' (1,761)
2026-10-03 05:51:59: Copy Over 'C:/rock/bannister/Bannister/obj/Debug/net8.0-android/android/bin/classes/mono/com/bumptech/glide/manager/LifecycleListenerImplementor.class' -> 'goodrive://www.googleapis.com/:personal:/bannister/bannister/obj/Debug/net8.0-android/android/bin/classes/mono/com/bumptech/glide/manager/LifecycleListenerImplementor.class' (1,861)
2026-10-03 05:52:00: Copy Over 'C:/rock/bannister/Bannister/obj/Debug/net8.0-android/android/bin/classes/mono/com/bumptech/glide/load/engine/cache/MemoryCache_ResourceRemovedListenerImplementor.class' -> 'goodrive://www.googleapis.com/:personal:/bannister/bannister/obj/Debug/net8.0-android/android/bin/classes/mono/com/bumptech/glide/load/engine/cache/MemoryCache_ResourceRemovedListenerImplementor.class' (1,885)
2026-10-03 05:52:03: Copy Over 'C:/rock/bannister/Bannister/obj/Debug/net8.0-android/android/bin/classes/mono/MonoPackageManager_Resources.class' -> 'goodrive://www.googleapis.com/:personal:/bannister/bannister/obj/Debug/net8.0-android/android/bin/classes/mono/MonoPackageManager_Resources.class' (6,057)
2026-10-03 05:52:03: Copy Over 'C:/rock/bannister/Bannister/obj/Debug/net8.0-android/android/bin/classes/mono/MonoRuntimeProvider.class' -> 'goodrive://www.googleapis.com/:personal:/bannister/bannister/obj/Debug/net8.0-android/android/bin/classes/mono/MonoRuntimeProvider.class' (1,980)
2026-10-03 05:52:03: Copy Over 'C:/rock/bannister/Bannister/obj/Debug/net8.0-android/android/bin/classes/mono/com/bumptech/glide/request/RequestListenerImplementor.class' -> 'goodrive://www.googleapis.com/:personal:/bannister/bannister/obj/Debug/net8.0-android/android/bin/classes/mono/com/bumptech/glide/request/RequestListenerImplementor.class' (2,393)
2026-10-03 05:52:06: Copy Over 'C:/rock/bannister/Bannister/obj/Debug/net8.0-android/android/bin/classes/mono/com/google/android/material/animation/AnimatableView_ListenerImplementor.class' -> 'goodrive://www.googleapis.com/:personal:/bannister/bannister/obj/Debug/net8.0-android/android/bin/classes/mono/com/google/android/material/animation/AnimatableView_ListenerImplementor.class' (1,695)
2026-10-03 05:52:06: Copy Over 'C:/rock/bannister/Bannister/obj/Debug/net8.0-android/android/bin/classes/mono/com/google/android/material/appbar/AppBarLayout_LiftOnScrollListenerImplementor.class' -> 'goodrive://www.googleapis.com/:personal:/bannister/bannister/obj/Debug/net8.0-android/android/bin/classes/mono/com/google/android/material/appbar/AppBarLayout_LiftOnScrollListenerImplementor.class' (1,733)
2026-10-03 05:52:07: Copy Over 'C:/rock/bannister/Bannister/obj/Debug/net8.0-android/android/bin/classes/mono/com/google/android/material/appbar/AppBarLayout_OnOffsetChangedListenerImplementor.class' -> 'goodrive://www.googleapis.com/:personal:/bannister/bannister/obj/Debug/net8.0-android/android/bin/classes/mono/com/google/android/material/appbar/AppBarLayout_OnOffsetChangedListenerImplementor.class' (1,923)
2026-10-03 05:52:09: Copy Over 'C:/rock/bannister/Bannister/obj/Debug/net8.0-android/android/bin/classes/mono/com/google/android/material/button/MaterialButton_OnCheckedChangeListenerImplementor.class' -> 'goodrive://www.googleapis.com/:personal:/bannister/bannister/obj/Debug/net8.0-android/android/bin/classes/mono/com/google/android/material/button/MaterialButton_OnCheckedChangeListenerImplementor.class' (1,945)
2026-10-03 05:52:09: Copy Over 'C:/rock/bannister/Bannister/obj/Debug/net8.0-android/android/bin/classes/mono/com/google/android/material/behavior/HideBottomViewOnScrollBehavior_OnScrollStateChangedListenerImplementor.class' -> 'goodrive://www.googleapis.com/:personal:/bannister/bannister/obj/Debug/net8.0-android/android/bin/classes/mono/com/google/android/material/behavior/HideBottomViewOnScrollBehavior_OnScrollStateChangedListenerImplementor.class' (1,977)
2026-10-03 05:52:10: Copy Over 'C:/rock/bannister/Bannister/obj/Debug/net8.0-android/android/bin/classes/mono/com/google/android/material/button/MaterialButtonToggleGroup_OnButtonCheckedListenerImplementor.class' -> 'goodrive://www.googleapis.com/:personal:/bannister/bannister/obj/Debug/net8.0-android/android/bin/classes/mono/com/google/android/material/button/MaterialButtonToggleGroup_OnButtonCheckedListenerImplementor.class' (2,044)
2026-10-03 05:52:13: Copy Over 'C:/rock/bannister/Bannister/obj/Debug/net8.0-android/android/bin/classes/mono/com/google/android/material/behavior/SwipeDismissBehavior_OnDismissListenerImplementor.class' -> 'goodrive://www.googleapis.com/:personal:/bannister/bannister/obj/Debug/net8.0-android/android/bin/classes/mono/com/google/android/material/behavior/SwipeDismissBehavior_OnDismissListenerImplementor.class' (2,114)
2026-10-03 05:52:13: Copy Over 'C:/rock/bannister/Bannister/obj/Debug/net8.0-android/android/bin/classes/mono/com/google/android/material/card/MaterialCardView_OnCheckedChangeListenerImplementor.class' -> 'goodrive://www.googleapis.com/:personal:/bannister/bannister/obj/Debug/net8.0-android/android/bin/classes/mono/com/google/android/material/card/MaterialCardView_OnCheckedChangeListenerImplementor.class' (1,947)
2026-10-03 05:52:14: Copy Over 'C:/rock/bannister/Bannister/obj/Debug/net8.0-android/android/bin/classes/mono/com/google/android/material/carousel/OnMaskChangedListenerImplementor.class' -> 'goodrive://www.googleapis.com/:personal:/bannister/bannister/obj/Debug/net8.0-android/android/bin/classes/mono/com/google/android/material/carousel/OnMaskChangedListenerImplementor.class' (1,659)
2026-10-03 05:52:16: Copy Over 'C:/rock/bannister/Bannister/obj/Debug/net8.0-android/android/bin/classes/mono/com/google/android/material/chip/ChipGroup_OnCheckedChangeListenerImplementor.class' -> 'goodrive://www.googleapis.com/:personal:/bannister/bannister/obj/Debug/net8.0-android/android/bin/classes/mono/com/google/android/material/chip/ChipGroup_OnCheckedChangeListenerImplementor.class' (1,884)
2026-10-03 05:52:16: Copy Over 'C:/rock/bannister/Bannister/obj/Debug/net8.0-android/android/bin/classes/mono/com/google/android/material/checkbox/MaterialCheckBox_OnCheckedStateChangedListenerImplementor.class' -> 'goodrive://www.googleapis.com/:personal:/bannister/bannister/obj/Debug/net8.0-android/android/bin/classes/mono/com/google/android/material/checkbox/MaterialCheckBox_OnCheckedStateChangedListenerImplementor.class' (2,067)
2026-10-03 05:52:17: Copy Over 'C:/rock/bannister/Bannister/obj/Debug/net8.0-android/android/bin/classes/mono/com/google/android/material/chip/ChipGroup_OnCheckedStateChangeListenerImplementor.class' -> 'goodrive://www.googleapis.com/:personal:/bannister/bannister/obj/Debug/net8.0-android/android/bin/classes/mono/com/google/android/material/chip/ChipGroup_OnCheckedStateChangeListenerImplementor.class' (1,959)
2026-10-03 05:52:20: Copy Over 'C:/rock/bannister/Bannister/obj/Debug/net8.0-android/android/bin/classes/mono/com/google/android/material/datepicker/MaterialPickerOnPositiveButtonClickListenerImplementor.class' -> 'goodrive://www.googleapis.com/:personal:/bannister/bannister/obj/Debug/net8.0-android/android/bin/classes/mono/com/google/android/material/datepicker/MaterialPickerOnPositiveButtonClickListenerImplementor.class' (1,767)
2026-10-03 05:52:20: Copy Over 'C:/rock/bannister/Bannister/obj/Debug/net8.0-android/android/bin/classes/mono/com/google/android/material/internal/CheckableGroup_OnCheckedStateChangeListenerImplementor.class' -> 'goodrive://www.googleapis.com/:personal:/bannister/bannister/obj/Debug/net8.0-android/android/bin/classes/mono/com/google/android/material/internal/CheckableGroup_OnCheckedStateChangeListenerImplementor.class' (1,893)
2026-10-03 05:52:20: Copy Over 'C:/rock/bannister/Bannister/obj/Debug/net8.0-android/android/bin/classes/mono/com/google/android/material/checkbox/MaterialCheckBox_OnErrorChangedListenerImplementor.class' -> 'goodrive://www.googleapis.com/:personal:/bannister/bannister/obj/Debug/net8.0-android/android/bin/classes/mono/com/google/android/material/checkbox/MaterialCheckBox_OnErrorChangedListenerImplementor.class' (1,965)
2026-10-03 05:52:23: Copy Over 'C:/rock/bannister/Bannister/obj/Debug/net8.0-android/android/bin/classes/mono/com/google/android/material/internal/MaterialCheckable_OnCheckedChangeListenerImplementor.class' -> 'goodrive://www.googleapis.com/:personal:/bannister/bannister/obj/Debug/net8.0-android/android/bin/classes/mono/com/google/android/material/internal/MaterialCheckable_OnCheckedChangeListenerImplementor.class' (1,872)
2026-10-03 05:52:23: Copy Over 'C:/rock/bannister/Bannister/obj/Debug/net8.0-android/android/bin/classes/mono/com/google/android/material/internal/ViewUtils_OnApplyWindowInsetsListenerImplementor.class' -> 'goodrive://www.googleapis.com/:personal:/bannister/bannister/obj/Debug/net8.0-android/android/bin/classes/mono/com/google/android/material/internal/ViewUtils_OnApplyWindowInsetsListenerImplementor.class' (2,338)
2026-10-03 05:52:23: Copy Over 'C:/rock/bannister/Bannister/obj/Debug/net8.0-android/android/bin/classes/mono/com/google/android/material/navigation/NavigationBarView_OnItemReselectedListenerImplementor.class' -> 'goodrive://www.googleapis.com/:personal:/bannister/bannister/obj/Debug/net8.0-android/android/bin/classes/mono/com/google/android/material/navigation/NavigationBarView_OnItemReselectedListenerImplementor.class' (1,941)
2026-10-03 05:52:27: Copy Over 'C:/rock/bannister/Bannister/obj/Debug/net8.0-android/android/bin/classes/mono/com/google/android/material/search/SearchView_TransitionListenerImplementor.class' -> 'goodrive://www.googleapis.com/:personal:/bannister/bannister/obj/Debug/net8.0-android/android/bin/classes/mono/com/google/android/material/search/SearchView_TransitionListenerImplementor.class' (2,340)
2026-10-03 05:52:27: Copy Over 'C:/rock/bannister/Bannister/obj/Debug/net8.0-android/android/bin/classes/mono/com/google/android/material/navigation/NavigationBarView_OnItemSelectedListenerImplementor.class' -> 'goodrive://www.googleapis.com/:personal:/bannister/bannister/obj/Debug/net8.0-android/android/bin/classes/mono/com/google/android/material/navigation/NavigationBarView_OnItemSelectedListenerImplementor.class' (1,917)
2026-10-03 05:52:27: Copy Over 'C:/rock/bannister/Bannister/obj/Debug/net8.0-android/android/bin/classes/mono/com/google/android/material/navigation/NavigationView_OnNavigationItemSelectedListenerImplementor.class' -> 'goodrive://www.googleapis.com/:personal:/bannister/bannister/obj/Debug/net8.0-android/android/bin/classes/mono/com/google/android/material/navigation/NavigationView_OnNavigationItemSelectedListenerImplementor.class' (1,959)
2026-10-03 05:52:30: Copy Over 'C:/rock/bannister/Bannister/obj/Debug/net8.0-android/android/bin/classes/mono/com/google/android/material/slider/BaseOnChangeListenerImplementor.class' -> 'goodrive://www.googleapis.com/:personal:/bannister/bannister/obj/Debug/net8.0-android/android/bin/classes/mono/com/google/android/material/slider/BaseOnChangeListenerImplementor.class' (1,636)
2026-10-03 05:52:30: Copy Over 'C:/rock/bannister/Bannister/obj/Debug/net8.0-android/android/bin/classes/mono/com/google/android/material/slider/BaseOnSliderTouchListenerImplementor.class' -> 'goodrive://www.googleapis.com/:personal:/bannister/bannister/obj/Debug/net8.0-android/android/bin/classes/mono/com/google/android/material/slider/BaseOnSliderTouchListenerImplementor.class' (1,960)
2026-10-03 05:52:31: Copy Over 'C:/rock/bannister/Bannister/obj/Debug/net8.0-android/android/bin/classes/mono/com/google/android/material/shape/ShapeAppearancePathProvider_PathListenerImplementor.class' -> 'goodrive://www.googleapis.com/:personal:/bannister/bannister/obj/Debug/net8.0-android/android/bin/classes/mono/com/google/android/material/shape/ShapeAppearancePathProvider_PathListenerImplementor.class' (2,439)
2026-10-03 05:52:33: Copy Over 'C:/rock/bannister/Bannister/obj/Debug/net8.0-android/android/bin/classes/mono/com/google/android/material/tabs/TabLayout_BaseOnTabSelectedListenerImplementor.class' -> 'goodrive://www.googleapis.com/:personal:/bannister/bannister/obj/Debug/net8.0-android/android/bin/classes/mono/com/google/android/material/tabs/TabLayout_BaseOnTabSelectedListenerImplementor.class' (2,652)
2026-10-03 05:52:33: > Copy Over 'C:/rock/bannister/Bannister/obj/Debug/net8.0-android/android/bin/classes2.dex' -> 'goodrive://www.googleapis.com/:personal:/bannister/bannister/obj/Debug/net8.0-android/android/bin/classes2.dex' (7,168,352)
2026-10-03 05:52:33: Copy Over 'C:/rock/bannister/Bannister/obj/Debug/net8.0-android/android/bin/classes/mono/com/google/android/material/textfield/TextInputLayout_OnEditTextAttachedListenerImplementor.class' -> 'goodrive://www.googleapis.com/:personal:/bannister/bannister/obj/Debug/net8.0-android/android/bin/classes/mono/com/google/android/material/textfield/TextInputLayout_OnEditTextAttachedListenerImplementor.class' (2,000)
2026-10-03 05:52:33: > Copy Over 'C:/rock/bannister/Bannister/obj/Debug/net8.0-android/android/bin/com.bannister.app.apk' -> 'goodrive://www.googleapis.com/:personal:/bannister/bannister/obj/Debug/net8.0-android/android/bin/com.bannister.app.apk' (65,767,847)
2026-10-03 05:52:34: Copy Over 'C:/rock/bannister/Bannister/obj/Debug/net8.0-android/android/bin/classes/mono/com/google/android/material/textfield/TextInputLayout_OnEndIconChangedListenerImplementor.class' -> 'goodrive://www.googleapis.com/:personal:/bannister/bannister/obj/Debug/net8.0-android/android/bin/classes/mono/com/google/android/material/textfield/TextInputLayout_OnEndIconChangedListenerImplementor.class' (1,984)
2026-10-03 05:52:34: > Copy Over 'C:/rock/bannister/Bannister/obj/Debug/net8.0-android/android/bin/packaged_resources' -> 'goodrive://www.googleapis.com/:personal:/bannister/bannister/obj/Debug/net8.0-android/android/bin/packaged_resources' (28,115,731)
2026-10-03 05:52:37: < Copy Over 'C:/rock/bannister/Bannister/obj/Debug/net8.0-android/android/bin/classes2.dex' -> 'goodrive://www.googleapis.com/:personal:/bannister/bannister/obj/Debug/net8.0-android/android/bin/classes2.dex' (7,168,352)
2026-10-03 05:52:38: > Copy Over 'C:/rock/bannister/Bannister/obj/Debug/net8.0-android/android/assets/Bannister.pdb' -> 'goodrive://www.googleapis.com/:personal:/bannister/bannister/obj/Debug/net8.0-android/android/assets/Bannister.pdb' (1,769,028)
2026-10-03 05:52:41: < Copy Over 'C:/rock/bannister/Bannister/obj/Debug/net8.0-android/android/assets/Bannister.pdb' -> 'goodrive://www.googleapis.com/:personal:/bannister/bannister/obj/Debug/net8.0-android/android/assets/Bannister.pdb' (1,769,028)
2026-10-03 05:52:41: < Copy Over 'C:/rock/bannister/Bannister/obj/Debug/net8.0-android/android/bin/packaged_resources' -> 'goodrive://www.googleapis.com/:personal:/bannister/bannister/obj/Debug/net8.0-android/android/bin/packaged_resources' (28,115,731)
2026-10-03 05:52:43: < Copy Over 'C:/rock/bannister/Bannister/obj/Debug/net8.0-android/android/bin/com.bannister.app.apk' -> 'goodrive://www.googleapis.com/:personal:/bannister/bannister/obj/Debug/net8.0-android/android/bin/com.bannister.app.apk' (65,767,847)
2026-10-03 05:52:45: Copy Over 'C:/rock/bannister/Bannister/obj/Debug/net8.0-android/android/compressed_assemblies.arm64-v8a.o' -> 'goodrive://www.googleapis.com/:personal:/bannister/bannister/obj/Debug/net8.0-android/android/compressed_assemblies.arm64-v8a.o' (848)
2026-10-03 05:52:45: Copy Over 'C:/rock/bannister/Bannister/obj/Debug/net8.0-android/android/compressed_assemblies.armeabi-v7a.o' -> 'goodrive://www.googleapis.com/:personal:/bannister/bannister/obj/Debug/net8.0-android/android/compressed_assemblies.armeabi-v7a.o' (700)
2026-10-03 05:52:47: Copy Over 'C:/rock/bannister/Bannister/obj/Debug/net8.0-android/android/compressed_assemblies.x86.o' -> 'goodrive://www.googleapis.com/:personal:/bannister/bannister/obj/Debug/net8.0-android/android/compressed_assemblies.x86.o' (576)
2026-10-03 05:52:48: Copy Over 'C:/rock/bannister/Bannister/obj/Debug/net8.0-android/android/compressed_assemblies.x86_64.o' -> 'goodrive://www.googleapis.com/:personal:/bannister/bannister/obj/Debug/net8.0-android/android/compressed_assemblies.x86_64.o' (792)
2026-10-03 05:52:48: Copy Over 'C:/rock/bannister/Bannister/obj/Debug/net8.0-android/android/environment.arm64-v8a.ll' -> 'goodrive://www.googleapis.com/:personal:/bannister/bannister/obj/Debug/net8.0-android/android/environment.arm64-v8a.ll' (154,586)
2026-10-03 05:52:51: Copy Over 'C:/rock/bannister/Bannister/obj/Debug/net8.0-android/android/environment.arm64-v8a.o' -> 'goodrive://www.googleapis.com/:personal:/bannister/bannister/obj/Debug/net8.0-android/android/environment.arm64-v8a.o' (47,800)
2026-10-03 05:52:52: Copy Over 'C:/rock/bannister/Bannister/obj/Debug/net8.0-android/android/environment.armeabi-v7a.ll' -> 'goodrive://www.googleapis.com/:personal:/bannister/bannister/obj/Debug/net8.0-android/android/environment.armeabi-v7a.ll' (153,561)
2026-10-03 05:52:52: Copy Over 'C:/rock/bannister/Bannister/obj/Debug/net8.0-android/android/environment.armeabi-v7a.o' -> 'goodrive://www.googleapis.com/:personal:/bannister/bannister/obj/Debug/net8.0-android/android/environment.armeabi-v7a.o' (32,924)
2026-10-03 05:52:54: Copy Over 'C:/rock/bannister/Bannister/obj/Debug/net8.0-android/android/environment.x86.ll' -> 'goodrive://www.googleapis.com/:personal:/bannister/bannister/obj/Debug/net8.0-android/android/environment.x86.ll' (153,578)
2026-10-03 05:52:55: Copy Over 'C:/rock/bannister/Bannister/obj/Debug/net8.0-android/android/environment.x86.o' -> 'goodrive://www.googleapis.com/:personal:/bannister/bannister/obj/Debug/net8.0-android/android/environment.x86.o' (32,608)
2026-10-03 05:52:56: Copy Over 'C:/rock/bannister/Bannister/obj/Debug/net8.0-android/android/environment.x86_64.ll' -> 'goodrive://www.googleapis.com/:personal:/bannister/bannister/obj/Debug/net8.0-android/android/environment.x86_64.ll' (154,724)
2026-10-03 05:52:57: Copy Over 'C:/rock/bannister/Bannister/obj/Debug/net8.0-android/android/environment.x86_64.o' -> 'goodrive://www.googleapis.com/:personal:/bannister/bannister/obj/Debug/net8.0-android/android/environment.x86_64.o' (47,904)
2026-10-03 05:52:59: Copy Over 'C:/rock/bannister/Bannister/obj/Debug/net8.0-android/android/jni_remap.arm64-v8a.o' -> 'goodrive://www.googleapis.com/:personal:/bannister/bannister/obj/Debug/net8.0-android/android/jni_remap.arm64-v8a.o' (968)
2026-10-03 05:52:59: Copy Over 'C:/rock/bannister/Bannister/obj/Debug/net8.0-android/android/jni_remap.armeabi-v7a.o' -> 'goodrive://www.googleapis.com/:personal:/bannister/bannister/obj/Debug/net8.0-android/android/jni_remap.armeabi-v7a.o' (784)
2026-10-03 05:53:00: Copy Over 'C:/rock/bannister/Bannister/obj/Debug/net8.0-android/android/jni_remap.x86.o' -> 'goodrive://www.googleapis.com/:personal:/bannister/bannister/obj/Debug/net8.0-android/android/jni_remap.x86.o' (660)
2026-10-03 05:53:02: Copy Over 'C:/rock/bannister/Bannister/obj/Debug/net8.0-android/android/jni_remap.x86_64.o' -> 'goodrive://www.googleapis.com/:personal:/bannister/bannister/obj/Debug/net8.0-android/android/jni_remap.x86_64.o' (912)
2026-10-03 05:53:03: Copy Over 'C:/rock/bannister/Bannister/obj/Debug/net8.0-android/android/marshal_methods.arm64-v8a.o' -> 'goodrive://www.googleapis.com/:personal:/bannister/bannister/obj/Debug/net8.0-android/android/marshal_methods.arm64-v8a.o' (10,056)
2026-10-03 05:53:04: Copy Over 'C:/rock/bannister/Bannister/obj/Debug/net8.0-android/android/manifest/AndroidManifest.xml' -> 'goodrive://www.googleapis.com/:personal:/bannister/bannister/obj/Debug/net8.0-android/android/manifest/AndroidManifest.xml' (4,994)
2026-10-03 05:53:06: Copy Over 'C:/rock/bannister/Bannister/obj/Debug/net8.0-android/android/marshal_methods.armeabi-v7a.o' -> 'goodrive://www.googleapis.com/:personal:/bannister/bannister/obj/Debug/net8.0-android/android/marshal_methods.armeabi-v7a.o' (6,792)
2026-10-03 05:53:06: > Copy Over 'C:/rock/bannister/Bannister/obj/Debug/net8.0-android/android/typemaps.arm64-v8a.o' -> 'goodrive://www.googleapis.com/:personal:/bannister/bannister/obj/Debug/net8.0-android/android/typemaps.arm64-v8a.o' (3,181,888)
2026-10-03 05:53:06: Copy Over 'C:/rock/bannister/Bannister/obj/Debug/net8.0-android/android/marshal_methods.x86.o' -> 'goodrive://www.googleapis.com/:personal:/bannister/bannister/obj/Debug/net8.0-android/android/marshal_methods.x86.o' (6,760)
2026-10-03 05:53:06: > Copy Over 'C:/rock/bannister/Bannister/obj/Debug/net8.0-android/android/typemaps.armeabi-v7a.o' -> 'goodrive://www.googleapis.com/:personal:/bannister/bannister/obj/Debug/net8.0-android/android/typemaps.armeabi-v7a.o' (2,100,812)
2026-10-03 05:53:07: Copy Over 'C:/rock/bannister/Bannister/obj/Debug/net8.0-android/android/marshal_methods.x86_64.o' -> 'goodrive://www.googleapis.com/:personal:/bannister/bannister/obj/Debug/net8.0-android/android/marshal_methods.x86_64.o' (9,912)
2026-10-03 05:53:08: > Copy Over 'C:/rock/bannister/Bannister/obj/Debug/net8.0-android/android/typemaps.x86.o' -> 'goodrive://www.googleapis.com/:personal:/bannister/bannister/obj/Debug/net8.0-android/android/typemaps.x86.o' (2,100,688)
2026-10-03 05:53:09: < Copy Over 'C:/rock/bannister/Bannister/obj/Debug/net8.0-android/android/typemaps.arm64-v8a.o' -> 'goodrive://www.googleapis.com/:personal:/bannister/bannister/obj/Debug/net8.0-android/android/typemaps.arm64-v8a.o' (3,181,888)
2026-10-03 05:53:09: > Copy Over 'C:/rock/bannister/Bannister/obj/Debug/net8.0-android/android/typemaps.x86_64.o' -> 'goodrive://www.googleapis.com/:personal:/bannister/bannister/obj/Debug/net8.0-android/android/typemaps.x86_64.o' (3,370,672)
2026-10-03 05:53:09: < Copy Over 'C:/rock/bannister/Bannister/obj/Debug/net8.0-android/android/typemaps.armeabi-v7a.o' -> 'goodrive://www.googleapis.com/:personal:/bannister/bannister/obj/Debug/net8.0-android/android/typemaps.armeabi-v7a.o' (2,100,812)
2026-10-03 05:53:12: < Copy Over 'C:/rock/bannister/Bannister/obj/Debug/net8.0-android/android/typemaps.x86.o' -> 'goodrive://www.googleapis.com/:personal:/bannister/bannister/obj/Debug/net8.0-android/android/typemaps.x86.o' (2,100,688)
2026-10-03 05:53:12: Copy Over 'C:/rock/bannister/Bannister/obj/Debug/net8.0-windows10.0.19041.0/Bannister.AssemblyInfo.cs' -> 'goodrive://www.googleapis.com/:personal:/bannister/bannister/obj/Debug/net8.0-windows10.0.19041.0/Bannister.AssemblyInfo.cs' (1,673)
2026-10-03 05:53:13: < Copy Over 'C:/rock/bannister/Bannister/obj/Debug/net8.0-android/android/typemaps.x86_64.o' -> 'goodrive://www.googleapis.com/:personal:/bannister/bannister/obj/Debug/net8.0-android/android/typemaps.x86_64.o' (3,370,672)
2026-10-03 05:53:15: Copy Over 'C:/rock/bannister/Bannister/obj/Debug/net8.0-windows10.0.19041.0/Bannister.AssemblyInfoInputs.cache' -> 'goodrive://www.googleapis.com/:personal:/bannister/bannister/obj/Debug/net8.0-windows10.0.19041.0/Bannister.AssemblyInfoInputs.cache' (66)
2026-10-03 05:53:15: Copy Over 'C:/rock/bannister/Bannister/obj/Debug/net8.0-windows10.0.19041.0/Bannister.assets.cache' -> 'goodrive://www.googleapis.com/:personal:/bannister/bannister/obj/Debug/net8.0-windows10.0.19041.0/Bannister.assets.cache' (73,603)
2026-10-03 05:53:16: Copy Over 'C:/rock/bannister/Bannister/obj/Debug/net8.0-windows10.0.19041.0/Bannister.csproj.AssemblyReference.cache' -> 'goodrive://www.googleapis.com/:personal:/bannister/bannister/obj/Debug/net8.0-windows10.0.19041.0/Bannister.csproj.AssemblyReference.cache' (69,675)
2026-10-03 05:53:18: Copy Over 'C:/rock/bannister/Bannister/obj/Debug/net8.0-windows10.0.19041.0/Bannister.csproj.FileListAbsolute.txt' -> 'goodrive://www.googleapis.com/:personal:/bannister/bannister/obj/Debug/net8.0-windows10.0.19041.0/Bannister.csproj.FileListAbsolute.txt' (83,801)
2026-10-03 05:53:18: Copy Over 'C:/rock/bannister/Bannister/obj/Debug/net8.0-windows10.0.19041.0/Bannister.csproj.CoreCompileInputs.cache' -> 'goodrive://www.googleapis.com/:personal:/bannister/bannister/obj/Debug/net8.0-windows10.0.19041.0/Bannister.csproj.CoreCompileInputs.cache' (66)
2026-10-03 05:53:18: > Copy Over 'C:/rock/bannister/Bannister/obj/Debug/net8.0-windows10.0.19041.0/Bannister.dll' -> 'goodrive://www.googleapis.com/:personal:/bannister/bannister/obj/Debug/net8.0-windows10.0.19041.0/Bannister.dll' (8,587,776)
2026-10-03 05:53:18: > Copy Over 'C:/rock/bannister/Bannister/obj/Debug/net8.0-windows10.0.19041.0/Bannister.pdb' -> 'goodrive://www.googleapis.com/:personal:/bannister/bannister/obj/Debug/net8.0-windows10.0.19041.0/Bannister.pdb' (1,810,896)
2026-10-03 05:53:19: Copy Over 'C:/rock/bannister/Bannister/obj/Debug/net8.0-windows10.0.19041.0/Bannister.csproj.Up2Date' -> 'goodrive://www.googleapis.com/:personal:/bannister/bannister/obj/Debug/net8.0-windows10.0.19041.0/Bannister.csproj.Up2Date' (0)
2026-10-03 05:53:21: < Copy Over 'C:/rock/bannister/Bannister/obj/Debug/net8.0-windows10.0.19041.0/Bannister.pdb' -> 'goodrive://www.googleapis.com/:personal:/bannister/bannister/obj/Debug/net8.0-windows10.0.19041.0/Bannister.pdb' (1,810,896)
2026-10-03 05:53:22: < Copy Over 'C:/rock/bannister/Bannister/obj/Debug/net8.0-windows10.0.19041.0/Bannister.dll' -> 'goodrive://www.googleapis.com/:personal:/bannister/bannister/obj/Debug/net8.0-windows10.0.19041.0/Bannister.dll' (8,587,776)
2026-10-03 05:53:22: Copy Over 'C:/rock/bannister/Bannister/obj/Debug/net8.0-windows10.0.19041.0/Bannister.sourcelink.json' -> 'goodrive://www.googleapis.com/:personal:/bannister/bannister/obj/Debug/net8.0-windows10.0.19041.0/Bannister.sourcelink.json' (141)
2026-10-03 05:53:23: Copy Over 'C:/rock/bannister/Bannister/obj/Debug/net8.0-windows10.0.19041.0/excluded.layout.resfiles.intermediate' -> 'goodrive://www.googleapis.com/:personal:/bannister/bannister/obj/Debug/net8.0-windows10.0.19041.0/excluded.layout.resfiles.intermediate' (0)
2026-10-03 05:53:25: Copy Over 'C:/rock/bannister/Bannister/obj/Debug/net8.0-windows10.0.19041.0/filtered.layout.resfiles' -> 'goodrive://www.googleapis.com/:personal:/bannister/bannister/obj/Debug/net8.0-windows10.0.19041.0/filtered.layout.resfiles' (2,329)
2026-10-03 05:53:26: Copy Over 'C:/rock/bannister/Bannister/obj/Debug/net8.0-windows10.0.19041.0/embed/embed.resfiles.intermediate' -> 'goodrive://www.googleapis.com/:personal:/bannister/bannister/obj/Debug/net8.0-windows10.0.19041.0/embed/embed.resfiles.intermediate' (27)
2026-10-03 05:53:26: Copy Over 'C:/rock/bannister/Bannister/obj/Debug/net8.0-windows10.0.19041.0/filtered.layout.resfiles.intermediate' -> 'goodrive://www.googleapis.com/:personal:/bannister/bannister/obj/Debug/net8.0-windows10.0.19041.0/filtered.layout.resfiles.intermediate' (2,329)
2026-10-03 05:53:26: > Copy Over 'C:/rock/bannister/Bannister/obj/Debug/net8.0-windows10.0.19041.0/intermediatexaml/Bannister.dll' -> 'goodrive://www.googleapis.com/:personal:/bannister/bannister/obj/Debug/net8.0-windows10.0.19041.0/intermediatexaml/Bannister.dll' (8,381,440)
2026-10-03 05:53:28: Copy Over 'C:/rock/bannister/Bannister/obj/Debug/net8.0-windows10.0.19041.0/input.json' -> 'goodrive://www.googleapis.com/:personal:/bannister/bannister/obj/Debug/net8.0-windows10.0.19041.0/input.json' (104,182)
2026-10-03 05:53:29: > Copy Over 'C:/rock/bannister/Bannister/obj/Debug/net8.0-windows10.0.19041.0/intermediatexaml/Bannister.pdb' -> 'goodrive://www.googleapis.com/:personal:/bannister/bannister/obj/Debug/net8.0-windows10.0.19041.0/intermediatexaml/Bannister.pdb' (1,782,152)
2026-10-03 05:53:30: Copy Over 'C:/rock/bannister/Bannister/obj/Debug/net8.0-windows10.0.19041.0/mauiimage.inputs' -> 'goodrive://www.googleapis.com/:personal:/bannister/bannister/obj/Debug/net8.0-windows10.0.19041.0/mauiimage.inputs' (2,656)
2026-10-03 05:53:31: < Copy Over 'C:/rock/bannister/Bannister/obj/Debug/net8.0-windows10.0.19041.0/intermediatexaml/Bannister.dll' -> 'goodrive://www.googleapis.com/:personal:/bannister/bannister/obj/Debug/net8.0-windows10.0.19041.0/intermediatexaml/Bannister.dll' (8,381,440)
2026-10-03 05:53:31: < Copy Over 'C:/rock/bannister/Bannister/obj/Debug/net8.0-windows10.0.19041.0/intermediatexaml/Bannister.pdb' -> 'goodrive://www.googleapis.com/:personal:/bannister/bannister/obj/Debug/net8.0-windows10.0.19041.0/intermediatexaml/Bannister.pdb' (1,782,152)
2026-10-03 05:53:33: Copy Over 'C:/rock/bannister/Bannister/obj/Debug/net8.0-windows10.0.19041.0/mauiimage.outputs' -> 'goodrive://www.googleapis.com/:personal:/bannister/bannister/obj/Debug/net8.0-windows10.0.19041.0/mauiimage.outputs' (7,232)
2026-10-03 05:53:34: Copy Over 'C:/rock/bannister/Bannister/obj/Debug/net8.0-windows10.0.19041.0/mauimanifest.stamp' -> 'goodrive://www.googleapis.com/:personal:/bannister/bannister/obj/Debug/net8.0-windows10.0.19041.0/mauimanifest.stamp' (0)
2026-10-03 05:53:34: Copy Over 'C:/rock/bannister/Bannister/obj/Debug/net8.0-windows10.0.19041.0/mauiimage.stamp' -> 'goodrive://www.googleapis.com/:personal:/bannister/bannister/obj/Debug/net8.0-windows10.0.19041.0/mauiimage.stamp' (0)
2026-10-03 05:53:37: Copy Over 'C:/rock/bannister/Bannister/obj/Debug/net8.0-windows10.0.19041.0/output.json' -> 'goodrive://www.googleapis.com/:personal:/bannister/bannister/obj/Debug/net8.0-windows10.0.19041.0/output.json' (8,846)
2026-10-03 05:53:37: Copy Over 'C:/rock/bannister/Bannister/obj/Debug/net8.0-windows10.0.19041.0/pri.resfiles.intermediate' -> 'goodrive://www.googleapis.com/:personal:/bannister/bannister/obj/Debug/net8.0-windows10.0.19041.0/pri.resfiles.intermediate' (386)
2026-10-03 05:53:37: Copy Over 'C:/rock/bannister/Bannister/obj/Debug/net8.0-windows10.0.19041.0/priconfig.xml.intermediate' -> 'goodrive://www.googleapis.com/:personal:/bannister/bannister/obj/Debug/net8.0-windows10.0.19041.0/priconfig.xml.intermediate' (3,138)
2026-10-03 05:53:37: > Copy Over 'C:/rock/bannister/Bannister/obj/Debug/net8.0-windows10.0.19041.0/ref/Bannister.dll' -> 'goodrive://www.googleapis.com/:personal:/bannister/bannister/obj/Debug/net8.0-windows10.0.19041.0/ref/Bannister.dll' (1,801,728)
2026-10-03 05:53:42: Copy Over 'C:/rock/bannister/Bannister/obj/Debug/net8.0-windows10.0.19041.0/Platforms/Windows/App.xaml' -> 'goodrive://www.googleapis.com/:personal:/bannister/bannister/obj/Debug/net8.0-windows10.0.19041.0/Platforms/Windows/App.xaml' (304)
2026-10-03 05:53:42: Copy Over 'C:/rock/bannister/Bannister/obj/Debug/net8.0-windows10.0.19041.0/qualifiers.txt.intermediate' -> 'goodrive://www.googleapis.com/:personal:/bannister/bannister/obj/Debug/net8.0-windows10.0.19041.0/qualifiers.txt.intermediate' (184)
2026-10-03 05:53:42: > Copy Over 'C:/rock/bannister/Bannister/obj/Debug/net8.0-windows10.0.19041.0/refint/Bannister.dll' -> 'goodrive://www.googleapis.com/:personal:/bannister/bannister/obj/Debug/net8.0-windows10.0.19041.0/refint/Bannister.dll' (1,801,728)
2026-10-03 05:53:43: < Copy Over 'C:/rock/bannister/Bannister/obj/Debug/net8.0-windows10.0.19041.0/ref/Bannister.dll' -> 'goodrive://www.googleapis.com/:personal:/bannister/bannister/obj/Debug/net8.0-windows10.0.19041.0/ref/Bannister.dll' (1,801,728)
2026-10-03 05:53:48: Copy Over 'C:/rock/bannister/Bannister/obj/Debug/net8.0-windows10.0.19041.0/resources.resfiles.intermediate' -> 'goodrive://www.googleapis.com/:personal:/bannister/bannister/obj/Debug/net8.0-windows10.0.19041.0/resources.resfiles.intermediate' (0)
2026-10-03 05:53:48: Copy Over 'C:/rock/bannister/Bannister/obj/Debug/net8.0-windows10.0.19041.0/resizetizer/m/Package.appxmanifest' -> 'goodrive://www.googleapis.com/:personal:/bannister/bannister/obj/Debug/net8.0-windows10.0.19041.0/resizetizer/m/Package.appxmanifest' (1,999)
2026-10-03 05:53:49: < Copy Over 'C:/rock/bannister/Bannister/obj/Debug/net8.0-windows10.0.19041.0/refint/Bannister.dll' -> 'goodrive://www.googleapis.com/:personal:/bannister/bannister/obj/Debug/net8.0-windows10.0.19041.0/refint/Bannister.dll' (1,801,728)
2026-10-03 05:53:52: Copy Over 'C:/rock/bannister/Bannister/obj/Debug/net8.0-windows10.0.19041.0/resizetizer/r/appicon.ico' -> 'goodrive://www.googleapis.com/:personal:/bannister/bannister/obj/Debug/net8.0-windows10.0.19041.0/resizetizer/r/appicon.ico' (974)
2026-10-03 05:53:53: Copy Over 'C:/rock/bannister/Bannister/obj/Debug/net8.0-windows10.0.19041.0/resizetizer/r/appiconLargeTile.scale-125.png' -> 'goodrive://www.googleapis.com/:personal:/bannister/bannister/obj/Debug/net8.0-windows10.0.19041.0/resizetizer/r/appiconLargeTile.scale-125.png' (5,216)
2026-10-03 05:53:53: Copy Over 'C:/rock/bannister/Bannister/obj/Debug/net8.0-windows10.0.19041.0/resizetizer/r/appiconLargeTile.scale-100.png' -> 'goodrive://www.googleapis.com/:personal:/bannister/bannister/obj/Debug/net8.0-windows10.0.19041.0/resizetizer/r/appiconLargeTile.scale-100.png' (3,959)
2026-10-03 05:53:56: Copy Over 'C:/rock/bannister/Bannister/obj/Debug/net8.0-windows10.0.19041.0/resizetizer/r/appiconLargeTile.scale-150.png' -> 'goodrive://www.googleapis.com/:personal:/bannister/bannister/obj/Debug/net8.0-windows10.0.19041.0/resizetizer/r/appiconLargeTile.scale-150.png' (4,722)
2026-10-03 05:53:56: Copy Over 'C:/rock/bannister/Bannister/obj/Debug/net8.0-windows10.0.19041.0/resizetizer/r/appiconLargeTile.scale-400.png' -> 'goodrive://www.googleapis.com/:personal:/bannister/bannister/obj/Debug/net8.0-windows10.0.19041.0/resizetizer/r/appiconLargeTile.scale-400.png' (16,293)
2026-10-03 05:53:56: Copy Over 'C:/rock/bannister/Bannister/obj/Debug/net8.0-windows10.0.19041.0/resizetizer/r/appiconLargeTile.scale-200.png' -> 'goodrive://www.googleapis.com/:personal:/bannister/bannister/obj/Debug/net8.0-windows10.0.19041.0/resizetizer/r/appiconLargeTile.scale-200.png' (6,714)
2026-10-03 05:53:59: Copy Over 'C:/rock/bannister/Bannister/obj/Debug/net8.0-windows10.0.19041.0/resizetizer/r/appiconLogo.altform-lightunplated_targetsize-24.png' -> 'goodrive://www.googleapis.com/:personal:/bannister/bannister/obj/Debug/net8.0-windows10.0.19041.0/resizetizer/r/appiconLogo.altform-lightunplated_targetsize-24.png' (519)
2026-10-03 05:53:59: Copy Over 'C:/rock/bannister/Bannister/obj/Debug/net8.0-windows10.0.19041.0/resizetizer/r/appiconLogo.altform-lightunplated_targetsize-256.png' -> 'goodrive://www.googleapis.com/:personal:/bannister/bannister/obj/Debug/net8.0-windows10.0.19041.0/resizetizer/r/appiconLogo.altform-lightunplated_targetsize-256.png' (2,725)
2026-10-03 05:53:59: Copy Over 'C:/rock/bannister/Bannister/obj/Debug/net8.0-windows10.0.19041.0/resizetizer/r/appiconLogo.altform-lightunplated_targetsize-16.png' -> 'goodrive://www.googleapis.com/:personal:/bannister/bannister/obj/Debug/net8.0-windows10.0.19041.0/resizetizer/r/appiconLogo.altform-lightunplated_targetsize-16.png' (320)
2026-10-03 05:54:02: Copy Over 'C:/rock/bannister/Bannister/obj/Debug/net8.0-windows10.0.19041.0/resizetizer/r/appiconLogo.altform-unplated_targetsize-16.png' -> 'goodrive://www.googleapis.com/:personal:/bannister/bannister/obj/Debug/net8.0-windows10.0.19041.0/resizetizer/r/appiconLogo.altform-unplated_targetsize-16.png' (320)
2026-10-03 05:54:02: Copy Over 'C:/rock/bannister/Bannister/obj/Debug/net8.0-windows10.0.19041.0/resizetizer/r/appiconLogo.altform-lightunplated_targetsize-32.png' -> 'goodrive://www.googleapis.com/:personal:/bannister/bannister/obj/Debug/net8.0-windows10.0.19041.0/resizetizer/r/appiconLogo.altform-lightunplated_targetsize-32.png' (497)
2026-10-03 05:54:02: Copy Over 'C:/rock/bannister/Bannister/obj/Debug/net8.0-windows10.0.19041.0/resizetizer/r/appiconLogo.altform-lightunplated_targetsize-48.png' -> 'goodrive://www.googleapis.com/:personal:/bannister/bannister/obj/Debug/net8.0-windows10.0.19041.0/resizetizer/r/appiconLogo.altform-lightunplated_targetsize-48.png' (868)
2026-10-03 05:54:05: Copy Over 'C:/rock/bannister/Bannister/obj/Debug/net8.0-windows10.0.19041.0/resizetizer/r/appiconLogo.altform-unplated_targetsize-256.png' -> 'goodrive://www.googleapis.com/:personal:/bannister/bannister/obj/Debug/net8.0-windows10.0.19041.0/resizetizer/r/appiconLogo.altform-unplated_targetsize-256.png' (2,725)
2026-10-03 05:54:05: Copy Over 'C:/rock/bannister/Bannister/obj/Debug/net8.0-windows10.0.19041.0/resizetizer/r/appiconLogo.altform-unplated_targetsize-32.png' -> 'goodrive://www.googleapis.com/:personal:/bannister/bannister/obj/Debug/net8.0-windows10.0.19041.0/resizetizer/r/appiconLogo.altform-unplated_targetsize-32.png' (497)
2026-10-03 05:54:05: Copy Over 'C:/rock/bannister/Bannister/obj/Debug/net8.0-windows10.0.19041.0/resizetizer/r/appiconLogo.altform-unplated_targetsize-24.png' -> 'goodrive://www.googleapis.com/:personal:/bannister/bannister/obj/Debug/net8.0-windows10.0.19041.0/resizetizer/r/appiconLogo.altform-unplated_targetsize-24.png' (519)
2026-10-03 05:54:08: Copy Over 'C:/rock/bannister/Bannister/obj/Debug/net8.0-windows10.0.19041.0/resizetizer/r/appiconLogo.altform-unplated_targetsize-48.png' -> 'goodrive://www.googleapis.com/:personal:/bannister/bannister/obj/Debug/net8.0-windows10.0.19041.0/resizetizer/r/appiconLogo.altform-unplated_targetsize-48.png' (868)
2026-10-03 05:54:08: Copy Over 'C:/rock/bannister/Bannister/obj/Debug/net8.0-windows10.0.19041.0/resizetizer/r/appiconLogo.scale-125.png' -> 'goodrive://www.googleapis.com/:personal:/bannister/bannister/obj/Debug/net8.0-windows10.0.19041.0/resizetizer/r/appiconLogo.scale-125.png' (999)
2026-10-03 05:54:09: Copy Over 'C:/rock/bannister/Bannister/obj/Debug/net8.0-windows10.0.19041.0/resizetizer/r/appiconLogo.scale-100.png' -> 'goodrive://www.googleapis.com/:personal:/bannister/bannister/obj/Debug/net8.0-windows10.0.19041.0/resizetizer/r/appiconLogo.scale-100.png' (748)
2026-10-03 05:54:11: Copy Over 'C:/rock/bannister/Bannister/obj/Debug/net8.0-windows10.0.19041.0/resizetizer/r/appiconLogo.scale-150.png' -> 'goodrive://www.googleapis.com/:personal:/bannister/bannister/obj/Debug/net8.0-windows10.0.19041.0/resizetizer/r/appiconLogo.scale-150.png' (986)
2026-10-03 05:54:12: Copy Over 'C:/rock/bannister/Bannister/obj/Debug/net8.0-windows10.0.19041.0/resizetizer/r/appiconLogo.scale-200.png' -> 'goodrive://www.googleapis.com/:personal:/bannister/bannister/obj/Debug/net8.0-windows10.0.19041.0/resizetizer/r/appiconLogo.scale-200.png' (1,365)
2026-10-03 05:54:12: Copy Over 'C:/rock/bannister/Bannister/obj/Debug/net8.0-windows10.0.19041.0/resizetizer/r/appiconLogo.scale-400.png' -> 'goodrive://www.googleapis.com/:personal:/bannister/bannister/obj/Debug/net8.0-windows10.0.19041.0/resizetizer/r/appiconLogo.scale-400.png' (2,436)
2026-10-03 05:54:14: Copy Over 'C:/rock/bannister/Bannister/obj/Debug/net8.0-windows10.0.19041.0/resizetizer/r/appiconLogo.targetsize-16.png' -> 'goodrive://www.googleapis.com/:personal:/bannister/bannister/obj/Debug/net8.0-windows10.0.19041.0/resizetizer/r/appiconLogo.targetsize-16.png' (320)
2026-10-03 05:54:15: Copy Over 'C:/rock/bannister/Bannister/obj/Debug/net8.0-windows10.0.19041.0/resizetizer/r/appiconLogo.targetsize-24.png' -> 'goodrive://www.googleapis.com/:personal:/bannister/bannister/obj/Debug/net8.0-windows10.0.19041.0/resizetizer/r/appiconLogo.targetsize-24.png' (519)
2026-10-03 05:54:15: Copy Over 'C:/rock/bannister/Bannister/obj/Debug/net8.0-windows10.0.19041.0/resizetizer/r/appiconLogo.targetsize-256.png' -> 'goodrive://www.googleapis.com/:personal:/bannister/bannister/obj/Debug/net8.0-windows10.0.19041.0/resizetizer/r/appiconLogo.targetsize-256.png' (2,725)
2026-10-03 05:54:17: Copy Over 'C:/rock/bannister/Bannister/obj/Debug/net8.0-windows10.0.19041.0/resizetizer/r/appiconLogo.targetsize-32.png' -> 'goodrive://www.googleapis.com/:personal:/bannister/bannister/obj/Debug/net8.0-windows10.0.19041.0/resizetizer/r/appiconLogo.targetsize-32.png' (497)
2026-10-03 05:54:18: Copy Over 'C:/rock/bannister/Bannister/obj/Debug/net8.0-windows10.0.19041.0/resizetizer/r/appiconMediumTile.scale-100.png' -> 'goodrive://www.googleapis.com/:personal:/bannister/bannister/obj/Debug/net8.0-windows10.0.19041.0/resizetizer/r/appiconMediumTile.scale-100.png' (1,831)
2026-10-03 05:54:18: Copy Over 'C:/rock/bannister/Bannister/obj/Debug/net8.0-windows10.0.19041.0/resizetizer/r/appiconLogo.targetsize-48.png' -> 'goodrive://www.googleapis.com/:personal:/bannister/bannister/obj/Debug/net8.0-windows10.0.19041.0/resizetizer/r/appiconLogo.targetsize-48.png' (868)
2026-10-03 05:54:20: Copy Over 'C:/rock/bannister/Bannister/obj/Debug/net8.0-windows10.0.19041.0/resizetizer/r/appiconMediumTile.scale-125.png' -> 'goodrive://www.googleapis.com/:personal:/bannister/bannister/obj/Debug/net8.0-windows10.0.19041.0/resizetizer/r/appiconMediumTile.scale-125.png' (2,622)
2026-10-03 05:54:21: Copy Over 'C:/rock/bannister/Bannister/obj/Debug/net8.0-windows10.0.19041.0/resizetizer/r/appiconMediumTile.scale-200.png' -> 'goodrive://www.googleapis.com/:personal:/bannister/bannister/obj/Debug/net8.0-windows10.0.19041.0/resizetizer/r/appiconMediumTile.scale-200.png' (3,540)
2026-10-03 05:54:21: Copy Over 'C:/rock/bannister/Bannister/obj/Debug/net8.0-windows10.0.19041.0/resizetizer/r/appiconMediumTile.scale-150.png' -> 'goodrive://www.googleapis.com/:personal:/bannister/bannister/obj/Debug/net8.0-windows10.0.19041.0/resizetizer/r/appiconMediumTile.scale-150.png' (3,406)
2026-10-03 05:54:23: Copy Over 'C:/rock/bannister/Bannister/obj/Debug/net8.0-windows10.0.19041.0/resizetizer/r/appiconMediumTile.scale-400.png' -> 'goodrive://www.googleapis.com/:personal:/bannister/bannister/obj/Debug/net8.0-windows10.0.19041.0/resizetizer/r/appiconMediumTile.scale-400.png' (6,356)
2026-10-03 05:54:24: Copy Over 'C:/rock/bannister/Bannister/obj/Debug/net8.0-windows10.0.19041.0/resizetizer/r/appiconSmallTile.scale-100.png' -> 'goodrive://www.googleapis.com/:personal:/bannister/bannister/obj/Debug/net8.0-windows10.0.19041.0/resizetizer/r/appiconSmallTile.scale-100.png' (1,089)
2026-10-03 05:54:24: Copy Over 'C:/rock/bannister/Bannister/obj/Debug/net8.0-windows10.0.19041.0/resizetizer/r/appiconSmallTile.scale-125.png' -> 'goodrive://www.googleapis.com/:personal:/bannister/bannister/obj/Debug/net8.0-windows10.0.19041.0/resizetizer/r/appiconSmallTile.scale-125.png' (1,411)
2026-10-03 05:54:27: Copy Over 'C:/rock/bannister/Bannister/obj/Debug/net8.0-windows10.0.19041.0/resizetizer/r/appiconSmallTile.scale-150.png' -> 'goodrive://www.googleapis.com/:personal:/bannister/bannister/obj/Debug/net8.0-windows10.0.19041.0/resizetizer/r/appiconSmallTile.scale-150.png' (1,798)
2026-10-03 05:54:27: Copy Over 'C:/rock/bannister/Bannister/obj/Debug/net8.0-windows10.0.19041.0/resizetizer/r/appiconSmallTile.scale-200.png' -> 'goodrive://www.googleapis.com/:personal:/bannister/bannister/obj/Debug/net8.0-windows10.0.19041.0/resizetizer/r/appiconSmallTile.scale-200.png' (1,791)
2026-10-03 05:54:27: Copy Over 'C:/rock/bannister/Bannister/obj/Debug/net8.0-windows10.0.19041.0/resizetizer/r/appiconSmallTile.scale-400.png' -> 'goodrive://www.googleapis.com/:personal:/bannister/bannister/obj/Debug/net8.0-windows10.0.19041.0/resizetizer/r/appiconSmallTile.scale-400.png' (3,477)
2026-10-03 05:54:30: Copy Over 'C:/rock/bannister/Bannister/obj/Debug/net8.0-windows10.0.19041.0/resizetizer/r/appiconStoreLogo.scale-150.png' -> 'goodrive://www.googleapis.com/:personal:/bannister/bannister/obj/Debug/net8.0-windows10.0.19041.0/resizetizer/r/appiconStoreLogo.scale-150.png' (1,181)
2026-10-03 05:54:30: Copy Over 'C:/rock/bannister/Bannister/obj/Debug/net8.0-windows10.0.19041.0/resizetizer/r/appiconStoreLogo.scale-100.png' -> 'goodrive://www.googleapis.com/:personal:/bannister/bannister/obj/Debug/net8.0-windows10.0.19041.0/resizetizer/r/appiconStoreLogo.scale-100.png' (907)
2026-10-03 05:54:30: Copy Over 'C:/rock/bannister/Bannister/obj/Debug/net8.0-windows10.0.19041.0/resizetizer/r/appiconStoreLogo.scale-125.png' -> 'goodrive://www.googleapis.com/:personal:/bannister/bannister/obj/Debug/net8.0-windows10.0.19041.0/resizetizer/r/appiconStoreLogo.scale-125.png' (932)
2026-10-03 05:54:32: Copy Over 'C:/rock/bannister/Bannister/obj/Debug/net8.0-windows10.0.19041.0/resizetizer/r/appiconStoreLogo.scale-400.png' -> 'goodrive://www.googleapis.com/:personal:/bannister/bannister/obj/Debug/net8.0-windows10.0.19041.0/resizetizer/r/appiconStoreLogo.scale-400.png' (2,807)
2026-10-03 05:54:33: Copy Over 'C:/rock/bannister/Bannister/obj/Debug/net8.0-windows10.0.19041.0/resizetizer/r/appiconStoreLogo.scale-200.png' -> 'goodrive://www.googleapis.com/:personal:/bannister/bannister/obj/Debug/net8.0-windows10.0.19041.0/resizetizer/r/appiconStoreLogo.scale-200.png' (1,640)
2026-10-03 05:54:33: Copy Over 'C:/rock/bannister/Bannister/obj/Debug/net8.0-windows10.0.19041.0/resizetizer/r/appiconWideTile.scale-100.png' -> 'goodrive://www.googleapis.com/:personal:/bannister/bannister/obj/Debug/net8.0-windows10.0.19041.0/resizetizer/r/appiconWideTile.scale-100.png' (1,971)
2026-10-03 05:54:35: Copy Over 'C:/rock/bannister/Bannister/obj/Debug/net8.0-windows10.0.19041.0/resizetizer/r/appiconWideTile.scale-125.png' -> 'goodrive://www.googleapis.com/:personal:/bannister/bannister/obj/Debug/net8.0-windows10.0.19041.0/resizetizer/r/appiconWideTile.scale-125.png' (2,799)
2026-10-03 05:54:36: Copy Over 'C:/rock/bannister/Bannister/obj/Debug/net8.0-windows10.0.19041.0/resizetizer/r/appiconWideTile.scale-200.png' -> 'goodrive://www.googleapis.com/:personal:/bannister/bannister/obj/Debug/net8.0-windows10.0.19041.0/resizetizer/r/appiconWideTile.scale-200.png' (4,009)
2026-10-03 05:54:36: > Copy Over 'C:/rock/bannister/Bannister/obj/Debug/net8.0-windows10.0.19041.0/resizetizer/r/diet_dragon_default.scale-100.png' -> 'goodrive://www.googleapis.com/:personal:/bannister/bannister/obj/Debug/net8.0-windows10.0.19041.0/resizetizer/r/diet_dragon_default.scale-100.png' (2,589,257)
2026-10-03 05:54:36: Copy Over 'C:/rock/bannister/Bannister/obj/Debug/net8.0-windows10.0.19041.0/resizetizer/r/appiconWideTile.scale-150.png' -> 'goodrive://www.googleapis.com/:personal:/bannister/bannister/obj/Debug/net8.0-windows10.0.19041.0/resizetizer/r/appiconWideTile.scale-150.png' (3,779)
2026-10-03 05:54:36: > Copy Over 'C:/rock/bannister/Bannister/obj/Debug/net8.0-windows10.0.19041.0/resizetizer/r/dragon_1.scale-100.png' -> 'goodrive://www.googleapis.com/:personal:/bannister/bannister/obj/Debug/net8.0-windows10.0.19041.0/resizetizer/r/dragon_1.scale-100.png' (2,723,378)
2026-10-03 05:54:39: Copy Over 'C:/rock/bannister/Bannister/obj/Debug/net8.0-windows10.0.19041.0/resizetizer/r/appiconWideTile.scale-400.png' -> 'goodrive://www.googleapis.com/:personal:/bannister/bannister/obj/Debug/net8.0-windows10.0.19041.0/resizetizer/r/appiconWideTile.scale-400.png' (8,061)
2026-10-03 05:54:39: < Copy Over 'C:/rock/bannister/Bannister/obj/Debug/net8.0-windows10.0.19041.0/resizetizer/r/dragon_1.scale-100.png' -> 'goodrive://www.googleapis.com/:personal:/bannister/bannister/obj/Debug/net8.0-windows10.0.19041.0/resizetizer/r/dragon_1.scale-100.png' (2,723,378)
2026-10-03 05:54:40: < Copy Over 'C:/rock/bannister/Bannister/obj/Debug/net8.0-windows10.0.19041.0/resizetizer/r/diet_dragon_default.scale-100.png' -> 'goodrive://www.googleapis.com/:personal:/bannister/bannister/obj/Debug/net8.0-windows10.0.19041.0/resizetizer/r/diet_dragon_default.scale-100.png' (2,589,257)
2026-10-03 05:54:40: > Copy Over 'C:/rock/bannister/Bannister/obj/Debug/net8.0-windows10.0.19041.0/resizetizer/r/dragon_12.scale-100.png' -> 'goodrive://www.googleapis.com/:personal:/bannister/bannister/obj/Debug/net8.0-windows10.0.19041.0/resizetizer/r/dragon_12.scale-100.png' (2,653,474)
2026-10-03 05:54:42: Copy Over 'C:/rock/bannister/Bannister/obj/Debug/net8.0-windows10.0.19041.0/resizetizer/r/dragon_10.scale-100.jpg' -> 'goodrive://www.googleapis.com/:personal:/bannister/bannister/obj/Debug/net8.0-windows10.0.19041.0/resizetizer/r/dragon_10.scale-100.jpg' (237,270)
2026-10-03 05:54:42: Copy Over 'C:/rock/bannister/Bannister/obj/Debug/net8.0-windows10.0.19041.0/resizetizer/r/dragon_11.scale-100.jpg' -> 'goodrive://www.googleapis.com/:personal:/bannister/bannister/obj/Debug/net8.0-windows10.0.19041.0/resizetizer/r/dragon_11.scale-100.jpg' (198,159)
2026-10-03 05:54:43: < Copy Over 'C:/rock/bannister/Bannister/obj/Debug/net8.0-windows10.0.19041.0/resizetizer/r/dragon_12.scale-100.png' -> 'goodrive://www.googleapis.com/:personal:/bannister/bannister/obj/Debug/net8.0-windows10.0.19041.0/resizetizer/r/dragon_12.scale-100.png' (2,653,474)
2026-10-03 05:54:46: Copy Over 'C:/rock/bannister/Bannister/obj/Debug/net8.0-windows10.0.19041.0/resizetizer/r/dragon_13.scale-100.jpg' -> 'goodrive://www.googleapis.com/:personal:/bannister/bannister/obj/Debug/net8.0-windows10.0.19041.0/resizetizer/r/dragon_13.scale-100.jpg' (197,912)
2026-10-03 05:54:46: > Copy Over 'C:/rock/bannister/Bannister/obj/Debug/net8.0-windows10.0.19041.0/resizetizer/r/dragon_16.scale-100.png' -> 'goodrive://www.googleapis.com/:personal:/bannister/bannister/obj/Debug/net8.0-windows10.0.19041.0/resizetizer/r/dragon_16.scale-100.png' (2,910,952)
2026-10-03 05:54:46: Copy Over 'C:/rock/bannister/Bannister/obj/Debug/net8.0-windows10.0.19041.0/resizetizer/r/dragon_14.scale-100.jpg' -> 'goodrive://www.googleapis.com/:personal:/bannister/bannister/obj/Debug/net8.0-windows10.0.19041.0/resizetizer/r/dragon_14.scale-100.jpg' (246,495)
2026-10-03 05:54:46: > Copy Over 'C:/rock/bannister/Bannister/obj/Debug/net8.0-windows10.0.19041.0/resizetizer/r/dragon_2.scale-100.png' -> 'goodrive://www.googleapis.com/:personal:/bannister/bannister/obj/Debug/net8.0-windows10.0.19041.0/resizetizer/r/dragon_2.scale-100.png' (3,082,565)
2026-10-03 05:54:47: Copy Over 'C:/rock/bannister/Bannister/obj/Debug/net8.0-windows10.0.19041.0/resizetizer/r/dragon_15.scale-100.jpg' -> 'goodrive://www.googleapis.com/:personal:/bannister/bannister/obj/Debug/net8.0-windows10.0.19041.0/resizetizer/r/dragon_15.scale-100.jpg' (182,901)
2026-10-03 05:54:47: > Copy Over 'C:/rock/bannister/Bannister/obj/Debug/net8.0-windows10.0.19041.0/resizetizer/r/dragon_3.scale-100.png' -> 'goodrive://www.googleapis.com/:personal:/bannister/bannister/obj/Debug/net8.0-windows10.0.19041.0/resizetizer/r/dragon_3.scale-100.png' (2,448,473)
2026-10-03 05:54:49: < Copy Over 'C:/rock/bannister/Bannister/obj/Debug/net8.0-windows10.0.19041.0/resizetizer/r/dragon_16.scale-100.png' -> 'goodrive://www.googleapis.com/:personal:/bannister/bannister/obj/Debug/net8.0-windows10.0.19041.0/resizetizer/r/dragon_16.scale-100.png' (2,910,952)
2026-10-03 05:54:49: > Copy Over 'C:/rock/bannister/Bannister/obj/Debug/net8.0-windows10.0.19041.0/resizetizer/r/dragon_4.scale-100.png' -> 'goodrive://www.googleapis.com/:personal:/bannister/bannister/obj/Debug/net8.0-windows10.0.19041.0/resizetizer/r/dragon_4.scale-100.png' (2,691,012)
2026-10-03 05:54:50: < Copy Over 'C:/rock/bannister/Bannister/obj/Debug/net8.0-windows10.0.19041.0/resizetizer/r/dragon_2.scale-100.png' -> 'goodrive://www.googleapis.com/:personal:/bannister/bannister/obj/Debug/net8.0-windows10.0.19041.0/resizetizer/r/dragon_2.scale-100.png' (3,082,565)
2026-10-03 05:54:50: > Copy Over 'C:/rock/bannister/Bannister/obj/Debug/net8.0-windows10.0.19041.0/resizetizer/r/dragon_5.scale-100.png' -> 'goodrive://www.googleapis.com/:personal:/bannister/bannister/obj/Debug/net8.0-windows10.0.19041.0/resizetizer/r/dragon_5.scale-100.png' (2,910,815)
2026-10-03 05:54:51: < Copy Over 'C:/rock/bannister/Bannister/obj/Debug/net8.0-windows10.0.19041.0/resizetizer/r/dragon_3.scale-100.png' -> 'goodrive://www.googleapis.com/:personal:/bannister/bannister/obj/Debug/net8.0-windows10.0.19041.0/resizetizer/r/dragon_3.scale-100.png' (2,448,473)
2026-10-03 05:54:51: > Copy Over 'C:/rock/bannister/Bannister/obj/Debug/net8.0-windows10.0.19041.0/resizetizer/r/dragon_6.scale-100.png' -> 'goodrive://www.googleapis.com/:personal:/bannister/bannister/obj/Debug/net8.0-windows10.0.19041.0/resizetizer/r/dragon_6.scale-100.png' (1,845,530)
2026-10-03 05:54:53: < Copy Over 'C:/rock/bannister/Bannister/obj/Debug/net8.0-windows10.0.19041.0/resizetizer/r/dragon_4.scale-100.png' -> 'goodrive://www.googleapis.com/:personal:/bannister/bannister/obj/Debug/net8.0-windows10.0.19041.0/resizetizer/r/dragon_4.scale-100.png' (2,691,012)
2026-10-03 05:54:54: > Copy Over 'C:/rock/bannister/Bannister/obj/Debug/net8.0-windows10.0.19041.0/resizetizer/r/dragon_7.scale-100.png' -> 'goodrive://www.googleapis.com/:personal:/bannister/bannister/obj/Debug/net8.0-windows10.0.19041.0/resizetizer/r/dragon_7.scale-100.png' (2,463,058)
2026-10-03 05:54:54: < Copy Over 'C:/rock/bannister/Bannister/obj/Debug/net8.0-windows10.0.19041.0/resizetizer/r/dragon_5.scale-100.png' -> 'goodrive://www.googleapis.com/:personal:/bannister/bannister/obj/Debug/net8.0-windows10.0.19041.0/resizetizer/r/dragon_5.scale-100.png' (2,910,815)
2026-10-03 05:54:54: > Copy Over 'C:/rock/bannister/Bannister/obj/Debug/net8.0-windows10.0.19041.0/resizetizer/r/dragon_8.scale-100.png' -> 'goodrive://www.googleapis.com/:personal:/bannister/bannister/obj/Debug/net8.0-windows10.0.19041.0/resizetizer/r/dragon_8.scale-100.png' (2,565,066)
2026-10-03 05:54:54: < Copy Over 'C:/rock/bannister/Bannister/obj/Debug/net8.0-windows10.0.19041.0/resizetizer/r/dragon_6.scale-100.png' -> 'goodrive://www.googleapis.com/:personal:/bannister/bannister/obj/Debug/net8.0-windows10.0.19041.0/resizetizer/r/dragon_6.scale-100.png' (1,845,530)
2026-10-03 05:54:57: < Copy Over 'C:/rock/bannister/Bannister/obj/Debug/net8.0-windows10.0.19041.0/resizetizer/r/dragon_7.scale-100.png' -> 'goodrive://www.googleapis.com/:personal:/bannister/bannister/obj/Debug/net8.0-windows10.0.19041.0/resizetizer/r/dragon_7.scale-100.png' (2,463,058)
2026-10-03 05:54:57: > Copy Over 'C:/rock/bannister/Bannister/obj/Debug/net8.0-windows10.0.19041.0/resizetizer/r/dragon_slayer_1.scale-100.png' -> 'goodrive://www.googleapis.com/:personal:/bannister/bannister/obj/Debug/net8.0-windows10.0.19041.0/resizetizer/r/dragon_slayer_1.scale-100.png' (2,365,142)
2026-10-03 05:54:58: Copy Over 'C:/rock/bannister/Bannister/obj/Debug/net8.0-windows10.0.19041.0/resizetizer/r/dragon_9.scale-100.jpg' -> 'goodrive://www.googleapis.com/:personal:/bannister/bannister/obj/Debug/net8.0-windows10.0.19041.0/resizetizer/r/dragon_9.scale-100.jpg' (149,465)
2026-10-03 05:54:58: < Copy Over 'C:/rock/bannister/Bannister/obj/Debug/net8.0-windows10.0.19041.0/resizetizer/r/dragon_8.scale-100.png' -> 'goodrive://www.googleapis.com/:personal:/bannister/bannister/obj/Debug/net8.0-windows10.0.19041.0/resizetizer/r/dragon_8.scale-100.png' (2,565,066)
2026-10-03 05:55:01: Copy New 'C:/rock/bannister/Bannister/obj/Debug/net8.0-windows10.0.19041.0/resizetizer/r/scold_default.scale-100.png' -> 'goodrive://www.googleapis.com/:personal:/bannister/bannister/obj/Debug/net8.0-windows10.0.19041.0/resizetizer/r/scold_default.scale-100.png' (1,031,081)
2026-10-03 05:55:01: Copy Over 'C:/rock/bannister/Bannister/obj/Debug/net8.0-windows10.0.19041.0/unfiltered.layout.resfiles' -> 'goodrive://www.googleapis.com/:personal:/bannister/bannister/obj/Debug/net8.0-windows10.0.19041.0/unfiltered.layout.resfiles' (2,329)
2026-10-03 05:55:01: < Copy Over 'C:/rock/bannister/Bannister/obj/Debug/net8.0-windows10.0.19041.0/resizetizer/r/dragon_slayer_1.scale-100.png' -> 'goodrive://www.googleapis.com/:personal:/bannister/bannister/obj/Debug/net8.0-windows10.0.19041.0/resizetizer/r/dragon_slayer_1.scale-100.png' (2,365,142)
2026-10-03 05:55:03: Copy Over 'C:/rock/bannister/Bannister/obj/Debug/net8.0-windows10.0.19041.0/unfiltered.layout.resfiles.intermediate' -> 'goodrive://www.googleapis.com/:personal:/bannister/bannister/obj/Debug/net8.0-windows10.0.19041.0/unfiltered.layout.resfiles.intermediate' (2,329)
2026-10-03 05:55:04: Copy Over 'C:/rock/bannister/Bannister/obj/Debug/net8.0-windows10.0.19041.0/XamlC.stamp' -> 'goodrive://www.googleapis.com/:personal:/bannister/bannister/obj/Debug/net8.0-windows10.0.19041.0/XamlC.stamp' (0)
2026-10-03 05:55:04: Copy Over 'C:/rock/bannister/Bannister/obj/Debug/net8.0-windows10.0.19041.0/XamlSaveStateFile.xml' -> 'goodrive://www.googleapis.com/:personal:/bannister/bannister/obj/Debug/net8.0-windows10.0.19041.0/XamlSaveStateFile.xml' (826)
2026-10-03 05:55:07: Copy Over 'C:/rock/bannister/Bannister/obj/Debug/net8.0-android/android-arm/Bannister.assets.cache' -> 'goodrive://www.googleapis.com/:personal:/bannister/bannister/obj/Debug/net8.0-android/android-arm/Bannister.assets.cache' (101,435)
2026-10-03 05:55:07: Copy Over 'C:/rock/bannister/Bannister/obj/Debug/net8.0-android/android-arm64/Bannister.assets.cache' -> 'goodrive://www.googleapis.com/:personal:/bannister/bannister/obj/Debug/net8.0-android/android-arm64/Bannister.assets.cache' (101,439)
2026-10-03 05:55:08: Copy Over 'C:/rock/bannister/Bannister/obj/Debug/net8.0-android/android-x64/Bannister.assets.cache' -> 'goodrive://www.googleapis.com/:personal:/bannister/bannister/obj/Debug/net8.0-android/android-x64/Bannister.assets.cache' (101,435)
2026-10-03 05:55:11: Copy Over 'C:/rock/bannister/Bannister/obj/Debug/net8.0-android/android-x86/Bannister.assets.cache' -> 'goodrive://www.googleapis.com/:personal:/bannister/bannister/obj/Debug/net8.0-android/android-x86/Bannister.assets.cache' (101,435)
2026-10-03 05:55:11: > Copy Over 'C:/rock/bannister/Bannister/obj/Debug/net8.0-android/app_shared_libraries/arm64-v8a/libxamarin-app.so' -> 'goodrive://www.googleapis.com/:personal:/bannister/bannister/obj/Debug/net8.0-android/app_shared_libraries/arm64-v8a/libxamarin-app.so' (3,240,856)
2026-10-03 05:55:11: Copy Over 'C:/rock/bannister/Bannister/obj/Debug/net8.0-android/android_debug_keystore.flag' -> 'goodrive://www.googleapis.com/:personal:/bannister/bannister/obj/Debug/net8.0-android/android_debug_keystore.flag' (0)
2026-10-03 05:55:12: Copy Over 'C:/rock/bannister/Bannister/obj/Debug/net8.0-android/assets/AboutAssets.txt' -> 'goodrive://www.googleapis.com/:personal:/bannister/bannister/obj/Debug/net8.0-android/assets/AboutAssets.txt' (642)
2026-10-03 05:55:14: Copy Over 'C:/rock/bannister/Bannister/obj/Debug/net8.0-android/assets/OpenSans-Regular.ttf' -> 'goodrive://www.googleapis.com/:personal:/bannister/bannister/obj/Debug/net8.0-android/assets/OpenSans-Regular.ttf' (107,276)
2026-10-03 05:55:14: > Copy Over 'C:/rock/bannister/Bannister/obj/Debug/net8.0-android/app_shared_libraries/armeabi-v7a/libxamarin-app.so' -> 'goodrive://www.googleapis.com/:personal:/bannister/bannister/obj/Debug/net8.0-android/app_shared_libraries/armeabi-v7a/libxamarin-app.so' (2,141,372)
2026-10-03 05:55:14: < Copy Over 'C:/rock/bannister/Bannister/obj/Debug/net8.0-android/app_shared_libraries/arm64-v8a/libxamarin-app.so' -> 'goodrive://www.googleapis.com/:personal:/bannister/bannister/obj/Debug/net8.0-android/app_shared_libraries/arm64-v8a/libxamarin-app.so' (3,240,856)
2026-10-03 05:55:14: > Copy Over 'C:/rock/bannister/Bannister/obj/Debug/net8.0-android/app_shared_libraries/x86/libxamarin-app.so' -> 'goodrive://www.googleapis.com/:personal:/bannister/bannister/obj/Debug/net8.0-android/app_shared_libraries/x86/libxamarin-app.so' (2,140,920)
2026-10-03 05:55:16: Copy Over 'C:/rock/bannister/Bannister/obj/Debug/net8.0-android/assets/OpenSans-Semibold.ttf' -> 'goodrive://www.googleapis.com/:personal:/bannister/bannister/obj/Debug/net8.0-android/assets/OpenSans-Semibold.ttf' (111,184)
2026-10-03 05:55:18: < Copy Over 'C:/rock/bannister/Bannister/obj/Debug/net8.0-android/app_shared_libraries/armeabi-v7a/libxamarin-app.so' -> 'goodrive://www.googleapis.com/:personal:/bannister/bannister/obj/Debug/net8.0-android/app_shared_libraries/armeabi-v7a/libxamarin-app.so' (2,141,372)
2026-10-03 05:55:18: > Copy Over 'C:/rock/bannister/Bannister/obj/Debug/net8.0-android/app_shared_libraries/x86_64/libxamarin-app.so' -> 'goodrive://www.googleapis.com/:personal:/bannister/bannister/obj/Debug/net8.0-android/app_shared_libraries/x86_64/libxamarin-app.so' (3,429,200)
2026-10-03 05:55:18: < Copy Over 'C:/rock/bannister/Bannister/obj/Debug/net8.0-android/app_shared_libraries/x86/libxamarin-app.so' -> 'goodrive://www.googleapis.com/:personal:/bannister/bannister/obj/Debug/net8.0-android/app_shared_libraries/x86/libxamarin-app.so' (2,140,920)
2026-10-03 05:55:19: Copy Over 'C:/rock/bannister/Bannister/obj/Debug/net8.0-android/Bannister.AssemblyInfo.cs' -> 'goodrive://www.googleapis.com/:personal:/bannister/bannister/obj/Debug/net8.0-android/Bannister.AssemblyInfo.cs' (1,160)
2026-10-03 05:55:22: Copy Over 'C:/rock/bannister/Bannister/obj/Debug/net8.0-android/Bannister.AssemblyInfoInputs.cache' -> 'goodrive://www.googleapis.com/:personal:/bannister/bannister/obj/Debug/net8.0-android/Bannister.AssemblyInfoInputs.cache' (66)
2026-10-03 05:55:22: < Copy Over 'C:/rock/bannister/Bannister/obj/Debug/net8.0-android/app_shared_libraries/x86_64/libxamarin-app.so' -> 'goodrive://www.googleapis.com/:personal:/bannister/bannister/obj/Debug/net8.0-android/app_shared_libraries/x86_64/libxamarin-app.so' (3,429,200)
2026-10-03 05:55:22: > Copy Over 'C:/rock/bannister/Bannister/obj/Debug/net8.0-android/Bannister.dll' -> 'goodrive://www.googleapis.com/:personal:/bannister/bannister/obj/Debug/net8.0-android/Bannister.dll' (8,259,584)
2026-10-03 05:55:22: Copy Over 'C:/rock/bannister/Bannister/obj/Debug/net8.0-android/Bannister.assets.cache' -> 'goodrive://www.googleapis.com/:personal:/bannister/bannister/obj/Debug/net8.0-android/Bannister.assets.cache' (102,481)
2026-10-03 05:55:22: > Copy Over 'C:/rock/bannister/Bannister/obj/Debug/net8.0-android/Bannister.pdb' -> 'goodrive://www.googleapis.com/:personal:/bannister/bannister/obj/Debug/net8.0-android/Bannister.pdb' (1,769,028)
2026-10-03 05:55:26: Copy Over 'C:/rock/bannister/Bannister/obj/Debug/net8.0-android/Bannister.csproj.CoreCompileInputs.cache' -> 'goodrive://www.googleapis.com/:personal:/bannister/bannister/obj/Debug/net8.0-android/Bannister.csproj.CoreCompileInputs.cache' (66)
2026-10-03 05:55:26: < Copy Over 'C:/rock/bannister/Bannister/obj/Debug/net8.0-android/Bannister.pdb' -> 'goodrive://www.googleapis.com/:personal:/bannister/bannister/obj/Debug/net8.0-android/Bannister.pdb' (1,769,028)
2026-10-03 05:55:27: < Copy Over 'C:/rock/bannister/Bannister/obj/Debug/net8.0-android/Bannister.dll' -> 'goodrive://www.googleapis.com/:personal:/bannister/bannister/obj/Debug/net8.0-android/Bannister.dll' (8,259,584)
2026-10-03 05:55:29: Copy Over 'C:/rock/bannister/Bannister/obj/Debug/net8.0-android/Bannister.sourcelink.json' -> 'goodrive://www.googleapis.com/:personal:/bannister/bannister/obj/Debug/net8.0-android/Bannister.sourcelink.json' (141)
2026-10-03 05:55:29: Copy Over 'C:/rock/bannister/Bannister/obj/Debug/net8.0-android/Bannister.runtimeconfig.json.bin' -> 'goodrive://www.googleapis.com/:personal:/bannister/bannister/obj/Debug/net8.0-android/Bannister.runtimeconfig.json.bin' (953)
2026-10-03 05:55:30: Copy Over 'C:/rock/bannister/Bannister/obj/Debug/net8.0-android/buildid.txt' -> 'goodrive://www.googleapis.com/:personal:/bannister/bannister/obj/Debug/net8.0-android/buildid.txt' (38)
2026-10-03 05:55:32: Copy Over 'C:/rock/bannister/Bannister/obj/Debug/net8.0-android/flat/values_colors.arsc.flat' -> 'goodrive://www.googleapis.com/:personal:/bannister/bannister/obj/Debug/net8.0-android/flat/values_colors.arsc.flat' (348)
2026-10-03 05:55:32: Copy Over 'C:/rock/bannister/Bannister/obj/Debug/net8.0-android/lp/100/jl/flat/100.flata' -> 'goodrive://www.googleapis.com/:personal:/bannister/bannister/obj/Debug/net8.0-android/lp/100/jl/flat/100.flata' (256)
2026-10-03 05:55:34: Copy Over 'C:/rock/bannister/Bannister/obj/Debug/net8.0-android/lp/101/jl/flat/101.flata' -> 'goodrive://www.googleapis.com/:personal:/bannister/bannister/obj/Debug/net8.0-android/lp/101/jl/flat/101.flata' (352)
2026-10-03 05:55:35: Copy Over 'C:/rock/bannister/Bannister/obj/Debug/net8.0-android/lp/103/jl/flat/103.flata' -> 'goodrive://www.googleapis.com/:personal:/bannister/bannister/obj/Debug/net8.0-android/lp/103/jl/flat/103.flata' (256)
2026-10-03 05:55:36: Copy Over 'C:/rock/bannister/Bannister/obj/Debug/net8.0-android/lp/104/jl/flat/104.flata' -> 'goodrive://www.googleapis.com/:personal:/bannister/bannister/obj/Debug/net8.0-android/lp/104/jl/flat/104.flata' (178,876)
2026-10-03 05:55:38: Copy Over 'C:/rock/bannister/Bannister/obj/Debug/net8.0-android/lp/107/jl/flat/107.flata' -> 'goodrive://www.googleapis.com/:personal:/bannister/bannister/obj/Debug/net8.0-android/lp/107/jl/flat/107.flata' (364)
2026-10-03 05:55:39: Copy Over 'C:/rock/bannister/Bannister/obj/Debug/net8.0-android/lp/108/jl/flat/108.flata' -> 'goodrive://www.googleapis.com/:personal:/bannister/bannister/obj/Debug/net8.0-android/lp/108/jl/flat/108.flata' (256)
2026-10-03 05:55:40: Copy Over 'C:/rock/bannister/Bannister/obj/Debug/net8.0-android/lp/109/jl/flat/109.flata' -> 'goodrive://www.googleapis.com/:personal:/bannister/bannister/obj/Debug/net8.0-android/lp/109/jl/flat/109.flata' (416)
2026-10-03 05:55:41: Copy Over 'C:/rock/bannister/Bannister/obj/Debug/net8.0-android/lp/110/jl/flat/110.flata' -> 'goodrive://www.googleapis.com/:personal:/bannister/bannister/obj/Debug/net8.0-android/lp/110/jl/flat/110.flata' (1,984)
2026-10-03 05:55:42: Copy Over 'C:/rock/bannister/Bannister/obj/Debug/net8.0-android/lp/111/jl/flat/111.flata' -> 'goodrive://www.googleapis.com/:personal:/bannister/bannister/obj/Debug/net8.0-android/lp/111/jl/flat/111.flata' (360)
2026-10-03 05:55:43: Copy Over 'C:/rock/bannister/Bannister/obj/Debug/net8.0-android/lp/112/jl/flat/112.flata' -> 'goodrive://www.googleapis.com/:personal:/bannister/bannister/obj/Debug/net8.0-android/lp/112/jl/flat/112.flata' (256)
2026-10-03 05:55:44: Copy Over 'C:/rock/bannister/Bannister/obj/Debug/net8.0-android/lp/114/jl/flat/114.flata' -> 'goodrive://www.googleapis.com/:personal:/bannister/bannister/obj/Debug/net8.0-android/lp/114/jl/flat/114.flata' (256)
2026-10-03 05:55:45: Copy Over 'C:/rock/bannister/Bannister/obj/Debug/net8.0-android/lp/115/jl/flat/115.flata' -> 'goodrive://www.googleapis.com/:personal:/bannister/bannister/obj/Debug/net8.0-android/lp/115/jl/flat/115.flata' (408)
2026-10-03 05:55:47: Copy Over 'C:/rock/bannister/Bannister/obj/Debug/net8.0-android/lp/117/jl/flat/117.flata' -> 'goodrive://www.googleapis.com/:personal:/bannister/bannister/obj/Debug/net8.0-android/lp/117/jl/flat/117.flata' (376)
2026-10-03 05:55:47: Copy Over 'C:/rock/bannister/Bannister/obj/Debug/net8.0-android/lp/116/jl/flat/116.flata' -> 'goodrive://www.googleapis.com/:personal:/bannister/bannister/obj/Debug/net8.0-android/lp/116/jl/flat/116.flata' (11,094)
2026-10-03 05:55:49: Copy Over 'C:/rock/bannister/Bannister/obj/Debug/net8.0-android/lp/120/jl/flat/120.flata' -> 'goodrive://www.googleapis.com/:personal:/bannister/bannister/obj/Debug/net8.0-android/lp/120/jl/flat/120.flata' (780)
2026-10-03 05:55:50: Copy Over 'C:/rock/bannister/Bannister/obj/Debug/net8.0-android/lp/122/jl/flat/122.flata' -> 'goodrive://www.googleapis.com/:personal:/bannister/bannister/obj/Debug/net8.0-android/lp/122/jl/flat/122.flata' (256)
2026-10-03 05:55:50: Copy Over 'C:/rock/bannister/Bannister/obj/Debug/net8.0-android/lp/123/jl/flat/123.flata' -> 'goodrive://www.googleapis.com/:personal:/bannister/bannister/obj/Debug/net8.0-android/lp/123/jl/flat/123.flata' (256)
2026-10-03 05:55:53: Copy Over 'C:/rock/bannister/Bannister/obj/Debug/net8.0-android/lp/126/jl/flat/126.flata' -> 'goodrive://www.googleapis.com/:personal:/bannister/bannister/obj/Debug/net8.0-android/lp/126/jl/flat/126.flata' (256)
2026-10-03 05:55:53: Copy Over 'C:/rock/bannister/Bannister/obj/Debug/net8.0-android/lp/127/jl/flat/127.flata' -> 'goodrive://www.googleapis.com/:personal:/bannister/bannister/obj/Debug/net8.0-android/lp/127/jl/flat/127.flata' (256)
2026-10-03 05:55:54: Copy Over 'C:/rock/bannister/Bannister/obj/Debug/net8.0-android/lp/129/jl/flat/129.flata' -> 'goodrive://www.googleapis.com/:personal:/bannister/bannister/obj/Debug/net8.0-android/lp/129/jl/flat/129.flata' (564)
2026-10-03 05:55:56: Copy Over 'C:/rock/bannister/Bannister/obj/Debug/net8.0-android/lp/131/jl/flat/131.flata' -> 'goodrive://www.googleapis.com/:personal:/bannister/bannister/obj/Debug/net8.0-android/lp/131/jl/flat/131.flata' (6,976)
2026-10-03 05:55:56: Copy Over 'C:/rock/bannister/Bannister/obj/Debug/net8.0-android/lp/132/jl/flat/132.flata' -> 'goodrive://www.googleapis.com/:personal:/bannister/bannister/obj/Debug/net8.0-android/lp/132/jl/flat/132.flata' (2,082)
2026-10-03 05:55:58: Copy Over 'C:/rock/bannister/Bannister/obj/Debug/net8.0-android/lp/133/jl/flat/133.flata' -> 'goodrive://www.googleapis.com/:personal:/bannister/bannister/obj/Debug/net8.0-android/lp/133/jl/flat/133.flata' (765,520)
2026-10-03 05:55:58: > Copy Over 'C:/rock/bannister/Bannister/obj/Debug/net8.0-android/lp/136/jl/flat/136.flata' -> 'goodrive://www.googleapis.com/:personal:/bannister/bannister/obj/Debug/net8.0-android/lp/136/jl/flat/136.flata' (1,757,158)
2026-10-03 05:56:00: Copy Over 'C:/rock/bannister/Bannister/obj/Debug/net8.0-android/lp/134/jl/flat/134.flata' -> 'goodrive://www.googleapis.com/:personal:/bannister/bannister/obj/Debug/net8.0-android/lp/134/jl/flat/134.flata' (74,480)
2026-10-03 05:56:00: Copy Over 'C:/rock/bannister/Bannister/obj/Debug/net8.0-android/lp/135/jl/flat/135.flata' -> 'goodrive://www.googleapis.com/:personal:/bannister/bannister/obj/Debug/net8.0-android/lp/135/jl/flat/135.flata' (4,742)
2026-10-03 05:56:02: < Copy Over 'C:/rock/bannister/Bannister/obj/Debug/net8.0-android/lp/136/jl/flat/136.flata' -> 'goodrive://www.googleapis.com/:personal:/bannister/bannister/obj/Debug/net8.0-android/lp/136/jl/flat/136.flata' (1,757,158)
2026-10-03 05:56:03: Copy Over 'C:/rock/bannister/Bannister/obj/Debug/net8.0-android/lp/137/jl/flat/137.flata' -> 'goodrive://www.googleapis.com/:personal:/bannister/bannister/obj/Debug/net8.0-android/lp/137/jl/flat/137.flata' (256)
2026-10-03 05:56:03: Copy Over 'C:/rock/bannister/Bannister/obj/Debug/net8.0-android/lp/138/jl/flat/138.flata' -> 'goodrive://www.googleapis.com/:personal:/bannister/bannister/obj/Debug/net8.0-android/lp/138/jl/flat/138.flata' (4,032)
2026-10-03 05:56:05: Copy Over 'C:/rock/bannister/Bannister/obj/Debug/net8.0-android/lp/139/jl/flat/139.flata' -> 'goodrive://www.googleapis.com/:personal:/bannister/bannister/obj/Debug/net8.0-android/lp/139/jl/flat/139.flata' (656)
2026-10-03 05:56:07: Copy Over 'C:/rock/bannister/Bannister/obj/Debug/net8.0-android/lp/140/jl/flat/140.flata' -> 'goodrive://www.googleapis.com/:personal:/bannister/bannister/obj/Debug/net8.0-android/lp/140/jl/flat/140.flata' (256)
2026-10-03 05:56:07: Copy Over 'C:/rock/bannister/Bannister/obj/Debug/net8.0-android/lp/141/jl/flat/141.flata' -> 'goodrive://www.googleapis.com/:personal:/bannister/bannister/obj/Debug/net8.0-android/lp/141/jl/flat/141.flata' (256)
2026-10-03 05:56:09: Copy Over 'C:/rock/bannister/Bannister/obj/Debug/net8.0-android/lp/142/jl/flat/142.flata' -> 'goodrive://www.googleapis.com/:personal:/bannister/bannister/obj/Debug/net8.0-android/lp/142/jl/flat/142.flata' (256)
2026-10-03 05:56:10: Copy Over 'C:/rock/bannister/Bannister/obj/Debug/net8.0-android/lp/144/jl/flat/144.flata' -> 'goodrive://www.googleapis.com/:personal:/bannister/bannister/obj/Debug/net8.0-android/lp/144/jl/flat/144.flata' (256)
2026-10-03 05:56:11: Copy Over 'C:/rock/bannister/Bannister/obj/Debug/net8.0-android/lp/143/jl/flat/143.flata' -> 'goodrive://www.googleapis.com/:personal:/bannister/bannister/obj/Debug/net8.0-android/lp/143/jl/flat/143.flata' (256)
2026-10-03 05:56:13: Copy Over 'C:/rock/bannister/Bannister/obj/Debug/net8.0-android/lp/145/jl/flat/145.flata' -> 'goodrive://www.googleapis.com/:personal:/bannister/bannister/obj/Debug/net8.0-android/lp/145/jl/flat/145.flata' (2,212)
2026-10-03 05:56:14: Copy Over 'C:/rock/bannister/Bannister/obj/Debug/net8.0-android/lp/146/jl/flat/146.flata' -> 'goodrive://www.googleapis.com/:personal:/bannister/bannister/obj/Debug/net8.0-android/lp/146/jl/flat/146.flata' (256)
2026-10-03 05:56:14: Copy Over 'C:/rock/bannister/Bannister/obj/Debug/net8.0-android/lp/147/jl/flat/147.flata' -> 'goodrive://www.googleapis.com/:personal:/bannister/bannister/obj/Debug/net8.0-android/lp/147/jl/flat/147.flata' (1,036)
2026-10-03 05:56:17: Copy Over 'C:/rock/bannister/Bannister/obj/Debug/net8.0-android/lp/148/jl/flat/148.flata' -> 'goodrive://www.googleapis.com/:personal:/bannister/bannister/obj/Debug/net8.0-android/lp/148/jl/flat/148.flata' (47,854)
2026-10-03 05:56:17: Copy Over 'C:/rock/bannister/Bannister/obj/Debug/net8.0-android/lp/150/jl/flat/150.flata' -> 'goodrive://www.googleapis.com/:personal:/bannister/bannister/obj/Debug/net8.0-android/lp/150/jl/flat/150.flata' (256)
2026-10-03 05:56:17: Copy Over 'C:/rock/bannister/Bannister/obj/Debug/net8.0-android/lp/149/jl/flat/149.flata' -> 'goodrive://www.googleapis.com/:personal:/bannister/bannister/obj/Debug/net8.0-android/lp/149/jl/flat/149.flata' (256)
2026-10-03 05:56:20: Copy Over 'C:/rock/bannister/Bannister/obj/Debug/net8.0-android/lp/151/jl/flat/151.flata' -> 'goodrive://www.googleapis.com/:personal:/bannister/bannister/obj/Debug/net8.0-android/lp/151/jl/flat/151.flata' (864)
2026-10-03 05:56:20: Copy Over 'C:/rock/bannister/Bannister/obj/Debug/net8.0-android/lp/152/jl/flat/152.flata' -> 'goodrive://www.googleapis.com/:personal:/bannister/bannister/obj/Debug/net8.0-android/lp/152/jl/flat/152.flata' (256)
2026-10-03 05:56:21: Copy Over 'C:/rock/bannister/Bannister/obj/Debug/net8.0-android/lp/154/jl/flat/154.flata' -> 'goodrive://www.googleapis.com/:personal:/bannister/bannister/obj/Debug/net8.0-android/lp/154/jl/flat/154.flata' (64,320)
2026-10-03 05:56:23: Copy Over 'C:/rock/bannister/Bannister/obj/Debug/net8.0-android/lp/156/jl/flat/156.flata' -> 'goodrive://www.googleapis.com/:personal:/bannister/bannister/obj/Debug/net8.0-android/lp/156/jl/flat/156.flata' (356)
2026-10-03 05:56:23: Copy Over 'C:/rock/bannister/Bannister/obj/Debug/net8.0-android/lp/159/jl/flat/layout_tabbar.xml.flat' -> 'goodrive://www.googleapis.com/:personal:/bannister/bannister/obj/Debug/net8.0-android/lp/159/jl/flat/layout_tabbar.xml.flat' (928)
2026-10-03 05:56:25: Copy Over 'C:/rock/bannister/Bannister/obj/Debug/net8.0-android/lp/160/jl/flat/anim_enterfromleft.xml.flat' -> 'goodrive://www.googleapis.com/:personal:/bannister/bannister/obj/Debug/net8.0-android/lp/160/jl/flat/anim_enterfromleft.xml.flat' (704)
2026-10-03 05:56:26: Copy Over 'C:/rock/bannister/Bannister/obj/Debug/net8.0-android/lp/160/jl/flat/anim_enterfromright.xml.flat' -> 'goodrive://www.googleapis.com/:personal:/bannister/bannister/obj/Debug/net8.0-android/lp/160/jl/flat/anim_enterfromright.xml.flat' (508)
2026-10-03 05:56:27: Copy Over 'C:/rock/bannister/Bannister/obj/Debug/net8.0-android/lp/160/jl/flat/anim_exittoleft.xml.flat' -> 'goodrive://www.googleapis.com/:personal:/bannister/bannister/obj/Debug/net8.0-android/lp/160/jl/flat/anim_exittoleft.xml.flat' (700)
2026-10-03 05:56:29: Copy Over 'C:/rock/bannister/Bannister/obj/Debug/net8.0-android/lp/160/jl/flat/anim_exittoright.xml.flat' -> 'goodrive://www.googleapis.com/:personal:/bannister/bannister/obj/Debug/net8.0-android/lp/160/jl/flat/anim_exittoright.xml.flat' (500)
2026-10-03 05:56:30: Copy Over 'C:/rock/bannister/Bannister/obj/Debug/net8.0-android/lp/160/jl/flat/layout_flyoutcontent.xml.flat' -> 'goodrive://www.googleapis.com/:personal:/bannister/bannister/obj/Debug/net8.0-android/lp/160/jl/flat/layout_flyoutcontent.xml.flat' (1,100)
2026-10-03 05:56:30: Copy Over 'C:/rock/bannister/Bannister/obj/Debug/net8.0-android/lp/160/jl/flat/layout_shellcontent.xml.flat' -> 'goodrive://www.googleapis.com/:personal:/bannister/bannister/obj/Debug/net8.0-android/lp/160/jl/flat/layout_shellcontent.xml.flat' (892)
2026-10-03 05:56:32: Copy Over 'C:/rock/bannister/Bannister/obj/Debug/net8.0-android/lp/160/jl/flat/values_strings.arsc.flat' -> 'goodrive://www.googleapis.com/:personal:/bannister/bannister/obj/Debug/net8.0-android/lp/160/jl/flat/values_strings.arsc.flat' (276)
2026-10-03 05:56:33: Copy Over 'C:/rock/bannister/Bannister/obj/Debug/net8.0-android/lp/159/jl/flat/layout_toolbar.xml.flat' -> 'goodrive://www.googleapis.com/:personal:/bannister/bannister/obj/Debug/net8.0-android/lp/159/jl/flat/layout_toolbar.xml.flat' (768)
2026-10-03 05:56:34: Copy Over 'C:/rock/bannister/Bannister/obj/Debug/net8.0-android/lp/159/jl/flat/values_attrs.arsc.flat' -> 'goodrive://www.googleapis.com/:personal:/bannister/bannister/obj/Debug/net8.0-android/lp/159/jl/flat/values_attrs.arsc.flat' (856)
2026-10-03 05:56:35: Copy Over 'C:/rock/bannister/Bannister/obj/Debug/net8.0-android/lp/159/jl/flat/values_styles.arsc.flat' -> 'goodrive://www.googleapis.com/:personal:/bannister/bannister/obj/Debug/net8.0-android/lp/159/jl/flat/values_styles.arsc.flat' (1,236)
2026-10-03 05:56:37: Copy Over 'C:/rock/bannister/Bannister/obj/Debug/net8.0-android/lp/161/jl/flat/values_values.arsc.flat' -> 'goodrive://www.googleapis.com/:personal:/bannister/bannister/obj/Debug/net8.0-android/lp/161/jl/flat/values_values.arsc.flat' (268)
2026-10-03 05:56:38: Copy Over 'C:/rock/bannister/Bannister/obj/Debug/net8.0-android/lp/162/jl/flat/anim_nav_default_enter_anim.xml.flat' -> 'goodrive://www.googleapis.com/:personal:/bannister/bannister/obj/Debug/net8.0-android/lp/162/jl/flat/anim_nav_default_enter_anim.xml.flat' (728)
2026-10-03 05:56:38: Copy Over 'C:/rock/bannister/Bannister/obj/Debug/net8.0-android/lp/162/jl/flat/anim_nav_default_exit_anim.xml.flat' -> 'goodrive://www.googleapis.com/:personal:/bannister/bannister/obj/Debug/net8.0-android/lp/162/jl/flat/anim_nav_default_exit_anim.xml.flat' (724)
2026-10-03 05:56:41: Copy Over 'C:/rock/bannister/Bannister/obj/Debug/net8.0-android/lp/162/jl/flat/anim_nav_default_pop_enter_anim.xml.flat' -> 'goodrive://www.googleapis.com/:personal:/bannister/bannister/obj/Debug/net8.0-android/lp/162/jl/flat/anim_nav_default_pop_enter_anim.xml.flat' (736)
2026-10-03 05:56:41: Copy Over 'C:/rock/bannister/Bannister/obj/Debug/net8.0-android/lp/162/jl/flat/anim_nav_default_pop_exit_anim.xml.flat' -> 'goodrive://www.googleapis.com/:personal:/bannister/bannister/obj/Debug/net8.0-android/lp/162/jl/flat/anim_nav_default_pop_exit_anim.xml.flat' (732)
2026-10-03 05:56:41: Copy Over 'C:/rock/bannister/Bannister/obj/Debug/net8.0-android/lp/162/jl/flat/drawable_maui_splash.xml.flat' -> 'goodrive://www.googleapis.com/:personal:/bannister/bannister/obj/Debug/net8.0-android/lp/162/jl/flat/drawable_maui_splash.xml.flat' (564)
2026-10-03 05:56:44: Copy Over 'C:/rock/bannister/Bannister/obj/Debug/net8.0-android/lp/162/jl/flat/layout_drawer_layout.xml.flat' -> 'goodrive://www.googleapis.com/:personal:/bannister/bannister/obj/Debug/net8.0-android/lp/162/jl/flat/layout_drawer_layout.xml.flat' (468)
2026-10-03 05:56:44: Copy Over 'C:/rock/bannister/Bannister/obj/Debug/net8.0-android/lp/162/jl/flat/drawable_maui_splash_image.xml.flat' -> 'goodrive://www.googleapis.com/:personal:/bannister/bannister/obj/Debug/net8.0-android/lp/162/jl/flat/drawable_maui_splash_image.xml.flat' (188)
2026-10-03 05:56:45: Copy Over 'C:/rock/bannister/Bannister/obj/Debug/net8.0-android/lp/162/jl/flat/layout_fragment_backstack.xml.flat' -> 'goodrive://www.googleapis.com/:personal:/bannister/bannister/obj/Debug/net8.0-android/lp/162/jl/flat/layout_fragment_backstack.xml.flat' (824)
2026-10-03 05:56:47: Copy Over 'C:/rock/bannister/Bannister/obj/Debug/net8.0-android/lp/162/jl/flat/values_attr.arsc.flat' -> 'goodrive://www.googleapis.com/:personal:/bannister/bannister/obj/Debug/net8.0-android/lp/162/jl/flat/values_attr.arsc.flat' (1,040)
2026-10-03 05:56:47: Copy Over 'C:/rock/bannister/Bannister/obj/Debug/net8.0-android/lp/162/jl/flat/layout_navigationlayout.xml.flat' -> 'goodrive://www.googleapis.com/:personal:/bannister/bannister/obj/Debug/net8.0-android/lp/162/jl/flat/layout_navigationlayout.xml.flat' (2,232)
2026-10-03 05:56:48: Copy Over 'C:/rock/bannister/Bannister/obj/Debug/net8.0-android/lp/162/jl/flat/values_colors.arsc.flat' -> 'goodrive://www.googleapis.com/:personal:/bannister/bannister/obj/Debug/net8.0-android/lp/162/jl/flat/values_colors.arsc.flat' (484)
2026-10-03 05:56:51: Copy Over 'C:/rock/bannister/Bannister/obj/Debug/net8.0-android/lp/162/jl/flat/values_styles.arsc.flat' -> 'goodrive://www.googleapis.com/:personal:/bannister/bannister/obj/Debug/net8.0-android/lp/162/jl/flat/values_styles.arsc.flat' (4,332)
2026-10-03 05:56:51: Copy Over 'C:/rock/bannister/Bannister/obj/Debug/net8.0-android/lp/97/jl/flat/97.flata' -> 'goodrive://www.googleapis.com/:personal:/bannister/bannister/obj/Debug/net8.0-android/lp/97/jl/flat/97.flata' (256)
2026-10-03 05:56:51: Copy Over 'C:/rock/bannister/Bannister/obj/Debug/net8.0-android/lp/163/jl/flat/xml_microsoft_maui_essentials_fileprovider_file_paths.xml.flat' -> 'goodrive://www.googleapis.com/:personal:/bannister/bannister/obj/Debug/net8.0-android/lp/163/jl/flat/xml_microsoft_maui_essentials_fileprovider_file_paths.xml.flat' (424)
2026-10-03 05:56:54: Copy Over 'C:/rock/bannister/Bannister/obj/Debug/net8.0-android/lp/98/jl/flat/98.flata' -> 'goodrive://www.googleapis.com/:personal:/bannister/bannister/obj/Debug/net8.0-android/lp/98/jl/flat/98.flata' (364)
2026-10-03 05:56:55: Copy Over 'C:/rock/bannister/Bannister/obj/Debug/net8.0-android/lp/map.cache' -> 'goodrive://www.googleapis.com/:personal:/bannister/bannister/obj/Debug/net8.0-android/lp/map.cache' (6,351)
2026-10-03 05:56:55: Copy Over 'C:/rock/bannister/Bannister/obj/Debug/net8.0-android/lp/99/jl/flat/99.flata' -> 'goodrive://www.googleapis.com/:personal:/bannister/bannister/obj/Debug/net8.0-android/lp/99/jl/flat/99.flata' (256)
2026-10-03 05:56:59: Copy Over 'C:/rock/bannister/Bannister/obj/Debug/net8.0-android/stamp/_CompileJava.stamp' -> 'goodrive://www.googleapis.com/:personal:/bannister/bannister/obj/Debug/net8.0-android/stamp/_CompileJava.stamp' (0)
2026-10-03 05:56:59: Copy Over 'C:/rock/bannister/Bannister/obj/Debug/net8.0-android/resizetizer/flat/drawable-hdpi_splash.png.flat' -> 'goodrive://www.googleapis.com/:personal:/bannister/bannister/obj/Debug/net8.0-android/resizetizer/flat/drawable-hdpi_splash.png.flat' (1,588)
2026-10-03 05:57:00: Copy Over 'C:/rock/bannister/Bannister/obj/Debug/net8.0-android/R.cs.flag' -> 'goodrive://www.googleapis.com/:personal:/bannister/bannister/obj/Debug/net8.0-android/R.cs.flag' (0)
2026-10-03 05:57:02: Copy Over 'C:/rock/bannister/Bannister/obj/Debug/net8.0-android/resizetizer/flat/drawable-mdpi_splash.png.flat' -> 'goodrive://www.googleapis.com/:personal:/bannister/bannister/obj/Debug/net8.0-android/resizetizer/flat/drawable-mdpi_splash.png.flat' (1,004)
2026-10-03 05:57:02: Copy Over 'C:/rock/bannister/Bannister/obj/Debug/net8.0-android/resizetizer/flat/drawable-v31_maui_splash_image.xml.flat' -> 'goodrive://www.googleapis.com/:personal:/bannister/bannister/obj/Debug/net8.0-android/resizetizer/flat/drawable-v31_maui_splash_image.xml.flat' (672)
2026-10-03 05:57:03: Copy Over 'C:/rock/bannister/Bannister/obj/Debug/net8.0-android/resizetizer/flat/drawable-xhdpi_splash.png.flat' -> 'goodrive://www.googleapis.com/:personal:/bannister/bannister/obj/Debug/net8.0-android/resizetizer/flat/drawable-xhdpi_splash.png.flat' (1,564)
2026-10-03 05:57:03: > Copy Over 'C:/rock/bannister/Bannister/obj/Debug/net8.0-android/resizetizer/flat/drawable_diet_dragon_default.png.flat' -> 'goodrive://www.googleapis.com/:personal:/bannister/bannister/obj/Debug/net8.0-android/resizetizer/flat/drawable_diet_dragon_default.png.flat' (2,489,492)
2026-10-03 05:57:05: Copy Over 'C:/rock/bannister/Bannister/obj/Debug/net8.0-android/resizetizer/flat/drawable-xxxhdpi_splash.png.flat' -> 'goodrive://www.googleapis.com/:personal:/bannister/bannister/obj/Debug/net8.0-android/resizetizer/flat/drawable-xxxhdpi_splash.png.flat' (2,688)
2026-10-03 05:57:05: > Copy Over 'C:/rock/bannister/Bannister/obj/Debug/net8.0-android/resizetizer/flat/drawable_dragon_1.png.flat' -> 'goodrive://www.googleapis.com/:personal:/bannister/bannister/obj/Debug/net8.0-android/resizetizer/flat/drawable_dragon_1.png.flat' (1,880,148)
2026-10-03 05:57:05: Copy Over 'C:/rock/bannister/Bannister/obj/Debug/net8.0-android/resizetizer/flat/drawable-xxhdpi_splash.png.flat' -> 'goodrive://www.googleapis.com/:personal:/bannister/bannister/obj/Debug/net8.0-android/resizetizer/flat/drawable-xxhdpi_splash.png.flat' (2,552)
2026-10-03 05:57:08: < Copy Over 'C:/rock/bannister/Bannister/obj/Debug/net8.0-android/resizetizer/flat/drawable_diet_dragon_default.png.flat' -> 'goodrive://www.googleapis.com/:personal:/bannister/bannister/obj/Debug/net8.0-android/resizetizer/flat/drawable_diet_dragon_default.png.flat' (2,489,492)
2026-10-03 05:57:08: < Copy Over 'C:/rock/bannister/Bannister/obj/Debug/net8.0-android/resizetizer/flat/drawable_dragon_1.png.flat' -> 'goodrive://www.googleapis.com/:personal:/bannister/bannister/obj/Debug/net8.0-android/resizetizer/flat/drawable_dragon_1.png.flat' (1,880,148)
2026-10-03 05:57:08: > Copy Over 'C:/rock/bannister/Bannister/obj/Debug/net8.0-android/resizetizer/flat/drawable_dragon_12.png.flat' -> 'goodrive://www.googleapis.com/:personal:/bannister/bannister/obj/Debug/net8.0-android/resizetizer/flat/drawable_dragon_12.png.flat' (2,530,216)
2026-10-03 05:57:09: Copy Over 'C:/rock/bannister/Bannister/obj/Debug/net8.0-android/resizetizer/flat/drawable_dragon_10.jpg.flat' -> 'goodrive://www.googleapis.com/:personal:/bannister/bannister/obj/Debug/net8.0-android/resizetizer/flat/drawable_dragon_10.jpg.flat' (237,424)
2026-10-03 05:57:11: Copy Over 'C:/rock/bannister/Bannister/obj/Debug/net8.0-android/resizetizer/flat/drawable_dragon_11.jpg.flat' -> 'goodrive://www.googleapis.com/:personal:/bannister/bannister/obj/Debug/net8.0-android/resizetizer/flat/drawable_dragon_11.jpg.flat' (198,312)
2026-10-03 05:57:12: < Copy Over 'C:/rock/bannister/Bannister/obj/Debug/net8.0-android/resizetizer/flat/drawable_dragon_12.png.flat' -> 'goodrive://www.googleapis.com/:personal:/bannister/bannister/obj/Debug/net8.0-android/resizetizer/flat/drawable_dragon_12.png.flat' (2,530,216)
2026-10-03 05:57:13: Copy Over 'C:/rock/bannister/Bannister/obj/Debug/net8.0-android/resizetizer/flat/drawable_dragon_13.jpg.flat' -> 'goodrive://www.googleapis.com/:personal:/bannister/bannister/obj/Debug/net8.0-android/resizetizer/flat/drawable_dragon_13.jpg.flat' (198,064)
2026-10-03 05:57:13: > Copy Over 'C:/rock/bannister/Bannister/obj/Debug/net8.0-android/resizetizer/flat/drawable_dragon_16.png.flat' -> 'goodrive://www.googleapis.com/:personal:/bannister/bannister/obj/Debug/net8.0-android/resizetizer/flat/drawable_dragon_16.png.flat' (2,775,820)
2026-10-03 05:57:14: Copy Over 'C:/rock/bannister/Bannister/obj/Debug/net8.0-android/resizetizer/flat/drawable_dragon_14.jpg.flat' -> 'goodrive://www.googleapis.com/:personal:/bannister/bannister/obj/Debug/net8.0-android/resizetizer/flat/drawable_dragon_14.jpg.flat' (246,648)
2026-10-03 05:57:14: > Copy Over 'C:/rock/bannister/Bannister/obj/Debug/net8.0-android/resizetizer/flat/drawable_dragon_2.png.flat' -> 'goodrive://www.googleapis.com/:personal:/bannister/bannister/obj/Debug/net8.0-android/resizetizer/flat/drawable_dragon_2.png.flat' (2,136,580)
2026-10-03 05:57:17: < Copy Over 'C:/rock/bannister/Bannister/obj/Debug/net8.0-android/resizetizer/flat/drawable_dragon_16.png.flat' -> 'goodrive://www.googleapis.com/:personal:/bannister/bannister/obj/Debug/net8.0-android/resizetizer/flat/drawable_dragon_16.png.flat' (2,775,820)
2026-10-03 05:57:17: > Copy Over 'C:/rock/bannister/Bannister/obj/Debug/net8.0-android/resizetizer/flat/drawable_dragon_3.png.flat' -> 'goodrive://www.googleapis.com/:personal:/bannister/bannister/obj/Debug/net8.0-android/resizetizer/flat/drawable_dragon_3.png.flat' (2,059,096)
2026-10-03 05:57:17: Copy Over 'C:/rock/bannister/Bannister/obj/Debug/net8.0-android/resizetizer/flat/drawable_dragon_15.jpg.flat' -> 'goodrive://www.googleapis.com/:personal:/bannister/bannister/obj/Debug/net8.0-android/resizetizer/flat/drawable_dragon_15.jpg.flat' (183,056)
2026-10-03 05:57:17: > Copy Over 'C:/rock/bannister/Bannister/obj/Debug/net8.0-android/resizetizer/flat/drawable_dragon_4.png.flat' -> 'goodrive://www.googleapis.com/:personal:/bannister/bannister/obj/Debug/net8.0-android/resizetizer/flat/drawable_dragon_4.png.flat' (1,772,872)
2026-10-03 05:57:18: < Copy Over 'C:/rock/bannister/Bannister/obj/Debug/net8.0-android/resizetizer/flat/drawable_dragon_2.png.flat' -> 'goodrive://www.googleapis.com/:personal:/bannister/bannister/obj/Debug/net8.0-android/resizetizer/flat/drawable_dragon_2.png.flat' (2,136,580)
2026-10-03 05:57:18: > Copy Over 'C:/rock/bannister/Bannister/obj/Debug/net8.0-android/resizetizer/flat/drawable_dragon_5.png.flat' -> 'goodrive://www.googleapis.com/:personal:/bannister/bannister/obj/Debug/net8.0-android/resizetizer/flat/drawable_dragon_5.png.flat' (1,837,532)
2026-10-03 05:57:20: < Copy Over 'C:/rock/bannister/Bannister/obj/Debug/net8.0-android/resizetizer/flat/drawable_dragon_4.png.flat' -> 'goodrive://www.googleapis.com/:personal:/bannister/bannister/obj/Debug/net8.0-android/resizetizer/flat/drawable_dragon_4.png.flat' (1,772,872)
2026-10-03 05:57:20: > Copy Over 'C:/rock/bannister/Bannister/obj/Debug/net8.0-android/resizetizer/flat/drawable_dragon_6.png.flat' -> 'goodrive://www.googleapis.com/:personal:/bannister/bannister/obj/Debug/net8.0-android/resizetizer/flat/drawable_dragon_6.png.flat' (1,817,360)
2026-10-03 05:57:21: < Copy Over 'C:/rock/bannister/Bannister/obj/Debug/net8.0-android/resizetizer/flat/drawable_dragon_3.png.flat' -> 'goodrive://www.googleapis.com/:personal:/bannister/bannister/obj/Debug/net8.0-android/resizetizer/flat/drawable_dragon_3.png.flat' (2,059,096)
2026-10-03 05:57:21: > Copy Over 'C:/rock/bannister/Bannister/obj/Debug/net8.0-android/resizetizer/flat/drawable_dragon_7.png.flat' -> 'goodrive://www.googleapis.com/:personal:/bannister/bannister/obj/Debug/net8.0-android/resizetizer/flat/drawable_dragon_7.png.flat' (1,579,760)
2026-10-03 05:57:22: < Copy Over 'C:/rock/bannister/Bannister/obj/Debug/net8.0-android/resizetizer/flat/drawable_dragon_5.png.flat' -> 'goodrive://www.googleapis.com/:personal:/bannister/bannister/obj/Debug/net8.0-android/resizetizer/flat/drawable_dragon_5.png.flat' (1,837,532)
2026-10-03 05:57:23: > Copy Over 'C:/rock/bannister/Bannister/obj/Debug/net8.0-android/resizetizer/flat/drawable_dragon_8.png.flat' -> 'goodrive://www.googleapis.com/:personal:/bannister/bannister/obj/Debug/net8.0-android/resizetizer/flat/drawable_dragon_8.png.flat' (1,832,204)
2026-10-03 05:57:23: < Copy Over 'C:/rock/bannister/Bannister/obj/Debug/net8.0-android/resizetizer/flat/drawable_dragon_6.png.flat' -> 'goodrive://www.googleapis.com/:personal:/bannister/bannister/obj/Debug/net8.0-android/resizetizer/flat/drawable_dragon_6.png.flat' (1,817,360)
2026-10-03 05:57:25: < Copy Over 'C:/rock/bannister/Bannister/obj/Debug/net8.0-android/resizetizer/flat/drawable_dragon_7.png.flat' -> 'goodrive://www.googleapis.com/:personal:/bannister/bannister/obj/Debug/net8.0-android/resizetizer/flat/drawable_dragon_7.png.flat' (1,579,760)
2026-10-03 05:57:25: > Copy Over 'C:/rock/bannister/Bannister/obj/Debug/net8.0-android/resizetizer/flat/drawable_dragon_slayer_1.png.flat' -> 'goodrive://www.googleapis.com/:personal:/bannister/bannister/obj/Debug/net8.0-android/resizetizer/flat/drawable_dragon_slayer_1.png.flat' (1,562,624)
2026-10-03 05:57:26: < Copy Over 'C:/rock/bannister/Bannister/obj/Debug/net8.0-android/resizetizer/flat/drawable_dragon_8.png.flat' -> 'goodrive://www.googleapis.com/:personal:/bannister/bannister/obj/Debug/net8.0-android/resizetizer/flat/drawable_dragon_8.png.flat' (1,832,204)
2026-10-03 05:57:27: Copy Over 'C:/rock/bannister/Bannister/obj/Debug/net8.0-android/resizetizer/flat/drawable_dragon_9.jpg.flat' -> 'goodrive://www.googleapis.com/:personal:/bannister/bannister/obj/Debug/net8.0-android/resizetizer/flat/drawable_dragon_9.jpg.flat' (149,616)
2026-10-03 05:57:28: < Copy Over 'C:/rock/bannister/Bannister/obj/Debug/net8.0-android/resizetizer/flat/drawable_dragon_slayer_1.png.flat' -> 'goodrive://www.googleapis.com/:personal:/bannister/bannister/obj/Debug/net8.0-android/resizetizer/flat/drawable_dragon_slayer_1.png.flat' (1,562,624)
2026-10-03 05:57:29: Copy Over 'C:/rock/bannister/Bannister/obj/Debug/net8.0-android/resizetizer/flat/drawable_maui_splash_image.xml.flat' -> 'goodrive://www.googleapis.com/:personal:/bannister/bannister/obj/Debug/net8.0-android/resizetizer/flat/drawable_maui_splash_image.xml.flat' (480)
2026-10-03 05:57:31: Copy Over 'C:/rock/bannister/Bannister/obj/Debug/net8.0-android/resizetizer/flat/drawable_scold_default.png.flat' -> 'goodrive://www.googleapis.com/:personal:/bannister/bannister/obj/Debug/net8.0-android/resizetizer/flat/drawable_scold_default.png.flat' (946,352)
2026-10-03 05:57:32: Copy Over 'C:/rock/bannister/Bannister/obj/Debug/net8.0-android/resizetizer/flat/mipmap-anydpi-v26_appicon.xml.flat' -> 'goodrive://www.googleapis.com/:personal:/bannister/bannister/obj/Debug/net8.0-android/resizetizer/flat/mipmap-anydpi-v26_appicon.xml.flat' (568)
2026-10-03 05:57:33: Copy Over 'C:/rock/bannister/Bannister/obj/Debug/net8.0-android/resizetizer/flat/mipmap-anydpi-v26_appicon_round.xml.flat' -> 'goodrive://www.googleapis.com/:personal:/bannister/bannister/obj/Debug/net8.0-android/resizetizer/flat/mipmap-anydpi-v26_appicon_round.xml.flat' (580)
2026-10-03 05:57:35: Copy Over 'C:/rock/bannister/Bannister/obj/Debug/net8.0-android/resizetizer/flat/mipmap-hdpi_appicon.png.flat' -> 'goodrive://www.googleapis.com/:personal:/bannister/bannister/obj/Debug/net8.0-android/resizetizer/flat/mipmap-hdpi_appicon.png.flat' (1,108)
2026-10-03 05:57:35: Copy Over 'C:/rock/bannister/Bannister/obj/Debug/net8.0-android/resizetizer/flat/mipmap-hdpi_appicon_background.png.flat' -> 'goodrive://www.googleapis.com/:personal:/bannister/bannister/obj/Debug/net8.0-android/resizetizer/flat/mipmap-hdpi_appicon_background.png.flat' (300)
2026-10-03 05:57:36: Copy Over 'C:/rock/bannister/Bannister/obj/Debug/net8.0-android/resizetizer/flat/mipmap-hdpi_appicon_foreground.png.flat' -> 'goodrive://www.googleapis.com/:personal:/bannister/bannister/obj/Debug/net8.0-android/resizetizer/flat/mipmap-hdpi_appicon_foreground.png.flat' (1,564)
2026-10-03 05:57:38: Copy Over 'C:/rock/bannister/Bannister/obj/Debug/net8.0-android/resizetizer/flat/mipmap-hdpi_appicon_round.png.flat' -> 'goodrive://www.googleapis.com/:personal:/bannister/bannister/obj/Debug/net8.0-android/resizetizer/flat/mipmap-hdpi_appicon_round.png.flat' (1,748)
2026-10-03 05:57:39: Copy Over 'C:/rock/bannister/Bannister/obj/Debug/net8.0-android/resizetizer/flat/mipmap-mdpi_appicon.png.flat' -> 'goodrive://www.googleapis.com/:personal:/bannister/bannister/obj/Debug/net8.0-android/resizetizer/flat/mipmap-mdpi_appicon.png.flat' (904)
2026-10-03 05:57:40: Copy Over 'C:/rock/bannister/Bannister/obj/Debug/net8.0-android/resizetizer/flat/mipmap-mdpi_appicon_background.png.flat' -> 'goodrive://www.googleapis.com/:personal:/bannister/bannister/obj/Debug/net8.0-android/resizetizer/flat/mipmap-mdpi_appicon_background.png.flat' (288)
2026-10-03 05:57:41: Copy Over 'C:/rock/bannister/Bannister/obj/Debug/net8.0-android/resizetizer/flat/mipmap-mdpi_appicon_foreground.png.flat' -> 'goodrive://www.googleapis.com/:personal:/bannister/bannister/obj/Debug/net8.0-android/resizetizer/flat/mipmap-mdpi_appicon_foreground.png.flat' (1,448)
2026-10-03 05:57:42: Copy Over 'C:/rock/bannister/Bannister/obj/Debug/net8.0-android/resizetizer/flat/mipmap-mdpi_appicon_round.png.flat' -> 'goodrive://www.googleapis.com/:personal:/bannister/bannister/obj/Debug/net8.0-android/resizetizer/flat/mipmap-mdpi_appicon_round.png.flat' (1,760)
2026-10-03 05:57:43: Copy Over 'C:/rock/bannister/Bannister/obj/Debug/net8.0-android/resizetizer/flat/mipmap-xhdpi_appicon.png.flat' -> 'goodrive://www.googleapis.com/:personal:/bannister/bannister/obj/Debug/net8.0-android/resizetizer/flat/mipmap-xhdpi_appicon.png.flat' (1,028)
2026-10-03 05:57:45: Copy Over 'C:/rock/bannister/Bannister/obj/Debug/net8.0-android/resizetizer/flat/mipmap-xhdpi_appicon_background.png.flat' -> 'goodrive://www.googleapis.com/:personal:/bannister/bannister/obj/Debug/net8.0-android/resizetizer/flat/mipmap-xhdpi_appicon_background.png.flat' (320)
2026-10-03 05:57:46: Copy Over 'C:/rock/bannister/Bannister/obj/Debug/net8.0-android/resizetizer/flat/mipmap-xhdpi_appicon_foreground.png.flat' -> 'goodrive://www.googleapis.com/:personal:/bannister/bannister/obj/Debug/net8.0-android/resizetizer/flat/mipmap-xhdpi_appicon_foreground.png.flat' (2,164)
2026-10-03 05:57:47: Copy Over 'C:/rock/bannister/Bannister/obj/Debug/net8.0-android/resizetizer/flat/mipmap-xhdpi_appicon_round.png.flat' -> 'goodrive://www.googleapis.com/:personal:/bannister/bannister/obj/Debug/net8.0-android/resizetizer/flat/mipmap-xhdpi_appicon_round.png.flat' (2,248)
2026-10-03 05:57:48: Copy Over 'C:/rock/bannister/Bannister/obj/Debug/net8.0-android/resizetizer/flat/mipmap-xxhdpi_appicon.png.flat' -> 'goodrive://www.googleapis.com/:personal:/bannister/bannister/obj/Debug/net8.0-android/resizetizer/flat/mipmap-xxhdpi_appicon.png.flat' (1,228)
2026-10-03 05:57:49: Copy Over 'C:/rock/bannister/Bannister/obj/Debug/net8.0-android/resizetizer/flat/mipmap-xxhdpi_appicon_background.png.flat' -> 'goodrive://www.googleapis.com/:personal:/bannister/bannister/obj/Debug/net8.0-android/resizetizer/flat/mipmap-xxhdpi_appicon_background.png.flat' (380)
2026-10-03 05:57:50: Copy Over 'C:/rock/bannister/Bannister/obj/Debug/net8.0-android/resizetizer/flat/mipmap-xxhdpi_appicon_foreground.png.flat' -> 'goodrive://www.googleapis.com/:personal:/bannister/bannister/obj/Debug/net8.0-android/resizetizer/flat/mipmap-xxhdpi_appicon_foreground.png.flat' (2,408)
2026-10-03 05:57:52: Copy Over 'C:/rock/bannister/Bannister/obj/Debug/net8.0-android/resizetizer/flat/mipmap-xxhdpi_appicon_round.png.flat' -> 'goodrive://www.googleapis.com/:personal:/bannister/bannister/obj/Debug/net8.0-android/resizetizer/flat/mipmap-xxhdpi_appicon_round.png.flat' (4,388)
2026-10-03 05:57:53: Copy Over 'C:/rock/bannister/Bannister/obj/Debug/net8.0-android/resizetizer/flat/mipmap-xxxhdpi_appicon.png.flat' -> 'goodrive://www.googleapis.com/:personal:/bannister/bannister/obj/Debug/net8.0-android/resizetizer/flat/mipmap-xxxhdpi_appicon.png.flat' (1,588)
2026-10-03 05:57:53: Copy Over 'C:/rock/bannister/Bannister/obj/Debug/net8.0-android/resizetizer/flat/mipmap-xxxhdpi_appicon_background.png.flat' -> 'goodrive://www.googleapis.com/:personal:/bannister/bannister/obj/Debug/net8.0-android/resizetizer/flat/mipmap-xxxhdpi_appicon_background.png.flat' (456)
2026-10-03 05:57:56: Copy Over 'C:/rock/bannister/Bannister/obj/Debug/net8.0-android/resizetizer/flat/mipmap-xxxhdpi_appicon_foreground.png.flat' -> 'goodrive://www.googleapis.com/:personal:/bannister/bannister/obj/Debug/net8.0-android/resizetizer/flat/mipmap-xxxhdpi_appicon_foreground.png.flat' (3,500)
2026-10-03 05:57:56: Copy Over 'C:/rock/bannister/Bannister/obj/Debug/net8.0-android/resizetizer/flat/mipmap-xxxhdpi_appicon_round.png.flat' -> 'goodrive://www.googleapis.com/:personal:/bannister/bannister/obj/Debug/net8.0-android/resizetizer/flat/mipmap-xxxhdpi_appicon_round.png.flat' (6,064)
2026-10-03 05:57:56: Copy Over 'C:/rock/bannister/Bannister/obj/Debug/net8.0-android/resizetizer/flat/values_maui_colors.arsc.flat' -> 'goodrive://www.googleapis.com/:personal:/bannister/bannister/obj/Debug/net8.0-android/resizetizer/flat/values_maui_colors.arsc.flat' (276)
2026-10-03 05:57:59: Copy Over 'C:/rock/bannister/Bannister/obj/Debug/net8.0-android/stamp/_CompileToDalvik.stamp' -> 'goodrive://www.googleapis.com/:personal:/bannister/bannister/obj/Debug/net8.0-android/stamp/_CompileToDalvik.stamp' (0)
2026-10-03 05:57:59: Copy Over 'C:/rock/bannister/Bannister/obj/Debug/net8.0-android/stamp/_ConvertResourcesCases.stamp' -> 'goodrive://www.googleapis.com/:personal:/bannister/bannister/obj/Debug/net8.0-android/stamp/_ConvertResourcesCases.stamp' (0)
2026-10-03 05:58:00: Copy Over 'C:/rock/bannister/Bannister/obj/Debug/net8.0-android/stamp/_GenerateJavaStubs.stamp' -> 'goodrive://www.googleapis.com/:personal:/bannister/bannister/obj/Debug/net8.0-android/stamp/_GenerateJavaStubs.stamp' (0)
2026-10-03 05:58:02: Copy Over 'C:/rock/bannister/Bannister/obj/Debug/net8.0-android/stamp/_GeneratePackageManagerJava.stamp' -> 'goodrive://www.googleapis.com/:personal:/bannister/bannister/obj/Debug/net8.0-android/stamp/_GeneratePackageManagerJava.stamp' (0)
2026-10-03 05:58:03: Copy Over 'C:/rock/bannister/Bannister/obj/Debug/net8.0-android/stamp/_ResolveLibraryProjectImports.stamp' -> 'goodrive://www.googleapis.com/:personal:/bannister/bannister/obj/Debug/net8.0-android/stamp/_ResolveLibraryProjectImports.stamp' (0)
2026-10-03 05:58:04: Copy Over 'C:/rock/bannister/Bannister/obj/Debug/net8.0-android/XamlC.stamp' -> 'goodrive://www.googleapis.com/:personal:/bannister/bannister/obj/Debug/net8.0-android/XamlC.stamp' (0)
2026-10-03 05:58:05: Copy New 'C:/rock/bannister/Bannister/Models/SyncCounter.cs' -> 'goodrive://www.googleapis.com/:personal:/bannister/bannister/Models/SyncCounter.cs' (335)
2026-10-03 05:58:05: Copy New 'C:/rock/bannister/Bannister/Services/DailyChampionService.cs' -> 'goodrive://www.googleapis.com/:personal:/bannister/bannister/Services/DailyChampionService.cs' (1,985)
2026-10-03 05:58:05: > Copy Over 'C:/rock/bannister/Bannister/obj/x64/Debug/net8.0-android/android/assets/Bannister.dll' -> 'goodrive://www.googleapis.com/:personal:/bannister/bannister/obj/x64/Debug/net8.0-android/android/assets/Bannister.dll' (8,272,384)
2026-10-03 05:58:08: Copy Over 'C:/rock/bannister/Bannister/obj/x64/Debug/net8.0-android/android/AndroidManifest.xml' -> 'goodrive://www.googleapis.com/:personal:/bannister/bannister/obj/x64/Debug/net8.0-android/android/AndroidManifest.xml' (4,994)
2026-10-03 05:58:08: > Copy Over 'C:/rock/bannister/Bannister/obj/x64/Debug/net8.0-android/android/bin/classes.dex' -> 'goodrive://www.googleapis.com/:personal:/bannister/bannister/obj/x64/Debug/net8.0-android/android/bin/classes.dex' (8,171,880)
2026-10-03 05:58:08: Copy Over 'C:/rock/bannister/Bannister/obj/x64/Debug/net8.0-android/android-arm/Bannister.assets.cache' -> 'goodrive://www.googleapis.com/:personal:/bannister/bannister/obj/x64/Debug/net8.0-android/android-arm/Bannister.assets.cache' (101,437)
2026-10-03 05:58:09: < Copy Over 'C:/rock/bannister/Bannister/obj/x64/Debug/net8.0-android/android/assets/Bannister.dll' -> 'goodrive://www.googleapis.com/:personal:/bannister/bannister/obj/x64/Debug/net8.0-android/android/assets/Bannister.dll' (8,272,384)
2026-10-03 05:58:11: Copy Over 'C:/rock/bannister/Bannister/obj/x64/Debug/net8.0-android/android/bin/classes/androidx/activity/ktx/R.class' -> 'goodrive://www.googleapis.com/:personal:/bannister/bannister/obj/x64/Debug/net8.0-android/android/bin/classes/androidx/activity/ktx/R.class' (198)
2026-10-03 05:58:12: < Copy Over 'C:/rock/bannister/Bannister/obj/x64/Debug/net8.0-android/android/bin/classes.dex' -> 'goodrive://www.googleapis.com/:personal:/bannister/bannister/obj/x64/Debug/net8.0-android/android/bin/classes.dex' (8,171,880)
2026-10-03 05:58:12: Copy Over 'C:/rock/bannister/Bannister/obj/x64/Debug/net8.0-android/android/bin/classes/com/bannister/app/R$anim.class' -> 'goodrive://www.googleapis.com/:personal:/bannister/bannister/obj/x64/Debug/net8.0-android/android/bin/classes/com/bannister/app/R$anim.class' (2,906)
2026-10-03 05:58:14: Copy Over 'C:/rock/bannister/Bannister/obj/x64/Debug/net8.0-android/android/bin/classes/com/bannister/app/R$animator.class' -> 'goodrive://www.googleapis.com/:personal:/bannister/bannister/obj/x64/Debug/net8.0-android/android/bin/classes/com/bannister/app/R$animator.class' (2,331)
2026-10-03 05:58:16: Copy Over 'C:/rock/bannister/Bannister/obj/x64/Debug/net8.0-android/android/bin/classes/com/bannister/app/R$bool.class' -> 'goodrive://www.googleapis.com/:personal:/bannister/bannister/obj/x64/Debug/net8.0-android/android/bin/classes/com/bannister/app/R$bool.class' (443)
2026-10-03 05:58:16: Copy Over 'C:/rock/bannister/Bannister/obj/x64/Debug/net8.0-android/android/bin/classes/com/bannister/app/R$attr.class' -> 'goodrive://www.googleapis.com/:personal:/bannister/bannister/obj/x64/Debug/net8.0-android/android/bin/classes/com/bannister/app/R$attr.class' (54,839)
2026-10-03 05:58:19: Copy Over 'C:/rock/bannister/Bannister/obj/x64/Debug/net8.0-android/android/bin/classes/com/bannister/app/R$dimen.class' -> 'goodrive://www.googleapis.com/:personal:/bannister/bannister/obj/x64/Debug/net8.0-android/android/bin/classes/com/bannister/app/R$dimen.class' (46,419)
2026-10-03 05:58:20: Copy Over 'C:/rock/bannister/Bannister/obj/x64/Debug/net8.0-android/android/bin/classes/com/bannister/app/R$color.class' -> 'goodrive://www.googleapis.com/:personal:/bannister/bannister/obj/x64/Debug/net8.0-android/android/bin/classes/com/bannister/app/R$color.class' (42,362)
2026-10-03 05:58:20: Copy Over 'C:/rock/bannister/Bannister/obj/x64/Debug/net8.0-android/android/bin/classes/com/bannister/app/R$drawable.class' -> 'goodrive://www.googleapis.com/:personal:/bannister/bannister/obj/x64/Debug/net8.0-android/android/bin/classes/com/bannister/app/R$drawable.class' (10,686)
2026-10-03 05:58:23: Copy Over 'C:/rock/bannister/Bannister/obj/x64/Debug/net8.0-android/android/bin/classes/com/bannister/app/R$id.class' -> 'goodrive://www.googleapis.com/:personal:/bannister/bannister/obj/x64/Debug/net8.0-android/android/bin/classes/com/bannister/app/R$id.class' (20,962)
2026-10-03 05:58:23: Copy Over 'C:/rock/bannister/Bannister/obj/x64/Debug/net8.0-android/android/bin/classes/com/bannister/app/R$integer.class' -> 'goodrive://www.googleapis.com/:personal:/bannister/bannister/obj/x64/Debug/net8.0-android/android/bin/classes/com/bannister/app/R$integer.class' (3,932)
2026-10-03 05:58:23: Copy Over 'C:/rock/bannister/Bannister/obj/x64/Debug/net8.0-android/android/bin/classes/com/bannister/app/R$interpolator.class' -> 'goodrive://www.googleapis.com/:personal:/bannister/bannister/obj/x64/Debug/net8.0-android/android/bin/classes/com/bannister/app/R$interpolator.class' (1,370)
2026-10-03 05:58:26: Copy Over 'C:/rock/bannister/Bannister/obj/x64/Debug/net8.0-android/android/bin/classes/com/bannister/app/R$plurals.class' -> 'goodrive://www.googleapis.com/:personal:/bannister/bannister/obj/x64/Debug/net8.0-android/android/bin/classes/com/bannister/app/R$plurals.class' (342)
2026-10-03 05:58:26: Copy Over 'C:/rock/bannister/Bannister/obj/x64/Debug/net8.0-android/android/bin/classes/com/bannister/app/R$layout.class' -> 'goodrive://www.googleapis.com/:personal:/bannister/bannister/obj/x64/Debug/net8.0-android/android/bin/classes/com/bannister/app/R$layout.class' (5,883)
2026-10-03 05:58:26: Copy Over 'C:/rock/bannister/Bannister/obj/x64/Debug/net8.0-android/android/bin/classes/com/bannister/app/R$mipmap.class' -> 'goodrive://www.googleapis.com/:personal:/bannister/bannister/obj/x64/Debug/net8.0-android/android/bin/classes/com/bannister/app/R$mipmap.class' (438)
2026-10-03 05:58:30: Copy Over 'C:/rock/bannister/Bannister/obj/x64/Debug/net8.0-android/android/bin/classes/com/bannister/app/R$style.class' -> 'goodrive://www.googleapis.com/:personal:/bannister/bannister/obj/x64/Debug/net8.0-android/android/bin/classes/com/bannister/app/R$style.class' (73,620)
2026-10-03 05:58:30: Copy Over 'C:/rock/bannister/Bannister/obj/x64/Debug/net8.0-android/android/bin/classes/com/bannister/app/R$styleable.class' -> 'goodrive://www.googleapis.com/:personal:/bannister/bannister/obj/x64/Debug/net8.0-android/android/bin/classes/com/bannister/app/R$styleable.class' (130,989)
2026-10-03 05:58:30: Copy Over 'C:/rock/bannister/Bannister/obj/x64/Debug/net8.0-android/android/bin/classes/com/bannister/app/R$string.class' -> 'goodrive://www.googleapis.com/:personal:/bannister/bannister/obj/x64/Debug/net8.0-android/android/bin/classes/com/bannister/app/R$string.class' (9,918)
2026-10-03 05:58:33: Copy Over 'C:/rock/bannister/Bannister/obj/x64/Debug/net8.0-android/android/bin/classes/com/bannister/app/R.class' -> 'goodrive://www.googleapis.com/:personal:/bannister/bannister/obj/x64/Debug/net8.0-android/android/bin/classes/com/bannister/app/R.class' (1,048)
2026-10-03 05:58:33: Copy Over 'C:/rock/bannister/Bannister/obj/x64/Debug/net8.0-android/android/bin/classes/androidx/activity/R$id.class' -> 'goodrive://www.googleapis.com/:personal:/bannister/bannister/obj/x64/Debug/net8.0-android/android/bin/classes/androidx/activity/R$id.class' (380)
2026-10-03 05:58:34: Copy Over 'C:/rock/bannister/Bannister/obj/x64/Debug/net8.0-android/android/bin/classes/com/bannister/app/R$xml.class' -> 'goodrive://www.googleapis.com/:personal:/bannister/bannister/obj/x64/Debug/net8.0-android/android/bin/classes/com/bannister/app/R$xml.class' (398)
2026-10-03 05:58:37: Copy Over 'C:/rock/bannister/Bannister/obj/x64/Debug/net8.0-android/android/bin/classes/androidx/activity/R.class' -> 'goodrive://www.googleapis.com/:personal:/bannister/bannister/obj/x64/Debug/net8.0-android/android/bin/classes/androidx/activity/R.class' (258)
2026-10-03 05:58:37: Copy Over 'C:/rock/bannister/Bannister/obj/x64/Debug/net8.0-android/android/bin/classes/com/google/android/material/R$anim.class' -> 'goodrive://www.googleapis.com/:personal:/bannister/bannister/obj/x64/Debug/net8.0-android/android/bin/classes/com/google/android/material/R$anim.class' (2,592)
2026-10-03 05:58:37: Copy Over 'C:/rock/bannister/Bannister/obj/x64/Debug/net8.0-android/android/bin/classes/com/bumptech/glide/gifdecoder/R.class' -> 'goodrive://www.googleapis.com/:personal:/bannister/bannister/obj/x64/Debug/net8.0-android/android/bin/classes/com/bumptech/glide/gifdecoder/R.class' (206)
2026-10-03 05:58:40: Copy Over 'C:/rock/bannister/Bannister/obj/x64/Debug/net8.0-android/android/bin/classes/com/google/android/material/R$animator.class' -> 'goodrive://www.googleapis.com/:personal:/bannister/bannister/obj/x64/Debug/net8.0-android/android/bin/classes/com/google/android/material/R$animator.class' (2,161)
2026-10-03 05:58:40: Copy Over 'C:/rock/bannister/Bannister/obj/x64/Debug/net8.0-android/android/bin/classes/com/google/android/material/R$bool.class' -> 'goodrive://www.googleapis.com/:personal:/bannister/bannister/obj/x64/Debug/net8.0-android/android/bin/classes/com/google/android/material/R$bool.class' (463)
2026-10-03 05:58:40: Copy Over 'C:/rock/bannister/Bannister/obj/x64/Debug/net8.0-android/android/bin/classes/com/google/android/material/R$attr.class' -> 'goodrive://www.googleapis.com/:personal:/bannister/bannister/obj/x64/Debug/net8.0-android/android/bin/classes/com/google/android/material/R$attr.class' (49,187)
2026-10-03 05:58:44: Copy Over 'C:/rock/bannister/Bannister/obj/x64/Debug/net8.0-android/android/bin/classes/com/google/android/material/R$color.class' -> 'goodrive://www.googleapis.com/:personal:/bannister/bannister/obj/x64/Debug/net8.0-android/android/bin/classes/com/google/android/material/R$color.class' (41,872)
2026-10-03 05:58:44: Copy Over 'C:/rock/bannister/Bannister/obj/x64/Debug/net8.0-android/android/bin/classes/com/google/android/material/R$dimen.class' -> 'goodrive://www.googleapis.com/:personal:/bannister/bannister/obj/x64/Debug/net8.0-android/android/bin/classes/com/google/android/material/R$dimen.class' (46,259)
2026-10-03 05:58:44: Copy Over 'C:/rock/bannister/Bannister/obj/x64/Debug/net8.0-android/android/bin/classes/com/google/android/material/R$drawable.class' -> 'goodrive://www.googleapis.com/:personal:/bannister/bannister/obj/x64/Debug/net8.0-android/android/bin/classes/com/google/android/material/R$drawable.class' (9,708)
2026-10-03 05:58:47: Copy Over 'C:/rock/bannister/Bannister/obj/x64/Debug/net8.0-android/android/bin/classes/com/google/android/material/R$id.class' -> 'goodrive://www.googleapis.com/:personal:/bannister/bannister/obj/x64/Debug/net8.0-android/android/bin/classes/com/google/android/material/R$id.class' (16,168)
2026-10-03 05:58:47: Copy Over 'C:/rock/bannister/Bannister/obj/x64/Debug/net8.0-android/android/bin/classes/com/google/android/material/R$integer.class' -> 'goodrive://www.googleapis.com/:personal:/bannister/bannister/obj/x64/Debug/net8.0-android/android/bin/classes/com/google/android/material/R$integer.class' (3,910)
2026-10-03 05:58:47: Copy Over 'C:/rock/bannister/Bannister/obj/x64/Debug/net8.0-android/android/bin/classes/com/google/android/material/R$interpolator.class' -> 'goodrive://www.googleapis.com/:personal:/bannister/bannister/obj/x64/Debug/net8.0-android/android/bin/classes/com/google/android/material/R$interpolator.class' (1,390)
2026-10-03 05:58:51: Copy Over 'C:/rock/bannister/Bannister/obj/x64/Debug/net8.0-android/android/bin/classes/com/google/android/material/R$string.class' -> 'goodrive://www.googleapis.com/:personal:/bannister/bannister/obj/x64/Debug/net8.0-android/android/bin/classes/com/google/android/material/R$string.class' (9,069)
2026-10-03 05:58:51: Copy Over 'C:/rock/bannister/Bannister/obj/x64/Debug/net8.0-android/android/bin/classes/com/google/android/material/R$plurals.class' -> 'goodrive://www.googleapis.com/:personal:/bannister/bannister/obj/x64/Debug/net8.0-android/android/bin/classes/com/google/android/material/R$plurals.class' (362)
2026-10-03 05:58:51: Copy Over 'C:/rock/bannister/Bannister/obj/x64/Debug/net8.0-android/android/bin/classes/com/google/android/material/R$layout.class' -> 'goodrive://www.googleapis.com/:personal:/bannister/bannister/obj/x64/Debug/net8.0-android/android/bin/classes/com/google/android/material/R$layout.class' (5,537)
2026-10-03 05:58:54: Copy Over 'C:/rock/bannister/Bannister/obj/x64/Debug/net8.0-android/android/bin/classes/com/google/android/material/R.class' -> 'goodrive://www.googleapis.com/:personal:/bannister/bannister/obj/x64/Debug/net8.0-android/android/bin/classes/com/google/android/material/R.class' (1,116)
2026-10-03 05:58:54: Copy Over 'C:/rock/bannister/Bannister/obj/x64/Debug/net8.0-android/android/bin/classes/com/google/android/material/R$style.class' -> 'goodrive://www.googleapis.com/:personal:/bannister/bannister/obj/x64/Debug/net8.0-android/android/bin/classes/com/google/android/material/R$style.class' (73,038)
2026-10-03 05:58:54: Copy Over 'C:/rock/bannister/Bannister/obj/x64/Debug/net8.0-android/android/bin/classes/com/google/android/material/R$styleable.class' -> 'goodrive://www.googleapis.com/:personal:/bannister/bannister/obj/x64/Debug/net8.0-android/android/bin/classes/com/google/android/material/R$styleable.class' (109,039)
2026-10-03 05:58:57: Copy Over 'C:/rock/bannister/Bannister/obj/x64/Debug/net8.0-android/android/bin/classes/com/google/android/material/snackbar/Snackbar_SnackbarActionClickImplementor.class' -> 'goodrive://www.googleapis.com/:personal:/bannister/bannister/obj/x64/Debug/net8.0-android/android/bin/classes/com/google/android/material/snackbar/Snackbar_SnackbarActionClickImplementor.class' (1,698)
2026-10-03 05:58:57: Copy Over 'C:/rock/bannister/Bannister/obj/x64/Debug/net8.0-android/android/bin/classes/com/bumptech/glide/R$animator.class' -> 'goodrive://www.googleapis.com/:personal:/bannister/bannister/obj/x64/Debug/net8.0-android/android/bin/classes/com/bumptech/glide/R$animator.class' (549)
2026-10-03 05:58:57: Copy Over 'C:/rock/bannister/Bannister/obj/x64/Debug/net8.0-android/android/bin/classes/com/bumptech/glide/R$anim.class' -> 'goodrive://www.googleapis.com/:personal:/bannister/bannister/obj/x64/Debug/net8.0-android/android/bin/classes/com/bumptech/glide/R$anim.class' (1,681)
2026-10-03 05:59:00: Copy Over 'C:/rock/bannister/Bannister/obj/x64/Debug/net8.0-android/android/bin/classes/com/bumptech/glide/R$attr.class' -> 'goodrive://www.googleapis.com/:personal:/bannister/bannister/obj/x64/Debug/net8.0-android/android/bin/classes/com/bumptech/glide/R$attr.class' (11,893)
2026-10-03 05:59:01: Copy Over 'C:/rock/bannister/Bannister/obj/x64/Debug/net8.0-android/android/bin/classes/com/bumptech/glide/R$bool.class' -> 'goodrive://www.googleapis.com/:personal:/bannister/bannister/obj/x64/Debug/net8.0-android/android/bin/classes/com/bumptech/glide/R$bool.class' (389)
2026-10-03 05:59:01: Copy Over 'C:/rock/bannister/Bannister/obj/x64/Debug/net8.0-android/android/bin/classes/com/bumptech/glide/R$color.class' -> 'goodrive://www.googleapis.com/:personal:/bannister/bannister/obj/x64/Debug/net8.0-android/android/bin/classes/com/bumptech/glide/R$color.class' (4,868)
2026-10-03 05:59:04: Copy Over 'C:/rock/bannister/Bannister/obj/x64/Debug/net8.0-android/android/bin/classes/com/bumptech/glide/R$dimen.class' -> 'goodrive://www.googleapis.com/:personal:/bannister/bannister/obj/x64/Debug/net8.0-android/android/bin/classes/com/bumptech/glide/R$dimen.class' (7,012)
2026-10-03 05:59:04: Copy Over 'C:/rock/bannister/Bannister/obj/x64/Debug/net8.0-android/android/bin/classes/com/bumptech/glide/R$id.class' -> 'goodrive://www.googleapis.com/:personal:/bannister/bannister/obj/x64/Debug/net8.0-android/android/bin/classes/com/bumptech/glide/R$id.class' (6,760)
2026-10-03 05:59:04: Copy Over 'C:/rock/bannister/Bannister/obj/x64/Debug/net8.0-android/android/bin/classes/com/bumptech/glide/R$drawable.class' -> 'goodrive://www.googleapis.com/:personal:/bannister/bannister/obj/x64/Debug/net8.0-android/android/bin/classes/com/bumptech/glide/R$drawable.class' (5,651)
2026-10-03 05:59:07: Copy Over 'C:/rock/bannister/Bannister/obj/x64/Debug/net8.0-android/android/bin/classes/com/bumptech/glide/R$layout.class' -> 'goodrive://www.googleapis.com/:personal:/bannister/bannister/obj/x64/Debug/net8.0-android/android/bin/classes/com/bumptech/glide/R$layout.class' (2,280)
2026-10-03 05:59:07: Copy Over 'C:/rock/bannister/Bannister/obj/x64/Debug/net8.0-android/android/bin/classes/com/bumptech/glide/R$integer.class' -> 'goodrive://www.googleapis.com/:personal:/bannister/bannister/obj/x64/Debug/net8.0-android/android/bin/classes/com/bumptech/glide/R$integer.class' (548)
2026-10-03 05:59:07: Copy Over 'C:/rock/bannister/Bannister/obj/x64/Debug/net8.0-android/android/bin/classes/com/bumptech/glide/R$interpolator.class' -> 'goodrive://www.googleapis.com/:personal:/bannister/bannister/obj/x64/Debug/net8.0-android/android/bin/classes/com/bumptech/glide/R$interpolator.class' (779)
2026-10-03 05:59:11: Copy Over 'C:/rock/bannister/Bannister/obj/x64/Debug/net8.0-android/android/bin/classes/com/bumptech/glide/R$style.class' -> 'goodrive://www.googleapis.com/:personal:/bannister/bannister/obj/x64/Debug/net8.0-android/android/bin/classes/com/bumptech/glide/R$style.class' (21,850)
2026-10-03 05:59:11: Copy Over 'C:/rock/bannister/Bannister/obj/x64/Debug/net8.0-android/android/bin/classes/com/bumptech/glide/R$styleable.class' -> 'goodrive://www.googleapis.com/:personal:/bannister/bannister/obj/x64/Debug/net8.0-android/android/bin/classes/com/bumptech/glide/R$styleable.class' (29,637)
2026-10-03 05:59:11: Copy Over 'C:/rock/bannister/Bannister/obj/x64/Debug/net8.0-android/android/bin/classes/com/bumptech/glide/R$string.class' -> 'goodrive://www.googleapis.com/:personal:/bannister/bannister/obj/x64/Debug/net8.0-android/android/bin/classes/com/bumptech/glide/R$string.class' (1,832)
2026-10-03 05:59:14: Copy Over 'C:/rock/bannister/Bannister/obj/x64/Debug/net8.0-android/android/bin/classes/com/bumptech/glide/R.class' -> 'goodrive://www.googleapis.com/:personal:/bannister/bannister/obj/x64/Debug/net8.0-android/android/bin/classes/com/bumptech/glide/R.class' (920)
2026-10-03 05:59:14: Copy Over 'C:/rock/bannister/Bannister/obj/x64/Debug/net8.0-android/android/bin/classes/com/microsoft/maui/R$anim.class' -> 'goodrive://www.googleapis.com/:personal:/bannister/bannister/obj/x64/Debug/net8.0-android/android/bin/classes/com/microsoft/maui/R$anim.class' (2,574)
2026-10-03 05:59:15: Copy Over 'C:/rock/bannister/Bannister/obj/x64/Debug/net8.0-android/android/bin/classes/androidx/annotation/experimental/R.class' -> 'goodrive://www.googleapis.com/:personal:/bannister/bannister/obj/x64/Debug/net8.0-android/android/bin/classes/androidx/annotation/experimental/R.class' (209)
2026-10-03 05:59:18: Copy Over 'C:/rock/bannister/Bannister/obj/x64/Debug/net8.0-android/android/bin/classes/com/microsoft/maui/R$animator.class' -> 'goodrive://www.googleapis.com/:personal:/bannister/bannister/obj/x64/Debug/net8.0-android/android/bin/classes/com/microsoft/maui/R$animator.class' (2,143)
2026-10-03 05:59:18: Copy Over 'C:/rock/bannister/Bannister/obj/x64/Debug/net8.0-android/android/bin/classes/com/microsoft/maui/R$attr.class' -> 'goodrive://www.googleapis.com/:personal:/bannister/bannister/obj/x64/Debug/net8.0-android/android/bin/classes/com/microsoft/maui/R$attr.class' (50,072)
2026-10-03 05:59:18: Copy Over 'C:/rock/bannister/Bannister/obj/x64/Debug/net8.0-android/android/bin/classes/com/microsoft/maui/R$bool.class' -> 'goodrive://www.googleapis.com/:personal:/bannister/bannister/obj/x64/Debug/net8.0-android/android/bin/classes/com/microsoft/maui/R$bool.class' (445)
2026-10-03 05:59:21: Copy Over 'C:/rock/bannister/Bannister/obj/x64/Debug/net8.0-android/android/bin/classes/com/microsoft/maui/R$color.class' -> 'goodrive://www.googleapis.com/:personal:/bannister/bannister/obj/x64/Debug/net8.0-android/android/bin/classes/com/microsoft/maui/R$color.class' (41,854)
2026-10-03 05:59:21: Copy Over 'C:/rock/bannister/Bannister/obj/x64/Debug/net8.0-android/android/bin/classes/com/microsoft/maui/R$dimen.class' -> 'goodrive://www.googleapis.com/:personal:/bannister/bannister/obj/x64/Debug/net8.0-android/android/bin/classes/com/microsoft/maui/R$dimen.class' (46,241)
2026-10-03 05:59:22: Copy Over 'C:/rock/bannister/Bannister/obj/x64/Debug/net8.0-android/android/bin/classes/com/microsoft/maui/R$drawable.class' -> 'goodrive://www.googleapis.com/:personal:/bannister/bannister/obj/x64/Debug/net8.0-android/android/bin/classes/com/microsoft/maui/R$drawable.class' (9,690)
2026-10-03 05:59:24: Copy Over 'C:/rock/bannister/Bannister/obj/x64/Debug/net8.0-android/android/bin/classes/com/microsoft/maui/R$integer.class' -> 'goodrive://www.googleapis.com/:personal:/bannister/bannister/obj/x64/Debug/net8.0-android/android/bin/classes/com/microsoft/maui/R$integer.class' (3,892)
2026-10-03 05:59:25: Copy Over 'C:/rock/bannister/Bannister/obj/x64/Debug/net8.0-android/android/bin/classes/com/microsoft/maui/R$id.class' -> 'goodrive://www.googleapis.com/:personal:/bannister/bannister/obj/x64/Debug/net8.0-android/android/bin/classes/com/microsoft/maui/R$id.class' (16,574)
2026-10-03 05:59:25: Copy Over 'C:/rock/bannister/Bannister/obj/x64/Debug/net8.0-android/android/bin/classes/com/microsoft/maui/R$interpolator.class' -> 'goodrive://www.googleapis.com/:personal:/bannister/bannister/obj/x64/Debug/net8.0-android/android/bin/classes/com/microsoft/maui/R$interpolator.class' (1,372)
2026-10-03 05:59:28: Copy Over 'C:/rock/bannister/Bannister/obj/x64/Debug/net8.0-android/android/bin/classes/com/microsoft/maui/R$layout.class' -> 'goodrive://www.googleapis.com/:personal:/bannister/bannister/obj/x64/Debug/net8.0-android/android/bin/classes/com/microsoft/maui/R$layout.class' (5,519)
2026-10-03 05:59:28: Copy Over 'C:/rock/bannister/Bannister/obj/x64/Debug/net8.0-android/android/bin/classes/com/microsoft/maui/R$plurals.class' -> 'goodrive://www.googleapis.com/:personal:/bannister/bannister/obj/x64/Debug/net8.0-android/android/bin/classes/com/microsoft/maui/R$plurals.class' (344)
2026-10-03 05:59:29: Copy Over 'C:/rock/bannister/Bannister/obj/x64/Debug/net8.0-android/android/bin/classes/com/microsoft/maui/R$string.class' -> 'goodrive://www.googleapis.com/:personal:/bannister/bannister/obj/x64/Debug/net8.0-android/android/bin/classes/com/microsoft/maui/R$string.class' (9,092)
2026-10-03 05:59:31: Copy Over 'C:/rock/bannister/Bannister/obj/x64/Debug/net8.0-android/android/bin/classes/com/microsoft/maui/R$style.class' -> 'goodrive://www.googleapis.com/:personal:/bannister/bannister/obj/x64/Debug/net8.0-android/android/bin/classes/com/microsoft/maui/R$style.class' (73,020)
2026-10-03 05:59:32: Copy Over 'C:/rock/bannister/Bannister/obj/x64/Debug/net8.0-android/android/bin/classes/com/microsoft/maui/R$styleable.class' -> 'goodrive://www.googleapis.com/:personal:/bannister/bannister/obj/x64/Debug/net8.0-android/android/bin/classes/com/microsoft/maui/R$styleable.class' (111,244)
2026-10-03 05:59:33: Copy Over 'C:/rock/bannister/Bannister/obj/x64/Debug/net8.0-android/android/bin/classes/com/microsoft/maui/R.class' -> 'goodrive://www.googleapis.com/:personal:/bannister/bannister/obj/x64/Debug/net8.0-android/android/bin/classes/com/microsoft/maui/R.class' (972)
2026-10-03 05:59:35: Copy Over 'C:/rock/bannister/Bannister/obj/x64/Debug/net8.0-android/android/bin/classes/androidx/appcompat/app/AlertDialog_IDialogInterfaceOnCancelListenerImplementor.class' -> 'goodrive://www.googleapis.com/:personal:/bannister/bannister/obj/x64/Debug/net8.0-android/android/bin/classes/androidx/appcompat/app/AlertDialog_IDialogInterfaceOnCancelListenerImplementor.class' (1,806)
2026-10-03 05:59:36: Copy Over 'C:/rock/bannister/Bannister/obj/x64/Debug/net8.0-android/android/bin/classes/androidx/arch/core/R.class' -> 'goodrive://www.googleapis.com/:personal:/bannister/bannister/obj/x64/Debug/net8.0-android/android/bin/classes/androidx/arch/core/R.class' (195)
2026-10-03 05:59:36: Copy Over 'C:/rock/bannister/Bannister/obj/x64/Debug/net8.0-android/android/bin/classes/androidx/appcompat/app/AlertDialog_IDialogInterfaceOnClickListenerImplementor.class' -> 'goodrive://www.googleapis.com/:personal:/bannister/bannister/obj/x64/Debug/net8.0-android/android/bin/classes/androidx/appcompat/app/AlertDialog_IDialogInterfaceOnClickListenerImplementor.class' (1,800)
2026-10-03 05:59:39: Copy Over 'C:/rock/bannister/Bannister/obj/x64/Debug/net8.0-android/android/bin/classes/androidx/appcompat/app/AlertDialog_IDialogInterfaceOnMultiChoiceClickListenerImplementor.class' -> 'goodrive://www.googleapis.com/:personal:/bannister/bannister/obj/x64/Debug/net8.0-android/android/bin/classes/androidx/appcompat/app/AlertDialog_IDialogInterfaceOnMultiChoiceClickListenerImplementor.class' (1,870)
2026-10-03 05:59:39: Copy Over 'C:/rock/bannister/Bannister/obj/x64/Debug/net8.0-android/android/bin/classes/androidx/appcompat/R$anim.class' -> 'goodrive://www.googleapis.com/:personal:/bannister/bannister/obj/x64/Debug/net8.0-android/android/bin/classes/androidx/appcompat/R$anim.class' (1,626)
2026-10-03 05:59:39: Copy Over 'C:/rock/bannister/Bannister/obj/x64/Debug/net8.0-android/android/bin/classes/androidx/appcompat/R$attr.class' -> 'goodrive://www.googleapis.com/:personal:/bannister/bannister/obj/x64/Debug/net8.0-android/android/bin/classes/androidx/appcompat/R$attr.class' (11,577)
2026-10-03 05:59:42: Copy Over 'C:/rock/bannister/Bannister/obj/x64/Debug/net8.0-android/android/bin/classes/androidx/appcompat/R$color.class' -> 'goodrive://www.googleapis.com/:personal:/bannister/bannister/obj/x64/Debug/net8.0-android/android/bin/classes/androidx/appcompat/R$color.class' (4,628)
2026-10-03 05:59:42: Copy Over 'C:/rock/bannister/Bannister/obj/x64/Debug/net8.0-android/android/bin/classes/androidx/appcompat/R$dimen.class' -> 'goodrive://www.googleapis.com/:personal:/bannister/bannister/obj/x64/Debug/net8.0-android/android/bin/classes/androidx/appcompat/R$dimen.class' (5,751)
2026-10-03 05:59:43: Copy Over 'C:/rock/bannister/Bannister/obj/x64/Debug/net8.0-android/android/bin/classes/androidx/appcompat/R$bool.class' -> 'goodrive://www.googleapis.com/:personal:/bannister/bannister/obj/x64/Debug/net8.0-android/android/bin/classes/androidx/appcompat/R$bool.class' (389)
2026-10-03 05:59:45: Copy Over 'C:/rock/bannister/Bannister/obj/x64/Debug/net8.0-android/android/bin/classes/androidx/appcompat/R$drawable.class' -> 'goodrive://www.googleapis.com/:personal:/bannister/bannister/obj/x64/Debug/net8.0-android/android/bin/classes/androidx/appcompat/R$drawable.class' (5,055)
2026-10-03 05:59:46: Copy Over 'C:/rock/bannister/Bannister/obj/x64/Debug/net8.0-android/android/bin/classes/androidx/appcompat/R$integer.class' -> 'goodrive://www.googleapis.com/:personal:/bannister/bannister/obj/x64/Debug/net8.0-android/android/bin/classes/androidx/appcompat/R$integer.class' (489)
2026-10-03 05:59:46: Copy Over 'C:/rock/bannister/Bannister/obj/x64/Debug/net8.0-android/android/bin/classes/androidx/appcompat/R$id.class' -> 'goodrive://www.googleapis.com/:personal:/bannister/bannister/obj/x64/Debug/net8.0-android/android/bin/classes/androidx/appcompat/R$id.class' (3,121)
2026-10-03 05:59:49: Copy Over 'C:/rock/bannister/Bannister/obj/x64/Debug/net8.0-android/android/bin/classes/androidx/appcompat/R$interpolator.class' -> 'goodrive://www.googleapis.com/:personal:/bannister/bannister/obj/x64/Debug/net8.0-android/android/bin/classes/androidx/appcompat/R$interpolator.class' (779)
2026-10-03 05:59:50: Copy Over 'C:/rock/bannister/Bannister/obj/x64/Debug/net8.0-android/android/bin/classes/androidx/appcompat/R$layout.class' -> 'goodrive://www.googleapis.com/:personal:/bannister/bannister/obj/x64/Debug/net8.0-android/android/bin/classes/androidx/appcompat/R$layout.class' (1,918)
2026-10-03 05:59:50: Copy Over 'C:/rock/bannister/Bannister/obj/x64/Debug/net8.0-android/android/bin/classes/androidx/appcompat/R$string.class' -> 'goodrive://www.googleapis.com/:personal:/bannister/bannister/obj/x64/Debug/net8.0-android/android/bin/classes/androidx/appcompat/R$string.class' (1,771)
2026-10-03 05:59:52: Copy Over 'C:/rock/bannister/Bannister/obj/x64/Debug/net8.0-android/android/bin/classes/androidx/appcompat/R$style.class' -> 'goodrive://www.googleapis.com/:personal:/bannister/bannister/obj/x64/Debug/net8.0-android/android/bin/classes/androidx/appcompat/R$style.class' (21,413)
2026-10-03 05:59:53: Copy Over 'C:/rock/bannister/Bannister/obj/x64/Debug/net8.0-android/android/bin/classes/androidx/appcompat/R$styleable.class' -> 'goodrive://www.googleapis.com/:personal:/bannister/bannister/obj/x64/Debug/net8.0-android/android/bin/classes/androidx/appcompat/R$styleable.class' (25,717)
2026-10-03 05:59:54: Copy Over 'C:/rock/bannister/Bannister/obj/x64/Debug/net8.0-android/android/bin/classes/androidx/appcompat/R.class' -> 'goodrive://www.googleapis.com/:personal:/bannister/bannister/obj/x64/Debug/net8.0-android/android/bin/classes/androidx/appcompat/R.class' (866)
2026-10-03 05:59:55: Copy Over 'C:/rock/bannister/Bannister/obj/x64/Debug/net8.0-android/android/bin/classes/androidx/appcompat/resources/R$drawable.class' -> 'goodrive://www.googleapis.com/:personal:/bannister/bannister/obj/x64/Debug/net8.0-android/android/bin/classes/androidx/appcompat/resources/R$drawable.class' (351)
2026-10-03 05:59:57: Copy Over 'C:/rock/bannister/Bannister/obj/x64/Debug/net8.0-android/android/bin/classes/androidx/appcompat/widget/Toolbar_NavigationOnClickEventDispatcher.class' -> 'goodrive://www.googleapis.com/:personal:/bannister/bannister/obj/x64/Debug/net8.0-android/android/bin/classes/androidx/appcompat/widget/Toolbar_NavigationOnClickEventDispatcher.class' (1,926)
2026-10-03 05:59:57: Copy Over 'C:/rock/bannister/Bannister/obj/x64/Debug/net8.0-android/android/bin/classes/androidx/appcompat/resources/R$styleable.class' -> 'goodrive://www.googleapis.com/:personal:/bannister/bannister/obj/x64/Debug/net8.0-android/android/bin/classes/androidx/appcompat/resources/R$styleable.class' (2,066)
2026-10-03 05:59:59: Copy Over 'C:/rock/bannister/Bannister/obj/x64/Debug/net8.0-android/android/bin/classes/androidx/appcompat/resources/R.class' -> 'goodrive://www.googleapis.com/:personal:/bannister/bannister/obj/x64/Debug/net8.0-android/android/bin/classes/androidx/appcompat/resources/R.class' (358)
2026-10-03 06:00:00: Copy Over 'C:/rock/bannister/Bannister/obj/x64/Debug/net8.0-android/android/bin/classes/androidx/cardview/R$attr.class' -> 'goodrive://www.googleapis.com/:personal:/bannister/bannister/obj/x64/Debug/net8.0-android/android/bin/classes/androidx/cardview/R$attr.class' (779)
2026-10-03 06:00:00: Copy Over 'C:/rock/bannister/Bannister/obj/x64/Debug/net8.0-android/android/bin/classes/androidx/browser/customtabs/CustomTabsClient_CustomTabsCallbackImpl.class' -> 'goodrive://www.googleapis.com/:personal:/bannister/bannister/obj/x64/Debug/net8.0-android/android/bin/classes/androidx/browser/customtabs/CustomTabsClient_CustomTabsCallbackImpl.class' (1,811)
2026-10-03 06:00:03: Copy Over 'C:/rock/bannister/Bannister/obj/x64/Debug/net8.0-android/android/bin/classes/androidx/cardview/R$color.class' -> 'goodrive://www.googleapis.com/:personal:/bannister/bannister/obj/x64/Debug/net8.0-android/android/bin/classes/androidx/cardview/R$color.class' (481)
2026-10-03 06:00:03: Copy Over 'C:/rock/bannister/Bannister/obj/x64/Debug/net8.0-android/android/bin/classes/androidx/cardview/R$style.class' -> 'goodrive://www.googleapis.com/:personal:/bannister/bannister/obj/x64/Debug/net8.0-android/android/bin/classes/androidx/cardview/R$style.class' (428)
2026-10-03 06:00:03: Copy Over 'C:/rock/bannister/Bannister/obj/x64/Debug/net8.0-android/android/bin/classes/androidx/cardview/R$dimen.class' -> 'goodrive://www.googleapis.com/:personal:/bannister/bannister/obj/x64/Debug/net8.0-android/android/bin/classes/androidx/cardview/R$dimen.class' (433)
2026-10-03 06:00:06: Copy Over 'C:/rock/bannister/Bannister/obj/x64/Debug/net8.0-android/android/bin/classes/androidx/cardview/R$styleable.class' -> 'goodrive://www.googleapis.com/:personal:/bannister/bannister/obj/x64/Debug/net8.0-android/android/bin/classes/androidx/cardview/R$styleable.class' (1,178)
2026-10-03 06:00:06: Copy Over 'C:/rock/bannister/Bannister/obj/x64/Debug/net8.0-android/android/bin/classes/androidx/cardview/R.class' -> 'goodrive://www.googleapis.com/:personal:/bannister/bannister/obj/x64/Debug/net8.0-android/android/bin/classes/androidx/cardview/R.class' (458)
2026-10-03 06:00:07: Copy Over 'C:/rock/bannister/Bannister/obj/x64/Debug/net8.0-android/android/bin/classes/androidx/browser/R$color.class' -> 'goodrive://www.googleapis.com/:personal:/bannister/bannister/obj/x64/Debug/net8.0-android/android/bin/classes/androidx/browser/R$color.class' (483)
2026-10-03 06:00:09: Copy Over 'C:/rock/bannister/Bannister/obj/x64/Debug/net8.0-android/android/bin/classes/androidx/browser/R$dimen.class' -> 'goodrive://www.googleapis.com/:personal:/bannister/bannister/obj/x64/Debug/net8.0-android/android/bin/classes/androidx/browser/R$dimen.class' (408)
2026-10-03 06:00:10: Copy Over 'C:/rock/bannister/Bannister/obj/x64/Debug/net8.0-android/android/bin/classes/androidx/browser/R$id.class' -> 'goodrive://www.googleapis.com/:personal:/bannister/bannister/obj/x64/Debug/net8.0-android/android/bin/classes/androidx/browser/R$id.class' (534)
2026-10-03 06:00:10: Copy Over 'C:/rock/bannister/Bannister/obj/x64/Debug/net8.0-android/android/bin/classes/androidx/browser/R$layout.class' -> 'goodrive://www.googleapis.com/:personal:/bannister/bannister/obj/x64/Debug/net8.0-android/android/bin/classes/androidx/browser/R$layout.class' (397)
2026-10-03 06:00:13: Copy Over 'C:/rock/bannister/Bannister/obj/x64/Debug/net8.0-android/android/bin/classes/androidx/browser/R$string.class' -> 'goodrive://www.googleapis.com/:personal:/bannister/bannister/obj/x64/Debug/net8.0-android/android/bin/classes/androidx/browser/R$string.class' (485)
2026-10-03 06:00:13: Copy Over 'C:/rock/bannister/Bannister/obj/x64/Debug/net8.0-android/android/bin/classes/androidx/browser/R.class' -> 'goodrive://www.googleapis.com/:personal:/bannister/bannister/obj/x64/Debug/net8.0-android/android/bin/classes/androidx/browser/R.class' (486)
2026-10-03 06:00:13: Copy Over 'C:/rock/bannister/Bannister/obj/x64/Debug/net8.0-android/android/bin/classes/androidx/browser/R$xml.class' -> 'goodrive://www.googleapis.com/:personal:/bannister/bannister/obj/x64/Debug/net8.0-android/android/bin/classes/androidx/browser/R$xml.class' (323)
2026-10-03 06:00:16: Copy Over 'C:/rock/bannister/Bannister/obj/x64/Debug/net8.0-android/android/bin/classes/androidx/coordinatorlayout/R$attr.class' -> 'goodrive://www.googleapis.com/:personal:/bannister/bannister/obj/x64/Debug/net8.0-android/android/bin/classes/androidx/coordinatorlayout/R$attr.class' (665)
2026-10-03 06:00:17: Copy Over 'C:/rock/bannister/Bannister/obj/x64/Debug/net8.0-android/android/bin/classes/androidx/constraintlayout/widget/R$anim.class' -> 'goodrive://www.googleapis.com/:personal:/bannister/bannister/obj/x64/Debug/net8.0-android/android/bin/classes/androidx/constraintlayout/widget/R$anim.class' (1,654)
2026-10-03 06:00:18: Copy Over 'C:/rock/bannister/Bannister/obj/x64/Debug/net8.0-android/android/bin/classes/androidx/constraintlayout/widget/R$attr.class' -> 'goodrive://www.googleapis.com/:personal:/bannister/bannister/obj/x64/Debug/net8.0-android/android/bin/classes/androidx/constraintlayout/widget/R$attr.class' (23,341)
2026-10-03 06:00:21: Copy Over 'C:/rock/bannister/Bannister/obj/x64/Debug/net8.0-android/android/bin/classes/androidx/constraintlayout/widget/R$color.class' -> 'goodrive://www.googleapis.com/:personal:/bannister/bannister/obj/x64/Debug/net8.0-android/android/bin/classes/androidx/constraintlayout/widget/R$color.class' (4,896)
2026-10-03 06:00:21: Copy Over 'C:/rock/bannister/Bannister/obj/x64/Debug/net8.0-android/android/bin/classes/androidx/constraintlayout/widget/R$dimen.class' -> 'goodrive://www.googleapis.com/:personal:/bannister/bannister/obj/x64/Debug/net8.0-android/android/bin/classes/androidx/constraintlayout/widget/R$dimen.class' (6,927)
2026-10-03 06:00:24: Copy Over 'C:/rock/bannister/Bannister/obj/x64/Debug/net8.0-android/android/bin/classes/androidx/constraintlayout/widget/R$bool.class' -> 'goodrive://www.googleapis.com/:personal:/bannister/bannister/obj/x64/Debug/net8.0-android/android/bin/classes/androidx/constraintlayout/widget/R$bool.class' (417)
2026-10-03 06:00:24: Copy Over 'C:/rock/bannister/Bannister/obj/x64/Debug/net8.0-android/android/bin/classes/androidx/constraintlayout/widget/R$drawable.class' -> 'goodrive://www.googleapis.com/:personal:/bannister/bannister/obj/x64/Debug/net8.0-android/android/bin/classes/androidx/constraintlayout/widget/R$drawable.class' (5,417)
2026-10-03 06:00:24: Copy Over 'C:/rock/bannister/Bannister/obj/x64/Debug/net8.0-android/android/bin/classes/androidx/constraintlayout/widget/R$id.class' -> 'goodrive://www.googleapis.com/:personal:/bannister/bannister/obj/x64/Debug/net8.0-android/android/bin/classes/androidx/constraintlayout/widget/R$id.class' (9,913)
2026-10-03 06:00:27: Copy Over 'C:/rock/bannister/Bannister/obj/x64/Debug/net8.0-android/android/bin/classes/androidx/constraintlayout/widget/R$integer.class' -> 'goodrive://www.googleapis.com/:personal:/bannister/bannister/obj/x64/Debug/net8.0-android/android/bin/classes/androidx/constraintlayout/widget/R$integer.class' (576)
2026-10-03 06:00:28: Copy Over 'C:/rock/bannister/Bannister/obj/x64/Debug/net8.0-android/android/bin/classes/androidx/constraintlayout/widget/R$layout.class' -> 'goodrive://www.googleapis.com/:personal:/bannister/bannister/obj/x64/Debug/net8.0-android/android/bin/classes/androidx/constraintlayout/widget/R$layout.class' (2,308)
2026-10-03 06:00:28: Copy Over 'C:/rock/bannister/Bannister/obj/x64/Debug/net8.0-android/android/bin/classes/androidx/constraintlayout/widget/R$interpolator.class' -> 'goodrive://www.googleapis.com/:personal:/bannister/bannister/obj/x64/Debug/net8.0-android/android/bin/classes/androidx/constraintlayout/widget/R$interpolator.class' (807)
2026-10-03 06:00:31: Copy Over 'C:/rock/bannister/Bannister/obj/x64/Debug/net8.0-android/android/bin/classes/androidx/constraintlayout/widget/R$string.class' -> 'goodrive://www.googleapis.com/:personal:/bannister/bannister/obj/x64/Debug/net8.0-android/android/bin/classes/androidx/constraintlayout/widget/R$string.class' (1,860)
2026-10-03 06:00:31: Copy Over 'C:/rock/bannister/Bannister/obj/x64/Debug/net8.0-android/android/bin/classes/androidx/constraintlayout/widget/R$style.class' -> 'goodrive://www.googleapis.com/:personal:/bannister/bannister/obj/x64/Debug/net8.0-android/android/bin/classes/androidx/constraintlayout/widget/R$style.class' (21,878)
2026-10-03 06:00:31: Copy Over 'C:/rock/bannister/Bannister/obj/x64/Debug/net8.0-android/android/bin/classes/androidx/constraintlayout/widget/R$styleable.class' -> 'goodrive://www.googleapis.com/:personal:/bannister/bannister/obj/x64/Debug/net8.0-android/android/bin/classes/androidx/constraintlayout/widget/R$styleable.class' (82,207)
2026-10-03 06:00:34: Copy Over 'C:/rock/bannister/Bannister/obj/x64/Debug/net8.0-android/android/bin/classes/androidx/coordinatorlayout/R$id.class' -> 'goodrive://www.googleapis.com/:personal:/bannister/bannister/obj/x64/Debug/net8.0-android/android/bin/classes/androidx/coordinatorlayout/R$id.class' (494)
2026-10-03 06:00:34: Copy Over 'C:/rock/bannister/Bannister/obj/x64/Debug/net8.0-android/android/bin/classes/androidx/coordinatorlayout/R$style.class' -> 'goodrive://www.googleapis.com/:personal:/bannister/bannister/obj/x64/Debug/net8.0-android/android/bin/classes/androidx/coordinatorlayout/R$style.class' (358)
2026-10-03 06:00:35: Copy Over 'C:/rock/bannister/Bannister/obj/x64/Debug/net8.0-android/android/bin/classes/androidx/constraintlayout/widget/R.class' -> 'goodrive://www.googleapis.com/:personal:/bannister/bannister/obj/x64/Debug/net8.0-android/android/bin/classes/androidx/constraintlayout/widget/R.class' (1,062)
2026-10-03 06:00:38: Copy Over 'C:/rock/bannister/Bannister/obj/x64/Debug/net8.0-android/android/bin/classes/androidx/coordinatorlayout/R$styleable.class' -> 'goodrive://www.googleapis.com/:personal:/bannister/bannister/obj/x64/Debug/net8.0-android/android/bin/classes/androidx/coordinatorlayout/R$styleable.class' (1,122)
2026-10-03 06:00:38: Copy Over 'C:/rock/bannister/Bannister/obj/x64/Debug/net8.0-android/android/bin/classes/androidx/coordinatorlayout/R.class' -> 'goodrive://www.googleapis.com/:personal:/bannister/bannister/obj/x64/Debug/net8.0-android/android/bin/classes/androidx/coordinatorlayout/R.class' (450)
2026-10-03 06:00:38: Copy Over 'C:/rock/bannister/Bannister/obj/x64/Debug/net8.0-android/android/bin/classes/androidx/cursoradapter/R.class' -> 'goodrive://www.googleapis.com/:personal:/bannister/bannister/obj/x64/Debug/net8.0-android/android/bin/classes/androidx/cursoradapter/R.class' (199)
2026-10-03 06:00:41: Copy Over 'C:/rock/bannister/Bannister/obj/x64/Debug/net8.0-android/android/bin/classes/androidx/core/ktx/R.class' -> 'goodrive://www.googleapis.com/:personal:/bannister/bannister/obj/x64/Debug/net8.0-android/android/bin/classes/androidx/core/ktx/R.class' (194)
2026-10-03 06:00:41: Copy Over 'C:/rock/bannister/Bannister/obj/x64/Debug/net8.0-android/android/bin/classes/androidx/core/R$attr.class' -> 'goodrive://www.googleapis.com/:personal:/bannister/bannister/obj/x64/Debug/net8.0-android/android/bin/classes/androidx/core/R$attr.class' (950)
2026-10-03 06:00:42: Copy Over 'C:/rock/bannister/Bannister/obj/x64/Debug/net8.0-android/android/bin/classes/androidx/core/R$color.class' -> 'goodrive://www.googleapis.com/:personal:/bannister/bannister/obj/x64/Debug/net8.0-android/android/bin/classes/androidx/core/R$color.class' (625)
2026-10-03 06:00:45: Copy Over 'C:/rock/bannister/Bannister/obj/x64/Debug/net8.0-android/android/bin/classes/androidx/core/R$dimen.class' -> 'goodrive://www.googleapis.com/:personal:/bannister/bannister/obj/x64/Debug/net8.0-android/android/bin/classes/androidx/core/R$dimen.class' (1,537)
2026-10-03 06:00:45: Copy Over 'C:/rock/bannister/Bannister/obj/x64/Debug/net8.0-android/android/bin/classes/androidx/core/R$drawable.class' -> 'goodrive://www.googleapis.com/:personal:/bannister/bannister/obj/x64/Debug/net8.0-android/android/bin/classes/androidx/core/R$drawable.class' (1,136)
2026-10-03 06:00:45: Copy Over 'C:/rock/bannister/Bannister/obj/x64/Debug/net8.0-android/android/bin/classes/androidx/core/R$id.class' -> 'goodrive://www.googleapis.com/:personal:/bannister/bannister/obj/x64/Debug/net8.0-android/android/bin/classes/androidx/core/R$id.class' (3,611)
2026-10-03 06:00:48: Copy Over 'C:/rock/bannister/Bannister/obj/x64/Debug/net8.0-android/android/bin/classes/androidx/core/R$string.class' -> 'goodrive://www.googleapis.com/:personal:/bannister/bannister/obj/x64/Debug/net8.0-android/android/bin/classes/androidx/core/R$string.class' (732)
2026-10-03 06:00:48: Copy Over 'C:/rock/bannister/Bannister/obj/x64/Debug/net8.0-android/android/bin/classes/androidx/core/R$layout.class' -> 'goodrive://www.googleapis.com/:personal:/bannister/bannister/obj/x64/Debug/net8.0-android/android/bin/classes/androidx/core/R$layout.class' (640)
2026-10-03 06:00:49: Copy Over 'C:/rock/bannister/Bannister/obj/x64/Debug/net8.0-android/android/bin/classes/androidx/core/R$integer.class' -> 'goodrive://www.googleapis.com/:personal:/bannister/bannister/obj/x64/Debug/net8.0-android/android/bin/classes/androidx/core/R$integer.class' (339)
2026-10-03 06:00:52: Copy Over 'C:/rock/bannister/Bannister/obj/x64/Debug/net8.0-android/android/bin/classes/androidx/core/R$style.class' -> 'goodrive://www.googleapis.com/:personal:/bannister/bannister/obj/x64/Debug/net8.0-android/android/bin/classes/androidx/core/R$style.class' (713)
2026-10-03 06:00:53: Copy Over 'C:/rock/bannister/Bannister/obj/x64/Debug/net8.0-android/android/bin/classes/androidx/core/R.class' -> 'goodrive://www.googleapis.com/:personal:/bannister/bannister/obj/x64/Debug/net8.0-android/android/bin/classes/androidx/core/R.class' (657)
2026-10-03 06:00:53: Copy Over 'C:/rock/bannister/Bannister/obj/x64/Debug/net8.0-android/android/bin/classes/androidx/core/R$styleable.class' -> 'goodrive://www.googleapis.com/:personal:/bannister/bannister/obj/x64/Debug/net8.0-android/android/bin/classes/androidx/core/R$styleable.class' (2,912)
2026-10-03 06:00:56: Copy Over 'C:/rock/bannister/Bannister/obj/x64/Debug/net8.0-android/android/bin/classes/androidx/documentfile/R.class' -> 'goodrive://www.googleapis.com/:personal:/bannister/bannister/obj/x64/Debug/net8.0-android/android/bin/classes/androidx/documentfile/R.class' (198)
2026-10-03 06:00:56: Copy Over 'C:/rock/bannister/Bannister/obj/x64/Debug/net8.0-android/android/bin/classes/androidx/customview/poolingcontainer/R.class' -> 'goodrive://www.googleapis.com/:personal:/bannister/bannister/obj/x64/Debug/net8.0-android/android/bin/classes/androidx/customview/poolingcontainer/R.class' (296)
2026-10-03 06:00:56: Copy Over 'C:/rock/bannister/Bannister/obj/x64/Debug/net8.0-android/android/bin/classes/androidx/customview/poolingcontainer/R$id.class' -> 'goodrive://www.googleapis.com/:personal:/bannister/bannister/obj/x64/Debug/net8.0-android/android/bin/classes/androidx/customview/poolingcontainer/R$id.class' (425)
2026-10-03 06:00:59: Copy Over 'C:/rock/bannister/Bannister/obj/x64/Debug/net8.0-android/android/bin/classes/androidx/customview/R$attr.class' -> 'goodrive://www.googleapis.com/:personal:/bannister/bannister/obj/x64/Debug/net8.0-android/android/bin/classes/androidx/customview/R$attr.class' (754)
2026-10-03 06:01:00: Copy Over 'C:/rock/bannister/Bannister/obj/x64/Debug/net8.0-android/android/bin/classes/androidx/customview/R$color.class' -> 'goodrive://www.googleapis.com/:personal:/bannister/bannister/obj/x64/Debug/net8.0-android/android/bin/classes/androidx/customview/R$color.class' (528)
2026-10-03 06:01:00: Copy Over 'C:/rock/bannister/Bannister/obj/x64/Debug/net8.0-android/android/bin/classes/androidx/customview/R$dimen.class' -> 'goodrive://www.googleapis.com/:personal:/bannister/bannister/obj/x64/Debug/net8.0-android/android/bin/classes/androidx/customview/R$dimen.class' (1,549)
2026-10-03 06:01:02: Copy Over 'C:/rock/bannister/Bannister/obj/x64/Debug/net8.0-android/android/bin/classes/androidx/customview/R$drawable.class' -> 'goodrive://www.googleapis.com/:personal:/bannister/bannister/obj/x64/Debug/net8.0-android/android/bin/classes/androidx/customview/R$drawable.class' (894)
2026-10-03 06:01:03: Copy Over 'C:/rock/bannister/Bannister/obj/x64/Debug/net8.0-android/android/bin/classes/androidx/customview/R$id.class' -> 'goodrive://www.googleapis.com/:personal:/bannister/bannister/obj/x64/Debug/net8.0-android/android/bin/classes/androidx/customview/R$id.class' (3,354)
2026-10-03 06:01:04: Copy Over 'C:/rock/bannister/Bannister/obj/x64/Debug/net8.0-android/android/bin/classes/androidx/customview/R$integer.class' -> 'goodrive://www.googleapis.com/:personal:/bannister/bannister/obj/x64/Debug/net8.0-android/android/bin/classes/androidx/customview/R$integer.class' (351)
2026-10-03 06:01:06: Copy Over 'C:/rock/bannister/Bannister/obj/x64/Debug/net8.0-android/android/bin/classes/androidx/customview/R$layout.class' -> 'goodrive://www.googleapis.com/:personal:/bannister/bannister/obj/x64/Debug/net8.0-android/android/bin/classes/androidx/customview/R$layout.class' (652)
2026-10-03 06:01:07: Copy Over 'C:/rock/bannister/Bannister/obj/x64/Debug/net8.0-android/android/bin/classes/androidx/customview/R$string.class' -> 'goodrive://www.googleapis.com/:personal:/bannister/bannister/obj/x64/Debug/net8.0-android/android/bin/classes/androidx/customview/R$string.class' (351)
2026-10-03 06:01:07: Copy Over 'C:/rock/bannister/Bannister/obj/x64/Debug/net8.0-android/android/bin/classes/androidx/customview/R$style.class' -> 'goodrive://www.googleapis.com/:personal:/bannister/bannister/obj/x64/Debug/net8.0-android/android/bin/classes/androidx/customview/R$style.class' (725)
2026-10-03 06:01:09: Copy Over 'C:/rock/bannister/Bannister/obj/x64/Debug/net8.0-android/android/bin/classes/androidx/customview/R$styleable.class' -> 'goodrive://www.googleapis.com/:personal:/bannister/bannister/obj/x64/Debug/net8.0-android/android/bin/classes/androidx/customview/R$styleable.class' (2,617)
2026-10-03 06:01:10: Copy Over 'C:/rock/bannister/Bannister/obj/x64/Debug/net8.0-android/android/bin/classes/androidx/drawerlayout/R$attr.class' -> 'goodrive://www.googleapis.com/:personal:/bannister/bannister/obj/x64/Debug/net8.0-android/android/bin/classes/androidx/drawerlayout/R$attr.class' (364)
2026-10-03 06:01:11: Copy Over 'C:/rock/bannister/Bannister/obj/x64/Debug/net8.0-android/android/bin/classes/androidx/customview/R.class' -> 'goodrive://www.googleapis.com/:personal:/bannister/bannister/obj/x64/Debug/net8.0-android/android/bin/classes/androidx/customview/R.class' (723)
2026-10-03 06:01:13: Copy Over 'C:/rock/bannister/Bannister/obj/x64/Debug/net8.0-android/android/bin/classes/androidx/dynamicanimation/R$attr.class' -> 'goodrive://www.googleapis.com/:personal:/bannister/bannister/obj/x64/Debug/net8.0-android/android/bin/classes/androidx/dynamicanimation/R$attr.class' (766)
2026-10-03 06:01:14: Copy Over 'C:/rock/bannister/Bannister/obj/x64/Debug/net8.0-android/android/bin/classes/androidx/dynamicanimation/R$color.class' -> 'goodrive://www.googleapis.com/:personal:/bannister/bannister/obj/x64/Debug/net8.0-android/android/bin/classes/androidx/dynamicanimation/R$color.class' (512)
2026-10-03 06:01:14: Copy Over 'C:/rock/bannister/Bannister/obj/x64/Debug/net8.0-android/android/bin/classes/androidx/dynamicanimation/R$dimen.class' -> 'goodrive://www.googleapis.com/:personal:/bannister/bannister/obj/x64/Debug/net8.0-android/android/bin/classes/androidx/dynamicanimation/R$dimen.class' (1,561)
2026-10-03 06:01:17: Copy Over 'C:/rock/bannister/Bannister/obj/x64/Debug/net8.0-android/android/bin/classes/androidx/dynamicanimation/R$drawable.class' -> 'goodrive://www.googleapis.com/:personal:/bannister/bannister/obj/x64/Debug/net8.0-android/android/bin/classes/androidx/dynamicanimation/R$drawable.class' (906)
2026-10-03 06:01:17: Copy Over 'C:/rock/bannister/Bannister/obj/x64/Debug/net8.0-android/android/bin/classes/androidx/dynamicanimation/R$integer.class' -> 'goodrive://www.googleapis.com/:personal:/bannister/bannister/obj/x64/Debug/net8.0-android/android/bin/classes/androidx/dynamicanimation/R$integer.class' (363)
2026-10-03 06:01:17: Copy Over 'C:/rock/bannister/Bannister/obj/x64/Debug/net8.0-android/android/bin/classes/androidx/dynamicanimation/R$id.class' -> 'goodrive://www.googleapis.com/:personal:/bannister/bannister/obj/x64/Debug/net8.0-android/android/bin/classes/androidx/dynamicanimation/R$id.class' (1,294)
2026-10-03 06:01:20: Copy Over 'C:/rock/bannister/Bannister/obj/x64/Debug/net8.0-android/android/bin/classes/androidx/dynamicanimation/R$layout.class' -> 'goodrive://www.googleapis.com/:personal:/bannister/bannister/obj/x64/Debug/net8.0-android/android/bin/classes/androidx/dynamicanimation/R$layout.class' (627)
2026-10-03 06:01:20: Copy Over 'C:/rock/bannister/Bannister/obj/x64/Debug/net8.0-android/android/bin/classes/androidx/dynamicanimation/R$style.class' -> 'goodrive://www.googleapis.com/:personal:/bannister/bannister/obj/x64/Debug/net8.0-android/android/bin/classes/androidx/dynamicanimation/R$style.class' (737)
2026-10-03 06:01:21: Copy Over 'C:/rock/bannister/Bannister/obj/x64/Debug/net8.0-android/android/bin/classes/androidx/dynamicanimation/R$string.class' -> 'goodrive://www.googleapis.com/:personal:/bannister/bannister/obj/x64/Debug/net8.0-android/android/bin/classes/androidx/dynamicanimation/R$string.class' (363)
2026-10-03 06:01:24: Copy Over 'C:/rock/bannister/Bannister/obj/x64/Debug/net8.0-android/android/bin/classes/androidx/dynamicanimation/R.class' -> 'goodrive://www.googleapis.com/:personal:/bannister/bannister/obj/x64/Debug/net8.0-android/android/bin/classes/androidx/dynamicanimation/R.class' (789)
2026-10-03 06:01:24: Copy Over 'C:/rock/bannister/Bannister/obj/x64/Debug/net8.0-android/android/bin/classes/androidx/dynamicanimation/R$styleable.class' -> 'goodrive://www.googleapis.com/:personal:/bannister/bannister/obj/x64/Debug/net8.0-android/android/bin/classes/androidx/dynamicanimation/R$styleable.class' (2,629)
2026-10-03 06:01:25: Copy Over 'C:/rock/bannister/Bannister/obj/x64/Debug/net8.0-android/android/bin/classes/androidx/drawerlayout/R$dimen.class' -> 'goodrive://www.googleapis.com/:personal:/bannister/bannister/obj/x64/Debug/net8.0-android/android/bin/classes/androidx/drawerlayout/R$dimen.class' (336)
2026-10-03 06:01:27: Copy Over 'C:/rock/bannister/Bannister/obj/x64/Debug/net8.0-android/android/bin/classes/androidx/drawerlayout/R.class' -> 'goodrive://www.googleapis.com/:personal:/bannister/bannister/obj/x64/Debug/net8.0-android/android/bin/classes/androidx/drawerlayout/R.class' (380)
2026-10-03 06:01:28: Copy Over 'C:/rock/bannister/Bannister/obj/x64/Debug/net8.0-android/android/bin/classes/androidx/drawerlayout/R$styleable.class' -> 'goodrive://www.googleapis.com/:personal:/bannister/bannister/obj/x64/Debug/net8.0-android/android/bin/classes/androidx/drawerlayout/R$styleable.class' (450)
2026-10-03 06:01:29: Copy Over 'C:/rock/bannister/Bannister/obj/x64/Debug/net8.0-android/android/bin/classes/androidx/emoji2/R.class' -> 'goodrive://www.googleapis.com/:personal:/bannister/bannister/obj/x64/Debug/net8.0-android/android/bin/classes/androidx/emoji2/R.class' (192)
2026-10-03 06:01:30: Copy Over 'C:/rock/bannister/Bannister/obj/x64/Debug/net8.0-android/android/bin/classes/androidx/exifinterface/R.class' -> 'goodrive://www.googleapis.com/:personal:/bannister/bannister/obj/x64/Debug/net8.0-android/android/bin/classes/androidx/exifinterface/R.class' (199)
2026-10-03 06:01:32: Copy Over 'C:/rock/bannister/Bannister/obj/x64/Debug/net8.0-android/android/bin/classes/androidx/emoji2/viewsintegration/R.class' -> 'goodrive://www.googleapis.com/:personal:/bannister/bannister/obj/x64/Debug/net8.0-android/android/bin/classes/androidx/emoji2/viewsintegration/R.class' (209)
2026-10-03 06:01:32: Copy Over 'C:/rock/bannister/Bannister/obj/x64/Debug/net8.0-android/android/bin/classes/androidx/fragment/R$anim.class' -> 'goodrive://www.googleapis.com/:personal:/bannister/bannister/obj/x64/Debug/net8.0-android/android/bin/classes/androidx/fragment/R$anim.class' (337)
2026-10-03 06:01:34: Copy Over 'C:/rock/bannister/Bannister/obj/x64/Debug/net8.0-android/android/bin/classes/androidx/fragment/ktx/R.class' -> 'goodrive://www.googleapis.com/:personal:/bannister/bannister/obj/x64/Debug/net8.0-android/android/bin/classes/androidx/fragment/ktx/R.class' (198)
2026-10-03 06:01:35: Copy Over 'C:/rock/bannister/Bannister/obj/x64/Debug/net8.0-android/android/bin/classes/androidx/fragment/R$animator.class' -> 'goodrive://www.googleapis.com/:personal:/bannister/bannister/obj/x64/Debug/net8.0-android/android/bin/classes/androidx/fragment/R$animator.class' (547)
2026-10-03 06:01:35: Copy Over 'C:/rock/bannister/Bannister/obj/x64/Debug/net8.0-android/android/bin/classes/androidx/fragment/R$id.class' -> 'goodrive://www.googleapis.com/:personal:/bannister/bannister/obj/x64/Debug/net8.0-android/android/bin/classes/androidx/fragment/R$id.class' (446)
2026-10-03 06:01:38: Copy Over 'C:/rock/bannister/Bannister/obj/x64/Debug/net8.0-android/android/bin/classes/androidx/fragment/R.class' -> 'goodrive://www.googleapis.com/:personal:/bannister/bannister/obj/x64/Debug/net8.0-android/android/bin/classes/androidx/fragment/R.class' (411)
2026-10-03 06:01:38: Copy Over 'C:/rock/bannister/Bannister/obj/x64/Debug/net8.0-android/android/bin/classes/androidx/fragment/R$styleable.class' -> 'goodrive://www.googleapis.com/:personal:/bannister/bannister/obj/x64/Debug/net8.0-android/android/bin/classes/androidx/fragment/R$styleable.class' (711)
2026-10-03 06:01:38: Copy Over 'C:/rock/bannister/Bannister/obj/x64/Debug/net8.0-android/android/bin/classes/androidx/interpolator/R.class' -> 'goodrive://www.googleapis.com/:personal:/bannister/bannister/obj/x64/Debug/net8.0-android/android/bin/classes/androidx/interpolator/R.class' (198)
2026-10-03 06:01:41: Copy Over 'C:/rock/bannister/Bannister/obj/x64/Debug/net8.0-android/android/bin/classes/androidx/lifecycle/ktx/R.class' -> 'goodrive://www.googleapis.com/:personal:/bannister/bannister/obj/x64/Debug/net8.0-android/android/bin/classes/androidx/lifecycle/ktx/R.class' (199)
2026-10-03 06:01:41: Copy Over 'C:/rock/bannister/Bannister/obj/x64/Debug/net8.0-android/android/bin/classes/androidx/legacy/coreutils/R$attr.class' -> 'goodrive://www.googleapis.com/:personal:/bannister/bannister/obj/x64/Debug/net8.0-android/android/bin/classes/androidx/legacy/coreutils/R$attr.class' (766)
2026-10-03 06:01:42: Copy Over 'C:/rock/bannister/Bannister/obj/x64/Debug/net8.0-android/android/bin/classes/androidx/lifecycle/livedata/R.class' -> 'goodrive://www.googleapis.com/:personal:/bannister/bannister/obj/x64/Debug/net8.0-android/android/bin/classes/androidx/lifecycle/livedata/R.class' (204)
2026-10-03 06:01:45: Copy Over 'C:/rock/bannister/Bannister/obj/x64/Debug/net8.0-android/android/bin/classes/androidx/lifecycle/livedata/core/ktx/R.class' -> 'goodrive://www.googleapis.com/:personal:/bannister/bannister/obj/x64/Debug/net8.0-android/android/bin/classes/androidx/lifecycle/livedata/core/ktx/R.class' (213)
2026-10-03 06:01:45: Copy Over 'C:/rock/bannister/Bannister/obj/x64/Debug/net8.0-android/android/bin/classes/androidx/lifecycle/livedata/core/R.class' -> 'goodrive://www.googleapis.com/:personal:/bannister/bannister/obj/x64/Debug/net8.0-android/android/bin/classes/androidx/lifecycle/livedata/core/R.class' (209)
2026-10-03 06:01:45: Copy Over 'C:/rock/bannister/Bannister/obj/x64/Debug/net8.0-android/android/bin/classes/androidx/lifecycle/process/R.class' -> 'goodrive://www.googleapis.com/:personal:/bannister/bannister/obj/x64/Debug/net8.0-android/android/bin/classes/androidx/lifecycle/process/R.class' (203)
2026-10-03 06:01:48: Copy Over 'C:/rock/bannister/Bannister/obj/x64/Debug/net8.0-android/android/bin/classes/androidx/lifecycle/runtime/R$id.class' -> 'goodrive://www.googleapis.com/:personal:/bannister/bannister/obj/x64/Debug/net8.0-android/android/bin/classes/androidx/lifecycle/runtime/R$id.class' (345)
2026-10-03 06:01:48: Copy Over 'C:/rock/bannister/Bannister/obj/x64/Debug/net8.0-android/android/bin/classes/androidx/lifecycle/runtime/R.class' -> 'goodrive://www.googleapis.com/:personal:/bannister/bannister/obj/x64/Debug/net8.0-android/android/bin/classes/androidx/lifecycle/runtime/R.class' (276)
2026-10-03 06:01:48: Copy Over 'C:/rock/bannister/Bannister/obj/x64/Debug/net8.0-android/android/bin/classes/androidx/legacy/coreutils/R$color.class' -> 'goodrive://www.googleapis.com/:personal:/bannister/bannister/obj/x64/Debug/net8.0-android/android/bin/classes/androidx/legacy/coreutils/R$color.class' (512)
2026-10-03 06:01:51: Copy Over 'C:/rock/bannister/Bannister/obj/x64/Debug/net8.0-android/android/bin/classes/androidx/lifecycle/viewmodel/R$id.class' -> 'goodrive://www.googleapis.com/:personal:/bannister/bannister/obj/x64/Debug/net8.0-android/android/bin/classes/androidx/lifecycle/viewmodel/R$id.class' (356)
2026-10-03 06:01:52: Copy Over 'C:/rock/bannister/Bannister/obj/x64/Debug/net8.0-android/android/bin/classes/androidx/lifecycle/viewmodel/ktx/R.class' -> 'goodrive://www.googleapis.com/:personal:/bannister/bannister/obj/x64/Debug/net8.0-android/android/bin/classes/androidx/lifecycle/viewmodel/ktx/R.class' (209)
2026-10-03 06:01:52: Copy Over 'C:/rock/bannister/Bannister/obj/x64/Debug/net8.0-android/android/bin/classes/androidx/lifecycle/viewmodel/R.class' -> 'goodrive://www.googleapis.com/:personal:/bannister/bannister/obj/x64/Debug/net8.0-android/android/bin/classes/androidx/lifecycle/viewmodel/R.class' (280)
2026-10-03 06:01:55: Copy Over 'C:/rock/bannister/Bannister/obj/x64/Debug/net8.0-android/android/bin/classes/androidx/legacy/coreutils/R$dimen.class' -> 'goodrive://www.googleapis.com/:personal:/bannister/bannister/obj/x64/Debug/net8.0-android/android/bin/classes/androidx/legacy/coreutils/R$dimen.class' (1,561)
2026-10-03 06:01:56: Copy Over 'C:/rock/bannister/Bannister/obj/x64/Debug/net8.0-android/android/bin/classes/androidx/lifecycle/viewmodel/savedstate/R.class' -> 'goodrive://www.googleapis.com/:personal:/bannister/bannister/obj/x64/Debug/net8.0-android/android/bin/classes/androidx/lifecycle/viewmodel/savedstate/R.class' (216)
2026-10-03 06:01:56: Copy Over 'C:/rock/bannister/Bannister/obj/x64/Debug/net8.0-android/android/bin/classes/androidx/legacy/coreutils/R$drawable.class' -> 'goodrive://www.googleapis.com/:personal:/bannister/bannister/obj/x64/Debug/net8.0-android/android/bin/classes/androidx/legacy/coreutils/R$drawable.class' (906)
2026-10-03 06:01:59: Copy Over 'C:/rock/bannister/Bannister/obj/x64/Debug/net8.0-android/android/bin/classes/androidx/legacy/coreutils/R$id.class' -> 'goodrive://www.googleapis.com/:personal:/bannister/bannister/obj/x64/Debug/net8.0-android/android/bin/classes/androidx/legacy/coreutils/R$id.class' (1,294)
2026-10-03 06:01:59: Copy Over 'C:/rock/bannister/Bannister/obj/x64/Debug/net8.0-android/android/bin/classes/androidx/legacy/coreutils/R$integer.class' -> 'goodrive://www.googleapis.com/:personal:/bannister/bannister/obj/x64/Debug/net8.0-android/android/bin/classes/androidx/legacy/coreutils/R$integer.class' (363)
2026-10-03 06:01:59: Copy Over 'C:/rock/bannister/Bannister/obj/x64/Debug/net8.0-android/android/bin/classes/androidx/legacy/coreutils/R$layout.class' -> 'goodrive://www.googleapis.com/:personal:/bannister/bannister/obj/x64/Debug/net8.0-android/android/bin/classes/androidx/legacy/coreutils/R$layout.class' (627)
2026-10-03 06:02:02: Copy Over 'C:/rock/bannister/Bannister/obj/x64/Debug/net8.0-android/android/bin/classes/androidx/legacy/coreutils/R$string.class' -> 'goodrive://www.googleapis.com/:personal:/bannister/bannister/obj/x64/Debug/net8.0-android/android/bin/classes/androidx/legacy/coreutils/R$string.class' (363)
2026-10-03 06:02:02: Copy Over 'C:/rock/bannister/Bannister/obj/x64/Debug/net8.0-android/android/bin/classes/androidx/legacy/coreutils/R$style.class' -> 'goodrive://www.googleapis.com/:personal:/bannister/bannister/obj/x64/Debug/net8.0-android/android/bin/classes/androidx/legacy/coreutils/R$style.class' (737)
2026-10-03 06:02:02: Copy Over 'C:/rock/bannister/Bannister/obj/x64/Debug/net8.0-android/android/bin/classes/androidx/legacy/coreutils/R$styleable.class' -> 'goodrive://www.googleapis.com/:personal:/bannister/bannister/obj/x64/Debug/net8.0-android/android/bin/classes/androidx/legacy/coreutils/R$styleable.class' (2,629)
2026-10-03 06:02:06: Copy Over 'C:/rock/bannister/Bannister/obj/x64/Debug/net8.0-android/android/bin/classes/androidx/legacy/coreutils/R.class' -> 'goodrive://www.googleapis.com/:personal:/bannister/bannister/obj/x64/Debug/net8.0-android/android/bin/classes/androidx/legacy/coreutils/R.class' (789)
2026-10-03 06:02:06: Copy Over 'C:/rock/bannister/Bannister/obj/x64/Debug/net8.0-android/android/bin/classes/androidx/loader/R$attr.class' -> 'goodrive://www.googleapis.com/:personal:/bannister/bannister/obj/x64/Debug/net8.0-android/android/bin/classes/androidx/loader/R$attr.class' (746)
2026-10-03 06:02:06: Copy Over 'C:/rock/bannister/Bannister/obj/x64/Debug/net8.0-android/android/bin/classes/androidx/localbroadcastmanager/R.class' -> 'goodrive://www.googleapis.com/:personal:/bannister/bannister/obj/x64/Debug/net8.0-android/android/bin/classes/androidx/localbroadcastmanager/R.class' (207)
2026-10-03 06:02:09: Copy Over 'C:/rock/bannister/Bannister/obj/x64/Debug/net8.0-android/android/bin/classes/androidx/loader/R$drawable.class' -> 'goodrive://www.googleapis.com/:personal:/bannister/bannister/obj/x64/Debug/net8.0-android/android/bin/classes/androidx/loader/R$drawable.class' (886)
2026-10-03 06:02:09: Copy Over 'C:/rock/bannister/Bannister/obj/x64/Debug/net8.0-android/android/bin/classes/androidx/loader/R$dimen.class' -> 'goodrive://www.googleapis.com/:personal:/bannister/bannister/obj/x64/Debug/net8.0-android/android/bin/classes/androidx/loader/R$dimen.class' (1,541)
2026-10-03 06:02:10: Copy Over 'C:/rock/bannister/Bannister/obj/x64/Debug/net8.0-android/android/bin/classes/androidx/loader/R$color.class' -> 'goodrive://www.googleapis.com/:personal:/bannister/bannister/obj/x64/Debug/net8.0-android/android/bin/classes/androidx/loader/R$color.class' (492)
2026-10-03 06:02:13: Copy Over 'C:/rock/bannister/Bannister/obj/x64/Debug/net8.0-android/android/bin/classes/androidx/loader/R$integer.class' -> 'goodrive://www.googleapis.com/:personal:/bannister/bannister/obj/x64/Debug/net8.0-android/android/bin/classes/androidx/loader/R$integer.class' (343)
2026-10-03 06:02:13: Copy Over 'C:/rock/bannister/Bannister/obj/x64/Debug/net8.0-android/android/bin/classes/androidx/loader/R$layout.class' -> 'goodrive://www.googleapis.com/:personal:/bannister/bannister/obj/x64/Debug/net8.0-android/android/bin/classes/androidx/loader/R$layout.class' (607)
2026-10-03 06:02:13: Copy Over 'C:/rock/bannister/Bannister/obj/x64/Debug/net8.0-android/android/bin/classes/androidx/loader/R$id.class' -> 'goodrive://www.googleapis.com/:personal:/bannister/bannister/obj/x64/Debug/net8.0-android/android/bin/classes/androidx/loader/R$id.class' (1,274)
2026-10-03 06:02:16: Copy Over 'C:/rock/bannister/Bannister/obj/x64/Debug/net8.0-android/android/bin/classes/androidx/loader/R$styleable.class' -> 'goodrive://www.googleapis.com/:personal:/bannister/bannister/obj/x64/Debug/net8.0-android/android/bin/classes/androidx/loader/R$styleable.class' (2,609)
2026-10-03 06:02:16: Copy Over 'C:/rock/bannister/Bannister/obj/x64/Debug/net8.0-android/android/bin/classes/androidx/loader/R$style.class' -> 'goodrive://www.googleapis.com/:personal:/bannister/bannister/obj/x64/Debug/net8.0-android/android/bin/classes/androidx/loader/R$style.class' (717)
2026-10-03 06:02:16: Copy Over 'C:/rock/bannister/Bannister/obj/x64/Debug/net8.0-android/android/bin/classes/androidx/loader/R$string.class' -> 'goodrive://www.googleapis.com/:personal:/bannister/bannister/obj/x64/Debug/net8.0-android/android/bin/classes/androidx/loader/R$string.class' (343)
2026-10-03 06:02:20: Copy Over 'C:/rock/bannister/Bannister/obj/x64/Debug/net8.0-android/android/bin/classes/androidx/loader/R.class' -> 'goodrive://www.googleapis.com/:personal:/bannister/bannister/obj/x64/Debug/net8.0-android/android/bin/classes/androidx/loader/R.class' (679)
2026-10-03 06:02:20: Copy Over 'C:/rock/bannister/Bannister/obj/x64/Debug/net8.0-android/android/bin/classes/androidx/navigation/common/R$attr.class' -> 'goodrive://www.googleapis.com/:personal:/bannister/bannister/obj/x64/Debug/net8.0-android/android/bin/classes/androidx/navigation/common/R$attr.class' (878)
2026-10-03 06:02:20: Copy Over 'C:/rock/bannister/Bannister/obj/x64/Debug/net8.0-android/android/bin/classes/androidx/print/R.class' -> 'goodrive://www.googleapis.com/:personal:/bannister/bannister/obj/x64/Debug/net8.0-android/android/bin/classes/androidx/print/R.class' (191)
2026-10-03 06:02:23: Copy Over 'C:/rock/bannister/Bannister/obj/x64/Debug/net8.0-android/android/bin/classes/androidx/navigation/common/R$styleable.class' -> 'goodrive://www.googleapis.com/:personal:/bannister/bannister/obj/x64/Debug/net8.0-android/android/bin/classes/androidx/navigation/common/R$styleable.class' (1,803)
2026-10-03 06:02:23: Copy Over 'C:/rock/bannister/Bannister/obj/x64/Debug/net8.0-android/android/bin/classes/androidx/navigation/common/R.class' -> 'goodrive://www.googleapis.com/:personal:/bannister/bannister/obj/x64/Debug/net8.0-android/android/bin/classes/androidx/navigation/common/R.class' (344)
2026-10-03 06:02:23: Copy Over 'C:/rock/bannister/Bannister/obj/x64/Debug/net8.0-android/android/bin/classes/androidx/navigation/R$attr.class' -> 'goodrive://www.googleapis.com/:personal:/bannister/bannister/obj/x64/Debug/net8.0-android/android/bin/classes/androidx/navigation/R$attr.class' (477)
2026-10-03 06:02:27: Copy Over 'C:/rock/bannister/Bannister/obj/x64/Debug/net8.0-android/android/bin/classes/androidx/navigation/fragment/R$attr.class' -> 'goodrive://www.googleapis.com/:personal:/bannister/bannister/obj/x64/Debug/net8.0-android/android/bin/classes/androidx/navigation/fragment/R$attr.class' (342)
2026-10-03 06:02:27: Copy Over 'C:/rock/bannister/Bannister/obj/x64/Debug/net8.0-android/android/bin/classes/androidx/navigation/fragment/R$dimen.class' -> 'goodrive://www.googleapis.com/:personal:/bannister/bannister/obj/x64/Debug/net8.0-android/android/bin/classes/androidx/navigation/fragment/R$dimen.class' (360)
2026-10-03 06:02:27: Copy Over 'C:/rock/bannister/Bannister/obj/x64/Debug/net8.0-android/android/bin/classes/androidx/navigation/fragment/R$id.class' -> 'goodrive://www.googleapis.com/:personal:/bannister/bannister/obj/x64/Debug/net8.0-android/android/bin/classes/androidx/navigation/fragment/R$id.class' (447)
2026-10-03 06:02:30: Copy Over 'C:/rock/bannister/Bannister/obj/x64/Debug/net8.0-android/android/bin/classes/androidx/navigation/fragment/R$styleable.class' -> 'goodrive://www.googleapis.com/:personal:/bannister/bannister/obj/x64/Debug/net8.0-android/android/bin/classes/androidx/navigation/fragment/R$styleable.class' (696)
2026-10-03 06:02:30: Copy Over 'C:/rock/bannister/Bannister/obj/x64/Debug/net8.0-android/android/bin/classes/androidx/navigation/fragment/R.class' -> 'goodrive://www.googleapis.com/:personal:/bannister/bannister/obj/x64/Debug/net8.0-android/android/bin/classes/androidx/navigation/fragment/R.class' (460)
2026-10-03 06:02:30: Copy Over 'C:/rock/bannister/Bannister/obj/x64/Debug/net8.0-android/android/bin/classes/androidx/navigation/R$id.class' -> 'goodrive://www.googleapis.com/:personal:/bannister/bannister/obj/x64/Debug/net8.0-android/android/bin/classes/androidx/navigation/R$id.class' (329)
2026-10-03 06:02:33: Copy Over 'C:/rock/bannister/Bannister/obj/x64/Debug/net8.0-android/android/bin/classes/androidx/navigation/R.class' -> 'goodrive://www.googleapis.com/:personal:/bannister/bannister/obj/x64/Debug/net8.0-android/android/bin/classes/androidx/navigation/R.class' (366)
2026-10-03 06:02:33: Copy Over 'C:/rock/bannister/Bannister/obj/x64/Debug/net8.0-android/android/bin/classes/androidx/navigation/ui/R$anim.class' -> 'goodrive://www.googleapis.com/:personal:/bannister/bannister/obj/x64/Debug/net8.0-android/android/bin/classes/androidx/navigation/ui/R$anim.class' (482)
2026-10-03 06:02:34: Copy Over 'C:/rock/bannister/Bannister/obj/x64/Debug/net8.0-android/android/bin/classes/androidx/navigation/R$styleable.class' -> 'goodrive://www.googleapis.com/:personal:/bannister/bannister/obj/x64/Debug/net8.0-android/android/bin/classes/androidx/navigation/R$styleable.class' (870)
2026-10-03 06:02:37: Copy Over 'C:/rock/bannister/Bannister/obj/x64/Debug/net8.0-android/android/bin/classes/androidx/profileinstaller/R.class' -> 'goodrive://www.googleapis.com/:personal:/bannister/bannister/obj/x64/Debug/net8.0-android/android/bin/classes/androidx/profileinstaller/R.class' (202)
2026-10-03 06:02:37: Copy Over 'C:/rock/bannister/Bannister/obj/x64/Debug/net8.0-android/android/bin/classes/androidx/navigation/ui/R$animator.class' -> 'goodrive://www.googleapis.com/:personal:/bannister/bannister/obj/x64/Debug/net8.0-android/android/bin/classes/androidx/navigation/ui/R$animator.class' (490)
2026-10-03 06:02:37: Copy Over 'C:/rock/bannister/Bannister/obj/x64/Debug/net8.0-android/android/bin/classes/androidx/navigation/ui/R$integer.class' -> 'goodrive://www.googleapis.com/:personal:/bannister/bannister/obj/x64/Debug/net8.0-android/android/bin/classes/androidx/navigation/ui/R$integer.class' (340)
2026-10-03 06:02:40: Copy Over 'C:/rock/bannister/Bannister/obj/x64/Debug/net8.0-android/android/bin/classes/androidx/navigation/ui/R$string.class' -> 'goodrive://www.googleapis.com/:personal:/bannister/bannister/obj/x64/Debug/net8.0-android/android/bin/classes/androidx/navigation/ui/R$string.class' (448)
2026-10-03 06:02:40: Copy Over 'C:/rock/bannister/Bannister/obj/x64/Debug/net8.0-android/android/bin/classes/androidx/navigation/ui/R.class' -> 'goodrive://www.googleapis.com/:personal:/bannister/bannister/obj/x64/Debug/net8.0-android/android/bin/classes/androidx/navigation/ui/R.class' (440)
2026-10-03 06:02:41: Copy Over 'C:/rock/bannister/Bannister/obj/x64/Debug/net8.0-android/android/bin/classes/androidx/recyclerview/R$attr.class' -> 'goodrive://www.googleapis.com/:personal:/bannister/bannister/obj/x64/Debug/net8.0-android/android/bin/classes/androidx/recyclerview/R$attr.class' (739)
2026-10-03 06:02:43: Copy Over 'C:/rock/bannister/Bannister/obj/x64/Debug/net8.0-android/android/bin/classes/androidx/savedstate/R$id.class' -> 'goodrive://www.googleapis.com/:personal:/bannister/bannister/obj/x64/Debug/net8.0-android/android/bin/classes/androidx/savedstate/R$id.class' (342)
2026-10-03 06:02:44: Copy Over 'C:/rock/bannister/Bannister/obj/x64/Debug/net8.0-android/android/bin/classes/androidx/savedstate/ktx/R.class' -> 'goodrive://www.googleapis.com/:personal:/bannister/bannister/obj/x64/Debug/net8.0-android/android/bin/classes/androidx/savedstate/ktx/R.class' (200)
2026-10-03 06:02:45: Copy Over 'C:/rock/bannister/Bannister/obj/x64/Debug/net8.0-android/android/bin/classes/androidx/savedstate/R.class' -> 'goodrive://www.googleapis.com/:personal:/bannister/bannister/obj/x64/Debug/net8.0-android/android/bin/classes/androidx/savedstate/R.class' (262)
2026-10-03 06:02:47: Copy Over 'C:/rock/bannister/Bannister/obj/x64/Debug/net8.0-android/android/bin/classes/androidx/recyclerview/R$dimen.class' -> 'goodrive://www.googleapis.com/:personal:/bannister/bannister/obj/x64/Debug/net8.0-android/android/bin/classes/androidx/recyclerview/R$dimen.class' (630)
2026-10-03 06:02:47: Copy Over 'C:/rock/bannister/Bannister/obj/x64/Debug/net8.0-android/android/bin/classes/androidx/recyclerview/R$id.class' -> 'goodrive://www.googleapis.com/:personal:/bannister/bannister/obj/x64/Debug/net8.0-android/android/bin/classes/androidx/recyclerview/R$id.class' (346)
2026-10-03 06:02:48: Copy Over 'C:/rock/bannister/Bannister/obj/x64/Debug/net8.0-android/android/bin/classes/androidx/recyclerview/R$styleable.class' -> 'goodrive://www.googleapis.com/:personal:/bannister/bannister/obj/x64/Debug/net8.0-android/android/bin/classes/androidx/recyclerview/R$styleable.class' (1,227)
2026-10-03 06:02:50: Copy Over 'C:/rock/bannister/Bannister/obj/x64/Debug/net8.0-android/android/bin/classes/androidx/recyclerview/R.class' -> 'goodrive://www.googleapis.com/:personal:/bannister/bannister/obj/x64/Debug/net8.0-android/android/bin/classes/androidx/recyclerview/R.class' (425)
2026-10-03 06:02:51: Copy Over 'C:/rock/bannister/Bannister/obj/x64/Debug/net8.0-android/android/bin/classes/androidx/security/R.class' -> 'goodrive://www.googleapis.com/:personal:/bannister/bannister/obj/x64/Debug/net8.0-android/android/bin/classes/androidx/security/R.class' (194)
2026-10-03 06:02:51: Copy Over 'C:/rock/bannister/Bannister/obj/x64/Debug/net8.0-android/android/bin/classes/androidx/slidingpanelayout/R.class' -> 'goodrive://www.googleapis.com/:personal:/bannister/bannister/obj/x64/Debug/net8.0-android/android/bin/classes/androidx/slidingpanelayout/R.class' (203)
2026-10-03 06:02:54: Copy Over 'C:/rock/bannister/Bannister/obj/x64/Debug/net8.0-android/android/bin/classes/androidx/startup/R$string.class' -> 'goodrive://www.googleapis.com/:personal:/bannister/bannister/obj/x64/Debug/net8.0-android/android/bin/classes/androidx/startup/R$string.class' (324)
2026-10-03 06:02:54: Copy Over 'C:/rock/bannister/Bannister/obj/x64/Debug/net8.0-android/android/bin/classes/androidx/swiperefreshlayout/R$attr.class' -> 'goodrive://www.googleapis.com/:personal:/bannister/bannister/obj/x64/Debug/net8.0-android/android/bin/classes/androidx/swiperefreshlayout/R$attr.class' (842)
2026-10-03 06:02:54: Copy Over 'C:/rock/bannister/Bannister/obj/x64/Debug/net8.0-android/android/bin/classes/androidx/swiperefreshlayout/R$color.class' -> 'goodrive://www.googleapis.com/:personal:/bannister/bannister/obj/x64/Debug/net8.0-android/android/bin/classes/androidx/swiperefreshlayout/R$color.class' (516)
2026-10-03 06:02:57: Copy Over 'C:/rock/bannister/Bannister/obj/x64/Debug/net8.0-android/android/bin/classes/androidx/swiperefreshlayout/R$dimen.class' -> 'goodrive://www.googleapis.com/:personal:/bannister/bannister/obj/x64/Debug/net8.0-android/android/bin/classes/androidx/swiperefreshlayout/R$dimen.class' (1,565)
2026-10-03 06:02:57: Copy Over 'C:/rock/bannister/Bannister/obj/x64/Debug/net8.0-android/android/bin/classes/androidx/swiperefreshlayout/R$drawable.class' -> 'goodrive://www.googleapis.com/:personal:/bannister/bannister/obj/x64/Debug/net8.0-android/android/bin/classes/androidx/swiperefreshlayout/R$drawable.class' (910)
2026-10-03 06:02:58: Copy Over 'C:/rock/bannister/Bannister/obj/x64/Debug/net8.0-android/android/bin/classes/androidx/swiperefreshlayout/R$id.class' -> 'goodrive://www.googleapis.com/:personal:/bannister/bannister/obj/x64/Debug/net8.0-android/android/bin/classes/androidx/swiperefreshlayout/R$id.class' (3,370)
2026-10-03 06:03:00: Copy Over 'C:/rock/bannister/Bannister/obj/x64/Debug/net8.0-android/android/bin/classes/androidx/swiperefreshlayout/R$integer.class' -> 'goodrive://www.googleapis.com/:personal:/bannister/bannister/obj/x64/Debug/net8.0-android/android/bin/classes/androidx/swiperefreshlayout/R$integer.class' (367)
2026-10-03 06:03:00: Copy Over 'C:/rock/bannister/Bannister/obj/x64/Debug/net8.0-android/android/bin/classes/androidx/swiperefreshlayout/R$layout.class' -> 'goodrive://www.googleapis.com/:personal:/bannister/bannister/obj/x64/Debug/net8.0-android/android/bin/classes/androidx/swiperefreshlayout/R$layout.class' (668)
2026-10-03 06:03:01: Copy Over 'C:/rock/bannister/Bannister/obj/x64/Debug/net8.0-android/android/bin/classes/androidx/swiperefreshlayout/R$string.class' -> 'goodrive://www.googleapis.com/:personal:/bannister/bannister/obj/x64/Debug/net8.0-android/android/bin/classes/androidx/swiperefreshlayout/R$string.class' (367)
2026-10-03 06:03:03: Copy Over 'C:/rock/bannister/Bannister/obj/x64/Debug/net8.0-android/android/bin/classes/androidx/swiperefreshlayout/R$style.class' -> 'goodrive://www.googleapis.com/:personal:/bannister/bannister/obj/x64/Debug/net8.0-android/android/bin/classes/androidx/swiperefreshlayout/R$style.class' (741)
2026-10-03 06:03:04: Copy Over 'C:/rock/bannister/Bannister/obj/x64/Debug/net8.0-android/android/bin/classes/androidx/swiperefreshlayout/R$styleable.class' -> 'goodrive://www.googleapis.com/:personal:/bannister/bannister/obj/x64/Debug/net8.0-android/android/bin/classes/androidx/swiperefreshlayout/R$styleable.class' (2,778)
2026-10-03 06:03:04: Copy Over 'C:/rock/bannister/Bannister/obj/x64/Debug/net8.0-android/android/bin/classes/androidx/swiperefreshlayout/R.class' -> 'goodrive://www.googleapis.com/:personal:/bannister/bannister/obj/x64/Debug/net8.0-android/android/bin/classes/androidx/swiperefreshlayout/R.class' (811)
2026-10-03 06:03:06: Copy Over 'C:/rock/bannister/Bannister/obj/x64/Debug/net8.0-android/android/bin/classes/androidx/startup/R.class' -> 'goodrive://www.googleapis.com/:personal:/bannister/bannister/obj/x64/Debug/net8.0-android/android/bin/classes/androidx/startup/R.class' (264)
2026-10-03 06:03:07: Copy Over 'C:/rock/bannister/Bannister/obj/x64/Debug/net8.0-android/android/bin/classes/androidx/transition/R$anim.class' -> 'goodrive://www.googleapis.com/:personal:/bannister/bannister/obj/x64/Debug/net8.0-android/android/bin/classes/androidx/transition/R$anim.class' (845)
2026-10-03 06:03:08: Copy Over 'C:/rock/bannister/Bannister/obj/x64/Debug/net8.0-android/android/bin/classes/androidx/tracing/R.class' -> 'goodrive://www.googleapis.com/:personal:/bannister/bannister/obj/x64/Debug/net8.0-android/android/bin/classes/androidx/tracing/R.class' (193)
2026-10-03 06:03:09: Copy Over 'C:/rock/bannister/Bannister/obj/x64/Debug/net8.0-android/android/bin/classes/androidx/transition/R$attr.class' -> 'goodrive://www.googleapis.com/:personal:/bannister/bannister/obj/x64/Debug/net8.0-android/android/bin/classes/androidx/transition/R$attr.class' (11,464)
2026-10-03 06:03:11: Copy Over 'C:/rock/bannister/Bannister/obj/x64/Debug/net8.0-android/android/bin/classes/androidx/transition/R$bool.class' -> 'goodrive://www.googleapis.com/:personal:/bannister/bannister/obj/x64/Debug/net8.0-android/android/bin/classes/androidx/transition/R$bool.class' (391)
2026-10-03 06:03:12: Copy Over 'C:/rock/bannister/Bannister/obj/x64/Debug/net8.0-android/android/bin/classes/androidx/transition/R$color.class' -> 'goodrive://www.googleapis.com/:personal:/bannister/bannister/obj/x64/Debug/net8.0-android/android/bin/classes/androidx/transition/R$color.class' (4,628)
2026-10-03 06:03:13: Copy Over 'C:/rock/bannister/Bannister/obj/x64/Debug/net8.0-android/android/bin/classes/androidx/transition/R$dimen.class' -> 'goodrive://www.googleapis.com/:personal:/bannister/bannister/obj/x64/Debug/net8.0-android/android/bin/classes/androidx/transition/R$dimen.class' (6,730)
2026-10-03 06:03:15: Copy Over 'C:/rock/bannister/Bannister/obj/x64/Debug/net8.0-android/android/bin/classes/androidx/transition/R$drawable.class' -> 'goodrive://www.googleapis.com/:personal:/bannister/bannister/obj/x64/Debug/net8.0-android/android/bin/classes/androidx/transition/R$drawable.class' (4,846)
2026-10-03 06:03:15: Copy Over 'C:/rock/bannister/Bannister/obj/x64/Debug/net8.0-android/android/bin/classes/androidx/transition/R$id.class' -> 'goodrive://www.googleapis.com/:personal:/bannister/bannister/obj/x64/Debug/net8.0-android/android/bin/classes/androidx/transition/R$id.class' (6,708)
2026-10-03 06:03:17: Copy Over 'C:/rock/bannister/Bannister/obj/x64/Debug/net8.0-android/android/bin/classes/androidx/transition/R$integer.class' -> 'goodrive://www.googleapis.com/:personal:/bannister/bannister/obj/x64/Debug/net8.0-android/android/bin/classes/androidx/transition/R$integer.class' (550)
2026-10-03 06:03:18: Copy Over 'C:/rock/bannister/Bannister/obj/x64/Debug/net8.0-android/android/bin/classes/androidx/transition/R$layout.class' -> 'goodrive://www.googleapis.com/:personal:/bannister/bannister/obj/x64/Debug/net8.0-android/android/bin/classes/androidx/transition/R$layout.class' (2,282)
2026-10-03 06:03:18: Copy Over 'C:/rock/bannister/Bannister/obj/x64/Debug/net8.0-android/android/bin/classes/androidx/transition/R$string.class' -> 'goodrive://www.googleapis.com/:personal:/bannister/bannister/obj/x64/Debug/net8.0-android/android/bin/classes/androidx/transition/R$string.class' (1,834)
2026-10-03 06:03:20: Copy Over 'C:/rock/bannister/Bannister/obj/x64/Debug/net8.0-android/android/bin/classes/androidx/transition/R$style.class' -> 'goodrive://www.googleapis.com/:personal:/bannister/bannister/obj/x64/Debug/net8.0-android/android/bin/classes/androidx/transition/R$style.class' (21,640)
2026-10-03 06:03:21: Copy Over 'C:/rock/bannister/Bannister/obj/x64/Debug/net8.0-android/android/bin/classes/androidx/transition/R$styleable.class' -> 'goodrive://www.googleapis.com/:personal:/bannister/bannister/obj/x64/Debug/net8.0-android/android/bin/classes/androidx/transition/R$styleable.class' (29,138)
2026-10-03 06:03:24: Copy Over 'C:/rock/bannister/Bannister/obj/x64/Debug/net8.0-android/android/bin/classes/androidx/transition/R.class' -> 'goodrive://www.googleapis.com/:personal:/bannister/bannister/obj/x64/Debug/net8.0-android/android/bin/classes/androidx/transition/R.class' (817)
2026-10-03 06:03:24: Copy Over 'C:/rock/bannister/Bannister/obj/x64/Debug/net8.0-android/android/bin/classes/androidx/versionedparcelable/R.class' -> 'goodrive://www.googleapis.com/:personal:/bannister/bannister/obj/x64/Debug/net8.0-android/android/bin/classes/androidx/versionedparcelable/R.class' (205)
2026-10-03 06:03:26: Copy Over 'C:/rock/bannister/Bannister/obj/x64/Debug/net8.0-android/android/bin/classes/androidx/vectordrawable/animated/R$attr.class' -> 'goodrive://www.googleapis.com/:personal:/bannister/bannister/obj/x64/Debug/net8.0-android/android/bin/classes/androidx/vectordrawable/animated/R$attr.class' (780)
2026-10-03 06:03:27: Copy Over 'C:/rock/bannister/Bannister/obj/x64/Debug/net8.0-android/android/bin/classes/androidx/vectordrawable/animated/R$dimen.class' -> 'goodrive://www.googleapis.com/:personal:/bannister/bannister/obj/x64/Debug/net8.0-android/android/bin/classes/androidx/vectordrawable/animated/R$dimen.class' (1,575)
2026-10-03 06:03:28: Copy Over 'C:/rock/bannister/Bannister/obj/x64/Debug/net8.0-android/android/bin/classes/androidx/vectordrawable/animated/R$color.class' -> 'goodrive://www.googleapis.com/:personal:/bannister/bannister/obj/x64/Debug/net8.0-android/android/bin/classes/androidx/vectordrawable/animated/R$color.class' (526)
2026-10-03 06:03:30: Copy Over 'C:/rock/bannister/Bannister/obj/x64/Debug/net8.0-android/android/bin/classes/androidx/vectordrawable/animated/R$drawable.class' -> 'goodrive://www.googleapis.com/:personal:/bannister/bannister/obj/x64/Debug/net8.0-android/android/bin/classes/androidx/vectordrawable/animated/R$drawable.class' (920)
2026-10-03 06:03:30: Copy Over 'C:/rock/bannister/Bannister/obj/x64/Debug/net8.0-android/android/bin/classes/androidx/vectordrawable/animated/R$id.class' -> 'goodrive://www.googleapis.com/:personal:/bannister/bannister/obj/x64/Debug/net8.0-android/android/bin/classes/androidx/vectordrawable/animated/R$id.class' (3,380)
2026-10-03 06:03:32: Copy Over 'C:/rock/bannister/Bannister/obj/x64/Debug/net8.0-android/android/bin/classes/androidx/vectordrawable/animated/R$integer.class' -> 'goodrive://www.googleapis.com/:personal:/bannister/bannister/obj/x64/Debug/net8.0-android/android/bin/classes/androidx/vectordrawable/animated/R$integer.class' (377)
2026-10-03 06:03:33: Copy Over 'C:/rock/bannister/Bannister/obj/x64/Debug/net8.0-android/android/bin/classes/androidx/vectordrawable/animated/R$layout.class' -> 'goodrive://www.googleapis.com/:personal:/bannister/bannister/obj/x64/Debug/net8.0-android/android/bin/classes/androidx/vectordrawable/animated/R$layout.class' (678)
2026-10-03 06:03:34: Copy Over 'C:/rock/bannister/Bannister/obj/x64/Debug/net8.0-android/android/bin/classes/androidx/vectordrawable/animated/R$string.class' -> 'goodrive://www.googleapis.com/:personal:/bannister/bannister/obj/x64/Debug/net8.0-android/android/bin/classes/androidx/vectordrawable/animated/R$string.class' (377)
2026-10-03 06:03:36: Copy Over 'C:/rock/bannister/Bannister/obj/x64/Debug/net8.0-android/android/bin/classes/androidx/vectordrawable/animated/R$style.class' -> 'goodrive://www.googleapis.com/:personal:/bannister/bannister/obj/x64/Debug/net8.0-android/android/bin/classes/androidx/vectordrawable/animated/R$style.class' (751)
2026-10-03 06:03:36: Copy Over 'C:/rock/bannister/Bannister/obj/x64/Debug/net8.0-android/android/bin/classes/androidx/vectordrawable/animated/R$styleable.class' -> 'goodrive://www.googleapis.com/:personal:/bannister/bannister/obj/x64/Debug/net8.0-android/android/bin/classes/androidx/vectordrawable/animated/R$styleable.class' (2,643)
2026-10-03 06:03:37: Copy Over 'C:/rock/bannister/Bannister/obj/x64/Debug/net8.0-android/android/bin/classes/androidx/vectordrawable/animated/R.class' -> 'goodrive://www.googleapis.com/:personal:/bannister/bannister/obj/x64/Debug/net8.0-android/android/bin/classes/androidx/vectordrawable/animated/R.class' (866)
2026-10-03 06:03:39: Copy Over 'C:/rock/bannister/Bannister/obj/x64/Debug/net8.0-android/android/bin/classes/androidx/vectordrawable/R$attr.class' -> 'goodrive://www.googleapis.com/:personal:/bannister/bannister/obj/x64/Debug/net8.0-android/android/bin/classes/androidx/vectordrawable/R$attr.class' (762)
2026-10-03 06:03:39: Copy Over 'C:/rock/bannister/Bannister/obj/x64/Debug/net8.0-android/android/bin/classes/androidx/vectordrawable/R$color.class' -> 'goodrive://www.googleapis.com/:personal:/bannister/bannister/obj/x64/Debug/net8.0-android/android/bin/classes/androidx/vectordrawable/R$color.class' (508)
2026-10-03 06:03:41: Copy Over 'C:/rock/bannister/Bannister/obj/x64/Debug/net8.0-android/android/bin/classes/androidx/vectordrawable/R$dimen.class' -> 'goodrive://www.googleapis.com/:personal:/bannister/bannister/obj/x64/Debug/net8.0-android/android/bin/classes/androidx/vectordrawable/R$dimen.class' (1,557)
2026-10-03 06:03:42: Copy Over 'C:/rock/bannister/Bannister/obj/x64/Debug/net8.0-android/android/bin/classes/androidx/vectordrawable/R$drawable.class' -> 'goodrive://www.googleapis.com/:personal:/bannister/bannister/obj/x64/Debug/net8.0-android/android/bin/classes/androidx/vectordrawable/R$drawable.class' (902)
2026-10-03 06:03:43: Copy Over 'C:/rock/bannister/Bannister/obj/x64/Debug/net8.0-android/android/bin/classes/androidx/vectordrawable/R$id.class' -> 'goodrive://www.googleapis.com/:personal:/bannister/bannister/obj/x64/Debug/net8.0-android/android/bin/classes/androidx/vectordrawable/R$id.class' (3,362)
2026-10-03 06:03:45: Copy Over 'C:/rock/bannister/Bannister/obj/x64/Debug/net8.0-android/android/bin/classes/androidx/vectordrawable/R$integer.class' -> 'goodrive://www.googleapis.com/:personal:/bannister/bannister/obj/x64/Debug/net8.0-android/android/bin/classes/androidx/vectordrawable/R$integer.class' (359)
2026-10-03 06:03:45: Copy Over 'C:/rock/bannister/Bannister/obj/x64/Debug/net8.0-android/android/bin/classes/androidx/vectordrawable/R$layout.class' -> 'goodrive://www.googleapis.com/:personal:/bannister/bannister/obj/x64/Debug/net8.0-android/android/bin/classes/androidx/vectordrawable/R$layout.class' (660)
2026-10-03 06:03:46: Copy Over 'C:/rock/bannister/Bannister/obj/x64/Debug/net8.0-android/android/bin/classes/androidx/vectordrawable/R$string.class' -> 'goodrive://www.googleapis.com/:personal:/bannister/bannister/obj/x64/Debug/net8.0-android/android/bin/classes/androidx/vectordrawable/R$string.class' (359)
2026-10-03 06:03:48: Copy Over 'C:/rock/bannister/Bannister/obj/x64/Debug/net8.0-android/android/bin/classes/androidx/vectordrawable/R$style.class' -> 'goodrive://www.googleapis.com/:personal:/bannister/bannister/obj/x64/Debug/net8.0-android/android/bin/classes/androidx/vectordrawable/R$style.class' (733)
2026-10-03 06:03:49: Copy Over 'C:/rock/bannister/Bannister/obj/x64/Debug/net8.0-android/android/bin/classes/androidx/vectordrawable/R$styleable.class' -> 'goodrive://www.googleapis.com/:personal:/bannister/bannister/obj/x64/Debug/net8.0-android/android/bin/classes/androidx/vectordrawable/R$styleable.class' (2,625)
2026-10-03 06:03:50: Copy Over 'C:/rock/bannister/Bannister/obj/x64/Debug/net8.0-android/android/bin/classes/androidx/vectordrawable/R.class' -> 'goodrive://www.googleapis.com/:personal:/bannister/bannister/obj/x64/Debug/net8.0-android/android/bin/classes/androidx/vectordrawable/R.class' (767)
2026-10-03 06:03:51: Copy Over 'C:/rock/bannister/Bannister/obj/x64/Debug/net8.0-android/android/bin/classes/androidx/viewpager/R$attr.class' -> 'goodrive://www.googleapis.com/:personal:/bannister/bannister/obj/x64/Debug/net8.0-android/android/bin/classes/androidx/viewpager/R$attr.class' (752)
2026-10-03 06:03:52: Copy Over 'C:/rock/bannister/Bannister/obj/x64/Debug/net8.0-android/android/bin/classes/androidx/viewpager2/R$attr.class' -> 'goodrive://www.googleapis.com/:personal:/bannister/bannister/obj/x64/Debug/net8.0-android/android/bin/classes/androidx/viewpager2/R$attr.class' (1,203)
2026-10-03 06:03:54: Copy Over 'C:/rock/bannister/Bannister/obj/x64/Debug/net8.0-android/android/bin/classes/androidx/viewpager2/R$color.class' -> 'goodrive://www.googleapis.com/:personal:/bannister/bannister/obj/x64/Debug/net8.0-android/android/bin/classes/androidx/viewpager2/R$color.class' (500)
2026-10-03 06:03:54: Copy Over 'C:/rock/bannister/Bannister/obj/x64/Debug/net8.0-android/android/bin/classes/androidx/viewpager2/R$dimen.class' -> 'goodrive://www.googleapis.com/:personal:/bannister/bannister/obj/x64/Debug/net8.0-android/android/bin/classes/androidx/viewpager2/R$dimen.class' (1,887)
2026-10-03 06:03:55: Copy Over 'C:/rock/bannister/Bannister/obj/x64/Debug/net8.0-android/android/bin/classes/androidx/viewpager2/R$drawable.class' -> 'goodrive://www.googleapis.com/:personal:/bannister/bannister/obj/x64/Debug/net8.0-android/android/bin/classes/androidx/viewpager2/R$drawable.class' (894)
2026-10-03 06:03:57: Copy Over 'C:/rock/bannister/Bannister/obj/x64/Debug/net8.0-android/android/bin/classes/androidx/viewpager2/R$integer.class' -> 'goodrive://www.googleapis.com/:personal:/bannister/bannister/obj/x64/Debug/net8.0-android/android/bin/classes/androidx/viewpager2/R$integer.class' (351)
2026-10-03 06:03:57: Copy Over 'C:/rock/bannister/Bannister/obj/x64/Debug/net8.0-android/android/bin/classes/androidx/viewpager2/R$id.class' -> 'goodrive://www.googleapis.com/:personal:/bannister/bannister/obj/x64/Debug/net8.0-android/android/bin/classes/androidx/viewpager2/R$id.class' (3,414)
2026-10-03 06:03:59: Copy Over 'C:/rock/bannister/Bannister/obj/x64/Debug/net8.0-android/android/bin/classes/androidx/viewpager2/R$layout.class' -> 'goodrive://www.googleapis.com/:personal:/bannister/bannister/obj/x64/Debug/net8.0-android/android/bin/classes/androidx/viewpager2/R$layout.class' (652)
2026-10-03 06:04:00: Copy Over 'C:/rock/bannister/Bannister/obj/x64/Debug/net8.0-android/android/bin/classes/androidx/viewpager2/R$string.class' -> 'goodrive://www.googleapis.com/:personal:/bannister/bannister/obj/x64/Debug/net8.0-android/android/bin/classes/androidx/viewpager2/R$string.class' (351)
2026-10-03 06:04:01: Copy Over 'C:/rock/bannister/Bannister/obj/x64/Debug/net8.0-android/android/bin/classes/androidx/viewpager2/R$style.class' -> 'goodrive://www.googleapis.com/:personal:/bannister/bannister/obj/x64/Debug/net8.0-android/android/bin/classes/androidx/viewpager2/R$style.class' (725)
2026-10-03 06:04:03: Copy Over 'C:/rock/bannister/Bannister/obj/x64/Debug/net8.0-android/android/bin/classes/androidx/viewpager2/R$styleable.class' -> 'goodrive://www.googleapis.com/:personal:/bannister/bannister/obj/x64/Debug/net8.0-android/android/bin/classes/androidx/viewpager2/R$styleable.class' (3,528)
2026-10-03 06:04:04: Copy Over 'C:/rock/bannister/Bannister/obj/x64/Debug/net8.0-android/android/bin/classes/androidx/viewpager/R$color.class' -> 'goodrive://www.googleapis.com/:personal:/bannister/bannister/obj/x64/Debug/net8.0-android/android/bin/classes/androidx/viewpager/R$color.class' (498)
2026-10-03 06:04:05: Copy Over 'C:/rock/bannister/Bannister/obj/x64/Debug/net8.0-android/android/bin/classes/androidx/viewpager2/R.class' -> 'goodrive://www.googleapis.com/:personal:/bannister/bannister/obj/x64/Debug/net8.0-android/android/bin/classes/androidx/viewpager2/R.class' (723)
2026-10-03 06:04:06: Copy Over 'C:/rock/bannister/Bannister/obj/x64/Debug/net8.0-android/android/bin/classes/androidx/viewpager/R$dimen.class' -> 'goodrive://www.googleapis.com/:personal:/bannister/bannister/obj/x64/Debug/net8.0-android/android/bin/classes/androidx/viewpager/R$dimen.class' (1,547)
2026-10-03 06:04:07: Copy Over 'C:/rock/bannister/Bannister/obj/x64/Debug/net8.0-android/android/bin/classes/androidx/viewpager/R$drawable.class' -> 'goodrive://www.googleapis.com/:personal:/bannister/bannister/obj/x64/Debug/net8.0-android/android/bin/classes/androidx/viewpager/R$drawable.class' (892)
2026-10-03 06:04:08: Copy Over 'C:/rock/bannister/Bannister/obj/x64/Debug/net8.0-android/android/bin/classes/androidx/viewpager/R$id.class' -> 'goodrive://www.googleapis.com/:personal:/bannister/bannister/obj/x64/Debug/net8.0-android/android/bin/classes/androidx/viewpager/R$id.class' (1,280)
2026-10-03 06:04:09: Copy Over 'C:/rock/bannister/Bannister/obj/x64/Debug/net8.0-android/android/bin/classes/androidx/viewpager/R$integer.class' -> 'goodrive://www.googleapis.com/:personal:/bannister/bannister/obj/x64/Debug/net8.0-android/android/bin/classes/androidx/viewpager/R$integer.class' (349)
2026-10-03 06:04:11: Copy Over 'C:/rock/bannister/Bannister/obj/x64/Debug/net8.0-android/android/bin/classes/androidx/viewpager/R$layout.class' -> 'goodrive://www.googleapis.com/:personal:/bannister/bannister/obj/x64/Debug/net8.0-android/android/bin/classes/androidx/viewpager/R$layout.class' (613)
2026-10-03 06:04:11: Copy Over 'C:/rock/bannister/Bannister/obj/x64/Debug/net8.0-android/android/bin/classes/androidx/viewpager/R$string.class' -> 'goodrive://www.googleapis.com/:personal:/bannister/bannister/obj/x64/Debug/net8.0-android/android/bin/classes/androidx/viewpager/R$string.class' (349)
2026-10-03 06:04:12: Copy Over 'C:/rock/bannister/Bannister/obj/x64/Debug/net8.0-android/android/bin/classes/androidx/viewpager/R$style.class' -> 'goodrive://www.googleapis.com/:personal:/bannister/bannister/obj/x64/Debug/net8.0-android/android/bin/classes/androidx/viewpager/R$style.class' (723)
2026-10-03 06:04:14: Copy Over 'C:/rock/bannister/Bannister/obj/x64/Debug/net8.0-android/android/bin/classes/androidx/viewpager/R$styleable.class' -> 'goodrive://www.googleapis.com/:personal:/bannister/bannister/obj/x64/Debug/net8.0-android/android/bin/classes/androidx/viewpager/R$styleable.class' (2,615)
2026-10-03 06:04:15: Copy Over 'C:/rock/bannister/Bannister/obj/x64/Debug/net8.0-android/android/bin/classes/androidx/viewpager/R.class' -> 'goodrive://www.googleapis.com/:personal:/bannister/bannister/obj/x64/Debug/net8.0-android/android/bin/classes/androidx/viewpager/R.class' (712)
2026-10-03 06:04:15: Copy Over 'C:/rock/bannister/Bannister/obj/x64/Debug/net8.0-android/android/bin/classes/crc640a1f4d108c17e3f1/ClipboardChangeListener.class' -> 'goodrive://www.googleapis.com/:personal:/bannister/bannister/obj/x64/Debug/net8.0-android/android/bin/classes/crc640a1f4d108c17e3f1/ClipboardChangeListener.class' (1,711)
2026-10-03 06:04:18: Copy Over 'C:/rock/bannister/Bannister/obj/x64/Debug/net8.0-android/android/bin/classes/androidx/window/extensions/core/R.class' -> 'goodrive://www.googleapis.com/:personal:/bannister/bannister/obj/x64/Debug/net8.0-android/android/bin/classes/androidx/window/extensions/core/R.class' (208)
2026-10-03 06:04:18: Copy Over 'C:/rock/bannister/Bannister/obj/x64/Debug/net8.0-android/android/bin/classes/androidx/window/R$id.class' -> 'goodrive://www.googleapis.com/:personal:/bannister/bannister/obj/x64/Debug/net8.0-android/android/bin/classes/androidx/window/R$id.class' (646)
2026-10-03 06:04:19: Copy Over 'C:/rock/bannister/Bannister/obj/x64/Debug/net8.0-android/android/bin/classes/androidx/window/R$attr.class' -> 'goodrive://www.googleapis.com/:personal:/bannister/bannister/obj/x64/Debug/net8.0-android/android/bin/classes/androidx/window/R$attr.class' (1,181)
2026-10-03 06:04:22: Copy Over 'C:/rock/bannister/Bannister/obj/x64/Debug/net8.0-android/android/bin/classes/androidx/window/R.class' -> 'goodrive://www.googleapis.com/:personal:/bannister/bannister/obj/x64/Debug/net8.0-android/android/bin/classes/androidx/window/R.class' (350)
2026-10-03 06:04:22: Copy Over 'C:/rock/bannister/Bannister/obj/x64/Debug/net8.0-android/android/bin/classes/androidx/window/R$styleable.class' -> 'goodrive://www.googleapis.com/:personal:/bannister/bannister/obj/x64/Debug/net8.0-android/android/bin/classes/androidx/window/R$styleable.class' (2,587)
2026-10-03 06:04:22: Copy Over 'C:/rock/bannister/Bannister/obj/x64/Debug/net8.0-android/android/bin/classes/crc640a8d9a12ddbf2cf2/BatteryBroadcastReceiver.class' -> 'goodrive://www.googleapis.com/:personal:/bannister/bannister/obj/x64/Debug/net8.0-android/android/bin/classes/crc640a8d9a12ddbf2cf2/BatteryBroadcastReceiver.class' (1,535)
2026-10-03 06:04:25: Copy Over 'C:/rock/bannister/Bannister/obj/x64/Debug/net8.0-android/android/bin/classes/crc640ec207abc449b2ca/CustomFrameLayout.class' -> 'goodrive://www.googleapis.com/:personal:/bannister/bannister/obj/x64/Debug/net8.0-android/android/bin/classes/crc640ec207abc449b2ca/CustomFrameLayout.class' (2,688)
2026-10-03 06:04:25: Copy Over 'C:/rock/bannister/Bannister/obj/x64/Debug/net8.0-android/android/bin/classes/crc640ec207abc449b2ca/ContainerView.class' -> 'goodrive://www.googleapis.com/:personal:/bannister/bannister/obj/x64/Debug/net8.0-android/android/bin/classes/crc640ec207abc449b2ca/ContainerView.class' (2,662)
2026-10-03 06:04:26: Copy Over 'C:/rock/bannister/Bannister/obj/x64/Debug/net8.0-android/android/bin/classes/crc640ec207abc449b2ca/RecyclerViewContainer.class' -> 'goodrive://www.googleapis.com/:personal:/bannister/bannister/obj/x64/Debug/net8.0-android/android/bin/classes/crc640ec207abc449b2ca/RecyclerViewContainer.class' (2,053)
2026-10-03 06:04:29: Copy Over 'C:/rock/bannister/Bannister/obj/x64/Debug/net8.0-android/android/bin/classes/crc640ec207abc449b2ca/ScrollLayoutManager.class' -> 'goodrive://www.googleapis.com/:personal:/bannister/bannister/obj/x64/Debug/net8.0-android/android/bin/classes/crc640ec207abc449b2ca/ScrollLayoutManager.class' (2,350)
2026-10-03 06:04:29: Copy Over 'C:/rock/bannister/Bannister/obj/x64/Debug/net8.0-android/android/bin/classes/crc640ec207abc449b2ca/ShellContentFragment.class' -> 'goodrive://www.googleapis.com/:personal:/bannister/bannister/obj/x64/Debug/net8.0-android/android/bin/classes/crc640ec207abc449b2ca/ShellContentFragment.class' (3,624)
2026-10-03 06:04:30: Copy Over 'C:/rock/bannister/Bannister/obj/x64/Debug/net8.0-android/android/bin/classes/crc640ec207abc449b2ca/ShellFlyoutLayout.class' -> 'goodrive://www.googleapis.com/:personal:/bannister/bannister/obj/x64/Debug/net8.0-android/android/bin/classes/crc640ec207abc449b2ca/ShellFlyoutLayout.class' (2,203)
2026-10-03 06:04:33: Copy Over 'C:/rock/bannister/Bannister/obj/x64/Debug/net8.0-android/android/bin/classes/crc640ec207abc449b2ca/ShellFlyoutRecyclerAdapter_ElementViewHolder.class' -> 'goodrive://www.googleapis.com/:personal:/bannister/bannister/obj/x64/Debug/net8.0-android/android/bin/classes/crc640ec207abc449b2ca/ShellFlyoutRecyclerAdapter_ElementViewHolder.class' (1,537)
2026-10-03 06:04:33: Copy Over 'C:/rock/bannister/Bannister/obj/x64/Debug/net8.0-android/android/bin/classes/crc640ec207abc449b2ca/ShellFlyoutRecyclerAdapter.class' -> 'goodrive://www.googleapis.com/:personal:/bannister/bannister/obj/x64/Debug/net8.0-android/android/bin/classes/crc640ec207abc449b2ca/ShellFlyoutRecyclerAdapter.class' (2,757)
2026-10-03 06:04:33: Copy Over 'C:/rock/bannister/Bannister/obj/x64/Debug/net8.0-android/android/bin/classes/crc640ec207abc449b2ca/ShellFlyoutRecyclerAdapter_ShellLinearLayout.class' -> 'goodrive://www.googleapis.com/:personal:/bannister/bannister/obj/x64/Debug/net8.0-android/android/bin/classes/crc640ec207abc449b2ca/ShellFlyoutRecyclerAdapter_ShellLinearLayout.class' (2,466)
2026-10-03 06:04:36: Copy Over 'C:/rock/bannister/Bannister/obj/x64/Debug/net8.0-android/android/bin/classes/crc640ec207abc449b2ca/ShellFlyoutTemplatedContentRenderer_HeaderContainer.class' -> 'goodrive://www.googleapis.com/:personal:/bannister/bannister/obj/x64/Debug/net8.0-android/android/bin/classes/crc640ec207abc449b2ca/ShellFlyoutTemplatedContentRenderer_HeaderContainer.class' (2,789)
2026-10-03 06:04:36: Copy Over 'C:/rock/bannister/Bannister/obj/x64/Debug/net8.0-android/android/bin/classes/crc640ec207abc449b2ca/ShellFlyoutTemplatedContentRenderer.class' -> 'goodrive://www.googleapis.com/:personal:/bannister/bannister/obj/x64/Debug/net8.0-android/android/bin/classes/crc640ec207abc449b2ca/ShellFlyoutTemplatedContentRenderer.class' (1,876)
2026-10-03 06:04:37: Copy Over 'C:/rock/bannister/Bannister/obj/x64/Debug/net8.0-android/android/bin/classes/crc640ec207abc449b2ca/ShellFlyoutRenderer.class' -> 'goodrive://www.googleapis.com/:personal:/bannister/bannister/obj/x64/Debug/net8.0-android/android/bin/classes/crc640ec207abc449b2ca/ShellFlyoutRenderer.class' (2,572)
2026-10-03 06:04:39: Copy Over 'C:/rock/bannister/Bannister/obj/x64/Debug/net8.0-android/android/bin/classes/crc640ec207abc449b2ca/ShellFragmentStateAdapter.class' -> 'goodrive://www.googleapis.com/:personal:/bannister/bannister/obj/x64/Debug/net8.0-android/android/bin/classes/crc640ec207abc449b2ca/ShellFragmentStateAdapter.class' (2,752)
2026-10-03 06:04:39: Copy Over 'C:/rock/bannister/Bannister/obj/x64/Debug/net8.0-android/android/bin/classes/crc640ec207abc449b2ca/ShellFragmentContainer.class' -> 'goodrive://www.googleapis.com/:personal:/bannister/bannister/obj/x64/Debug/net8.0-android/android/bin/classes/crc640ec207abc449b2ca/ShellFragmentContainer.class' (2,162)
2026-10-03 06:04:40: Copy Over 'C:/rock/bannister/Bannister/obj/x64/Debug/net8.0-android/android/bin/classes/crc640ec207abc449b2ca/ShellItemRenderer.class' -> 'goodrive://www.googleapis.com/:personal:/bannister/bannister/obj/x64/Debug/net8.0-android/android/bin/classes/crc640ec207abc449b2ca/ShellItemRenderer.class' (2,599)
2026-10-03 06:04:42: Copy Over 'C:/rock/bannister/Bannister/obj/x64/Debug/net8.0-android/android/bin/classes/crc640ec207abc449b2ca/ShellItemRendererBase.class' -> 'goodrive://www.googleapis.com/:personal:/bannister/bannister/obj/x64/Debug/net8.0-android/android/bin/classes/crc640ec207abc449b2ca/ShellItemRendererBase.class' (1,619)
2026-10-03 06:04:42: Copy Over 'C:/rock/bannister/Bannister/obj/x64/Debug/net8.0-android/android/bin/classes/crc640ec207abc449b2ca/ShellPageContainer.class' -> 'goodrive://www.googleapis.com/:personal:/bannister/bannister/obj/x64/Debug/net8.0-android/android/bin/classes/crc640ec207abc449b2ca/ShellPageContainer.class' (2,677)
2026-10-03 06:04:44: Copy Over 'C:/rock/bannister/Bannister/obj/x64/Debug/net8.0-android/android/bin/classes/crc640ec207abc449b2ca/ShellSearchView.class' -> 'goodrive://www.googleapis.com/:personal:/bannister/bannister/obj/x64/Debug/net8.0-android/android/bin/classes/crc640ec207abc449b2ca/ShellSearchView.class' (4,454)
2026-10-03 06:04:46: Copy Over 'C:/rock/bannister/Bannister/obj/x64/Debug/net8.0-android/android/bin/classes/crc640ec207abc449b2ca/ShellSearchViewAdapter.class' -> 'goodrive://www.googleapis.com/:personal:/bannister/bannister/obj/x64/Debug/net8.0-android/android/bin/classes/crc640ec207abc449b2ca/ShellSearchViewAdapter.class' (2,282)
2026-10-03 06:04:46: Copy Over 'C:/rock/bannister/Bannister/obj/x64/Debug/net8.0-android/android/bin/classes/crc640ec207abc449b2ca/ShellSearchView_ClipDrawableWrapper.class' -> 'goodrive://www.googleapis.com/:personal:/bannister/bannister/obj/x64/Debug/net8.0-android/android/bin/classes/crc640ec207abc449b2ca/ShellSearchView_ClipDrawableWrapper.class' (1,666)
2026-10-03 06:04:47: Copy Over 'C:/rock/bannister/Bannister/obj/x64/Debug/net8.0-android/android/bin/classes/crc640ec207abc449b2ca/ShellSearchViewAdapter_CustomFilter.class' -> 'goodrive://www.googleapis.com/:personal:/bannister/bannister/obj/x64/Debug/net8.0-android/android/bin/classes/crc640ec207abc449b2ca/ShellSearchViewAdapter_CustomFilter.class' (2,238)
2026-10-03 06:04:49: Copy Over 'C:/rock/bannister/Bannister/obj/x64/Debug/net8.0-android/android/bin/classes/crc640ec207abc449b2ca/ShellSearchViewAdapter_ObjectWrapper.class' -> 'goodrive://www.googleapis.com/:personal:/bannister/bannister/obj/x64/Debug/net8.0-android/android/bin/classes/crc640ec207abc449b2ca/ShellSearchViewAdapter_ObjectWrapper.class' (1,430)
2026-10-03 06:04:49: Copy Over 'C:/rock/bannister/Bannister/obj/x64/Debug/net8.0-android/android/bin/classes/crc640ec207abc449b2ca/ShellSectionRenderer.class' -> 'goodrive://www.googleapis.com/:personal:/bannister/bannister/obj/x64/Debug/net8.0-android/android/bin/classes/crc640ec207abc449b2ca/ShellSectionRenderer.class' (3,126)
2026-10-03 06:04:52: Copy Over 'C:/rock/bannister/Bannister/obj/x64/Debug/net8.0-android/android/bin/classes/crc640ec207abc449b2ca/ShellSectionRenderer_ViewPagerPageChanged.class' -> 'goodrive://www.googleapis.com/:personal:/bannister/bannister/obj/x64/Debug/net8.0-android/android/bin/classes/crc640ec207abc449b2ca/ShellSectionRenderer_ViewPagerPageChanged.class' (1,902)
2026-10-03 06:04:53: Copy Over 'C:/rock/bannister/Bannister/obj/x64/Debug/net8.0-android/android/bin/classes/crc640ec207abc449b2ca/ShellToolbarTracker.class' -> 'goodrive://www.googleapis.com/:personal:/bannister/bannister/obj/x64/Debug/net8.0-android/android/bin/classes/crc640ec207abc449b2ca/ShellToolbarTracker.class' (1,629)
2026-10-03 06:04:53: Copy Over 'C:/rock/bannister/Bannister/obj/x64/Debug/net8.0-android/android/bin/classes/crc640ec207abc449b2ca/ShellToolbarTracker_FlyoutIconDrawerDrawable.class' -> 'goodrive://www.googleapis.com/:personal:/bannister/bannister/obj/x64/Debug/net8.0-android/android/bin/classes/crc640ec207abc449b2ca/ShellToolbarTracker_FlyoutIconDrawerDrawable.class' (1,657)
2026-10-03 06:04:55: Copy Over 'C:/rock/bannister/Bannister/obj/x64/Debug/net8.0-android/android/bin/classes/crc640a8d9a12ddbf2cf2/DeviceDisplayImplementation_Listener.class' -> 'goodrive://www.googleapis.com/:personal:/bannister/bannister/obj/x64/Debug/net8.0-android/android/bin/classes/crc640a8d9a12ddbf2cf2/DeviceDisplayImplementation_Listener.class' (1,891)
2026-10-03 06:04:58: Copy Over 'C:/rock/bannister/Bannister/obj/x64/Debug/net8.0-android/android/bin/classes/crc640fd0ddb16fe433d4/TouchBehavior_AccessibilityListener.class' -> 'goodrive://www.googleapis.com/:personal:/bannister/bannister/obj/x64/Debug/net8.0-android/android/bin/classes/crc640fd0ddb16fe433d4/TouchBehavior_AccessibilityListener.class' (2,341)
2026-10-03 06:04:58: Copy Over 'C:/rock/bannister/Bannister/obj/x64/Debug/net8.0-android/android/bin/classes/crc640a8d9a12ddbf2cf2/EnergySaverBroadcastReceiver.class' -> 'goodrive://www.googleapis.com/:personal:/bannister/bannister/obj/x64/Debug/net8.0-android/android/bin/classes/crc640a8d9a12ddbf2cf2/EnergySaverBroadcastReceiver.class' (1,547)
2026-10-03 06:04:59: Copy Over 'C:/rock/bannister/Bannister/obj/x64/Debug/net8.0-android/android/bin/classes/crc64124e178812aeed4c/ButtonRenderer.class' -> 'goodrive://www.googleapis.com/:personal:/bannister/bannister/obj/x64/Debug/net8.0-android/android/bin/classes/crc64124e178812aeed4c/ButtonRenderer.class' (4,672)
2026-10-03 06:05:01: Copy Over 'C:/rock/bannister/Bannister/obj/x64/Debug/net8.0-android/android/bin/classes/crc64124e178812aeed4c/ImageRenderer.class' -> 'goodrive://www.googleapis.com/:personal:/bannister/bannister/obj/x64/Debug/net8.0-android/android/bin/classes/crc64124e178812aeed4c/ImageRenderer.class' (3,100)
2026-10-03 06:05:01: Copy Over 'C:/rock/bannister/Bannister/obj/x64/Debug/net8.0-android/android/bin/classes/crc64124e178812aeed4c/FrameRenderer.class' -> 'goodrive://www.googleapis.com/:personal:/bannister/bannister/obj/x64/Debug/net8.0-android/android/bin/classes/crc64124e178812aeed4c/FrameRenderer.class' (2,787)
2026-10-03 06:05:03: Copy Over 'C:/rock/bannister/Bannister/obj/x64/Debug/net8.0-android/android/bin/classes/crc64124e178812aeed4c/LabelRenderer.class' -> 'goodrive://www.googleapis.com/:personal:/bannister/bannister/obj/x64/Debug/net8.0-android/android/bin/classes/crc64124e178812aeed4c/LabelRenderer.class' (2,432)
2026-10-03 06:05:05: Copy Over 'C:/rock/bannister/Bannister/obj/x64/Debug/net8.0-android/android/bin/classes/crc6413a2ffd8f229512a/CarouselViewAdapter_2.class' -> 'goodrive://www.googleapis.com/:personal:/bannister/bannister/obj/x64/Debug/net8.0-android/android/bin/classes/crc6413a2ffd8f229512a/CarouselViewAdapter_2.class' (1,928)
2026-10-03 06:05:05: Copy Over 'C:/rock/bannister/Bannister/obj/x64/Debug/net8.0-android/android/bin/classes/crc64159f3caeb1269279/MauiDrawingView.class' -> 'goodrive://www.googleapis.com/:personal:/bannister/bannister/obj/x64/Debug/net8.0-android/android/bin/classes/crc64159f3caeb1269279/MauiDrawingView.class' (2,609)
2026-10-03 06:05:06: Copy Over 'C:/rock/bannister/Bannister/obj/x64/Debug/net8.0-android/android/bin/classes/crc64159f3caeb1269279/MauiPopup.class' -> 'goodrive://www.googleapis.com/:personal:/bannister/bannister/obj/x64/Debug/net8.0-android/android/bin/classes/crc64159f3caeb1269279/MauiPopup.class' (2,633)
2026-10-03 06:05:08: Copy Over 'C:/rock/bannister/Bannister/obj/x64/Debug/net8.0-android/android/bin/classes/crc64159f3caeb1269279/MauiSemanticOrderView.class' -> 'goodrive://www.googleapis.com/:personal:/bannister/bannister/obj/x64/Debug/net8.0-android/android/bin/classes/crc64159f3caeb1269279/MauiSemanticOrderView.class' (2,549)
2026-10-03 06:05:08: Copy Over 'C:/rock/bannister/Bannister/obj/x64/Debug/net8.0-android/android/bin/classes/crc6413a2ffd8f229512a/RecyclerViewScrollListener_2.class' -> 'goodrive://www.googleapis.com/:personal:/bannister/bannister/obj/x64/Debug/net8.0-android/android/bin/classes/crc6413a2ffd8f229512a/RecyclerViewScrollListener_2.class' (1,721)
2026-10-03 06:05:09: Copy Over 'C:/rock/bannister/Bannister/obj/x64/Debug/net8.0-android/android/bin/classes/crc64338477404e88479c/ColorChangeRevealDrawable.class' -> 'goodrive://www.googleapis.com/:personal:/bannister/bannister/obj/x64/Debug/net8.0-android/android/bin/classes/crc64338477404e88479c/ColorChangeRevealDrawable.class' (1,463)
2026-10-03 06:05:12: Copy Over 'C:/rock/bannister/Bannister/obj/x64/Debug/net8.0-android/android/bin/classes/crc64396a3fe5f8138e3f/CustomTabsServiceConnectionImpl.class' -> 'goodrive://www.googleapis.com/:personal:/bannister/bannister/obj/x64/Debug/net8.0-android/android/bin/classes/crc64396a3fe5f8138e3f/CustomTabsServiceConnectionImpl.class' (2,018)
2026-10-03 06:05:12: Copy Over 'C:/rock/bannister/Bannister/obj/x64/Debug/net8.0-android/android/bin/classes/crc64396a3fe5f8138e3f/KeepAliveService.class' -> 'goodrive://www.googleapis.com/:personal:/bannister/bannister/obj/x64/Debug/net8.0-android/android/bin/classes/crc64396a3fe5f8138e3f/KeepAliveService.class' (1,447)
2026-10-03 06:05:12: Copy Over 'C:/rock/bannister/Bannister/obj/x64/Debug/net8.0-android/android/bin/classes/crc64338477404e88479c/ControlsAccessibilityDelegate.class' -> 'goodrive://www.googleapis.com/:personal:/bannister/bannister/obj/x64/Debug/net8.0-android/android/bin/classes/crc64338477404e88479c/ControlsAccessibilityDelegate.class' (2,397)
2026-10-03 06:05:15: Copy Over 'C:/rock/bannister/Bannister/obj/x64/Debug/net8.0-android/android/bin/classes/crc64338477404e88479c/DragAndDropGestureHandler.class' -> 'goodrive://www.googleapis.com/:personal:/bannister/bannister/obj/x64/Debug/net8.0-android/android/bin/classes/crc64338477404e88479c/DragAndDropGestureHandler.class' (1,695)
2026-10-03 06:05:15: Copy Over 'C:/rock/bannister/Bannister/obj/x64/Debug/net8.0-android/android/bin/classes/crc64338477404e88479c/DragAndDropGestureHandler_CustomLocalStateData.class' -> 'goodrive://www.googleapis.com/:personal:/bannister/bannister/obj/x64/Debug/net8.0-android/android/bin/classes/crc64338477404e88479c/DragAndDropGestureHandler_CustomLocalStateData.class' (1,281)
2026-10-03 06:05:16: Copy Over 'C:/rock/bannister/Bannister/obj/x64/Debug/net8.0-android/android/bin/classes/crc64338477404e88479c/FragmentContainer.class' -> 'goodrive://www.googleapis.com/:personal:/bannister/bannister/obj/x64/Debug/net8.0-android/android/bin/classes/crc64338477404e88479c/FragmentContainer.class' (2,113)
2026-10-03 06:05:18: Copy Over 'C:/rock/bannister/Bannister/obj/x64/Debug/net8.0-android/android/bin/classes/crc64338477404e88479c/GenericGlobalLayoutListener.class' -> 'goodrive://www.googleapis.com/:personal:/bannister/bannister/obj/x64/Debug/net8.0-android/android/bin/classes/crc64338477404e88479c/GenericGlobalLayoutListener.class' (1,659)
2026-10-03 06:05:18: Copy Over 'C:/rock/bannister/Bannister/obj/x64/Debug/net8.0-android/android/bin/classes/crc64338477404e88479c/GenericAnimatorListener.class' -> 'goodrive://www.googleapis.com/:personal:/bannister/bannister/obj/x64/Debug/net8.0-android/android/bin/classes/crc64338477404e88479c/GenericAnimatorListener.class' (2,065)
2026-10-03 06:05:19: Copy Over 'C:/rock/bannister/Bannister/obj/x64/Debug/net8.0-android/android/bin/classes/crc64338477404e88479c/GenericMenuClickListener.class' -> 'goodrive://www.googleapis.com/:personal:/bannister/bannister/obj/x64/Debug/net8.0-android/android/bin/classes/crc64338477404e88479c/GenericMenuClickListener.class' (1,705)
2026-10-03 06:05:21: Copy Over 'C:/rock/bannister/Bannister/obj/x64/Debug/net8.0-android/android/bin/classes/crc64338477404e88479c/GradientStrokeDrawable.class' -> 'goodrive://www.googleapis.com/:personal:/bannister/bannister/obj/x64/Debug/net8.0-android/android/bin/classes/crc64338477404e88479c/GradientStrokeDrawable.class' (1,882)
2026-10-03 06:05:21: Copy Over 'C:/rock/bannister/Bannister/obj/x64/Debug/net8.0-android/android/bin/classes/crc64338477404e88479c/InnerGestureListener.class' -> 'goodrive://www.googleapis.com/:personal:/bannister/bannister/obj/x64/Debug/net8.0-android/android/bin/classes/crc64338477404e88479c/InnerGestureListener.class' (4,498)
2026-10-03 06:05:23: Copy Over 'C:/rock/bannister/Bannister/obj/x64/Debug/net8.0-android/android/bin/classes/crc64338477404e88479c/InnerScaleListener.class' -> 'goodrive://www.googleapis.com/:personal:/bannister/bannister/obj/x64/Debug/net8.0-android/android/bin/classes/crc64338477404e88479c/InnerScaleListener.class' (2,051)
2026-10-03 06:05:24: Copy Over 'C:/rock/bannister/Bannister/obj/x64/Debug/net8.0-android/android/bin/classes/crc64338477404e88479c/MauiViewPager.class' -> 'goodrive://www.googleapis.com/:personal:/bannister/bannister/obj/x64/Debug/net8.0-android/android/bin/classes/crc64338477404e88479c/MauiViewPager.class' (2,078)
2026-10-03 06:05:24: Copy Over 'C:/rock/bannister/Bannister/obj/x64/Debug/net8.0-android/android/bin/classes/crc64338477404e88479c/ModalNavigationManager_ModalContainer.class' -> 'goodrive://www.googleapis.com/:personal:/bannister/bannister/obj/x64/Debug/net8.0-android/android/bin/classes/crc64338477404e88479c/ModalNavigationManager_ModalContainer.class' (3,275)
2026-10-03 06:05:27: Copy Over 'C:/rock/bannister/Bannister/obj/x64/Debug/net8.0-android/android/bin/classes/crc64338477404e88479c/ModalNavigationManager_ModalContainer_ModalFragment.class' -> 'goodrive://www.googleapis.com/:personal:/bannister/bannister/obj/x64/Debug/net8.0-android/android/bin/classes/crc64338477404e88479c/ModalNavigationManager_ModalContainer_ModalFragment.class' (1,965)
2026-10-03 06:05:27: Copy Over 'C:/rock/bannister/Bannister/obj/x64/Debug/net8.0-android/android/bin/classes/crc64338477404e88479c/MultiPageFragmentStateAdapter_1.class' -> 'goodrive://www.googleapis.com/:personal:/bannister/bannister/obj/x64/Debug/net8.0-android/android/bin/classes/crc64338477404e88479c/MultiPageFragmentStateAdapter_1.class' (2,756)
2026-10-03 06:05:28: Copy Over 'C:/rock/bannister/Bannister/obj/x64/Debug/net8.0-android/android/bin/classes/crc64338477404e88479c/PointerGestureHandler.class' -> 'goodrive://www.googleapis.com/:personal:/bannister/bannister/obj/x64/Debug/net8.0-android/android/bin/classes/crc64338477404e88479c/PointerGestureHandler.class' (1,696)
2026-10-03 06:05:30: Copy Over 'C:/rock/bannister/Bannister/obj/x64/Debug/net8.0-android/android/bin/classes/crc64338477404e88479c/TapAndPanGestureDetector.class' -> 'goodrive://www.googleapis.com/:personal:/bannister/bannister/obj/x64/Debug/net8.0-android/android/bin/classes/crc64338477404e88479c/TapAndPanGestureDetector.class' (3,212)
2026-10-03 06:05:30: Copy Over 'C:/rock/bannister/Bannister/obj/x64/Debug/net8.0-android/android/bin/classes/crc64338477404e88479c/ToolbarExtensions_ToolbarTitleIconImageView.class' -> 'goodrive://www.googleapis.com/:personal:/bannister/bannister/obj/x64/Debug/net8.0-android/android/bin/classes/crc64338477404e88479c/ToolbarExtensions_ToolbarTitleIconImageView.class' (2,108)
2026-10-03 06:05:31: Copy Over 'C:/rock/bannister/Bannister/obj/x64/Debug/net8.0-android/android/bin/classes/crc643f2b18b2570eaa5a/PlatformGraphicsView.class' -> 'goodrive://www.googleapis.com/:personal:/bannister/bannister/obj/x64/Debug/net8.0-android/android/bin/classes/crc643f2b18b2570eaa5a/PlatformGraphicsView.class' (2,727)
2026-10-03 06:05:34: Copy Over 'C:/rock/bannister/Bannister/obj/x64/Debug/net8.0-android/android/bin/classes/crc6452ffdc5b34af3a0f/AccessibilityDelegateCompatWrapper.class' -> 'goodrive://www.googleapis.com/:personal:/bannister/bannister/obj/x64/Debug/net8.0-android/android/bin/classes/crc6452ffdc5b34af3a0f/AccessibilityDelegateCompatWrapper.class' (5,319)
2026-10-03 06:05:34: Copy Over 'C:/rock/bannister/Bannister/obj/x64/Debug/net8.0-android/android/bin/classes/crc6452ffdc5b34af3a0f/BorderDrawable.class' -> 'goodrive://www.googleapis.com/:personal:/bannister/bannister/obj/x64/Debug/net8.0-android/android/bin/classes/crc6452ffdc5b34af3a0f/BorderDrawable.class' (2,268)
2026-10-03 06:05:36: Copy Over 'C:/rock/bannister/Bannister/obj/x64/Debug/net8.0-android/android/bin/classes/crc6452ffdc5b34af3a0f/ContainerView.class' -> 'goodrive://www.googleapis.com/:personal:/bannister/bannister/obj/x64/Debug/net8.0-android/android/bin/classes/crc6452ffdc5b34af3a0f/ContainerView.class' (2,341)
2026-10-03 06:05:37: Copy Over 'C:/rock/bannister/Bannister/obj/x64/Debug/net8.0-android/android/bin/classes/crc6452ffdc5b34af3a0f/ContentViewGroup.class' -> 'goodrive://www.googleapis.com/:personal:/bannister/bannister/obj/x64/Debug/net8.0-android/android/bin/classes/crc6452ffdc5b34af3a0f/ContentViewGroup.class' (2,850)
2026-10-03 06:05:37: Copy Over 'C:/rock/bannister/Bannister/obj/x64/Debug/net8.0-android/android/bin/classes/crc6452ffdc5b34af3a0f/FragmentManagerExtensions_CallBacks.class' -> 'goodrive://www.googleapis.com/:personal:/bannister/bannister/obj/x64/Debug/net8.0-android/android/bin/classes/crc6452ffdc5b34af3a0f/FragmentManagerExtensions_CallBacks.class' (2,102)
2026-10-03 06:05:39: Copy Over 'C:/rock/bannister/Bannister/obj/x64/Debug/net8.0-android/android/bin/classes/crc6452ffdc5b34af3a0f/LayoutViewGroup.class' -> 'goodrive://www.googleapis.com/:personal:/bannister/bannister/obj/x64/Debug/net8.0-android/android/bin/classes/crc6452ffdc5b34af3a0f/LayoutViewGroup.class' (2,857)
2026-10-03 06:05:40: Copy Over 'C:/rock/bannister/Bannister/obj/x64/Debug/net8.0-android/android/bin/classes/crc6452ffdc5b34af3a0f/LocalizedDigitsKeyListener.class' -> 'goodrive://www.googleapis.com/:personal:/bannister/bannister/obj/x64/Debug/net8.0-android/android/bin/classes/crc6452ffdc5b34af3a0f/LocalizedDigitsKeyListener.class' (2,202)
2026-10-03 06:05:41: Copy Over 'C:/rock/bannister/Bannister/obj/x64/Debug/net8.0-android/android/bin/classes/crc6452ffdc5b34af3a0f/MauiAccessibilityDelegateCompat.class' -> 'goodrive://www.googleapis.com/:personal:/bannister/bannister/obj/x64/Debug/net8.0-android/android/bin/classes/crc6452ffdc5b34af3a0f/MauiAccessibilityDelegateCompat.class' (2,385)
2026-10-03 06:05:42: Copy Over 'C:/rock/bannister/Bannister/obj/x64/Debug/net8.0-android/android/bin/classes/crc6452ffdc5b34af3a0f/MauiAppCompatEditText.class' -> 'goodrive://www.googleapis.com/:personal:/bannister/bannister/obj/x64/Debug/net8.0-android/android/bin/classes/crc6452ffdc5b34af3a0f/MauiAppCompatEditText.class' (2,201)
2026-10-03 06:05:44: Copy Over 'C:/rock/bannister/Bannister/obj/x64/Debug/net8.0-android/android/bin/classes/crc6452ffdc5b34af3a0f/MauiBoxView.class' -> 'goodrive://www.googleapis.com/:personal:/bannister/bannister/obj/x64/Debug/net8.0-android/android/bin/classes/crc6452ffdc5b34af3a0f/MauiBoxView.class' (2,350)
2026-10-03 06:05:45: Copy Over 'C:/rock/bannister/Bannister/obj/x64/Debug/net8.0-android/android/bin/classes/crc6452ffdc5b34af3a0f/MauiDatePicker.class' -> 'goodrive://www.googleapis.com/:personal:/bannister/bannister/obj/x64/Debug/net8.0-android/android/bin/classes/crc6452ffdc5b34af3a0f/MauiDatePicker.class' (2,411)
2026-10-03 06:05:45: Copy Over 'C:/rock/bannister/Bannister/obj/x64/Debug/net8.0-android/android/bin/classes/crc6452ffdc5b34af3a0f/MauiHorizontalScrollView.class' -> 'goodrive://www.googleapis.com/:personal:/bannister/bannister/obj/x64/Debug/net8.0-android/android/bin/classes/crc6452ffdc5b34af3a0f/MauiHorizontalScrollView.class' (3,616)
2026-10-03 06:05:47: Copy Over 'C:/rock/bannister/Bannister/obj/x64/Debug/net8.0-android/android/bin/classes/crc6452ffdc5b34af3a0f/MauiLayerDrawable.class' -> 'goodrive://www.googleapis.com/:personal:/bannister/bannister/obj/x64/Debug/net8.0-android/android/bin/classes/crc6452ffdc5b34af3a0f/MauiLayerDrawable.class' (1,377)
2026-10-03 06:05:48: Copy Over 'C:/rock/bannister/Bannister/obj/x64/Debug/net8.0-android/android/bin/classes/crc6452ffdc5b34af3a0f/MauiMaterialButton.class' -> 'goodrive://www.googleapis.com/:personal:/bannister/bannister/obj/x64/Debug/net8.0-android/android/bin/classes/crc6452ffdc5b34af3a0f/MauiMaterialButton.class' (2,621)
2026-10-03 06:05:49: Copy Over 'C:/rock/bannister/Bannister/obj/x64/Debug/net8.0-android/android/bin/classes/crc6452ffdc5b34af3a0f/MauiMaterialButton_MauiResizableDrawable.class' -> 'goodrive://www.googleapis.com/:personal:/bannister/bannister/obj/x64/Debug/net8.0-android/android/bin/classes/crc6452ffdc5b34af3a0f/MauiMaterialButton_MauiResizableDrawable.class' (1,446)
2026-10-03 06:05:51: Copy Over 'C:/rock/bannister/Bannister/obj/x64/Debug/net8.0-android/android/bin/classes/crc6452ffdc5b34af3a0f/MauiPageControl.class' -> 'goodrive://www.googleapis.com/:personal:/bannister/bannister/obj/x64/Debug/net8.0-android/android/bin/classes/crc6452ffdc5b34af3a0f/MauiPageControl.class' (2,347)
2026-10-03 06:05:52: Copy Over 'C:/rock/bannister/Bannister/obj/x64/Debug/net8.0-android/android/bin/classes/crc6452ffdc5b34af3a0f/MauiPicker.class' -> 'goodrive://www.googleapis.com/:personal:/bannister/bannister/obj/x64/Debug/net8.0-android/android/bin/classes/crc6452ffdc5b34af3a0f/MauiPicker.class' (2,436)
2026-10-03 06:05:52: Copy Over 'C:/rock/bannister/Bannister/obj/x64/Debug/net8.0-android/android/bin/classes/crc6452ffdc5b34af3a0f/MauiPageControl_TEditClickListener.class' -> 'goodrive://www.googleapis.com/:personal:/bannister/bannister/obj/x64/Debug/net8.0-android/android/bin/classes/crc6452ffdc5b34af3a0f/MauiPageControl_TEditClickListener.class' (1,642)
2026-10-03 06:05:54: Copy Over 'C:/rock/bannister/Bannister/obj/x64/Debug/net8.0-android/android/bin/classes/crc6452ffdc5b34af3a0f/MauiPickerBase.class' -> 'goodrive://www.googleapis.com/:personal:/bannister/bannister/obj/x64/Debug/net8.0-android/android/bin/classes/crc6452ffdc5b34af3a0f/MauiPickerBase.class' (2,002)
2026-10-03 06:05:55: Copy Over 'C:/rock/bannister/Bannister/obj/x64/Debug/net8.0-android/android/bin/classes/crc6452ffdc5b34af3a0f/MauiSearchView.class' -> 'goodrive://www.googleapis.com/:personal:/bannister/bannister/obj/x64/Debug/net8.0-android/android/bin/classes/crc6452ffdc5b34af3a0f/MauiSearchView.class' (1,995)
2026-10-03 06:05:55: Copy Over 'C:/rock/bannister/Bannister/obj/x64/Debug/net8.0-android/android/bin/classes/crc6452ffdc5b34af3a0f/MauiScrollView.class' -> 'goodrive://www.googleapis.com/:personal:/bannister/bannister/obj/x64/Debug/net8.0-android/android/bin/classes/crc6452ffdc5b34af3a0f/MauiScrollView.class' (3,242)
2026-10-03 06:05:58: Copy Over 'C:/rock/bannister/Bannister/obj/x64/Debug/net8.0-android/android/bin/classes/crc6452ffdc5b34af3a0f/MauiShapeView.class' -> 'goodrive://www.googleapis.com/:personal:/bannister/bannister/obj/x64/Debug/net8.0-android/android/bin/classes/crc6452ffdc5b34af3a0f/MauiShapeView.class' (2,356)
2026-10-03 06:05:59: Copy Over 'C:/rock/bannister/Bannister/obj/x64/Debug/net8.0-android/android/bin/classes/crc6452ffdc5b34af3a0f/MauiSwipeRefreshLayout.class' -> 'goodrive://www.googleapis.com/:personal:/bannister/bannister/obj/x64/Debug/net8.0-android/android/bin/classes/crc6452ffdc5b34af3a0f/MauiSwipeRefreshLayout.class' (1,816)
2026-10-03 06:05:59: Copy Over 'C:/rock/bannister/Bannister/obj/x64/Debug/net8.0-android/android/bin/classes/crc6452ffdc5b34af3a0f/MauiStepper.class' -> 'goodrive://www.googleapis.com/:personal:/bannister/bannister/obj/x64/Debug/net8.0-android/android/bin/classes/crc6452ffdc5b34af3a0f/MauiStepper.class' (2,335)
2026-10-03 06:06:01: Copy Over 'C:/rock/bannister/Bannister/obj/x64/Debug/net8.0-android/android/bin/classes/crc6452ffdc5b34af3a0f/MauiSwipeView.class' -> 'goodrive://www.googleapis.com/:personal:/bannister/bannister/obj/x64/Debug/net8.0-android/android/bin/classes/crc6452ffdc5b34af3a0f/MauiSwipeView.class' (3,174)
2026-10-03 06:06:02: Copy Over 'C:/rock/bannister/Bannister/obj/x64/Debug/net8.0-android/android/bin/classes/crc6452ffdc5b34af3a0f/MauiTextView.class' -> 'goodrive://www.googleapis.com/:personal:/bannister/bannister/obj/x64/Debug/net8.0-android/android/bin/classes/crc6452ffdc5b34af3a0f/MauiTextView.class' (1,515)
2026-10-03 06:06:02: Copy Over 'C:/rock/bannister/Bannister/obj/x64/Debug/net8.0-android/android/bin/classes/crc6452ffdc5b34af3a0f/MauiTimePicker.class' -> 'goodrive://www.googleapis.com/:personal:/bannister/bannister/obj/x64/Debug/net8.0-android/android/bin/classes/crc6452ffdc5b34af3a0f/MauiTimePicker.class' (2,411)
2026-10-03 06:06:05: Copy Over 'C:/rock/bannister/Bannister/obj/x64/Debug/net8.0-android/android/bin/classes/crc6452ffdc5b34af3a0f/MauiWebChromeClient.class' -> 'goodrive://www.googleapis.com/:personal:/bannister/bannister/obj/x64/Debug/net8.0-android/android/bin/classes/crc6452ffdc5b34af3a0f/MauiWebChromeClient.class' (1,806)
2026-10-03 06:06:06: Copy Over 'C:/rock/bannister/Bannister/obj/x64/Debug/net8.0-android/android/bin/classes/crc6452ffdc5b34af3a0f/MauiWebView.class' -> 'goodrive://www.googleapis.com/:personal:/bannister/bannister/obj/x64/Debug/net8.0-android/android/bin/classes/crc6452ffdc5b34af3a0f/MauiWebView.class' (2,748)
2026-10-03 06:06:06: Copy Over 'C:/rock/bannister/Bannister/obj/x64/Debug/net8.0-android/android/bin/classes/crc6452ffdc5b34af3a0f/MauiWebViewClient.class' -> 'goodrive://www.googleapis.com/:personal:/bannister/bannister/obj/x64/Debug/net8.0-android/android/bin/classes/crc6452ffdc5b34af3a0f/MauiWebViewClient.class' (2,658)
2026-10-03 06:06:09: Copy Over 'C:/rock/bannister/Bannister/obj/x64/Debug/net8.0-android/android/bin/classes/crc6452ffdc5b34af3a0f/NavigationRootManager_ElementBasedFragment.class' -> 'goodrive://www.googleapis.com/:personal:/bannister/bannister/obj/x64/Debug/net8.0-android/android/bin/classes/crc6452ffdc5b34af3a0f/NavigationRootManager_ElementBasedFragment.class' (1,795)
2026-10-03 06:06:09: Copy Over 'C:/rock/bannister/Bannister/obj/x64/Debug/net8.0-android/android/bin/classes/crc6452ffdc5b34af3a0f/NavigationViewFragment.class' -> 'goodrive://www.googleapis.com/:personal:/bannister/bannister/obj/x64/Debug/net8.0-android/android/bin/classes/crc6452ffdc5b34af3a0f/NavigationViewFragment.class' (2,350)
2026-10-03 06:06:09: Copy Over 'C:/rock/bannister/Bannister/obj/x64/Debug/net8.0-android/android/bin/classes/crc6452ffdc5b34af3a0f/PlatformTouchGraphicsView.class' -> 'goodrive://www.googleapis.com/:personal:/bannister/bannister/obj/x64/Debug/net8.0-android/android/bin/classes/crc6452ffdc5b34af3a0f/PlatformTouchGraphicsView.class' (2,954)
2026-10-03 06:06:12: Copy Over 'C:/rock/bannister/Bannister/obj/x64/Debug/net8.0-android/android/bin/classes/crc6452ffdc5b34af3a0f/ScopedFragment.class' -> 'goodrive://www.googleapis.com/:personal:/bannister/bannister/obj/x64/Debug/net8.0-android/android/bin/classes/crc6452ffdc5b34af3a0f/ScopedFragment.class' (2,195)
2026-10-03 06:06:12: Copy Over 'C:/rock/bannister/Bannister/obj/x64/Debug/net8.0-android/android/bin/classes/crc6452ffdc5b34af3a0f/StackNavigationManager_Callbacks.class' -> 'goodrive://www.googleapis.com/:personal:/bannister/bannister/obj/x64/Debug/net8.0-android/android/bin/classes/crc6452ffdc5b34af3a0f/StackNavigationManager_Callbacks.class' (5,643)
2026-10-03 06:06:12: Copy Over 'C:/rock/bannister/Bannister/obj/x64/Debug/net8.0-android/android/bin/classes/crc6452ffdc5b34af3a0f/StepperHandlerHolder.class' -> 'goodrive://www.googleapis.com/:personal:/bannister/bannister/obj/x64/Debug/net8.0-android/android/bin/classes/crc6452ffdc5b34af3a0f/StepperHandlerHolder.class' (1,185)
2026-10-03 06:06:16: Copy Over 'C:/rock/bannister/Bannister/obj/x64/Debug/net8.0-android/android/bin/classes/crc6452ffdc5b34af3a0f/StepperHandlerManager_StepperListener.class' -> 'goodrive://www.googleapis.com/:personal:/bannister/bannister/obj/x64/Debug/net8.0-android/android/bin/classes/crc6452ffdc5b34af3a0f/StepperHandlerManager_StepperListener.class' (1,651)
2026-10-03 06:06:16: Copy Over 'C:/rock/bannister/Bannister/obj/x64/Debug/net8.0-android/android/bin/classes/crc6452ffdc5b34af3a0f/SwipeViewPager.class' -> 'goodrive://www.googleapis.com/:personal:/bannister/bannister/obj/x64/Debug/net8.0-android/android/bin/classes/crc6452ffdc5b34af3a0f/SwipeViewPager.class' (2,063)
2026-10-03 06:06:16: Copy Over 'C:/rock/bannister/Bannister/obj/x64/Debug/net8.0-android/android/bin/classes/crc6452ffdc5b34af3a0f/ViewFragment.class' -> 'goodrive://www.googleapis.com/:personal:/bannister/bannister/obj/x64/Debug/net8.0-android/android/bin/classes/crc6452ffdc5b34af3a0f/ViewFragment.class' (2,017)
2026-10-03 06:06:19: Copy Over 'C:/rock/bannister/Bannister/obj/x64/Debug/net8.0-android/android/bin/classes/crc6452ffdc5b34af3a0f/WebViewExtensions_JavascriptResult.class' -> 'goodrive://www.googleapis.com/:personal:/bannister/bannister/obj/x64/Debug/net8.0-android/android/bin/classes/crc6452ffdc5b34af3a0f/WebViewExtensions_JavascriptResult.class' (1,560)
2026-10-03 06:06:19: Copy Over 'C:/rock/bannister/Bannister/obj/x64/Debug/net8.0-android/android/bin/classes/crc6452ffdc5b34af3a0f/WrapperView.class' -> 'goodrive://www.googleapis.com/:personal:/bannister/bannister/obj/x64/Debug/net8.0-android/android/bin/classes/crc6452ffdc5b34af3a0f/WrapperView.class' (2,740)
2026-10-03 06:06:19: Copy Over 'C:/rock/bannister/Bannister/obj/x64/Debug/net8.0-android/android/bin/classes/crc645d80431ce5f73f11/CarouselSpacingItemDecoration.class' -> 'goodrive://www.googleapis.com/:personal:/bannister/bannister/obj/x64/Debug/net8.0-android/android/bin/classes/crc645d80431ce5f73f11/CarouselSpacingItemDecoration.class' (2,029)
2026-10-03 06:06:22: Copy Over 'C:/rock/bannister/Bannister/obj/x64/Debug/net8.0-android/android/bin/classes/crc6468b6408a11370c2f/WebAuthenticatorCallbackActivity.class' -> 'goodrive://www.googleapis.com/:personal:/bannister/bannister/obj/x64/Debug/net8.0-android/android/bin/classes/crc6468b6408a11370c2f/WebAuthenticatorCallbackActivity.class' (1,458)
2026-10-03 06:06:23: Copy Over 'C:/rock/bannister/Bannister/obj/x64/Debug/net8.0-android/android/bin/classes/crc6468b6408a11370c2f/WebAuthenticatorIntermediateActivity.class' -> 'goodrive://www.googleapis.com/:personal:/bannister/bannister/obj/x64/Debug/net8.0-android/android/bin/classes/crc6468b6408a11370c2f/WebAuthenticatorIntermediateActivity.class' (2,015)
2026-10-03 06:06:23: Copy Over 'C:/rock/bannister/Bannister/obj/x64/Debug/net8.0-android/android/bin/classes/crc645d80431ce5f73f11/CarouselViewAdapter_2.class' -> 'goodrive://www.googleapis.com/:personal:/bannister/bannister/obj/x64/Debug/net8.0-android/android/bin/classes/crc645d80431ce5f73f11/CarouselViewAdapter_2.class' (2,041)
2026-10-03 06:06:26: Copy Over 'C:/rock/bannister/Bannister/obj/x64/Debug/net8.0-android/android/bin/classes/crc645d80431ce5f73f11/CarouselViewOnScrollListener.class' -> 'goodrive://www.googleapis.com/:personal:/bannister/bannister/obj/x64/Debug/net8.0-android/android/bin/classes/crc645d80431ce5f73f11/CarouselViewOnScrollListener.class' (1,883)
2026-10-03 06:06:26: Copy Over 'C:/rock/bannister/Bannister/obj/x64/Debug/net8.0-android/android/bin/classes/crc645d80431ce5f73f11/DataChangeObserver.class' -> 'goodrive://www.googleapis.com/:personal:/bannister/bannister/obj/x64/Debug/net8.0-android/android/bin/classes/crc645d80431ce5f73f11/DataChangeObserver.class' (2,388)
2026-10-03 06:06:26: Copy Over 'C:/rock/bannister/Bannister/obj/x64/Debug/net8.0-android/android/bin/classes/crc645d80431ce5f73f11/CenterSnapHelper.class' -> 'goodrive://www.googleapis.com/:personal:/bannister/bannister/obj/x64/Debug/net8.0-android/android/bin/classes/crc645d80431ce5f73f11/CenterSnapHelper.class' (1,755)
2026-10-03 06:06:29: Copy Over 'C:/rock/bannister/Bannister/obj/x64/Debug/net8.0-android/android/bin/classes/crc645d80431ce5f73f11/EdgeSnapHelper.class' -> 'goodrive://www.googleapis.com/:personal:/bannister/bannister/obj/x64/Debug/net8.0-android/android/bin/classes/crc645d80431ce5f73f11/EdgeSnapHelper.class' (1,238)
2026-10-03 06:06:29: Copy Over 'C:/rock/bannister/Bannister/obj/x64/Debug/net8.0-android/android/bin/classes/crc645d80431ce5f73f11/EndSingleSnapHelper.class' -> 'goodrive://www.googleapis.com/:personal:/bannister/bannister/obj/x64/Debug/net8.0-android/android/bin/classes/crc645d80431ce5f73f11/EndSingleSnapHelper.class' (1,849)
2026-10-03 06:06:30: Copy Over 'C:/rock/bannister/Bannister/obj/x64/Debug/net8.0-android/android/bin/classes/crc645d80431ce5f73f11/EmptyViewAdapter.class' -> 'goodrive://www.googleapis.com/:personal:/bannister/bannister/obj/x64/Debug/net8.0-android/android/bin/classes/crc645d80431ce5f73f11/EmptyViewAdapter.class' (2,719)
2026-10-03 06:06:33: Copy Over 'C:/rock/bannister/Bannister/obj/x64/Debug/net8.0-android/android/bin/classes/crc645d80431ce5f73f11/EndSnapHelper.class' -> 'goodrive://www.googleapis.com/:personal:/bannister/bannister/obj/x64/Debug/net8.0-android/android/bin/classes/crc645d80431ce5f73f11/EndSnapHelper.class' (2,179)
2026-10-03 06:06:33: Copy Over 'C:/rock/bannister/Bannister/obj/x64/Debug/net8.0-android/android/bin/classes/crc645d80431ce5f73f11/GroupableItemsViewAdapter_2.class' -> 'goodrive://www.googleapis.com/:personal:/bannister/bannister/obj/x64/Debug/net8.0-android/android/bin/classes/crc645d80431ce5f73f11/GroupableItemsViewAdapter_2.class' (2,277)
2026-10-03 06:06:33: Copy Over 'C:/rock/bannister/Bannister/obj/x64/Debug/net8.0-android/android/bin/classes/crc645d80431ce5f73f11/GridLayoutSpanSizeLookup.class' -> 'goodrive://www.googleapis.com/:personal:/bannister/bannister/obj/x64/Debug/net8.0-android/android/bin/classes/crc645d80431ce5f73f11/GridLayoutSpanSizeLookup.class' (1,536)
2026-10-03 06:06:36: Copy Over 'C:/rock/bannister/Bannister/obj/x64/Debug/net8.0-android/android/bin/classes/crc645d80431ce5f73f11/ItemContentView.class' -> 'goodrive://www.googleapis.com/:personal:/bannister/bannister/obj/x64/Debug/net8.0-android/android/bin/classes/crc645d80431ce5f73f11/ItemContentView.class' (2,660)
2026-10-03 06:06:37: Copy Over 'C:/rock/bannister/Bannister/obj/x64/Debug/net8.0-android/android/bin/classes/crc645d80431ce5f73f11/MauiCarouselRecyclerView.class' -> 'goodrive://www.googleapis.com/:personal:/bannister/bannister/obj/x64/Debug/net8.0-android/android/bin/classes/crc645d80431ce5f73f11/MauiCarouselRecyclerView.class' (2,975)
2026-10-03 06:06:37: Copy Over 'C:/rock/bannister/Bannister/obj/x64/Debug/net8.0-android/android/bin/classes/crc645d80431ce5f73f11/ItemsViewAdapter_2.class' -> 'goodrive://www.googleapis.com/:personal:/bannister/bannister/obj/x64/Debug/net8.0-android/android/bin/classes/crc645d80431ce5f73f11/ItemsViewAdapter_2.class' (2,859)
2026-10-03 06:06:40: Copy Over 'C:/rock/bannister/Bannister/obj/x64/Debug/net8.0-android/android/bin/classes/crc645d80431ce5f73f11/MauiRecyclerView_3.class' -> 'goodrive://www.googleapis.com/:personal:/bannister/bannister/obj/x64/Debug/net8.0-android/android/bin/classes/crc645d80431ce5f73f11/MauiRecyclerView_3.class' (2,188)
2026-10-03 06:06:40: Copy Over 'C:/rock/bannister/Bannister/obj/x64/Debug/net8.0-android/android/bin/classes/crc645d80431ce5f73f11/MauiCarouselRecyclerView_CarouselViewOnGlobalLayoutListener.class' -> 'goodrive://www.googleapis.com/:personal:/bannister/bannister/obj/x64/Debug/net8.0-android/android/bin/classes/crc645d80431ce5f73f11/MauiCarouselRecyclerView_CarouselViewOnGlobalLayoutListener.class' (2,062)
2026-10-03 06:06:40: Copy Over 'C:/rock/bannister/Bannister/obj/x64/Debug/net8.0-android/android/bin/classes/crc645d80431ce5f73f11/NongreedySnapHelper.class' -> 'goodrive://www.googleapis.com/:personal:/bannister/bannister/obj/x64/Debug/net8.0-android/android/bin/classes/crc645d80431ce5f73f11/NongreedySnapHelper.class' (1,571)
2026-10-03 06:06:43: Copy Over 'C:/rock/bannister/Bannister/obj/x64/Debug/net8.0-android/android/bin/classes/crc645d80431ce5f73f11/RecyclerViewScrollListener_2.class' -> 'goodrive://www.googleapis.com/:personal:/bannister/bannister/obj/x64/Debug/net8.0-android/android/bin/classes/crc645d80431ce5f73f11/RecyclerViewScrollListener_2.class' (1,676)
2026-10-03 06:06:43: Copy Over 'C:/rock/bannister/Bannister/obj/x64/Debug/net8.0-android/android/bin/classes/crc645d80431ce5f73f11/NongreedySnapHelper_InitialScrollListener.class' -> 'goodrive://www.googleapis.com/:personal:/bannister/bannister/obj/x64/Debug/net8.0-android/android/bin/classes/crc645d80431ce5f73f11/NongreedySnapHelper_InitialScrollListener.class' (2,001)
2026-10-03 06:06:43: Copy Over 'C:/rock/bannister/Bannister/obj/x64/Debug/net8.0-android/android/bin/classes/crc645d80431ce5f73f11/PositionalSmoothScroller.class' -> 'goodrive://www.googleapis.com/:personal:/bannister/bannister/obj/x64/Debug/net8.0-android/android/bin/classes/crc645d80431ce5f73f11/PositionalSmoothScroller.class' (1,960)
2026-10-03 06:06:47: Copy Over 'C:/rock/bannister/Bannister/obj/x64/Debug/net8.0-android/android/bin/classes/crc645d80431ce5f73f11/SelectableItemsViewAdapter_2.class' -> 'goodrive://www.googleapis.com/:personal:/bannister/bannister/obj/x64/Debug/net8.0-android/android/bin/classes/crc645d80431ce5f73f11/SelectableItemsViewAdapter_2.class' (2,090)
2026-10-03 06:06:47: Copy Over 'C:/rock/bannister/Bannister/obj/x64/Debug/net8.0-android/android/bin/classes/crc645d80431ce5f73f11/ScrollHelper.class' -> 'goodrive://www.googleapis.com/:personal:/bannister/bannister/obj/x64/Debug/net8.0-android/android/bin/classes/crc645d80431ce5f73f11/ScrollHelper.class' (1,856)
2026-10-03 06:06:47: Copy Over 'C:/rock/bannister/Bannister/obj/x64/Debug/net8.0-android/android/bin/classes/crc645d80431ce5f73f11/ReorderableItemsViewAdapter_2.class' -> 'goodrive://www.googleapis.com/:personal:/bannister/bannister/obj/x64/Debug/net8.0-android/android/bin/classes/crc645d80431ce5f73f11/ReorderableItemsViewAdapter_2.class' (1,291)
2026-10-03 06:06:50: Copy Over 'C:/rock/bannister/Bannister/obj/x64/Debug/net8.0-android/android/bin/classes/crc645d80431ce5f73f11/SimpleItemTouchHelperCallback.class' -> 'goodrive://www.googleapis.com/:personal:/bannister/bannister/obj/x64/Debug/net8.0-android/android/bin/classes/crc645d80431ce5f73f11/SimpleItemTouchHelperCallback.class' (3,022)
2026-10-03 06:06:50: Copy Over 'C:/rock/bannister/Bannister/obj/x64/Debug/net8.0-android/android/bin/classes/crc645d80431ce5f73f11/SimpleViewHolder.class' -> 'goodrive://www.googleapis.com/:personal:/bannister/bannister/obj/x64/Debug/net8.0-android/android/bin/classes/crc645d80431ce5f73f11/SimpleViewHolder.class' (1,445)
2026-10-03 06:06:50: Copy Over 'C:/rock/bannister/Bannister/obj/x64/Debug/net8.0-android/android/bin/classes/crc645d80431ce5f73f11/SelectableViewHolder.class' -> 'goodrive://www.googleapis.com/:personal:/bannister/bannister/obj/x64/Debug/net8.0-android/android/bin/classes/crc645d80431ce5f73f11/SelectableViewHolder.class' (1,795)
2026-10-03 06:06:53: Copy Over 'C:/rock/bannister/Bannister/obj/x64/Debug/net8.0-android/android/bin/classes/crc645d80431ce5f73f11/SingleSnapHelper.class' -> 'goodrive://www.googleapis.com/:personal:/bannister/bannister/obj/x64/Debug/net8.0-android/android/bin/classes/crc645d80431ce5f73f11/SingleSnapHelper.class' (2,120)
2026-10-03 06:06:53: Copy Over 'C:/rock/bannister/Bannister/obj/x64/Debug/net8.0-android/android/bin/classes/crc645d80431ce5f73f11/SizedItemContentView.class' -> 'goodrive://www.googleapis.com/:personal:/bannister/bannister/obj/x64/Debug/net8.0-android/android/bin/classes/crc645d80431ce5f73f11/SizedItemContentView.class' (2,538)
2026-10-03 06:06:54: Copy Over 'C:/rock/bannister/Bannister/obj/x64/Debug/net8.0-android/android/bin/classes/crc645d80431ce5f73f11/SpacingItemDecoration.class' -> 'goodrive://www.googleapis.com/:personal:/bannister/bannister/obj/x64/Debug/net8.0-android/android/bin/classes/crc645d80431ce5f73f11/SpacingItemDecoration.class' (2,005)
2026-10-03 06:06:56: Copy Over 'C:/rock/bannister/Bannister/obj/x64/Debug/net8.0-android/android/bin/classes/crc645d80431ce5f73f11/StartSingleSnapHelper.class' -> 'goodrive://www.googleapis.com/:personal:/bannister/bannister/obj/x64/Debug/net8.0-android/android/bin/classes/crc645d80431ce5f73f11/StartSingleSnapHelper.class' (1,855)
2026-10-03 06:06:57: Copy Over 'C:/rock/bannister/Bannister/obj/x64/Debug/net8.0-android/android/bin/classes/crc645d80431ce5f73f11/StartSnapHelper.class' -> 'goodrive://www.googleapis.com/:personal:/bannister/bannister/obj/x64/Debug/net8.0-android/android/bin/classes/crc645d80431ce5f73f11/StartSnapHelper.class' (2,185)
2026-10-03 06:06:57: Copy Over 'C:/rock/bannister/Bannister/obj/x64/Debug/net8.0-android/android/bin/classes/crc645d80431ce5f73f11/StructuredItemsViewAdapter_2.class' -> 'goodrive://www.googleapis.com/:personal:/bannister/bannister/obj/x64/Debug/net8.0-android/android/bin/classes/crc645d80431ce5f73f11/StructuredItemsViewAdapter_2.class' (2,270)
2026-10-03 06:07:00: Copy Over 'C:/rock/bannister/Bannister/obj/x64/Debug/net8.0-android/android/bin/classes/crc645d80431ce5f73f11/TemplatedItemViewHolder.class' -> 'goodrive://www.googleapis.com/:personal:/bannister/bannister/obj/x64/Debug/net8.0-android/android/bin/classes/crc645d80431ce5f73f11/TemplatedItemViewHolder.class' (1,365)
2026-10-03 06:07:00: Copy Over 'C:/rock/bannister/Bannister/obj/x64/Debug/net8.0-android/android/bin/classes/crc645d80431ce5f73f11/TextViewHolder.class' -> 'goodrive://www.googleapis.com/:personal:/bannister/bannister/obj/x64/Debug/net8.0-android/android/bin/classes/crc645d80431ce5f73f11/TextViewHolder.class' (1,338)
2026-10-03 06:07:01: Copy Over 'C:/rock/bannister/Bannister/obj/x64/Debug/net8.0-android/android/bin/classes/crc6477f0d89a9cfd64b1/ActivityIndicatorRenderer.class' -> 'goodrive://www.googleapis.com/:personal:/bannister/bannister/obj/x64/Debug/net8.0-android/android/bin/classes/crc6477f0d89a9cfd64b1/ActivityIndicatorRenderer.class' (2,082)
2026-10-03 06:07:03: Copy Over 'C:/rock/bannister/Bannister/obj/x64/Debug/net8.0-android/android/bin/classes/crc6488302ad6e9e4df1a/ImageLoaderCallback.class' -> 'goodrive://www.googleapis.com/:personal:/bannister/bannister/obj/x64/Debug/net8.0-android/android/bin/classes/crc6488302ad6e9e4df1a/ImageLoaderCallback.class' (1,226)
2026-10-03 06:07:04: Copy Over 'C:/rock/bannister/Bannister/obj/x64/Debug/net8.0-android/android/bin/classes/crc6488302ad6e9e4df1a/ImageLoaderCallbackBase_1.class' -> 'goodrive://www.googleapis.com/:personal:/bannister/bannister/obj/x64/Debug/net8.0-android/android/bin/classes/crc6488302ad6e9e4df1a/ImageLoaderCallbackBase_1.class' (1,668)
2026-10-03 06:07:04: Copy Over 'C:/rock/bannister/Bannister/obj/x64/Debug/net8.0-android/android/bin/classes/crc6488302ad6e9e4df1a/ImageLoaderResultCallback.class' -> 'goodrive://www.googleapis.com/:personal:/bannister/bannister/obj/x64/Debug/net8.0-android/android/bin/classes/crc6488302ad6e9e4df1a/ImageLoaderResultCallback.class' (1,244)
2026-10-03 06:07:07: Copy Over 'C:/rock/bannister/Bannister/obj/x64/Debug/net8.0-android/android/bin/classes/crc6488302ad6e9e4df1a/MauiAppCompatActivity.class' -> 'goodrive://www.googleapis.com/:personal:/bannister/bannister/obj/x64/Debug/net8.0-android/android/bin/classes/crc6488302ad6e9e4df1a/MauiAppCompatActivity.class' (3,730)
2026-10-03 06:07:07: Copy Over 'C:/rock/bannister/Bannister/obj/x64/Debug/net8.0-android/android/bin/classes/crc6488302ad6e9e4df1a/MauiApplication_ActivityLifecycleCallbacks.class' -> 'goodrive://www.googleapis.com/:personal:/bannister/bannister/obj/x64/Debug/net8.0-android/android/bin/classes/crc6488302ad6e9e4df1a/MauiApplication_ActivityLifecycleCallbacks.class' (8,927)
2026-10-03 06:07:07: Copy Over 'C:/rock/bannister/Bannister/obj/x64/Debug/net8.0-android/android/bin/classes/crc6488302ad6e9e4df1a/MauiApplication.class' -> 'goodrive://www.googleapis.com/:personal:/bannister/bannister/obj/x64/Debug/net8.0-android/android/bin/classes/crc6488302ad6e9e4df1a/MauiApplication.class' (1,567)
2026-10-03 06:07:11: Copy Over 'C:/rock/bannister/Bannister/obj/x64/Debug/net8.0-android/android/bin/classes/crc6477f0d89a9cfd64b1/AHorizontalScrollView.class' -> 'goodrive://www.googleapis.com/:personal:/bannister/bannister/obj/x64/Debug/net8.0-android/android/bin/classes/crc6477f0d89a9cfd64b1/AHorizontalScrollView.class' (3,661)
2026-10-03 06:07:11: Copy Over 'C:/rock/bannister/Bannister/obj/x64/Debug/net8.0-android/android/bin/classes/crc6477f0d89a9cfd64b1/BoxRenderer.class' -> 'goodrive://www.googleapis.com/:personal:/bannister/bannister/obj/x64/Debug/net8.0-android/android/bin/classes/crc6477f0d89a9cfd64b1/BoxRenderer.class' (2,270)
2026-10-03 06:07:11: Copy Over 'C:/rock/bannister/Bannister/obj/x64/Debug/net8.0-android/android/bin/classes/crc6477f0d89a9cfd64b1/BorderDrawable.class' -> 'goodrive://www.googleapis.com/:personal:/bannister/bannister/obj/x64/Debug/net8.0-android/android/bin/classes/crc6477f0d89a9cfd64b1/BorderDrawable.class' (2,259)
2026-10-03 06:07:14: Copy Over 'C:/rock/bannister/Bannister/obj/x64/Debug/net8.0-android/android/bin/classes/crc6477f0d89a9cfd64b1/CarouselPageAdapter.class' -> 'goodrive://www.googleapis.com/:personal:/bannister/bannister/obj/x64/Debug/net8.0-android/android/bin/classes/crc6477f0d89a9cfd64b1/CarouselPageAdapter.class' (3,383)
2026-10-03 06:07:14: Copy Over 'C:/rock/bannister/Bannister/obj/x64/Debug/net8.0-android/android/bin/classes/crc6477f0d89a9cfd64b1/CarouselViewRenderer.class' -> 'goodrive://www.googleapis.com/:personal:/bannister/bannister/obj/x64/Debug/net8.0-android/android/bin/classes/crc6477f0d89a9cfd64b1/CarouselViewRenderer.class' (2,518)
2026-10-03 06:07:14: Copy Over 'C:/rock/bannister/Bannister/obj/x64/Debug/net8.0-android/android/bin/classes/crc6477f0d89a9cfd64b1/CarouselSpacingItemDecoration.class' -> 'goodrive://www.googleapis.com/:personal:/bannister/bannister/obj/x64/Debug/net8.0-android/android/bin/classes/crc6477f0d89a9cfd64b1/CarouselSpacingItemDecoration.class' (2,059)
2026-10-03 06:07:17: Copy Over 'C:/rock/bannister/Bannister/obj/x64/Debug/net8.0-android/android/bin/classes/crc6477f0d89a9cfd64b1/CarouselViewRenderer_CarouselViewOnScrollListener.class' -> 'goodrive://www.googleapis.com/:personal:/bannister/bannister/obj/x64/Debug/net8.0-android/android/bin/classes/crc6477f0d89a9cfd64b1/CarouselViewRenderer_CarouselViewOnScrollListener.class' (1,976)
2026-10-03 06:07:17: Copy Over 'C:/rock/bannister/Bannister/obj/x64/Debug/net8.0-android/android/bin/classes/crc6477f0d89a9cfd64b1/CellRenderer_RendererHolder.class' -> 'goodrive://www.googleapis.com/:personal:/bannister/bannister/obj/x64/Debug/net8.0-android/android/bin/classes/crc6477f0d89a9cfd64b1/CellRenderer_RendererHolder.class' (1,260)
2026-10-03 06:07:18: Copy Over 'C:/rock/bannister/Bannister/obj/x64/Debug/net8.0-android/android/bin/classes/crc6477f0d89a9cfd64b1/CarouselViewRenderer_CarouselViewwOnGlobalLayoutListener.class' -> 'goodrive://www.googleapis.com/:personal:/bannister/bannister/obj/x64/Debug/net8.0-android/android/bin/classes/crc6477f0d89a9cfd64b1/CarouselViewRenderer_CarouselViewwOnGlobalLayoutListener.class' (1,782)
2026-10-03 06:07:20: Copy Over 'C:/rock/bannister/Bannister/obj/x64/Debug/net8.0-android/android/bin/classes/crc6477f0d89a9cfd64b1/CenterSnapHelper.class' -> 'goodrive://www.googleapis.com/:personal:/bannister/bannister/obj/x64/Debug/net8.0-android/android/bin/classes/crc6477f0d89a9cfd64b1/CenterSnapHelper.class' (1,785)
2026-10-03 06:07:21: Copy Over 'C:/rock/bannister/Bannister/obj/x64/Debug/net8.0-android/android/bin/classes/crc6477f0d89a9cfd64b1/CheckBoxRenderer.class' -> 'goodrive://www.googleapis.com/:personal:/bannister/bannister/obj/x64/Debug/net8.0-android/android/bin/classes/crc6477f0d89a9cfd64b1/CheckBoxRenderer.class' (2,061)
2026-10-03 06:07:21: Copy Over 'C:/rock/bannister/Bannister/obj/x64/Debug/net8.0-android/android/bin/classes/crc6477f0d89a9cfd64b1/CheckBoxRendererBase.class' -> 'goodrive://www.googleapis.com/:personal:/bannister/bannister/obj/x64/Debug/net8.0-android/android/bin/classes/crc6477f0d89a9cfd64b1/CheckBoxRendererBase.class' (3,050)
2026-10-03 06:07:24: Copy Over 'C:/rock/bannister/Bannister/obj/x64/Debug/net8.0-android/android/bin/classes/crc6477f0d89a9cfd64b1/CircularProgress.class' -> 'goodrive://www.googleapis.com/:personal:/bannister/bannister/obj/x64/Debug/net8.0-android/android/bin/classes/crc6477f0d89a9cfd64b1/CircularProgress.class' (2,732)
2026-10-03 06:07:24: Copy Over 'C:/rock/bannister/Bannister/obj/x64/Debug/net8.0-android/android/bin/classes/crc6477f0d89a9cfd64b1/CollectionViewRenderer.class' -> 'goodrive://www.googleapis.com/:personal:/bannister/bannister/obj/x64/Debug/net8.0-android/android/bin/classes/crc6477f0d89a9cfd64b1/CollectionViewRenderer.class' (2,087)
2026-10-03 06:07:24: Copy Over 'C:/rock/bannister/Bannister/obj/x64/Debug/net8.0-android/android/bin/classes/crc6477f0d89a9cfd64b1/DataChangeObserver.class' -> 'goodrive://www.googleapis.com/:personal:/bannister/bannister/obj/x64/Debug/net8.0-android/android/bin/classes/crc6477f0d89a9cfd64b1/DataChangeObserver.class' (2,418)
2026-10-03 06:07:27: Copy Over 'C:/rock/bannister/Bannister/obj/x64/Debug/net8.0-android/android/bin/classes/crc6477f0d89a9cfd64b1/DatePickerRenderer.class' -> 'goodrive://www.googleapis.com/:personal:/bannister/bannister/obj/x64/Debug/net8.0-android/android/bin/classes/crc6477f0d89a9cfd64b1/DatePickerRenderer.class' (2,071)
2026-10-03 06:07:28: Copy Over 'C:/rock/bannister/Bannister/obj/x64/Debug/net8.0-android/android/bin/classes/crc6477f0d89a9cfd64b1/DatePickerRendererBase_1.class' -> 'goodrive://www.googleapis.com/:personal:/bannister/bannister/obj/x64/Debug/net8.0-android/android/bin/classes/crc6477f0d89a9cfd64b1/DatePickerRendererBase_1.class' (2,079)
2026-10-03 06:07:28: Copy Over 'C:/rock/bannister/Bannister/obj/x64/Debug/net8.0-android/android/bin/classes/crc6477f0d89a9cfd64b1/DragAndDropGestureHandler.class' -> 'goodrive://www.googleapis.com/:personal:/bannister/bannister/obj/x64/Debug/net8.0-android/android/bin/classes/crc6477f0d89a9cfd64b1/DragAndDropGestureHandler.class' (1,731)
2026-10-03 06:07:31: Copy Over 'C:/rock/bannister/Bannister/obj/x64/Debug/net8.0-android/android/bin/classes/crc6477f0d89a9cfd64b1/DragAndDropGestureHandler_CustomLocalStateData.class' -> 'goodrive://www.googleapis.com/:personal:/bannister/bannister/obj/x64/Debug/net8.0-android/android/bin/classes/crc6477f0d89a9cfd64b1/DragAndDropGestureHandler_CustomLocalStateData.class' (1,317)
2026-10-03 06:07:31: Copy Over 'C:/rock/bannister/Bannister/obj/x64/Debug/net8.0-android/android/bin/classes/crc6477f0d89a9cfd64b1/EdgeSnapHelper.class' -> 'goodrive://www.googleapis.com/:personal:/bannister/bannister/obj/x64/Debug/net8.0-android/android/bin/classes/crc6477f0d89a9cfd64b1/EdgeSnapHelper.class' (1,268)
2026-10-03 06:07:32: Copy Over 'C:/rock/bannister/Bannister/obj/x64/Debug/net8.0-android/android/bin/classes/crc6477f0d89a9cfd64b1/EditorRenderer.class' -> 'goodrive://www.googleapis.com/:personal:/bannister/bannister/obj/x64/Debug/net8.0-android/android/bin/classes/crc6477f0d89a9cfd64b1/EditorRenderer.class' (2,218)
2026-10-03 06:07:35: Copy Over 'C:/rock/bannister/Bannister/obj/x64/Debug/net8.0-android/android/bin/classes/crc6477f0d89a9cfd64b1/EditorRendererBase_1.class' -> 'goodrive://www.googleapis.com/:personal:/bannister/bannister/obj/x64/Debug/net8.0-android/android/bin/classes/crc6477f0d89a9cfd64b1/EditorRendererBase_1.class' (3,123)
2026-10-03 06:07:35: Copy Over 'C:/rock/bannister/Bannister/obj/x64/Debug/net8.0-android/android/bin/classes/crc6477f0d89a9cfd64b1/EllipseRenderer.class' -> 'goodrive://www.googleapis.com/:personal:/bannister/bannister/obj/x64/Debug/net8.0-android/android/bin/classes/crc6477f0d89a9cfd64b1/EllipseRenderer.class' (2,053)
2026-10-03 06:07:35: Copy Over 'C:/rock/bannister/Bannister/obj/x64/Debug/net8.0-android/android/bin/classes/crc6477f0d89a9cfd64b1/EllipseView.class' -> 'goodrive://www.googleapis.com/:personal:/bannister/bannister/obj/x64/Debug/net8.0-android/android/bin/classes/crc6477f0d89a9cfd64b1/EllipseView.class' (2,393)
2026-10-03 06:07:38: Copy Over 'C:/rock/bannister/Bannister/obj/x64/Debug/net8.0-android/android/bin/classes/crc6477f0d89a9cfd64b1/EndSingleSnapHelper.class' -> 'goodrive://www.googleapis.com/:personal:/bannister/bannister/obj/x64/Debug/net8.0-android/android/bin/classes/crc6477f0d89a9cfd64b1/EndSingleSnapHelper.class' (1,879)
2026-10-03 06:07:38: Copy Over 'C:/rock/bannister/Bannister/obj/x64/Debug/net8.0-android/android/bin/classes/crc6477f0d89a9cfd64b1/EmptyViewAdapter.class' -> 'goodrive://www.googleapis.com/:personal:/bannister/bannister/obj/x64/Debug/net8.0-android/android/bin/classes/crc6477f0d89a9cfd64b1/EmptyViewAdapter.class' (2,749)
2026-10-03 06:07:38: Copy Over 'C:/rock/bannister/Bannister/obj/x64/Debug/net8.0-android/android/bin/classes/crc6477f0d89a9cfd64b1/EndSnapHelper.class' -> 'goodrive://www.googleapis.com/:personal:/bannister/bannister/obj/x64/Debug/net8.0-android/android/bin/classes/crc6477f0d89a9cfd64b1/EndSnapHelper.class' (2,209)
2026-10-03 06:07:41: Copy Over 'C:/rock/bannister/Bannister/obj/x64/Debug/net8.0-android/android/bin/classes/crc6477f0d89a9cfd64b1/EntryRendererBase_1.class' -> 'goodrive://www.googleapis.com/:personal:/bannister/bannister/obj/x64/Debug/net8.0-android/android/bin/classes/crc6477f0d89a9cfd64b1/EntryRendererBase_1.class' (3,683)
2026-10-03 06:07:41: Copy Over 'C:/rock/bannister/Bannister/obj/x64/Debug/net8.0-android/android/bin/classes/crc6477f0d89a9cfd64b1/EntryAccessibilityDelegate.class' -> 'goodrive://www.googleapis.com/:personal:/bannister/bannister/obj/x64/Debug/net8.0-android/android/bin/classes/crc6477f0d89a9cfd64b1/EntryAccessibilityDelegate.class' (1,825)
2026-10-03 06:07:42: Copy Over 'C:/rock/bannister/Bannister/obj/x64/Debug/net8.0-android/android/bin/classes/crc6477f0d89a9cfd64b1/EntryRenderer.class' -> 'goodrive://www.googleapis.com/:personal:/bannister/bannister/obj/x64/Debug/net8.0-android/android/bin/classes/crc6477f0d89a9cfd64b1/EntryRenderer.class' (2,051)
2026-10-03 06:07:44: Copy Over 'C:/rock/bannister/Bannister/obj/x64/Debug/net8.0-android/android/bin/classes/crc6477f0d89a9cfd64b1/FlyoutPageContainer.class' -> 'goodrive://www.googleapis.com/:personal:/bannister/bannister/obj/x64/Debug/net8.0-android/android/bin/classes/crc6477f0d89a9cfd64b1/FlyoutPageContainer.class' (2,980)
2026-10-03 06:07:45: Copy Over 'C:/rock/bannister/Bannister/obj/x64/Debug/net8.0-android/android/bin/classes/crc6477f0d89a9cfd64b1/FlyoutPageRenderer.class' -> 'goodrive://www.googleapis.com/:personal:/bannister/bannister/obj/x64/Debug/net8.0-android/android/bin/classes/crc6477f0d89a9cfd64b1/FlyoutPageRenderer.class' (3,841)
2026-10-03 06:07:45: Copy Over 'C:/rock/bannister/Bannister/obj/x64/Debug/net8.0-android/android/bin/classes/crc6477f0d89a9cfd64b1/FormsAnimationDrawable.class' -> 'goodrive://www.googleapis.com/:personal:/bannister/bannister/obj/x64/Debug/net8.0-android/android/bin/classes/crc6477f0d89a9cfd64b1/FormsAnimationDrawable.class' (1,801)
2026-10-03 06:07:47: Copy Over 'C:/rock/bannister/Bannister/obj/x64/Debug/net8.0-android/android/bin/classes/crc6477f0d89a9cfd64b1/FormsAppCompatActivity.class' -> 'goodrive://www.googleapis.com/:personal:/bannister/bannister/obj/x64/Debug/net8.0-android/android/bin/classes/crc6477f0d89a9cfd64b1/FormsAppCompatActivity.class' (3,586)
2026-10-03 06:07:49: Copy Over 'C:/rock/bannister/Bannister/obj/x64/Debug/net8.0-android/android/bin/classes/crc6477f0d89a9cfd64b1/FormsEditTextBase.class' -> 'goodrive://www.googleapis.com/:personal:/bannister/bannister/obj/x64/Debug/net8.0-android/android/bin/classes/crc6477f0d89a9cfd64b1/FormsEditTextBase.class' (2,281)
2026-10-03 06:07:50: Copy Over 'C:/rock/bannister/Bannister/obj/x64/Debug/net8.0-android/android/bin/classes/crc6477f0d89a9cfd64b1/FormsEditText.class' -> 'goodrive://www.googleapis.com/:personal:/bannister/bannister/obj/x64/Debug/net8.0-android/android/bin/classes/crc6477f0d89a9cfd64b1/FormsEditText.class' (2,439)
2026-10-03 06:07:51: Copy Over 'C:/rock/bannister/Bannister/obj/x64/Debug/net8.0-android/android/bin/classes/crc6477f0d89a9cfd64b1/FormsImageView.class' -> 'goodrive://www.googleapis.com/:personal:/bannister/bannister/obj/x64/Debug/net8.0-android/android/bin/classes/crc6477f0d89a9cfd64b1/FormsImageView.class' (2,526)
2026-10-03 06:07:52: Copy Over 'C:/rock/bannister/Bannister/obj/x64/Debug/net8.0-android/android/bin/classes/crc6477f0d89a9cfd64b1/FormsSeekBar.class' -> 'goodrive://www.googleapis.com/:personal:/bannister/bannister/obj/x64/Debug/net8.0-android/android/bin/classes/crc6477f0d89a9cfd64b1/FormsSeekBar.class' (2,879)
2026-10-03 06:07:53: Copy Over 'C:/rock/bannister/Bannister/obj/x64/Debug/net8.0-android/android/bin/classes/crc6477f0d89a9cfd64b1/FormsTextView.class' -> 'goodrive://www.googleapis.com/:personal:/bannister/bannister/obj/x64/Debug/net8.0-android/android/bin/classes/crc6477f0d89a9cfd64b1/FormsTextView.class' (2,053)
2026-10-03 06:07:54: Copy Over 'C:/rock/bannister/Bannister/obj/x64/Debug/net8.0-android/android/bin/classes/crc6477f0d89a9cfd64b1/FormsVideoView.class' -> 'goodrive://www.googleapis.com/:personal:/bannister/bannister/obj/x64/Debug/net8.0-android/android/bin/classes/crc6477f0d89a9cfd64b1/FormsVideoView.class' (3,000)
2026-10-03 06:07:56: Copy Over 'C:/rock/bannister/Bannister/obj/x64/Debug/net8.0-android/android/bin/classes/crc6477f0d89a9cfd64b1/FormsWebChromeClient.class' -> 'goodrive://www.googleapis.com/:personal:/bannister/bannister/obj/x64/Debug/net8.0-android/android/bin/classes/crc6477f0d89a9cfd64b1/FormsWebChromeClient.class' (1,863)
2026-10-03 06:07:57: Copy Over 'C:/rock/bannister/Bannister/obj/x64/Debug/net8.0-android/android/bin/classes/crc6477f0d89a9cfd64b1/FormsWebViewClient.class' -> 'goodrive://www.googleapis.com/:personal:/bannister/bannister/obj/x64/Debug/net8.0-android/android/bin/classes/crc6477f0d89a9cfd64b1/FormsWebViewClient.class' (3,589)
2026-10-03 06:07:58: Copy Over 'C:/rock/bannister/Bannister/obj/x64/Debug/net8.0-android/android/bin/classes/crc6477f0d89a9cfd64b1/GridLayoutSpanSizeLookup.class' -> 'goodrive://www.googleapis.com/:personal:/bannister/bannister/obj/x64/Debug/net8.0-android/android/bin/classes/crc6477f0d89a9cfd64b1/GridLayoutSpanSizeLookup.class' (1,566)
2026-10-03 06:07:59: Copy Over 'C:/rock/bannister/Bannister/obj/x64/Debug/net8.0-android/android/bin/classes/crc6477f0d89a9cfd64b1/GroupableItemsViewAdapter_2.class' -> 'goodrive://www.googleapis.com/:personal:/bannister/bannister/obj/x64/Debug/net8.0-android/android/bin/classes/crc6477f0d89a9cfd64b1/GroupableItemsViewAdapter_2.class' (2,307)
2026-10-03 06:08:00: Copy Over 'C:/rock/bannister/Bannister/obj/x64/Debug/net8.0-android/android/bin/classes/crc6477f0d89a9cfd64b1/GroupableItemsViewRenderer_3.class' -> 'goodrive://www.googleapis.com/:personal:/bannister/bannister/obj/x64/Debug/net8.0-android/android/bin/classes/crc6477f0d89a9cfd64b1/GroupableItemsViewRenderer_3.class' (2,106)
2026-10-03 06:08:02: Copy Over 'C:/rock/bannister/Bannister/obj/x64/Debug/net8.0-android/android/bin/classes/crc6477f0d89a9cfd64b1/GroupedListViewAdapter.class' -> 'goodrive://www.googleapis.com/:personal:/bannister/bannister/obj/x64/Debug/net8.0-android/android/bin/classes/crc6477f0d89a9cfd64b1/GroupedListViewAdapter.class' (2,386)
2026-10-03 06:08:02: Copy Over 'C:/rock/bannister/Bannister/obj/x64/Debug/net8.0-android/android/bin/classes/crc6477f0d89a9cfd64b1/ImageButtonRenderer.class' -> 'goodrive://www.googleapis.com/:personal:/bannister/bannister/obj/x64/Debug/net8.0-android/android/bin/classes/crc6477f0d89a9cfd64b1/ImageButtonRenderer.class' (4,024)
2026-10-03 06:08:04: Copy Over 'C:/rock/bannister/Bannister/obj/x64/Debug/net8.0-android/android/bin/classes/crc6477f0d89a9cfd64b1/ImageCache_CacheEntry.class' -> 'goodrive://www.googleapis.com/:personal:/bannister/bannister/obj/x64/Debug/net8.0-android/android/bin/classes/crc6477f0d89a9cfd64b1/ImageCache_CacheEntry.class' (1,242)
2026-10-03 06:08:05: Copy Over 'C:/rock/bannister/Bannister/obj/x64/Debug/net8.0-android/android/bin/classes/crc6477f0d89a9cfd64b1/ImageCache_FormsLruCache.class' -> 'goodrive://www.googleapis.com/:personal:/bannister/bannister/obj/x64/Debug/net8.0-android/android/bin/classes/crc6477f0d89a9cfd64b1/ImageCache_FormsLruCache.class' (1,637)
2026-10-03 06:08:05: Copy Over 'C:/rock/bannister/Bannister/obj/x64/Debug/net8.0-android/android/bin/classes/crc6477f0d89a9cfd64b1/ImageRenderer.class' -> 'goodrive://www.googleapis.com/:personal:/bannister/bannister/obj/x64/Debug/net8.0-android/android/bin/classes/crc6477f0d89a9cfd64b1/ImageRenderer.class' (2,267)
2026-10-03 06:08:07: Copy Over 'C:/rock/bannister/Bannister/obj/x64/Debug/net8.0-android/android/bin/classes/crc6477f0d89a9cfd64b1/IndicatorViewRenderer.class' -> 'goodrive://www.googleapis.com/:personal:/bannister/bannister/obj/x64/Debug/net8.0-android/android/bin/classes/crc6477f0d89a9cfd64b1/IndicatorViewRenderer.class' (2,419)
2026-10-03 06:08:08: Copy Over 'C:/rock/bannister/Bannister/obj/x64/Debug/net8.0-android/android/bin/classes/crc6477f0d89a9cfd64b1/ItemContentView.class' -> 'goodrive://www.googleapis.com/:personal:/bannister/bannister/obj/x64/Debug/net8.0-android/android/bin/classes/crc6477f0d89a9cfd64b1/ItemContentView.class' (2,690)
2026-10-03 06:08:08: Copy Over 'C:/rock/bannister/Bannister/obj/x64/Debug/net8.0-android/android/bin/classes/crc6477f0d89a9cfd64b1/ItemsViewAdapter_2.class' -> 'goodrive://www.googleapis.com/:personal:/bannister/bannister/obj/x64/Debug/net8.0-android/android/bin/classes/crc6477f0d89a9cfd64b1/ItemsViewAdapter_2.class' (2,755)
2026-10-03 06:08:11: Copy Over 'C:/rock/bannister/Bannister/obj/x64/Debug/net8.0-android/android/bin/classes/crc6477f0d89a9cfd64b1/ItemsViewRenderer_3.class' -> 'goodrive://www.googleapis.com/:personal:/bannister/bannister/obj/x64/Debug/net8.0-android/android/bin/classes/crc6477f0d89a9cfd64b1/ItemsViewRenderer_3.class' (2,221)
2026-10-03 06:08:11: Copy Over 'C:/rock/bannister/Bannister/obj/x64/Debug/net8.0-android/android/bin/classes/crc6477f0d89a9cfd64b1/LabelRenderer.class' -> 'goodrive://www.googleapis.com/:personal:/bannister/bannister/obj/x64/Debug/net8.0-android/android/bin/classes/crc6477f0d89a9cfd64b1/LabelRenderer.class' (2,419)
2026-10-03 06:08:12: Copy Over 'C:/rock/bannister/Bannister/obj/x64/Debug/net8.0-android/android/bin/classes/crc6477f0d89a9cfd64b1/LineRenderer.class' -> 'goodrive://www.googleapis.com/:personal:/bannister/bannister/obj/x64/Debug/net8.0-android/android/bin/classes/crc6477f0d89a9cfd64b1/LineRenderer.class' (2,044)
2026-10-03 06:08:14: Copy Over 'C:/rock/bannister/Bannister/obj/x64/Debug/net8.0-android/android/bin/classes/crc6477f0d89a9cfd64b1/LineView.class' -> 'goodrive://www.googleapis.com/:personal:/bannister/bannister/obj/x64/Debug/net8.0-android/android/bin/classes/crc6477f0d89a9cfd64b1/LineView.class' (2,384)
2026-10-03 06:08:15: Copy Over 'C:/rock/bannister/Bannister/obj/x64/Debug/net8.0-android/android/bin/classes/crc6477f0d89a9cfd64b1/ListViewAdapter.class' -> 'goodrive://www.googleapis.com/:personal:/bannister/bannister/obj/x64/Debug/net8.0-android/android/bin/classes/crc6477f0d89a9cfd64b1/ListViewAdapter.class' (2,928)
2026-10-03 06:08:16: Copy Over 'C:/rock/bannister/Bannister/obj/x64/Debug/net8.0-android/android/bin/classes/crc6477f0d89a9cfd64b1/ListViewRenderer.class' -> 'goodrive://www.googleapis.com/:personal:/bannister/bannister/obj/x64/Debug/net8.0-android/android/bin/classes/crc6477f0d89a9cfd64b1/ListViewRenderer.class' (2,974)
2026-10-03 06:08:17: Copy Over 'C:/rock/bannister/Bannister/obj/x64/Debug/net8.0-android/android/bin/classes/crc6477f0d89a9cfd64b1/ListViewRenderer_Container.class' -> 'goodrive://www.googleapis.com/:personal:/bannister/bannister/obj/x64/Debug/net8.0-android/android/bin/classes/crc6477f0d89a9cfd64b1/ListViewRenderer_Container.class' (2,723)
2026-10-03 06:08:18: Copy Over 'C:/rock/bannister/Bannister/obj/x64/Debug/net8.0-android/android/bin/classes/crc6477f0d89a9cfd64b1/ListViewRenderer_ListViewScrollDetector.class' -> 'goodrive://www.googleapis.com/:personal:/bannister/bannister/obj/x64/Debug/net8.0-android/android/bin/classes/crc6477f0d89a9cfd64b1/ListViewRenderer_ListViewScrollDetector.class' (2,479)
2026-10-03 06:08:19: Copy Over 'C:/rock/bannister/Bannister/obj/x64/Debug/net8.0-android/android/bin/classes/crc6477f0d89a9cfd64b1/ListViewRenderer_SwipeRefreshLayoutWithFixedNestedScrolling.class' -> 'goodrive://www.googleapis.com/:personal:/bannister/bannister/obj/x64/Debug/net8.0-android/android/bin/classes/crc6477f0d89a9cfd64b1/ListViewRenderer_SwipeRefreshLayoutWithFixedNestedScrolling.class' (2,845)
2026-10-03 06:08:21: Copy Over 'C:/rock/bannister/Bannister/obj/x64/Debug/net8.0-android/android/bin/classes/crc6477f0d89a9cfd64b1/NativeViewWrapperRenderer.class' -> 'goodrive://www.googleapis.com/:personal:/bannister/bannister/obj/x64/Debug/net8.0-android/android/bin/classes/crc6477f0d89a9cfd64b1/NativeViewWrapperRenderer.class' (2,376)
2026-10-03 06:08:22: Copy Over 'C:/rock/bannister/Bannister/obj/x64/Debug/net8.0-android/android/bin/classes/crc6477f0d89a9cfd64b1/NongreedySnapHelper.class' -> 'goodrive://www.googleapis.com/:personal:/bannister/bannister/obj/x64/Debug/net8.0-android/android/bin/classes/crc6477f0d89a9cfd64b1/NongreedySnapHelper.class' (1,601)
2026-10-03 06:08:23: Copy Over 'C:/rock/bannister/Bannister/obj/x64/Debug/net8.0-android/android/bin/classes/crc6477f0d89a9cfd64b1/NongreedySnapHelper_InitialScrollListener.class' -> 'goodrive://www.googleapis.com/:personal:/bannister/bannister/obj/x64/Debug/net8.0-android/android/bin/classes/crc6477f0d89a9cfd64b1/NongreedySnapHelper_InitialScrollListener.class' (2,061)
2026-10-03 06:08:25: Copy Over 'C:/rock/bannister/Bannister/obj/x64/Debug/net8.0-android/android/bin/classes/crc6477f0d89a9cfd64b1/ObjectJavaBox_1.class' -> 'goodrive://www.googleapis.com/:personal:/bannister/bannister/obj/x64/Debug/net8.0-android/android/bin/classes/crc6477f0d89a9cfd64b1/ObjectJavaBox_1.class' (1,224)
2026-10-03 06:08:26: Copy Over 'C:/rock/bannister/Bannister/obj/x64/Debug/net8.0-android/android/bin/classes/crc6477f0d89a9cfd64b1/PageContainer.class' -> 'goodrive://www.googleapis.com/:personal:/bannister/bannister/obj/x64/Debug/net8.0-android/android/bin/classes/crc6477f0d89a9cfd64b1/PageContainer.class' (2,684)
2026-10-03 06:08:26: Copy Over 'C:/rock/bannister/Bannister/obj/x64/Debug/net8.0-android/android/bin/classes/crc6477f0d89a9cfd64b1/PageExtensions_EmbeddedFragment.class' -> 'goodrive://www.googleapis.com/:personal:/bannister/bannister/obj/x64/Debug/net8.0-android/android/bin/classes/crc6477f0d89a9cfd64b1/PageExtensions_EmbeddedFragment.class' (1,941)
2026-10-03 06:08:29: Copy Over 'C:/rock/bannister/Bannister/obj/x64/Debug/net8.0-android/android/bin/classes/crc6477f0d89a9cfd64b1/PageExtensions_EmbeddedSupportFragment.class' -> 'goodrive://www.googleapis.com/:personal:/bannister/bannister/obj/x64/Debug/net8.0-android/android/bin/classes/crc6477f0d89a9cfd64b1/PageExtensions_EmbeddedSupportFragment.class' (1,962)
2026-10-03 06:08:29: Copy Over 'C:/rock/bannister/Bannister/obj/x64/Debug/net8.0-android/android/bin/classes/crc6477f0d89a9cfd64b1/PageRenderer.class' -> 'goodrive://www.googleapis.com/:personal:/bannister/bannister/obj/x64/Debug/net8.0-android/android/bin/classes/crc6477f0d89a9cfd64b1/PageRenderer.class' (2,759)
2026-10-03 06:08:29: Copy Over 'C:/rock/bannister/Bannister/obj/x64/Debug/net8.0-android/android/bin/classes/crc6477f0d89a9cfd64b1/PathRenderer.class' -> 'goodrive://www.googleapis.com/:personal:/bannister/bannister/obj/x64/Debug/net8.0-android/android/bin/classes/crc6477f0d89a9cfd64b1/PathRenderer.class' (2,044)
2026-10-03 06:08:32: Copy Over 'C:/rock/bannister/Bannister/obj/x64/Debug/net8.0-android/android/bin/classes/crc6477f0d89a9cfd64b1/PickerEditText.class' -> 'goodrive://www.googleapis.com/:personal:/bannister/bannister/obj/x64/Debug/net8.0-android/android/bin/classes/crc6477f0d89a9cfd64b1/PickerEditText.class' (2,505)
2026-10-03 06:08:32: Copy Over 'C:/rock/bannister/Bannister/obj/x64/Debug/net8.0-android/android/bin/classes/crc6477f0d89a9cfd64b1/PathView.class' -> 'goodrive://www.googleapis.com/:personal:/bannister/bannister/obj/x64/Debug/net8.0-android/android/bin/classes/crc6477f0d89a9cfd64b1/PathView.class' (2,384)
2026-10-03 06:08:32: Copy Over 'C:/rock/bannister/Bannister/obj/x64/Debug/net8.0-android/android/bin/classes/crc6477f0d89a9cfd64b1/PickerManager_PickerListener.class' -> 'goodrive://www.googleapis.com/:personal:/bannister/bannister/obj/x64/Debug/net8.0-android/android/bin/classes/crc6477f0d89a9cfd64b1/PickerManager_PickerListener.class' (1,678)
2026-10-03 06:08:35: Copy Over 'C:/rock/bannister/Bannister/obj/x64/Debug/net8.0-android/android/bin/classes/crc6477f0d89a9cfd64b1/Platform_DefaultRenderer.class' -> 'goodrive://www.googleapis.com/:personal:/bannister/bannister/obj/x64/Debug/net8.0-android/android/bin/classes/crc6477f0d89a9cfd64b1/Platform_DefaultRenderer.class' (3,061)
2026-10-03 06:08:36: Copy Over 'C:/rock/bannister/Bannister/obj/x64/Debug/net8.0-android/android/bin/classes/crc6477f0d89a9cfd64b1/PlatformRenderer.class' -> 'goodrive://www.googleapis.com/:personal:/bannister/bannister/obj/x64/Debug/net8.0-android/android/bin/classes/crc6477f0d89a9cfd64b1/PlatformRenderer.class' (2,938)
2026-10-03 06:08:36: Copy Over 'C:/rock/bannister/Bannister/obj/x64/Debug/net8.0-android/android/bin/classes/crc6477f0d89a9cfd64b1/Platform_ModalContainer.class' -> 'goodrive://www.googleapis.com/:personal:/bannister/bannister/obj/x64/Debug/net8.0-android/android/bin/classes/crc6477f0d89a9cfd64b1/Platform_ModalContainer.class' (2,572)
2026-10-03 06:08:38: Copy Over 'C:/rock/bannister/Bannister/obj/x64/Debug/net8.0-android/android/bin/classes/crc6477f0d89a9cfd64b1/PolygonRenderer.class' -> 'goodrive://www.googleapis.com/:personal:/bannister/bannister/obj/x64/Debug/net8.0-android/android/bin/classes/crc6477f0d89a9cfd64b1/PolygonRenderer.class' (2,053)
2026-10-03 06:08:39: Copy Over 'C:/rock/bannister/Bannister/obj/x64/Debug/net8.0-android/android/bin/classes/crc6477f0d89a9cfd64b1/PolygonView.class' -> 'goodrive://www.googleapis.com/:personal:/bannister/bannister/obj/x64/Debug/net8.0-android/android/bin/classes/crc6477f0d89a9cfd64b1/PolygonView.class' (2,393)
2026-10-03 06:08:39: Copy Over 'C:/rock/bannister/Bannister/obj/x64/Debug/net8.0-android/android/bin/classes/crc6477f0d89a9cfd64b1/PolylineRenderer.class' -> 'goodrive://www.googleapis.com/:personal:/bannister/bannister/obj/x64/Debug/net8.0-android/android/bin/classes/crc6477f0d89a9cfd64b1/PolylineRenderer.class' (2,056)
2026-10-03 06:08:42: Copy Over 'C:/rock/bannister/Bannister/obj/x64/Debug/net8.0-android/android/bin/classes/crc6477f0d89a9cfd64b1/PolylineView.class' -> 'goodrive://www.googleapis.com/:personal:/bannister/bannister/obj/x64/Debug/net8.0-android/android/bin/classes/crc6477f0d89a9cfd64b1/PolylineView.class' (2,396)
2026-10-03 06:08:43: Copy Over 'C:/rock/bannister/Bannister/obj/x64/Debug/net8.0-android/android/bin/classes/crc6477f0d89a9cfd64b1/PositionalSmoothScroller.class' -> 'goodrive://www.googleapis.com/:personal:/bannister/bannister/obj/x64/Debug/net8.0-android/android/bin/classes/crc6477f0d89a9cfd64b1/PositionalSmoothScroller.class' (1,990)
2026-10-03 06:08:43: Copy Over 'C:/rock/bannister/Bannister/obj/x64/Debug/net8.0-android/android/bin/classes/crc6477f0d89a9cfd64b1/ProgressBarRenderer.class' -> 'goodrive://www.googleapis.com/:personal:/bannister/bannister/obj/x64/Debug/net8.0-android/android/bin/classes/crc6477f0d89a9cfd64b1/ProgressBarRenderer.class' (2,064)
2026-10-03 06:08:45: Copy Over 'C:/rock/bannister/Bannister/obj/x64/Debug/net8.0-android/android/bin/classes/crc6477f0d89a9cfd64b1/RadioButtonRenderer.class' -> 'goodrive://www.googleapis.com/:personal:/bannister/bannister/obj/x64/Debug/net8.0-android/android/bin/classes/crc6477f0d89a9cfd64b1/RadioButtonRenderer.class' (3,271)
2026-10-03 06:08:46: Copy Over 'C:/rock/bannister/Bannister/obj/x64/Debug/net8.0-android/android/bin/classes/crc6477f0d89a9cfd64b1/RectView.class' -> 'goodrive://www.googleapis.com/:personal:/bannister/bannister/obj/x64/Debug/net8.0-android/android/bin/classes/crc6477f0d89a9cfd64b1/RectView.class' (2,384)
2026-10-03 06:08:47: Copy Over 'C:/rock/bannister/Bannister/obj/x64/Debug/net8.0-android/android/bin/classes/crc6477f0d89a9cfd64b1/RectangleRenderer.class' -> 'goodrive://www.googleapis.com/:personal:/bannister/bannister/obj/x64/Debug/net8.0-android/android/bin/classes/crc6477f0d89a9cfd64b1/RectangleRenderer.class' (2,059)
2026-10-03 06:08:49: Copy Over 'C:/rock/bannister/Bannister/obj/x64/Debug/net8.0-android/android/bin/classes/crc6477f0d89a9cfd64b1/RefreshViewRenderer.class' -> 'goodrive://www.googleapis.com/:personal:/bannister/bannister/obj/x64/Debug/net8.0-android/android/bin/classes/crc6477f0d89a9cfd64b1/RefreshViewRenderer.class' (2,676)
2026-10-03 06:08:49: Copy Over 'C:/rock/bannister/Bannister/obj/x64/Debug/net8.0-android/android/bin/classes/crc6477f0d89a9cfd64b1/ScrollHelper.class' -> 'goodrive://www.googleapis.com/:personal:/bannister/bannister/obj/x64/Debug/net8.0-android/android/bin/classes/crc6477f0d89a9cfd64b1/ScrollHelper.class' (1,886)
2026-10-03 06:08:50: Copy Over 'C:/rock/bannister/Bannister/obj/x64/Debug/net8.0-android/android/bin/classes/crc6477f0d89a9cfd64b1/ScrollViewContainer.class' -> 'goodrive://www.googleapis.com/:personal:/bannister/bannister/obj/x64/Debug/net8.0-android/android/bin/classes/crc6477f0d89a9cfd64b1/ScrollViewContainer.class' (2,702)
2026-10-03 06:08:53: Copy Over 'C:/rock/bannister/Bannister/obj/x64/Debug/net8.0-android/android/bin/classes/crc6477f0d89a9cfd64b1/ScrollViewRenderer.class' -> 'goodrive://www.googleapis.com/:personal:/bannister/bannister/obj/x64/Debug/net8.0-android/android/bin/classes/crc6477f0d89a9cfd64b1/ScrollViewRenderer.class' (3,359)
2026-10-03 06:08:53: Copy Over 'C:/rock/bannister/Bannister/obj/x64/Debug/net8.0-android/android/bin/classes/crc6477f0d89a9cfd64b1/SelectableItemsViewAdapter_2.class' -> 'goodrive://www.googleapis.com/:personal:/bannister/bannister/obj/x64/Debug/net8.0-android/android/bin/classes/crc6477f0d89a9cfd64b1/SelectableItemsViewAdapter_2.class' (2,120)
2026-10-03 06:08:53: Copy Over 'C:/rock/bannister/Bannister/obj/x64/Debug/net8.0-android/android/bin/classes/crc6477f0d89a9cfd64b1/SearchBarRenderer.class' -> 'goodrive://www.googleapis.com/:personal:/bannister/bannister/obj/x64/Debug/net8.0-android/android/bin/classes/crc6477f0d89a9cfd64b1/SearchBarRenderer.class' (2,813)
2026-10-03 06:08:56: Copy Over 'C:/rock/bannister/Bannister/obj/x64/Debug/net8.0-android/android/bin/classes/crc6477f0d89a9cfd64b1/SelectableViewHolder.class' -> 'goodrive://www.googleapis.com/:personal:/bannister/bannister/obj/x64/Debug/net8.0-android/android/bin/classes/crc6477f0d89a9cfd64b1/SelectableViewHolder.class' (1,825)
2026-10-03 06:08:56: Copy Over 'C:/rock/bannister/Bannister/obj/x64/Debug/net8.0-android/android/bin/classes/crc6477f0d89a9cfd64b1/ShapeRenderer_2.class' -> 'goodrive://www.googleapis.com/:personal:/bannister/bannister/obj/x64/Debug/net8.0-android/android/bin/classes/crc6477f0d89a9cfd64b1/ShapeRenderer_2.class' (2,052)
2026-10-03 06:08:56: Copy Over 'C:/rock/bannister/Bannister/obj/x64/Debug/net8.0-android/android/bin/classes/crc6477f0d89a9cfd64b1/SelectableItemsViewRenderer_3.class' -> 'goodrive://www.googleapis.com/:personal:/bannister/bannister/obj/x64/Debug/net8.0-android/android/bin/classes/crc6477f0d89a9cfd64b1/SelectableItemsViewRenderer_3.class' (2,109)
2026-10-03 06:08:59: Copy Over 'C:/rock/bannister/Bannister/obj/x64/Debug/net8.0-android/android/bin/classes/crc6477f0d89a9cfd64b1/SimpleViewHolder.class' -> 'goodrive://www.googleapis.com/:personal:/bannister/bannister/obj/x64/Debug/net8.0-android/android/bin/classes/crc6477f0d89a9cfd64b1/SimpleViewHolder.class' (1,475)
2026-10-03 06:09:00: Copy Over 'C:/rock/bannister/Bannister/obj/x64/Debug/net8.0-android/android/bin/classes/crc6477f0d89a9cfd64b1/ShapeView.class' -> 'goodrive://www.googleapis.com/:personal:/bannister/bannister/obj/x64/Debug/net8.0-android/android/bin/classes/crc6477f0d89a9cfd64b1/ShapeView.class' (2,571)
2026-10-03 06:09:00: Copy Over 'C:/rock/bannister/Bannister/obj/x64/Debug/net8.0-android/android/bin/classes/crc6477f0d89a9cfd64b1/SingleSnapHelper.class' -> 'goodrive://www.googleapis.com/:personal:/bannister/bannister/obj/x64/Debug/net8.0-android/android/bin/classes/crc6477f0d89a9cfd64b1/SingleSnapHelper.class' (2,150)
2026-10-03 06:09:03: Copy Over 'C:/rock/bannister/Bannister/obj/x64/Debug/net8.0-android/android/bin/classes/crc6477f0d89a9cfd64b1/SizedItemContentView.class' -> 'goodrive://www.googleapis.com/:personal:/bannister/bannister/obj/x64/Debug/net8.0-android/android/bin/classes/crc6477f0d89a9cfd64b1/SizedItemContentView.class' (2,568)
2026-10-03 06:09:03: Copy Over 'C:/rock/bannister/Bannister/obj/x64/Debug/net8.0-android/android/bin/classes/crc6477f0d89a9cfd64b1/SpacingItemDecoration.class' -> 'goodrive://www.googleapis.com/:personal:/bannister/bannister/obj/x64/Debug/net8.0-android/android/bin/classes/crc6477f0d89a9cfd64b1/SpacingItemDecoration.class' (2,035)
2026-10-03 06:09:03: Copy Over 'C:/rock/bannister/Bannister/obj/x64/Debug/net8.0-android/android/bin/classes/crc6477f0d89a9cfd64b1/SliderRenderer.class' -> 'goodrive://www.googleapis.com/:personal:/bannister/bannister/obj/x64/Debug/net8.0-android/android/bin/classes/crc6477f0d89a9cfd64b1/SliderRenderer.class' (3,427)
2026-10-03 06:09:06: Copy Over 'C:/rock/bannister/Bannister/obj/x64/Debug/net8.0-android/android/bin/classes/crc6477f0d89a9cfd64b1/StartSingleSnapHelper.class' -> 'goodrive://www.googleapis.com/:personal:/bannister/bannister/obj/x64/Debug/net8.0-android/android/bin/classes/crc6477f0d89a9cfd64b1/StartSingleSnapHelper.class' (1,885)
2026-10-03 06:09:07: Copy Over 'C:/rock/bannister/Bannister/obj/x64/Debug/net8.0-android/android/bin/classes/crc6477f0d89a9cfd64b1/StepperRenderer.class' -> 'goodrive://www.googleapis.com/:personal:/bannister/bannister/obj/x64/Debug/net8.0-android/android/bin/classes/crc6477f0d89a9cfd64b1/StepperRenderer.class' (2,052)
2026-10-03 06:09:07: Copy Over 'C:/rock/bannister/Bannister/obj/x64/Debug/net8.0-android/android/bin/classes/crc6477f0d89a9cfd64b1/StartSnapHelper.class' -> 'goodrive://www.googleapis.com/:personal:/bannister/bannister/obj/x64/Debug/net8.0-android/android/bin/classes/crc6477f0d89a9cfd64b1/StartSnapHelper.class' (2,215)
2026-10-03 06:09:10: Copy Over 'C:/rock/bannister/Bannister/obj/x64/Debug/net8.0-android/android/bin/classes/crc6477f0d89a9cfd64b1/StructuredItemsViewAdapter_2.class' -> 'goodrive://www.googleapis.com/:personal:/bannister/bannister/obj/x64/Debug/net8.0-android/android/bin/classes/crc6477f0d89a9cfd64b1/StructuredItemsViewAdapter_2.class' (2,300)
2026-10-03 06:09:10: Copy Over 'C:/rock/bannister/Bannister/obj/x64/Debug/net8.0-android/android/bin/classes/crc6477f0d89a9cfd64b1/StepperRendererManager_StepperListener.class' -> 'goodrive://www.googleapis.com/:personal:/bannister/bannister/obj/x64/Debug/net8.0-android/android/bin/classes/crc6477f0d89a9cfd64b1/StepperRendererManager_StepperListener.class' (1,708)
2026-10-03 06:09:10: Copy Over 'C:/rock/bannister/Bannister/obj/x64/Debug/net8.0-android/android/bin/classes/crc6477f0d89a9cfd64b1/StructuredItemsViewRenderer_3.class' -> 'goodrive://www.googleapis.com/:personal:/bannister/bannister/obj/x64/Debug/net8.0-android/android/bin/classes/crc6477f0d89a9cfd64b1/StructuredItemsViewRenderer_3.class' (2,099)
2026-10-03 06:09:13: Copy Over 'C:/rock/bannister/Bannister/obj/x64/Debug/net8.0-android/android/bin/classes/crc6477f0d89a9cfd64b1/TableViewModelRenderer.class' -> 'goodrive://www.googleapis.com/:personal:/bannister/bannister/obj/x64/Debug/net8.0-android/android/bin/classes/crc6477f0d89a9cfd64b1/TableViewModelRenderer.class' (2,656)
2026-10-03 06:09:13: Copy Over 'C:/rock/bannister/Bannister/obj/x64/Debug/net8.0-android/android/bin/classes/crc6477f0d89a9cfd64b1/SwipeViewRenderer.class' -> 'goodrive://www.googleapis.com/:personal:/bannister/bannister/obj/x64/Debug/net8.0-android/android/bin/classes/crc6477f0d89a9cfd64b1/SwipeViewRenderer.class' (2,880)
2026-10-03 06:09:14: Copy Over 'C:/rock/bannister/Bannister/obj/x64/Debug/net8.0-android/android/bin/classes/crc6477f0d89a9cfd64b1/TableViewRenderer.class' -> 'goodrive://www.googleapis.com/:personal:/bannister/bannister/obj/x64/Debug/net8.0-android/android/bin/classes/crc6477f0d89a9cfd64b1/TableViewRenderer.class' (2,221)
2026-10-03 06:09:16: Copy Over 'C:/rock/bannister/Bannister/obj/x64/Debug/net8.0-android/android/bin/classes/crc6477f0d89a9cfd64b1/TemplatedItemViewHolder.class' -> 'goodrive://www.googleapis.com/:personal:/bannister/bannister/obj/x64/Debug/net8.0-android/android/bin/classes/crc6477f0d89a9cfd64b1/TemplatedItemViewHolder.class' (1,395)
2026-10-03 06:09:17: Copy Over 'C:/rock/bannister/Bannister/obj/x64/Debug/net8.0-android/android/bin/classes/crc6477f0d89a9cfd64b1/TextViewHolder.class' -> 'goodrive://www.googleapis.com/:personal:/bannister/bannister/obj/x64/Debug/net8.0-android/android/bin/classes/crc6477f0d89a9cfd64b1/TextViewHolder.class' (1,368)
2026-10-03 06:09:17: Copy Over 'C:/rock/bannister/Bannister/obj/x64/Debug/net8.0-android/android/bin/classes/crc6477f0d89a9cfd64b1/TextCellRenderer_TextCellView.class' -> 'goodrive://www.googleapis.com/:personal:/bannister/bannister/obj/x64/Debug/net8.0-android/android/bin/classes/crc6477f0d89a9cfd64b1/TextCellRenderer_TextCellView.class' (2,450)
2026-10-03 06:09:19: Copy Over 'C:/rock/bannister/Bannister/obj/x64/Debug/net8.0-android/android/bin/classes/crc6477f0d89a9cfd64b1/TimePickerRenderer.class' -> 'goodrive://www.googleapis.com/:personal:/bannister/bannister/obj/x64/Debug/net8.0-android/android/bin/classes/crc6477f0d89a9cfd64b1/TimePickerRenderer.class' (2,071)
2026-10-03 06:09:20: Copy Over 'C:/rock/bannister/Bannister/obj/x64/Debug/net8.0-android/android/bin/classes/crc6477f0d89a9cfd64b1/TimePickerRendererBase_1.class' -> 'goodrive://www.googleapis.com/:personal:/bannister/bannister/obj/x64/Debug/net8.0-android/android/bin/classes/crc6477f0d89a9cfd64b1/TimePickerRendererBase_1.class' (2,566)
2026-10-03 06:09:20: Copy Over 'C:/rock/bannister/Bannister/obj/x64/Debug/net8.0-android/android/bin/classes/crc6477f0d89a9cfd64b1/ViewCellRenderer_ViewCellContainer.class' -> 'goodrive://www.googleapis.com/:personal:/bannister/bannister/obj/x64/Debug/net8.0-android/android/bin/classes/crc6477f0d89a9cfd64b1/ViewCellRenderer_ViewCellContainer.class' (3,217)
2026-10-03 06:09:23: Copy Over 'C:/rock/bannister/Bannister/obj/x64/Debug/net8.0-android/android/bin/classes/crc6477f0d89a9cfd64b1/ViewCellRenderer_ViewCellContainer_LongPressGestureListener.class' -> 'goodrive://www.googleapis.com/:personal:/bannister/bannister/obj/x64/Debug/net8.0-android/android/bin/classes/crc6477f0d89a9cfd64b1/ViewCellRenderer_ViewCellContainer_LongPressGestureListener.class' (3,573)
2026-10-03 06:09:24: Copy Over 'C:/rock/bannister/Bannister/obj/x64/Debug/net8.0-android/android/bin/classes/crc6477f0d89a9cfd64b1/ViewRenderer.class' -> 'goodrive://www.googleapis.com/:personal:/bannister/bannister/obj/x64/Debug/net8.0-android/android/bin/classes/crc6477f0d89a9cfd64b1/ViewRenderer.class' (2,043)
2026-10-03 06:09:24: Copy Over 'C:/rock/bannister/Bannister/obj/x64/Debug/net8.0-android/android/bin/classes/crc6477f0d89a9cfd64b1/ViewCellRenderer_ViewCellContainer_TapGestureListener.class' -> 'goodrive://www.googleapis.com/:personal:/bannister/bannister/obj/x64/Debug/net8.0-android/android/bin/classes/crc6477f0d89a9cfd64b1/ViewCellRenderer_ViewCellContainer_TapGestureListener.class' (3,555)
2026-10-03 06:09:27: Copy Over 'C:/rock/bannister/Bannister/obj/x64/Debug/net8.0-android/android/bin/classes/crc6477f0d89a9cfd64b1/ViewRenderer_2.class' -> 'goodrive://www.googleapis.com/:personal:/bannister/bannister/obj/x64/Debug/net8.0-android/android/bin/classes/crc6477f0d89a9cfd64b1/ViewRenderer_2.class' (2,665)
2026-10-03 06:09:28: Copy Over 'C:/rock/bannister/Bannister/obj/x64/Debug/net8.0-android/android/bin/classes/crc6477f0d89a9cfd64b1/VisualElementRenderer_1.class' -> 'goodrive://www.googleapis.com/:personal:/bannister/bannister/obj/x64/Debug/net8.0-android/android/bin/classes/crc6477f0d89a9cfd64b1/VisualElementRenderer_1.class' (3,176)
2026-10-03 06:09:28: Copy Over 'C:/rock/bannister/Bannister/obj/x64/Debug/net8.0-android/android/bin/classes/crc6477f0d89a9cfd64b1/VisualElementTracker_AttachTracker.class' -> 'goodrive://www.googleapis.com/:personal:/bannister/bannister/obj/x64/Debug/net8.0-android/android/bin/classes/crc6477f0d89a9cfd64b1/VisualElementTracker_AttachTracker.class' (2,143)
2026-10-03 06:09:31: Copy Over 'C:/rock/bannister/Bannister/obj/x64/Debug/net8.0-android/android/bin/classes/crc6477f0d89a9cfd64b1/WebViewRenderer.class' -> 'goodrive://www.googleapis.com/:personal:/bannister/bannister/obj/x64/Debug/net8.0-android/android/bin/classes/crc6477f0d89a9cfd64b1/WebViewRenderer.class' (2,052)
2026-10-03 06:09:31: Copy Over 'C:/rock/bannister/Bannister/obj/x64/Debug/net8.0-android/android/bin/classes/crc648afdc667cfb0dccb/ButtonRenderer.class' -> 'goodrive://www.googleapis.com/:personal:/bannister/bannister/obj/x64/Debug/net8.0-android/android/bin/classes/crc648afdc667cfb0dccb/ButtonRenderer.class' (3,843)
2026-10-03 06:09:31: Copy Over 'C:/rock/bannister/Bannister/obj/x64/Debug/net8.0-android/android/bin/classes/crc6477f0d89a9cfd64b1/WebViewRenderer_JavascriptResult.class' -> 'goodrive://www.googleapis.com/:personal:/bannister/bannister/obj/x64/Debug/net8.0-android/android/bin/classes/crc6477f0d89a9cfd64b1/WebViewRenderer_JavascriptResult.class' (1,608)
2026-10-03 06:09:34: Copy Over 'C:/rock/bannister/Bannister/obj/x64/Debug/net8.0-android/android/bin/classes/crc648afdc667cfb0dccb/CarouselPageRenderer.class' -> 'goodrive://www.googleapis.com/:personal:/bannister/bannister/obj/x64/Debug/net8.0-android/android/bin/classes/crc648afdc667cfb0dccb/CarouselPageRenderer.class' (3,525)
2026-10-03 06:09:34: Copy Over 'C:/rock/bannister/Bannister/obj/x64/Debug/net8.0-android/android/bin/classes/crc648fc34c62be8fbbff/Snackbar_SnackbarCallback.class' -> 'goodrive://www.googleapis.com/:personal:/bannister/bannister/obj/x64/Debug/net8.0-android/android/bin/classes/crc648fc34c62be8fbbff/Snackbar_SnackbarCallback.class' (1,765)
2026-10-03 06:09:34: Copy Over 'C:/rock/bannister/Bannister/obj/x64/Debug/net8.0-android/android/bin/classes/crc648afdc667cfb0dccb/FormsFragmentPagerAdapter_1.class' -> 'goodrive://www.googleapis.com/:personal:/bannister/bannister/obj/x64/Debug/net8.0-android/android/bin/classes/crc648afdc667cfb0dccb/FormsFragmentPagerAdapter_1.class' (2,965)
2026-10-03 06:09:37: Copy Over 'C:/rock/bannister/Bannister/obj/x64/Debug/net8.0-android/android/bin/classes/crc648afdc667cfb0dccb/FormsViewPager.class' -> 'goodrive://www.googleapis.com/:personal:/bannister/bannister/obj/x64/Debug/net8.0-android/android/bin/classes/crc648afdc667cfb0dccb/FormsViewPager.class' (1,681)
2026-10-03 06:09:38: Copy Over 'C:/rock/bannister/Bannister/obj/x64/Debug/net8.0-android/android/bin/classes/crc648afdc667cfb0dccb/FragmentContainer.class' -> 'goodrive://www.googleapis.com/:personal:/bannister/bannister/obj/x64/Debug/net8.0-android/android/bin/classes/crc648afdc667cfb0dccb/FragmentContainer.class' (2,456)
2026-10-03 06:09:38: Copy Over 'C:/rock/bannister/Bannister/obj/x64/Debug/net8.0-android/android/bin/classes/crc648afdc667cfb0dccb/FrameRenderer.class' -> 'goodrive://www.googleapis.com/:personal:/bannister/bannister/obj/x64/Debug/net8.0-android/android/bin/classes/crc648afdc667cfb0dccb/FrameRenderer.class' (2,055)
2026-10-03 06:09:41: Copy Over 'C:/rock/bannister/Bannister/obj/x64/Debug/net8.0-android/android/bin/classes/crc648afdc667cfb0dccb/NavigationPageRenderer_ClickListener.class' -> 'goodrive://www.googleapis.com/:personal:/bannister/bannister/obj/x64/Debug/net8.0-android/android/bin/classes/crc648afdc667cfb0dccb/NavigationPageRenderer_ClickListener.class' (1,712)
2026-10-03 06:09:41: Copy Over 'C:/rock/bannister/Bannister/obj/x64/Debug/net8.0-android/android/bin/classes/crc648afdc667cfb0dccb/NavigationPageRenderer.class' -> 'goodrive://www.googleapis.com/:personal:/bannister/bannister/obj/x64/Debug/net8.0-android/android/bin/classes/crc648afdc667cfb0dccb/NavigationPageRenderer.class' (2,987)
2026-10-03 06:09:41: Copy Over 'C:/rock/bannister/Bannister/obj/x64/Debug/net8.0-android/android/bin/classes/crc648afdc667cfb0dccb/NavigationPageRenderer_Container.class' -> 'goodrive://www.googleapis.com/:personal:/bannister/bannister/obj/x64/Debug/net8.0-android/android/bin/classes/crc648afdc667cfb0dccb/NavigationPageRenderer_Container.class' (2,751)
2026-10-03 06:09:44: Copy Over 'C:/rock/bannister/Bannister/obj/x64/Debug/net8.0-android/android/bin/classes/crc648afdc667cfb0dccb/NavigationPageRenderer_DrawerMultiplexedListener.class' -> 'goodrive://www.googleapis.com/:personal:/bannister/bannister/obj/x64/Debug/net8.0-android/android/bin/classes/crc648afdc667cfb0dccb/NavigationPageRenderer_DrawerMultiplexedListener.class' (2,675)
2026-10-03 06:09:44: Copy Over 'C:/rock/bannister/Bannister/obj/x64/Debug/net8.0-android/android/bin/classes/crc648afdc667cfb0dccb/PickerRenderer.class' -> 'goodrive://www.googleapis.com/:personal:/bannister/bannister/obj/x64/Debug/net8.0-android/android/bin/classes/crc648afdc667cfb0dccb/PickerRenderer.class' (2,065)
2026-10-03 06:09:45: Copy Over 'C:/rock/bannister/Bannister/obj/x64/Debug/net8.0-android/android/bin/classes/crc648afdc667cfb0dccb/PickerRendererBase_1.class' -> 'goodrive://www.googleapis.com/:personal:/bannister/bannister/obj/x64/Debug/net8.0-android/android/bin/classes/crc648afdc667cfb0dccb/PickerRendererBase_1.class' (2,077)
2026-10-03 06:09:47: Copy Over 'C:/rock/bannister/Bannister/obj/x64/Debug/net8.0-android/android/bin/classes/crc648afdc667cfb0dccb/SwitchRenderer.class' -> 'goodrive://www.googleapis.com/:personal:/bannister/bannister/obj/x64/Debug/net8.0-android/android/bin/classes/crc648afdc667cfb0dccb/SwitchRenderer.class' (2,603)
2026-10-03 06:09:47: Copy Over 'C:/rock/bannister/Bannister/obj/x64/Debug/net8.0-android/android/bin/classes/crc648afdc667cfb0dccb/TabbedPageRenderer.class' -> 'goodrive://www.googleapis.com/:personal:/bannister/bannister/obj/x64/Debug/net8.0-android/android/bin/classes/crc648afdc667cfb0dccb/TabbedPageRenderer.class' (5,403)
2026-10-03 06:09:48: Copy Over 'C:/rock/bannister/Bannister/obj/x64/Debug/net8.0-android/android/bin/classes/crc648afdc667cfb0dccb/ViewRenderer_2.class' -> 'goodrive://www.googleapis.com/:personal:/bannister/bannister/obj/x64/Debug/net8.0-android/android/bin/classes/crc648afdc667cfb0dccb/ViewRenderer_2.class' (2,059)
2026-10-03 06:09:50: Copy Over 'C:/rock/bannister/Bannister/obj/x64/Debug/net8.0-android/android/bin/classes/crc6493855b22b6fa0721/TextToSpeechInternalImplementation.class' -> 'goodrive://www.googleapis.com/:personal:/bannister/bannister/obj/x64/Debug/net8.0-android/android/bin/classes/crc6493855b22b6fa0721/TextToSpeechInternalImplementation.class' (2,108)
2026-10-03 06:09:51: Copy Over 'C:/rock/bannister/Bannister/obj/x64/Debug/net8.0-android/android/bin/classes/crc649ff77a65592e7d55/TabbedPageManager_Listeners.class' -> 'goodrive://www.googleapis.com/:personal:/bannister/bannister/obj/x64/Debug/net8.0-android/android/bin/classes/crc649ff77a65592e7d55/TabbedPageManager_Listeners.class' (4,023)
2026-10-03 06:09:52: Copy Over 'C:/rock/bannister/Bannister/obj/x64/Debug/net8.0-android/android/bin/classes/crc649ff77a65592e7d55/TabbedPageManager_TempView.class' -> 'goodrive://www.googleapis.com/:personal:/bannister/bannister/obj/x64/Debug/net8.0-android/android/bin/classes/crc649ff77a65592e7d55/TabbedPageManager_TempView.class' (2,388)
2026-10-03 06:09:53: Copy Over 'C:/rock/bannister/Bannister/obj/x64/Debug/net8.0-android/android/bin/classes/crc64a096dc44ad241142/PlatformTicker_DurationScaleListener.class' -> 'goodrive://www.googleapis.com/:personal:/bannister/bannister/obj/x64/Debug/net8.0-android/android/bin/classes/crc64a096dc44ad241142/PlatformTicker_DurationScaleListener.class' (1,681)
2026-10-03 06:09:54: Copy Over 'C:/rock/bannister/Bannister/obj/x64/Debug/net8.0-android/android/bin/classes/crc64a25b61d9f8ee364f/FloatArrayEvaluator.class' -> 'goodrive://www.googleapis.com/:personal:/bannister/bannister/obj/x64/Debug/net8.0-android/android/bin/classes/crc64a25b61d9f8ee364f/FloatArrayEvaluator.class' (1,620)
2026-10-03 06:09:55: Copy Over 'C:/rock/bannister/Bannister/obj/x64/Debug/net8.0-android/android/bin/classes/crc64a25b61d9f8ee364f/RectEvaluator.class' -> 'goodrive://www.googleapis.com/:personal:/bannister/bannister/obj/x64/Debug/net8.0-android/android/bin/classes/crc64a25b61d9f8ee364f/RectEvaluator.class' (1,602)
2026-10-03 06:09:57: Copy Over 'C:/rock/bannister/Bannister/obj/x64/Debug/net8.0-android/android/bin/classes/crc64a25b61d9f8ee364f/TransitionUtils.class' -> 'goodrive://www.googleapis.com/:personal:/bannister/bannister/obj/x64/Debug/net8.0-android/android/bin/classes/crc64a25b61d9f8ee364f/TransitionUtils.class' (1,180)
2026-10-03 06:09:58: Copy Over 'C:/rock/bannister/Bannister/obj/x64/Debug/net8.0-android/android/bin/classes/crc64a25b61d9f8ee364f/TransitionUtils_MatrixEvaluator.class' -> 'goodrive://www.googleapis.com/:personal:/bannister/bannister/obj/x64/Debug/net8.0-android/android/bin/classes/crc64a25b61d9f8ee364f/TransitionUtils_MatrixEvaluator.class' (1,656)
2026-10-03 06:09:59: Copy Over 'C:/rock/bannister/Bannister/obj/x64/Debug/net8.0-android/android/bin/classes/crc64b5e713d400f589b7/LinearGradientShaderFactory.class' -> 'goodrive://www.googleapis.com/:personal:/bannister/bannister/obj/x64/Debug/net8.0-android/android/bin/classes/crc64b5e713d400f589b7/LinearGradientShaderFactory.class' (1,537)
2026-10-03 06:10:01: Copy Over 'C:/rock/bannister/Bannister/obj/x64/Debug/net8.0-android/android/bin/classes/crc64ba438d8f48cf7e75/ActivityLifecycleContextListener.class' -> 'goodrive://www.googleapis.com/:personal:/bannister/bannister/obj/x64/Debug/net8.0-android/android/bin/classes/crc64ba438d8f48cf7e75/ActivityLifecycleContextListener.class' (8,925)
2026-10-03 06:10:01: Copy Over 'C:/rock/bannister/Bannister/obj/x64/Debug/net8.0-android/android/bin/classes/crc64ba438d8f48cf7e75/IntermediateActivity.class' -> 'goodrive://www.googleapis.com/:personal:/bannister/bannister/obj/x64/Debug/net8.0-android/android/bin/classes/crc64ba438d8f48cf7e75/IntermediateActivity.class' (1,874)
2026-10-03 06:10:02: Copy Over 'C:/rock/bannister/Bannister/obj/x64/Debug/net8.0-android/android/bin/classes/crc64b5e713d400f589b7/MauiDrawable.class' -> 'goodrive://www.googleapis.com/:personal:/bannister/bannister/obj/x64/Debug/net8.0-android/android/bin/classes/crc64b5e713d400f589b7/MauiDrawable.class' (2,262)
2026-10-03 06:10:05: Copy Over 'C:/rock/bannister/Bannister/obj/x64/Debug/net8.0-android/android/bin/classes/crc64b5e713d400f589b7/RadialGradientShaderFactory.class' -> 'goodrive://www.googleapis.com/:personal:/bannister/bannister/obj/x64/Debug/net8.0-android/android/bin/classes/crc64b5e713d400f589b7/RadialGradientShaderFactory.class' (1,537)
2026-10-03 06:10:05: Copy Over 'C:/rock/bannister/Bannister/obj/x64/Debug/net8.0-android/android/bin/classes/crc64e1fb321c08285b90/BaseCellView.class' -> 'goodrive://www.googleapis.com/:personal:/bannister/bannister/obj/x64/Debug/net8.0-android/android/bin/classes/crc64e1fb321c08285b90/BaseCellView.class' (2,370)
2026-10-03 06:10:06: Copy Over 'C:/rock/bannister/Bannister/obj/x64/Debug/net8.0-android/android/bin/classes/crc64d6358e7bf64fbac4/SpeechToTextImplementation_SpeechRecognitionListener.class' -> 'goodrive://www.googleapis.com/:personal:/bannister/bannister/obj/x64/Debug/net8.0-android/android/bin/classes/crc64d6358e7bf64fbac4/SpeechToTextImplementation_SpeechRecognitionListener.class' (4,786)
2026-10-03 06:10:08: Copy Over 'C:/rock/bannister/Bannister/obj/x64/Debug/net8.0-android/android/bin/classes/crc64e1fb321c08285b90/CellAdapter.class' -> 'goodrive://www.googleapis.com/:personal:/bannister/bannister/obj/x64/Debug/net8.0-android/android/bin/classes/crc64e1fb321c08285b90/CellAdapter.class' (5,645)
2026-10-03 06:10:09: Copy Over 'C:/rock/bannister/Bannister/obj/x64/Debug/net8.0-android/android/bin/classes/crc64e1fb321c08285b90/CellRenderer_RendererHolder.class' -> 'goodrive://www.googleapis.com/:personal:/bannister/bannister/obj/x64/Debug/net8.0-android/android/bin/classes/crc64e1fb321c08285b90/CellRenderer_RendererHolder.class' (1,238)
2026-10-03 06:10:09: Copy Over 'C:/rock/bannister/Bannister/obj/x64/Debug/net8.0-android/android/bin/classes/crc64e1fb321c08285b90/ConditionalFocusLayout.class' -> 'goodrive://www.googleapis.com/:personal:/bannister/bannister/obj/x64/Debug/net8.0-android/android/bin/classes/crc64e1fb321c08285b90/ConditionalFocusLayout.class' (2,884)
2026-10-03 06:10:11: Copy Over 'C:/rock/bannister/Bannister/obj/x64/Debug/net8.0-android/android/bin/classes/crc64e1fb321c08285b90/EntryCellEditText.class' -> 'goodrive://www.googleapis.com/:personal:/bannister/bannister/obj/x64/Debug/net8.0-android/android/bin/classes/crc64e1fb321c08285b90/EntryCellEditText.class' (2,487)
2026-10-03 06:10:12: Copy Over 'C:/rock/bannister/Bannister/obj/x64/Debug/net8.0-android/android/bin/classes/crc64e1fb321c08285b90/EntryCellView.class' -> 'goodrive://www.googleapis.com/:personal:/bannister/bannister/obj/x64/Debug/net8.0-android/android/bin/classes/crc64e1fb321c08285b90/EntryCellView.class' (4,424)
2026-10-03 06:10:13: Copy Over 'C:/rock/bannister/Bannister/obj/x64/Debug/net8.0-android/android/bin/classes/crc64e1fb321c08285b90/FrameRenderer.class' -> 'goodrive://www.googleapis.com/:personal:/bannister/bannister/obj/x64/Debug/net8.0-android/android/bin/classes/crc64e1fb321c08285b90/FrameRenderer.class' (2,893)
2026-10-03 06:10:15: Copy Over 'C:/rock/bannister/Bannister/obj/x64/Debug/net8.0-android/android/bin/classes/crc64e1fb321c08285b90/GroupedListViewAdapter.class' -> 'goodrive://www.googleapis.com/:personal:/bannister/bannister/obj/x64/Debug/net8.0-android/android/bin/classes/crc64e1fb321c08285b90/GroupedListViewAdapter.class' (2,364)
2026-10-03 06:10:16: Copy Over 'C:/rock/bannister/Bannister/obj/x64/Debug/net8.0-android/android/bin/classes/crc64e1fb321c08285b90/ListViewAdapter.class' -> 'goodrive://www.googleapis.com/:personal:/bannister/bannister/obj/x64/Debug/net8.0-android/android/bin/classes/crc64e1fb321c08285b90/ListViewAdapter.class' (2,906)
2026-10-03 06:10:16: Copy Over 'C:/rock/bannister/Bannister/obj/x64/Debug/net8.0-android/android/bin/classes/crc64e1fb321c08285b90/ListViewRenderer.class' -> 'goodrive://www.googleapis.com/:personal:/bannister/bannister/obj/x64/Debug/net8.0-android/android/bin/classes/crc64e1fb321c08285b90/ListViewRenderer.class' (2,877)
2026-10-03 06:10:18: Copy Over 'C:/rock/bannister/Bannister/obj/x64/Debug/net8.0-android/android/bin/classes/crc64e1fb321c08285b90/ListViewRenderer_Container.class' -> 'goodrive://www.googleapis.com/:personal:/bannister/bannister/obj/x64/Debug/net8.0-android/android/bin/classes/crc64e1fb321c08285b90/ListViewRenderer_Container.class' (2,701)
2026-10-03 06:10:20: Copy Over 'C:/rock/bannister/Bannister/obj/x64/Debug/net8.0-android/android/bin/classes/crc64e1fb321c08285b90/ListViewRenderer_ListViewScrollDetector.class' -> 'goodrive://www.googleapis.com/:personal:/bannister/bannister/obj/x64/Debug/net8.0-android/android/bin/classes/crc64e1fb321c08285b90/ListViewRenderer_ListViewScrollDetector.class' (2,435)
2026-10-03 06:10:20: Copy Over 'C:/rock/bannister/Bannister/obj/x64/Debug/net8.0-android/android/bin/classes/crc64e1fb321c08285b90/ListViewRenderer_ListViewSwipeRefreshLayoutListener.class' -> 'goodrive://www.googleapis.com/:personal:/bannister/bannister/obj/x64/Debug/net8.0-android/android/bin/classes/crc64e1fb321c08285b90/ListViewRenderer_ListViewSwipeRefreshLayoutListener.class' (2,034)
2026-10-03 06:10:22: Copy Over 'C:/rock/bannister/Bannister/obj/x64/Debug/net8.0-android/android/bin/classes/crc64e1fb321c08285b90/ListViewRenderer_SwipeRefreshLayoutWithFixedNestedScrolling.class' -> 'goodrive://www.googleapis.com/:personal:/bannister/bannister/obj/x64/Debug/net8.0-android/android/bin/classes/crc64e1fb321c08285b90/ListViewRenderer_SwipeRefreshLayoutWithFixedNestedScrolling.class' (2,823)
2026-10-03 06:10:23: Copy Over 'C:/rock/bannister/Bannister/obj/x64/Debug/net8.0-android/android/bin/classes/crc64e1fb321c08285b90/SwitchCellView.class' -> 'goodrive://www.googleapis.com/:personal:/bannister/bannister/obj/x64/Debug/net8.0-android/android/bin/classes/crc64e1fb321c08285b90/SwitchCellView.class' (2,927)
2026-10-03 06:10:23: Copy Over 'C:/rock/bannister/Bannister/obj/x64/Debug/net8.0-android/android/bin/classes/crc64e1fb321c08285b90/TableViewModelRenderer.class' -> 'goodrive://www.googleapis.com/:personal:/bannister/bannister/obj/x64/Debug/net8.0-android/android/bin/classes/crc64e1fb321c08285b90/TableViewModelRenderer.class' (2,792)
2026-10-03 06:10:26: Copy Over 'C:/rock/bannister/Bannister/obj/x64/Debug/net8.0-android/android/bin/classes/crc64e1fb321c08285b90/TableViewRenderer.class' -> 'goodrive://www.googleapis.com/:personal:/bannister/bannister/obj/x64/Debug/net8.0-android/android/bin/classes/crc64e1fb321c08285b90/TableViewRenderer.class' (2,699)
2026-10-03 06:10:26: Copy Over 'C:/rock/bannister/Bannister/obj/x64/Debug/net8.0-android/android/bin/classes/crc64e1fb321c08285b90/ViewCellRenderer_ViewCellContainer.class' -> 'goodrive://www.googleapis.com/:personal:/bannister/bannister/obj/x64/Debug/net8.0-android/android/bin/classes/crc64e1fb321c08285b90/ViewCellRenderer_ViewCellContainer.class' (3,379)
2026-10-03 06:10:27: Copy Over 'C:/rock/bannister/Bannister/obj/x64/Debug/net8.0-android/android/bin/classes/crc64e1fb321c08285b90/TextCellRenderer_TextCellView.class' -> 'goodrive://www.googleapis.com/:personal:/bannister/bannister/obj/x64/Debug/net8.0-android/android/bin/classes/crc64e1fb321c08285b90/TextCellRenderer_TextCellView.class' (2,428)
2026-10-03 06:10:29: Copy Over 'C:/rock/bannister/Bannister/obj/x64/Debug/net8.0-android/android/bin/classes/crc64e1fb321c08285b90/ViewCellRenderer_ViewCellContainer_LongPressGestureListener.class' -> 'goodrive://www.googleapis.com/:personal:/bannister/bannister/obj/x64/Debug/net8.0-android/android/bin/classes/crc64e1fb321c08285b90/ViewCellRenderer_ViewCellContainer_LongPressGestureListener.class' (3,551)
2026-10-03 06:10:30: Copy Over 'C:/rock/bannister/Bannister/obj/x64/Debug/net8.0-android/android/bin/classes/crc64e1fb321c08285b90/ViewCellRenderer_ViewCellContainer_TapGestureListener.class' -> 'goodrive://www.googleapis.com/:personal:/bannister/bannister/obj/x64/Debug/net8.0-android/android/bin/classes/crc64e1fb321c08285b90/ViewCellRenderer_ViewCellContainer_TapGestureListener.class' (3,533)
2026-10-03 06:10:30: Copy Over 'C:/rock/bannister/Bannister/obj/x64/Debug/net8.0-android/android/bin/classes/crc64e1fb321c08285b90/ViewRenderer.class' -> 'goodrive://www.googleapis.com/:personal:/bannister/bannister/obj/x64/Debug/net8.0-android/android/bin/classes/crc64e1fb321c08285b90/ViewRenderer.class' (2,379)
2026-10-03 06:10:33: Copy Over 'C:/rock/bannister/Bannister/obj/x64/Debug/net8.0-android/android/bin/classes/crc64e1fb321c08285b90/ViewRenderer_2.class' -> 'goodrive://www.googleapis.com/:personal:/bannister/bannister/obj/x64/Debug/net8.0-android/android/bin/classes/crc64e1fb321c08285b90/ViewRenderer_2.class' (2,394)
2026-10-03 06:10:34: Copy Over 'C:/rock/bannister/Bannister/obj/x64/Debug/net8.0-android/android/bin/classes/crc64e1fb321c08285b90/VisualElementRenderer_1.class' -> 'goodrive://www.googleapis.com/:personal:/bannister/bannister/obj/x64/Debug/net8.0-android/android/bin/classes/crc64e1fb321c08285b90/VisualElementRenderer_1.class' (2,692)
2026-10-03 06:10:34: Copy Over 'C:/rock/bannister/Bannister/obj/x64/Debug/net8.0-android/android/bin/classes/crc64e53d2f592022988e/ConnectivityBroadcastReceiver.class' -> 'goodrive://www.googleapis.com/:personal:/bannister/bannister/obj/x64/Debug/net8.0-android/android/bin/classes/crc64e53d2f592022988e/ConnectivityBroadcastReceiver.class' (1,553)
2026-10-03 06:10:36: Copy Over 'C:/rock/bannister/Bannister/obj/x64/Debug/net8.0-android/android/bin/classes/crc64f62664462a8937a9/AccelerometerListener.class' -> 'goodrive://www.googleapis.com/:personal:/bannister/bannister/obj/x64/Debug/net8.0-android/android/bin/classes/crc64f62664462a8937a9/AccelerometerListener.class' (1,979)
2026-10-03 06:10:37: Copy Over 'C:/rock/bannister/Bannister/obj/x64/Debug/net8.0-android/android/bin/classes/crc64f62664462a8937a9/BarometerListener.class' -> 'goodrive://www.googleapis.com/:personal:/bannister/bannister/obj/x64/Debug/net8.0-android/android/bin/classes/crc64f62664462a8937a9/BarometerListener.class' (1,967)
2026-10-03 06:10:37: Copy Over 'C:/rock/bannister/Bannister/obj/x64/Debug/net8.0-android/android/bin/classes/crc64f62664462a8937a9/ContinuousLocationListener.class' -> 'goodrive://www.googleapis.com/:personal:/bannister/bannister/obj/x64/Debug/net8.0-android/android/bin/classes/crc64f62664462a8937a9/ContinuousLocationListener.class' (2,928)
2026-10-03 06:10:40: Copy Over 'C:/rock/bannister/Bannister/obj/x64/Debug/net8.0-android/android/bin/classes/crc64f62664462a8937a9/GyroscopeListener.class' -> 'goodrive://www.googleapis.com/:personal:/bannister/bannister/obj/x64/Debug/net8.0-android/android/bin/classes/crc64f62664462a8937a9/GyroscopeListener.class' (1,967)
2026-10-03 06:10:40: Copy Over 'C:/rock/bannister/Bannister/obj/x64/Debug/net8.0-android/android/bin/classes/crc64f62664462a8937a9/MagnetometerListener.class' -> 'goodrive://www.googleapis.com/:personal:/bannister/bannister/obj/x64/Debug/net8.0-android/android/bin/classes/crc64f62664462a8937a9/MagnetometerListener.class' (1,976)
2026-10-03 06:10:41: Copy Over 'C:/rock/bannister/Bannister/obj/x64/Debug/net8.0-android/android/bin/classes/crc64f62664462a8937a9/OrientationSensorListener.class' -> 'goodrive://www.googleapis.com/:personal:/bannister/bannister/obj/x64/Debug/net8.0-android/android/bin/classes/crc64f62664462a8937a9/OrientationSensorListener.class' (1,991)
2026-10-03 06:10:44: Copy Over 'C:/rock/bannister/Bannister/obj/x64/Debug/net8.0-android/android/bin/classes/crc64f62664462a8937a9/SingleLocationListener.class' -> 'goodrive://www.googleapis.com/:personal:/bannister/bannister/obj/x64/Debug/net8.0-android/android/bin/classes/crc64f62664462a8937a9/SingleLocationListener.class' (2,916)
2026-10-03 06:10:44: Copy Over 'C:/rock/bannister/Bannister/obj/x64/Debug/net8.0-android/android/bin/classes/crc64e53d2f592022988e/ConnectivityImplementation_EssentialsNetworkCallback.class' -> 'goodrive://www.googleapis.com/:personal:/bannister/bannister/obj/x64/Debug/net8.0-android/android/bin/classes/crc64e53d2f592022988e/ConnectivityImplementation_EssentialsNetworkCallback.class' (3,060)
2026-10-03 06:10:44: Copy Over 'C:/rock/bannister/Bannister/obj/x64/Debug/net8.0-android/android/bin/classes/crc64f62664462a8937a9/SensorListener.class' -> 'goodrive://www.googleapis.com/:personal:/bannister/bannister/obj/x64/Debug/net8.0-android/android/bin/classes/crc64f62664462a8937a9/SensorListener.class' (1,958)
2026-10-03 06:10:48: Copy Over 'C:/rock/bannister/Bannister/obj/x64/Debug/net8.0-android/android/bin/classes/crc64f728827fec74e9c3/TapWindowTracker_GestureListener.class' -> 'goodrive://www.googleapis.com/:personal:/bannister/bannister/obj/x64/Debug/net8.0-android/android/bin/classes/crc64f728827fec74e9c3/TapWindowTracker_GestureListener.class' (3,634)
2026-10-03 06:10:48: Copy Over 'C:/rock/bannister/Bannister/obj/x64/Debug/net8.0-android/android/bin/classes/crc64f728827fec74e9c3/Toolbar_Container.class' -> 'goodrive://www.googleapis.com/:personal:/bannister/bannister/obj/x64/Debug/net8.0-android/android/bin/classes/crc64f728827fec74e9c3/Toolbar_Container.class' (2,651)
2026-10-03 06:10:48: Copy Over 'C:/rock/bannister/Bannister/obj/x64/Debug/net8.0-android/android/bin/classes/crc64f6cd8863fe06af2a/AppMain_AndroidUncaughtHandler.class' -> 'goodrive://www.googleapis.com/:personal:/bannister/bannister/obj/x64/Debug/net8.0-android/android/bin/classes/crc64f6cd8863fe06af2a/AppMain_AndroidUncaughtHandler.class' (1,735)
2026-10-03 06:10:51: Copy Over 'C:/rock/bannister/Bannister/obj/x64/Debug/net8.0-android/android/bin/classes/crc64f6cd8863fe06af2a/MainApplication.class' -> 'goodrive://www.googleapis.com/:personal:/bannister/bannister/obj/x64/Debug/net8.0-android/android/bin/classes/crc64f6cd8863fe06af2a/MainApplication.class' (881)
2026-10-03 06:10:51: Copy Over 'C:/rock/bannister/Bannister/obj/x64/Debug/net8.0-android/android/bin/classes/crc64f6cd8863fe06af2a/MainActivity.class' -> 'goodrive://www.googleapis.com/:personal:/bannister/bannister/obj/x64/Debug/net8.0-android/android/bin/classes/crc64f6cd8863fe06af2a/MainActivity.class' (1,421)
2026-10-03 06:10:51: Copy Over 'C:/rock/bannister/Bannister/obj/x64/Debug/net8.0-android/android/bin/classes/crc64fcf28c0e24b4cc31/ButtonHandler_ButtonClickListener.class' -> 'goodrive://www.googleapis.com/:personal:/bannister/bannister/obj/x64/Debug/net8.0-android/android/bin/classes/crc64fcf28c0e24b4cc31/ButtonHandler_ButtonClickListener.class' (1,639)
2026-10-03 06:10:55: Copy Over 'C:/rock/bannister/Bannister/obj/x64/Debug/net8.0-android/android/bin/classes/crc64fcf28c0e24b4cc31/ButtonHandler_ButtonTouchListener.class' -> 'goodrive://www.googleapis.com/:personal:/bannister/bannister/obj/x64/Debug/net8.0-android/android/bin/classes/crc64fcf28c0e24b4cc31/ButtonHandler_ButtonTouchListener.class' (1,714)
2026-10-03 06:10:55: Copy Over 'C:/rock/bannister/Bannister/obj/x64/Debug/net8.0-android/android/bin/classes/microsoft/maui/platform/MauiNavHostFragment.class' -> 'goodrive://www.googleapis.com/:personal:/bannister/bannister/obj/x64/Debug/net8.0-android/android/bin/classes/microsoft/maui/platform/MauiNavHostFragment.class' (1,234)
2026-10-03 06:10:55: Copy Over 'C:/rock/bannister/Bannister/obj/x64/Debug/net8.0-android/android/bin/classes/microsoft/maui/essentials/fileProvider.class' -> 'goodrive://www.googleapis.com/:personal:/bannister/bannister/obj/x64/Debug/net8.0-android/android/bin/classes/microsoft/maui/essentials/fileProvider.class' (1,445)
2026-10-03 06:10:58: Copy Over 'C:/rock/bannister/Bannister/obj/x64/Debug/net8.0-android/android/bin/classes/crc64fcf28c0e24b4cc31/SearchBarHandler_FocusChangeListener.class' -> 'goodrive://www.googleapis.com/:personal:/bannister/bannister/obj/x64/Debug/net8.0-android/android/bin/classes/crc64fcf28c0e24b4cc31/SearchBarHandler_FocusChangeListener.class' (1,694)
2026-10-03 06:10:58: Copy Over 'C:/rock/bannister/Bannister/obj/x64/Debug/net8.0-android/android/bin/classes/crc64fcf28c0e24b4cc31/SliderHandler_SeekBarChangeListener.class' -> 'goodrive://www.googleapis.com/:personal:/bannister/bannister/obj/x64/Debug/net8.0-android/android/bin/classes/crc64fcf28c0e24b4cc31/SliderHandler_SeekBarChangeListener.class' (2,462)
2026-10-03 06:10:58: > Copy Over 'C:/rock/bannister/Bannister/obj/x64/Debug/net8.0-android/android/bin/classes.zip' -> 'goodrive://www.googleapis.com/:personal:/bannister/bannister/obj/x64/Debug/net8.0-android/android/bin/classes.zip' (2,906,126)
2026-10-03 06:10:58: Copy Over 'C:/rock/bannister/Bannister/obj/x64/Debug/net8.0-android/android/bin/classes/crc64fcf28c0e24b4cc31/SwitchHandler_CheckedChangeListener.class' -> 'goodrive://www.googleapis.com/:personal:/bannister/bannister/obj/x64/Debug/net8.0-android/android/bin/classes/crc64fcf28c0e24b4cc31/SwitchHandler_CheckedChangeListener.class' (1,780)
2026-10-03 06:11:02: Copy Over 'C:/rock/bannister/Bannister/obj/x64/Debug/net8.0-android/android/bin/classes/mono/android/app/ApplicationRegistration.class' -> 'goodrive://www.googleapis.com/:personal:/bannister/bannister/obj/x64/Debug/net8.0-android/android/bin/classes/mono/android/app/ApplicationRegistration.class' (774)
2026-10-03 06:11:02: Copy Over 'C:/rock/bannister/Bannister/obj/x64/Debug/net8.0-android/android/bin/classes/crc64fcf28c0e24b4cc31/ToolbarHandler_ProcessBackClick.class' -> 'goodrive://www.googleapis.com/:personal:/bannister/bannister/obj/x64/Debug/net8.0-android/android/bin/classes/crc64fcf28c0e24b4cc31/ToolbarHandler_ProcessBackClick.class' (1,633)
2026-10-03 06:11:02: < Copy Over 'C:/rock/bannister/Bannister/obj/x64/Debug/net8.0-android/android/bin/classes.zip' -> 'goodrive://www.googleapis.com/:personal:/bannister/bannister/obj/x64/Debug/net8.0-android/android/bin/classes.zip' (2,906,126)
2026-10-03 06:11:05: Copy Over 'C:/rock/bannister/Bannister/obj/x64/Debug/net8.0-android/android/bin/classes/mono/androidx/appcompat/app/ActionBar_OnMenuVisibilityListenerImplementor.class' -> 'goodrive://www.googleapis.com/:personal:/bannister/bannister/obj/x64/Debug/net8.0-android/android/bin/classes/mono/androidx/appcompat/app/ActionBar_OnMenuVisibilityListenerImplementor.class' (1,733)
2026-10-03 06:11:05: Copy Over 'C:/rock/bannister/Bannister/obj/x64/Debug/net8.0-android/android/bin/classes/mono/androidx/activity/contextaware/OnContextAvailableListenerImplementor.class' -> 'goodrive://www.googleapis.com/:personal:/bannister/bannister/obj/x64/Debug/net8.0-android/android/bin/classes/mono/androidx/activity/contextaware/OnContextAvailableListenerImplementor.class' (1,679)
2026-10-03 06:11:05: Copy Over 'C:/rock/bannister/Bannister/obj/x64/Debug/net8.0-android/android/bin/classes/mono/androidx/appcompat/widget/ActionMenuView_OnMenuItemClickListenerImplementor.class' -> 'goodrive://www.googleapis.com/:personal:/bannister/bannister/obj/x64/Debug/net8.0-android/android/bin/classes/mono/androidx/appcompat/widget/ActionMenuView_OnMenuItemClickListenerImplementor.class' (1,802)
2026-10-03 06:11:09: Copy Over 'C:/rock/bannister/Bannister/obj/x64/Debug/net8.0-android/android/bin/classes/mono/androidx/appcompat/widget/ContentFrameLayout_OnAttachListenerImplementor.class' -> 'goodrive://www.googleapis.com/:personal:/bannister/bannister/obj/x64/Debug/net8.0-android/android/bin/classes/mono/androidx/appcompat/widget/ContentFrameLayout_OnAttachListenerImplementor.class' (2,000)
2026-10-03 06:11:09: Copy Over 'C:/rock/bannister/Bannister/obj/x64/Debug/net8.0-android/android/bin/classes/mono/androidx/appcompat/widget/MenuItemHoverListenerImplementor.class' -> 'goodrive://www.googleapis.com/:personal:/bannister/bannister/obj/x64/Debug/net8.0-android/android/bin/classes/mono/androidx/appcompat/widget/MenuItemHoverListenerImplementor.class' (2,117)
2026-10-03 06:11:09: Copy Over 'C:/rock/bannister/Bannister/obj/x64/Debug/net8.0-android/android/bin/classes/mono/androidx/appcompat/widget/FitWindowsViewGroup_OnFitSystemWindowsListenerImplementor.class' -> 'goodrive://www.googleapis.com/:personal:/bannister/bannister/obj/x64/Debug/net8.0-android/android/bin/classes/mono/androidx/appcompat/widget/FitWindowsViewGroup_OnFitSystemWindowsListenerImplementor.class' (1,864)
2026-10-03 06:11:12: Copy Over 'C:/rock/bannister/Bannister/obj/x64/Debug/net8.0-android/android/bin/classes/mono/androidx/appcompat/widget/PopupMenu_OnDismissListenerImplementor.class' -> 'goodrive://www.googleapis.com/:personal:/bannister/bannister/obj/x64/Debug/net8.0-android/android/bin/classes/mono/androidx/appcompat/widget/PopupMenu_OnDismissListenerImplementor.class' (1,758)
2026-10-03 06:11:13: Copy Over 'C:/rock/bannister/Bannister/obj/x64/Debug/net8.0-android/android/bin/classes/mono/androidx/appcompat/widget/PopupMenu_OnMenuItemClickListenerImplementor.class' -> 'goodrive://www.googleapis.com/:personal:/bannister/bannister/obj/x64/Debug/net8.0-android/android/bin/classes/mono/androidx/appcompat/widget/PopupMenu_OnMenuItemClickListenerImplementor.class' (1,772)
2026-10-03 06:11:13: Copy Over 'C:/rock/bannister/Bannister/obj/x64/Debug/net8.0-android/android/bin/classes/mono/androidx/appcompat/widget/SearchView_OnCloseListenerImplementor.class' -> 'goodrive://www.googleapis.com/:personal:/bannister/bannister/obj/x64/Debug/net8.0-android/android/bin/classes/mono/androidx/appcompat/widget/SearchView_OnCloseListenerImplementor.class' (1,627)
2026-10-03 06:11:15: Copy Over 'C:/rock/bannister/Bannister/obj/x64/Debug/net8.0-android/android/bin/classes/mono/androidx/appcompat/widget/SearchView_OnQueryTextListenerImplementor.class' -> 'goodrive://www.googleapis.com/:personal:/bannister/bannister/obj/x64/Debug/net8.0-android/android/bin/classes/mono/androidx/appcompat/widget/SearchView_OnQueryTextListenerImplementor.class' (2,033)
2026-10-03 06:11:16: Copy Over 'C:/rock/bannister/Bannister/obj/x64/Debug/net8.0-android/android/bin/classes/mono/androidx/appcompat/widget/SearchView_OnSuggestionListenerImplementor.class' -> 'goodrive://www.googleapis.com/:personal:/bannister/bannister/obj/x64/Debug/net8.0-android/android/bin/classes/mono/androidx/appcompat/widget/SearchView_OnSuggestionListenerImplementor.class' (1,959)
2026-10-03 06:11:16: Copy Over 'C:/rock/bannister/Bannister/obj/x64/Debug/net8.0-android/android/bin/classes/mono/androidx/appcompat/widget/ShareActionProvider_OnShareTargetSelectedListenerImplementor.class' -> 'goodrive://www.googleapis.com/:personal:/bannister/bannister/obj/x64/Debug/net8.0-android/android/bin/classes/mono/androidx/appcompat/widget/ShareActionProvider_OnShareTargetSelectedListenerImplementor.class' (2,037)
2026-10-03 06:11:19: Copy Over 'C:/rock/bannister/Bannister/obj/x64/Debug/net8.0-android/android/bin/classes/mono/androidx/appcompat/widget/Toolbar_OnMenuItemClickListenerImplementor.class' -> 'goodrive://www.googleapis.com/:personal:/bannister/bannister/obj/x64/Debug/net8.0-android/android/bin/classes/mono/androidx/appcompat/widget/Toolbar_OnMenuItemClickListenerImplementor.class' (1,760)
2026-10-03 06:11:19: Copy Over 'C:/rock/bannister/Bannister/obj/x64/Debug/net8.0-android/android/bin/classes/mono/androidx/appcompat/widget/ViewStubCompat_OnInflateListenerImplementor.class' -> 'goodrive://www.googleapis.com/:personal:/bannister/bannister/obj/x64/Debug/net8.0-android/android/bin/classes/mono/androidx/appcompat/widget/ViewStubCompat_OnInflateListenerImplementor.class' (1,861)
2026-10-03 06:11:20: Copy Over 'C:/rock/bannister/Bannister/obj/x64/Debug/net8.0-android/android/bin/classes/mono/androidx/appcompat/app/ActionBar_OnNavigationListenerImplementor.class' -> 'goodrive://www.googleapis.com/:personal:/bannister/bannister/obj/x64/Debug/net8.0-android/android/bin/classes/mono/androidx/appcompat/app/ActionBar_OnNavigationListenerImplementor.class' (1,713)
2026-10-03 06:11:22: Copy Over 'C:/rock/bannister/Bannister/obj/x64/Debug/net8.0-android/android/bin/classes/mono/androidx/appcompat/app/ActionBar_TabListenerImplementor.class' -> 'goodrive://www.googleapis.com/:personal:/bannister/bannister/obj/x64/Debug/net8.0-android/android/bin/classes/mono/androidx/appcompat/app/ActionBar_TabListenerImplementor.class' (2,706)
2026-10-03 06:11:23: Copy Over 'C:/rock/bannister/Bannister/obj/x64/Debug/net8.0-android/android/bin/classes/mono/androidx/core/app/SharedElementCallback_OnSharedElementsReadyListenerImplementor.class' -> 'goodrive://www.googleapis.com/:personal:/bannister/bannister/obj/x64/Debug/net8.0-android/android/bin/classes/mono/androidx/core/app/SharedElementCallback_OnSharedElementsReadyListenerImplementor.class' (1,781)
2026-10-03 06:11:23: Copy Over 'C:/rock/bannister/Bannister/obj/x64/Debug/net8.0-android/android/bin/classes/mono/androidx/constraintlayout/motion/widget/MotionLayout_TransitionListenerImplementor.class' -> 'goodrive://www.googleapis.com/:personal:/bannister/bannister/obj/x64/Debug/net8.0-android/android/bin/classes/mono/androidx/constraintlayout/motion/widget/MotionLayout_TransitionListenerImplementor.class' (3,355)
2026-10-03 06:11:26: Copy Over 'C:/rock/bannister/Bannister/obj/x64/Debug/net8.0-android/android/bin/classes/mono/androidx/core/os/CancellationSignal_OnCancelListenerImplementor.class' -> 'goodrive://www.googleapis.com/:personal:/bannister/bannister/obj/x64/Debug/net8.0-android/android/bin/classes/mono/androidx/core/os/CancellationSignal_OnCancelListenerImplementor.class' (1,628)
2026-10-03 06:11:26: Copy Over 'C:/rock/bannister/Bannister/obj/x64/Debug/net8.0-android/android/bin/classes/mono/androidx/core/view/ActionProvider_SubUiVisibilityListenerImplementor.class' -> 'goodrive://www.googleapis.com/:personal:/bannister/bannister/obj/x64/Debug/net8.0-android/android/bin/classes/mono/androidx/core/view/ActionProvider_SubUiVisibilityListenerImplementor.class' (1,731)
2026-10-03 06:11:27: Copy Over 'C:/rock/bannister/Bannister/obj/x64/Debug/net8.0-android/android/bin/classes/mono/androidx/core/view/accessibility/AccessibilityManagerCompat_AccessibilityStateChangeListenerImplementor.class' -> 'goodrive://www.googleapis.com/:personal:/bannister/bannister/obj/x64/Debug/net8.0-android/android/bin/classes/mono/androidx/core/view/accessibility/AccessibilityManagerCompat_AccessibilityStateChangeListenerImplementor.class' (1,939)
2026-10-03 06:11:29: Copy Over 'C:/rock/bannister/Bannister/obj/x64/Debug/net8.0-android/android/bin/classes/mono/androidx/core/view/ActionProvider_VisibilityListenerImplementor.class' -> 'goodrive://www.googleapis.com/:personal:/bannister/bannister/obj/x64/Debug/net8.0-android/android/bin/classes/mono/androidx/core/view/ActionProvider_VisibilityListenerImplementor.class' (1,737)
2026-10-03 06:11:29: Copy Over 'C:/rock/bannister/Bannister/obj/x64/Debug/net8.0-android/android/bin/classes/mono/androidx/core/view/accessibility/AccessibilityManagerCompat_TouchExplorationStateChangeListenerImplementor.class' -> 'goodrive://www.googleapis.com/:personal:/bannister/bannister/obj/x64/Debug/net8.0-android/android/bin/classes/mono/androidx/core/view/accessibility/AccessibilityManagerCompat_TouchExplorationStateChangeListenerImplementor.class' (1,969)
2026-10-03 06:11:30: Copy Over 'C:/rock/bannister/Bannister/obj/x64/Debug/net8.0-android/android/bin/classes/mono/androidx/core/view/DragStartHelper_OnDragStartListenerImplementor.class' -> 'goodrive://www.googleapis.com/:personal:/bannister/bannister/obj/x64/Debug/net8.0-android/android/bin/classes/mono/androidx/core/view/DragStartHelper_OnDragStartListenerImplementor.class' (1,820)
2026-10-03 06:11:33: Copy Over 'C:/rock/bannister/Bannister/obj/x64/Debug/net8.0-android/android/bin/classes/mono/androidx/core/view/MenuItemCompat_OnActionExpandListenerImplementor.class' -> 'goodrive://www.googleapis.com/:personal:/bannister/bannister/obj/x64/Debug/net8.0-android/android/bin/classes/mono/androidx/core/view/MenuItemCompat_OnActionExpandListenerImplementor.class' (2,098)
2026-10-03 06:11:33: Copy Over 'C:/rock/bannister/Bannister/obj/x64/Debug/net8.0-android/android/bin/classes/mono/androidx/core/view/inputmethod/InputConnectionCompat_OnCommitContentListenerImplementor.class' -> 'goodrive://www.googleapis.com/:personal:/bannister/bannister/obj/x64/Debug/net8.0-android/android/bin/classes/mono/androidx/core/view/inputmethod/InputConnectionCompat_OnCommitContentListenerImplementor.class' (2,017)
2026-10-03 06:11:33: Copy Over 'C:/rock/bannister/Bannister/obj/x64/Debug/net8.0-android/android/bin/classes/mono/androidx/core/view/OnApplyWindowInsetsListenerImplementor.class' -> 'goodrive://www.googleapis.com/:personal:/bannister/bannister/obj/x64/Debug/net8.0-android/android/bin/classes/mono/androidx/core/view/OnApplyWindowInsetsListenerImplementor.class' (1,804)
2026-10-03 06:11:36: Copy Over 'C:/rock/bannister/Bannister/obj/x64/Debug/net8.0-android/android/bin/classes/mono/androidx/core/view/ViewPropertyAnimatorListenerImplementor.class' -> 'goodrive://www.googleapis.com/:personal:/bannister/bannister/obj/x64/Debug/net8.0-android/android/bin/classes/mono/androidx/core/view/ViewPropertyAnimatorListenerImplementor.class' (2,151)
2026-10-03 06:11:36: Copy Over 'C:/rock/bannister/Bannister/obj/x64/Debug/net8.0-android/android/bin/classes/mono/androidx/core/view/OnReceiveContentListenerImplementor.class' -> 'goodrive://www.googleapis.com/:personal:/bannister/bannister/obj/x64/Debug/net8.0-android/android/bin/classes/mono/androidx/core/view/OnReceiveContentListenerImplementor.class' (1,772)
2026-10-03 06:11:36: Copy Over 'C:/rock/bannister/Bannister/obj/x64/Debug/net8.0-android/android/bin/classes/mono/androidx/core/view/ViewPropertyAnimatorUpdateListenerImplementor.class' -> 'goodrive://www.googleapis.com/:personal:/bannister/bannister/obj/x64/Debug/net8.0-android/android/bin/classes/mono/androidx/core/view/ViewPropertyAnimatorUpdateListenerImplementor.class' (1,641)
2026-10-03 06:11:39: Copy Over 'C:/rock/bannister/Bannister/obj/x64/Debug/net8.0-android/android/bin/classes/mono/androidx/core/view/WindowInsetsControllerCompat_OnControllableInsetsChangedListenerImplementor.class' -> 'goodrive://www.googleapis.com/:personal:/bannister/bannister/obj/x64/Debug/net8.0-android/android/bin/classes/mono/androidx/core/view/WindowInsetsControllerCompat_OnControllableInsetsChangedListenerImplementor.class' (2,047)
2026-10-03 06:11:40: Copy Over 'C:/rock/bannister/Bannister/obj/x64/Debug/net8.0-android/android/bin/classes/mono/androidx/core/widget/NestedScrollView_OnScrollChangeListenerImplementor.class' -> 'goodrive://www.googleapis.com/:personal:/bannister/bannister/obj/x64/Debug/net8.0-android/android/bin/classes/mono/androidx/core/widget/NestedScrollView_OnScrollChangeListenerImplementor.class' (1,839)
2026-10-03 06:11:40: Copy Over 'C:/rock/bannister/Bannister/obj/x64/Debug/net8.0-android/android/bin/classes/mono/androidx/constraintlayout/widget/SharedValues_SharedValuesListenerImplementor.class' -> 'goodrive://www.googleapis.com/:personal:/bannister/bannister/obj/x64/Debug/net8.0-android/android/bin/classes/mono/androidx/constraintlayout/widget/SharedValues_SharedValuesListenerImplementor.class' (1,747)
2026-10-03 06:11:43: Copy Over 'C:/rock/bannister/Bannister/obj/x64/Debug/net8.0-android/android/bin/classes/mono/androidx/drawerlayout/widget/DrawerLayout_DrawerListenerImplementor.class' -> 'goodrive://www.googleapis.com/:personal:/bannister/bannister/obj/x64/Debug/net8.0-android/android/bin/classes/mono/androidx/drawerlayout/widget/DrawerLayout_DrawerListenerImplementor.class' (2,614)
2026-10-03 06:11:43: Copy Over 'C:/rock/bannister/Bannister/obj/x64/Debug/net8.0-android/android/bin/classes/mono/androidx/customview/poolingcontainer/PoolingContainerListenerImplementor.class' -> 'goodrive://www.googleapis.com/:personal:/bannister/bannister/obj/x64/Debug/net8.0-android/android/bin/classes/mono/androidx/customview/poolingcontainer/PoolingContainerListenerImplementor.class' (1,612)
2026-10-03 06:11:43: Copy Over 'C:/rock/bannister/Bannister/obj/x64/Debug/net8.0-android/android/bin/classes/mono/androidx/dynamicanimation/animation/DynamicAnimation_OnAnimationEndListenerImplementor.class' -> 'goodrive://www.googleapis.com/:personal:/bannister/bannister/obj/x64/Debug/net8.0-android/android/bin/classes/mono/androidx/dynamicanimation/animation/DynamicAnimation_OnAnimationEndListenerImplementor.class' (1,958)
2026-10-03 06:11:46: Copy Over 'C:/rock/bannister/Bannister/obj/x64/Debug/net8.0-android/android/bin/classes/mono/androidx/fragment/app/FragmentResultListenerImplementor.class' -> 'goodrive://www.googleapis.com/:personal:/bannister/bannister/obj/x64/Debug/net8.0-android/android/bin/classes/mono/androidx/fragment/app/FragmentResultListenerImplementor.class' (1,652)
2026-10-03 06:11:46: Copy Over 'C:/rock/bannister/Bannister/obj/x64/Debug/net8.0-android/android/bin/classes/mono/androidx/fragment/app/FragmentManager_OnBackStackChangedListenerImplementor.class' -> 'goodrive://www.googleapis.com/:personal:/bannister/bannister/obj/x64/Debug/net8.0-android/android/bin/classes/mono/androidx/fragment/app/FragmentManager_OnBackStackChangedListenerImplementor.class' (2,488)
2026-10-03 06:11:46: Copy Over 'C:/rock/bannister/Bannister/obj/x64/Debug/net8.0-android/android/bin/classes/mono/androidx/fragment/app/FragmentOnAttachListenerImplementor.class' -> 'goodrive://www.googleapis.com/:personal:/bannister/bannister/obj/x64/Debug/net8.0-android/android/bin/classes/mono/androidx/fragment/app/FragmentOnAttachListenerImplementor.class' (1,764)
2026-10-03 06:11:50: Copy Over 'C:/rock/bannister/Bannister/obj/x64/Debug/net8.0-android/android/bin/classes/mono/androidx/dynamicanimation/animation/DynamicAnimation_OnAnimationUpdateListenerImplementor.class' -> 'goodrive://www.googleapis.com/:personal:/bannister/bannister/obj/x64/Debug/net8.0-android/android/bin/classes/mono/androidx/dynamicanimation/animation/DynamicAnimation_OnAnimationUpdateListenerImplementor.class' (1,983)
2026-10-03 06:11:50: Copy Over 'C:/rock/bannister/Bannister/obj/x64/Debug/net8.0-android/android/bin/classes/mono/androidx/navigation/NavController_OnDestinationChangedListenerImplementor.class' -> 'goodrive://www.googleapis.com/:personal:/bannister/bannister/obj/x64/Debug/net8.0-android/android/bin/classes/mono/androidx/navigation/NavController_OnDestinationChangedListenerImplementor.class' (2,041)
2026-10-03 06:11:50: Copy Over 'C:/rock/bannister/Bannister/obj/x64/Debug/net8.0-android/android/bin/classes/mono/androidx/fragment/app/strictmode/FragmentStrictMode_OnViolationListenerImplementor.class' -> 'goodrive://www.googleapis.com/:personal:/bannister/bannister/obj/x64/Debug/net8.0-android/android/bin/classes/mono/androidx/fragment/app/strictmode/FragmentStrictMode_OnViolationListenerImplementor.class' (1,886)
2026-10-03 06:11:53: Copy Over 'C:/rock/bannister/Bannister/obj/x64/Debug/net8.0-android/android/bin/classes/mono/androidx/navigation/ui/AppBarConfiguration_OnNavigateUpListenerImplementor.class' -> 'goodrive://www.googleapis.com/:personal:/bannister/bannister/obj/x64/Debug/net8.0-android/android/bin/classes/mono/androidx/navigation/ui/AppBarConfiguration_OnNavigateUpListenerImplementor.class' (1,724)
2026-10-03 06:11:53: Copy Over 'C:/rock/bannister/Bannister/obj/x64/Debug/net8.0-android/android/bin/classes/mono/androidx/loader/content/Loader_OnLoadCompleteListenerImplementor.class' -> 'goodrive://www.googleapis.com/:personal:/bannister/bannister/obj/x64/Debug/net8.0-android/android/bin/classes/mono/androidx/loader/content/Loader_OnLoadCompleteListenerImplementor.class' (1,814)
2026-10-03 06:11:53: Copy Over 'C:/rock/bannister/Bannister/obj/x64/Debug/net8.0-android/android/bin/classes/mono/androidx/loader/content/Loader_OnLoadCanceledListenerImplementor.class' -> 'goodrive://www.googleapis.com/:personal:/bannister/bannister/obj/x64/Debug/net8.0-android/android/bin/classes/mono/androidx/loader/content/Loader_OnLoadCanceledListenerImplementor.class' (1,759)
2026-10-03 06:11:56: Copy Over 'C:/rock/bannister/Bannister/obj/x64/Debug/net8.0-android/android/bin/classes/mono/androidx/slidingpanelayout/widget/SlidingPaneLayout_PanelSlideListenerImplementor.class' -> 'goodrive://www.googleapis.com/:personal:/bannister/bannister/obj/x64/Debug/net8.0-android/android/bin/classes/mono/androidx/slidingpanelayout/widget/SlidingPaneLayout_PanelSlideListenerImplementor.class' (2,451)
2026-10-03 06:11:56: Copy Over 'C:/rock/bannister/Bannister/obj/x64/Debug/net8.0-android/android/bin/classes/mono/androidx/recyclerview/widget/RecyclerView_ItemAnimator_ItemAnimatorFinishedListenerImplementor.class' -> 'goodrive://www.googleapis.com/:personal:/bannister/bannister/obj/x64/Debug/net8.0-android/android/bin/classes/mono/androidx/recyclerview/widget/RecyclerView_ItemAnimator_ItemAnimatorFinishedListenerImplementor.class' (1,936)
2026-10-03 06:11:57: Copy Over 'C:/rock/bannister/Bannister/obj/x64/Debug/net8.0-android/android/bin/classes/mono/androidx/recyclerview/widget/AsyncListDiffer_ListListenerImplementor.class' -> 'goodrive://www.googleapis.com/:personal:/bannister/bannister/obj/x64/Debug/net8.0-android/android/bin/classes/mono/androidx/recyclerview/widget/AsyncListDiffer_ListListenerImplementor.class' (1,815)
2026-10-03 06:12:00: Copy Over 'C:/rock/bannister/Bannister/obj/x64/Debug/net8.0-android/android/bin/classes/mono/androidx/recyclerview/widget/RecyclerView_RecyclerListenerImplementor.class' -> 'goodrive://www.googleapis.com/:personal:/bannister/bannister/obj/x64/Debug/net8.0-android/android/bin/classes/mono/androidx/recyclerview/widget/RecyclerView_RecyclerListenerImplementor.class' (1,941)
2026-10-03 06:12:01: Copy Over 'C:/rock/bannister/Bannister/obj/x64/Debug/net8.0-android/android/bin/classes/mono/androidx/recyclerview/widget/RecyclerView_OnChildAttachStateChangeListenerImplementor.class' -> 'goodrive://www.googleapis.com/:personal:/bannister/bannister/obj/x64/Debug/net8.0-android/android/bin/classes/mono/androidx/recyclerview/widget/RecyclerView_OnChildAttachStateChangeListenerImplementor.class' (2,266)
2026-10-03 06:12:01: Copy Over 'C:/rock/bannister/Bannister/obj/x64/Debug/net8.0-android/android/bin/classes/mono/androidx/recyclerview/widget/RecyclerView_OnItemTouchListenerImplementor.class' -> 'goodrive://www.googleapis.com/:personal:/bannister/bannister/obj/x64/Debug/net8.0-android/android/bin/classes/mono/androidx/recyclerview/widget/RecyclerView_OnItemTouchListenerImplementor.class' (2,753)
2026-10-03 06:12:03: Copy Over 'C:/rock/bannister/Bannister/obj/x64/Debug/net8.0-android/android/bin/classes/mono/androidx/transition/Transition_TransitionListenerImplementor.class' -> 'goodrive://www.googleapis.com/:personal:/bannister/bannister/obj/x64/Debug/net8.0-android/android/bin/classes/mono/androidx/transition/Transition_TransitionListenerImplementor.class' (3,013)
2026-10-03 06:12:04: Copy Over 'C:/rock/bannister/Bannister/obj/x64/Debug/net8.0-android/android/bin/classes/mono/androidx/swiperefreshlayout/widget/SwipeRefreshLayout_OnRefreshListenerImplementor.class' -> 'goodrive://www.googleapis.com/:personal:/bannister/bannister/obj/x64/Debug/net8.0-android/android/bin/classes/mono/androidx/swiperefreshlayout/widget/SwipeRefreshLayout_OnRefreshListenerImplementor.class' (1,756)
2026-10-03 06:12:04: Copy Over 'C:/rock/bannister/Bannister/obj/x64/Debug/net8.0-android/android/bin/classes/mono/androidx/viewpager/widget/ViewPager_OnAdapterChangeListenerImplementor.class' -> 'goodrive://www.googleapis.com/:personal:/bannister/bannister/obj/x64/Debug/net8.0-android/android/bin/classes/mono/androidx/viewpager/widget/ViewPager_OnAdapterChangeListenerImplementor.class' (2,064)
2026-10-03 06:12:06: Copy Over 'C:/rock/bannister/Bannister/obj/x64/Debug/net8.0-android/android/bin/classes/mono/androidx/viewpager/widget/ViewPager_OnPageChangeListenerImplementor.class' -> 'goodrive://www.googleapis.com/:personal:/bannister/bannister/obj/x64/Debug/net8.0-android/android/bin/classes/mono/androidx/viewpager/widget/ViewPager_OnPageChangeListenerImplementor.class' (2,231)
2026-10-03 06:12:08: Copy Over 'C:/rock/bannister/Bannister/obj/x64/Debug/net8.0-android/android/bin/classes/mono/com/bumptech/glide/manager/ConnectivityMonitor_ConnectivityListenerImplementor.class' -> 'goodrive://www.googleapis.com/:personal:/bannister/bannister/obj/x64/Debug/net8.0-android/android/bin/classes/mono/com/bumptech/glide/manager/ConnectivityMonitor_ConnectivityListenerImplementor.class' (1,761)
2026-10-03 06:12:08: Copy Over 'C:/rock/bannister/Bannister/obj/x64/Debug/net8.0-android/android/bin/classes/mono/com/bumptech/glide/manager/LifecycleListenerImplementor.class' -> 'goodrive://www.googleapis.com/:personal:/bannister/bannister/obj/x64/Debug/net8.0-android/android/bin/classes/mono/com/bumptech/glide/manager/LifecycleListenerImplementor.class' (1,861)
2026-10-03 06:12:10: Copy Over 'C:/rock/bannister/Bannister/obj/x64/Debug/net8.0-android/android/bin/classes/mono/com/bumptech/glide/load/engine/cache/MemoryCache_ResourceRemovedListenerImplementor.class' -> 'goodrive://www.googleapis.com/:personal:/bannister/bannister/obj/x64/Debug/net8.0-android/android/bin/classes/mono/com/bumptech/glide/load/engine/cache/MemoryCache_ResourceRemovedListenerImplementor.class' (1,885)
2026-10-03 06:12:11: Copy Over 'C:/rock/bannister/Bannister/obj/x64/Debug/net8.0-android/android/bin/classes/mono/MonoPackageManager_Resources.class' -> 'goodrive://www.googleapis.com/:personal:/bannister/bannister/obj/x64/Debug/net8.0-android/android/bin/classes/mono/MonoPackageManager_Resources.class' (6,057)
2026-10-03 06:12:12: Copy Over 'C:/rock/bannister/Bannister/obj/x64/Debug/net8.0-android/android/bin/classes/mono/com/bumptech/glide/request/RequestListenerImplementor.class' -> 'goodrive://www.googleapis.com/:personal:/bannister/bannister/obj/x64/Debug/net8.0-android/android/bin/classes/mono/com/bumptech/glide/request/RequestListenerImplementor.class' (2,393)
2026-10-03 06:12:13: Copy Over 'C:/rock/bannister/Bannister/obj/x64/Debug/net8.0-android/android/bin/classes/mono/MonoRuntimeProvider.class' -> 'goodrive://www.googleapis.com/:personal:/bannister/bannister/obj/x64/Debug/net8.0-android/android/bin/classes/mono/MonoRuntimeProvider.class' (1,980)
2026-10-03 06:12:15: Copy Over 'C:/rock/bannister/Bannister/obj/x64/Debug/net8.0-android/android/bin/classes/mono/com/google/android/material/animation/AnimatableView_ListenerImplementor.class' -> 'goodrive://www.googleapis.com/:personal:/bannister/bannister/obj/x64/Debug/net8.0-android/android/bin/classes/mono/com/google/android/material/animation/AnimatableView_ListenerImplementor.class' (1,695)
2026-10-03 06:12:15: Copy Over 'C:/rock/bannister/Bannister/obj/x64/Debug/net8.0-android/android/bin/classes/mono/com/google/android/material/appbar/AppBarLayout_LiftOnScrollListenerImplementor.class' -> 'goodrive://www.googleapis.com/:personal:/bannister/bannister/obj/x64/Debug/net8.0-android/android/bin/classes/mono/com/google/android/material/appbar/AppBarLayout_LiftOnScrollListenerImplementor.class' (1,733)
2026-10-03 06:12:17: Copy Over 'C:/rock/bannister/Bannister/obj/x64/Debug/net8.0-android/android/bin/classes/mono/com/google/android/material/appbar/AppBarLayout_OnOffsetChangedListenerImplementor.class' -> 'goodrive://www.googleapis.com/:personal:/bannister/bannister/obj/x64/Debug/net8.0-android/android/bin/classes/mono/com/google/android/material/appbar/AppBarLayout_OnOffsetChangedListenerImplementor.class' (1,923)
2026-10-03 06:12:18: Copy Over 'C:/rock/bannister/Bannister/obj/x64/Debug/net8.0-android/android/bin/classes/mono/com/google/android/material/behavior/HideBottomViewOnScrollBehavior_OnScrollStateChangedListenerImplementor.class' -> 'goodrive://www.googleapis.com/:personal:/bannister/bannister/obj/x64/Debug/net8.0-android/android/bin/classes/mono/com/google/android/material/behavior/HideBottomViewOnScrollBehavior_OnScrollStateChangedListenerImplementor.class' (1,977)
2026-10-03 06:12:18: Copy Over 'C:/rock/bannister/Bannister/obj/x64/Debug/net8.0-android/android/bin/classes/mono/com/google/android/material/button/MaterialButton_OnCheckedChangeListenerImplementor.class' -> 'goodrive://www.googleapis.com/:personal:/bannister/bannister/obj/x64/Debug/net8.0-android/android/bin/classes/mono/com/google/android/material/button/MaterialButton_OnCheckedChangeListenerImplementor.class' (1,945)
2026-10-03 06:12:21: Copy Over 'C:/rock/bannister/Bannister/obj/x64/Debug/net8.0-android/android/bin/classes/mono/com/google/android/material/button/MaterialButtonToggleGroup_OnButtonCheckedListenerImplementor.class' -> 'goodrive://www.googleapis.com/:personal:/bannister/bannister/obj/x64/Debug/net8.0-android/android/bin/classes/mono/com/google/android/material/button/MaterialButtonToggleGroup_OnButtonCheckedListenerImplementor.class' (2,044)
2026-10-03 06:12:21: Copy Over 'C:/rock/bannister/Bannister/obj/x64/Debug/net8.0-android/android/bin/classes/mono/com/google/android/material/card/MaterialCardView_OnCheckedChangeListenerImplementor.class' -> 'goodrive://www.googleapis.com/:personal:/bannister/bannister/obj/x64/Debug/net8.0-android/android/bin/classes/mono/com/google/android/material/card/MaterialCardView_OnCheckedChangeListenerImplementor.class' (1,947)
2026-10-03 06:12:22: Copy Over 'C:/rock/bannister/Bannister/obj/x64/Debug/net8.0-android/android/bin/classes/mono/com/google/android/material/behavior/SwipeDismissBehavior_OnDismissListenerImplementor.class' -> 'goodrive://www.googleapis.com/:personal:/bannister/bannister/obj/x64/Debug/net8.0-android/android/bin/classes/mono/com/google/android/material/behavior/SwipeDismissBehavior_OnDismissListenerImplementor.class' (2,114)
2026-10-03 06:12:24: Copy Over 'C:/rock/bannister/Bannister/obj/x64/Debug/net8.0-android/android/bin/classes/mono/com/google/android/material/checkbox/MaterialCheckBox_OnCheckedStateChangedListenerImplementor.class' -> 'goodrive://www.googleapis.com/:personal:/bannister/bannister/obj/x64/Debug/net8.0-android/android/bin/classes/mono/com/google/android/material/checkbox/MaterialCheckBox_OnCheckedStateChangedListenerImplementor.class' (2,067)
2026-10-03 06:12:24: Copy Over 'C:/rock/bannister/Bannister/obj/x64/Debug/net8.0-android/android/bin/classes/mono/com/google/android/material/carousel/OnMaskChangedListenerImplementor.class' -> 'goodrive://www.googleapis.com/:personal:/bannister/bannister/obj/x64/Debug/net8.0-android/android/bin/classes/mono/com/google/android/material/carousel/OnMaskChangedListenerImplementor.class' (1,659)
2026-10-03 06:12:25: Copy Over 'C:/rock/bannister/Bannister/obj/x64/Debug/net8.0-android/android/bin/classes/mono/com/google/android/material/chip/ChipGroup_OnCheckedChangeListenerImplementor.class' -> 'goodrive://www.googleapis.com/:personal:/bannister/bannister/obj/x64/Debug/net8.0-android/android/bin/classes/mono/com/google/android/material/chip/ChipGroup_OnCheckedChangeListenerImplementor.class' (1,884)
2026-10-03 06:12:27: Copy Over 'C:/rock/bannister/Bannister/obj/x64/Debug/net8.0-android/android/bin/classes/mono/com/google/android/material/chip/ChipGroup_OnCheckedStateChangeListenerImplementor.class' -> 'goodrive://www.googleapis.com/:personal:/bannister/bannister/obj/x64/Debug/net8.0-android/android/bin/classes/mono/com/google/android/material/chip/ChipGroup_OnCheckedStateChangeListenerImplementor.class' (1,959)
2026-10-03 06:12:27: Copy Over 'C:/rock/bannister/Bannister/obj/x64/Debug/net8.0-android/android/bin/classes/mono/com/google/android/material/checkbox/MaterialCheckBox_OnErrorChangedListenerImplementor.class' -> 'goodrive://www.googleapis.com/:personal:/bannister/bannister/obj/x64/Debug/net8.0-android/android/bin/classes/mono/com/google/android/material/checkbox/MaterialCheckBox_OnErrorChangedListenerImplementor.class' (1,965)
2026-10-03 06:12:28: Copy Over 'C:/rock/bannister/Bannister/obj/x64/Debug/net8.0-android/android/bin/classes/mono/com/google/android/material/datepicker/MaterialPickerOnPositiveButtonClickListenerImplementor.class' -> 'goodrive://www.googleapis.com/:personal:/bannister/bannister/obj/x64/Debug/net8.0-android/android/bin/classes/mono/com/google/android/material/datepicker/MaterialPickerOnPositiveButtonClickListenerImplementor.class' (1,767)
2026-10-03 06:12:31: Copy Over 'C:/rock/bannister/Bannister/obj/x64/Debug/net8.0-android/android/bin/classes/mono/com/google/android/material/internal/CheckableGroup_OnCheckedStateChangeListenerImplementor.class' -> 'goodrive://www.googleapis.com/:personal:/bannister/bannister/obj/x64/Debug/net8.0-android/android/bin/classes/mono/com/google/android/material/internal/CheckableGroup_OnCheckedStateChangeListenerImplementor.class' (1,893)
2026-10-03 06:12:31: Copy Over 'C:/rock/bannister/Bannister/obj/x64/Debug/net8.0-android/android/bin/classes/mono/com/google/android/material/internal/MaterialCheckable_OnCheckedChangeListenerImplementor.class' -> 'goodrive://www.googleapis.com/:personal:/bannister/bannister/obj/x64/Debug/net8.0-android/android/bin/classes/mono/com/google/android/material/internal/MaterialCheckable_OnCheckedChangeListenerImplementor.class' (1,872)
2026-10-03 06:12:32: Copy Over 'C:/rock/bannister/Bannister/obj/x64/Debug/net8.0-android/android/bin/classes/mono/com/google/android/material/internal/ViewUtils_OnApplyWindowInsetsListenerImplementor.class' -> 'goodrive://www.googleapis.com/:personal:/bannister/bannister/obj/x64/Debug/net8.0-android/android/bin/classes/mono/com/google/android/material/internal/ViewUtils_OnApplyWindowInsetsListenerImplementor.class' (2,338)
2026-10-03 06:12:34: Copy Over 'C:/rock/bannister/Bannister/obj/x64/Debug/net8.0-android/android/bin/classes/mono/com/google/android/material/navigation/NavigationBarView_OnItemReselectedListenerImplementor.class' -> 'goodrive://www.googleapis.com/:personal:/bannister/bannister/obj/x64/Debug/net8.0-android/android/bin/classes/mono/com/google/android/material/navigation/NavigationBarView_OnItemReselectedListenerImplementor.class' (1,941)
2026-10-03 06:12:34: Copy Over 'C:/rock/bannister/Bannister/obj/x64/Debug/net8.0-android/android/bin/classes/mono/com/google/android/material/search/SearchView_TransitionListenerImplementor.class' -> 'goodrive://www.googleapis.com/:personal:/bannister/bannister/obj/x64/Debug/net8.0-android/android/bin/classes/mono/com/google/android/material/search/SearchView_TransitionListenerImplementor.class' (2,340)
2026-10-03 06:12:35: Copy Over 'C:/rock/bannister/Bannister/obj/x64/Debug/net8.0-android/android/bin/classes/mono/com/google/android/material/navigation/NavigationBarView_OnItemSelectedListenerImplementor.class' -> 'goodrive://www.googleapis.com/:personal:/bannister/bannister/obj/x64/Debug/net8.0-android/android/bin/classes/mono/com/google/android/material/navigation/NavigationBarView_OnItemSelectedListenerImplementor.class' (1,917)
2026-10-03 06:12:37: Copy Over 'C:/rock/bannister/Bannister/obj/x64/Debug/net8.0-android/android/bin/classes/mono/com/google/android/material/shape/ShapeAppearancePathProvider_PathListenerImplementor.class' -> 'goodrive://www.googleapis.com/:personal:/bannister/bannister/obj/x64/Debug/net8.0-android/android/bin/classes/mono/com/google/android/material/shape/ShapeAppearancePathProvider_PathListenerImplementor.class' (2,439)
2026-10-03 06:12:38: Copy Over 'C:/rock/bannister/Bannister/obj/x64/Debug/net8.0-android/android/bin/classes/mono/com/google/android/material/navigation/NavigationView_OnNavigationItemSelectedListenerImplementor.class' -> 'goodrive://www.googleapis.com/:personal:/bannister/bannister/obj/x64/Debug/net8.0-android/android/bin/classes/mono/com/google/android/material/navigation/NavigationView_OnNavigationItemSelectedListenerImplementor.class' (1,959)
2026-10-03 06:12:39: Copy Over 'C:/rock/bannister/Bannister/obj/x64/Debug/net8.0-android/android/bin/classes/mono/com/google/android/material/slider/BaseOnChangeListenerImplementor.class' -> 'goodrive://www.googleapis.com/:personal:/bannister/bannister/obj/x64/Debug/net8.0-android/android/bin/classes/mono/com/google/android/material/slider/BaseOnChangeListenerImplementor.class' (1,636)
2026-10-03 06:12:41: Copy Over 'C:/rock/bannister/Bannister/obj/x64/Debug/net8.0-android/android/bin/classes/mono/com/google/android/material/tabs/TabLayout_BaseOnTabSelectedListenerImplementor.class' -> 'goodrive://www.googleapis.com/:personal:/bannister/bannister/obj/x64/Debug/net8.0-android/android/bin/classes/mono/com/google/android/material/tabs/TabLayout_BaseOnTabSelectedListenerImplementor.class' (2,652)
2026-10-03 06:12:41: Copy Over 'C:/rock/bannister/Bannister/obj/x64/Debug/net8.0-android/android/bin/classes/mono/com/google/android/material/slider/BaseOnSliderTouchListenerImplementor.class' -> 'goodrive://www.googleapis.com/:personal:/bannister/bannister/obj/x64/Debug/net8.0-android/android/bin/classes/mono/com/google/android/material/slider/BaseOnSliderTouchListenerImplementor.class' (1,960)
2026-10-03 06:12:41: > Copy Over 'C:/rock/bannister/Bannister/obj/x64/Debug/net8.0-android/android/bin/classes2.dex' -> 'goodrive://www.googleapis.com/:personal:/bannister/bannister/obj/x64/Debug/net8.0-android/android/bin/classes2.dex' (7,168,352)
2026-10-03 06:12:42: Copy Over 'C:/rock/bannister/Bannister/obj/x64/Debug/net8.0-android/android/bin/classes/mono/com/google/android/material/textfield/TextInputLayout_OnEditTextAttachedListenerImplementor.class' -> 'goodrive://www.googleapis.com/:personal:/bannister/bannister/obj/x64/Debug/net8.0-android/android/bin/classes/mono/com/google/android/material/textfield/TextInputLayout_OnEditTextAttachedListenerImplementor.class' (2,000)
2026-10-03 06:12:42: > Copy Over 'C:/rock/bannister/Bannister/obj/x64/Debug/net8.0-android/android/bin/com.bannister.app.apk' -> 'goodrive://www.googleapis.com/:personal:/bannister/bannister/obj/x64/Debug/net8.0-android/android/bin/com.bannister.app.apk' (65,768,010)
2026-10-03 06:12:45: Copy Over 'C:/rock/bannister/Bannister/obj/x64/Debug/net8.0-android/android/bin/classes/mono/com/google/android/material/textfield/TextInputLayout_OnEndIconChangedListenerImplementor.class' -> 'goodrive://www.googleapis.com/:personal:/bannister/bannister/obj/x64/Debug/net8.0-android/android/bin/classes/mono/com/google/android/material/textfield/TextInputLayout_OnEndIconChangedListenerImplementor.class' (1,984)
2026-10-03 06:12:45: > Copy Over 'C:/rock/bannister/Bannister/obj/x64/Debug/net8.0-android/android/bin/packaged_resources' -> 'goodrive://www.googleapis.com/:personal:/bannister/bannister/obj/x64/Debug/net8.0-android/android/bin/packaged_resources' (28,115,731)
2026-10-03 06:12:46: < Copy Over 'C:/rock/bannister/Bannister/obj/x64/Debug/net8.0-android/android/bin/classes2.dex' -> 'goodrive://www.googleapis.com/:personal:/bannister/bannister/obj/x64/Debug/net8.0-android/android/bin/classes2.dex' (7,168,352)
2026-10-03 06:12:46: > Copy Over 'C:/rock/bannister/Bannister/obj/x64/Debug/net8.0-android/android/assets/Bannister.pdb' -> 'goodrive://www.googleapis.com/:personal:/bannister/bannister/obj/x64/Debug/net8.0-android/android/assets/Bannister.pdb' (1,773,732)
2026-10-03 06:12:50: < Copy Over 'C:/rock/bannister/Bannister/obj/x64/Debug/net8.0-android/android/assets/Bannister.pdb' -> 'goodrive://www.googleapis.com/:personal:/bannister/bannister/obj/x64/Debug/net8.0-android/android/assets/Bannister.pdb' (1,773,732)
2026-10-03 06:12:51: < Copy Over 'C:/rock/bannister/Bannister/obj/x64/Debug/net8.0-android/android/bin/packaged_resources' -> 'goodrive://www.googleapis.com/:personal:/bannister/bannister/obj/x64/Debug/net8.0-android/android/bin/packaged_resources' (28,115,731)
2026-10-03 06:12:53: < Copy Over 'C:/rock/bannister/Bannister/obj/x64/Debug/net8.0-android/android/bin/com.bannister.app.apk' -> 'goodrive://www.googleapis.com/:personal:/bannister/bannister/obj/x64/Debug/net8.0-android/android/bin/com.bannister.app.apk' (65,768,010)
2026-10-03 06:12:54: Copy Over 'C:/rock/bannister/Bannister/obj/x64/Debug/net8.0-android/android/compressed_assemblies.arm64-v8a.o' -> 'goodrive://www.googleapis.com/:personal:/bannister/bannister/obj/x64/Debug/net8.0-android/android/compressed_assemblies.arm64-v8a.o' (848)
2026-10-03 06:12:54: Copy Over 'C:/rock/bannister/Bannister/obj/x64/Debug/net8.0-android/android/compressed_assemblies.armeabi-v7a.o' -> 'goodrive://www.googleapis.com/:personal:/bannister/bannister/obj/x64/Debug/net8.0-android/android/compressed_assemblies.armeabi-v7a.o' (700)
2026-10-03 06:12:56: Copy Over 'C:/rock/bannister/Bannister/obj/x64/Debug/net8.0-android/android/compressed_assemblies.x86.o' -> 'goodrive://www.googleapis.com/:personal:/bannister/bannister/obj/x64/Debug/net8.0-android/android/compressed_assemblies.x86.o' (576)
2026-10-03 06:12:57: Copy Over 'C:/rock/bannister/Bannister/obj/x64/Debug/net8.0-android/android/compressed_assemblies.x86_64.o' -> 'goodrive://www.googleapis.com/:personal:/bannister/bannister/obj/x64/Debug/net8.0-android/android/compressed_assemblies.x86_64.o' (792)
2026-10-03 06:12:58: Copy Over 'C:/rock/bannister/Bannister/obj/x64/Debug/net8.0-android/android/environment.arm64-v8a.ll' -> 'goodrive://www.googleapis.com/:personal:/bannister/bannister/obj/x64/Debug/net8.0-android/android/environment.arm64-v8a.ll' (154,586)
2026-10-03 06:13:00: Copy Over 'C:/rock/bannister/Bannister/obj/x64/Debug/net8.0-android/android/environment.arm64-v8a.o' -> 'goodrive://www.googleapis.com/:personal:/bannister/bannister/obj/x64/Debug/net8.0-android/android/environment.arm64-v8a.o' (47,800)
2026-10-03 06:13:00: Copy Over 'C:/rock/bannister/Bannister/obj/x64/Debug/net8.0-android/android/environment.armeabi-v7a.ll' -> 'goodrive://www.googleapis.com/:personal:/bannister/bannister/obj/x64/Debug/net8.0-android/android/environment.armeabi-v7a.ll' (153,561)
2026-10-03 06:13:02: Copy Over 'C:/rock/bannister/Bannister/obj/x64/Debug/net8.0-android/android/environment.armeabi-v7a.o' -> 'goodrive://www.googleapis.com/:personal:/bannister/bannister/obj/x64/Debug/net8.0-android/android/environment.armeabi-v7a.o' (32,924)
2026-10-03 06:13:03: Copy Over 'C:/rock/bannister/Bannister/obj/x64/Debug/net8.0-android/android/environment.x86.o' -> 'goodrive://www.googleapis.com/:personal:/bannister/bannister/obj/x64/Debug/net8.0-android/android/environment.x86.o' (32,608)
2026-10-03 06:13:04: Copy Over 'C:/rock/bannister/Bannister/obj/x64/Debug/net8.0-android/android/environment.x86.ll' -> 'goodrive://www.googleapis.com/:personal:/bannister/bannister/obj/x64/Debug/net8.0-android/android/environment.x86.ll' (153,578)
2026-10-03 06:13:06: Copy Over 'C:/rock/bannister/Bannister/obj/x64/Debug/net8.0-android/android/environment.x86_64.ll' -> 'goodrive://www.googleapis.com/:personal:/bannister/bannister/obj/x64/Debug/net8.0-android/android/environment.x86_64.ll' (154,724)
2026-10-03 06:13:07: Copy Over 'C:/rock/bannister/Bannister/obj/x64/Debug/net8.0-android/android/environment.x86_64.o' -> 'goodrive://www.googleapis.com/:personal:/bannister/bannister/obj/x64/Debug/net8.0-android/android/environment.x86_64.o' (47,904)
2026-10-03 06:13:08: Copy Over 'C:/rock/bannister/Bannister/obj/x64/Debug/net8.0-android/android/jni_remap.arm64-v8a.o' -> 'goodrive://www.googleapis.com/:personal:/bannister/bannister/obj/x64/Debug/net8.0-android/android/jni_remap.arm64-v8a.o' (968)
2026-10-03 06:13:09: Copy Over 'C:/rock/bannister/Bannister/obj/x64/Debug/net8.0-android/android/jni_remap.armeabi-v7a.o' -> 'goodrive://www.googleapis.com/:personal:/bannister/bannister/obj/x64/Debug/net8.0-android/android/jni_remap.armeabi-v7a.o' (784)
2026-10-03 06:13:10: Copy Over 'C:/rock/bannister/Bannister/obj/x64/Debug/net8.0-android/android/jni_remap.x86.o' -> 'goodrive://www.googleapis.com/:personal:/bannister/bannister/obj/x64/Debug/net8.0-android/android/jni_remap.x86.o' (660)
2026-10-03 06:13:12: Copy Over 'C:/rock/bannister/Bannister/obj/x64/Debug/net8.0-android/android/jni_remap.x86_64.o' -> 'goodrive://www.googleapis.com/:personal:/bannister/bannister/obj/x64/Debug/net8.0-android/android/jni_remap.x86_64.o' (912)
2026-10-03 06:13:12: Copy Over 'C:/rock/bannister/Bannister/obj/x64/Debug/net8.0-android/android/marshal_methods.arm64-v8a.ll' -> 'goodrive://www.googleapis.com/:personal:/bannister/bannister/obj/x64/Debug/net8.0-android/android/marshal_methods.arm64-v8a.ll' (74,601)
2026-10-03 06:13:14: Copy Over 'C:/rock/bannister/Bannister/obj/x64/Debug/net8.0-android/android/manifest/AndroidManifest.xml' -> 'goodrive://www.googleapis.com/:personal:/bannister/bannister/obj/x64/Debug/net8.0-android/android/manifest/AndroidManifest.xml' (4,994)
2026-10-03 06:13:15: Copy Over 'C:/rock/bannister/Bannister/obj/x64/Debug/net8.0-android/android/marshal_methods.arm64-v8a.o' -> 'goodrive://www.googleapis.com/:personal:/bannister/bannister/obj/x64/Debug/net8.0-android/android/marshal_methods.arm64-v8a.o' (10,056)
2026-10-03 06:13:15: Copy Over 'C:/rock/bannister/Bannister/obj/x64/Debug/net8.0-android/android/marshal_methods.armeabi-v7a.ll' -> 'goodrive://www.googleapis.com/:personal:/bannister/bannister/obj/x64/Debug/net8.0-android/android/marshal_methods.armeabi-v7a.ll' (63,375)
2026-10-03 06:13:18: Copy Over 'C:/rock/bannister/Bannister/obj/x64/Debug/net8.0-android/android/marshal_methods.armeabi-v7a.o' -> 'goodrive://www.googleapis.com/:personal:/bannister/bannister/obj/x64/Debug/net8.0-android/android/marshal_methods.armeabi-v7a.o' (6,792)
2026-10-03 06:13:18: Copy Over 'C:/rock/bannister/Bannister/obj/x64/Debug/net8.0-android/android/marshal_methods.x86.ll' -> 'goodrive://www.googleapis.com/:personal:/bannister/bannister/obj/x64/Debug/net8.0-android/android/marshal_methods.x86.ll' (63,114)
2026-10-03 06:13:19: Copy Over 'C:/rock/bannister/Bannister/obj/x64/Debug/net8.0-android/android/marshal_methods.x86.o' -> 'goodrive://www.googleapis.com/:personal:/bannister/bannister/obj/x64/Debug/net8.0-android/android/marshal_methods.x86.o' (6,760)
2026-10-03 06:13:19: > Copy Over 'C:/rock/bannister/Bannister/obj/x64/Debug/net8.0-android/android/typemaps.arm64-v8a.o' -> 'goodrive://www.googleapis.com/:personal:/bannister/bannister/obj/x64/Debug/net8.0-android/android/typemaps.arm64-v8a.o' (3,181,888)
2026-10-03 06:13:21: Copy Over 'C:/rock/bannister/Bannister/obj/x64/Debug/net8.0-android/android/marshal_methods.x86_64.ll' -> 'goodrive://www.googleapis.com/:personal:/bannister/bannister/obj/x64/Debug/net8.0-android/android/marshal_methods.x86_64.ll' (74,497)
2026-10-03 06:13:21: Copy Over 'C:/rock/bannister/Bannister/obj/x64/Debug/net8.0-android/android/marshal_methods.x86_64.o' -> 'goodrive://www.googleapis.com/:personal:/bannister/bannister/obj/x64/Debug/net8.0-android/android/marshal_methods.x86_64.o' (9,912)
2026-10-03 06:13:21: > Copy Over 'C:/rock/bannister/Bannister/obj/x64/Debug/net8.0-android/android/typemaps.armeabi-v7a.o' -> 'goodrive://www.googleapis.com/:personal:/bannister/bannister/obj/x64/Debug/net8.0-android/android/typemaps.armeabi-v7a.o' (2,100,812)
2026-10-03 06:13:21: > Copy Over 'C:/rock/bannister/Bannister/obj/x64/Debug/net8.0-android/android/typemaps.x86.o' -> 'goodrive://www.googleapis.com/:personal:/bannister/bannister/obj/x64/Debug/net8.0-android/android/typemaps.x86.o' (2,100,688)
2026-10-03 06:13:23: < Copy Over 'C:/rock/bannister/Bannister/obj/x64/Debug/net8.0-android/android/typemaps.arm64-v8a.o' -> 'goodrive://www.googleapis.com/:personal:/bannister/bannister/obj/x64/Debug/net8.0-android/android/typemaps.arm64-v8a.o' (3,181,888)
2026-10-03 06:13:23: > Copy Over 'C:/rock/bannister/Bannister/obj/x64/Debug/net8.0-android/android/typemaps.x86_64.o' -> 'goodrive://www.googleapis.com/:personal:/bannister/bannister/obj/x64/Debug/net8.0-android/android/typemaps.x86_64.o' (3,370,672)
2026-10-03 06:13:24: < Copy Over 'C:/rock/bannister/Bannister/obj/x64/Debug/net8.0-android/android/typemaps.armeabi-v7a.o' -> 'goodrive://www.googleapis.com/:personal:/bannister/bannister/obj/x64/Debug/net8.0-android/android/typemaps.armeabi-v7a.o' (2,100,812)
2026-10-03 06:13:24: < Copy Over 'C:/rock/bannister/Bannister/obj/x64/Debug/net8.0-android/android/typemaps.x86.o' -> 'goodrive://www.googleapis.com/:personal:/bannister/bannister/obj/x64/Debug/net8.0-android/android/typemaps.x86.o' (2,100,688)
2026-10-03 06:13:27: < Copy Over 'C:/rock/bannister/Bannister/obj/x64/Debug/net8.0-android/android/typemaps.x86_64.o' -> 'goodrive://www.googleapis.com/:personal:/bannister/bannister/obj/x64/Debug/net8.0-android/android/typemaps.x86_64.o' (3,370,672)
2026-10-03 06:13:28: Copy Over 'C:/rock/bannister/Bannister/obj/x64/Debug/net8.0-android/android-arm64/Bannister.assets.cache' -> 'goodrive://www.googleapis.com/:personal:/bannister/bannister/obj/x64/Debug/net8.0-android/android-arm64/Bannister.assets.cache' (101,441)
2026-10-03 06:13:28: Copy Over 'C:/rock/bannister/Bannister/obj/x64/Debug/net8.0-android/android-x64/Bannister.assets.cache' -> 'goodrive://www.googleapis.com/:personal:/bannister/bannister/obj/x64/Debug/net8.0-android/android-x64/Bannister.assets.cache' (101,437)
2026-10-03 06:13:30: Copy Over 'C:/rock/bannister/Bannister/obj/x64/Debug/net8.0-android/android_debug_keystore.flag' -> 'goodrive://www.googleapis.com/:personal:/bannister/bannister/obj/x64/Debug/net8.0-android/android_debug_keystore.flag' (0)
2026-10-03 06:13:30: > Copy Over 'C:/rock/bannister/Bannister/obj/x64/Debug/net8.0-android/app_shared_libraries/arm64-v8a/libxamarin-app.so' -> 'goodrive://www.googleapis.com/:personal:/bannister/bannister/obj/x64/Debug/net8.0-android/app_shared_libraries/arm64-v8a/libxamarin-app.so' (3,240,856)
2026-10-03 06:13:31: Copy Over 'C:/rock/bannister/Bannister/obj/x64/Debug/net8.0-android/assets/AboutAssets.txt' -> 'goodrive://www.googleapis.com/:personal:/bannister/bannister/obj/x64/Debug/net8.0-android/assets/AboutAssets.txt' (642)
2026-10-03 06:13:31: Copy Over 'C:/rock/bannister/Bannister/obj/x64/Debug/net8.0-android/android-x86/Bannister.assets.cache' -> 'goodrive://www.googleapis.com/:personal:/bannister/bannister/obj/x64/Debug/net8.0-android/android-x86/Bannister.assets.cache' (101,437)
2026-10-03 06:13:35: Copy Over 'C:/rock/bannister/Bannister/obj/x64/Debug/net8.0-android/assets/OpenSans-Semibold.ttf' -> 'goodrive://www.googleapis.com/:personal:/bannister/bannister/obj/x64/Debug/net8.0-android/assets/OpenSans-Semibold.ttf' (111,184)
2026-10-03 06:13:35: > Copy Over 'C:/rock/bannister/Bannister/obj/x64/Debug/net8.0-android/app_shared_libraries/armeabi-v7a/libxamarin-app.so' -> 'goodrive://www.googleapis.com/:personal:/bannister/bannister/obj/x64/Debug/net8.0-android/app_shared_libraries/armeabi-v7a/libxamarin-app.so' (2,141,372)
2026-10-03 06:13:35: Copy Over 'C:/rock/bannister/Bannister/obj/x64/Debug/net8.0-android/assets/OpenSans-Regular.ttf' -> 'goodrive://www.googleapis.com/:personal:/bannister/bannister/obj/x64/Debug/net8.0-android/assets/OpenSans-Regular.ttf' (107,276)
2026-10-03 06:13:35: > Copy Over 'C:/rock/bannister/Bannister/obj/x64/Debug/net8.0-android/app_shared_libraries/x86/libxamarin-app.so' -> 'goodrive://www.googleapis.com/:personal:/bannister/bannister/obj/x64/Debug/net8.0-android/app_shared_libraries/x86/libxamarin-app.so' (2,140,920)
2026-10-03 06:13:35: < Copy Over 'C:/rock/bannister/Bannister/obj/x64/Debug/net8.0-android/app_shared_libraries/arm64-v8a/libxamarin-app.so' -> 'goodrive://www.googleapis.com/:personal:/bannister/bannister/obj/x64/Debug/net8.0-android/app_shared_libraries/arm64-v8a/libxamarin-app.so' (3,240,856)
2026-10-03 06:13:38: Copy Over 'C:/rock/bannister/Bannister/obj/x64/Debug/net8.0-android/Bannister.AssemblyInfo.cs' -> 'goodrive://www.googleapis.com/:personal:/bannister/bannister/obj/x64/Debug/net8.0-android/Bannister.AssemblyInfo.cs' (1,200)
2026-10-03 06:13:38: > Copy Over 'C:/rock/bannister/Bannister/obj/x64/Debug/net8.0-android/app_shared_libraries/x86_64/libxamarin-app.so' -> 'goodrive://www.googleapis.com/:personal:/bannister/bannister/obj/x64/Debug/net8.0-android/app_shared_libraries/x86_64/libxamarin-app.so' (3,429,200)
2026-10-03 06:13:39: < Copy Over 'C:/rock/bannister/Bannister/obj/x64/Debug/net8.0-android/app_shared_libraries/x86/libxamarin-app.so' -> 'goodrive://www.googleapis.com/:personal:/bannister/bannister/obj/x64/Debug/net8.0-android/app_shared_libraries/x86/libxamarin-app.so' (2,140,920)
2026-10-03 06:13:39: < Copy Over 'C:/rock/bannister/Bannister/obj/x64/Debug/net8.0-android/app_shared_libraries/armeabi-v7a/libxamarin-app.so' -> 'goodrive://www.googleapis.com/:personal:/bannister/bannister/obj/x64/Debug/net8.0-android/app_shared_libraries/armeabi-v7a/libxamarin-app.so' (2,141,372)
2026-10-03 06:13:42: Copy Over 'C:/rock/bannister/Bannister/obj/x64/Debug/net8.0-android/Bannister.AssemblyInfoInputs.cache' -> 'goodrive://www.googleapis.com/:personal:/bannister/bannister/obj/x64/Debug/net8.0-android/Bannister.AssemblyInfoInputs.cache' (66)
2026-10-03 06:13:42: Copy Over 'C:/rock/bannister/Bannister/obj/x64/Debug/net8.0-android/Bannister.assets.cache' -> 'goodrive://www.googleapis.com/:personal:/bannister/bannister/obj/x64/Debug/net8.0-android/Bannister.assets.cache' (102,483)
2026-10-03 06:13:42: < Copy Over 'C:/rock/bannister/Bannister/obj/x64/Debug/net8.0-android/app_shared_libraries/x86_64/libxamarin-app.so' -> 'goodrive://www.googleapis.com/:personal:/bannister/bannister/obj/x64/Debug/net8.0-android/app_shared_libraries/x86_64/libxamarin-app.so' (3,429,200)
2026-10-03 06:13:42: > Copy Over 'C:/rock/bannister/Bannister/obj/x64/Debug/net8.0-android/Bannister.dll' -> 'goodrive://www.googleapis.com/:personal:/bannister/bannister/obj/x64/Debug/net8.0-android/Bannister.dll' (8,272,384)
2026-10-03 06:13:46: Copy Over 'C:/rock/bannister/Bannister/obj/x64/Debug/net8.0-android/Bannister.csproj.BuildWithSkipAnalyzers' -> 'goodrive://www.googleapis.com/:personal:/bannister/bannister/obj/x64/Debug/net8.0-android/Bannister.csproj.BuildWithSkipAnalyzers' (0)
2026-10-03 06:13:46: > Copy Over 'C:/rock/bannister/Bannister/obj/x64/Debug/net8.0-android/Bannister.pdb' -> 'goodrive://www.googleapis.com/:personal:/bannister/bannister/obj/x64/Debug/net8.0-android/Bannister.pdb' (1,773,732)
2026-10-03 06:13:46: Copy Over 'C:/rock/bannister/Bannister/obj/x64/Debug/net8.0-android/Bannister.csproj.CoreCompileInputs.cache' -> 'goodrive://www.googleapis.com/:personal:/bannister/bannister/obj/x64/Debug/net8.0-android/Bannister.csproj.CoreCompileInputs.cache' (66)
2026-10-03 06:13:47: < Copy Over 'C:/rock/bannister/Bannister/obj/x64/Debug/net8.0-android/Bannister.dll' -> 'goodrive://www.googleapis.com/:personal:/bannister/bannister/obj/x64/Debug/net8.0-android/Bannister.dll' (8,272,384)
2026-10-03 06:13:49: Copy Over 'C:/rock/bannister/Bannister/obj/x64/Debug/net8.0-android/Bannister.runtimeconfig.json.bin' -> 'goodrive://www.googleapis.com/:personal:/bannister/bannister/obj/x64/Debug/net8.0-android/Bannister.runtimeconfig.json.bin' (953)
2026-10-03 06:13:49: < Copy Over 'C:/rock/bannister/Bannister/obj/x64/Debug/net8.0-android/Bannister.pdb' -> 'goodrive://www.googleapis.com/:personal:/bannister/bannister/obj/x64/Debug/net8.0-android/Bannister.pdb' (1,773,732)
2026-10-03 06:13:50: Copy Over 'C:/rock/bannister/Bannister/obj/x64/Debug/net8.0-android/Bannister.sourcelink.json' -> 'goodrive://www.googleapis.com/:personal:/bannister/bannister/obj/x64/Debug/net8.0-android/Bannister.sourcelink.json' (141)
2026-10-03 06:13:53: Copy Over 'C:/rock/bannister/Bannister/obj/x64/Debug/net8.0-android/customview-map.txt' -> 'goodrive://www.googleapis.com/:personal:/bannister/bannister/obj/x64/Debug/net8.0-android/customview-map.txt' (8,398)
2026-10-03 06:13:53: Copy Over 'C:/rock/bannister/Bannister/obj/x64/Debug/net8.0-android/buildid.txt' -> 'goodrive://www.googleapis.com/:personal:/bannister/bannister/obj/x64/Debug/net8.0-android/buildid.txt' (38)
2026-10-03 06:13:54: Copy Over 'C:/rock/bannister/Bannister/obj/x64/Debug/net8.0-android/flat/values_colors.arsc.flat' -> 'goodrive://www.googleapis.com/:personal:/bannister/bannister/obj/x64/Debug/net8.0-android/flat/values_colors.arsc.flat' (352)
2026-10-03 06:13:56: Copy Over 'C:/rock/bannister/Bannister/obj/x64/Debug/net8.0-android/lp/101/jl/flat/101.flata' -> 'goodrive://www.googleapis.com/:personal:/bannister/bannister/obj/x64/Debug/net8.0-android/lp/101/jl/flat/101.flata' (352)
2026-10-03 06:13:57: Copy Over 'C:/rock/bannister/Bannister/obj/x64/Debug/net8.0-android/lp/100/jl/flat/100.flata' -> 'goodrive://www.googleapis.com/:personal:/bannister/bannister/obj/x64/Debug/net8.0-android/lp/100/jl/flat/100.flata' (256)
2026-10-03 06:13:57: Copy Over 'C:/rock/bannister/Bannister/obj/x64/Debug/net8.0-android/lp/103/jl/flat/103.flata' -> 'goodrive://www.googleapis.com/:personal:/bannister/bannister/obj/x64/Debug/net8.0-android/lp/103/jl/flat/103.flata' (256)
2026-10-03 06:14:00: Copy Over 'C:/rock/bannister/Bannister/obj/x64/Debug/net8.0-android/lp/104/jl/flat/104.flata' -> 'goodrive://www.googleapis.com/:personal:/bannister/bannister/obj/x64/Debug/net8.0-android/lp/104/jl/flat/104.flata' (178,876)
2026-10-03 06:14:00: Copy Over 'C:/rock/bannister/Bannister/obj/x64/Debug/net8.0-android/lp/108/jl/flat/108.flata' -> 'goodrive://www.googleapis.com/:personal:/bannister/bannister/obj/x64/Debug/net8.0-android/lp/108/jl/flat/108.flata' (256)
2026-10-03 06:14:00: Copy Over 'C:/rock/bannister/Bannister/obj/x64/Debug/net8.0-android/lp/107/jl/flat/107.flata' -> 'goodrive://www.googleapis.com/:personal:/bannister/bannister/obj/x64/Debug/net8.0-android/lp/107/jl/flat/107.flata' (364)
2026-10-03 06:14:04: Copy Over 'C:/rock/bannister/Bannister/obj/x64/Debug/net8.0-android/lp/110/jl/flat/110.flata' -> 'goodrive://www.googleapis.com/:personal:/bannister/bannister/obj/x64/Debug/net8.0-android/lp/110/jl/flat/110.flata' (1,984)
2026-10-03 06:14:04: Copy Over 'C:/rock/bannister/Bannister/obj/x64/Debug/net8.0-android/lp/109/jl/flat/109.flata' -> 'goodrive://www.googleapis.com/:personal:/bannister/bannister/obj/x64/Debug/net8.0-android/lp/109/jl/flat/109.flata' (416)
2026-10-03 06:14:04: Copy Over 'C:/rock/bannister/Bannister/obj/x64/Debug/net8.0-android/lp/111/jl/flat/111.flata' -> 'goodrive://www.googleapis.com/:personal:/bannister/bannister/obj/x64/Debug/net8.0-android/lp/111/jl/flat/111.flata' (360)
2026-10-03 06:14:07: Copy Over 'C:/rock/bannister/Bannister/obj/x64/Debug/net8.0-android/lp/114/jl/flat/114.flata' -> 'goodrive://www.googleapis.com/:personal:/bannister/bannister/obj/x64/Debug/net8.0-android/lp/114/jl/flat/114.flata' (256)
2026-10-03 06:14:07: Copy Over 'C:/rock/bannister/Bannister/obj/x64/Debug/net8.0-android/lp/112/jl/flat/112.flata' -> 'goodrive://www.googleapis.com/:personal:/bannister/bannister/obj/x64/Debug/net8.0-android/lp/112/jl/flat/112.flata' (256)
2026-10-03 06:14:07: Copy Over 'C:/rock/bannister/Bannister/obj/x64/Debug/net8.0-android/lp/115/jl/flat/115.flata' -> 'goodrive://www.googleapis.com/:personal:/bannister/bannister/obj/x64/Debug/net8.0-android/lp/115/jl/flat/115.flata' (408)
2026-10-03 06:14:11: Copy Over 'C:/rock/bannister/Bannister/obj/x64/Debug/net8.0-android/lp/117/jl/flat/117.flata' -> 'goodrive://www.googleapis.com/:personal:/bannister/bannister/obj/x64/Debug/net8.0-android/lp/117/jl/flat/117.flata' (376)
2026-10-03 06:14:11: Copy Over 'C:/rock/bannister/Bannister/obj/x64/Debug/net8.0-android/lp/116/jl/flat/116.flata' -> 'goodrive://www.googleapis.com/:personal:/bannister/bannister/obj/x64/Debug/net8.0-android/lp/116/jl/flat/116.flata' (11,094)
2026-10-03 06:14:11: Copy Over 'C:/rock/bannister/Bannister/obj/x64/Debug/net8.0-android/lp/120/jl/flat/120.flata' -> 'goodrive://www.googleapis.com/:personal:/bannister/bannister/obj/x64/Debug/net8.0-android/lp/120/jl/flat/120.flata' (780)
2026-10-03 06:14:14: Copy Over 'C:/rock/bannister/Bannister/obj/x64/Debug/net8.0-android/lp/126/jl/flat/126.flata' -> 'goodrive://www.googleapis.com/:personal:/bannister/bannister/obj/x64/Debug/net8.0-android/lp/126/jl/flat/126.flata' (256)
2026-10-03 06:14:14: Copy Over 'C:/rock/bannister/Bannister/obj/x64/Debug/net8.0-android/lp/122/jl/flat/122.flata' -> 'goodrive://www.googleapis.com/:personal:/bannister/bannister/obj/x64/Debug/net8.0-android/lp/122/jl/flat/122.flata' (256)
2026-10-03 06:14:14: Copy Over 'C:/rock/bannister/Bannister/obj/x64/Debug/net8.0-android/lp/123/jl/flat/123.flata' -> 'goodrive://www.googleapis.com/:personal:/bannister/bannister/obj/x64/Debug/net8.0-android/lp/123/jl/flat/123.flata' (256)
2026-10-03 06:14:17: Copy Over 'C:/rock/bannister/Bannister/obj/x64/Debug/net8.0-android/lp/131/jl/flat/131.flata' -> 'goodrive://www.googleapis.com/:personal:/bannister/bannister/obj/x64/Debug/net8.0-android/lp/131/jl/flat/131.flata' (6,976)
2026-10-03 06:14:17: Copy Over 'C:/rock/bannister/Bannister/obj/x64/Debug/net8.0-android/lp/129/jl/flat/129.flata' -> 'goodrive://www.googleapis.com/:personal:/bannister/bannister/obj/x64/Debug/net8.0-android/lp/129/jl/flat/129.flata' (564)
2026-10-03 06:14:18: Copy Over 'C:/rock/bannister/Bannister/obj/x64/Debug/net8.0-android/lp/127/jl/flat/127.flata' -> 'goodrive://www.googleapis.com/:personal:/bannister/bannister/obj/x64/Debug/net8.0-android/lp/127/jl/flat/127.flata' (256)
2026-10-03 06:14:21: Copy Over 'C:/rock/bannister/Bannister/obj/x64/Debug/net8.0-android/lp/134/jl/flat/134.flata' -> 'goodrive://www.googleapis.com/:personal:/bannister/bannister/obj/x64/Debug/net8.0-android/lp/134/jl/flat/134.flata' (74,480)
2026-10-03 06:14:21: Copy Over 'C:/rock/bannister/Bannister/obj/x64/Debug/net8.0-android/lp/132/jl/flat/132.flata' -> 'goodrive://www.googleapis.com/:personal:/bannister/bannister/obj/x64/Debug/net8.0-android/lp/132/jl/flat/132.flata' (2,082)
2026-10-03 06:14:21: > Copy Over 'C:/rock/bannister/Bannister/obj/x64/Debug/net8.0-android/lp/136/jl/flat/136.flata' -> 'goodrive://www.googleapis.com/:personal:/bannister/bannister/obj/x64/Debug/net8.0-android/lp/136/jl/flat/136.flata' (1,757,158)
2026-10-03 06:14:22: Copy Over 'C:/rock/bannister/Bannister/obj/x64/Debug/net8.0-android/lp/133/jl/flat/133.flata' -> 'goodrive://www.googleapis.com/:personal:/bannister/bannister/obj/x64/Debug/net8.0-android/lp/133/jl/flat/133.flata' (765,520)
2026-10-03 06:14:24: Copy Over 'C:/rock/bannister/Bannister/obj/x64/Debug/net8.0-android/lp/135/jl/flat/135.flata' -> 'goodrive://www.googleapis.com/:personal:/bannister/bannister/obj/x64/Debug/net8.0-android/lp/135/jl/flat/135.flata' (4,742)
2026-10-03 06:14:24: < Copy Over 'C:/rock/bannister/Bannister/obj/x64/Debug/net8.0-android/lp/136/jl/flat/136.flata' -> 'goodrive://www.googleapis.com/:personal:/bannister/bannister/obj/x64/Debug/net8.0-android/lp/136/jl/flat/136.flata' (1,757,158)
2026-10-03 06:14:26: Copy Over 'C:/rock/bannister/Bannister/obj/x64/Debug/net8.0-android/lp/137/jl/flat/137.flata' -> 'goodrive://www.googleapis.com/:personal:/bannister/bannister/obj/x64/Debug/net8.0-android/lp/137/jl/flat/137.flata' (256)
2026-10-03 06:14:27: Copy Over 'C:/rock/bannister/Bannister/obj/x64/Debug/net8.0-android/lp/138/jl/flat/138.flata' -> 'goodrive://www.googleapis.com/:personal:/bannister/bannister/obj/x64/Debug/net8.0-android/lp/138/jl/flat/138.flata' (4,032)
2026-10-03 06:14:28: Copy Over 'C:/rock/bannister/Bannister/obj/x64/Debug/net8.0-android/lp/139/jl/flat/139.flata' -> 'goodrive://www.googleapis.com/:personal:/bannister/bannister/obj/x64/Debug/net8.0-android/lp/139/jl/flat/139.flata' (656)
2026-10-03 06:14:29: Copy Over 'C:/rock/bannister/Bannister/obj/x64/Debug/net8.0-android/lp/140/jl/flat/140.flata' -> 'goodrive://www.googleapis.com/:personal:/bannister/bannister/obj/x64/Debug/net8.0-android/lp/140/jl/flat/140.flata' (256)
2026-10-03 06:14:30: Copy Over 'C:/rock/bannister/Bannister/obj/x64/Debug/net8.0-android/lp/141/jl/flat/141.flata' -> 'goodrive://www.googleapis.com/:personal:/bannister/bannister/obj/x64/Debug/net8.0-android/lp/141/jl/flat/141.flata' (256)
2026-10-03 06:14:31: Copy Over 'C:/rock/bannister/Bannister/obj/x64/Debug/net8.0-android/lp/142/jl/flat/142.flata' -> 'goodrive://www.googleapis.com/:personal:/bannister/bannister/obj/x64/Debug/net8.0-android/lp/142/jl/flat/142.flata' (256)
2026-10-03 06:14:33: Copy Over 'C:/rock/bannister/Bannister/obj/x64/Debug/net8.0-android/lp/143/jl/flat/143.flata' -> 'goodrive://www.googleapis.com/:personal:/bannister/bannister/obj/x64/Debug/net8.0-android/lp/143/jl/flat/143.flata' (256)
2026-10-03 06:14:34: Copy Over 'C:/rock/bannister/Bannister/obj/x64/Debug/net8.0-android/lp/144/jl/flat/144.flata' -> 'goodrive://www.googleapis.com/:personal:/bannister/bannister/obj/x64/Debug/net8.0-android/lp/144/jl/flat/144.flata' (256)
2026-10-03 06:14:35: Copy Over 'C:/rock/bannister/Bannister/obj/x64/Debug/net8.0-android/lp/145/jl/flat/145.flata' -> 'goodrive://www.googleapis.com/:personal:/bannister/bannister/obj/x64/Debug/net8.0-android/lp/145/jl/flat/145.flata' (2,212)
2026-10-03 06:14:36: Copy Over 'C:/rock/bannister/Bannister/obj/x64/Debug/net8.0-android/lp/146/jl/flat/146.flata' -> 'goodrive://www.googleapis.com/:personal:/bannister/bannister/obj/x64/Debug/net8.0-android/lp/146/jl/flat/146.flata' (256)
2026-10-03 06:14:37: Copy Over 'C:/rock/bannister/Bannister/obj/x64/Debug/net8.0-android/lp/147/jl/flat/147.flata' -> 'goodrive://www.googleapis.com/:personal:/bannister/bannister/obj/x64/Debug/net8.0-android/lp/147/jl/flat/147.flata' (1,036)
2026-10-03 06:14:38: Copy Over 'C:/rock/bannister/Bannister/obj/x64/Debug/net8.0-android/lp/148/jl/flat/148.flata' -> 'goodrive://www.googleapis.com/:personal:/bannister/bannister/obj/x64/Debug/net8.0-android/lp/148/jl/flat/148.flata' (47,854)
2026-10-03 06:14:39: Copy Over 'C:/rock/bannister/Bannister/obj/x64/Debug/net8.0-android/lp/149/jl/flat/149.flata' -> 'goodrive://www.googleapis.com/:personal:/bannister/bannister/obj/x64/Debug/net8.0-android/lp/149/jl/flat/149.flata' (256)
2026-10-03 06:14:41: Copy Over 'C:/rock/bannister/Bannister/obj/x64/Debug/net8.0-android/lp/150/jl/flat/150.flata' -> 'goodrive://www.googleapis.com/:personal:/bannister/bannister/obj/x64/Debug/net8.0-android/lp/150/jl/flat/150.flata' (256)
2026-10-03 06:14:42: Copy Over 'C:/rock/bannister/Bannister/obj/x64/Debug/net8.0-android/lp/151/jl/flat/151.flata' -> 'goodrive://www.googleapis.com/:personal:/bannister/bannister/obj/x64/Debug/net8.0-android/lp/151/jl/flat/151.flata' (864)
2026-10-03 06:14:42: Copy Over 'C:/rock/bannister/Bannister/obj/x64/Debug/net8.0-android/lp/152/jl/flat/152.flata' -> 'goodrive://www.googleapis.com/:personal:/bannister/bannister/obj/x64/Debug/net8.0-android/lp/152/jl/flat/152.flata' (256)
2026-10-03 06:14:44: Copy Over 'C:/rock/bannister/Bannister/obj/x64/Debug/net8.0-android/lp/154/jl/flat/154.flata' -> 'goodrive://www.googleapis.com/:personal:/bannister/bannister/obj/x64/Debug/net8.0-android/lp/154/jl/flat/154.flata' (64,320)
2026-10-03 06:14:45: Copy Over 'C:/rock/bannister/Bannister/obj/x64/Debug/net8.0-android/lp/156/jl/flat/156.flata' -> 'goodrive://www.googleapis.com/:personal:/bannister/bannister/obj/x64/Debug/net8.0-android/lp/156/jl/flat/156.flata' (356)
2026-10-03 06:14:45: Copy Over 'C:/rock/bannister/Bannister/obj/x64/Debug/net8.0-android/lp/159/jl/flat/layout_tabbar.xml.flat' -> 'goodrive://www.googleapis.com/:personal:/bannister/bannister/obj/x64/Debug/net8.0-android/lp/159/jl/flat/layout_tabbar.xml.flat' (932)
2026-10-03 06:14:48: Copy Over 'C:/rock/bannister/Bannister/obj/x64/Debug/net8.0-android/lp/160/jl/flat/anim_enterfromright.xml.flat' -> 'goodrive://www.googleapis.com/:personal:/bannister/bannister/obj/x64/Debug/net8.0-android/lp/160/jl/flat/anim_enterfromright.xml.flat' (512)
2026-10-03 06:14:48: Copy Over 'C:/rock/bannister/Bannister/obj/x64/Debug/net8.0-android/lp/160/jl/flat/anim_enterfromleft.xml.flat' -> 'goodrive://www.googleapis.com/:personal:/bannister/bannister/obj/x64/Debug/net8.0-android/lp/160/jl/flat/anim_enterfromleft.xml.flat' (708)
2026-10-03 06:14:49: Copy Over 'C:/rock/bannister/Bannister/obj/x64/Debug/net8.0-android/lp/160/jl/flat/anim_exittoleft.xml.flat' -> 'goodrive://www.googleapis.com/:personal:/bannister/bannister/obj/x64/Debug/net8.0-android/lp/160/jl/flat/anim_exittoleft.xml.flat' (704)
2026-10-03 06:14:51: Copy Over 'C:/rock/bannister/Bannister/obj/x64/Debug/net8.0-android/lp/160/jl/flat/layout_flyoutcontent.xml.flat' -> 'goodrive://www.googleapis.com/:personal:/bannister/bannister/obj/x64/Debug/net8.0-android/lp/160/jl/flat/layout_flyoutcontent.xml.flat' (1,104)
2026-10-03 06:14:51: Copy Over 'C:/rock/bannister/Bannister/obj/x64/Debug/net8.0-android/lp/160/jl/flat/anim_exittoright.xml.flat' -> 'goodrive://www.googleapis.com/:personal:/bannister/bannister/obj/x64/Debug/net8.0-android/lp/160/jl/flat/anim_exittoright.xml.flat' (504)
2026-10-03 06:14:52: Copy Over 'C:/rock/bannister/Bannister/obj/x64/Debug/net8.0-android/lp/160/jl/flat/layout_shellcontent.xml.flat' -> 'goodrive://www.googleapis.com/:personal:/bannister/bannister/obj/x64/Debug/net8.0-android/lp/160/jl/flat/layout_shellcontent.xml.flat' (896)
2026-10-03 06:14:54: Copy Over 'C:/rock/bannister/Bannister/obj/x64/Debug/net8.0-android/lp/159/jl/flat/layout_toolbar.xml.flat' -> 'goodrive://www.googleapis.com/:personal:/bannister/bannister/obj/x64/Debug/net8.0-android/lp/159/jl/flat/layout_toolbar.xml.flat' (772)
2026-10-03 06:14:54: Copy Over 'C:/rock/bannister/Bannister/obj/x64/Debug/net8.0-android/lp/160/jl/flat/values_strings.arsc.flat' -> 'goodrive://www.googleapis.com/:personal:/bannister/bannister/obj/x64/Debug/net8.0-android/lp/160/jl/flat/values_strings.arsc.flat' (280)
2026-10-03 06:14:56: Copy Over 'C:/rock/bannister/Bannister/obj/x64/Debug/net8.0-android/lp/159/jl/flat/values_attrs.arsc.flat' -> 'goodrive://www.googleapis.com/:personal:/bannister/bannister/obj/x64/Debug/net8.0-android/lp/159/jl/flat/values_attrs.arsc.flat' (860)
2026-10-03 06:14:57: Copy Over 'C:/rock/bannister/Bannister/obj/x64/Debug/net8.0-android/lp/159/jl/flat/values_styles.arsc.flat' -> 'goodrive://www.googleapis.com/:personal:/bannister/bannister/obj/x64/Debug/net8.0-android/lp/159/jl/flat/values_styles.arsc.flat' (1,240)
2026-10-03 06:14:58: Copy Over 'C:/rock/bannister/Bannister/obj/x64/Debug/net8.0-android/lp/161/jl/flat/values_values.arsc.flat' -> 'goodrive://www.googleapis.com/:personal:/bannister/bannister/obj/x64/Debug/net8.0-android/lp/161/jl/flat/values_values.arsc.flat' (272)
2026-10-03 06:15:00: Copy Over 'C:/rock/bannister/Bannister/obj/x64/Debug/net8.0-android/lp/162/jl/flat/anim_nav_default_enter_anim.xml.flat' -> 'goodrive://www.googleapis.com/:personal:/bannister/bannister/obj/x64/Debug/net8.0-android/lp/162/jl/flat/anim_nav_default_enter_anim.xml.flat' (732)
2026-10-03 06:15:01: Copy Over 'C:/rock/bannister/Bannister/obj/x64/Debug/net8.0-android/lp/162/jl/flat/anim_nav_default_exit_anim.xml.flat' -> 'goodrive://www.googleapis.com/:personal:/bannister/bannister/obj/x64/Debug/net8.0-android/lp/162/jl/flat/anim_nav_default_exit_anim.xml.flat' (728)
2026-10-03 06:15:01: Copy Over 'C:/rock/bannister/Bannister/obj/x64/Debug/net8.0-android/lp/162/jl/flat/anim_nav_default_pop_enter_anim.xml.flat' -> 'goodrive://www.googleapis.com/:personal:/bannister/bannister/obj/x64/Debug/net8.0-android/lp/162/jl/flat/anim_nav_default_pop_enter_anim.xml.flat' (740)
2026-10-03 06:15:03: Copy Over 'C:/rock/bannister/Bannister/obj/x64/Debug/net8.0-android/lp/162/jl/flat/anim_nav_default_pop_exit_anim.xml.flat' -> 'goodrive://www.googleapis.com/:personal:/bannister/bannister/obj/x64/Debug/net8.0-android/lp/162/jl/flat/anim_nav_default_pop_exit_anim.xml.flat' (736)
2026-10-03 06:15:04: Copy Over 'C:/rock/bannister/Bannister/obj/x64/Debug/net8.0-android/lp/162/jl/flat/drawable_maui_splash.xml.flat' -> 'goodrive://www.googleapis.com/:personal:/bannister/bannister/obj/x64/Debug/net8.0-android/lp/162/jl/flat/drawable_maui_splash.xml.flat' (568)
2026-10-03 06:15:05: Copy Over 'C:/rock/bannister/Bannister/obj/x64/Debug/net8.0-android/lp/162/jl/flat/drawable_maui_splash_image.xml.flat' -> 'goodrive://www.googleapis.com/:personal:/bannister/bannister/obj/x64/Debug/net8.0-android/lp/162/jl/flat/drawable_maui_splash_image.xml.flat' (192)
2026-10-03 06:15:06: Copy Over 'C:/rock/bannister/Bannister/obj/x64/Debug/net8.0-android/lp/162/jl/flat/layout_drawer_layout.xml.flat' -> 'goodrive://www.googleapis.com/:personal:/bannister/bannister/obj/x64/Debug/net8.0-android/lp/162/jl/flat/layout_drawer_layout.xml.flat' (472)
2026-10-03 06:15:08: Copy Over 'C:/rock/bannister/Bannister/obj/x64/Debug/net8.0-android/lp/162/jl/flat/layout_fragment_backstack.xml.flat' -> 'goodrive://www.googleapis.com/:personal:/bannister/bannister/obj/x64/Debug/net8.0-android/lp/162/jl/flat/layout_fragment_backstack.xml.flat' (828)
2026-10-03 06:15:09: Copy Over 'C:/rock/bannister/Bannister/obj/x64/Debug/net8.0-android/lp/162/jl/flat/layout_navigationlayout.xml.flat' -> 'goodrive://www.googleapis.com/:personal:/bannister/bannister/obj/x64/Debug/net8.0-android/lp/162/jl/flat/layout_navigationlayout.xml.flat' (2,236)
2026-10-03 06:15:09: Copy Over 'C:/rock/bannister/Bannister/obj/x64/Debug/net8.0-android/lp/162/jl/flat/values_attr.arsc.flat' -> 'goodrive://www.googleapis.com/:personal:/bannister/bannister/obj/x64/Debug/net8.0-android/lp/162/jl/flat/values_attr.arsc.flat' (1,044)
2026-10-03 06:15:12: Copy Over 'C:/rock/bannister/Bannister/obj/x64/Debug/net8.0-android/lp/162/jl/flat/values_colors.arsc.flat' -> 'goodrive://www.googleapis.com/:personal:/bannister/bannister/obj/x64/Debug/net8.0-android/lp/162/jl/flat/values_colors.arsc.flat' (488)
2026-10-03 06:15:12: Copy Over 'C:/rock/bannister/Bannister/obj/x64/Debug/net8.0-android/lp/162/jl/flat/values_styles.arsc.flat' -> 'goodrive://www.googleapis.com/:personal:/bannister/bannister/obj/x64/Debug/net8.0-android/lp/162/jl/flat/values_styles.arsc.flat' (4,336)
2026-10-03 06:15:12: Copy Over 'C:/rock/bannister/Bannister/obj/x64/Debug/net8.0-android/lp/163/jl/flat/xml_microsoft_maui_essentials_fileprovider_file_paths.xml.flat' -> 'goodrive://www.googleapis.com/:personal:/bannister/bannister/obj/x64/Debug/net8.0-android/lp/163/jl/flat/xml_microsoft_maui_essentials_fileprovider_file_paths.xml.flat' (428)
2026-10-03 06:15:15: Copy Over 'C:/rock/bannister/Bannister/obj/x64/Debug/net8.0-android/lp/97/jl/flat/97.flata' -> 'goodrive://www.googleapis.com/:personal:/bannister/bannister/obj/x64/Debug/net8.0-android/lp/97/jl/flat/97.flata' (256)
2026-10-03 06:15:15: Copy Over 'C:/rock/bannister/Bannister/obj/x64/Debug/net8.0-android/lp/98/jl/flat/98.flata' -> 'goodrive://www.googleapis.com/:personal:/bannister/bannister/obj/x64/Debug/net8.0-android/lp/98/jl/flat/98.flata' (364)
2026-10-03 06:15:16: Copy Over 'C:/rock/bannister/Bannister/obj/x64/Debug/net8.0-android/lp/99/jl/flat/99.flata' -> 'goodrive://www.googleapis.com/:personal:/bannister/bannister/obj/x64/Debug/net8.0-android/lp/99/jl/flat/99.flata' (256)
2026-10-03 06:15:18: Copy Over 'C:/rock/bannister/Bannister/obj/x64/Debug/net8.0-android/stamp/_CompileJava.stamp' -> 'goodrive://www.googleapis.com/:personal:/bannister/bannister/obj/x64/Debug/net8.0-android/stamp/_CompileJava.stamp' (0)
2026-10-03 06:15:18: Copy Over 'C:/rock/bannister/Bannister/obj/x64/Debug/net8.0-android/R.cs.flag' -> 'goodrive://www.googleapis.com/:personal:/bannister/bannister/obj/x64/Debug/net8.0-android/R.cs.flag' (0)
2026-10-03 06:15:19: Copy Over 'C:/rock/bannister/Bannister/obj/x64/Debug/net8.0-android/resizetizer/flat/drawable-hdpi_splash.png.flat' -> 'goodrive://www.googleapis.com/:personal:/bannister/bannister/obj/x64/Debug/net8.0-android/resizetizer/flat/drawable-hdpi_splash.png.flat' (1,592)
2026-10-03 06:15:22: Copy Over 'C:/rock/bannister/Bannister/obj/x64/Debug/net8.0-android/resizetizer/flat/drawable-v31_maui_splash_image.xml.flat' -> 'goodrive://www.googleapis.com/:personal:/bannister/bannister/obj/x64/Debug/net8.0-android/resizetizer/flat/drawable-v31_maui_splash_image.xml.flat' (676)
2026-10-03 06:15:22: Copy Over 'C:/rock/bannister/Bannister/obj/x64/Debug/net8.0-android/resizetizer/flat/drawable-mdpi_splash.png.flat' -> 'goodrive://www.googleapis.com/:personal:/bannister/bannister/obj/x64/Debug/net8.0-android/resizetizer/flat/drawable-mdpi_splash.png.flat' (1,008)
2026-10-03 06:15:23: Copy Over 'C:/rock/bannister/Bannister/obj/x64/Debug/net8.0-android/resizetizer/flat/drawable-xhdpi_splash.png.flat' -> 'goodrive://www.googleapis.com/:personal:/bannister/bannister/obj/x64/Debug/net8.0-android/resizetizer/flat/drawable-xhdpi_splash.png.flat' (1,568)
2026-10-03 06:15:23: > Copy Over 'C:/rock/bannister/Bannister/obj/x64/Debug/net8.0-android/resizetizer/flat/drawable_diet_dragon_default.png.flat' -> 'goodrive://www.googleapis.com/:personal:/bannister/bannister/obj/x64/Debug/net8.0-android/resizetizer/flat/drawable_diet_dragon_default.png.flat' (2,489,496)
2026-10-03 06:15:25: Copy Over 'C:/rock/bannister/Bannister/obj/x64/Debug/net8.0-android/resizetizer/flat/drawable-xxxhdpi_splash.png.flat' -> 'goodrive://www.googleapis.com/:personal:/bannister/bannister/obj/x64/Debug/net8.0-android/resizetizer/flat/drawable-xxxhdpi_splash.png.flat' (2,692)
2026-10-03 06:15:25: > Copy Over 'C:/rock/bannister/Bannister/obj/x64/Debug/net8.0-android/resizetizer/flat/drawable_dragon_1.png.flat' -> 'goodrive://www.googleapis.com/:personal:/bannister/bannister/obj/x64/Debug/net8.0-android/resizetizer/flat/drawable_dragon_1.png.flat' (1,880,152)
2026-10-03 06:15:25: Copy Over 'C:/rock/bannister/Bannister/obj/x64/Debug/net8.0-android/resizetizer/flat/drawable-xxhdpi_splash.png.flat' -> 'goodrive://www.googleapis.com/:personal:/bannister/bannister/obj/x64/Debug/net8.0-android/resizetizer/flat/drawable-xxhdpi_splash.png.flat' (2,556)
2026-10-03 06:15:27: < Copy Over 'C:/rock/bannister/Bannister/obj/x64/Debug/net8.0-android/resizetizer/flat/drawable_diet_dragon_default.png.flat' -> 'goodrive://www.googleapis.com/:personal:/bannister/bannister/obj/x64/Debug/net8.0-android/resizetizer/flat/drawable_diet_dragon_default.png.flat' (2,489,496)
2026-10-03 06:15:29: < Copy Over 'C:/rock/bannister/Bannister/obj/x64/Debug/net8.0-android/resizetizer/flat/drawable_dragon_1.png.flat' -> 'goodrive://www.googleapis.com/:personal:/bannister/bannister/obj/x64/Debug/net8.0-android/resizetizer/flat/drawable_dragon_1.png.flat' (1,880,152)
2026-10-03 06:15:29: > Copy Over 'C:/rock/bannister/Bannister/obj/x64/Debug/net8.0-android/resizetizer/flat/drawable_dragon_12.png.flat' -> 'goodrive://www.googleapis.com/:personal:/bannister/bannister/obj/x64/Debug/net8.0-android/resizetizer/flat/drawable_dragon_12.png.flat' (2,530,220)
2026-10-03 06:15:30: Copy Over 'C:/rock/bannister/Bannister/obj/x64/Debug/net8.0-android/resizetizer/flat/drawable_dragon_10.jpg.flat' -> 'goodrive://www.googleapis.com/:personal:/bannister/bannister/obj/x64/Debug/net8.0-android/resizetizer/flat/drawable_dragon_10.jpg.flat' (237,428)
2026-10-03 06:15:30: Copy Over 'C:/rock/bannister/Bannister/obj/x64/Debug/net8.0-android/resizetizer/flat/drawable_dragon_11.jpg.flat' -> 'goodrive://www.googleapis.com/:personal:/bannister/bannister/obj/x64/Debug/net8.0-android/resizetizer/flat/drawable_dragon_11.jpg.flat' (198,316)
2026-10-03 06:15:33: < Copy Over 'C:/rock/bannister/Bannister/obj/x64/Debug/net8.0-android/resizetizer/flat/drawable_dragon_12.png.flat' -> 'goodrive://www.googleapis.com/:personal:/bannister/bannister/obj/x64/Debug/net8.0-android/resizetizer/flat/drawable_dragon_12.png.flat' (2,530,220)
2026-10-03 06:15:33: Copy Over 'C:/rock/bannister/Bannister/obj/x64/Debug/net8.0-android/resizetizer/flat/drawable_dragon_13.jpg.flat' -> 'goodrive://www.googleapis.com/:personal:/bannister/bannister/obj/x64/Debug/net8.0-android/resizetizer/flat/drawable_dragon_13.jpg.flat' (198,068)
2026-10-03 06:15:33: > Copy Over 'C:/rock/bannister/Bannister/obj/x64/Debug/net8.0-android/resizetizer/flat/drawable_dragon_16.png.flat' -> 'goodrive://www.googleapis.com/:personal:/bannister/bannister/obj/x64/Debug/net8.0-android/resizetizer/flat/drawable_dragon_16.png.flat' (2,775,824)
2026-10-03 06:15:34: Copy Over 'C:/rock/bannister/Bannister/obj/x64/Debug/net8.0-android/resizetizer/flat/drawable_dragon_14.jpg.flat' -> 'goodrive://www.googleapis.com/:personal:/bannister/bannister/obj/x64/Debug/net8.0-android/resizetizer/flat/drawable_dragon_14.jpg.flat' (246,652)
2026-10-03 06:15:34: > Copy Over 'C:/rock/bannister/Bannister/obj/x64/Debug/net8.0-android/resizetizer/flat/drawable_dragon_2.png.flat' -> 'goodrive://www.googleapis.com/:personal:/bannister/bannister/obj/x64/Debug/net8.0-android/resizetizer/flat/drawable_dragon_2.png.flat' (2,136,584)
2026-10-03 06:15:36: Copy Over 'C:/rock/bannister/Bannister/obj/x64/Debug/net8.0-android/resizetizer/flat/drawable_dragon_15.jpg.flat' -> 'goodrive://www.googleapis.com/:personal:/bannister/bannister/obj/x64/Debug/net8.0-android/resizetizer/flat/drawable_dragon_15.jpg.flat' (183,060)
2026-10-03 06:15:36: > Copy Over 'C:/rock/bannister/Bannister/obj/x64/Debug/net8.0-android/resizetizer/flat/drawable_dragon_3.png.flat' -> 'goodrive://www.googleapis.com/:personal:/bannister/bannister/obj/x64/Debug/net8.0-android/resizetizer/flat/drawable_dragon_3.png.flat' (2,059,100)
2026-10-03 06:15:37: < Copy Over 'C:/rock/bannister/Bannister/obj/x64/Debug/net8.0-android/resizetizer/flat/drawable_dragon_2.png.flat' -> 'goodrive://www.googleapis.com/:personal:/bannister/bannister/obj/x64/Debug/net8.0-android/resizetizer/flat/drawable_dragon_2.png.flat' (2,136,584)
2026-10-03 06:15:37: > Copy Over 'C:/rock/bannister/Bannister/obj/x64/Debug/net8.0-android/resizetizer/flat/drawable_dragon_4.png.flat' -> 'goodrive://www.googleapis.com/:personal:/bannister/bannister/obj/x64/Debug/net8.0-android/resizetizer/flat/drawable_dragon_4.png.flat' (1,772,876)
2026-10-03 06:15:37: < Copy Over 'C:/rock/bannister/Bannister/obj/x64/Debug/net8.0-android/resizetizer/flat/drawable_dragon_16.png.flat' -> 'goodrive://www.googleapis.com/:personal:/bannister/bannister/obj/x64/Debug/net8.0-android/resizetizer/flat/drawable_dragon_16.png.flat' (2,775,824)
2026-10-03 06:15:37: > Copy Over 'C:/rock/bannister/Bannister/obj/x64/Debug/net8.0-android/resizetizer/flat/drawable_dragon_5.png.flat' -> 'goodrive://www.googleapis.com/:personal:/bannister/bannister/obj/x64/Debug/net8.0-android/resizetizer/flat/drawable_dragon_5.png.flat' (1,837,536)
2026-10-03 06:15:40: < Copy Over 'C:/rock/bannister/Bannister/obj/x64/Debug/net8.0-android/resizetizer/flat/drawable_dragon_3.png.flat' -> 'goodrive://www.googleapis.com/:personal:/bannister/bannister/obj/x64/Debug/net8.0-android/resizetizer/flat/drawable_dragon_3.png.flat' (2,059,100)
2026-10-03 06:15:40: > Copy Over 'C:/rock/bannister/Bannister/obj/x64/Debug/net8.0-android/resizetizer/flat/drawable_dragon_6.png.flat' -> 'goodrive://www.googleapis.com/:personal:/bannister/bannister/obj/x64/Debug/net8.0-android/resizetizer/flat/drawable_dragon_6.png.flat' (1,817,364)
2026-10-03 06:15:41: < Copy Over 'C:/rock/bannister/Bannister/obj/x64/Debug/net8.0-android/resizetizer/flat/drawable_dragon_4.png.flat' -> 'goodrive://www.googleapis.com/:personal:/bannister/bannister/obj/x64/Debug/net8.0-android/resizetizer/flat/drawable_dragon_4.png.flat' (1,772,876)
2026-10-03 06:15:41: > Copy Over 'C:/rock/bannister/Bannister/obj/x64/Debug/net8.0-android/resizetizer/flat/drawable_dragon_7.png.flat' -> 'goodrive://www.googleapis.com/:personal:/bannister/bannister/obj/x64/Debug/net8.0-android/resizetizer/flat/drawable_dragon_7.png.flat' (1,579,764)
2026-10-03 06:15:41: < Copy Over 'C:/rock/bannister/Bannister/obj/x64/Debug/net8.0-android/resizetizer/flat/drawable_dragon_5.png.flat' -> 'goodrive://www.googleapis.com/:personal:/bannister/bannister/obj/x64/Debug/net8.0-android/resizetizer/flat/drawable_dragon_5.png.flat' (1,837,536)
2026-10-03 06:15:41: > Copy Over 'C:/rock/bannister/Bannister/obj/x64/Debug/net8.0-android/resizetizer/flat/drawable_dragon_8.png.flat' -> 'goodrive://www.googleapis.com/:personal:/bannister/bannister/obj/x64/Debug/net8.0-android/resizetizer/flat/drawable_dragon_8.png.flat' (1,832,208)
2026-10-03 06:15:43: < Copy Over 'C:/rock/bannister/Bannister/obj/x64/Debug/net8.0-android/resizetizer/flat/drawable_dragon_6.png.flat' -> 'goodrive://www.googleapis.com/:personal:/bannister/bannister/obj/x64/Debug/net8.0-android/resizetizer/flat/drawable_dragon_6.png.flat' (1,817,364)
2026-10-03 06:15:45: < Copy Over 'C:/rock/bannister/Bannister/obj/x64/Debug/net8.0-android/resizetizer/flat/drawable_dragon_7.png.flat' -> 'goodrive://www.googleapis.com/:personal:/bannister/bannister/obj/x64/Debug/net8.0-android/resizetizer/flat/drawable_dragon_7.png.flat' (1,579,764)
2026-10-03 06:15:45: > Copy Over 'C:/rock/bannister/Bannister/obj/x64/Debug/net8.0-android/resizetizer/flat/drawable_dragon_slayer_1.png.flat' -> 'goodrive://www.googleapis.com/:personal:/bannister/bannister/obj/x64/Debug/net8.0-android/resizetizer/flat/drawable_dragon_slayer_1.png.flat' (1,562,628)
2026-10-03 06:15:45: < Copy Over 'C:/rock/bannister/Bannister/obj/x64/Debug/net8.0-android/resizetizer/flat/drawable_dragon_8.png.flat' -> 'goodrive://www.googleapis.com/:personal:/bannister/bannister/obj/x64/Debug/net8.0-android/resizetizer/flat/drawable_dragon_8.png.flat' (1,832,208)
2026-10-03 06:15:47: Copy Over 'C:/rock/bannister/Bannister/obj/x64/Debug/net8.0-android/resizetizer/flat/drawable_dragon_9.jpg.flat' -> 'goodrive://www.googleapis.com/:personal:/bannister/bannister/obj/x64/Debug/net8.0-android/resizetizer/flat/drawable_dragon_9.jpg.flat' (149,620)
2026-10-03 06:15:48: Copy Over 'C:/rock/bannister/Bannister/obj/x64/Debug/net8.0-android/resizetizer/flat/drawable_maui_splash_image.xml.flat' -> 'goodrive://www.googleapis.com/:personal:/bannister/bannister/obj/x64/Debug/net8.0-android/resizetizer/flat/drawable_maui_splash_image.xml.flat' (484)
2026-10-03 06:15:48: < Copy Over 'C:/rock/bannister/Bannister/obj/x64/Debug/net8.0-android/resizetizer/flat/drawable_dragon_slayer_1.png.flat' -> 'goodrive://www.googleapis.com/:personal:/bannister/bannister/obj/x64/Debug/net8.0-android/resizetizer/flat/drawable_dragon_slayer_1.png.flat' (1,562,628)
2026-10-03 06:15:51: Copy Over 'C:/rock/bannister/Bannister/obj/x64/Debug/net8.0-android/resizetizer/flat/drawable_scold_default.png.flat' -> 'goodrive://www.googleapis.com/:personal:/bannister/bannister/obj/x64/Debug/net8.0-android/resizetizer/flat/drawable_scold_default.png.flat' (946,356)
2026-10-03 06:15:51: Copy Over 'C:/rock/bannister/Bannister/obj/x64/Debug/net8.0-android/resizetizer/flat/mipmap-anydpi-v26_appicon.xml.flat' -> 'goodrive://www.googleapis.com/:personal:/bannister/bannister/obj/x64/Debug/net8.0-android/resizetizer/flat/mipmap-anydpi-v26_appicon.xml.flat' (572)
2026-10-03 06:15:53: Copy Over 'C:/rock/bannister/Bannister/obj/x64/Debug/net8.0-android/resizetizer/flat/mipmap-anydpi-v26_appicon_round.xml.flat' -> 'goodrive://www.googleapis.com/:personal:/bannister/bannister/obj/x64/Debug/net8.0-android/resizetizer/flat/mipmap-anydpi-v26_appicon_round.xml.flat' (584)
2026-10-03 06:15:54: Copy Over 'C:/rock/bannister/Bannister/obj/x64/Debug/net8.0-android/resizetizer/flat/mipmap-hdpi_appicon_background.png.flat' -> 'goodrive://www.googleapis.com/:personal:/bannister/bannister/obj/x64/Debug/net8.0-android/resizetizer/flat/mipmap-hdpi_appicon_background.png.flat' (304)
2026-10-03 06:15:55: Copy Over 'C:/rock/bannister/Bannister/obj/x64/Debug/net8.0-android/resizetizer/flat/mipmap-hdpi_appicon.png.flat' -> 'goodrive://www.googleapis.com/:personal:/bannister/bannister/obj/x64/Debug/net8.0-android/resizetizer/flat/mipmap-hdpi_appicon.png.flat' (1,112)
2026-10-03 06:15:57: Copy Over 'C:/rock/bannister/Bannister/obj/x64/Debug/net8.0-android/resizetizer/flat/mipmap-hdpi_appicon_foreground.png.flat' -> 'goodrive://www.googleapis.com/:personal:/bannister/bannister/obj/x64/Debug/net8.0-android/resizetizer/flat/mipmap-hdpi_appicon_foreground.png.flat' (1,568)
2026-10-03 06:15:57: Copy Over 'C:/rock/bannister/Bannister/obj/x64/Debug/net8.0-android/resizetizer/flat/mipmap-hdpi_appicon_round.png.flat' -> 'goodrive://www.googleapis.com/:personal:/bannister/bannister/obj/x64/Debug/net8.0-android/resizetizer/flat/mipmap-hdpi_appicon_round.png.flat' (1,752)
2026-10-03 06:15:58: Copy Over 'C:/rock/bannister/Bannister/obj/x64/Debug/net8.0-android/resizetizer/flat/mipmap-mdpi_appicon.png.flat' -> 'goodrive://www.googleapis.com/:personal:/bannister/bannister/obj/x64/Debug/net8.0-android/resizetizer/flat/mipmap-mdpi_appicon.png.flat' (908)
2026-10-03 06:16:00: Copy Over 'C:/rock/bannister/Bannister/obj/x64/Debug/net8.0-android/resizetizer/flat/mipmap-mdpi_appicon_background.png.flat' -> 'goodrive://www.googleapis.com/:personal:/bannister/bannister/obj/x64/Debug/net8.0-android/resizetizer/flat/mipmap-mdpi_appicon_background.png.flat' (292)
2026-10-03 06:16:00: Copy Over 'C:/rock/bannister/Bannister/obj/x64/Debug/net8.0-android/resizetizer/flat/mipmap-mdpi_appicon_foreground.png.flat' -> 'goodrive://www.googleapis.com/:personal:/bannister/bannister/obj/x64/Debug/net8.0-android/resizetizer/flat/mipmap-mdpi_appicon_foreground.png.flat' (1,452)
2026-10-03 06:16:02: Copy Over 'C:/rock/bannister/Bannister/obj/x64/Debug/net8.0-android/resizetizer/flat/mipmap-mdpi_appicon_round.png.flat' -> 'goodrive://www.googleapis.com/:personal:/bannister/bannister/obj/x64/Debug/net8.0-android/resizetizer/flat/mipmap-mdpi_appicon_round.png.flat' (1,764)
2026-10-03 06:16:03: Copy Over 'C:/rock/bannister/Bannister/obj/x64/Debug/net8.0-android/resizetizer/flat/mipmap-xhdpi_appicon.png.flat' -> 'goodrive://www.googleapis.com/:personal:/bannister/bannister/obj/x64/Debug/net8.0-android/resizetizer/flat/mipmap-xhdpi_appicon.png.flat' (1,032)
2026-10-03 06:16:06: Copy Over 'C:/rock/bannister/Bannister/obj/x64/Debug/net8.0-android/resizetizer/flat/mipmap-xhdpi_appicon_foreground.png.flat' -> 'goodrive://www.googleapis.com/:personal:/bannister/bannister/obj/x64/Debug/net8.0-android/resizetizer/flat/mipmap-xhdpi_appicon_foreground.png.flat' (2,168)
2026-10-03 06:16:06: Copy Over 'C:/rock/bannister/Bannister/obj/x64/Debug/net8.0-android/resizetizer/flat/mipmap-xhdpi_appicon_background.png.flat' -> 'goodrive://www.googleapis.com/:personal:/bannister/bannister/obj/x64/Debug/net8.0-android/resizetizer/flat/mipmap-xhdpi_appicon_background.png.flat' (324)
2026-10-03 06:16:06: Copy Over 'C:/rock/bannister/Bannister/obj/x64/Debug/net8.0-android/resizetizer/flat/mipmap-xhdpi_appicon_round.png.flat' -> 'goodrive://www.googleapis.com/:personal:/bannister/bannister/obj/x64/Debug/net8.0-android/resizetizer/flat/mipmap-xhdpi_appicon_round.png.flat' (2,252)
2026-10-03 06:16:09: Copy Over 'C:/rock/bannister/Bannister/obj/x64/Debug/net8.0-android/resizetizer/flat/mipmap-xxhdpi_appicon.png.flat' -> 'goodrive://www.googleapis.com/:personal:/bannister/bannister/obj/x64/Debug/net8.0-android/resizetizer/flat/mipmap-xxhdpi_appicon.png.flat' (1,232)
2026-10-03 06:16:09: Copy Over 'C:/rock/bannister/Bannister/obj/x64/Debug/net8.0-android/resizetizer/flat/mipmap-xxhdpi_appicon_background.png.flat' -> 'goodrive://www.googleapis.com/:personal:/bannister/bannister/obj/x64/Debug/net8.0-android/resizetizer/flat/mipmap-xxhdpi_appicon_background.png.flat' (384)
2026-10-03 06:16:10: Copy Over 'C:/rock/bannister/Bannister/obj/x64/Debug/net8.0-android/resizetizer/flat/mipmap-xxhdpi_appicon_foreground.png.flat' -> 'goodrive://www.googleapis.com/:personal:/bannister/bannister/obj/x64/Debug/net8.0-android/resizetizer/flat/mipmap-xxhdpi_appicon_foreground.png.flat' (2,412)
2026-10-03 06:16:12: Copy Over 'C:/rock/bannister/Bannister/obj/x64/Debug/net8.0-android/resizetizer/flat/mipmap-xxhdpi_appicon_round.png.flat' -> 'goodrive://www.googleapis.com/:personal:/bannister/bannister/obj/x64/Debug/net8.0-android/resizetizer/flat/mipmap-xxhdpi_appicon_round.png.flat' (4,392)
2026-10-03 06:16:12: Copy Over 'C:/rock/bannister/Bannister/obj/x64/Debug/net8.0-android/resizetizer/flat/mipmap-xxxhdpi_appicon.png.flat' -> 'goodrive://www.googleapis.com/:personal:/bannister/bannister/obj/x64/Debug/net8.0-android/resizetizer/flat/mipmap-xxxhdpi_appicon.png.flat' (1,592)
2026-10-03 06:16:13: Copy Over 'C:/rock/bannister/Bannister/obj/x64/Debug/net8.0-android/resizetizer/flat/mipmap-xxxhdpi_appicon_background.png.flat' -> 'goodrive://www.googleapis.com/:personal:/bannister/bannister/obj/x64/Debug/net8.0-android/resizetizer/flat/mipmap-xxxhdpi_appicon_background.png.flat' (460)
2026-10-03 06:16:15: Copy Over 'C:/rock/bannister/Bannister/obj/x64/Debug/net8.0-android/resizetizer/flat/mipmap-xxxhdpi_appicon_foreground.png.flat' -> 'goodrive://www.googleapis.com/:personal:/bannister/bannister/obj/x64/Debug/net8.0-android/resizetizer/flat/mipmap-xxxhdpi_appicon_foreground.png.flat' (3,504)
2026-10-03 06:16:16: Copy Over 'C:/rock/bannister/Bannister/obj/x64/Debug/net8.0-android/resizetizer/flat/mipmap-xxxhdpi_appicon_round.png.flat' -> 'goodrive://www.googleapis.com/:personal:/bannister/bannister/obj/x64/Debug/net8.0-android/resizetizer/flat/mipmap-xxxhdpi_appicon_round.png.flat' (6,068)
2026-10-03 06:16:18: Copy Over 'C:/rock/bannister/Bannister/obj/x64/Debug/net8.0-android/resizetizer/flat/values_maui_colors.arsc.flat' -> 'goodrive://www.googleapis.com/:personal:/bannister/bannister/obj/x64/Debug/net8.0-android/resizetizer/flat/values_maui_colors.arsc.flat' (280)
2026-10-03 06:16:18: Copy Over 'C:/rock/bannister/Bannister/obj/x64/Debug/net8.0-android/stamp/_CompileToDalvik.stamp' -> 'goodrive://www.googleapis.com/:personal:/bannister/bannister/obj/x64/Debug/net8.0-android/stamp/_CompileToDalvik.stamp' (0)
2026-10-03 06:16:19: Copy Over 'C:/rock/bannister/Bannister/obj/x64/Debug/net8.0-android/stamp/_ConvertCustomView.stamp' -> 'goodrive://www.googleapis.com/:personal:/bannister/bannister/obj/x64/Debug/net8.0-android/stamp/_ConvertCustomView.stamp' (0)
2026-10-03 06:16:21: Copy Over 'C:/rock/bannister/Bannister/obj/x64/Debug/net8.0-android/stamp/_ConvertResourcesCases.stamp' -> 'goodrive://www.googleapis.com/:personal:/bannister/bannister/obj/x64/Debug/net8.0-android/stamp/_ConvertResourcesCases.stamp' (0)
2026-10-03 06:16:21: Copy Over 'C:/rock/bannister/Bannister/obj/x64/Debug/net8.0-android/stamp/_GenerateJavaStubs.stamp' -> 'goodrive://www.googleapis.com/:personal:/bannister/bannister/obj/x64/Debug/net8.0-android/stamp/_GenerateJavaStubs.stamp' (0)
2026-10-03 06:16:23: Copy Over 'C:/rock/bannister/Bannister/obj/x64/Debug/net8.0-android/stamp/_GeneratePackageManagerJava.stamp' -> 'goodrive://www.googleapis.com/:personal:/bannister/bannister/obj/x64/Debug/net8.0-android/stamp/_GeneratePackageManagerJava.stamp' (0)
2026-10-03 06:16:24: Copy Over 'C:/rock/bannister/Bannister/obj/x64/Debug/net8.0-android/XamlC.stamp' -> 'goodrive://www.googleapis.com/:personal:/bannister/bannister/obj/x64/Debug/net8.0-android/XamlC.stamp' (0)
2026-10-03 06:16:25: Copy Over 'C:/rock/bannister/Bannister/Services/DatabaseService.cs' -> 'goodrive://www.googleapis.com/:personal:/bannister/bannister/Services/DatabaseService.cs' (39,096)
2026-10-03 06:16:26: Copy Over 'C:/rock/bannister/Bannister/Services/HomeButtonVisibilityService.cs' -> 'goodrive://www.googleapis.com/:personal:/bannister/bannister/Services/HomeButtonVisibilityService.cs' (5,455)
2026-10-03 06:16:27: Copy New 'C:/rock/bannister/Bannister/Services/SyncCounterService.cs' -> 'goodrive://www.googleapis.com/:personal:/bannister/bannister/Services/SyncCounterService.cs' (2,270)
2026-10-03 06:16:28: Copy New 'C:/rock/bannister/Bannister/Views/DailyChampionsPage.cs' -> 'goodrive://www.googleapis.com/:personal:/bannister/bannister/Views/DailyChampionsPage.cs' (11,509)
2026-10-03 06:16:28: Copy Over 'C:/rock/bannister/Bannister/obj/x64/Debug/net8.0-windows10.0.19041.0/apphost.exe' -> 'goodrive://www.googleapis.com/:personal:/bannister/bannister/obj/x64/Debug/net8.0-windows10.0.19041.0/apphost.exe' (153,088)
2026-10-03 06:16:30: Copy Over 'C:/rock/bannister/Bannister/Views/HomePage.cs' -> 'goodrive://www.googleapis.com/:personal:/bannister/bannister/Views/HomePage.cs' (156,583)
2026-10-03 06:16:32: Copy Over 'C:/rock/bannister/Bannister/obj/x64/Debug/net8.0-windows10.0.19041.0/Bannister.AssemblyInfo.cs' -> 'goodrive://www.googleapis.com/:personal:/bannister/bannister/obj/x64/Debug/net8.0-windows10.0.19041.0/Bannister.AssemblyInfo.cs' (1,713)
2026-10-03 06:16:32: Copy Over 'C:/rock/bannister/Bannister/Views/SyncSettingsPage.cs' -> 'goodrive://www.googleapis.com/:personal:/bannister/bannister/Views/SyncSettingsPage.cs' (28,207)
2026-10-03 06:16:34: Copy Over 'C:/rock/bannister/Bannister/obj/x64/Debug/net8.0-windows10.0.19041.0/Bannister.AssemblyInfoInputs.cache' -> 'goodrive://www.googleapis.com/:personal:/bannister/bannister/obj/x64/Debug/net8.0-windows10.0.19041.0/Bannister.AssemblyInfoInputs.cache' (66)
2026-10-03 06:16:35: Copy Over 'C:/rock/bannister/Bannister/obj/x64/Debug/net8.0-windows10.0.19041.0/Bannister.csproj.BuildWithSkipAnalyzers' -> 'goodrive://www.googleapis.com/:personal:/bannister/bannister/obj/x64/Debug/net8.0-windows10.0.19041.0/Bannister.csproj.BuildWithSkipAnalyzers' (0)
2026-10-03 06:16:35: > Copy Over 'C:/rock/bannister/Bannister/obj/x64/Debug/net8.0-windows10.0.19041.0/Bannister.dll' -> 'goodrive://www.googleapis.com/:personal:/bannister/bannister/obj/x64/Debug/net8.0-windows10.0.19041.0/Bannister.dll' (8,600,576)
2026-10-03 06:16:36: Copy Over 'C:/rock/bannister/Bannister/obj/x64/Debug/net8.0-windows10.0.19041.0/Bannister.assets.cache' -> 'goodrive://www.googleapis.com/:personal:/bannister/bannister/obj/x64/Debug/net8.0-windows10.0.19041.0/Bannister.assets.cache' (73,605)
2026-10-03 06:16:36: > Copy Over 'C:/rock/bannister/Bannister/obj/x64/Debug/net8.0-windows10.0.19041.0/Bannister.pdb' -> 'goodrive://www.googleapis.com/:personal:/bannister/bannister/obj/x64/Debug/net8.0-windows10.0.19041.0/Bannister.pdb' (1,815,944)
2026-10-03 06:16:38: Copy Over 'C:/rock/bannister/Bannister/obj/x64/Debug/net8.0-windows10.0.19041.0/Bannister.csproj.CoreCompileInputs.cache' -> 'goodrive://www.googleapis.com/:personal:/bannister/bannister/obj/x64/Debug/net8.0-windows10.0.19041.0/Bannister.csproj.CoreCompileInputs.cache' (66)
2026-10-03 06:16:39: < Copy Over 'C:/rock/bannister/Bannister/obj/x64/Debug/net8.0-windows10.0.19041.0/Bannister.pdb' -> 'goodrive://www.googleapis.com/:personal:/bannister/bannister/obj/x64/Debug/net8.0-windows10.0.19041.0/Bannister.pdb' (1,815,944)
2026-10-03 06:16:40: < Copy Over 'C:/rock/bannister/Bannister/obj/x64/Debug/net8.0-windows10.0.19041.0/Bannister.dll' -> 'goodrive://www.googleapis.com/:personal:/bannister/bannister/obj/x64/Debug/net8.0-windows10.0.19041.0/Bannister.dll' (8,600,576)
2026-10-03 06:16:41: Copy Over 'C:/rock/bannister/Bannister/obj/x64/Debug/net8.0-windows10.0.19041.0/Bannister.sourcelink.json' -> 'goodrive://www.googleapis.com/:personal:/bannister/bannister/obj/x64/Debug/net8.0-windows10.0.19041.0/Bannister.sourcelink.json' (141)
2026-10-03 06:16:42: Copy Over 'C:/rock/bannister/Bannister/obj/x64/Debug/net8.0-windows10.0.19041.0/excluded.layout.resfiles.intermediate' -> 'goodrive://www.googleapis.com/:personal:/bannister/bannister/obj/x64/Debug/net8.0-windows10.0.19041.0/excluded.layout.resfiles.intermediate' (0)
2026-10-03 06:16:43: Copy Over 'C:/rock/bannister/Bannister/obj/x64/Debug/net8.0-windows10.0.19041.0/embed/embed.resfiles.intermediate' -> 'goodrive://www.googleapis.com/:personal:/bannister/bannister/obj/x64/Debug/net8.0-windows10.0.19041.0/embed/embed.resfiles.intermediate' (27)
2026-10-03 06:16:45: Copy Over 'C:/rock/bannister/Bannister/obj/x64/Debug/net8.0-windows10.0.19041.0/filtered.layout.resfiles.intermediate' -> 'goodrive://www.googleapis.com/:personal:/bannister/bannister/obj/x64/Debug/net8.0-windows10.0.19041.0/filtered.layout.resfiles.intermediate' (2,329)
2026-10-03 06:16:45: > Copy Over 'C:/rock/bannister/Bannister/obj/x64/Debug/net8.0-windows10.0.19041.0/intermediatexaml/Bannister.dll' -> 'goodrive://www.googleapis.com/:personal:/bannister/bannister/obj/x64/Debug/net8.0-windows10.0.19041.0/intermediatexaml/Bannister.dll' (8,458,240)
2026-10-03 06:16:46: Copy Over 'C:/rock/bannister/Bannister/obj/x64/Debug/net8.0-windows10.0.19041.0/input.json' -> 'goodrive://www.googleapis.com/:personal:/bannister/bannister/obj/x64/Debug/net8.0-windows10.0.19041.0/input.json' (104,202)
2026-10-03 06:16:46: > Copy Over 'C:/rock/bannister/Bannister/obj/x64/Debug/net8.0-windows10.0.19041.0/intermediatexaml/Bannister.pdb' -> 'goodrive://www.googleapis.com/:personal:/bannister/bannister/obj/x64/Debug/net8.0-windows10.0.19041.0/intermediatexaml/Bannister.pdb' (1,786,040)
2026-10-03 06:16:46: Copy Over 'C:/rock/bannister/Bannister/obj/x64/Debug/net8.0-windows10.0.19041.0/output.json' -> 'goodrive://www.googleapis.com/:personal:/bannister/bannister/obj/x64/Debug/net8.0-windows10.0.19041.0/output.json' (8,845)
2026-10-03 06:16:49: < Copy Over 'C:/rock/bannister/Bannister/obj/x64/Debug/net8.0-windows10.0.19041.0/intermediatexaml/Bannister.pdb' -> 'goodrive://www.googleapis.com/:personal:/bannister/bannister/obj/x64/Debug/net8.0-windows10.0.19041.0/intermediatexaml/Bannister.pdb' (1,786,040)
2026-10-03 06:16:49: < Copy Over 'C:/rock/bannister/Bannister/obj/x64/Debug/net8.0-windows10.0.19041.0/intermediatexaml/Bannister.dll' -> 'goodrive://www.googleapis.com/:personal:/bannister/bannister/obj/x64/Debug/net8.0-windows10.0.19041.0/intermediatexaml/Bannister.dll' (8,458,240)
2026-10-03 06:16:50: Copy Over 'C:/rock/bannister/Bannister/obj/x64/Debug/net8.0-windows10.0.19041.0/pri.resfiles.intermediate' -> 'goodrive://www.googleapis.com/:personal:/bannister/bannister/obj/x64/Debug/net8.0-windows10.0.19041.0/pri.resfiles.intermediate' (386)
2026-10-03 06:16:53: Copy Over 'C:/rock/bannister/Bannister/obj/x64/Debug/net8.0-windows10.0.19041.0/Platforms/Windows/App.xaml' -> 'goodrive://www.googleapis.com/:personal:/bannister/bannister/obj/x64/Debug/net8.0-windows10.0.19041.0/Platforms/Windows/App.xaml' (304)
2026-10-03 06:16:53: > Copy Over 'C:/rock/bannister/Bannister/obj/x64/Debug/net8.0-windows10.0.19041.0/ref/Bannister.dll' -> 'goodrive://www.googleapis.com/:personal:/bannister/bannister/obj/x64/Debug/net8.0-windows10.0.19041.0/ref/Bannister.dll' (1,804,288)
2026-10-03 06:16:53: Copy Over 'C:/rock/bannister/Bannister/obj/x64/Debug/net8.0-windows10.0.19041.0/priconfig.xml.intermediate' -> 'goodrive://www.googleapis.com/:personal:/bannister/bannister/obj/x64/Debug/net8.0-windows10.0.19041.0/priconfig.xml.intermediate' (3,154)
2026-10-03 06:16:53: > Copy Over 'C:/rock/bannister/Bannister/obj/x64/Debug/net8.0-windows10.0.19041.0/refint/Bannister.dll' -> 'goodrive://www.googleapis.com/:personal:/bannister/bannister/obj/x64/Debug/net8.0-windows10.0.19041.0/refint/Bannister.dll' (1,804,288)
2026-10-03 06:16:53: Copy Over 'C:/rock/bannister/Bannister/obj/x64/Debug/net8.0-windows10.0.19041.0/qualifiers.txt.intermediate' -> 'goodrive://www.googleapis.com/:personal:/bannister/bannister/obj/x64/Debug/net8.0-windows10.0.19041.0/qualifiers.txt.intermediate' (184)
2026-10-03 06:16:56: < Copy Over 'C:/rock/bannister/Bannister/obj/x64/Debug/net8.0-windows10.0.19041.0/refint/Bannister.dll' -> 'goodrive://www.googleapis.com/:personal:/bannister/bannister/obj/x64/Debug/net8.0-windows10.0.19041.0/refint/Bannister.dll' (1,804,288)
2026-10-03 06:16:57: Copy Over 'C:/rock/bannister/Bannister/obj/x64/Debug/net8.0-windows10.0.19041.0/resources.resfiles.intermediate' -> 'goodrive://www.googleapis.com/:personal:/bannister/bannister/obj/x64/Debug/net8.0-windows10.0.19041.0/resources.resfiles.intermediate' (0)
2026-10-03 06:16:57: < Copy Over 'C:/rock/bannister/Bannister/obj/x64/Debug/net8.0-windows10.0.19041.0/ref/Bannister.dll' -> 'goodrive://www.googleapis.com/:personal:/bannister/bannister/obj/x64/Debug/net8.0-windows10.0.19041.0/ref/Bannister.dll' (1,804,288)
2026-10-03 06:17:00: Copy Over 'C:/rock/bannister/Bannister/obj/x64/Debug/net8.0-windows10.0.19041.0/unfiltered.layout.resfiles.intermediate' -> 'goodrive://www.googleapis.com/:personal:/bannister/bannister/obj/x64/Debug/net8.0-windows10.0.19041.0/unfiltered.layout.resfiles.intermediate' (2,329)
2026-10-03 06:17:00: Copy Over 'C:/rock/bannister/Bannister/obj/x64/Debug/net8.0-windows10.0.19041.0/XamlC.stamp' -> 'goodrive://www.googleapis.com/:personal:/bannister/bannister/obj/x64/Debug/net8.0-windows10.0.19041.0/XamlC.stamp' (0)
2026-10-03 06:17:00: Copy Over 'C:/rock/bannister/Bannister/obj/x64/Debug/net8.0-windows10.0.19041.0/XamlSaveStateFile.xml' -> 'goodrive://www.googleapis.com/:personal:/bannister/bannister/obj/x64/Debug/net8.0-windows10.0.19041.0/XamlSaveStateFile.xml' (813)
2026-10-03 06:17:00: > Copy Over 'C:/rock/bannister/.vs/Bannister/CopilotIndices/18.8.1106.51376/SemanticSymbols.db' -> 'goodrive://www.googleapis.com/:personal:/bannister/.vs/Bannister/CopilotIndices/18.8.1106.51376/SemanticSymbols.db' (3,825,664)
2026-10-03 06:17:00: > Copy Over 'C:/rock/bannister/.vs/Bannister/CopilotIndices/18.8.1106.51376/SemanticSymbols.db-wal' -> 'goodrive://www.googleapis.com/:personal:/bannister/.vs/Bannister/CopilotIndices/18.8.1106.51376/SemanticSymbols.db-wal' (4,190,072)
2026-10-03 06:17:03: Copy Over 'C:/rock/bannister/.vs/Bannister/DesignTimeBuild/.dtbcache.v2' -> 'goodrive://www.googleapis.com/:personal:/bannister/.vs/Bannister/DesignTimeBuild/.dtbcache.v2' (280,610)
2026-10-03 06:17:04: < Copy Over 'C:/rock/bannister/.vs/Bannister/CopilotIndices/18.8.1106.51376/SemanticSymbols.db' -> 'goodrive://www.googleapis.com/:personal:/bannister/.vs/Bannister/CopilotIndices/18.8.1106.51376/SemanticSymbols.db' (3,825,664)
2026-10-03 06:17:04: C:/rock/bannister/.vs/Bannister/CopilotIndices/18.8.1106.51376/SemanticSymbols.db-wal: Source file has changed between Analyze and Sync from '[file] size=4,190,072 accu-time=2026-10-02 21:36:48 attr=Archive,WArchive cktype=0' to 'size=4,190,072 time=2026-10-02 21:40:30', noted in source file state
2026-10-03 06:17:04: < Copy Over 'C:/rock/bannister/.vs/Bannister/CopilotIndices/18.8.1106.51376/SemanticSymbols.db-wal' -> 'goodrive://www.googleapis.com/:personal:/bannister/.vs/Bannister/CopilotIndices/18.8.1106.51376/SemanticSymbols.db-wal' (4,190,072)
2026-10-03 06:17:04: Delete File goodrive://www.googleapis.com/:personal:/bannister/.vs/Bannister/FileContentIndex/65dd1c39-34a4-49b7-b4a4-9c7fd5d20e8a.vsidx
2026-10-03 06:17:07: Copy Over 'C:/rock/bannister/.vs/Bannister/v18/.suo' -> 'goodrive://www.googleapis.com/:personal:/bannister/.vs/Bannister/v18/.suo' (98,816)
2026-10-03 06:17:07: CopyFileSimple: OpenDownload: ERR: Cannot open file C:/rock/bannister/.vs/Bannister/FileContentIndex/6f536bc6-44d6-4f1a-b037-6e25c0a2fc24.vsidx: cannot open file 'C:/rock/bannister/.vs/Bannister/FileContentIndex/6f536bc6-44d6-4f1a-b037-6e25c0a2fc24.vsidx': The process cannot access the file because it is being used by another process.  (error 32)
2026-10-03 06:17:07: Creating Snapshot of Volume 'C:' because this file is locked: C:/rock/bannister/.vs/Bannister/FileContentIndex/6f536bc6-44d6-4f1a-b037-6e25c0a2fc24.vsidx
2026-10-03 06:17:07: Connecting to Elevated Local GoodSync Server to complete operation
2026-10-03 06:17:07: LOCAL C:(127.0.0.1) -> S:127.0.0.1:33333
2026-10-03 06:17:07: Copy Over 'C:/rock/bannister/.vs/Bannister/v18/DocumentLayout.json' -> 'goodrive://www.googleapis.com/:personal:/bannister/.vs/Bannister/v18/DocumentLayout.json' (19,478)
2026-10-03 06:17:07: Copy Over 'C:/rock/bannister/.vs/Bannister/v18/DocumentLayout.backup.json' -> 'goodrive://www.googleapis.com/:personal:/bannister/.vs/Bannister/v18/DocumentLayout.backup.json' (19,478)
2026-10-03 06:17:08: Delete File goodrive://www.googleapis.com/:personal:/bannister/.vs/Bannister/FileContentIndex/731c5a53-6e6f-4c2d-975d-a0a50efef181.vsidx
2026-10-03 06:17:08: CopyFileSimple: OpenDownload: ERR: Cannot open file C:/rock/bannister/.vs/Bannister/FileContentIndex/a370884a-4578-43c8-a199-ac5870486d6d.vsidx: cannot open file 'C:/rock/bannister/.vs/Bannister/FileContentIndex/a370884a-4578-43c8-a199-ac5870486d6d.vsidx': The process cannot access the file because it is being used by another process.  (error 32)
2026-10-03 06:17:08: Delete File goodrive://www.googleapis.com/:personal:/bannister/.vs/Bannister/FileContentIndex/97b302dc-3cae-4b06-8443-1683aad7e3e4.vsidx
2026-10-03 06:17:08: CopyFileSimple: OpenDownload: ERR: Cannot open file C:/rock/bannister/.vs/Bannister/FileContentIndex/ca7c304d-29b4-4312-b1e1-7684c4f76b4a.vsidx: cannot open file 'C:/rock/bannister/.vs/Bannister/FileContentIndex/ca7c304d-29b4-4312-b1e1-7684c4f76b4a.vsidx': The process cannot access the file because it is being used by another process.  (error 32)
2026-10-03 06:17:10: Created Snapshot of Volume 'C:' at '/GLOBALROOT/Device/HarddiskVolumeShadowCopy40', Elevated
2026-10-03 06:17:10: Open File Snap GetShadow: AbsPath=/GLOBALROOT/Device/HarddiskVolumeShadowCopy40/rock/bannister/.vs/Bannister/FileContentIndex/a370884a-4578-43c8-a199-ac5870486d6d.vsidx SnapshotPath=/GLOBALROOT/Device/HarddiskVolumeShadowCopy40 SnapVolume=C:
2026-10-03 06:17:10: Open File Snap GetShadow: AbsPath=/GLOBALROOT/Device/HarddiskVolumeShadowCopy40/rock/bannister/.vs/Bannister/FileContentIndex/6f536bc6-44d6-4f1a-b037-6e25c0a2fc24.vsidx SnapshotPath=/GLOBALROOT/Device/HarddiskVolumeShadowCopy40 SnapVolume=C:
2026-10-03 06:17:10: Open File Snap GetShadow: AbsPath=/GLOBALROOT/Device/HarddiskVolumeShadowCopy40/rock/bannister/.vs/Bannister/FileContentIndex/ca7c304d-29b4-4312-b1e1-7684c4f76b4a.vsidx SnapshotPath=/GLOBALROOT/Device/HarddiskVolumeShadowCopy40 SnapVolume=C:
2026-10-03 06:17:12: Copy New 'C:/rock/bannister/.vs/Bannister/FileContentIndex/a370884a-4578-43c8-a199-ac5870486d6d.vsidx' -> 'goodrive://www.googleapis.com/:personal:/bannister/.vs/Bannister/FileContentIndex/a370884a-4578-43c8-a199-ac5870486d6d.vsidx' (254,298)
2026-10-03 06:17:13: Copy New 'C:/rock/bannister/.vs/Bannister/FileContentIndex/ca7c304d-29b4-4312-b1e1-7684c4f76b4a.vsidx' -> 'goodrive://www.googleapis.com/:personal:/bannister/.vs/Bannister/FileContentIndex/ca7c304d-29b4-4312-b1e1-7684c4f76b4a.vsidx' (724,689)
2026-10-03 06:17:13: Copy New 'C:/rock/bannister/.vs/Bannister/FileContentIndex/6f536bc6-44d6-4f1a-b037-6e25c0a2fc24.vsidx' -> 'goodrive://www.googleapis.com/:personal:/bannister/.vs/Bannister/FileContentIndex/6f536bc6-44d6-4f1a-b037-6e25c0a2fc24.vsidx' (259,792)
2026-10-03 06:17:13: Save State File C:/rock/bannister/_gsdata_/_file_state_v4._gs
2026-10-03 06:17:14: CopyFileSimple: UploadBuf: ERR: [SSL sending [-1] www.googleapis.com:443]: Connection was reset by remote machine
2026-10-03 06:17:14: Waiting for 0 + 0 of 4 sec on CopyFileSimple: UploadBuf: [SSL sending [-1] www.googleapis.com:443]: Connection was reset by remote machine
2026-10-03 06:17:19: Recovered the connection, continuing operations
2026-10-03 06:17:21: Save State File goodrive://www.googleapis.com/:personal:/bannister/_gsdata_/_file_state_v4._gs
2026-10-03 06:17:21: Release Snapshot of Volume C:
2026-10-03 06:17:26: == Sync Complete. Time: 00:42:37, Speed: 321.55 KB/s, OK: 2,195, Errors: 0
