2026-08-23 05:30:30: -- Analysis Started by On Schedule Min=30 Hour=5 
2026-08-23 05:30:30: L: Reading State File C:/rock/bannister/_gsdata_/_file_state_v4._gs
2026-08-23 05:30:33: R: Reading State File goodrive://www.googleapis.com/:personal:/bannister/_gsdata_/_file_state_v4._gs
2026-08-23 05:30:35: Changes: 2,053, Conflicts: 0, CopyTime: 0, FixState: 522, Errors: 0, All: 23210
2026-08-23 05:30:35: Left to Right: Copy File: 2049 Delete File: 4 
2026-08-23 05:30:35: == Sync Started by On Schedule Min=30 Hour=5 
2026-08-23 05:30:35: ConnectCloned connected to file:///C:/rock/bannister
2026-08-23 05:30:35: ConnectCloned connected to file:///C:/rock/bannister
2026-08-23 05:30:35: ConnectCloned connected to file:///C:/rock/bannister
2026-08-23 05:30:35: GsConnectAndSetRoot1 connected to goodrive://www.googleapis.com/:personal:/bannister
2026-08-23 05:30:35: GsConnectAndSetRoot1 connected to goodrive://www.googleapis.com/:personal:/bannister
2026-08-23 05:30:35: GsConnectAndSetRoot1 connected to goodrive://www.googleapis.com/:personal:/bannister
2026-08-23 05:30:40: Copy Over 'C:/rock/bannister/.git/COMMIT_EDITMSG' -> 'goodrive://www.googleapis.com/:personal:/bannister/.git/COMMIT_EDITMSG' (878)
2026-08-23 05:30:40: Copy Over 'C:/rock/bannister/.git/index' -> 'goodrive://www.googleapis.com/:personal:/bannister/.git/index' (43,278)
2026-08-23 05:30:41: Copy Over 'C:/rock/bannister/.git/logs/HEAD' -> 'goodrive://www.googleapis.com/:personal:/bannister/.git/logs/HEAD' (705,960)
2026-08-23 05:30:43: Copy New 'C:/rock/bannister/.git/objects/01/0ed9c67e47587da40f10426431c0fea27cd0cb' -> 'goodrive://www.googleapis.com/:personal:/bannister/.git/objects/01/0ed9c67e47587da40f10426431c0fea27cd0cb' (3,966)
2026-08-23 05:30:44: Copy Over 'C:/rock/bannister/.git/logs/refs/remotes/origin/main' -> 'goodrive://www.googleapis.com/:personal:/bannister/.git/logs/refs/remotes/origin/main' (56,625)
2026-08-23 05:30:46: Copy New 'C:/rock/bannister/.git/objects/06/c48805920a27a677722ad747583fa6dfef27ec' -> 'goodrive://www.googleapis.com/:personal:/bannister/.git/objects/06/c48805920a27a677722ad747583fa6dfef27ec' (3,223)
2026-08-23 05:30:46: Copy Over 'C:/rock/bannister/.git/logs/refs/heads/main' -> 'goodrive://www.googleapis.com/:personal:/bannister/.git/logs/refs/heads/main' (705,960)
2026-08-23 05:30:46: Copy New 'C:/rock/bannister/.git/objects/07/0e4d996cf7fa9654522154192443bc56c41d86' -> 'goodrive://www.googleapis.com/:personal:/bannister/.git/objects/07/0e4d996cf7fa9654522154192443bc56c41d86' (356)
2026-08-23 05:30:48: Copy New 'C:/rock/bannister/.git/objects/08/dca8256d07239ae9f9175935793845562bcb12' -> 'goodrive://www.googleapis.com/:personal:/bannister/.git/objects/08/dca8256d07239ae9f9175935793845562bcb12' (3,963)
2026-08-23 05:30:48: Copy New 'C:/rock/bannister/.git/objects/09/983c29e0036fa006bf591f3c512480fb65395a' -> 'goodrive://www.googleapis.com/:personal:/bannister/.git/objects/09/983c29e0036fa006bf591f3c512480fb65395a' (112)
2026-08-23 05:30:48: Copy New 'C:/rock/bannister/.git/objects/11/130c23955235bd0a4329a50eda6ff78e60cba3' -> 'goodrive://www.googleapis.com/:personal:/bannister/.git/objects/11/130c23955235bd0a4329a50eda6ff78e60cba3' (2,185)
2026-08-23 05:30:50: Copy New 'C:/rock/bannister/.git/objects/11/68a693671334c6064f76aa933787222df6cd80' -> 'goodrive://www.googleapis.com/:personal:/bannister/.git/objects/11/68a693671334c6064f76aa933787222df6cd80' (575)
2026-08-23 05:30:50: Copy New 'C:/rock/bannister/.git/objects/1a/0a99574640f6b883a43663b6ff290096a5df09' -> 'goodrive://www.googleapis.com/:personal:/bannister/.git/objects/1a/0a99574640f6b883a43663b6ff290096a5df09' (430)
2026-08-23 05:30:50: Copy New 'C:/rock/bannister/.git/objects/14/1ba5089674e28f62d22ca875bd18202b69a2fc' -> 'goodrive://www.googleapis.com/:personal:/bannister/.git/objects/14/1ba5089674e28f62d22ca875bd18202b69a2fc' (617)
2026-08-23 05:30:52: Copy New 'C:/rock/bannister/.git/objects/1a/7d4391712cf363e33e3c9d1192245d585dd539' -> 'goodrive://www.googleapis.com/:personal:/bannister/.git/objects/1a/7d4391712cf363e33e3c9d1192245d585dd539' (7,000)
2026-08-23 05:30:52: Copy New 'C:/rock/bannister/.git/objects/20/c443a8a95a68570d1253715578747bcc911186' -> 'goodrive://www.googleapis.com/:personal:/bannister/.git/objects/20/c443a8a95a68570d1253715578747bcc911186' (652)
2026-08-23 05:30:52: Copy New 'C:/rock/bannister/.git/objects/20/8f24b153db7b84996eca1b41337293b62e29a5' -> 'goodrive://www.googleapis.com/:personal:/bannister/.git/objects/20/8f24b153db7b84996eca1b41337293b62e29a5' (356)
2026-08-23 05:30:54: Copy New 'C:/rock/bannister/.git/objects/22/d4dd91d1416792201c977372a4f3ee132f948f' -> 'goodrive://www.googleapis.com/:personal:/bannister/.git/objects/22/d4dd91d1416792201c977372a4f3ee132f948f' (3,965)
2026-08-23 05:30:54: Copy New 'C:/rock/bannister/.git/objects/27/516570f1e794eb3829d0020ba9733f20c4a019' -> 'goodrive://www.googleapis.com/:personal:/bannister/.git/objects/27/516570f1e794eb3829d0020ba9733f20c4a019' (20,444)
2026-08-23 05:30:54: Copy New 'C:/rock/bannister/.git/objects/24/5ba27f840860bae66a6692f5ec0bc4f6e889a1' -> 'goodrive://www.googleapis.com/:personal:/bannister/.git/objects/24/5ba27f840860bae66a6692f5ec0bc4f6e889a1' (1,287)
2026-08-23 05:30:56: Copy New 'C:/rock/bannister/.git/objects/27/c62773c3c9d65c103aeef29a9c592c6b48a212' -> 'goodrive://www.googleapis.com/:personal:/bannister/.git/objects/27/c62773c3c9d65c103aeef29a9c592c6b48a212' (3,935)
2026-08-23 05:30:56: Copy New 'C:/rock/bannister/.git/objects/29/8346c87157bdc1dce93de1b7441b204e2319d3' -> 'goodrive://www.googleapis.com/:personal:/bannister/.git/objects/29/8346c87157bdc1dce93de1b7441b204e2319d3' (3,965)
2026-08-23 05:30:57: Copy New 'C:/rock/bannister/.git/objects/2e/5991dee99e67dcd02c7b6567e2b6e40f913cbb' -> 'goodrive://www.googleapis.com/:personal:/bannister/.git/objects/2e/5991dee99e67dcd02c7b6567e2b6e40f913cbb' (617)
2026-08-23 05:30:58: Copy New 'C:/rock/bannister/.git/objects/2f/5b9392232d94e7aa816f015bc23c07329eab0f' -> 'goodrive://www.googleapis.com/:personal:/bannister/.git/objects/2f/5b9392232d94e7aa816f015bc23c07329eab0f' (3,698)
2026-08-23 05:30:58: Copy New 'C:/rock/bannister/.git/objects/33/aeaef504ccb0be9ccbb4e69b9d856b1a377f38' -> 'goodrive://www.googleapis.com/:personal:/bannister/.git/objects/33/aeaef504ccb0be9ccbb4e69b9d856b1a377f38' (616)
2026-08-23 05:30:59: Copy New 'C:/rock/bannister/.git/objects/34/c12480a3628cf5b928d2e30eb06aa932df2e9c' -> 'goodrive://www.googleapis.com/:personal:/bannister/.git/objects/34/c12480a3628cf5b928d2e30eb06aa932df2e9c' (412)
2026-08-23 05:31:01: Copy New 'C:/rock/bannister/.git/objects/37/189b3b33fa1004461ebca72c4fa2158002993f' -> 'goodrive://www.googleapis.com/:personal:/bannister/.git/objects/37/189b3b33fa1004461ebca72c4fa2158002993f' (3,711)
2026-08-23 05:31:01: Copy New 'C:/rock/bannister/.git/objects/36/0de85ef4ed06da330a6bd86c62be1f786e8e94' -> 'goodrive://www.googleapis.com/:personal:/bannister/.git/objects/36/0de85ef4ed06da330a6bd86c62be1f786e8e94' (3,963)
2026-08-23 05:31:01: Copy New 'C:/rock/bannister/.git/objects/39/548aa79847d6d1f8b13e0e15cf50a652e2e106' -> 'goodrive://www.googleapis.com/:personal:/bannister/.git/objects/39/548aa79847d6d1f8b13e0e15cf50a652e2e106' (356)
2026-08-23 05:31:03: Copy New 'C:/rock/bannister/.git/objects/39/b61c742e7cd9bbe62bc546cfdaa56ed4da7649' -> 'goodrive://www.googleapis.com/:personal:/bannister/.git/objects/39/b61c742e7cd9bbe62bc546cfdaa56ed4da7649' (6,379)
2026-08-23 05:31:03: Copy New 'C:/rock/bannister/.git/objects/39/7a4003e7a8c736ba8427a4c83170322f40a616' -> 'goodrive://www.googleapis.com/:personal:/bannister/.git/objects/39/7a4003e7a8c736ba8427a4c83170322f40a616' (624)
2026-08-23 05:31:03: Copy New 'C:/rock/bannister/.git/objects/39/e70e3caac4d97b50380bb110a79dd4afe5dbdb' -> 'goodrive://www.googleapis.com/:personal:/bannister/.git/objects/39/e70e3caac4d97b50380bb110a79dd4afe5dbdb' (615)
2026-08-23 05:31:05: Copy New 'C:/rock/bannister/.git/objects/3d/6022890fe3c78a78be9526cb615a49ab6bfa9e' -> 'goodrive://www.googleapis.com/:personal:/bannister/.git/objects/3d/6022890fe3c78a78be9526cb615a49ab6bfa9e' (511)
2026-08-23 05:31:05: Copy New 'C:/rock/bannister/.git/objects/3d/c8c8b5a9d600985c8ed4666ede0e854d0cf910' -> 'goodrive://www.googleapis.com/:personal:/bannister/.git/objects/3d/c8c8b5a9d600985c8ed4666ede0e854d0cf910' (617)
2026-08-23 05:31:06: Copy New 'C:/rock/bannister/.git/objects/3f/941871540938f97da22f5fbe29ef0d3a6a50ec' -> 'goodrive://www.googleapis.com/:personal:/bannister/.git/objects/3f/941871540938f97da22f5fbe29ef0d3a6a50ec' (420,997)
2026-08-23 05:31:07: Copy New 'C:/rock/bannister/.git/objects/40/8d1a9a69604b06e19edafea9567854afa2c6ca' -> 'goodrive://www.googleapis.com/:personal:/bannister/.git/objects/40/8d1a9a69604b06e19edafea9567854afa2c6ca' (3,965)
2026-08-23 05:31:07: Copy New 'C:/rock/bannister/.git/objects/41/ff4a739e761f6fb4925cd1f9a76d02e28fab2b' -> 'goodrive://www.googleapis.com/:personal:/bannister/.git/objects/41/ff4a739e761f6fb4925cd1f9a76d02e28fab2b' (356)
2026-08-23 05:31:08: Copy New 'C:/rock/bannister/.git/objects/42/3a053aee6adcd9ac21d2600addf1dae7773576' -> 'goodrive://www.googleapis.com/:personal:/bannister/.git/objects/42/3a053aee6adcd9ac21d2600addf1dae7773576' (2,150)
2026-08-23 05:31:09: Copy New 'C:/rock/bannister/.git/objects/42/c8d97f6454714fe41d326bf9f402f12a7493b2' -> 'goodrive://www.googleapis.com/:personal:/bannister/.git/objects/42/c8d97f6454714fe41d326bf9f402f12a7493b2' (340)
2026-08-23 05:31:09: Copy New 'C:/rock/bannister/.git/objects/44/54a511b4f34eeceea5857066702ee71c4f575a' -> 'goodrive://www.googleapis.com/:personal:/bannister/.git/objects/44/54a511b4f34eeceea5857066702ee71c4f575a' (445)
2026-08-23 05:31:10: Copy New 'C:/rock/bannister/.git/objects/44/f1bf192e70fa03f3bfbf28cae0e74a2cbd940d' -> 'goodrive://www.googleapis.com/:personal:/bannister/.git/objects/44/f1bf192e70fa03f3bfbf28cae0e74a2cbd940d' (617)
2026-08-23 05:31:11: Copy New 'C:/rock/bannister/.git/objects/46/ae24cc1916b44ff6a59f9e7850c3e89e321361' -> 'goodrive://www.googleapis.com/:personal:/bannister/.git/objects/46/ae24cc1916b44ff6a59f9e7850c3e89e321361' (3,962)
2026-08-23 05:31:11: Copy New 'C:/rock/bannister/.git/objects/45/1eed2ccddda130aa2c7b1cb934f3bab63ef9de' -> 'goodrive://www.googleapis.com/:personal:/bannister/.git/objects/45/1eed2ccddda130aa2c7b1cb934f3bab63ef9de' (907)
2026-08-23 05:31:12: Copy New 'C:/rock/bannister/.git/objects/4b/f4c03509e6a61702cc7c2829d07677e6c964e7' -> 'goodrive://www.googleapis.com/:personal:/bannister/.git/objects/4b/f4c03509e6a61702cc7c2829d07677e6c964e7' (356)
2026-08-23 05:31:14: Copy New 'C:/rock/bannister/.git/objects/4d/66be3d7f700ff80f086bae8f0dfd3544dc7f71' -> 'goodrive://www.googleapis.com/:personal:/bannister/.git/objects/4d/66be3d7f700ff80f086bae8f0dfd3544dc7f71' (644)
2026-08-23 05:31:14: Copy New 'C:/rock/bannister/.git/objects/4f/0909a238180efb4ccd4f2391b307eab23516a1' -> 'goodrive://www.googleapis.com/:personal:/bannister/.git/objects/4f/0909a238180efb4ccd4f2391b307eab23516a1' (5,398)
2026-08-23 05:31:14: Copy New 'C:/rock/bannister/.git/objects/54/90e4f9789cca153ba3bf555e2732a0cd1cad90' -> 'goodrive://www.googleapis.com/:personal:/bannister/.git/objects/54/90e4f9789cca153ba3bf555e2732a0cd1cad90' (6,078)
2026-08-23 05:31:16: Copy New 'C:/rock/bannister/.git/objects/56/a326c821a107c3397400e2016951add6065110' -> 'goodrive://www.googleapis.com/:personal:/bannister/.git/objects/56/a326c821a107c3397400e2016951add6065110' (615)
2026-08-23 05:31:16: Copy New 'C:/rock/bannister/.git/objects/57/38342aa822f95477c18aa4be711c0ea6105184' -> 'goodrive://www.googleapis.com/:personal:/bannister/.git/objects/57/38342aa822f95477c18aa4be711c0ea6105184' (19,232)
2026-08-23 05:31:16: Copy New 'C:/rock/bannister/.git/objects/57/5487ef5dc4f0931a47657662f242fdb1adf9a8' -> 'goodrive://www.googleapis.com/:personal:/bannister/.git/objects/57/5487ef5dc4f0931a47657662f242fdb1adf9a8' (62,582)
2026-08-23 05:31:18: Copy New 'C:/rock/bannister/.git/objects/57/dbdc706aeb7ebe1db35d492ca58740c62ddc6c' -> 'goodrive://www.googleapis.com/:personal:/bannister/.git/objects/57/dbdc706aeb7ebe1db35d492ca58740c62ddc6c' (356)
2026-08-23 05:31:18: Copy New 'C:/rock/bannister/.git/objects/58/410b2a2e770af4233d0fb2d0ffecc90d076a50' -> 'goodrive://www.googleapis.com/:personal:/bannister/.git/objects/58/410b2a2e770af4233d0fb2d0ffecc90d076a50' (3,935)
2026-08-23 05:31:19: Copy New 'C:/rock/bannister/.git/objects/5d/c9291cb3fa69e15df87d84285ea45c54e00528' -> 'goodrive://www.googleapis.com/:personal:/bannister/.git/objects/5d/c9291cb3fa69e15df87d84285ea45c54e00528' (2,152)
2026-08-23 05:31:20: Copy New 'C:/rock/bannister/.git/objects/5f/54b64d7f511e9de10e39f2d44a4b440338bdd7' -> 'goodrive://www.googleapis.com/:personal:/bannister/.git/objects/5f/54b64d7f511e9de10e39f2d44a4b440338bdd7' (21,064)
2026-08-23 05:31:20: Copy New 'C:/rock/bannister/.git/objects/5e/8c2d71aed346832890baa6a7431980fbe63187' -> 'goodrive://www.googleapis.com/:personal:/bannister/.git/objects/5e/8c2d71aed346832890baa6a7431980fbe63187' (503)
2026-08-23 05:31:20: Copy New 'C:/rock/bannister/.git/objects/60/605ad17f860087793d93db505b004939bf9eab' -> 'goodrive://www.googleapis.com/:personal:/bannister/.git/objects/60/605ad17f860087793d93db505b004939bf9eab' (442)
2026-08-23 05:31:22: Copy New 'C:/rock/bannister/.git/objects/67/f71a670b37bcfaeacc6a9b8eb82d15cc95b450' -> 'goodrive://www.googleapis.com/:personal:/bannister/.git/objects/67/f71a670b37bcfaeacc6a9b8eb82d15cc95b450' (9,499)
2026-08-23 05:31:22: Copy New 'C:/rock/bannister/.git/objects/65/4410a4bade7204ab2702dd9fd7734c0d9ea2f0' -> 'goodrive://www.googleapis.com/:personal:/bannister/.git/objects/65/4410a4bade7204ab2702dd9fd7734c0d9ea2f0' (390,438)
2026-08-23 05:31:23: Copy New 'C:/rock/bannister/.git/objects/67/28e1b58b2fe3bfb3307399a595f94ade7e1ee5' -> 'goodrive://www.googleapis.com/:personal:/bannister/.git/objects/67/28e1b58b2fe3bfb3307399a595f94ade7e1ee5' (356)
2026-08-23 05:31:25: Copy New 'C:/rock/bannister/.git/objects/73/1281845b7d6cf809b55444c98982ffcdec2b03' -> 'goodrive://www.googleapis.com/:personal:/bannister/.git/objects/73/1281845b7d6cf809b55444c98982ffcdec2b03' (295)
2026-08-23 05:31:25: Copy New 'C:/rock/bannister/.git/objects/77/046a3e75ef3136b97fb98243e3be567992fd6d' -> 'goodrive://www.googleapis.com/:personal:/bannister/.git/objects/77/046a3e75ef3136b97fb98243e3be567992fd6d' (502)
2026-08-23 05:31:25: Copy New 'C:/rock/bannister/.git/objects/75/2cb088e485a8c4c6fddb3dafbb4e794ceba997' -> 'goodrive://www.googleapis.com/:personal:/bannister/.git/objects/75/2cb088e485a8c4c6fddb3dafbb4e794ceba997' (378)
2026-08-23 05:31:27: Copy New 'C:/rock/bannister/.git/objects/77/1814d70d466726587ae0affa3ca190cdf7abab' -> 'goodrive://www.googleapis.com/:personal:/bannister/.git/objects/77/1814d70d466726587ae0affa3ca190cdf7abab' (29,031)
2026-08-23 05:31:27: Copy New 'C:/rock/bannister/.git/objects/7a/1fd6a173eec3429c660241953bdafad80b8ec6' -> 'goodrive://www.googleapis.com/:personal:/bannister/.git/objects/7a/1fd6a173eec3429c660241953bdafad80b8ec6' (616)
2026-08-23 05:31:27: Copy New 'C:/rock/bannister/.git/objects/77/a007876b45d1adffa3859cfb20893658b31fdd' -> 'goodrive://www.googleapis.com/:personal:/bannister/.git/objects/77/a007876b45d1adffa3859cfb20893658b31fdd' (3,964)
2026-08-23 05:31:29: Copy New 'C:/rock/bannister/.git/objects/85/bfaab39158acc91298ccadd5239bfacdfb130c' -> 'goodrive://www.googleapis.com/:personal:/bannister/.git/objects/85/bfaab39158acc91298ccadd5239bfacdfb130c' (3,086)
2026-08-23 05:31:29: Copy New 'C:/rock/bannister/.git/objects/7e/3713476c8cadfd092f5fe3892e90b184bec5b4' -> 'goodrive://www.googleapis.com/:personal:/bannister/.git/objects/7e/3713476c8cadfd092f5fe3892e90b184bec5b4' (928)
2026-08-23 05:31:29: Copy New 'C:/rock/bannister/.git/objects/86/60c811dcc35e6f8b723d5db4982b23ea11be2d' -> 'goodrive://www.googleapis.com/:personal:/bannister/.git/objects/86/60c811dcc35e6f8b723d5db4982b23ea11be2d' (3,960)
2026-08-23 05:31:31: Copy New 'C:/rock/bannister/.git/objects/8f/4bd28b37c26c98d66692a7940fce83979ba5a1' -> 'goodrive://www.googleapis.com/:personal:/bannister/.git/objects/8f/4bd28b37c26c98d66692a7940fce83979ba5a1' (3,937)
2026-08-23 05:31:31: Copy New 'C:/rock/bannister/.git/objects/8a/c41b516f4b5738eed6b3112ac8d6f42690364d' -> 'goodrive://www.googleapis.com/:personal:/bannister/.git/objects/8a/c41b516f4b5738eed6b3112ac8d6f42690364d' (3,966)
2026-08-23 05:31:31: Copy New 'C:/rock/bannister/.git/objects/8e/e68c55ff6a7055415f6efa0703d58ec42e9042' -> 'goodrive://www.googleapis.com/:personal:/bannister/.git/objects/8e/e68c55ff6a7055415f6efa0703d58ec42e9042' (356)
2026-08-23 05:31:33: Copy New 'C:/rock/bannister/.git/objects/97/11959c3a520a5fb96665754d97f39d12a01467' -> 'goodrive://www.googleapis.com/:personal:/bannister/.git/objects/97/11959c3a520a5fb96665754d97f39d12a01467' (414)
2026-08-23 05:31:33: Copy New 'C:/rock/bannister/.git/objects/98/92d0e04355505c42bde3ddb56dd971a2b07882' -> 'goodrive://www.googleapis.com/:personal:/bannister/.git/objects/98/92d0e04355505c42bde3ddb56dd971a2b07882' (355)
2026-08-23 05:31:33: Copy New 'C:/rock/bannister/.git/objects/98/0df26860be6e5a7bb356c158d7a75953535ebb' -> 'goodrive://www.googleapis.com/:personal:/bannister/.git/objects/98/0df26860be6e5a7bb356c158d7a75953535ebb' (441)
2026-08-23 05:31:36: Copy New 'C:/rock/bannister/.git/objects/9d/68a8a1b3d775023249b9b12f991bb51d1d8c75' -> 'goodrive://www.googleapis.com/:personal:/bannister/.git/objects/9d/68a8a1b3d775023249b9b12f991bb51d1d8c75' (598)
2026-08-23 05:31:36: Copy New 'C:/rock/bannister/.git/objects/9c/8e06c947b0a593779d7924832bb222d2268a63' -> 'goodrive://www.googleapis.com/:personal:/bannister/.git/objects/9c/8e06c947b0a593779d7924832bb222d2268a63' (62,687)
2026-08-23 05:31:36: Copy New 'C:/rock/bannister/.git/objects/9c/9dfc3efaabe68acb0aad0160f055d60c1be308' -> 'goodrive://www.googleapis.com/:personal:/bannister/.git/objects/9c/9dfc3efaabe68acb0aad0160f055d60c1be308' (2,119)
2026-08-23 05:31:38: Copy New 'C:/rock/bannister/.git/objects/9f/9808d67ab33c5480fa68bf29e931f91abc7b1e' -> 'goodrive://www.googleapis.com/:personal:/bannister/.git/objects/9f/9808d67ab33c5480fa68bf29e931f91abc7b1e' (3,935)
2026-08-23 05:31:38: Copy New 'C:/rock/bannister/.git/objects/a6/1bb19c81de37d77d2752cc270bc9b1d87730e8' -> 'goodrive://www.googleapis.com/:personal:/bannister/.git/objects/a6/1bb19c81de37d77d2752cc270bc9b1d87730e8' (641)
2026-08-23 05:31:38: Copy New 'C:/rock/bannister/.git/objects/a0/9ab9171fdde549cad5a858f3e95865715ef4d2' -> 'goodrive://www.googleapis.com/:personal:/bannister/.git/objects/a0/9ab9171fdde549cad5a858f3e95865715ef4d2' (62,693)
2026-08-23 05:31:40: Copy New 'C:/rock/bannister/.git/objects/a6/fdb7ef19c7d76018a4bd1ee999362528158248' -> 'goodrive://www.googleapis.com/:personal:/bannister/.git/objects/a6/fdb7ef19c7d76018a4bd1ee999362528158248' (4,143)
2026-08-23 05:31:40: Copy New 'C:/rock/bannister/.git/objects/a8/47aa042e66e55defba9e077a53b5ae5181b63f' -> 'goodrive://www.googleapis.com/:personal:/bannister/.git/objects/a8/47aa042e66e55defba9e077a53b5ae5181b63f' (616)
2026-08-23 05:31:40: Copy New 'C:/rock/bannister/.git/objects/ae/9afb08cc68ccde016910c11770db24b3b7da9e' -> 'goodrive://www.googleapis.com/:personal:/bannister/.git/objects/ae/9afb08cc68ccde016910c11770db24b3b7da9e' (356)
2026-08-23 05:31:42: Copy New 'C:/rock/bannister/.git/objects/b1/2878dc50271b6874740535c8b64003f17d3df5' -> 'goodrive://www.googleapis.com/:personal:/bannister/.git/objects/b1/2878dc50271b6874740535c8b64003f17d3df5' (3,934)
2026-08-23 05:31:42: Copy New 'C:/rock/bannister/.git/objects/b1/294cb30d6d01273cd3d4d950dd9fc607193cbf' -> 'goodrive://www.googleapis.com/:personal:/bannister/.git/objects/b1/294cb30d6d01273cd3d4d950dd9fc607193cbf' (124)
2026-08-23 05:31:42: Copy New 'C:/rock/bannister/.git/objects/b1/9407d66584cd78b42aec44342bb37c9fe3b11e' -> 'goodrive://www.googleapis.com/:personal:/bannister/.git/objects/b1/9407d66584cd78b42aec44342bb37c9fe3b11e' (356)
2026-08-23 05:31:44: Copy New 'C:/rock/bannister/.git/objects/b1/ccfac6f8b0e5c5eb45fdefff1e56da22e70cab' -> 'goodrive://www.googleapis.com/:personal:/bannister/.git/objects/b1/ccfac6f8b0e5c5eb45fdefff1e56da22e70cab' (356)
2026-08-23 05:31:44: Copy New 'C:/rock/bannister/.git/objects/b4/2b132bed7dab4098641cb24ad0fa59bec66032' -> 'goodrive://www.googleapis.com/:personal:/bannister/.git/objects/b4/2b132bed7dab4098641cb24ad0fa59bec66032' (2,381)
2026-08-23 05:31:44: Copy New 'C:/rock/bannister/.git/objects/b6/a801a99d4b7acf4725800e4c9ef80958c06e2d' -> 'goodrive://www.googleapis.com/:personal:/bannister/.git/objects/b6/a801a99d4b7acf4725800e4c9ef80958c06e2d' (616)
2026-08-23 05:31:46: Copy New 'C:/rock/bannister/.git/objects/b6/e0842788311098b5eb979c5473ff43ab1d8da9' -> 'goodrive://www.googleapis.com/:personal:/bannister/.git/objects/b6/e0842788311098b5eb979c5473ff43ab1d8da9' (616)
2026-08-23 05:31:46: Copy New 'C:/rock/bannister/.git/objects/bc/9687173794b14ddd48b65a0fd956cc7aabe3c3' -> 'goodrive://www.googleapis.com/:personal:/bannister/.git/objects/bc/9687173794b14ddd48b65a0fd956cc7aabe3c3' (377)
2026-08-23 05:31:47: Copy New 'C:/rock/bannister/.git/objects/c0/be718e069128f984e8a5a2db5ae4b9b4034a4e' -> 'goodrive://www.googleapis.com/:personal:/bannister/.git/objects/c0/be718e069128f984e8a5a2db5ae4b9b4034a4e' (6,098)
2026-08-23 05:31:48: Copy New 'C:/rock/bannister/.git/objects/c2/bf549370a85a213dc7ecf25fa9cee80b9b7a7e' -> 'goodrive://www.googleapis.com/:personal:/bannister/.git/objects/c2/bf549370a85a213dc7ecf25fa9cee80b9b7a7e' (21,202)
2026-08-23 05:31:48: Copy New 'C:/rock/bannister/.git/objects/c5/9c87f9e9d22cc1837d207555a15093a14e45aa' -> 'goodrive://www.googleapis.com/:personal:/bannister/.git/objects/c5/9c87f9e9d22cc1837d207555a15093a14e45aa' (446)
2026-08-23 05:31:50: Copy New 'C:/rock/bannister/.git/objects/c9/133b838b211ca2e5798a44087f4c1acc161335' -> 'goodrive://www.googleapis.com/:personal:/bannister/.git/objects/c9/133b838b211ca2e5798a44087f4c1acc161335' (20,080)
2026-08-23 05:31:50: Copy New 'C:/rock/bannister/.git/objects/c9/d2f26fd257d563b1d2fd022f381008f8003711' -> 'goodrive://www.googleapis.com/:personal:/bannister/.git/objects/c9/d2f26fd257d563b1d2fd022f381008f8003711' (2,118)
2026-08-23 05:31:51: Copy New 'C:/rock/bannister/.git/objects/cb/0d9815827d6e1cbe4870b3cfa20ddb0d123f8c' -> 'goodrive://www.googleapis.com/:personal:/bannister/.git/objects/cb/0d9815827d6e1cbe4870b3cfa20ddb0d123f8c' (616)
2026-08-23 05:31:52: Copy New 'C:/rock/bannister/.git/objects/cb/d8b0b114ac54f99dc149412015efc0a2bc8012' -> 'goodrive://www.googleapis.com/:personal:/bannister/.git/objects/cb/d8b0b114ac54f99dc149412015efc0a2bc8012' (6,229)
2026-08-23 05:31:52: Copy New 'C:/rock/bannister/.git/objects/d0/b2ab57abf81bb423f92e1cca18c5f6b57360e7' -> 'goodrive://www.googleapis.com/:personal:/bannister/.git/objects/d0/b2ab57abf81bb423f92e1cca18c5f6b57360e7' (3,935)
2026-08-23 05:31:52: Copy New 'C:/rock/bannister/.git/objects/d5/c11104464e315f2e1bf54ad9cdc775fab062bd' -> 'goodrive://www.googleapis.com/:personal:/bannister/.git/objects/d5/c11104464e315f2e1bf54ad9cdc775fab062bd' (3,936)
2026-08-23 05:31:54: Copy New 'C:/rock/bannister/.git/objects/da/7e12325a7ddfbad920784620eaa708f5fdcd08' -> 'goodrive://www.googleapis.com/:personal:/bannister/.git/objects/da/7e12325a7ddfbad920784620eaa708f5fdcd08' (768)
2026-08-23 05:31:54: Copy New 'C:/rock/bannister/.git/objects/db/7e2d84e3ed97c9ca33302e5a22adead6520b45' -> 'goodrive://www.googleapis.com/:personal:/bannister/.git/objects/db/7e2d84e3ed97c9ca33302e5a22adead6520b45' (222)
2026-08-23 05:31:55: Copy New 'C:/rock/bannister/.git/objects/db/d65e6bdd1cf33c4adc549be8ffd6b61c52bfbb' -> 'goodrive://www.googleapis.com/:personal:/bannister/.git/objects/db/d65e6bdd1cf33c4adc549be8ffd6b61c52bfbb' (6,397)
2026-08-23 05:31:56: Copy New 'C:/rock/bannister/.git/objects/dd/0b931b52a4263e0e4dfb3d2c1a40e4f7e71177' -> 'goodrive://www.googleapis.com/:personal:/bannister/.git/objects/dd/0b931b52a4263e0e4dfb3d2c1a40e4f7e71177' (685)
2026-08-23 05:31:56: Copy New 'C:/rock/bannister/.git/objects/e2/11a7ac0043e1d6e934d858d8c35cd81075024b' -> 'goodrive://www.googleapis.com/:personal:/bannister/.git/objects/e2/11a7ac0043e1d6e934d858d8c35cd81075024b' (20,100)
2026-08-23 05:31:58: Copy New 'C:/rock/bannister/.git/objects/e5/a041d60f9dc8a47f8de052ed9b0b9205c01cd3' -> 'goodrive://www.googleapis.com/:personal:/bannister/.git/objects/e5/a041d60f9dc8a47f8de052ed9b0b9205c01cd3' (356)
2026-08-23 05:31:58: Copy New 'C:/rock/bannister/.git/objects/e6/2b31c1565343e403e26ba97c2f2fa5cdaa9f57' -> 'goodrive://www.googleapis.com/:personal:/bannister/.git/objects/e6/2b31c1565343e403e26ba97c2f2fa5cdaa9f57' (2,149)
2026-08-23 05:31:59: Copy New 'C:/rock/bannister/.git/objects/e6/81804c701de161696498214a118a7c1e331843' -> 'goodrive://www.googleapis.com/:personal:/bannister/.git/objects/e6/81804c701de161696498214a118a7c1e331843' (6,028)
2026-08-23 05:32:00: Copy New 'C:/rock/bannister/.git/objects/e8/f9eba1e6b870831dc060ea536564cf6f38cb31' -> 'goodrive://www.googleapis.com/:personal:/bannister/.git/objects/e8/f9eba1e6b870831dc060ea536564cf6f38cb31' (616)
2026-08-23 05:32:00: Copy New 'C:/rock/bannister/.git/objects/e9/2c06149f19d3506153e63be107cc7ad2a7f4d4' -> 'goodrive://www.googleapis.com/:personal:/bannister/.git/objects/e9/2c06149f19d3506153e63be107cc7ad2a7f4d4' (356)
2026-08-23 05:32:01: Copy New 'C:/rock/bannister/.git/objects/ea/5fae782e8f82474a2b3013f845a490519792d1' -> 'goodrive://www.googleapis.com/:personal:/bannister/.git/objects/ea/5fae782e8f82474a2b3013f845a490519792d1' (616)
2026-08-23 05:32:02: Copy New 'C:/rock/bannister/.git/objects/eb/a4c5488445069a73d73e9f1c2a523ba4e37c69' -> 'goodrive://www.googleapis.com/:personal:/bannister/.git/objects/eb/a4c5488445069a73d73e9f1c2a523ba4e37c69' (617)
2026-08-23 05:32:03: Copy New 'C:/rock/bannister/.git/objects/ee/2aa7f4b1841af926a101a09d1979488f2ffec6' -> 'goodrive://www.googleapis.com/:personal:/bannister/.git/objects/ee/2aa7f4b1841af926a101a09d1979488f2ffec6' (615)
2026-08-23 05:32:03: Copy New 'C:/rock/bannister/.git/objects/f5/4279fc4266c68a0fc18bb5b7e849e0ab9022fc' -> 'goodrive://www.googleapis.com/:personal:/bannister/.git/objects/f5/4279fc4266c68a0fc18bb5b7e849e0ab9022fc' (356)
2026-08-23 05:32:04: Copy New 'C:/rock/bannister/.git/objects/f8/4632021ebe60aa6ab93c3aa3163914eb72b12b' -> 'goodrive://www.googleapis.com/:personal:/bannister/.git/objects/f8/4632021ebe60aa6ab93c3aa3163914eb72b12b' (394,338)
2026-08-23 05:32:05: Copy New 'C:/rock/bannister/.git/objects/f9/c059c16e9f770cef6c9bcd243a438cdabd8c14' -> 'goodrive://www.googleapis.com/:personal:/bannister/.git/objects/f9/c059c16e9f770cef6c9bcd243a438cdabd8c14' (685)
2026-08-23 05:32:05: Copy New 'C:/rock/bannister/.git/objects/f8/618ba5b0ed8ea93393b432600f326bcdde221c' -> 'goodrive://www.googleapis.com/:personal:/bannister/.git/objects/f8/618ba5b0ed8ea93393b432600f326bcdde221c' (616)
2026-08-23 05:32:06: Copy New 'C:/rock/bannister/.git/objects/fa/a2867c0cfac9e72a4213138683aff3e0e1786d' -> 'goodrive://www.googleapis.com/:personal:/bannister/.git/objects/fa/a2867c0cfac9e72a4213138683aff3e0e1786d' (356)
2026-08-23 05:32:07: Copy New 'C:/rock/bannister/.git/objects/fc/ccc52b249bed06c10da5e33922374e0395fe8f' -> 'goodrive://www.googleapis.com/:personal:/bannister/.git/objects/fc/ccc52b249bed06c10da5e33922374e0395fe8f' (438)
2026-08-23 05:32:07: Copy New 'C:/rock/bannister/.git/objects/fa/f6de33dd28048a464774b04d387dc7f5dcf3b1' -> 'goodrive://www.googleapis.com/:personal:/bannister/.git/objects/fa/f6de33dd28048a464774b04d387dc7f5dcf3b1' (1,939)
2026-08-23 05:32:08: Copy New 'C:/rock/bannister/.git/objects/fe/b62e8e8b54551761dfa2b00bf1f44a4d75c84d' -> 'goodrive://www.googleapis.com/:personal:/bannister/.git/objects/fe/b62e8e8b54551761dfa2b00bf1f44a4d75c84d' (355)
2026-08-23 05:32:10: Copy Over 'C:/rock/bannister/.git/refs/heads/main' -> 'goodrive://www.googleapis.com/:personal:/bannister/.git/refs/heads/main' (41)
2026-08-23 05:32:10: > Copy Over 'C:/rock/bannister/.vs/Bannister/CopilotIndices/18.8.1096.64007/CodeChunks.db' -> 'goodrive://www.googleapis.com/:personal:/bannister/.vs/Bannister/CopilotIndices/18.8.1096.64007/CodeChunks.db' (5,206,016)
2026-08-23 05:32:11: Copy Over 'C:/rock/bannister/.git/refs/remotes/origin/main' -> 'goodrive://www.googleapis.com/:personal:/bannister/.git/refs/remotes/origin/main' (41)
2026-08-23 05:32:11: > Copy Over 'C:/rock/bannister/.vs/Bannister/CopilotIndices/18.8.1096.64007/CodeChunks.db-wal' -> 'goodrive://www.googleapis.com/:personal:/bannister/.vs/Bannister/CopilotIndices/18.8.1096.64007/CodeChunks.db-wal' (4,218,912)
2026-08-23 05:32:12: Copy Over 'C:/rock/bannister/.vs/Bannister/DesignTimeBuild/.dtbcache.v2' -> 'goodrive://www.googleapis.com/:personal:/bannister/.vs/Bannister/DesignTimeBuild/.dtbcache.v2' (202,491)
2026-08-23 05:32:12: > Copy Over 'C:/rock/bannister/.vs/Bannister/CopilotIndices/18.8.1096.64007/SemanticSymbols.db' -> 'goodrive://www.googleapis.com/:personal:/bannister/.vs/Bannister/CopilotIndices/18.8.1096.64007/SemanticSymbols.db' (3,182,592)
2026-08-23 05:32:14: < Copy Over 'C:/rock/bannister/.vs/Bannister/CopilotIndices/18.8.1096.64007/CodeChunks.db' -> 'goodrive://www.googleapis.com/:personal:/bannister/.vs/Bannister/CopilotIndices/18.8.1096.64007/CodeChunks.db' (5,206,016)
2026-08-23 05:32:14: > Copy Over 'C:/rock/bannister/.vs/Bannister/CopilotIndices/18.8.1096.64007/SemanticSymbols.db-wal' -> 'goodrive://www.googleapis.com/:personal:/bannister/.vs/Bannister/CopilotIndices/18.8.1096.64007/SemanticSymbols.db-wal' (4,527,912)
2026-08-23 05:32:15: C:/rock/bannister/.vs/Bannister/CopilotIndices/18.8.1096.64007/CodeChunks.db-wal: Source file has changed between Analyze and Sync from '[file] size=4,218,912 accu-time=2026-08-22 09:40:24 attr=Archive,WArchive cktype=0' to 'size=4,218,912 time=2026-08-22 19:00:46', noted in source file state
2026-08-23 05:32:15: < Copy Over 'C:/rock/bannister/.vs/Bannister/CopilotIndices/18.8.1096.64007/CodeChunks.db-wal' -> 'goodrive://www.googleapis.com/:personal:/bannister/.vs/Bannister/CopilotIndices/18.8.1096.64007/CodeChunks.db-wal' (4,218,912)
2026-08-23 05:32:16: < Copy Over 'C:/rock/bannister/.vs/Bannister/CopilotIndices/18.8.1096.64007/SemanticSymbols.db' -> 'goodrive://www.googleapis.com/:personal:/bannister/.vs/Bannister/CopilotIndices/18.8.1096.64007/SemanticSymbols.db' (3,182,592)
2026-08-23 05:32:18: Copy Over 'C:/rock/bannister/.vs/Bannister/v18/.suo' -> 'goodrive://www.googleapis.com/:personal:/bannister/.vs/Bannister/v18/.suo' (86,016)
2026-08-23 05:32:18: C:/rock/bannister/.vs/Bannister/CopilotIndices/18.8.1096.64007/SemanticSymbols.db-wal: Source file has changed between Analyze and Sync from '[file] size=4,527,912 accu-time=2026-08-22 10:22:28 attr=Archive,WArchive cktype=0' to 'size=4,527,912 time=2026-08-22 19:00:46', noted in source file state
2026-08-23 05:32:18: < Copy Over 'C:/rock/bannister/.vs/Bannister/CopilotIndices/18.8.1096.64007/SemanticSymbols.db-wal' -> 'goodrive://www.googleapis.com/:personal:/bannister/.vs/Bannister/CopilotIndices/18.8.1096.64007/SemanticSymbols.db-wal' (4,527,912)
2026-08-23 05:32:18: CopyFileSimple: OpenDownload: ERR: Cannot open file C:/rock/bannister/.vs/Bannister/FileContentIndex/2ff00bdf-c700-44a2-91aa-925f9ca61014.vsidx: cannot open file 'C:/rock/bannister/.vs/Bannister/FileContentIndex/2ff00bdf-c700-44a2-91aa-925f9ca61014.vsidx': The process cannot access the file because it is being used by another process.  (error 32)
2026-08-23 05:32:18: Creating Snapshot of Volume 'C:' because this file is locked: C:/rock/bannister/.vs/Bannister/FileContentIndex/2ff00bdf-c700-44a2-91aa-925f9ca61014.vsidx
2026-08-23 05:32:18: Connecting to Elevated Local GoodSync Server to complete operation
2026-08-23 05:32:18: LOCAL C:(127.0.0.1) -> S:127.0.0.1:33333
2026-08-23 05:32:20: Copy Over 'C:/rock/bannister/.vs/Bannister/v18/DocumentLayout.backup.json' -> 'goodrive://www.googleapis.com/:personal:/bannister/.vs/Bannister/v18/DocumentLayout.backup.json' (17,863)
2026-08-23 05:32:21: Delete File goodrive://www.googleapis.com/:personal:/bannister/.vs/Bannister/FileContentIndex/3864ae7d-3918-4bd4-9c86-6e16edc277b9.vsidx
2026-08-23 05:32:21: CopyFileSimple: OpenDownload: ERR: Cannot open file C:/rock/bannister/.vs/Bannister/FileContentIndex/562e8167-2553-400f-ab65-fecd5766db41.vsidx: cannot open file 'C:/rock/bannister/.vs/Bannister/FileContentIndex/562e8167-2553-400f-ab65-fecd5766db41.vsidx': The process cannot access the file because it is being used by another process.  (error 32)
2026-08-23 05:32:21: Created Snapshot of Volume 'C:' at '/GLOBALROOT/Device/HarddiskVolumeShadowCopy29', Elevated
2026-08-23 05:32:21: Open File Snap GetShadow: AbsPath=/GLOBALROOT/Device/HarddiskVolumeShadowCopy29/rock/bannister/.vs/Bannister/FileContentIndex/2ff00bdf-c700-44a2-91aa-925f9ca61014.vsidx SnapshotPath=/GLOBALROOT/Device/HarddiskVolumeShadowCopy29 SnapVolume=C:
2026-08-23 05:32:21: Open File Snap GetShadow: AbsPath=/GLOBALROOT/Device/HarddiskVolumeShadowCopy29/rock/bannister/.vs/Bannister/FileContentIndex/562e8167-2553-400f-ab65-fecd5766db41.vsidx SnapshotPath=/GLOBALROOT/Device/HarddiskVolumeShadowCopy29 SnapVolume=C:
2026-08-23 05:32:22: Copy Over 'C:/rock/bannister/.vs/Bannister/v18/DocumentLayout.json' -> 'goodrive://www.googleapis.com/:personal:/bannister/.vs/Bannister/v18/DocumentLayout.json' (17,863)
2026-08-23 05:32:22: Delete File goodrive://www.googleapis.com/:personal:/bannister/.vs/Bannister/FileContentIndex/6e7e404a-d28f-458b-a6f5-27e08404d0ec.vsidx
2026-08-23 05:32:22: CopyFileSimple: OpenDownload: ERR: Cannot open file C:/rock/bannister/.vs/Bannister/FileContentIndex/a83df138-70a4-420d-a9fa-25dfa96fdc01.vsidx: cannot open file 'C:/rock/bannister/.vs/Bannister/FileContentIndex/a83df138-70a4-420d-a9fa-25dfa96fdc01.vsidx': The process cannot access the file because it is being used by another process.  (error 32)
2026-08-23 05:32:22: Open File Snap GetShadow: AbsPath=/GLOBALROOT/Device/HarddiskVolumeShadowCopy29/rock/bannister/.vs/Bannister/FileContentIndex/a83df138-70a4-420d-a9fa-25dfa96fdc01.vsidx SnapshotPath=/GLOBALROOT/Device/HarddiskVolumeShadowCopy29 SnapVolume=C:
2026-08-23 05:32:23: Copy New 'C:/rock/bannister/.vs/Bannister/FileContentIndex/562e8167-2553-400f-ab65-fecd5766db41.vsidx' -> 'goodrive://www.googleapis.com/:personal:/bannister/.vs/Bannister/FileContentIndex/562e8167-2553-400f-ab65-fecd5766db41.vsidx' (179,519)
2026-08-23 05:32:23: Copy New 'C:/rock/bannister/.vs/Bannister/FileContentIndex/2ff00bdf-c700-44a2-91aa-925f9ca61014.vsidx' -> 'goodrive://www.googleapis.com/:personal:/bannister/.vs/Bannister/FileContentIndex/2ff00bdf-c700-44a2-91aa-925f9ca61014.vsidx' (179,637)
2026-08-23 05:32:23: CopyFileSimple: OpenDownload: ERR: Cannot open file C:/rock/bannister/.vs/Bannister/FileContentIndex/b24325fe-1558-43de-a55d-87ecc677dce3.vsidx: cannot open file 'C:/rock/bannister/.vs/Bannister/FileContentIndex/b24325fe-1558-43de-a55d-87ecc677dce3.vsidx': The process cannot access the file because it is being used by another process.  (error 32)
2026-08-23 05:32:23: Open File Snap GetShadow: AbsPath=/GLOBALROOT/Device/HarddiskVolumeShadowCopy29/rock/bannister/.vs/Bannister/FileContentIndex/b24325fe-1558-43de-a55d-87ecc677dce3.vsidx SnapshotPath=/GLOBALROOT/Device/HarddiskVolumeShadowCopy29 SnapVolume=C:
2026-08-23 05:32:24: Delete File goodrive://www.googleapis.com/:personal:/bannister/.vs/Bannister/FileContentIndex/ab188585-027f-4cc9-9cb7-90b8624d1714.vsidx
2026-08-23 05:32:25: Delete File goodrive://www.googleapis.com/:personal:/bannister/.vs/Bannister/FileContentIndex/f33e9395-87e5-4d04-aa90-1ec0dcda6bb8.vsidx
2026-08-23 05:32:25: Copy New 'C:/rock/bannister/.vs/Bannister/FileContentIndex/a83df138-70a4-420d-a9fa-25dfa96fdc01.vsidx' -> 'goodrive://www.googleapis.com/:personal:/bannister/.vs/Bannister/FileContentIndex/a83df138-70a4-420d-a9fa-25dfa96fdc01.vsidx' (710,812)
2026-08-23 05:32:25: > Copy Over 'C:/rock/bannister/Bannister/bin/Debug/net8.0-android/Bannister.dll' -> 'goodrive://www.googleapis.com/:personal:/bannister/bannister/bin/Debug/net8.0-android/Bannister.dll' (6,896,128)
2026-08-23 05:32:25: Copy New 'C:/rock/bannister/.vs/Bannister/FileContentIndex/b24325fe-1558-43de-a55d-87ecc677dce3.vsidx' -> 'goodrive://www.googleapis.com/:personal:/bannister/.vs/Bannister/FileContentIndex/b24325fe-1558-43de-a55d-87ecc677dce3.vsidx' (178,311)
2026-08-23 05:32:25: > Copy Over 'C:/rock/bannister/Bannister/bin/Debug/net8.0-android/Bannister.pdb' -> 'goodrive://www.googleapis.com/:personal:/bannister/bannister/bin/Debug/net8.0-android/Bannister.pdb' (1,477,096)
2026-08-23 05:32:28: Copy Over 'C:/rock/bannister/Bannister/Bannister.csproj.user' -> 'goodrive://www.googleapis.com/:personal:/bannister/bannister/Bannister.csproj.user' (629)
2026-08-23 05:32:29: < Copy Over 'C:/rock/bannister/Bannister/bin/Debug/net8.0-android/Bannister.pdb' -> 'goodrive://www.googleapis.com/:personal:/bannister/bannister/bin/Debug/net8.0-android/Bannister.pdb' (1,477,096)
2026-08-23 05:32:29: > Copy Over 'C:/rock/bannister/Bannister/bin/Debug/net8.0-android/com.bannister.app-Signed.apk' -> 'goodrive://www.googleapis.com/:personal:/bannister/bannister/bin/Debug/net8.0-android/com.bannister.app-Signed.apk' (65,861,082)
2026-08-23 05:32:30: < Copy Over 'C:/rock/bannister/Bannister/bin/Debug/net8.0-android/Bannister.dll' -> 'goodrive://www.googleapis.com/:personal:/bannister/bannister/bin/Debug/net8.0-android/Bannister.dll' (6,896,128)
2026-08-23 05:32:32: Copy Over 'C:/rock/bannister/Bannister/bin/Debug/net8.0-android/Bannister.xml' -> 'goodrive://www.googleapis.com/:personal:/bannister/bannister/bin/Debug/net8.0-android/Bannister.xml' (223,122)
2026-08-23 05:32:32: > Copy Over 'C:/rock/bannister/Bannister/bin/Debug/net8.0-android/com.bannister.app.apk' -> 'goodrive://www.googleapis.com/:personal:/bannister/bannister/bin/Debug/net8.0-android/com.bannister.app.apk' (65,767,917)
2026-08-23 05:32:33: Copy Over 'C:/rock/bannister/Bannister/bin/Debug/net8.0-android/com.bannister.app-Signed.apk.idsig' -> 'goodrive://www.googleapis.com/:personal:/bannister/bannister/bin/Debug/net8.0-android/com.bannister.app-Signed.apk.idsig' (522,163)
2026-08-23 05:32:33: > Copy Over 'C:/rock/bannister/Bannister/bin/x64/Debug/net8.0-android/Bannister.dll' -> 'goodrive://www.googleapis.com/:personal:/bannister/bannister/bin/x64/Debug/net8.0-android/Bannister.dll' (6,892,032)
2026-08-23 05:32:38: < Copy Over 'C:/rock/bannister/Bannister/bin/x64/Debug/net8.0-android/Bannister.dll' -> 'goodrive://www.googleapis.com/:personal:/bannister/bannister/bin/x64/Debug/net8.0-android/Bannister.dll' (6,892,032)
2026-08-23 05:32:39: < Copy Over 'C:/rock/bannister/Bannister/bin/Debug/net8.0-android/com.bannister.app-Signed.apk' -> 'goodrive://www.googleapis.com/:personal:/bannister/bannister/bin/Debug/net8.0-android/com.bannister.app-Signed.apk' (65,861,082)
2026-08-23 05:32:42: Copy Over 'C:/rock/bannister/Bannister/bin/x64/Debug/net8.0-windows10.0.19041.0/AppxManifest.xml' -> 'goodrive://www.googleapis.com/:personal:/bannister/bannister/bin/x64/Debug/net8.0-windows10.0.19041.0/AppxManifest.xml' (2,821)
2026-08-23 05:32:42: < Copy Over 'C:/rock/bannister/Bannister/bin/Debug/net8.0-android/com.bannister.app.apk' -> 'goodrive://www.googleapis.com/:personal:/bannister/bannister/bin/Debug/net8.0-android/com.bannister.app.apk' (65,767,917)
2026-08-23 05:32:42: > Copy Over 'C:/rock/bannister/Bannister/bin/x64/Debug/net8.0-windows10.0.19041.0/AppX/Bannister.dll' -> 'goodrive://www.googleapis.com/:personal:/bannister/bannister/bin/x64/Debug/net8.0-windows10.0.19041.0/AppX/Bannister.dll' (7,220,224)
2026-08-23 05:32:43: Copy Over 'C:/rock/bannister/Bannister/bin/x64/Debug/net8.0-windows10.0.19041.0/AppX/AppxManifest.xml' -> 'goodrive://www.googleapis.com/:personal:/bannister/bannister/bin/x64/Debug/net8.0-windows10.0.19041.0/AppX/AppxManifest.xml' (2,821)
2026-08-23 05:32:45: Copy Over 'C:/rock/bannister/Bannister/bin/x64/Debug/net8.0-windows10.0.19041.0/AppX/Bannister.deps.json' -> 'goodrive://www.googleapis.com/:personal:/bannister/bannister/bin/x64/Debug/net8.0-windows10.0.19041.0/AppX/Bannister.deps.json' (72,297)
2026-08-23 05:32:46: < Copy Over 'C:/rock/bannister/Bannister/bin/x64/Debug/net8.0-windows10.0.19041.0/AppX/Bannister.dll' -> 'goodrive://www.googleapis.com/:personal:/bannister/bannister/bin/x64/Debug/net8.0-windows10.0.19041.0/AppX/Bannister.dll' (7,220,224)
2026-08-23 05:32:47: Copy Over 'C:/rock/bannister/Bannister/bin/x64/Debug/net8.0-windows10.0.19041.0/AppX/Bannister.exe' -> 'goodrive://www.googleapis.com/:personal:/bannister/bannister/bin/x64/Debug/net8.0-windows10.0.19041.0/AppX/Bannister.exe' (153,088)
2026-08-23 05:32:49: Copy Over 'C:/rock/bannister/Bannister/bin/x64/Debug/net8.0-windows10.0.19041.0/AppX/Bannister.runtimeconfig.json' -> 'goodrive://www.googleapis.com/:personal:/bannister/bannister/bin/x64/Debug/net8.0-windows10.0.19041.0/AppX/Bannister.runtimeconfig.json' (385)
2026-08-23 05:32:49: Copy Over 'C:/rock/bannister/Bannister/bin/x64/Debug/net8.0-windows10.0.19041.0/AppX/resources.pri' -> 'goodrive://www.googleapis.com/:personal:/bannister/bannister/bin/x64/Debug/net8.0-windows10.0.19041.0/AppX/resources.pri' (140,744)
2026-08-23 05:32:50: Copy Over 'C:/rock/bannister/Bannister/bin/x64/Debug/net8.0-windows10.0.19041.0/AppX/vs.appxrecipe' -> 'goodrive://www.googleapis.com/:personal:/bannister/bannister/bin/x64/Debug/net8.0-windows10.0.19041.0/AppX/vs.appxrecipe' (72,682)
2026-08-23 05:32:50: > Copy Over 'C:/rock/bannister/Bannister/bin/x64/Debug/net8.0-windows10.0.19041.0/Bannister.dll' -> 'goodrive://www.googleapis.com/:personal:/bannister/bannister/bin/x64/Debug/net8.0-windows10.0.19041.0/Bannister.dll' (7,220,224)
2026-08-23 05:32:53: Copy Over 'C:/rock/bannister/Bannister/bin/x64/Debug/net8.0-windows10.0.19041.0/Bannister.build.appxrecipe' -> 'goodrive://www.googleapis.com/:personal:/bannister/bannister/bin/x64/Debug/net8.0-windows10.0.19041.0/Bannister.build.appxrecipe' (60,573)
2026-08-23 05:32:53: Copy Over 'C:/rock/bannister/Bannister/bin/x64/Debug/net8.0-windows10.0.19041.0/Bannister.deps.json' -> 'goodrive://www.googleapis.com/:personal:/bannister/bannister/bin/x64/Debug/net8.0-windows10.0.19041.0/Bannister.deps.json' (72,297)
2026-08-23 05:32:53: > Copy Over 'C:/rock/bannister/Bannister/bin/x64/Debug/net8.0-windows10.0.19041.0/Bannister.pdb' -> 'goodrive://www.googleapis.com/:personal:/bannister/bannister/bin/x64/Debug/net8.0-windows10.0.19041.0/Bannister.pdb' (1,521,068)
2026-08-23 05:32:55: < Copy Over 'C:/rock/bannister/Bannister/bin/x64/Debug/net8.0-windows10.0.19041.0/Bannister.dll' -> 'goodrive://www.googleapis.com/:personal:/bannister/bannister/bin/x64/Debug/net8.0-windows10.0.19041.0/Bannister.dll' (7,220,224)
2026-08-23 05:32:56: Copy Over 'C:/rock/bannister/Bannister/bin/x64/Debug/net8.0-windows10.0.19041.0/Bannister.exe' -> 'goodrive://www.googleapis.com/:personal:/bannister/bannister/bin/x64/Debug/net8.0-windows10.0.19041.0/Bannister.exe' (153,088)
2026-08-23 05:32:56: < Copy Over 'C:/rock/bannister/Bannister/bin/x64/Debug/net8.0-windows10.0.19041.0/Bannister.pdb' -> 'goodrive://www.googleapis.com/:personal:/bannister/bannister/bin/x64/Debug/net8.0-windows10.0.19041.0/Bannister.pdb' (1,521,068)
2026-08-23 05:32:56: > Copy Over 'C:/rock/bannister/Bannister/bin/x64/Debug/net8.0-android/Bannister.pdb' -> 'goodrive://www.googleapis.com/:personal:/bannister/bannister/bin/x64/Debug/net8.0-android/Bannister.pdb' (1,480,376)
2026-08-23 05:32:59: Copy Over 'C:/rock/bannister/Bannister/bin/x64/Debug/net8.0-windows10.0.19041.0/Bannister.runtimeconfig.json' -> 'goodrive://www.googleapis.com/:personal:/bannister/bannister/bin/x64/Debug/net8.0-windows10.0.19041.0/Bannister.runtimeconfig.json' (385)
2026-08-23 05:32:59: Copy Over 'C:/rock/bannister/Bannister/bin/x64/Debug/net8.0-windows10.0.19041.0/resources.pri' -> 'goodrive://www.googleapis.com/:personal:/bannister/bannister/bin/x64/Debug/net8.0-windows10.0.19041.0/resources.pri' (140,744)
2026-08-23 05:32:59: > Copy Over 'C:/rock/bannister/Bannister/bin/x64/Debug/net8.0-android/com.bannister.app-Signed.apk' -> 'goodrive://www.googleapis.com/:personal:/bannister/bannister/bin/x64/Debug/net8.0-android/com.bannister.app-Signed.apk' (41,642,312)
2026-08-23 05:33:00: < Copy Over 'C:/rock/bannister/Bannister/bin/x64/Debug/net8.0-android/Bannister.pdb' -> 'goodrive://www.googleapis.com/:personal:/bannister/bannister/bin/x64/Debug/net8.0-android/Bannister.pdb' (1,480,376)
2026-08-23 05:33:03: Copy Over 'C:/rock/bannister/Bannister/bin/x64/Debug/net8.0-android/Bannister.xml' -> 'goodrive://www.googleapis.com/:personal:/bannister/bannister/bin/x64/Debug/net8.0-android/Bannister.xml' (223,122)
2026-08-23 05:33:03: > Copy Over 'C:/rock/bannister/Bannister/bin/x64/Debug/net8.0-android/com.bannister.app.apk' -> 'goodrive://www.googleapis.com/:personal:/bannister/bannister/bin/x64/Debug/net8.0-android/com.bannister.app.apk' (41,553,753)
2026-08-23 05:33:04: Copy Over 'C:/rock/bannister/Bannister/bin/x64/Debug/net8.0-android/com.bannister.app-Signed.apk.idsig' -> 'goodrive://www.googleapis.com/:personal:/bannister/bannister/bin/x64/Debug/net8.0-android/com.bannister.app-Signed.apk.idsig' (333,747)
2026-08-23 05:33:06: < Copy Over 'C:/rock/bannister/Bannister/bin/x64/Debug/net8.0-android/com.bannister.app-Signed.apk' -> 'goodrive://www.googleapis.com/:personal:/bannister/bannister/bin/x64/Debug/net8.0-android/com.bannister.app-Signed.apk' (41,642,312)
2026-08-23 05:33:08: Copy Over 'C:/rock/bannister/Bannister/MauiProgram.cs' -> 'goodrive://www.googleapis.com/:personal:/bannister/bannister/MauiProgram.cs' (9,635)
2026-08-23 05:33:10: Copy Over 'C:/rock/bannister/Bannister/obj/Bannister.csproj.nuget.dgspec.json' -> 'goodrive://www.googleapis.com/:personal:/bannister/bannister/obj/Bannister.csproj.nuget.dgspec.json' (7,559)
2026-08-23 05:33:11: < Copy Over 'C:/rock/bannister/Bannister/bin/x64/Debug/net8.0-android/com.bannister.app.apk' -> 'goodrive://www.googleapis.com/:personal:/bannister/bannister/bin/x64/Debug/net8.0-android/com.bannister.app.apk' (41,553,753)
2026-08-23 05:33:11: Copy Over 'C:/rock/bannister/Bannister/obj/.cache/com.bannister.app.flag' -> 'goodrive://www.googleapis.com/:personal:/bannister/bannister/obj/.cache/com.bannister.app.flag' (24)
2026-08-23 05:33:14: Copy Over 'C:/rock/bannister/Bannister/obj/Bannister.csproj.nuget.g.props' -> 'goodrive://www.googleapis.com/:personal:/bannister/bannister/obj/Bannister.csproj.nuget.g.props' (5,005)
2026-08-23 05:33:14: > Copy Over 'C:/rock/bannister/Bannister/obj/Debug/net8.0-android/android/assets/Bannister.dll' -> 'goodrive://www.googleapis.com/:personal:/bannister/bannister/obj/Debug/net8.0-android/android/assets/Bannister.dll' (6,896,128)
2026-08-23 05:33:14: Copy Over 'C:/rock/bannister/Bannister/obj/Debug/net8.0-android/android_debug_keystore.flag' -> 'goodrive://www.googleapis.com/:personal:/bannister/bannister/obj/Debug/net8.0-android/android_debug_keystore.flag' (0)
2026-08-23 05:33:14: > Copy Over 'C:/rock/bannister/Bannister/obj/Debug/net8.0-android/android/bin/classes.dex' -> 'goodrive://www.googleapis.com/:personal:/bannister/bannister/obj/Debug/net8.0-android/android/bin/classes.dex' (8,171,880)
2026-08-23 05:33:15: Copy Over 'C:/rock/bannister/Bannister/obj/Debug/net8.0-android/android/AndroidManifest.xml' -> 'goodrive://www.googleapis.com/:personal:/bannister/bannister/obj/Debug/net8.0-android/android/AndroidManifest.xml' (4,706)
2026-08-23 05:33:18: Copy Over 'C:/rock/bannister/Bannister/obj/Debug/net8.0-android/android/bin/classes/androidx/activity/ktx/R.class' -> 'goodrive://www.googleapis.com/:personal:/bannister/bannister/obj/Debug/net8.0-android/android/bin/classes/androidx/activity/ktx/R.class' (198)
2026-08-23 05:33:19: < Copy Over 'C:/rock/bannister/Bannister/obj/Debug/net8.0-android/android/assets/Bannister.dll' -> 'goodrive://www.googleapis.com/:personal:/bannister/bannister/obj/Debug/net8.0-android/android/assets/Bannister.dll' (6,896,128)
2026-08-23 05:33:19: < Copy Over 'C:/rock/bannister/Bannister/obj/Debug/net8.0-android/android/bin/classes.dex' -> 'goodrive://www.googleapis.com/:personal:/bannister/bannister/obj/Debug/net8.0-android/android/bin/classes.dex' (8,171,880)
2026-08-23 05:33:22: Copy Over 'C:/rock/bannister/Bannister/obj/Debug/net8.0-android/android/bin/classes/com/bannister/app/R$anim.class' -> 'goodrive://www.googleapis.com/:personal:/bannister/bannister/obj/Debug/net8.0-android/android/bin/classes/com/bannister/app/R$anim.class' (2,906)
2026-08-23 05:33:22: Copy Over 'C:/rock/bannister/Bannister/obj/Debug/net8.0-android/android/bin/classes/com/bannister/app/R$attr.class' -> 'goodrive://www.googleapis.com/:personal:/bannister/bannister/obj/Debug/net8.0-android/android/bin/classes/com/bannister/app/R$attr.class' (54,839)
2026-08-23 05:33:23: Copy Over 'C:/rock/bannister/Bannister/obj/Debug/net8.0-android/android/bin/classes/com/bannister/app/R$animator.class' -> 'goodrive://www.googleapis.com/:personal:/bannister/bannister/obj/Debug/net8.0-android/android/bin/classes/com/bannister/app/R$animator.class' (2,331)
2026-08-23 05:33:26: Copy Over 'C:/rock/bannister/Bannister/obj/Debug/net8.0-android/android/bin/classes/com/bannister/app/R$bool.class' -> 'goodrive://www.googleapis.com/:personal:/bannister/bannister/obj/Debug/net8.0-android/android/bin/classes/com/bannister/app/R$bool.class' (443)
2026-08-23 05:33:26: Copy Over 'C:/rock/bannister/Bannister/obj/Debug/net8.0-android/android/bin/classes/com/bannister/app/R$color.class' -> 'goodrive://www.googleapis.com/:personal:/bannister/bannister/obj/Debug/net8.0-android/android/bin/classes/com/bannister/app/R$color.class' (42,362)
2026-08-23 05:33:26: Copy Over 'C:/rock/bannister/Bannister/obj/Debug/net8.0-android/android/bin/classes/com/bannister/app/R$dimen.class' -> 'goodrive://www.googleapis.com/:personal:/bannister/bannister/obj/Debug/net8.0-android/android/bin/classes/com/bannister/app/R$dimen.class' (46,419)
2026-08-23 05:33:29: Copy Over 'C:/rock/bannister/Bannister/obj/Debug/net8.0-android/android/bin/classes/com/bannister/app/R$drawable.class' -> 'goodrive://www.googleapis.com/:personal:/bannister/bannister/obj/Debug/net8.0-android/android/bin/classes/com/bannister/app/R$drawable.class' (10,686)
2026-08-23 05:33:29: Copy Over 'C:/rock/bannister/Bannister/obj/Debug/net8.0-android/android/bin/classes/com/bannister/app/R$id.class' -> 'goodrive://www.googleapis.com/:personal:/bannister/bannister/obj/Debug/net8.0-android/android/bin/classes/com/bannister/app/R$id.class' (20,962)
2026-08-23 05:33:30: Copy Over 'C:/rock/bannister/Bannister/obj/Debug/net8.0-android/android/bin/classes/com/bannister/app/R$integer.class' -> 'goodrive://www.googleapis.com/:personal:/bannister/bannister/obj/Debug/net8.0-android/android/bin/classes/com/bannister/app/R$integer.class' (3,932)
2026-08-23 05:33:32: Copy Over 'C:/rock/bannister/Bannister/obj/Debug/net8.0-android/android/bin/classes/com/bannister/app/R$interpolator.class' -> 'goodrive://www.googleapis.com/:personal:/bannister/bannister/obj/Debug/net8.0-android/android/bin/classes/com/bannister/app/R$interpolator.class' (1,370)
2026-08-23 05:33:32: Copy Over 'C:/rock/bannister/Bannister/obj/Debug/net8.0-android/android/bin/classes/com/bannister/app/R$layout.class' -> 'goodrive://www.googleapis.com/:personal:/bannister/bannister/obj/Debug/net8.0-android/android/bin/classes/com/bannister/app/R$layout.class' (5,883)
2026-08-23 05:33:34: Copy Over 'C:/rock/bannister/Bannister/obj/Debug/net8.0-android/android/bin/classes/com/bannister/app/R$mipmap.class' -> 'goodrive://www.googleapis.com/:personal:/bannister/bannister/obj/Debug/net8.0-android/android/bin/classes/com/bannister/app/R$mipmap.class' (438)
2026-08-23 05:33:35: Copy Over 'C:/rock/bannister/Bannister/obj/Debug/net8.0-android/android/bin/classes/com/bannister/app/R$plurals.class' -> 'goodrive://www.googleapis.com/:personal:/bannister/bannister/obj/Debug/net8.0-android/android/bin/classes/com/bannister/app/R$plurals.class' (342)
2026-08-23 05:33:36: Copy Over 'C:/rock/bannister/Bannister/obj/Debug/net8.0-android/android/bin/classes/com/bannister/app/R$string.class' -> 'goodrive://www.googleapis.com/:personal:/bannister/bannister/obj/Debug/net8.0-android/android/bin/classes/com/bannister/app/R$string.class' (9,918)
2026-08-23 05:33:38: Copy Over 'C:/rock/bannister/Bannister/obj/Debug/net8.0-android/android/bin/classes/com/bannister/app/R$style.class' -> 'goodrive://www.googleapis.com/:personal:/bannister/bannister/obj/Debug/net8.0-android/android/bin/classes/com/bannister/app/R$style.class' (73,620)
2026-08-23 05:33:39: Copy Over 'C:/rock/bannister/Bannister/obj/Debug/net8.0-android/android/bin/classes/com/bannister/app/R$styleable.class' -> 'goodrive://www.googleapis.com/:personal:/bannister/bannister/obj/Debug/net8.0-android/android/bin/classes/com/bannister/app/R$styleable.class' (130,989)
2026-08-23 05:33:39: Copy Over 'C:/rock/bannister/Bannister/obj/Debug/net8.0-android/android/bin/classes/com/bannister/app/R$xml.class' -> 'goodrive://www.googleapis.com/:personal:/bannister/bannister/obj/Debug/net8.0-android/android/bin/classes/com/bannister/app/R$xml.class' (398)
2026-08-23 05:33:41: Copy Over 'C:/rock/bannister/Bannister/obj/Debug/net8.0-android/android/bin/classes/com/bannister/app/R.class' -> 'goodrive://www.googleapis.com/:personal:/bannister/bannister/obj/Debug/net8.0-android/android/bin/classes/com/bannister/app/R.class' (1,048)
2026-08-23 05:33:42: Copy Over 'C:/rock/bannister/Bannister/obj/Debug/net8.0-android/android/bin/classes/androidx/activity/R$id.class' -> 'goodrive://www.googleapis.com/:personal:/bannister/bannister/obj/Debug/net8.0-android/android/bin/classes/androidx/activity/R$id.class' (380)
2026-08-23 05:33:43: Copy Over 'C:/rock/bannister/Bannister/obj/Debug/net8.0-android/android/bin/classes/androidx/activity/R.class' -> 'goodrive://www.googleapis.com/:personal:/bannister/bannister/obj/Debug/net8.0-android/android/bin/classes/androidx/activity/R.class' (258)
2026-08-23 05:33:44: Copy Over 'C:/rock/bannister/Bannister/obj/Debug/net8.0-android/android/bin/classes/com/bumptech/glide/gifdecoder/R.class' -> 'goodrive://www.googleapis.com/:personal:/bannister/bannister/obj/Debug/net8.0-android/android/bin/classes/com/bumptech/glide/gifdecoder/R.class' (206)
2026-08-23 05:33:45: Copy Over 'C:/rock/bannister/Bannister/obj/Debug/net8.0-android/android/bin/classes/com/google/android/material/R$anim.class' -> 'goodrive://www.googleapis.com/:personal:/bannister/bannister/obj/Debug/net8.0-android/android/bin/classes/com/google/android/material/R$anim.class' (2,592)
2026-08-23 05:33:47: Copy Over 'C:/rock/bannister/Bannister/obj/Debug/net8.0-android/android/bin/classes/com/google/android/material/R$animator.class' -> 'goodrive://www.googleapis.com/:personal:/bannister/bannister/obj/Debug/net8.0-android/android/bin/classes/com/google/android/material/R$animator.class' (2,161)
2026-08-23 05:33:47: Copy Over 'C:/rock/bannister/Bannister/obj/Debug/net8.0-android/android/bin/classes/com/google/android/material/R$attr.class' -> 'goodrive://www.googleapis.com/:personal:/bannister/bannister/obj/Debug/net8.0-android/android/bin/classes/com/google/android/material/R$attr.class' (49,187)
2026-08-23 05:33:49: Copy Over 'C:/rock/bannister/Bannister/obj/Debug/net8.0-android/android/bin/classes/com/google/android/material/R$bool.class' -> 'goodrive://www.googleapis.com/:personal:/bannister/bannister/obj/Debug/net8.0-android/android/bin/classes/com/google/android/material/R$bool.class' (463)
2026-08-23 05:33:50: Copy Over 'C:/rock/bannister/Bannister/obj/Debug/net8.0-android/android/bin/classes/com/google/android/material/R$color.class' -> 'goodrive://www.googleapis.com/:personal:/bannister/bannister/obj/Debug/net8.0-android/android/bin/classes/com/google/android/material/R$color.class' (41,872)
2026-08-23 05:33:51: Copy Over 'C:/rock/bannister/Bannister/obj/Debug/net8.0-android/android/bin/classes/com/google/android/material/R$dimen.class' -> 'goodrive://www.googleapis.com/:personal:/bannister/bannister/obj/Debug/net8.0-android/android/bin/classes/com/google/android/material/R$dimen.class' (46,259)
2026-08-23 05:33:53: Copy Over 'C:/rock/bannister/Bannister/obj/Debug/net8.0-android/android/bin/classes/com/google/android/material/R$drawable.class' -> 'goodrive://www.googleapis.com/:personal:/bannister/bannister/obj/Debug/net8.0-android/android/bin/classes/com/google/android/material/R$drawable.class' (9,708)
2026-08-23 05:33:53: Copy Over 'C:/rock/bannister/Bannister/obj/Debug/net8.0-android/android/bin/classes/com/google/android/material/R$id.class' -> 'goodrive://www.googleapis.com/:personal:/bannister/bannister/obj/Debug/net8.0-android/android/bin/classes/com/google/android/material/R$id.class' (16,168)
2026-08-23 05:33:55: Copy Over 'C:/rock/bannister/Bannister/obj/Debug/net8.0-android/android/bin/classes/com/google/android/material/R$integer.class' -> 'goodrive://www.googleapis.com/:personal:/bannister/bannister/obj/Debug/net8.0-android/android/bin/classes/com/google/android/material/R$integer.class' (3,910)
2026-08-23 05:33:56: Copy Over 'C:/rock/bannister/Bannister/obj/Debug/net8.0-android/android/bin/classes/com/google/android/material/R$interpolator.class' -> 'goodrive://www.googleapis.com/:personal:/bannister/bannister/obj/Debug/net8.0-android/android/bin/classes/com/google/android/material/R$interpolator.class' (1,390)
2026-08-23 05:33:58: Copy Over 'C:/rock/bannister/Bannister/obj/Debug/net8.0-android/android/bin/classes/com/google/android/material/R$layout.class' -> 'goodrive://www.googleapis.com/:personal:/bannister/bannister/obj/Debug/net8.0-android/android/bin/classes/com/google/android/material/R$layout.class' (5,537)
2026-08-23 05:33:58: Copy Over 'C:/rock/bannister/Bannister/obj/Debug/net8.0-android/android/bin/classes/com/google/android/material/R$plurals.class' -> 'goodrive://www.googleapis.com/:personal:/bannister/bannister/obj/Debug/net8.0-android/android/bin/classes/com/google/android/material/R$plurals.class' (362)
2026-08-23 05:33:59: Copy Over 'C:/rock/bannister/Bannister/obj/Debug/net8.0-android/android/bin/classes/com/google/android/material/R$string.class' -> 'goodrive://www.googleapis.com/:personal:/bannister/bannister/obj/Debug/net8.0-android/android/bin/classes/com/google/android/material/R$string.class' (9,069)
2026-08-23 05:34:01: Copy Over 'C:/rock/bannister/Bannister/obj/Debug/net8.0-android/android/bin/classes/com/google/android/material/R$style.class' -> 'goodrive://www.googleapis.com/:personal:/bannister/bannister/obj/Debug/net8.0-android/android/bin/classes/com/google/android/material/R$style.class' (73,038)
2026-08-23 05:34:02: Copy Over 'C:/rock/bannister/Bannister/obj/Debug/net8.0-android/android/bin/classes/com/google/android/material/R$styleable.class' -> 'goodrive://www.googleapis.com/:personal:/bannister/bannister/obj/Debug/net8.0-android/android/bin/classes/com/google/android/material/R$styleable.class' (109,039)
2026-08-23 05:34:02: Copy Over 'C:/rock/bannister/Bannister/obj/Debug/net8.0-android/android/bin/classes/com/google/android/material/R.class' -> 'goodrive://www.googleapis.com/:personal:/bannister/bannister/obj/Debug/net8.0-android/android/bin/classes/com/google/android/material/R.class' (1,116)
2026-08-23 05:34:05: Copy Over 'C:/rock/bannister/Bannister/obj/Debug/net8.0-android/android/bin/classes/com/bumptech/glide/R$anim.class' -> 'goodrive://www.googleapis.com/:personal:/bannister/bannister/obj/Debug/net8.0-android/android/bin/classes/com/bumptech/glide/R$anim.class' (1,681)
2026-08-23 05:34:05: Copy Over 'C:/rock/bannister/Bannister/obj/Debug/net8.0-android/android/bin/classes/com/google/android/material/snackbar/Snackbar_SnackbarActionClickImplementor.class' -> 'goodrive://www.googleapis.com/:personal:/bannister/bannister/obj/Debug/net8.0-android/android/bin/classes/com/google/android/material/snackbar/Snackbar_SnackbarActionClickImplementor.class' (1,698)
2026-08-23 05:34:06: Copy Over 'C:/rock/bannister/Bannister/obj/Debug/net8.0-android/android/bin/classes/com/bumptech/glide/R$animator.class' -> 'goodrive://www.googleapis.com/:personal:/bannister/bannister/obj/Debug/net8.0-android/android/bin/classes/com/bumptech/glide/R$animator.class' (549)
2026-08-23 05:34:09: Copy Over 'C:/rock/bannister/Bannister/obj/Debug/net8.0-android/android/bin/classes/com/bumptech/glide/R$attr.class' -> 'goodrive://www.googleapis.com/:personal:/bannister/bannister/obj/Debug/net8.0-android/android/bin/classes/com/bumptech/glide/R$attr.class' (11,893)
2026-08-23 05:34:09: Copy Over 'C:/rock/bannister/Bannister/obj/Debug/net8.0-android/android/bin/classes/com/bumptech/glide/R$bool.class' -> 'goodrive://www.googleapis.com/:personal:/bannister/bannister/obj/Debug/net8.0-android/android/bin/classes/com/bumptech/glide/R$bool.class' (389)
2026-08-23 05:34:09: Copy Over 'C:/rock/bannister/Bannister/obj/Debug/net8.0-android/android/bin/classes/com/bumptech/glide/R$color.class' -> 'goodrive://www.googleapis.com/:personal:/bannister/bannister/obj/Debug/net8.0-android/android/bin/classes/com/bumptech/glide/R$color.class' (4,868)
2026-08-23 05:34:12: Copy Over 'C:/rock/bannister/Bannister/obj/Debug/net8.0-android/android/bin/classes/com/bumptech/glide/R$dimen.class' -> 'goodrive://www.googleapis.com/:personal:/bannister/bannister/obj/Debug/net8.0-android/android/bin/classes/com/bumptech/glide/R$dimen.class' (7,012)
2026-08-23 05:34:12: Copy Over 'C:/rock/bannister/Bannister/obj/Debug/net8.0-android/android/bin/classes/com/bumptech/glide/R$drawable.class' -> 'goodrive://www.googleapis.com/:personal:/bannister/bannister/obj/Debug/net8.0-android/android/bin/classes/com/bumptech/glide/R$drawable.class' (5,651)
2026-08-23 05:34:13: Copy Over 'C:/rock/bannister/Bannister/obj/Debug/net8.0-android/android/bin/classes/com/bumptech/glide/R$id.class' -> 'goodrive://www.googleapis.com/:personal:/bannister/bannister/obj/Debug/net8.0-android/android/bin/classes/com/bumptech/glide/R$id.class' (6,760)
2026-08-23 05:34:15: Copy Over 'C:/rock/bannister/Bannister/obj/Debug/net8.0-android/android/bin/classes/com/bumptech/glide/R$integer.class' -> 'goodrive://www.googleapis.com/:personal:/bannister/bannister/obj/Debug/net8.0-android/android/bin/classes/com/bumptech/glide/R$integer.class' (548)
2026-08-23 05:34:16: Copy Over 'C:/rock/bannister/Bannister/obj/Debug/net8.0-android/android/bin/classes/com/bumptech/glide/R$interpolator.class' -> 'goodrive://www.googleapis.com/:personal:/bannister/bannister/obj/Debug/net8.0-android/android/bin/classes/com/bumptech/glide/R$interpolator.class' (779)
2026-08-23 05:34:16: Copy Over 'C:/rock/bannister/Bannister/obj/Debug/net8.0-android/android/bin/classes/com/bumptech/glide/R$layout.class' -> 'goodrive://www.googleapis.com/:personal:/bannister/bannister/obj/Debug/net8.0-android/android/bin/classes/com/bumptech/glide/R$layout.class' (2,280)
2026-08-23 05:34:19: Copy Over 'C:/rock/bannister/Bannister/obj/Debug/net8.0-android/android/bin/classes/com/bumptech/glide/R$string.class' -> 'goodrive://www.googleapis.com/:personal:/bannister/bannister/obj/Debug/net8.0-android/android/bin/classes/com/bumptech/glide/R$string.class' (1,832)
2026-08-23 05:34:19: Copy Over 'C:/rock/bannister/Bannister/obj/Debug/net8.0-android/android/bin/classes/com/bumptech/glide/R$style.class' -> 'goodrive://www.googleapis.com/:personal:/bannister/bannister/obj/Debug/net8.0-android/android/bin/classes/com/bumptech/glide/R$style.class' (21,850)
2026-08-23 05:34:20: Copy Over 'C:/rock/bannister/Bannister/obj/Debug/net8.0-android/android/bin/classes/com/bumptech/glide/R$styleable.class' -> 'goodrive://www.googleapis.com/:personal:/bannister/bannister/obj/Debug/net8.0-android/android/bin/classes/com/bumptech/glide/R$styleable.class' (29,637)
2026-08-23 05:34:23: Copy Over 'C:/rock/bannister/Bannister/obj/Debug/net8.0-android/android/bin/classes/com/bumptech/glide/R.class' -> 'goodrive://www.googleapis.com/:personal:/bannister/bannister/obj/Debug/net8.0-android/android/bin/classes/com/bumptech/glide/R.class' (920)
2026-08-23 05:34:23: Copy Over 'C:/rock/bannister/Bannister/obj/Debug/net8.0-android/android/bin/classes/com/microsoft/maui/R$anim.class' -> 'goodrive://www.googleapis.com/:personal:/bannister/bannister/obj/Debug/net8.0-android/android/bin/classes/com/microsoft/maui/R$anim.class' (2,574)
2026-08-23 05:34:23: Copy Over 'C:/rock/bannister/Bannister/obj/Debug/net8.0-android/android/bin/classes/androidx/annotation/experimental/R.class' -> 'goodrive://www.googleapis.com/:personal:/bannister/bannister/obj/Debug/net8.0-android/android/bin/classes/androidx/annotation/experimental/R.class' (209)
2026-08-23 05:34:26: Copy Over 'C:/rock/bannister/Bannister/obj/Debug/net8.0-android/android/bin/classes/com/microsoft/maui/R$attr.class' -> 'goodrive://www.googleapis.com/:personal:/bannister/bannister/obj/Debug/net8.0-android/android/bin/classes/com/microsoft/maui/R$attr.class' (50,072)
2026-08-23 05:34:26: Copy Over 'C:/rock/bannister/Bannister/obj/Debug/net8.0-android/android/bin/classes/com/microsoft/maui/R$animator.class' -> 'goodrive://www.googleapis.com/:personal:/bannister/bannister/obj/Debug/net8.0-android/android/bin/classes/com/microsoft/maui/R$animator.class' (2,143)
2026-08-23 05:34:27: Copy Over 'C:/rock/bannister/Bannister/obj/Debug/net8.0-android/android/bin/classes/com/microsoft/maui/R$bool.class' -> 'goodrive://www.googleapis.com/:personal:/bannister/bannister/obj/Debug/net8.0-android/android/bin/classes/com/microsoft/maui/R$bool.class' (445)
2026-08-23 05:34:30: Copy Over 'C:/rock/bannister/Bannister/obj/Debug/net8.0-android/android/bin/classes/com/microsoft/maui/R$drawable.class' -> 'goodrive://www.googleapis.com/:personal:/bannister/bannister/obj/Debug/net8.0-android/android/bin/classes/com/microsoft/maui/R$drawable.class' (9,690)
2026-08-23 05:34:30: Copy Over 'C:/rock/bannister/Bannister/obj/Debug/net8.0-android/android/bin/classes/com/microsoft/maui/R$color.class' -> 'goodrive://www.googleapis.com/:personal:/bannister/bannister/obj/Debug/net8.0-android/android/bin/classes/com/microsoft/maui/R$color.class' (41,854)
2026-08-23 05:34:30: Copy Over 'C:/rock/bannister/Bannister/obj/Debug/net8.0-android/android/bin/classes/com/microsoft/maui/R$dimen.class' -> 'goodrive://www.googleapis.com/:personal:/bannister/bannister/obj/Debug/net8.0-android/android/bin/classes/com/microsoft/maui/R$dimen.class' (46,241)
2026-08-23 05:34:33: Copy Over 'C:/rock/bannister/Bannister/obj/Debug/net8.0-android/android/bin/classes/com/microsoft/maui/R$id.class' -> 'goodrive://www.googleapis.com/:personal:/bannister/bannister/obj/Debug/net8.0-android/android/bin/classes/com/microsoft/maui/R$id.class' (16,574)
2026-08-23 05:34:33: Copy Over 'C:/rock/bannister/Bannister/obj/Debug/net8.0-android/android/bin/classes/com/microsoft/maui/R$integer.class' -> 'goodrive://www.googleapis.com/:personal:/bannister/bannister/obj/Debug/net8.0-android/android/bin/classes/com/microsoft/maui/R$integer.class' (3,892)
2026-08-23 05:34:34: Copy Over 'C:/rock/bannister/Bannister/obj/Debug/net8.0-android/android/bin/classes/com/microsoft/maui/R$interpolator.class' -> 'goodrive://www.googleapis.com/:personal:/bannister/bannister/obj/Debug/net8.0-android/android/bin/classes/com/microsoft/maui/R$interpolator.class' (1,372)
2026-08-23 05:34:37: Copy Over 'C:/rock/bannister/Bannister/obj/Debug/net8.0-android/android/bin/classes/com/microsoft/maui/R$layout.class' -> 'goodrive://www.googleapis.com/:personal:/bannister/bannister/obj/Debug/net8.0-android/android/bin/classes/com/microsoft/maui/R$layout.class' (5,519)
2026-08-23 05:34:37: Copy Over 'C:/rock/bannister/Bannister/obj/Debug/net8.0-android/android/bin/classes/com/microsoft/maui/R$string.class' -> 'goodrive://www.googleapis.com/:personal:/bannister/bannister/obj/Debug/net8.0-android/android/bin/classes/com/microsoft/maui/R$string.class' (9,092)
2026-08-23 05:34:37: Copy Over 'C:/rock/bannister/Bannister/obj/Debug/net8.0-android/android/bin/classes/com/microsoft/maui/R$plurals.class' -> 'goodrive://www.googleapis.com/:personal:/bannister/bannister/obj/Debug/net8.0-android/android/bin/classes/com/microsoft/maui/R$plurals.class' (344)
2026-08-23 05:34:40: Copy Over 'C:/rock/bannister/Bannister/obj/Debug/net8.0-android/android/bin/classes/com/microsoft/maui/R$style.class' -> 'goodrive://www.googleapis.com/:personal:/bannister/bannister/obj/Debug/net8.0-android/android/bin/classes/com/microsoft/maui/R$style.class' (73,020)
2026-08-23 05:34:40: Copy Over 'C:/rock/bannister/Bannister/obj/Debug/net8.0-android/android/bin/classes/com/microsoft/maui/R.class' -> 'goodrive://www.googleapis.com/:personal:/bannister/bannister/obj/Debug/net8.0-android/android/bin/classes/com/microsoft/maui/R.class' (972)
2026-08-23 05:34:41: Copy Over 'C:/rock/bannister/Bannister/obj/Debug/net8.0-android/android/bin/classes/com/microsoft/maui/R$styleable.class' -> 'goodrive://www.googleapis.com/:personal:/bannister/bannister/obj/Debug/net8.0-android/android/bin/classes/com/microsoft/maui/R$styleable.class' (111,244)
2026-08-23 05:34:44: Copy Over 'C:/rock/bannister/Bannister/obj/Debug/net8.0-android/android/bin/classes/androidx/arch/core/R.class' -> 'goodrive://www.googleapis.com/:personal:/bannister/bannister/obj/Debug/net8.0-android/android/bin/classes/androidx/arch/core/R.class' (195)
2026-08-23 05:34:44: Copy Over 'C:/rock/bannister/Bannister/obj/Debug/net8.0-android/android/bin/classes/androidx/appcompat/app/AlertDialog_IDialogInterfaceOnCancelListenerImplementor.class' -> 'goodrive://www.googleapis.com/:personal:/bannister/bannister/obj/Debug/net8.0-android/android/bin/classes/androidx/appcompat/app/AlertDialog_IDialogInterfaceOnCancelListenerImplementor.class' (1,806)
2026-08-23 05:34:45: Copy Over 'C:/rock/bannister/Bannister/obj/Debug/net8.0-android/android/bin/classes/androidx/appcompat/app/AlertDialog_IDialogInterfaceOnClickListenerImplementor.class' -> 'goodrive://www.googleapis.com/:personal:/bannister/bannister/obj/Debug/net8.0-android/android/bin/classes/androidx/appcompat/app/AlertDialog_IDialogInterfaceOnClickListenerImplementor.class' (1,800)
2026-08-23 05:34:47: Copy Over 'C:/rock/bannister/Bannister/obj/Debug/net8.0-android/android/bin/classes/androidx/appcompat/R$anim.class' -> 'goodrive://www.googleapis.com/:personal:/bannister/bannister/obj/Debug/net8.0-android/android/bin/classes/androidx/appcompat/R$anim.class' (1,626)
2026-08-23 05:34:47: Copy Over 'C:/rock/bannister/Bannister/obj/Debug/net8.0-android/android/bin/classes/androidx/appcompat/app/AlertDialog_IDialogInterfaceOnMultiChoiceClickListenerImplementor.class' -> 'goodrive://www.googleapis.com/:personal:/bannister/bannister/obj/Debug/net8.0-android/android/bin/classes/androidx/appcompat/app/AlertDialog_IDialogInterfaceOnMultiChoiceClickListenerImplementor.class' (1,870)
2026-08-23 05:34:48: Copy Over 'C:/rock/bannister/Bannister/obj/Debug/net8.0-android/android/bin/classes/androidx/appcompat/R$attr.class' -> 'goodrive://www.googleapis.com/:personal:/bannister/bannister/obj/Debug/net8.0-android/android/bin/classes/androidx/appcompat/R$attr.class' (11,577)
2026-08-23 05:34:50: Copy Over 'C:/rock/bannister/Bannister/obj/Debug/net8.0-android/android/bin/classes/androidx/appcompat/R$bool.class' -> 'goodrive://www.googleapis.com/:personal:/bannister/bannister/obj/Debug/net8.0-android/android/bin/classes/androidx/appcompat/R$bool.class' (389)
2026-08-23 05:34:51: Copy Over 'C:/rock/bannister/Bannister/obj/Debug/net8.0-android/android/bin/classes/androidx/appcompat/R$color.class' -> 'goodrive://www.googleapis.com/:personal:/bannister/bannister/obj/Debug/net8.0-android/android/bin/classes/androidx/appcompat/R$color.class' (4,628)
2026-08-23 05:34:52: Copy Over 'C:/rock/bannister/Bannister/obj/Debug/net8.0-android/android/bin/classes/androidx/appcompat/R$dimen.class' -> 'goodrive://www.googleapis.com/:personal:/bannister/bannister/obj/Debug/net8.0-android/android/bin/classes/androidx/appcompat/R$dimen.class' (5,751)
2026-08-23 05:34:53: Copy Over 'C:/rock/bannister/Bannister/obj/Debug/net8.0-android/android/bin/classes/androidx/appcompat/R$drawable.class' -> 'goodrive://www.googleapis.com/:personal:/bannister/bannister/obj/Debug/net8.0-android/android/bin/classes/androidx/appcompat/R$drawable.class' (5,055)
2026-08-23 05:34:54: Copy Over 'C:/rock/bannister/Bannister/obj/Debug/net8.0-android/android/bin/classes/androidx/appcompat/R$id.class' -> 'goodrive://www.googleapis.com/:personal:/bannister/bannister/obj/Debug/net8.0-android/android/bin/classes/androidx/appcompat/R$id.class' (3,121)
2026-08-23 05:34:55: Copy Over 'C:/rock/bannister/Bannister/obj/Debug/net8.0-android/android/bin/classes/androidx/appcompat/R$integer.class' -> 'goodrive://www.googleapis.com/:personal:/bannister/bannister/obj/Debug/net8.0-android/android/bin/classes/androidx/appcompat/R$integer.class' (489)
2026-08-23 05:34:56: Copy Over 'C:/rock/bannister/Bannister/obj/Debug/net8.0-android/android/bin/classes/androidx/appcompat/R$interpolator.class' -> 'goodrive://www.googleapis.com/:personal:/bannister/bannister/obj/Debug/net8.0-android/android/bin/classes/androidx/appcompat/R$interpolator.class' (779)
2026-08-23 05:34:58: Copy Over 'C:/rock/bannister/Bannister/obj/Debug/net8.0-android/android/bin/classes/androidx/appcompat/R$layout.class' -> 'goodrive://www.googleapis.com/:personal:/bannister/bannister/obj/Debug/net8.0-android/android/bin/classes/androidx/appcompat/R$layout.class' (1,918)
2026-08-23 05:34:59: Copy Over 'C:/rock/bannister/Bannister/obj/Debug/net8.0-android/android/bin/classes/androidx/appcompat/R$string.class' -> 'goodrive://www.googleapis.com/:personal:/bannister/bannister/obj/Debug/net8.0-android/android/bin/classes/androidx/appcompat/R$string.class' (1,771)
2026-08-23 05:35:00: Copy Over 'C:/rock/bannister/Bannister/obj/Debug/net8.0-android/android/bin/classes/androidx/appcompat/R$style.class' -> 'goodrive://www.googleapis.com/:personal:/bannister/bannister/obj/Debug/net8.0-android/android/bin/classes/androidx/appcompat/R$style.class' (21,413)
2026-08-23 05:35:02: Copy Over 'C:/rock/bannister/Bannister/obj/Debug/net8.0-android/android/bin/classes/androidx/appcompat/R.class' -> 'goodrive://www.googleapis.com/:personal:/bannister/bannister/obj/Debug/net8.0-android/android/bin/classes/androidx/appcompat/R.class' (866)
2026-08-23 05:35:02: Copy Over 'C:/rock/bannister/Bannister/obj/Debug/net8.0-android/android/bin/classes/androidx/appcompat/R$styleable.class' -> 'goodrive://www.googleapis.com/:personal:/bannister/bannister/obj/Debug/net8.0-android/android/bin/classes/androidx/appcompat/R$styleable.class' (25,717)
2026-08-23 05:35:03: Copy Over 'C:/rock/bannister/Bannister/obj/Debug/net8.0-android/android/bin/classes/androidx/appcompat/resources/R$drawable.class' -> 'goodrive://www.googleapis.com/:personal:/bannister/bannister/obj/Debug/net8.0-android/android/bin/classes/androidx/appcompat/resources/R$drawable.class' (351)
2026-08-23 05:35:05: Copy Over 'C:/rock/bannister/Bannister/obj/Debug/net8.0-android/android/bin/classes/androidx/appcompat/widget/Toolbar_NavigationOnClickEventDispatcher.class' -> 'goodrive://www.googleapis.com/:personal:/bannister/bannister/obj/Debug/net8.0-android/android/bin/classes/androidx/appcompat/widget/Toolbar_NavigationOnClickEventDispatcher.class' (1,926)
2026-08-23 05:35:05: Copy Over 'C:/rock/bannister/Bannister/obj/Debug/net8.0-android/android/bin/classes/androidx/appcompat/resources/R$styleable.class' -> 'goodrive://www.googleapis.com/:personal:/bannister/bannister/obj/Debug/net8.0-android/android/bin/classes/androidx/appcompat/resources/R$styleable.class' (2,066)
2026-08-23 05:35:07: Copy Over 'C:/rock/bannister/Bannister/obj/Debug/net8.0-android/android/bin/classes/androidx/appcompat/resources/R.class' -> 'goodrive://www.googleapis.com/:personal:/bannister/bannister/obj/Debug/net8.0-android/android/bin/classes/androidx/appcompat/resources/R.class' (358)
2026-08-23 05:35:08: Copy Over 'C:/rock/bannister/Bannister/obj/Debug/net8.0-android/android/bin/classes/androidx/browser/customtabs/CustomTabsClient_CustomTabsCallbackImpl.class' -> 'goodrive://www.googleapis.com/:personal:/bannister/bannister/obj/Debug/net8.0-android/android/bin/classes/androidx/browser/customtabs/CustomTabsClient_CustomTabsCallbackImpl.class' (1,811)
2026-08-23 05:35:08: Copy Over 'C:/rock/bannister/Bannister/obj/Debug/net8.0-android/android/bin/classes/androidx/cardview/R$attr.class' -> 'goodrive://www.googleapis.com/:personal:/bannister/bannister/obj/Debug/net8.0-android/android/bin/classes/androidx/cardview/R$attr.class' (779)
2026-08-23 05:35:11: Copy Over 'C:/rock/bannister/Bannister/obj/Debug/net8.0-android/android/bin/classes/androidx/cardview/R$color.class' -> 'goodrive://www.googleapis.com/:personal:/bannister/bannister/obj/Debug/net8.0-android/android/bin/classes/androidx/cardview/R$color.class' (481)
2026-08-23 05:35:11: Copy Over 'C:/rock/bannister/Bannister/obj/Debug/net8.0-android/android/bin/classes/androidx/cardview/R$dimen.class' -> 'goodrive://www.googleapis.com/:personal:/bannister/bannister/obj/Debug/net8.0-android/android/bin/classes/androidx/cardview/R$dimen.class' (433)
2026-08-23 05:35:12: Copy Over 'C:/rock/bannister/Bannister/obj/Debug/net8.0-android/android/bin/classes/androidx/cardview/R$style.class' -> 'goodrive://www.googleapis.com/:personal:/bannister/bannister/obj/Debug/net8.0-android/android/bin/classes/androidx/cardview/R$style.class' (428)
2026-08-23 05:35:14: Copy Over 'C:/rock/bannister/Bannister/obj/Debug/net8.0-android/android/bin/classes/androidx/cardview/R$styleable.class' -> 'goodrive://www.googleapis.com/:personal:/bannister/bannister/obj/Debug/net8.0-android/android/bin/classes/androidx/cardview/R$styleable.class' (1,178)
2026-08-23 05:35:15: Copy Over 'C:/rock/bannister/Bannister/obj/Debug/net8.0-android/android/bin/classes/androidx/browser/R$color.class' -> 'goodrive://www.googleapis.com/:personal:/bannister/bannister/obj/Debug/net8.0-android/android/bin/classes/androidx/browser/R$color.class' (483)
2026-08-23 05:35:15: Copy Over 'C:/rock/bannister/Bannister/obj/Debug/net8.0-android/android/bin/classes/androidx/cardview/R.class' -> 'goodrive://www.googleapis.com/:personal:/bannister/bannister/obj/Debug/net8.0-android/android/bin/classes/androidx/cardview/R.class' (458)
2026-08-23 05:35:17: Copy Over 'C:/rock/bannister/Bannister/obj/Debug/net8.0-android/android/bin/classes/androidx/browser/R$dimen.class' -> 'goodrive://www.googleapis.com/:personal:/bannister/bannister/obj/Debug/net8.0-android/android/bin/classes/androidx/browser/R$dimen.class' (408)
2026-08-23 05:35:19: Copy Over 'C:/rock/bannister/Bannister/obj/Debug/net8.0-android/android/bin/classes/androidx/browser/R$id.class' -> 'goodrive://www.googleapis.com/:personal:/bannister/bannister/obj/Debug/net8.0-android/android/bin/classes/androidx/browser/R$id.class' (534)
2026-08-23 05:35:19: Copy Over 'C:/rock/bannister/Bannister/obj/Debug/net8.0-android/android/bin/classes/androidx/browser/R$layout.class' -> 'goodrive://www.googleapis.com/:personal:/bannister/bannister/obj/Debug/net8.0-android/android/bin/classes/androidx/browser/R$layout.class' (397)
2026-08-23 05:35:20: Copy Over 'C:/rock/bannister/Bannister/obj/Debug/net8.0-android/android/bin/classes/androidx/browser/R$string.class' -> 'goodrive://www.googleapis.com/:personal:/bannister/bannister/obj/Debug/net8.0-android/android/bin/classes/androidx/browser/R$string.class' (485)
2026-08-23 05:35:22: Copy Over 'C:/rock/bannister/Bannister/obj/Debug/net8.0-android/android/bin/classes/androidx/browser/R$xml.class' -> 'goodrive://www.googleapis.com/:personal:/bannister/bannister/obj/Debug/net8.0-android/android/bin/classes/androidx/browser/R$xml.class' (323)
2026-08-23 05:35:23: Copy Over 'C:/rock/bannister/Bannister/obj/Debug/net8.0-android/android/bin/classes/androidx/browser/R.class' -> 'goodrive://www.googleapis.com/:personal:/bannister/bannister/obj/Debug/net8.0-android/android/bin/classes/androidx/browser/R.class' (486)
2026-08-23 05:35:23: Copy Over 'C:/rock/bannister/Bannister/obj/Debug/net8.0-android/android/bin/classes/androidx/coordinatorlayout/R$attr.class' -> 'goodrive://www.googleapis.com/:personal:/bannister/bannister/obj/Debug/net8.0-android/android/bin/classes/androidx/coordinatorlayout/R$attr.class' (665)
2026-08-23 05:35:25: Copy Over 'C:/rock/bannister/Bannister/obj/Debug/net8.0-android/android/bin/classes/androidx/constraintlayout/widget/R$anim.class' -> 'goodrive://www.googleapis.com/:personal:/bannister/bannister/obj/Debug/net8.0-android/android/bin/classes/androidx/constraintlayout/widget/R$anim.class' (1,654)
2026-08-23 05:35:26: Copy Over 'C:/rock/bannister/Bannister/obj/Debug/net8.0-android/android/bin/classes/androidx/constraintlayout/widget/R$attr.class' -> 'goodrive://www.googleapis.com/:personal:/bannister/bannister/obj/Debug/net8.0-android/android/bin/classes/androidx/constraintlayout/widget/R$attr.class' (23,341)
2026-08-23 05:35:27: Copy Over 'C:/rock/bannister/Bannister/obj/Debug/net8.0-android/android/bin/classes/androidx/constraintlayout/widget/R$bool.class' -> 'goodrive://www.googleapis.com/:personal:/bannister/bannister/obj/Debug/net8.0-android/android/bin/classes/androidx/constraintlayout/widget/R$bool.class' (417)
2026-08-23 05:35:29: Copy Over 'C:/rock/bannister/Bannister/obj/Debug/net8.0-android/android/bin/classes/androidx/constraintlayout/widget/R$color.class' -> 'goodrive://www.googleapis.com/:personal:/bannister/bannister/obj/Debug/net8.0-android/android/bin/classes/androidx/constraintlayout/widget/R$color.class' (4,896)
2026-08-23 05:35:29: Copy Over 'C:/rock/bannister/Bannister/obj/Debug/net8.0-android/android/bin/classes/androidx/constraintlayout/widget/R$dimen.class' -> 'goodrive://www.googleapis.com/:personal:/bannister/bannister/obj/Debug/net8.0-android/android/bin/classes/androidx/constraintlayout/widget/R$dimen.class' (6,927)
2026-08-23 05:35:30: Copy Over 'C:/rock/bannister/Bannister/obj/Debug/net8.0-android/android/bin/classes/androidx/constraintlayout/widget/R$drawable.class' -> 'goodrive://www.googleapis.com/:personal:/bannister/bannister/obj/Debug/net8.0-android/android/bin/classes/androidx/constraintlayout/widget/R$drawable.class' (5,417)
2026-08-23 05:35:32: Copy Over 'C:/rock/bannister/Bannister/obj/Debug/net8.0-android/android/bin/classes/androidx/constraintlayout/widget/R$id.class' -> 'goodrive://www.googleapis.com/:personal:/bannister/bannister/obj/Debug/net8.0-android/android/bin/classes/androidx/constraintlayout/widget/R$id.class' (9,913)
2026-08-23 05:35:32: Copy Over 'C:/rock/bannister/Bannister/obj/Debug/net8.0-android/android/bin/classes/androidx/constraintlayout/widget/R$integer.class' -> 'goodrive://www.googleapis.com/:personal:/bannister/bannister/obj/Debug/net8.0-android/android/bin/classes/androidx/constraintlayout/widget/R$integer.class' (576)
2026-08-23 05:35:33: Copy Over 'C:/rock/bannister/Bannister/obj/Debug/net8.0-android/android/bin/classes/androidx/constraintlayout/widget/R$interpolator.class' -> 'goodrive://www.googleapis.com/:personal:/bannister/bannister/obj/Debug/net8.0-android/android/bin/classes/androidx/constraintlayout/widget/R$interpolator.class' (807)
2026-08-23 05:35:35: Copy Over 'C:/rock/bannister/Bannister/obj/Debug/net8.0-android/android/bin/classes/androidx/constraintlayout/widget/R$layout.class' -> 'goodrive://www.googleapis.com/:personal:/bannister/bannister/obj/Debug/net8.0-android/android/bin/classes/androidx/constraintlayout/widget/R$layout.class' (2,308)
2026-08-23 05:35:35: Copy Over 'C:/rock/bannister/Bannister/obj/Debug/net8.0-android/android/bin/classes/androidx/constraintlayout/widget/R$string.class' -> 'goodrive://www.googleapis.com/:personal:/bannister/bannister/obj/Debug/net8.0-android/android/bin/classes/androidx/constraintlayout/widget/R$string.class' (1,860)
2026-08-23 05:35:37: Copy Over 'C:/rock/bannister/Bannister/obj/Debug/net8.0-android/android/bin/classes/androidx/constraintlayout/widget/R$style.class' -> 'goodrive://www.googleapis.com/:personal:/bannister/bannister/obj/Debug/net8.0-android/android/bin/classes/androidx/constraintlayout/widget/R$style.class' (21,878)
2026-08-23 05:35:38: Copy Over 'C:/rock/bannister/Bannister/obj/Debug/net8.0-android/android/bin/classes/androidx/constraintlayout/widget/R$styleable.class' -> 'goodrive://www.googleapis.com/:personal:/bannister/bannister/obj/Debug/net8.0-android/android/bin/classes/androidx/constraintlayout/widget/R$styleable.class' (82,207)
2026-08-23 05:35:39: Copy Over 'C:/rock/bannister/Bannister/obj/Debug/net8.0-android/android/bin/classes/androidx/constraintlayout/widget/R.class' -> 'goodrive://www.googleapis.com/:personal:/bannister/bannister/obj/Debug/net8.0-android/android/bin/classes/androidx/constraintlayout/widget/R.class' (1,062)
2026-08-23 05:35:40: Copy Over 'C:/rock/bannister/Bannister/obj/Debug/net8.0-android/android/bin/classes/androidx/coordinatorlayout/R$id.class' -> 'goodrive://www.googleapis.com/:personal:/bannister/bannister/obj/Debug/net8.0-android/android/bin/classes/androidx/coordinatorlayout/R$id.class' (494)
2026-08-23 05:35:42: Copy Over 'C:/rock/bannister/Bannister/obj/Debug/net8.0-android/android/bin/classes/androidx/coordinatorlayout/R$style.class' -> 'goodrive://www.googleapis.com/:personal:/bannister/bannister/obj/Debug/net8.0-android/android/bin/classes/androidx/coordinatorlayout/R$style.class' (358)
2026-08-23 05:35:42: Copy Over 'C:/rock/bannister/Bannister/obj/Debug/net8.0-android/android/bin/classes/androidx/coordinatorlayout/R$styleable.class' -> 'goodrive://www.googleapis.com/:personal:/bannister/bannister/obj/Debug/net8.0-android/android/bin/classes/androidx/coordinatorlayout/R$styleable.class' (1,122)
2026-08-23 05:35:43: Copy Over 'C:/rock/bannister/Bannister/obj/Debug/net8.0-android/android/bin/classes/androidx/coordinatorlayout/R.class' -> 'goodrive://www.googleapis.com/:personal:/bannister/bannister/obj/Debug/net8.0-android/android/bin/classes/androidx/coordinatorlayout/R.class' (450)
2026-08-23 05:35:45: Copy Over 'C:/rock/bannister/Bannister/obj/Debug/net8.0-android/android/bin/classes/androidx/cursoradapter/R.class' -> 'goodrive://www.googleapis.com/:personal:/bannister/bannister/obj/Debug/net8.0-android/android/bin/classes/androidx/cursoradapter/R.class' (199)
2026-08-23 05:35:45: Copy Over 'C:/rock/bannister/Bannister/obj/Debug/net8.0-android/android/bin/classes/androidx/core/ktx/R.class' -> 'goodrive://www.googleapis.com/:personal:/bannister/bannister/obj/Debug/net8.0-android/android/bin/classes/androidx/core/ktx/R.class' (194)
2026-08-23 05:35:47: Copy Over 'C:/rock/bannister/Bannister/obj/Debug/net8.0-android/android/bin/classes/androidx/core/R$attr.class' -> 'goodrive://www.googleapis.com/:personal:/bannister/bannister/obj/Debug/net8.0-android/android/bin/classes/androidx/core/R$attr.class' (950)
2026-08-23 05:35:48: Copy Over 'C:/rock/bannister/Bannister/obj/Debug/net8.0-android/android/bin/classes/androidx/core/R$color.class' -> 'goodrive://www.googleapis.com/:personal:/bannister/bannister/obj/Debug/net8.0-android/android/bin/classes/androidx/core/R$color.class' (625)
2026-08-23 05:35:49: Copy Over 'C:/rock/bannister/Bannister/obj/Debug/net8.0-android/android/bin/classes/androidx/core/R$dimen.class' -> 'goodrive://www.googleapis.com/:personal:/bannister/bannister/obj/Debug/net8.0-android/android/bin/classes/androidx/core/R$dimen.class' (1,537)
2026-08-23 05:35:50: Copy Over 'C:/rock/bannister/Bannister/obj/Debug/net8.0-android/android/bin/classes/androidx/core/R$drawable.class' -> 'goodrive://www.googleapis.com/:personal:/bannister/bannister/obj/Debug/net8.0-android/android/bin/classes/androidx/core/R$drawable.class' (1,136)
2026-08-23 05:35:52: Copy Over 'C:/rock/bannister/Bannister/obj/Debug/net8.0-android/android/bin/classes/androidx/core/R$id.class' -> 'goodrive://www.googleapis.com/:personal:/bannister/bannister/obj/Debug/net8.0-android/android/bin/classes/androidx/core/R$id.class' (3,611)
2026-08-23 05:35:53: Copy Over 'C:/rock/bannister/Bannister/obj/Debug/net8.0-android/android/bin/classes/androidx/core/R$integer.class' -> 'goodrive://www.googleapis.com/:personal:/bannister/bannister/obj/Debug/net8.0-android/android/bin/classes/androidx/core/R$integer.class' (339)
2026-08-23 05:35:53: Copy Over 'C:/rock/bannister/Bannister/obj/Debug/net8.0-android/android/bin/classes/androidx/core/R$layout.class' -> 'goodrive://www.googleapis.com/:personal:/bannister/bannister/obj/Debug/net8.0-android/android/bin/classes/androidx/core/R$layout.class' (640)
2026-08-23 05:35:56: Copy Over 'C:/rock/bannister/Bannister/obj/Debug/net8.0-android/android/bin/classes/androidx/core/R$string.class' -> 'goodrive://www.googleapis.com/:personal:/bannister/bannister/obj/Debug/net8.0-android/android/bin/classes/androidx/core/R$string.class' (732)
2026-08-23 05:35:56: Copy Over 'C:/rock/bannister/Bannister/obj/Debug/net8.0-android/android/bin/classes/androidx/core/R$style.class' -> 'goodrive://www.googleapis.com/:personal:/bannister/bannister/obj/Debug/net8.0-android/android/bin/classes/androidx/core/R$style.class' (713)
2026-08-23 05:35:57: Copy Over 'C:/rock/bannister/Bannister/obj/Debug/net8.0-android/android/bin/classes/androidx/core/R$styleable.class' -> 'goodrive://www.googleapis.com/:personal:/bannister/bannister/obj/Debug/net8.0-android/android/bin/classes/androidx/core/R$styleable.class' (2,912)
2026-08-23 05:35:59: Copy Over 'C:/rock/bannister/Bannister/obj/Debug/net8.0-android/android/bin/classes/androidx/core/R.class' -> 'goodrive://www.googleapis.com/:personal:/bannister/bannister/obj/Debug/net8.0-android/android/bin/classes/androidx/core/R.class' (657)
2026-08-23 05:35:59: Copy Over 'C:/rock/bannister/Bannister/obj/Debug/net8.0-android/android/bin/classes/androidx/documentfile/R.class' -> 'goodrive://www.googleapis.com/:personal:/bannister/bannister/obj/Debug/net8.0-android/android/bin/classes/androidx/documentfile/R.class' (198)
2026-08-23 05:36:00: Copy Over 'C:/rock/bannister/Bannister/obj/Debug/net8.0-android/android/bin/classes/androidx/customview/poolingcontainer/R$id.class' -> 'goodrive://www.googleapis.com/:personal:/bannister/bannister/obj/Debug/net8.0-android/android/bin/classes/androidx/customview/poolingcontainer/R$id.class' (425)
2026-08-23 05:36:02: Copy Over 'C:/rock/bannister/Bannister/obj/Debug/net8.0-android/android/bin/classes/androidx/customview/R$attr.class' -> 'goodrive://www.googleapis.com/:personal:/bannister/bannister/obj/Debug/net8.0-android/android/bin/classes/androidx/customview/R$attr.class' (754)
2026-08-23 05:36:02: Copy Over 'C:/rock/bannister/Bannister/obj/Debug/net8.0-android/android/bin/classes/androidx/customview/poolingcontainer/R.class' -> 'goodrive://www.googleapis.com/:personal:/bannister/bannister/obj/Debug/net8.0-android/android/bin/classes/androidx/customview/poolingcontainer/R.class' (296)
2026-08-23 05:36:04: Copy Over 'C:/rock/bannister/Bannister/obj/Debug/net8.0-android/android/bin/classes/androidx/customview/R$color.class' -> 'goodrive://www.googleapis.com/:personal:/bannister/bannister/obj/Debug/net8.0-android/android/bin/classes/androidx/customview/R$color.class' (528)
2026-08-23 05:36:06: Copy Over 'C:/rock/bannister/Bannister/obj/Debug/net8.0-android/android/bin/classes/androidx/customview/R$drawable.class' -> 'goodrive://www.googleapis.com/:personal:/bannister/bannister/obj/Debug/net8.0-android/android/bin/classes/androidx/customview/R$drawable.class' (894)
2026-08-23 05:36:06: Copy Over 'C:/rock/bannister/Bannister/obj/Debug/net8.0-android/android/bin/classes/androidx/customview/R$dimen.class' -> 'goodrive://www.googleapis.com/:personal:/bannister/bannister/obj/Debug/net8.0-android/android/bin/classes/androidx/customview/R$dimen.class' (1,549)
2026-08-23 05:36:07: Copy Over 'C:/rock/bannister/Bannister/obj/Debug/net8.0-android/android/bin/classes/androidx/customview/R$id.class' -> 'goodrive://www.googleapis.com/:personal:/bannister/bannister/obj/Debug/net8.0-android/android/bin/classes/androidx/customview/R$id.class' (3,354)
2026-08-23 05:36:09: Copy Over 'C:/rock/bannister/Bannister/obj/Debug/net8.0-android/android/bin/classes/androidx/customview/R$integer.class' -> 'goodrive://www.googleapis.com/:personal:/bannister/bannister/obj/Debug/net8.0-android/android/bin/classes/androidx/customview/R$integer.class' (351)
2026-08-23 05:36:09: Copy Over 'C:/rock/bannister/Bannister/obj/Debug/net8.0-android/android/bin/classes/androidx/customview/R$layout.class' -> 'goodrive://www.googleapis.com/:personal:/bannister/bannister/obj/Debug/net8.0-android/android/bin/classes/androidx/customview/R$layout.class' (652)
2026-08-23 05:36:11: Copy Over 'C:/rock/bannister/Bannister/obj/Debug/net8.0-android/android/bin/classes/androidx/customview/R$string.class' -> 'goodrive://www.googleapis.com/:personal:/bannister/bannister/obj/Debug/net8.0-android/android/bin/classes/androidx/customview/R$string.class' (351)
2026-08-23 05:36:13: Copy Over 'C:/rock/bannister/Bannister/obj/Debug/net8.0-android/android/bin/classes/androidx/customview/R$style.class' -> 'goodrive://www.googleapis.com/:personal:/bannister/bannister/obj/Debug/net8.0-android/android/bin/classes/androidx/customview/R$style.class' (725)
2026-08-23 05:36:13: Copy Over 'C:/rock/bannister/Bannister/obj/Debug/net8.0-android/android/bin/classes/androidx/customview/R$styleable.class' -> 'goodrive://www.googleapis.com/:personal:/bannister/bannister/obj/Debug/net8.0-android/android/bin/classes/androidx/customview/R$styleable.class' (2,617)
2026-08-23 05:36:14: Copy Over 'C:/rock/bannister/Bannister/obj/Debug/net8.0-android/android/bin/classes/androidx/customview/R.class' -> 'goodrive://www.googleapis.com/:personal:/bannister/bannister/obj/Debug/net8.0-android/android/bin/classes/androidx/customview/R.class' (723)
2026-08-23 05:36:17: Copy Over 'C:/rock/bannister/Bannister/obj/Debug/net8.0-android/android/bin/classes/androidx/dynamicanimation/R$attr.class' -> 'goodrive://www.googleapis.com/:personal:/bannister/bannister/obj/Debug/net8.0-android/android/bin/classes/androidx/dynamicanimation/R$attr.class' (766)
2026-08-23 05:36:18: Copy Over 'C:/rock/bannister/Bannister/obj/Debug/net8.0-android/android/bin/classes/androidx/drawerlayout/R$attr.class' -> 'goodrive://www.googleapis.com/:personal:/bannister/bannister/obj/Debug/net8.0-android/android/bin/classes/androidx/drawerlayout/R$attr.class' (364)
2026-08-23 05:36:18: Copy Over 'C:/rock/bannister/Bannister/obj/Debug/net8.0-android/android/bin/classes/androidx/dynamicanimation/R$color.class' -> 'goodrive://www.googleapis.com/:personal:/bannister/bannister/obj/Debug/net8.0-android/android/bin/classes/androidx/dynamicanimation/R$color.class' (512)
2026-08-23 05:36:20: Copy Over 'C:/rock/bannister/Bannister/obj/Debug/net8.0-android/android/bin/classes/androidx/dynamicanimation/R$dimen.class' -> 'goodrive://www.googleapis.com/:personal:/bannister/bannister/obj/Debug/net8.0-android/android/bin/classes/androidx/dynamicanimation/R$dimen.class' (1,561)
2026-08-23 05:36:21: Copy Over 'C:/rock/bannister/Bannister/obj/Debug/net8.0-android/android/bin/classes/androidx/dynamicanimation/R$drawable.class' -> 'goodrive://www.googleapis.com/:personal:/bannister/bannister/obj/Debug/net8.0-android/android/bin/classes/androidx/dynamicanimation/R$drawable.class' (906)
2026-08-23 05:36:21: Copy Over 'C:/rock/bannister/Bannister/obj/Debug/net8.0-android/android/bin/classes/androidx/dynamicanimation/R$id.class' -> 'goodrive://www.googleapis.com/:personal:/bannister/bannister/obj/Debug/net8.0-android/android/bin/classes/androidx/dynamicanimation/R$id.class' (1,294)
2026-08-23 05:36:23: Copy Over 'C:/rock/bannister/Bannister/obj/Debug/net8.0-android/android/bin/classes/androidx/dynamicanimation/R$integer.class' -> 'goodrive://www.googleapis.com/:personal:/bannister/bannister/obj/Debug/net8.0-android/android/bin/classes/androidx/dynamicanimation/R$integer.class' (363)
2026-08-23 05:36:25: Copy Over 'C:/rock/bannister/Bannister/obj/Debug/net8.0-android/android/bin/classes/androidx/dynamicanimation/R$layout.class' -> 'goodrive://www.googleapis.com/:personal:/bannister/bannister/obj/Debug/net8.0-android/android/bin/classes/androidx/dynamicanimation/R$layout.class' (627)
2026-08-23 05:36:25: Copy Over 'C:/rock/bannister/Bannister/obj/Debug/net8.0-android/android/bin/classes/androidx/dynamicanimation/R$string.class' -> 'goodrive://www.googleapis.com/:personal:/bannister/bannister/obj/Debug/net8.0-android/android/bin/classes/androidx/dynamicanimation/R$string.class' (363)
2026-08-23 05:36:27: Copy Over 'C:/rock/bannister/Bannister/obj/Debug/net8.0-android/android/bin/classes/androidx/dynamicanimation/R$style.class' -> 'goodrive://www.googleapis.com/:personal:/bannister/bannister/obj/Debug/net8.0-android/android/bin/classes/androidx/dynamicanimation/R$style.class' (737)
2026-08-23 05:36:28: Copy Over 'C:/rock/bannister/Bannister/obj/Debug/net8.0-android/android/bin/classes/androidx/dynamicanimation/R$styleable.class' -> 'goodrive://www.googleapis.com/:personal:/bannister/bannister/obj/Debug/net8.0-android/android/bin/classes/androidx/dynamicanimation/R$styleable.class' (2,629)
2026-08-23 05:36:29: Copy Over 'C:/rock/bannister/Bannister/obj/Debug/net8.0-android/android/bin/classes/androidx/dynamicanimation/R.class' -> 'goodrive://www.googleapis.com/:personal:/bannister/bannister/obj/Debug/net8.0-android/android/bin/classes/androidx/dynamicanimation/R.class' (789)
2026-08-23 05:36:30: Copy Over 'C:/rock/bannister/Bannister/obj/Debug/net8.0-android/android/bin/classes/androidx/drawerlayout/R$dimen.class' -> 'goodrive://www.googleapis.com/:personal:/bannister/bannister/obj/Debug/net8.0-android/android/bin/classes/androidx/drawerlayout/R$dimen.class' (336)
2026-08-23 05:36:31: Copy Over 'C:/rock/bannister/Bannister/obj/Debug/net8.0-android/android/bin/classes/androidx/drawerlayout/R$styleable.class' -> 'goodrive://www.googleapis.com/:personal:/bannister/bannister/obj/Debug/net8.0-android/android/bin/classes/androidx/drawerlayout/R$styleable.class' (450)
2026-08-23 05:36:32: Copy Over 'C:/rock/bannister/Bannister/obj/Debug/net8.0-android/android/bin/classes/androidx/drawerlayout/R.class' -> 'goodrive://www.googleapis.com/:personal:/bannister/bannister/obj/Debug/net8.0-android/android/bin/classes/androidx/drawerlayout/R.class' (380)
2026-08-23 05:36:34: Copy Over 'C:/rock/bannister/Bannister/obj/Debug/net8.0-android/android/bin/classes/androidx/emoji2/R.class' -> 'goodrive://www.googleapis.com/:personal:/bannister/bannister/obj/Debug/net8.0-android/android/bin/classes/androidx/emoji2/R.class' (192)
2026-08-23 05:36:35: Copy Over 'C:/rock/bannister/Bannister/obj/Debug/net8.0-android/android/bin/classes/androidx/exifinterface/R.class' -> 'goodrive://www.googleapis.com/:personal:/bannister/bannister/obj/Debug/net8.0-android/android/bin/classes/androidx/exifinterface/R.class' (199)
2026-08-23 05:36:35: Copy Over 'C:/rock/bannister/Bannister/obj/Debug/net8.0-android/android/bin/classes/androidx/emoji2/viewsintegration/R.class' -> 'goodrive://www.googleapis.com/:personal:/bannister/bannister/obj/Debug/net8.0-android/android/bin/classes/androidx/emoji2/viewsintegration/R.class' (209)
2026-08-23 05:36:37: Copy Over 'C:/rock/bannister/Bannister/obj/Debug/net8.0-android/android/bin/classes/androidx/fragment/R$anim.class' -> 'goodrive://www.googleapis.com/:personal:/bannister/bannister/obj/Debug/net8.0-android/android/bin/classes/androidx/fragment/R$anim.class' (337)
2026-08-23 05:36:38: Copy Over 'C:/rock/bannister/Bannister/obj/Debug/net8.0-android/android/bin/classes/androidx/fragment/ktx/R.class' -> 'goodrive://www.googleapis.com/:personal:/bannister/bannister/obj/Debug/net8.0-android/android/bin/classes/androidx/fragment/ktx/R.class' (198)
2026-08-23 05:36:38: Copy Over 'C:/rock/bannister/Bannister/obj/Debug/net8.0-android/android/bin/classes/androidx/fragment/R$animator.class' -> 'goodrive://www.googleapis.com/:personal:/bannister/bannister/obj/Debug/net8.0-android/android/bin/classes/androidx/fragment/R$animator.class' (547)
2026-08-23 05:36:41: Copy Over 'C:/rock/bannister/Bannister/obj/Debug/net8.0-android/android/bin/classes/androidx/fragment/R$id.class' -> 'goodrive://www.googleapis.com/:personal:/bannister/bannister/obj/Debug/net8.0-android/android/bin/classes/androidx/fragment/R$id.class' (446)
2026-08-23 05:36:41: Copy Over 'C:/rock/bannister/Bannister/obj/Debug/net8.0-android/android/bin/classes/androidx/fragment/R$styleable.class' -> 'goodrive://www.googleapis.com/:personal:/bannister/bannister/obj/Debug/net8.0-android/android/bin/classes/androidx/fragment/R$styleable.class' (711)
2026-08-23 05:36:41: Copy Over 'C:/rock/bannister/Bannister/obj/Debug/net8.0-android/android/bin/classes/androidx/fragment/R.class' -> 'goodrive://www.googleapis.com/:personal:/bannister/bannister/obj/Debug/net8.0-android/android/bin/classes/androidx/fragment/R.class' (411)
2026-08-23 05:36:44: Copy Over 'C:/rock/bannister/Bannister/obj/Debug/net8.0-android/android/bin/classes/androidx/interpolator/R.class' -> 'goodrive://www.googleapis.com/:personal:/bannister/bannister/obj/Debug/net8.0-android/android/bin/classes/androidx/interpolator/R.class' (198)
2026-08-23 05:36:45: Copy Over 'C:/rock/bannister/Bannister/obj/Debug/net8.0-android/android/bin/classes/androidx/lifecycle/ktx/R.class' -> 'goodrive://www.googleapis.com/:personal:/bannister/bannister/obj/Debug/net8.0-android/android/bin/classes/androidx/lifecycle/ktx/R.class' (199)
2026-08-23 05:36:45: Copy Over 'C:/rock/bannister/Bannister/obj/Debug/net8.0-android/android/bin/classes/androidx/legacy/coreutils/R$attr.class' -> 'goodrive://www.googleapis.com/:personal:/bannister/bannister/obj/Debug/net8.0-android/android/bin/classes/androidx/legacy/coreutils/R$attr.class' (766)
2026-08-23 05:36:47: Copy Over 'C:/rock/bannister/Bannister/obj/Debug/net8.0-android/android/bin/classes/androidx/lifecycle/livedata/R.class' -> 'goodrive://www.googleapis.com/:personal:/bannister/bannister/obj/Debug/net8.0-android/android/bin/classes/androidx/lifecycle/livedata/R.class' (204)
2026-08-23 05:36:48: Copy Over 'C:/rock/bannister/Bannister/obj/Debug/net8.0-android/android/bin/classes/androidx/lifecycle/livedata/core/R.class' -> 'goodrive://www.googleapis.com/:personal:/bannister/bannister/obj/Debug/net8.0-android/android/bin/classes/androidx/lifecycle/livedata/core/R.class' (209)
2026-08-23 05:36:48: Copy Over 'C:/rock/bannister/Bannister/obj/Debug/net8.0-android/android/bin/classes/androidx/lifecycle/livedata/core/ktx/R.class' -> 'goodrive://www.googleapis.com/:personal:/bannister/bannister/obj/Debug/net8.0-android/android/bin/classes/androidx/lifecycle/livedata/core/ktx/R.class' (213)
2026-08-23 05:36:51: Copy Over 'C:/rock/bannister/Bannister/obj/Debug/net8.0-android/android/bin/classes/androidx/lifecycle/runtime/R$id.class' -> 'goodrive://www.googleapis.com/:personal:/bannister/bannister/obj/Debug/net8.0-android/android/bin/classes/androidx/lifecycle/runtime/R$id.class' (345)
2026-08-23 05:36:51: Copy Over 'C:/rock/bannister/Bannister/obj/Debug/net8.0-android/android/bin/classes/androidx/lifecycle/process/R.class' -> 'goodrive://www.googleapis.com/:personal:/bannister/bannister/obj/Debug/net8.0-android/android/bin/classes/androidx/lifecycle/process/R.class' (203)
2026-08-23 05:36:51: Copy Over 'C:/rock/bannister/Bannister/obj/Debug/net8.0-android/android/bin/classes/androidx/lifecycle/runtime/R.class' -> 'goodrive://www.googleapis.com/:personal:/bannister/bannister/obj/Debug/net8.0-android/android/bin/classes/androidx/lifecycle/runtime/R.class' (276)
2026-08-23 05:36:54: Copy Over 'C:/rock/bannister/Bannister/obj/Debug/net8.0-android/android/bin/classes/androidx/legacy/coreutils/R$color.class' -> 'goodrive://www.googleapis.com/:personal:/bannister/bannister/obj/Debug/net8.0-android/android/bin/classes/androidx/legacy/coreutils/R$color.class' (512)
2026-08-23 05:36:54: Copy Over 'C:/rock/bannister/Bannister/obj/Debug/net8.0-android/android/bin/classes/androidx/lifecycle/viewmodel/ktx/R.class' -> 'goodrive://www.googleapis.com/:personal:/bannister/bannister/obj/Debug/net8.0-android/android/bin/classes/androidx/lifecycle/viewmodel/ktx/R.class' (209)
2026-08-23 05:36:55: Copy Over 'C:/rock/bannister/Bannister/obj/Debug/net8.0-android/android/bin/classes/androidx/lifecycle/viewmodel/R$id.class' -> 'goodrive://www.googleapis.com/:personal:/bannister/bannister/obj/Debug/net8.0-android/android/bin/classes/androidx/lifecycle/viewmodel/R$id.class' (356)
2026-08-23 05:36:58: Copy Over 'C:/rock/bannister/Bannister/obj/Debug/net8.0-android/android/bin/classes/androidx/legacy/coreutils/R$dimen.class' -> 'goodrive://www.googleapis.com/:personal:/bannister/bannister/obj/Debug/net8.0-android/android/bin/classes/androidx/legacy/coreutils/R$dimen.class' (1,561)
2026-08-23 05:36:58: Copy Over 'C:/rock/bannister/Bannister/obj/Debug/net8.0-android/android/bin/classes/androidx/lifecycle/viewmodel/R.class' -> 'goodrive://www.googleapis.com/:personal:/bannister/bannister/obj/Debug/net8.0-android/android/bin/classes/androidx/lifecycle/viewmodel/R.class' (280)
2026-08-23 05:36:58: Copy Over 'C:/rock/bannister/Bannister/obj/Debug/net8.0-android/android/bin/classes/androidx/lifecycle/viewmodel/savedstate/R.class' -> 'goodrive://www.googleapis.com/:personal:/bannister/bannister/obj/Debug/net8.0-android/android/bin/classes/androidx/lifecycle/viewmodel/savedstate/R.class' (216)
2026-08-23 05:37:01: Copy Over 'C:/rock/bannister/Bannister/obj/Debug/net8.0-android/android/bin/classes/androidx/legacy/coreutils/R$id.class' -> 'goodrive://www.googleapis.com/:personal:/bannister/bannister/obj/Debug/net8.0-android/android/bin/classes/androidx/legacy/coreutils/R$id.class' (1,294)
2026-08-23 05:37:01: Copy Over 'C:/rock/bannister/Bannister/obj/Debug/net8.0-android/android/bin/classes/androidx/legacy/coreutils/R$integer.class' -> 'goodrive://www.googleapis.com/:personal:/bannister/bannister/obj/Debug/net8.0-android/android/bin/classes/androidx/legacy/coreutils/R$integer.class' (363)
2026-08-23 05:37:01: Copy Over 'C:/rock/bannister/Bannister/obj/Debug/net8.0-android/android/bin/classes/androidx/legacy/coreutils/R$drawable.class' -> 'goodrive://www.googleapis.com/:personal:/bannister/bannister/obj/Debug/net8.0-android/android/bin/classes/androidx/legacy/coreutils/R$drawable.class' (906)
2026-08-23 05:37:05: Copy Over 'C:/rock/bannister/Bannister/obj/Debug/net8.0-android/android/bin/classes/androidx/legacy/coreutils/R$layout.class' -> 'goodrive://www.googleapis.com/:personal:/bannister/bannister/obj/Debug/net8.0-android/android/bin/classes/androidx/legacy/coreutils/R$layout.class' (627)
2026-08-23 05:37:05: Copy Over 'C:/rock/bannister/Bannister/obj/Debug/net8.0-android/android/bin/classes/androidx/legacy/coreutils/R$style.class' -> 'goodrive://www.googleapis.com/:personal:/bannister/bannister/obj/Debug/net8.0-android/android/bin/classes/androidx/legacy/coreutils/R$style.class' (737)
2026-08-23 05:37:05: Copy Over 'C:/rock/bannister/Bannister/obj/Debug/net8.0-android/android/bin/classes/androidx/legacy/coreutils/R$string.class' -> 'goodrive://www.googleapis.com/:personal:/bannister/bannister/obj/Debug/net8.0-android/android/bin/classes/androidx/legacy/coreutils/R$string.class' (363)
2026-08-23 05:37:08: Copy Over 'C:/rock/bannister/Bannister/obj/Debug/net8.0-android/android/bin/classes/androidx/legacy/coreutils/R.class' -> 'goodrive://www.googleapis.com/:personal:/bannister/bannister/obj/Debug/net8.0-android/android/bin/classes/androidx/legacy/coreutils/R.class' (789)
2026-08-23 05:37:08: Copy Over 'C:/rock/bannister/Bannister/obj/Debug/net8.0-android/android/bin/classes/androidx/legacy/coreutils/R$styleable.class' -> 'goodrive://www.googleapis.com/:personal:/bannister/bannister/obj/Debug/net8.0-android/android/bin/classes/androidx/legacy/coreutils/R$styleable.class' (2,629)
2026-08-23 05:37:08: Copy Over 'C:/rock/bannister/Bannister/obj/Debug/net8.0-android/android/bin/classes/androidx/loader/R$attr.class' -> 'goodrive://www.googleapis.com/:personal:/bannister/bannister/obj/Debug/net8.0-android/android/bin/classes/androidx/loader/R$attr.class' (746)
2026-08-23 05:37:11: Copy Over 'C:/rock/bannister/Bannister/obj/Debug/net8.0-android/android/bin/classes/androidx/localbroadcastmanager/R.class' -> 'goodrive://www.googleapis.com/:personal:/bannister/bannister/obj/Debug/net8.0-android/android/bin/classes/androidx/localbroadcastmanager/R.class' (207)
2026-08-23 05:37:11: Copy Over 'C:/rock/bannister/Bannister/obj/Debug/net8.0-android/android/bin/classes/androidx/loader/R$color.class' -> 'goodrive://www.googleapis.com/:personal:/bannister/bannister/obj/Debug/net8.0-android/android/bin/classes/androidx/loader/R$color.class' (492)
2026-08-23 05:37:12: Copy Over 'C:/rock/bannister/Bannister/obj/Debug/net8.0-android/android/bin/classes/androidx/loader/R$dimen.class' -> 'goodrive://www.googleapis.com/:personal:/bannister/bannister/obj/Debug/net8.0-android/android/bin/classes/androidx/loader/R$dimen.class' (1,541)
2026-08-23 05:37:15: Copy Over 'C:/rock/bannister/Bannister/obj/Debug/net8.0-android/android/bin/classes/androidx/loader/R$integer.class' -> 'goodrive://www.googleapis.com/:personal:/bannister/bannister/obj/Debug/net8.0-android/android/bin/classes/androidx/loader/R$integer.class' (343)
2026-08-23 05:37:15: Copy Over 'C:/rock/bannister/Bannister/obj/Debug/net8.0-android/android/bin/classes/androidx/loader/R$drawable.class' -> 'goodrive://www.googleapis.com/:personal:/bannister/bannister/obj/Debug/net8.0-android/android/bin/classes/androidx/loader/R$drawable.class' (886)
2026-08-23 05:37:15: Copy Over 'C:/rock/bannister/Bannister/obj/Debug/net8.0-android/android/bin/classes/androidx/loader/R$id.class' -> 'goodrive://www.googleapis.com/:personal:/bannister/bannister/obj/Debug/net8.0-android/android/bin/classes/androidx/loader/R$id.class' (1,274)
2026-08-23 05:37:18: Copy Over 'C:/rock/bannister/Bannister/obj/Debug/net8.0-android/android/bin/classes/androidx/loader/R$layout.class' -> 'goodrive://www.googleapis.com/:personal:/bannister/bannister/obj/Debug/net8.0-android/android/bin/classes/androidx/loader/R$layout.class' (607)
2026-08-23 05:37:18: Copy Over 'C:/rock/bannister/Bannister/obj/Debug/net8.0-android/android/bin/classes/androidx/loader/R$style.class' -> 'goodrive://www.googleapis.com/:personal:/bannister/bannister/obj/Debug/net8.0-android/android/bin/classes/androidx/loader/R$style.class' (717)
2026-08-23 05:37:18: Copy Over 'C:/rock/bannister/Bannister/obj/Debug/net8.0-android/android/bin/classes/androidx/loader/R$string.class' -> 'goodrive://www.googleapis.com/:personal:/bannister/bannister/obj/Debug/net8.0-android/android/bin/classes/androidx/loader/R$string.class' (343)
2026-08-23 05:37:21: Copy Over 'C:/rock/bannister/Bannister/obj/Debug/net8.0-android/android/bin/classes/androidx/loader/R$styleable.class' -> 'goodrive://www.googleapis.com/:personal:/bannister/bannister/obj/Debug/net8.0-android/android/bin/classes/androidx/loader/R$styleable.class' (2,609)
2026-08-23 05:37:21: Copy Over 'C:/rock/bannister/Bannister/obj/Debug/net8.0-android/android/bin/classes/androidx/loader/R.class' -> 'goodrive://www.googleapis.com/:personal:/bannister/bannister/obj/Debug/net8.0-android/android/bin/classes/androidx/loader/R.class' (679)
2026-08-23 05:37:21: Copy Over 'C:/rock/bannister/Bannister/obj/Debug/net8.0-android/android/bin/classes/androidx/print/R.class' -> 'goodrive://www.googleapis.com/:personal:/bannister/bannister/obj/Debug/net8.0-android/android/bin/classes/androidx/print/R.class' (191)
2026-08-23 05:37:25: Copy Over 'C:/rock/bannister/Bannister/obj/Debug/net8.0-android/android/bin/classes/androidx/navigation/common/R.class' -> 'goodrive://www.googleapis.com/:personal:/bannister/bannister/obj/Debug/net8.0-android/android/bin/classes/androidx/navigation/common/R.class' (344)
2026-08-23 05:37:25: Copy Over 'C:/rock/bannister/Bannister/obj/Debug/net8.0-android/android/bin/classes/androidx/navigation/common/R$attr.class' -> 'goodrive://www.googleapis.com/:personal:/bannister/bannister/obj/Debug/net8.0-android/android/bin/classes/androidx/navigation/common/R$attr.class' (878)
2026-08-23 05:37:25: Copy Over 'C:/rock/bannister/Bannister/obj/Debug/net8.0-android/android/bin/classes/androidx/navigation/common/R$styleable.class' -> 'goodrive://www.googleapis.com/:personal:/bannister/bannister/obj/Debug/net8.0-android/android/bin/classes/androidx/navigation/common/R$styleable.class' (1,803)
2026-08-23 05:37:28: Copy Over 'C:/rock/bannister/Bannister/obj/Debug/net8.0-android/android/bin/classes/androidx/navigation/R$attr.class' -> 'goodrive://www.googleapis.com/:personal:/bannister/bannister/obj/Debug/net8.0-android/android/bin/classes/androidx/navigation/R$attr.class' (477)
2026-08-23 05:37:28: Copy Over 'C:/rock/bannister/Bannister/obj/Debug/net8.0-android/android/bin/classes/androidx/navigation/fragment/R$attr.class' -> 'goodrive://www.googleapis.com/:personal:/bannister/bannister/obj/Debug/net8.0-android/android/bin/classes/androidx/navigation/fragment/R$attr.class' (342)
2026-08-23 05:37:28: Copy Over 'C:/rock/bannister/Bannister/obj/Debug/net8.0-android/android/bin/classes/androidx/navigation/fragment/R$dimen.class' -> 'goodrive://www.googleapis.com/:personal:/bannister/bannister/obj/Debug/net8.0-android/android/bin/classes/androidx/navigation/fragment/R$dimen.class' (360)
2026-08-23 05:37:31: Copy Over 'C:/rock/bannister/Bannister/obj/Debug/net8.0-android/android/bin/classes/androidx/navigation/fragment/R$id.class' -> 'goodrive://www.googleapis.com/:personal:/bannister/bannister/obj/Debug/net8.0-android/android/bin/classes/androidx/navigation/fragment/R$id.class' (447)
2026-08-23 05:37:31: Copy Over 'C:/rock/bannister/Bannister/obj/Debug/net8.0-android/android/bin/classes/androidx/navigation/fragment/R$styleable.class' -> 'goodrive://www.googleapis.com/:personal:/bannister/bannister/obj/Debug/net8.0-android/android/bin/classes/androidx/navigation/fragment/R$styleable.class' (696)
2026-08-23 05:37:32: Copy Over 'C:/rock/bannister/Bannister/obj/Debug/net8.0-android/android/bin/classes/androidx/navigation/fragment/R.class' -> 'goodrive://www.googleapis.com/:personal:/bannister/bannister/obj/Debug/net8.0-android/android/bin/classes/androidx/navigation/fragment/R.class' (460)
2026-08-23 05:37:34: Copy Over 'C:/rock/bannister/Bannister/obj/Debug/net8.0-android/android/bin/classes/androidx/navigation/R$id.class' -> 'goodrive://www.googleapis.com/:personal:/bannister/bannister/obj/Debug/net8.0-android/android/bin/classes/androidx/navigation/R$id.class' (329)
2026-08-23 05:37:34: Copy Over 'C:/rock/bannister/Bannister/obj/Debug/net8.0-android/android/bin/classes/androidx/navigation/R$styleable.class' -> 'goodrive://www.googleapis.com/:personal:/bannister/bannister/obj/Debug/net8.0-android/android/bin/classes/androidx/navigation/R$styleable.class' (870)
2026-08-23 05:37:36: Copy Over 'C:/rock/bannister/Bannister/obj/Debug/net8.0-android/android/bin/classes/androidx/navigation/R.class' -> 'goodrive://www.googleapis.com/:personal:/bannister/bannister/obj/Debug/net8.0-android/android/bin/classes/androidx/navigation/R.class' (366)
2026-08-23 05:37:37: Copy Over 'C:/rock/bannister/Bannister/obj/Debug/net8.0-android/android/bin/classes/androidx/navigation/ui/R$anim.class' -> 'goodrive://www.googleapis.com/:personal:/bannister/bannister/obj/Debug/net8.0-android/android/bin/classes/androidx/navigation/ui/R$anim.class' (482)
2026-08-23 05:37:38: Copy Over 'C:/rock/bannister/Bannister/obj/Debug/net8.0-android/android/bin/classes/androidx/profileinstaller/R.class' -> 'goodrive://www.googleapis.com/:personal:/bannister/bannister/obj/Debug/net8.0-android/android/bin/classes/androidx/profileinstaller/R.class' (202)
2026-08-23 05:37:39: Copy Over 'C:/rock/bannister/Bannister/obj/Debug/net8.0-android/android/bin/classes/androidx/navigation/ui/R$animator.class' -> 'goodrive://www.googleapis.com/:personal:/bannister/bannister/obj/Debug/net8.0-android/android/bin/classes/androidx/navigation/ui/R$animator.class' (490)
2026-08-23 05:37:40: Copy Over 'C:/rock/bannister/Bannister/obj/Debug/net8.0-android/android/bin/classes/androidx/navigation/ui/R$integer.class' -> 'goodrive://www.googleapis.com/:personal:/bannister/bannister/obj/Debug/net8.0-android/android/bin/classes/androidx/navigation/ui/R$integer.class' (340)
2026-08-23 05:37:42: Copy Over 'C:/rock/bannister/Bannister/obj/Debug/net8.0-android/android/bin/classes/androidx/navigation/ui/R$string.class' -> 'goodrive://www.googleapis.com/:personal:/bannister/bannister/obj/Debug/net8.0-android/android/bin/classes/androidx/navigation/ui/R$string.class' (448)
2026-08-23 05:37:43: Copy Over 'C:/rock/bannister/Bannister/obj/Debug/net8.0-android/android/bin/classes/androidx/navigation/ui/R.class' -> 'goodrive://www.googleapis.com/:personal:/bannister/bannister/obj/Debug/net8.0-android/android/bin/classes/androidx/navigation/ui/R.class' (440)
2026-08-23 05:37:44: Copy Over 'C:/rock/bannister/Bannister/obj/Debug/net8.0-android/android/bin/classes/androidx/recyclerview/R$attr.class' -> 'goodrive://www.googleapis.com/:personal:/bannister/bannister/obj/Debug/net8.0-android/android/bin/classes/androidx/recyclerview/R$attr.class' (739)
2026-08-23 05:37:46: Copy Over 'C:/rock/bannister/Bannister/obj/Debug/net8.0-android/android/bin/classes/androidx/savedstate/R$id.class' -> 'goodrive://www.googleapis.com/:personal:/bannister/bannister/obj/Debug/net8.0-android/android/bin/classes/androidx/savedstate/R$id.class' (342)
2026-08-23 05:37:46: Copy Over 'C:/rock/bannister/Bannister/obj/Debug/net8.0-android/android/bin/classes/androidx/savedstate/ktx/R.class' -> 'goodrive://www.googleapis.com/:personal:/bannister/bannister/obj/Debug/net8.0-android/android/bin/classes/androidx/savedstate/ktx/R.class' (200)
2026-08-23 05:37:47: Copy Over 'C:/rock/bannister/Bannister/obj/Debug/net8.0-android/android/bin/classes/androidx/savedstate/R.class' -> 'goodrive://www.googleapis.com/:personal:/bannister/bannister/obj/Debug/net8.0-android/android/bin/classes/androidx/savedstate/R.class' (262)
2026-08-23 05:37:49: Copy Over 'C:/rock/bannister/Bannister/obj/Debug/net8.0-android/android/bin/classes/androidx/recyclerview/R$dimen.class' -> 'goodrive://www.googleapis.com/:personal:/bannister/bannister/obj/Debug/net8.0-android/android/bin/classes/androidx/recyclerview/R$dimen.class' (630)
2026-08-23 05:37:49: Copy Over 'C:/rock/bannister/Bannister/obj/Debug/net8.0-android/android/bin/classes/androidx/recyclerview/R$id.class' -> 'goodrive://www.googleapis.com/:personal:/bannister/bannister/obj/Debug/net8.0-android/android/bin/classes/androidx/recyclerview/R$id.class' (346)
2026-08-23 05:37:50: Copy Over 'C:/rock/bannister/Bannister/obj/Debug/net8.0-android/android/bin/classes/androidx/recyclerview/R$styleable.class' -> 'goodrive://www.googleapis.com/:personal:/bannister/bannister/obj/Debug/net8.0-android/android/bin/classes/androidx/recyclerview/R$styleable.class' (1,227)
2026-08-23 05:37:52: Copy Over 'C:/rock/bannister/Bannister/obj/Debug/net8.0-android/android/bin/classes/androidx/recyclerview/R.class' -> 'goodrive://www.googleapis.com/:personal:/bannister/bannister/obj/Debug/net8.0-android/android/bin/classes/androidx/recyclerview/R.class' (425)
2026-08-23 05:37:52: Copy Over 'C:/rock/bannister/Bannister/obj/Debug/net8.0-android/android/bin/classes/androidx/security/R.class' -> 'goodrive://www.googleapis.com/:personal:/bannister/bannister/obj/Debug/net8.0-android/android/bin/classes/androidx/security/R.class' (194)
2026-08-23 05:37:54: Copy Over 'C:/rock/bannister/Bannister/obj/Debug/net8.0-android/android/bin/classes/androidx/slidingpanelayout/R.class' -> 'goodrive://www.googleapis.com/:personal:/bannister/bannister/obj/Debug/net8.0-android/android/bin/classes/androidx/slidingpanelayout/R.class' (203)
2026-08-23 05:37:56: Copy Over 'C:/rock/bannister/Bannister/obj/Debug/net8.0-android/android/bin/classes/androidx/startup/R$string.class' -> 'goodrive://www.googleapis.com/:personal:/bannister/bannister/obj/Debug/net8.0-android/android/bin/classes/androidx/startup/R$string.class' (324)
2026-08-23 05:37:56: Copy Over 'C:/rock/bannister/Bannister/obj/Debug/net8.0-android/android/bin/classes/androidx/swiperefreshlayout/R$attr.class' -> 'goodrive://www.googleapis.com/:personal:/bannister/bannister/obj/Debug/net8.0-android/android/bin/classes/androidx/swiperefreshlayout/R$attr.class' (842)
2026-08-23 05:37:57: Copy Over 'C:/rock/bannister/Bannister/obj/Debug/net8.0-android/android/bin/classes/androidx/swiperefreshlayout/R$color.class' -> 'goodrive://www.googleapis.com/:personal:/bannister/bannister/obj/Debug/net8.0-android/android/bin/classes/androidx/swiperefreshlayout/R$color.class' (516)
2026-08-23 05:37:59: Copy Over 'C:/rock/bannister/Bannister/obj/Debug/net8.0-android/android/bin/classes/androidx/swiperefreshlayout/R$dimen.class' -> 'goodrive://www.googleapis.com/:personal:/bannister/bannister/obj/Debug/net8.0-android/android/bin/classes/androidx/swiperefreshlayout/R$dimen.class' (1,565)
2026-08-23 05:38:00: Copy Over 'C:/rock/bannister/Bannister/obj/Debug/net8.0-android/android/bin/classes/androidx/swiperefreshlayout/R$drawable.class' -> 'goodrive://www.googleapis.com/:personal:/bannister/bannister/obj/Debug/net8.0-android/android/bin/classes/androidx/swiperefreshlayout/R$drawable.class' (910)
2026-08-23 05:38:00: Copy Over 'C:/rock/bannister/Bannister/obj/Debug/net8.0-android/android/bin/classes/androidx/swiperefreshlayout/R$id.class' -> 'goodrive://www.googleapis.com/:personal:/bannister/bannister/obj/Debug/net8.0-android/android/bin/classes/androidx/swiperefreshlayout/R$id.class' (3,370)
2026-08-23 05:38:03: Copy Over 'C:/rock/bannister/Bannister/obj/Debug/net8.0-android/android/bin/classes/androidx/swiperefreshlayout/R$integer.class' -> 'goodrive://www.googleapis.com/:personal:/bannister/bannister/obj/Debug/net8.0-android/android/bin/classes/androidx/swiperefreshlayout/R$integer.class' (367)
2026-08-23 05:38:03: Copy Over 'C:/rock/bannister/Bannister/obj/Debug/net8.0-android/android/bin/classes/androidx/swiperefreshlayout/R$layout.class' -> 'goodrive://www.googleapis.com/:personal:/bannister/bannister/obj/Debug/net8.0-android/android/bin/classes/androidx/swiperefreshlayout/R$layout.class' (668)
2026-08-23 05:38:04: Copy Over 'C:/rock/bannister/Bannister/obj/Debug/net8.0-android/android/bin/classes/androidx/swiperefreshlayout/R$string.class' -> 'goodrive://www.googleapis.com/:personal:/bannister/bannister/obj/Debug/net8.0-android/android/bin/classes/androidx/swiperefreshlayout/R$string.class' (367)
2026-08-23 05:38:06: Copy Over 'C:/rock/bannister/Bannister/obj/Debug/net8.0-android/android/bin/classes/androidx/swiperefreshlayout/R$style.class' -> 'goodrive://www.googleapis.com/:personal:/bannister/bannister/obj/Debug/net8.0-android/android/bin/classes/androidx/swiperefreshlayout/R$style.class' (741)
2026-08-23 05:38:07: Copy Over 'C:/rock/bannister/Bannister/obj/Debug/net8.0-android/android/bin/classes/androidx/swiperefreshlayout/R$styleable.class' -> 'goodrive://www.googleapis.com/:personal:/bannister/bannister/obj/Debug/net8.0-android/android/bin/classes/androidx/swiperefreshlayout/R$styleable.class' (2,778)
2026-08-23 05:38:08: Copy Over 'C:/rock/bannister/Bannister/obj/Debug/net8.0-android/android/bin/classes/androidx/swiperefreshlayout/R.class' -> 'goodrive://www.googleapis.com/:personal:/bannister/bannister/obj/Debug/net8.0-android/android/bin/classes/androidx/swiperefreshlayout/R.class' (811)
2026-08-23 05:38:09: Copy Over 'C:/rock/bannister/Bannister/obj/Debug/net8.0-android/android/bin/classes/androidx/startup/R.class' -> 'goodrive://www.googleapis.com/:personal:/bannister/bannister/obj/Debug/net8.0-android/android/bin/classes/androidx/startup/R.class' (264)
2026-08-23 05:38:10: Copy Over 'C:/rock/bannister/Bannister/obj/Debug/net8.0-android/android/bin/classes/androidx/tracing/R.class' -> 'goodrive://www.googleapis.com/:personal:/bannister/bannister/obj/Debug/net8.0-android/android/bin/classes/androidx/tracing/R.class' (193)
2026-08-23 05:38:12: Copy Over 'C:/rock/bannister/Bannister/obj/Debug/net8.0-android/android/bin/classes/androidx/transition/R$anim.class' -> 'goodrive://www.googleapis.com/:personal:/bannister/bannister/obj/Debug/net8.0-android/android/bin/classes/androidx/transition/R$anim.class' (845)
2026-08-23 05:38:13: Copy Over 'C:/rock/bannister/Bannister/obj/Debug/net8.0-android/android/bin/classes/androidx/transition/R$attr.class' -> 'goodrive://www.googleapis.com/:personal:/bannister/bannister/obj/Debug/net8.0-android/android/bin/classes/androidx/transition/R$attr.class' (11,464)
2026-08-23 05:38:14: Copy Over 'C:/rock/bannister/Bannister/obj/Debug/net8.0-android/android/bin/classes/androidx/transition/R$bool.class' -> 'goodrive://www.googleapis.com/:personal:/bannister/bannister/obj/Debug/net8.0-android/android/bin/classes/androidx/transition/R$bool.class' (391)
2026-08-23 05:38:15: Copy Over 'C:/rock/bannister/Bannister/obj/Debug/net8.0-android/android/bin/classes/androidx/transition/R$color.class' -> 'goodrive://www.googleapis.com/:personal:/bannister/bannister/obj/Debug/net8.0-android/android/bin/classes/androidx/transition/R$color.class' (4,628)
2026-08-23 05:38:16: Copy Over 'C:/rock/bannister/Bannister/obj/Debug/net8.0-android/android/bin/classes/androidx/transition/R$dimen.class' -> 'goodrive://www.googleapis.com/:personal:/bannister/bannister/obj/Debug/net8.0-android/android/bin/classes/androidx/transition/R$dimen.class' (6,730)
2026-08-23 05:38:17: Copy Over 'C:/rock/bannister/Bannister/obj/Debug/net8.0-android/android/bin/classes/androidx/transition/R$drawable.class' -> 'goodrive://www.googleapis.com/:personal:/bannister/bannister/obj/Debug/net8.0-android/android/bin/classes/androidx/transition/R$drawable.class' (4,846)
2026-08-23 05:38:19: Copy Over 'C:/rock/bannister/Bannister/obj/Debug/net8.0-android/android/bin/classes/androidx/transition/R$id.class' -> 'goodrive://www.googleapis.com/:personal:/bannister/bannister/obj/Debug/net8.0-android/android/bin/classes/androidx/transition/R$id.class' (6,708)
2026-08-23 05:38:19: Copy Over 'C:/rock/bannister/Bannister/obj/Debug/net8.0-android/android/bin/classes/androidx/transition/R$integer.class' -> 'goodrive://www.googleapis.com/:personal:/bannister/bannister/obj/Debug/net8.0-android/android/bin/classes/androidx/transition/R$integer.class' (550)
2026-08-23 05:38:20: Copy Over 'C:/rock/bannister/Bannister/obj/Debug/net8.0-android/android/bin/classes/androidx/transition/R$layout.class' -> 'goodrive://www.googleapis.com/:personal:/bannister/bannister/obj/Debug/net8.0-android/android/bin/classes/androidx/transition/R$layout.class' (2,282)
2026-08-23 05:38:22: Copy Over 'C:/rock/bannister/Bannister/obj/Debug/net8.0-android/android/bin/classes/androidx/transition/R$string.class' -> 'goodrive://www.googleapis.com/:personal:/bannister/bannister/obj/Debug/net8.0-android/android/bin/classes/androidx/transition/R$string.class' (1,834)
2026-08-23 05:38:23: Copy Over 'C:/rock/bannister/Bannister/obj/Debug/net8.0-android/android/bin/classes/androidx/transition/R$style.class' -> 'goodrive://www.googleapis.com/:personal:/bannister/bannister/obj/Debug/net8.0-android/android/bin/classes/androidx/transition/R$style.class' (21,640)
2026-08-23 05:38:24: Copy Over 'C:/rock/bannister/Bannister/obj/Debug/net8.0-android/android/bin/classes/androidx/transition/R$styleable.class' -> 'goodrive://www.googleapis.com/:personal:/bannister/bannister/obj/Debug/net8.0-android/android/bin/classes/androidx/transition/R$styleable.class' (29,138)
2026-08-23 05:38:25: Copy Over 'C:/rock/bannister/Bannister/obj/Debug/net8.0-android/android/bin/classes/androidx/transition/R.class' -> 'goodrive://www.googleapis.com/:personal:/bannister/bannister/obj/Debug/net8.0-android/android/bin/classes/androidx/transition/R.class' (817)
2026-08-23 05:38:27: Copy Over 'C:/rock/bannister/Bannister/obj/Debug/net8.0-android/android/bin/classes/androidx/versionedparcelable/R.class' -> 'goodrive://www.googleapis.com/:personal:/bannister/bannister/obj/Debug/net8.0-android/android/bin/classes/androidx/versionedparcelable/R.class' (205)
2026-08-23 05:38:28: Copy Over 'C:/rock/bannister/Bannister/obj/Debug/net8.0-android/android/bin/classes/androidx/vectordrawable/animated/R$attr.class' -> 'goodrive://www.googleapis.com/:personal:/bannister/bannister/obj/Debug/net8.0-android/android/bin/classes/androidx/vectordrawable/animated/R$attr.class' (780)
2026-08-23 05:38:28: Copy Over 'C:/rock/bannister/Bannister/obj/Debug/net8.0-android/android/bin/classes/androidx/vectordrawable/animated/R$color.class' -> 'goodrive://www.googleapis.com/:personal:/bannister/bannister/obj/Debug/net8.0-android/android/bin/classes/androidx/vectordrawable/animated/R$color.class' (526)
2026-08-23 05:38:30: Copy Over 'C:/rock/bannister/Bannister/obj/Debug/net8.0-android/android/bin/classes/androidx/vectordrawable/animated/R$dimen.class' -> 'goodrive://www.googleapis.com/:personal:/bannister/bannister/obj/Debug/net8.0-android/android/bin/classes/androidx/vectordrawable/animated/R$dimen.class' (1,575)
2026-08-23 05:38:31: Copy Over 'C:/rock/bannister/Bannister/obj/Debug/net8.0-android/android/bin/classes/androidx/vectordrawable/animated/R$drawable.class' -> 'goodrive://www.googleapis.com/:personal:/bannister/bannister/obj/Debug/net8.0-android/android/bin/classes/androidx/vectordrawable/animated/R$drawable.class' (920)
2026-08-23 05:38:31: Copy Over 'C:/rock/bannister/Bannister/obj/Debug/net8.0-android/android/bin/classes/androidx/vectordrawable/animated/R$id.class' -> 'goodrive://www.googleapis.com/:personal:/bannister/bannister/obj/Debug/net8.0-android/android/bin/classes/androidx/vectordrawable/animated/R$id.class' (3,380)
2026-08-23 05:38:34: Copy Over 'C:/rock/bannister/Bannister/obj/Debug/net8.0-android/android/bin/classes/androidx/vectordrawable/animated/R$integer.class' -> 'goodrive://www.googleapis.com/:personal:/bannister/bannister/obj/Debug/net8.0-android/android/bin/classes/androidx/vectordrawable/animated/R$integer.class' (377)
2026-08-23 05:38:34: Copy Over 'C:/rock/bannister/Bannister/obj/Debug/net8.0-android/android/bin/classes/androidx/vectordrawable/animated/R$string.class' -> 'goodrive://www.googleapis.com/:personal:/bannister/bannister/obj/Debug/net8.0-android/android/bin/classes/androidx/vectordrawable/animated/R$string.class' (377)
2026-08-23 05:38:34: Copy Over 'C:/rock/bannister/Bannister/obj/Debug/net8.0-android/android/bin/classes/androidx/vectordrawable/animated/R$layout.class' -> 'goodrive://www.googleapis.com/:personal:/bannister/bannister/obj/Debug/net8.0-android/android/bin/classes/androidx/vectordrawable/animated/R$layout.class' (678)
2026-08-23 05:38:37: Copy Over 'C:/rock/bannister/Bannister/obj/Debug/net8.0-android/android/bin/classes/androidx/vectordrawable/animated/R$style.class' -> 'goodrive://www.googleapis.com/:personal:/bannister/bannister/obj/Debug/net8.0-android/android/bin/classes/androidx/vectordrawable/animated/R$style.class' (751)
2026-08-23 05:38:37: Copy Over 'C:/rock/bannister/Bannister/obj/Debug/net8.0-android/android/bin/classes/androidx/vectordrawable/animated/R$styleable.class' -> 'goodrive://www.googleapis.com/:personal:/bannister/bannister/obj/Debug/net8.0-android/android/bin/classes/androidx/vectordrawable/animated/R$styleable.class' (2,643)
2026-08-23 05:38:38: Copy Over 'C:/rock/bannister/Bannister/obj/Debug/net8.0-android/android/bin/classes/androidx/vectordrawable/animated/R.class' -> 'goodrive://www.googleapis.com/:personal:/bannister/bannister/obj/Debug/net8.0-android/android/bin/classes/androidx/vectordrawable/animated/R.class' (866)
2026-08-23 05:38:41: Copy Over 'C:/rock/bannister/Bannister/obj/Debug/net8.0-android/android/bin/classes/androidx/vectordrawable/R$color.class' -> 'goodrive://www.googleapis.com/:personal:/bannister/bannister/obj/Debug/net8.0-android/android/bin/classes/androidx/vectordrawable/R$color.class' (508)
2026-08-23 05:38:41: Copy Over 'C:/rock/bannister/Bannister/obj/Debug/net8.0-android/android/bin/classes/androidx/vectordrawable/R$attr.class' -> 'goodrive://www.googleapis.com/:personal:/bannister/bannister/obj/Debug/net8.0-android/android/bin/classes/androidx/vectordrawable/R$attr.class' (762)
2026-08-23 05:38:42: Copy Over 'C:/rock/bannister/Bannister/obj/Debug/net8.0-android/android/bin/classes/androidx/vectordrawable/R$dimen.class' -> 'goodrive://www.googleapis.com/:personal:/bannister/bannister/obj/Debug/net8.0-android/android/bin/classes/androidx/vectordrawable/R$dimen.class' (1,557)
2026-08-23 05:38:45: Copy Over 'C:/rock/bannister/Bannister/obj/Debug/net8.0-android/android/bin/classes/androidx/vectordrawable/R$drawable.class' -> 'goodrive://www.googleapis.com/:personal:/bannister/bannister/obj/Debug/net8.0-android/android/bin/classes/androidx/vectordrawable/R$drawable.class' (902)
2026-08-23 05:38:45: Copy Over 'C:/rock/bannister/Bannister/obj/Debug/net8.0-android/android/bin/classes/androidx/vectordrawable/R$integer.class' -> 'goodrive://www.googleapis.com/:personal:/bannister/bannister/obj/Debug/net8.0-android/android/bin/classes/androidx/vectordrawable/R$integer.class' (359)
2026-08-23 05:38:45: Copy Over 'C:/rock/bannister/Bannister/obj/Debug/net8.0-android/android/bin/classes/androidx/vectordrawable/R$id.class' -> 'goodrive://www.googleapis.com/:personal:/bannister/bannister/obj/Debug/net8.0-android/android/bin/classes/androidx/vectordrawable/R$id.class' (3,362)
2026-08-23 05:38:48: Copy Over 'C:/rock/bannister/Bannister/obj/Debug/net8.0-android/android/bin/classes/androidx/vectordrawable/R$style.class' -> 'goodrive://www.googleapis.com/:personal:/bannister/bannister/obj/Debug/net8.0-android/android/bin/classes/androidx/vectordrawable/R$style.class' (733)
2026-08-23 05:38:48: Copy Over 'C:/rock/bannister/Bannister/obj/Debug/net8.0-android/android/bin/classes/androidx/vectordrawable/R$layout.class' -> 'goodrive://www.googleapis.com/:personal:/bannister/bannister/obj/Debug/net8.0-android/android/bin/classes/androidx/vectordrawable/R$layout.class' (660)
2026-08-23 05:38:49: Copy Over 'C:/rock/bannister/Bannister/obj/Debug/net8.0-android/android/bin/classes/androidx/vectordrawable/R$string.class' -> 'goodrive://www.googleapis.com/:personal:/bannister/bannister/obj/Debug/net8.0-android/android/bin/classes/androidx/vectordrawable/R$string.class' (359)
2026-08-23 05:38:52: Copy Over 'C:/rock/bannister/Bannister/obj/Debug/net8.0-android/android/bin/classes/androidx/vectordrawable/R$styleable.class' -> 'goodrive://www.googleapis.com/:personal:/bannister/bannister/obj/Debug/net8.0-android/android/bin/classes/androidx/vectordrawable/R$styleable.class' (2,625)
2026-08-23 05:38:52: Copy Over 'C:/rock/bannister/Bannister/obj/Debug/net8.0-android/android/bin/classes/androidx/vectordrawable/R.class' -> 'goodrive://www.googleapis.com/:personal:/bannister/bannister/obj/Debug/net8.0-android/android/bin/classes/androidx/vectordrawable/R.class' (767)
2026-08-23 05:38:52: Copy Over 'C:/rock/bannister/Bannister/obj/Debug/net8.0-android/android/bin/classes/androidx/viewpager/R$attr.class' -> 'goodrive://www.googleapis.com/:personal:/bannister/bannister/obj/Debug/net8.0-android/android/bin/classes/androidx/viewpager/R$attr.class' (752)
2026-08-23 05:38:55: Copy Over 'C:/rock/bannister/Bannister/obj/Debug/net8.0-android/android/bin/classes/androidx/viewpager2/R$attr.class' -> 'goodrive://www.googleapis.com/:personal:/bannister/bannister/obj/Debug/net8.0-android/android/bin/classes/androidx/viewpager2/R$attr.class' (1,203)
2026-08-23 05:38:55: Copy Over 'C:/rock/bannister/Bannister/obj/Debug/net8.0-android/android/bin/classes/androidx/viewpager2/R$dimen.class' -> 'goodrive://www.googleapis.com/:personal:/bannister/bannister/obj/Debug/net8.0-android/android/bin/classes/androidx/viewpager2/R$dimen.class' (1,887)
2026-08-23 05:38:55: Copy Over 'C:/rock/bannister/Bannister/obj/Debug/net8.0-android/android/bin/classes/androidx/viewpager2/R$color.class' -> 'goodrive://www.googleapis.com/:personal:/bannister/bannister/obj/Debug/net8.0-android/android/bin/classes/androidx/viewpager2/R$color.class' (500)
2026-08-23 05:38:58: Copy Over 'C:/rock/bannister/Bannister/obj/Debug/net8.0-android/android/bin/classes/androidx/viewpager2/R$drawable.class' -> 'goodrive://www.googleapis.com/:personal:/bannister/bannister/obj/Debug/net8.0-android/android/bin/classes/androidx/viewpager2/R$drawable.class' (894)
2026-08-23 05:38:59: Copy Over 'C:/rock/bannister/Bannister/obj/Debug/net8.0-android/android/bin/classes/androidx/viewpager2/R$id.class' -> 'goodrive://www.googleapis.com/:personal:/bannister/bannister/obj/Debug/net8.0-android/android/bin/classes/androidx/viewpager2/R$id.class' (3,414)
2026-08-23 05:38:59: Copy Over 'C:/rock/bannister/Bannister/obj/Debug/net8.0-android/android/bin/classes/androidx/viewpager2/R$integer.class' -> 'goodrive://www.googleapis.com/:personal:/bannister/bannister/obj/Debug/net8.0-android/android/bin/classes/androidx/viewpager2/R$integer.class' (351)
2026-08-23 05:39:01: Copy Over 'C:/rock/bannister/Bannister/obj/Debug/net8.0-android/android/bin/classes/androidx/viewpager2/R$layout.class' -> 'goodrive://www.googleapis.com/:personal:/bannister/bannister/obj/Debug/net8.0-android/android/bin/classes/androidx/viewpager2/R$layout.class' (652)
2026-08-23 05:39:02: Copy Over 'C:/rock/bannister/Bannister/obj/Debug/net8.0-android/android/bin/classes/androidx/viewpager2/R$string.class' -> 'goodrive://www.googleapis.com/:personal:/bannister/bannister/obj/Debug/net8.0-android/android/bin/classes/androidx/viewpager2/R$string.class' (351)
2026-08-23 05:39:02: Copy Over 'C:/rock/bannister/Bannister/obj/Debug/net8.0-android/android/bin/classes/androidx/viewpager2/R$style.class' -> 'goodrive://www.googleapis.com/:personal:/bannister/bannister/obj/Debug/net8.0-android/android/bin/classes/androidx/viewpager2/R$style.class' (725)
2026-08-23 05:39:05: Copy Over 'C:/rock/bannister/Bannister/obj/Debug/net8.0-android/android/bin/classes/androidx/viewpager2/R$styleable.class' -> 'goodrive://www.googleapis.com/:personal:/bannister/bannister/obj/Debug/net8.0-android/android/bin/classes/androidx/viewpager2/R$styleable.class' (3,528)
2026-08-23 05:39:05: Copy Over 'C:/rock/bannister/Bannister/obj/Debug/net8.0-android/android/bin/classes/androidx/viewpager2/R.class' -> 'goodrive://www.googleapis.com/:personal:/bannister/bannister/obj/Debug/net8.0-android/android/bin/classes/androidx/viewpager2/R.class' (723)
2026-08-23 05:39:06: Copy Over 'C:/rock/bannister/Bannister/obj/Debug/net8.0-android/android/bin/classes/androidx/viewpager/R$color.class' -> 'goodrive://www.googleapis.com/:personal:/bannister/bannister/obj/Debug/net8.0-android/android/bin/classes/androidx/viewpager/R$color.class' (498)
2026-08-23 05:39:08: Copy Over 'C:/rock/bannister/Bannister/obj/Debug/net8.0-android/android/bin/classes/androidx/viewpager/R$dimen.class' -> 'goodrive://www.googleapis.com/:personal:/bannister/bannister/obj/Debug/net8.0-android/android/bin/classes/androidx/viewpager/R$dimen.class' (1,547)
2026-08-23 05:39:09: Copy Over 'C:/rock/bannister/Bannister/obj/Debug/net8.0-android/android/bin/classes/androidx/viewpager/R$id.class' -> 'goodrive://www.googleapis.com/:personal:/bannister/bannister/obj/Debug/net8.0-android/android/bin/classes/androidx/viewpager/R$id.class' (1,280)
2026-08-23 05:39:09: Copy Over 'C:/rock/bannister/Bannister/obj/Debug/net8.0-android/android/bin/classes/androidx/viewpager/R$drawable.class' -> 'goodrive://www.googleapis.com/:personal:/bannister/bannister/obj/Debug/net8.0-android/android/bin/classes/androidx/viewpager/R$drawable.class' (892)
2026-08-23 05:39:11: Copy Over 'C:/rock/bannister/Bannister/obj/Debug/net8.0-android/android/bin/classes/androidx/viewpager/R$integer.class' -> 'goodrive://www.googleapis.com/:personal:/bannister/bannister/obj/Debug/net8.0-android/android/bin/classes/androidx/viewpager/R$integer.class' (349)
2026-08-23 05:39:12: Copy Over 'C:/rock/bannister/Bannister/obj/Debug/net8.0-android/android/bin/classes/androidx/viewpager/R$layout.class' -> 'goodrive://www.googleapis.com/:personal:/bannister/bannister/obj/Debug/net8.0-android/android/bin/classes/androidx/viewpager/R$layout.class' (613)
2026-08-23 05:39:13: Copy Over 'C:/rock/bannister/Bannister/obj/Debug/net8.0-android/android/bin/classes/androidx/viewpager/R$string.class' -> 'goodrive://www.googleapis.com/:personal:/bannister/bannister/obj/Debug/net8.0-android/android/bin/classes/androidx/viewpager/R$string.class' (349)
2026-08-23 05:39:15: Copy Over 'C:/rock/bannister/Bannister/obj/Debug/net8.0-android/android/bin/classes/androidx/viewpager/R$style.class' -> 'goodrive://www.googleapis.com/:personal:/bannister/bannister/obj/Debug/net8.0-android/android/bin/classes/androidx/viewpager/R$style.class' (723)
2026-08-23 05:39:16: Copy Over 'C:/rock/bannister/Bannister/obj/Debug/net8.0-android/android/bin/classes/androidx/viewpager/R.class' -> 'goodrive://www.googleapis.com/:personal:/bannister/bannister/obj/Debug/net8.0-android/android/bin/classes/androidx/viewpager/R.class' (712)
2026-08-23 05:39:16: Copy Over 'C:/rock/bannister/Bannister/obj/Debug/net8.0-android/android/bin/classes/androidx/viewpager/R$styleable.class' -> 'goodrive://www.googleapis.com/:personal:/bannister/bannister/obj/Debug/net8.0-android/android/bin/classes/androidx/viewpager/R$styleable.class' (2,615)
2026-08-23 05:39:19: Copy Over 'C:/rock/bannister/Bannister/obj/Debug/net8.0-android/android/bin/classes/crc640a1f4d108c17e3f1/ClipboardChangeListener.class' -> 'goodrive://www.googleapis.com/:personal:/bannister/bannister/obj/Debug/net8.0-android/android/bin/classes/crc640a1f4d108c17e3f1/ClipboardChangeListener.class' (1,711)
2026-08-23 05:39:19: Copy Over 'C:/rock/bannister/Bannister/obj/Debug/net8.0-android/android/bin/classes/androidx/window/R$attr.class' -> 'goodrive://www.googleapis.com/:personal:/bannister/bannister/obj/Debug/net8.0-android/android/bin/classes/androidx/window/R$attr.class' (1,181)
2026-08-23 05:39:19: Copy Over 'C:/rock/bannister/Bannister/obj/Debug/net8.0-android/android/bin/classes/androidx/window/extensions/core/R.class' -> 'goodrive://www.googleapis.com/:personal:/bannister/bannister/obj/Debug/net8.0-android/android/bin/classes/androidx/window/extensions/core/R.class' (208)
2026-08-23 05:39:22: Copy Over 'C:/rock/bannister/Bannister/obj/Debug/net8.0-android/android/bin/classes/androidx/window/R$id.class' -> 'goodrive://www.googleapis.com/:personal:/bannister/bannister/obj/Debug/net8.0-android/android/bin/classes/androidx/window/R$id.class' (646)
2026-08-23 05:39:22: Copy Over 'C:/rock/bannister/Bannister/obj/Debug/net8.0-android/android/bin/classes/androidx/window/R$styleable.class' -> 'goodrive://www.googleapis.com/:personal:/bannister/bannister/obj/Debug/net8.0-android/android/bin/classes/androidx/window/R$styleable.class' (2,587)
2026-08-23 05:39:22: Copy Over 'C:/rock/bannister/Bannister/obj/Debug/net8.0-android/android/bin/classes/androidx/window/R.class' -> 'goodrive://www.googleapis.com/:personal:/bannister/bannister/obj/Debug/net8.0-android/android/bin/classes/androidx/window/R.class' (350)
2026-08-23 05:39:25: Copy Over 'C:/rock/bannister/Bannister/obj/Debug/net8.0-android/android/bin/classes/crc640a8d9a12ddbf2cf2/BatteryBroadcastReceiver.class' -> 'goodrive://www.googleapis.com/:personal:/bannister/bannister/obj/Debug/net8.0-android/android/bin/classes/crc640a8d9a12ddbf2cf2/BatteryBroadcastReceiver.class' (1,535)
2026-08-23 05:39:26: Copy Over 'C:/rock/bannister/Bannister/obj/Debug/net8.0-android/android/bin/classes/crc640ec207abc449b2ca/ContainerView.class' -> 'goodrive://www.googleapis.com/:personal:/bannister/bannister/obj/Debug/net8.0-android/android/bin/classes/crc640ec207abc449b2ca/ContainerView.class' (2,662)
2026-08-23 05:39:26: Copy Over 'C:/rock/bannister/Bannister/obj/Debug/net8.0-android/android/bin/classes/crc640ec207abc449b2ca/CustomFrameLayout.class' -> 'goodrive://www.googleapis.com/:personal:/bannister/bannister/obj/Debug/net8.0-android/android/bin/classes/crc640ec207abc449b2ca/CustomFrameLayout.class' (2,688)
2026-08-23 05:39:29: Copy Over 'C:/rock/bannister/Bannister/obj/Debug/net8.0-android/android/bin/classes/crc640ec207abc449b2ca/ShellContentFragment.class' -> 'goodrive://www.googleapis.com/:personal:/bannister/bannister/obj/Debug/net8.0-android/android/bin/classes/crc640ec207abc449b2ca/ShellContentFragment.class' (3,624)
2026-08-23 05:39:29: Copy Over 'C:/rock/bannister/Bannister/obj/Debug/net8.0-android/android/bin/classes/crc640ec207abc449b2ca/RecyclerViewContainer.class' -> 'goodrive://www.googleapis.com/:personal:/bannister/bannister/obj/Debug/net8.0-android/android/bin/classes/crc640ec207abc449b2ca/RecyclerViewContainer.class' (2,053)
2026-08-23 05:39:29: Copy Over 'C:/rock/bannister/Bannister/obj/Debug/net8.0-android/android/bin/classes/crc640ec207abc449b2ca/ScrollLayoutManager.class' -> 'goodrive://www.googleapis.com/:personal:/bannister/bannister/obj/Debug/net8.0-android/android/bin/classes/crc640ec207abc449b2ca/ScrollLayoutManager.class' (2,350)
2026-08-23 05:39:32: Copy Over 'C:/rock/bannister/Bannister/obj/Debug/net8.0-android/android/bin/classes/crc640ec207abc449b2ca/ShellFlyoutLayout.class' -> 'goodrive://www.googleapis.com/:personal:/bannister/bannister/obj/Debug/net8.0-android/android/bin/classes/crc640ec207abc449b2ca/ShellFlyoutLayout.class' (2,203)
2026-08-23 05:39:32: Copy Over 'C:/rock/bannister/Bannister/obj/Debug/net8.0-android/android/bin/classes/crc640ec207abc449b2ca/ShellFlyoutRecyclerAdapter.class' -> 'goodrive://www.googleapis.com/:personal:/bannister/bannister/obj/Debug/net8.0-android/android/bin/classes/crc640ec207abc449b2ca/ShellFlyoutRecyclerAdapter.class' (2,757)
2026-08-23 05:39:33: Copy Over 'C:/rock/bannister/Bannister/obj/Debug/net8.0-android/android/bin/classes/crc640ec207abc449b2ca/ShellFlyoutRecyclerAdapter_ElementViewHolder.class' -> 'goodrive://www.googleapis.com/:personal:/bannister/bannister/obj/Debug/net8.0-android/android/bin/classes/crc640ec207abc449b2ca/ShellFlyoutRecyclerAdapter_ElementViewHolder.class' (1,537)
2026-08-23 05:39:35: Copy Over 'C:/rock/bannister/Bannister/obj/Debug/net8.0-android/android/bin/classes/crc640ec207abc449b2ca/ShellFlyoutRecyclerAdapter_ShellLinearLayout.class' -> 'goodrive://www.googleapis.com/:personal:/bannister/bannister/obj/Debug/net8.0-android/android/bin/classes/crc640ec207abc449b2ca/ShellFlyoutRecyclerAdapter_ShellLinearLayout.class' (2,466)
2026-08-23 05:39:36: Copy Over 'C:/rock/bannister/Bannister/obj/Debug/net8.0-android/android/bin/classes/crc640ec207abc449b2ca/ShellFlyoutRenderer.class' -> 'goodrive://www.googleapis.com/:personal:/bannister/bannister/obj/Debug/net8.0-android/android/bin/classes/crc640ec207abc449b2ca/ShellFlyoutRenderer.class' (2,572)
2026-08-23 05:39:36: Copy Over 'C:/rock/bannister/Bannister/obj/Debug/net8.0-android/android/bin/classes/crc640ec207abc449b2ca/ShellFlyoutTemplatedContentRenderer.class' -> 'goodrive://www.googleapis.com/:personal:/bannister/bannister/obj/Debug/net8.0-android/android/bin/classes/crc640ec207abc449b2ca/ShellFlyoutTemplatedContentRenderer.class' (1,876)
2026-08-23 05:39:39: Copy Over 'C:/rock/bannister/Bannister/obj/Debug/net8.0-android/android/bin/classes/crc640ec207abc449b2ca/ShellFlyoutTemplatedContentRenderer_HeaderContainer.class' -> 'goodrive://www.googleapis.com/:personal:/bannister/bannister/obj/Debug/net8.0-android/android/bin/classes/crc640ec207abc449b2ca/ShellFlyoutTemplatedContentRenderer_HeaderContainer.class' (2,789)
2026-08-23 05:39:39: Copy Over 'C:/rock/bannister/Bannister/obj/Debug/net8.0-android/android/bin/classes/crc640ec207abc449b2ca/ShellFragmentStateAdapter.class' -> 'goodrive://www.googleapis.com/:personal:/bannister/bannister/obj/Debug/net8.0-android/android/bin/classes/crc640ec207abc449b2ca/ShellFragmentStateAdapter.class' (2,752)
2026-08-23 05:39:39: Copy Over 'C:/rock/bannister/Bannister/obj/Debug/net8.0-android/android/bin/classes/crc640ec207abc449b2ca/ShellFragmentContainer.class' -> 'goodrive://www.googleapis.com/:personal:/bannister/bannister/obj/Debug/net8.0-android/android/bin/classes/crc640ec207abc449b2ca/ShellFragmentContainer.class' (2,162)
2026-08-23 05:39:42: Copy Over 'C:/rock/bannister/Bannister/obj/Debug/net8.0-android/android/bin/classes/crc640ec207abc449b2ca/ShellItemRenderer.class' -> 'goodrive://www.googleapis.com/:personal:/bannister/bannister/obj/Debug/net8.0-android/android/bin/classes/crc640ec207abc449b2ca/ShellItemRenderer.class' (2,599)
2026-08-23 05:39:42: Copy Over 'C:/rock/bannister/Bannister/obj/Debug/net8.0-android/android/bin/classes/crc640ec207abc449b2ca/ShellPageContainer.class' -> 'goodrive://www.googleapis.com/:personal:/bannister/bannister/obj/Debug/net8.0-android/android/bin/classes/crc640ec207abc449b2ca/ShellPageContainer.class' (2,677)
2026-08-23 05:39:42: Copy Over 'C:/rock/bannister/Bannister/obj/Debug/net8.0-android/android/bin/classes/crc640ec207abc449b2ca/ShellItemRendererBase.class' -> 'goodrive://www.googleapis.com/:personal:/bannister/bannister/obj/Debug/net8.0-android/android/bin/classes/crc640ec207abc449b2ca/ShellItemRendererBase.class' (1,619)
2026-08-23 05:39:45: Copy Over 'C:/rock/bannister/Bannister/obj/Debug/net8.0-android/android/bin/classes/crc640ec207abc449b2ca/ShellSearchView.class' -> 'goodrive://www.googleapis.com/:personal:/bannister/bannister/obj/Debug/net8.0-android/android/bin/classes/crc640ec207abc449b2ca/ShellSearchView.class' (4,454)
2026-08-23 05:39:46: Copy Over 'C:/rock/bannister/Bannister/obj/Debug/net8.0-android/android/bin/classes/crc640ec207abc449b2ca/ShellSearchView_ClipDrawableWrapper.class' -> 'goodrive://www.googleapis.com/:personal:/bannister/bannister/obj/Debug/net8.0-android/android/bin/classes/crc640ec207abc449b2ca/ShellSearchView_ClipDrawableWrapper.class' (1,666)
2026-08-23 05:39:46: Copy Over 'C:/rock/bannister/Bannister/obj/Debug/net8.0-android/android/bin/classes/crc640ec207abc449b2ca/ShellSearchViewAdapter.class' -> 'goodrive://www.googleapis.com/:personal:/bannister/bannister/obj/Debug/net8.0-android/android/bin/classes/crc640ec207abc449b2ca/ShellSearchViewAdapter.class' (2,282)
2026-08-23 05:39:49: Copy Over 'C:/rock/bannister/Bannister/obj/Debug/net8.0-android/android/bin/classes/crc640ec207abc449b2ca/ShellSearchViewAdapter_CustomFilter.class' -> 'goodrive://www.googleapis.com/:personal:/bannister/bannister/obj/Debug/net8.0-android/android/bin/classes/crc640ec207abc449b2ca/ShellSearchViewAdapter_CustomFilter.class' (2,238)
2026-08-23 05:39:49: Copy Over 'C:/rock/bannister/Bannister/obj/Debug/net8.0-android/android/bin/classes/crc640ec207abc449b2ca/ShellSectionRenderer.class' -> 'goodrive://www.googleapis.com/:personal:/bannister/bannister/obj/Debug/net8.0-android/android/bin/classes/crc640ec207abc449b2ca/ShellSectionRenderer.class' (3,126)
2026-08-23 05:39:49: Copy Over 'C:/rock/bannister/Bannister/obj/Debug/net8.0-android/android/bin/classes/crc640ec207abc449b2ca/ShellSearchViewAdapter_ObjectWrapper.class' -> 'goodrive://www.googleapis.com/:personal:/bannister/bannister/obj/Debug/net8.0-android/android/bin/classes/crc640ec207abc449b2ca/ShellSearchViewAdapter_ObjectWrapper.class' (1,430)
2026-08-23 05:39:53: Copy Over 'C:/rock/bannister/Bannister/obj/Debug/net8.0-android/android/bin/classes/crc640ec207abc449b2ca/ShellToolbarTracker_FlyoutIconDrawerDrawable.class' -> 'goodrive://www.googleapis.com/:personal:/bannister/bannister/obj/Debug/net8.0-android/android/bin/classes/crc640ec207abc449b2ca/ShellToolbarTracker_FlyoutIconDrawerDrawable.class' (1,657)
2026-08-23 05:39:53: Copy Over 'C:/rock/bannister/Bannister/obj/Debug/net8.0-android/android/bin/classes/crc640ec207abc449b2ca/ShellToolbarTracker.class' -> 'goodrive://www.googleapis.com/:personal:/bannister/bannister/obj/Debug/net8.0-android/android/bin/classes/crc640ec207abc449b2ca/ShellToolbarTracker.class' (1,629)
2026-08-23 05:39:53: Copy Over 'C:/rock/bannister/Bannister/obj/Debug/net8.0-android/android/bin/classes/crc640ec207abc449b2ca/ShellSectionRenderer_ViewPagerPageChanged.class' -> 'goodrive://www.googleapis.com/:personal:/bannister/bannister/obj/Debug/net8.0-android/android/bin/classes/crc640ec207abc449b2ca/ShellSectionRenderer_ViewPagerPageChanged.class' (1,902)
2026-08-23 05:39:56: Copy Over 'C:/rock/bannister/Bannister/obj/Debug/net8.0-android/android/bin/classes/crc640a8d9a12ddbf2cf2/DeviceDisplayImplementation_Listener.class' -> 'goodrive://www.googleapis.com/:personal:/bannister/bannister/obj/Debug/net8.0-android/android/bin/classes/crc640a8d9a12ddbf2cf2/DeviceDisplayImplementation_Listener.class' (1,891)
2026-08-23 05:39:56: Copy Over 'C:/rock/bannister/Bannister/obj/Debug/net8.0-android/android/bin/classes/crc640a8d9a12ddbf2cf2/EnergySaverBroadcastReceiver.class' -> 'goodrive://www.googleapis.com/:personal:/bannister/bannister/obj/Debug/net8.0-android/android/bin/classes/crc640a8d9a12ddbf2cf2/EnergySaverBroadcastReceiver.class' (1,547)
2026-08-23 05:39:56: Copy Over 'C:/rock/bannister/Bannister/obj/Debug/net8.0-android/android/bin/classes/crc640fd0ddb16fe433d4/TouchBehavior_AccessibilityListener.class' -> 'goodrive://www.googleapis.com/:personal:/bannister/bannister/obj/Debug/net8.0-android/android/bin/classes/crc640fd0ddb16fe433d4/TouchBehavior_AccessibilityListener.class' (2,341)
2026-08-23 05:39:59: Copy Over 'C:/rock/bannister/Bannister/obj/Debug/net8.0-android/android/bin/classes/crc64124e178812aeed4c/ButtonRenderer.class' -> 'goodrive://www.googleapis.com/:personal:/bannister/bannister/obj/Debug/net8.0-android/android/bin/classes/crc64124e178812aeed4c/ButtonRenderer.class' (4,672)
2026-08-23 05:40:00: Copy Over 'C:/rock/bannister/Bannister/obj/Debug/net8.0-android/android/bin/classes/crc64124e178812aeed4c/FrameRenderer.class' -> 'goodrive://www.googleapis.com/:personal:/bannister/bannister/obj/Debug/net8.0-android/android/bin/classes/crc64124e178812aeed4c/FrameRenderer.class' (2,787)
2026-08-23 05:40:00: Copy Over 'C:/rock/bannister/Bannister/obj/Debug/net8.0-android/android/bin/classes/crc64124e178812aeed4c/ImageRenderer.class' -> 'goodrive://www.googleapis.com/:personal:/bannister/bannister/obj/Debug/net8.0-android/android/bin/classes/crc64124e178812aeed4c/ImageRenderer.class' (3,100)
2026-08-23 05:40:02: Copy Over 'C:/rock/bannister/Bannister/obj/Debug/net8.0-android/android/bin/classes/crc64124e178812aeed4c/LabelRenderer.class' -> 'goodrive://www.googleapis.com/:personal:/bannister/bannister/obj/Debug/net8.0-android/android/bin/classes/crc64124e178812aeed4c/LabelRenderer.class' (2,432)
2026-08-23 05:40:03: Copy Over 'C:/rock/bannister/Bannister/obj/Debug/net8.0-android/android/bin/classes/crc6413a2ffd8f229512a/CarouselViewAdapter_2.class' -> 'goodrive://www.googleapis.com/:personal:/bannister/bannister/obj/Debug/net8.0-android/android/bin/classes/crc6413a2ffd8f229512a/CarouselViewAdapter_2.class' (1,928)
2026-08-23 05:40:03: Copy Over 'C:/rock/bannister/Bannister/obj/Debug/net8.0-android/android/bin/classes/crc64159f3caeb1269279/MauiDrawingView.class' -> 'goodrive://www.googleapis.com/:personal:/bannister/bannister/obj/Debug/net8.0-android/android/bin/classes/crc64159f3caeb1269279/MauiDrawingView.class' (2,609)
2026-08-23 05:40:06: Copy Over 'C:/rock/bannister/Bannister/obj/Debug/net8.0-android/android/bin/classes/crc64159f3caeb1269279/MauiPopup.class' -> 'goodrive://www.googleapis.com/:personal:/bannister/bannister/obj/Debug/net8.0-android/android/bin/classes/crc64159f3caeb1269279/MauiPopup.class' (2,633)
2026-08-23 05:40:06: Copy Over 'C:/rock/bannister/Bannister/obj/Debug/net8.0-android/android/bin/classes/crc64159f3caeb1269279/MauiSemanticOrderView.class' -> 'goodrive://www.googleapis.com/:personal:/bannister/bannister/obj/Debug/net8.0-android/android/bin/classes/crc64159f3caeb1269279/MauiSemanticOrderView.class' (2,549)
2026-08-23 05:40:07: Copy Over 'C:/rock/bannister/Bannister/obj/Debug/net8.0-android/android/bin/classes/crc6413a2ffd8f229512a/RecyclerViewScrollListener_2.class' -> 'goodrive://www.googleapis.com/:personal:/bannister/bannister/obj/Debug/net8.0-android/android/bin/classes/crc6413a2ffd8f229512a/RecyclerViewScrollListener_2.class' (1,721)
2026-08-23 05:40:09: Copy Over 'C:/rock/bannister/Bannister/obj/Debug/net8.0-android/android/bin/classes/crc64338477404e88479c/ColorChangeRevealDrawable.class' -> 'goodrive://www.googleapis.com/:personal:/bannister/bannister/obj/Debug/net8.0-android/android/bin/classes/crc64338477404e88479c/ColorChangeRevealDrawable.class' (1,463)
2026-08-23 05:40:10: Copy Over 'C:/rock/bannister/Bannister/obj/Debug/net8.0-android/android/bin/classes/crc64396a3fe5f8138e3f/CustomTabsServiceConnectionImpl.class' -> 'goodrive://www.googleapis.com/:personal:/bannister/bannister/obj/Debug/net8.0-android/android/bin/classes/crc64396a3fe5f8138e3f/CustomTabsServiceConnectionImpl.class' (2,018)
2026-08-23 05:40:11: Copy Over 'C:/rock/bannister/Bannister/obj/Debug/net8.0-android/android/bin/classes/crc64396a3fe5f8138e3f/KeepAliveService.class' -> 'goodrive://www.googleapis.com/:personal:/bannister/bannister/obj/Debug/net8.0-android/android/bin/classes/crc64396a3fe5f8138e3f/KeepAliveService.class' (1,447)
2026-08-23 05:40:12: Copy Over 'C:/rock/bannister/Bannister/obj/Debug/net8.0-android/android/bin/classes/crc64338477404e88479c/ControlsAccessibilityDelegate.class' -> 'goodrive://www.googleapis.com/:personal:/bannister/bannister/obj/Debug/net8.0-android/android/bin/classes/crc64338477404e88479c/ControlsAccessibilityDelegate.class' (2,397)
2026-08-23 05:40:13: Copy Over 'C:/rock/bannister/Bannister/obj/Debug/net8.0-android/android/bin/classes/crc64338477404e88479c/DragAndDropGestureHandler.class' -> 'goodrive://www.googleapis.com/:personal:/bannister/bannister/obj/Debug/net8.0-android/android/bin/classes/crc64338477404e88479c/DragAndDropGestureHandler.class' (1,695)
2026-08-23 05:40:14: Copy Over 'C:/rock/bannister/Bannister/obj/Debug/net8.0-android/android/bin/classes/crc64338477404e88479c/DragAndDropGestureHandler_CustomLocalStateData.class' -> 'goodrive://www.googleapis.com/:personal:/bannister/bannister/obj/Debug/net8.0-android/android/bin/classes/crc64338477404e88479c/DragAndDropGestureHandler_CustomLocalStateData.class' (1,281)
2026-08-23 05:40:16: Copy Over 'C:/rock/bannister/Bannister/obj/Debug/net8.0-android/android/bin/classes/crc64338477404e88479c/FragmentContainer.class' -> 'goodrive://www.googleapis.com/:personal:/bannister/bannister/obj/Debug/net8.0-android/android/bin/classes/crc64338477404e88479c/FragmentContainer.class' (2,113)
2026-08-23 05:40:17: Copy Over 'C:/rock/bannister/Bannister/obj/Debug/net8.0-android/android/bin/classes/crc64338477404e88479c/GenericAnimatorListener.class' -> 'goodrive://www.googleapis.com/:personal:/bannister/bannister/obj/Debug/net8.0-android/android/bin/classes/crc64338477404e88479c/GenericAnimatorListener.class' (2,065)
2026-08-23 05:40:17: Copy Over 'C:/rock/bannister/Bannister/obj/Debug/net8.0-android/android/bin/classes/crc64338477404e88479c/GenericGlobalLayoutListener.class' -> 'goodrive://www.googleapis.com/:personal:/bannister/bannister/obj/Debug/net8.0-android/android/bin/classes/crc64338477404e88479c/GenericGlobalLayoutListener.class' (1,659)
2026-08-23 05:40:20: Copy Over 'C:/rock/bannister/Bannister/obj/Debug/net8.0-android/android/bin/classes/crc64338477404e88479c/GradientStrokeDrawable.class' -> 'goodrive://www.googleapis.com/:personal:/bannister/bannister/obj/Debug/net8.0-android/android/bin/classes/crc64338477404e88479c/GradientStrokeDrawable.class' (1,882)
2026-08-23 05:40:20: Copy Over 'C:/rock/bannister/Bannister/obj/Debug/net8.0-android/android/bin/classes/crc64338477404e88479c/GenericMenuClickListener.class' -> 'goodrive://www.googleapis.com/:personal:/bannister/bannister/obj/Debug/net8.0-android/android/bin/classes/crc64338477404e88479c/GenericMenuClickListener.class' (1,705)
2026-08-23 05:40:20: Copy Over 'C:/rock/bannister/Bannister/obj/Debug/net8.0-android/android/bin/classes/crc64338477404e88479c/InnerGestureListener.class' -> 'goodrive://www.googleapis.com/:personal:/bannister/bannister/obj/Debug/net8.0-android/android/bin/classes/crc64338477404e88479c/InnerGestureListener.class' (4,498)
2026-08-23 05:40:23: Copy Over 'C:/rock/bannister/Bannister/obj/Debug/net8.0-android/android/bin/classes/crc64338477404e88479c/MauiViewPager.class' -> 'goodrive://www.googleapis.com/:personal:/bannister/bannister/obj/Debug/net8.0-android/android/bin/classes/crc64338477404e88479c/MauiViewPager.class' (2,078)
2026-08-23 05:40:23: Copy Over 'C:/rock/bannister/Bannister/obj/Debug/net8.0-android/android/bin/classes/crc64338477404e88479c/InnerScaleListener.class' -> 'goodrive://www.googleapis.com/:personal:/bannister/bannister/obj/Debug/net8.0-android/android/bin/classes/crc64338477404e88479c/InnerScaleListener.class' (2,051)
2026-08-23 05:40:23: Copy Over 'C:/rock/bannister/Bannister/obj/Debug/net8.0-android/android/bin/classes/crc64338477404e88479c/ModalNavigationManager_ModalContainer.class' -> 'goodrive://www.googleapis.com/:personal:/bannister/bannister/obj/Debug/net8.0-android/android/bin/classes/crc64338477404e88479c/ModalNavigationManager_ModalContainer.class' (3,275)
2026-08-23 05:40:26: Copy Over 'C:/rock/bannister/Bannister/obj/Debug/net8.0-android/android/bin/classes/crc64338477404e88479c/ModalNavigationManager_ModalContainer_ModalFragment.class' -> 'goodrive://www.googleapis.com/:personal:/bannister/bannister/obj/Debug/net8.0-android/android/bin/classes/crc64338477404e88479c/ModalNavigationManager_ModalContainer_ModalFragment.class' (1,965)
2026-08-23 05:40:27: Copy Over 'C:/rock/bannister/Bannister/obj/Debug/net8.0-android/android/bin/classes/crc64338477404e88479c/MultiPageFragmentStateAdapter_1.class' -> 'goodrive://www.googleapis.com/:personal:/bannister/bannister/obj/Debug/net8.0-android/android/bin/classes/crc64338477404e88479c/MultiPageFragmentStateAdapter_1.class' (2,756)
2026-08-23 05:40:27: Copy Over 'C:/rock/bannister/Bannister/obj/Debug/net8.0-android/android/bin/classes/crc64338477404e88479c/PointerGestureHandler.class' -> 'goodrive://www.googleapis.com/:personal:/bannister/bannister/obj/Debug/net8.0-android/android/bin/classes/crc64338477404e88479c/PointerGestureHandler.class' (1,696)
2026-08-23 05:40:30: Copy Over 'C:/rock/bannister/Bannister/obj/Debug/net8.0-android/android/bin/classes/crc64338477404e88479c/ToolbarExtensions_ToolbarTitleIconImageView.class' -> 'goodrive://www.googleapis.com/:personal:/bannister/bannister/obj/Debug/net8.0-android/android/bin/classes/crc64338477404e88479c/ToolbarExtensions_ToolbarTitleIconImageView.class' (2,108)
2026-08-23 05:40:30: Copy Over 'C:/rock/bannister/Bannister/obj/Debug/net8.0-android/android/bin/classes/crc64338477404e88479c/TapAndPanGestureDetector.class' -> 'goodrive://www.googleapis.com/:personal:/bannister/bannister/obj/Debug/net8.0-android/android/bin/classes/crc64338477404e88479c/TapAndPanGestureDetector.class' (3,212)
2026-08-23 05:40:30: Copy Over 'C:/rock/bannister/Bannister/obj/Debug/net8.0-android/android/bin/classes/crc643f2b18b2570eaa5a/PlatformGraphicsView.class' -> 'goodrive://www.googleapis.com/:personal:/bannister/bannister/obj/Debug/net8.0-android/android/bin/classes/crc643f2b18b2570eaa5a/PlatformGraphicsView.class' (2,727)
2026-08-23 05:40:33: Copy Over 'C:/rock/bannister/Bannister/obj/Debug/net8.0-android/android/bin/classes/crc6452ffdc5b34af3a0f/BorderDrawable.class' -> 'goodrive://www.googleapis.com/:personal:/bannister/bannister/obj/Debug/net8.0-android/android/bin/classes/crc6452ffdc5b34af3a0f/BorderDrawable.class' (2,268)
2026-08-23 05:40:33: Copy Over 'C:/rock/bannister/Bannister/obj/Debug/net8.0-android/android/bin/classes/crc6452ffdc5b34af3a0f/ContainerView.class' -> 'goodrive://www.googleapis.com/:personal:/bannister/bannister/obj/Debug/net8.0-android/android/bin/classes/crc6452ffdc5b34af3a0f/ContainerView.class' (2,341)
2026-08-23 05:40:33: Copy Over 'C:/rock/bannister/Bannister/obj/Debug/net8.0-android/android/bin/classes/crc6452ffdc5b34af3a0f/AccessibilityDelegateCompatWrapper.class' -> 'goodrive://www.googleapis.com/:personal:/bannister/bannister/obj/Debug/net8.0-android/android/bin/classes/crc6452ffdc5b34af3a0f/AccessibilityDelegateCompatWrapper.class' (5,319)
2026-08-23 05:40:36: Copy Over 'C:/rock/bannister/Bannister/obj/Debug/net8.0-android/android/bin/classes/crc6452ffdc5b34af3a0f/ContentViewGroup.class' -> 'goodrive://www.googleapis.com/:personal:/bannister/bannister/obj/Debug/net8.0-android/android/bin/classes/crc6452ffdc5b34af3a0f/ContentViewGroup.class' (2,850)
2026-08-23 05:40:36: Copy Over 'C:/rock/bannister/Bannister/obj/Debug/net8.0-android/android/bin/classes/crc6452ffdc5b34af3a0f/FragmentManagerExtensions_CallBacks.class' -> 'goodrive://www.googleapis.com/:personal:/bannister/bannister/obj/Debug/net8.0-android/android/bin/classes/crc6452ffdc5b34af3a0f/FragmentManagerExtensions_CallBacks.class' (2,102)
2026-08-23 05:40:37: Copy Over 'C:/rock/bannister/Bannister/obj/Debug/net8.0-android/android/bin/classes/crc6452ffdc5b34af3a0f/LayoutViewGroup.class' -> 'goodrive://www.googleapis.com/:personal:/bannister/bannister/obj/Debug/net8.0-android/android/bin/classes/crc6452ffdc5b34af3a0f/LayoutViewGroup.class' (2,857)
2026-08-23 05:40:40: Copy Over 'C:/rock/bannister/Bannister/obj/Debug/net8.0-android/android/bin/classes/crc6452ffdc5b34af3a0f/LocalizedDigitsKeyListener.class' -> 'goodrive://www.googleapis.com/:personal:/bannister/bannister/obj/Debug/net8.0-android/android/bin/classes/crc6452ffdc5b34af3a0f/LocalizedDigitsKeyListener.class' (2,202)
2026-08-23 05:40:40: Copy Over 'C:/rock/bannister/Bannister/obj/Debug/net8.0-android/android/bin/classes/crc6452ffdc5b34af3a0f/MauiAccessibilityDelegateCompat.class' -> 'goodrive://www.googleapis.com/:personal:/bannister/bannister/obj/Debug/net8.0-android/android/bin/classes/crc6452ffdc5b34af3a0f/MauiAccessibilityDelegateCompat.class' (2,385)
2026-08-23 05:40:40: Copy Over 'C:/rock/bannister/Bannister/obj/Debug/net8.0-android/android/bin/classes/crc6452ffdc5b34af3a0f/MauiAppCompatEditText.class' -> 'goodrive://www.googleapis.com/:personal:/bannister/bannister/obj/Debug/net8.0-android/android/bin/classes/crc6452ffdc5b34af3a0f/MauiAppCompatEditText.class' (2,201)
2026-08-23 05:40:43: Copy Over 'C:/rock/bannister/Bannister/obj/Debug/net8.0-android/android/bin/classes/crc6452ffdc5b34af3a0f/MauiDatePicker.class' -> 'goodrive://www.googleapis.com/:personal:/bannister/bannister/obj/Debug/net8.0-android/android/bin/classes/crc6452ffdc5b34af3a0f/MauiDatePicker.class' (2,411)
2026-08-23 05:40:43: Copy Over 'C:/rock/bannister/Bannister/obj/Debug/net8.0-android/android/bin/classes/crc6452ffdc5b34af3a0f/MauiBoxView.class' -> 'goodrive://www.googleapis.com/:personal:/bannister/bannister/obj/Debug/net8.0-android/android/bin/classes/crc6452ffdc5b34af3a0f/MauiBoxView.class' (2,350)
2026-08-23 05:40:43: Copy Over 'C:/rock/bannister/Bannister/obj/Debug/net8.0-android/android/bin/classes/crc6452ffdc5b34af3a0f/MauiHorizontalScrollView.class' -> 'goodrive://www.googleapis.com/:personal:/bannister/bannister/obj/Debug/net8.0-android/android/bin/classes/crc6452ffdc5b34af3a0f/MauiHorizontalScrollView.class' (3,616)
2026-08-23 05:40:46: Copy Over 'C:/rock/bannister/Bannister/obj/Debug/net8.0-android/android/bin/classes/crc6452ffdc5b34af3a0f/MauiMaterialButton.class' -> 'goodrive://www.googleapis.com/:personal:/bannister/bannister/obj/Debug/net8.0-android/android/bin/classes/crc6452ffdc5b34af3a0f/MauiMaterialButton.class' (2,621)
2026-08-23 05:40:47: Copy Over 'C:/rock/bannister/Bannister/obj/Debug/net8.0-android/android/bin/classes/crc6452ffdc5b34af3a0f/MauiLayerDrawable.class' -> 'goodrive://www.googleapis.com/:personal:/bannister/bannister/obj/Debug/net8.0-android/android/bin/classes/crc6452ffdc5b34af3a0f/MauiLayerDrawable.class' (1,377)
2026-08-23 05:40:47: Copy Over 'C:/rock/bannister/Bannister/obj/Debug/net8.0-android/android/bin/classes/crc6452ffdc5b34af3a0f/MauiMaterialButton_MauiResizableDrawable.class' -> 'goodrive://www.googleapis.com/:personal:/bannister/bannister/obj/Debug/net8.0-android/android/bin/classes/crc6452ffdc5b34af3a0f/MauiMaterialButton_MauiResizableDrawable.class' (1,446)
2026-08-23 05:40:50: Copy Over 'C:/rock/bannister/Bannister/obj/Debug/net8.0-android/android/bin/classes/crc6452ffdc5b34af3a0f/MauiPageControl.class' -> 'goodrive://www.googleapis.com/:personal:/bannister/bannister/obj/Debug/net8.0-android/android/bin/classes/crc6452ffdc5b34af3a0f/MauiPageControl.class' (2,347)
2026-08-23 05:40:50: Copy Over 'C:/rock/bannister/Bannister/obj/Debug/net8.0-android/android/bin/classes/crc6452ffdc5b34af3a0f/MauiPageControl_TEditClickListener.class' -> 'goodrive://www.googleapis.com/:personal:/bannister/bannister/obj/Debug/net8.0-android/android/bin/classes/crc6452ffdc5b34af3a0f/MauiPageControl_TEditClickListener.class' (1,642)
2026-08-23 05:40:50: Copy Over 'C:/rock/bannister/Bannister/obj/Debug/net8.0-android/android/bin/classes/crc6452ffdc5b34af3a0f/MauiPicker.class' -> 'goodrive://www.googleapis.com/:personal:/bannister/bannister/obj/Debug/net8.0-android/android/bin/classes/crc6452ffdc5b34af3a0f/MauiPicker.class' (2,436)
2026-08-23 05:40:53: Copy Over 'C:/rock/bannister/Bannister/obj/Debug/net8.0-android/android/bin/classes/crc6452ffdc5b34af3a0f/MauiPickerBase.class' -> 'goodrive://www.googleapis.com/:personal:/bannister/bannister/obj/Debug/net8.0-android/android/bin/classes/crc6452ffdc5b34af3a0f/MauiPickerBase.class' (2,002)
2026-08-23 05:40:53: Copy Over 'C:/rock/bannister/Bannister/obj/Debug/net8.0-android/android/bin/classes/crc6452ffdc5b34af3a0f/MauiScrollView.class' -> 'goodrive://www.googleapis.com/:personal:/bannister/bannister/obj/Debug/net8.0-android/android/bin/classes/crc6452ffdc5b34af3a0f/MauiScrollView.class' (3,242)
2026-08-23 05:40:54: Copy Over 'C:/rock/bannister/Bannister/obj/Debug/net8.0-android/android/bin/classes/crc6452ffdc5b34af3a0f/MauiSearchView.class' -> 'goodrive://www.googleapis.com/:personal:/bannister/bannister/obj/Debug/net8.0-android/android/bin/classes/crc6452ffdc5b34af3a0f/MauiSearchView.class' (1,995)
2026-08-23 05:40:56: Copy Over 'C:/rock/bannister/Bannister/obj/Debug/net8.0-android/android/bin/classes/crc6452ffdc5b34af3a0f/MauiShapeView.class' -> 'goodrive://www.googleapis.com/:personal:/bannister/bannister/obj/Debug/net8.0-android/android/bin/classes/crc6452ffdc5b34af3a0f/MauiShapeView.class' (2,356)
2026-08-23 05:40:57: Copy Over 'C:/rock/bannister/Bannister/obj/Debug/net8.0-android/android/bin/classes/crc6452ffdc5b34af3a0f/MauiStepper.class' -> 'goodrive://www.googleapis.com/:personal:/bannister/bannister/obj/Debug/net8.0-android/android/bin/classes/crc6452ffdc5b34af3a0f/MauiStepper.class' (2,335)
2026-08-23 05:40:57: Copy Over 'C:/rock/bannister/Bannister/obj/Debug/net8.0-android/android/bin/classes/crc6452ffdc5b34af3a0f/MauiSwipeRefreshLayout.class' -> 'goodrive://www.googleapis.com/:personal:/bannister/bannister/obj/Debug/net8.0-android/android/bin/classes/crc6452ffdc5b34af3a0f/MauiSwipeRefreshLayout.class' (1,816)
2026-08-23 05:41:00: Copy Over 'C:/rock/bannister/Bannister/obj/Debug/net8.0-android/android/bin/classes/crc6452ffdc5b34af3a0f/MauiSwipeView.class' -> 'goodrive://www.googleapis.com/:personal:/bannister/bannister/obj/Debug/net8.0-android/android/bin/classes/crc6452ffdc5b34af3a0f/MauiSwipeView.class' (3,174)
2026-08-23 05:41:00: Copy Over 'C:/rock/bannister/Bannister/obj/Debug/net8.0-android/android/bin/classes/crc6452ffdc5b34af3a0f/MauiTextView.class' -> 'goodrive://www.googleapis.com/:personal:/bannister/bannister/obj/Debug/net8.0-android/android/bin/classes/crc6452ffdc5b34af3a0f/MauiTextView.class' (1,515)
2026-08-23 05:41:00: Copy Over 'C:/rock/bannister/Bannister/obj/Debug/net8.0-android/android/bin/classes/crc6452ffdc5b34af3a0f/MauiTimePicker.class' -> 'goodrive://www.googleapis.com/:personal:/bannister/bannister/obj/Debug/net8.0-android/android/bin/classes/crc6452ffdc5b34af3a0f/MauiTimePicker.class' (2,411)
2026-08-23 05:41:03: Copy Over 'C:/rock/bannister/Bannister/obj/Debug/net8.0-android/android/bin/classes/crc6452ffdc5b34af3a0f/MauiWebChromeClient.class' -> 'goodrive://www.googleapis.com/:personal:/bannister/bannister/obj/Debug/net8.0-android/android/bin/classes/crc6452ffdc5b34af3a0f/MauiWebChromeClient.class' (1,806)
2026-08-23 05:41:04: Copy Over 'C:/rock/bannister/Bannister/obj/Debug/net8.0-android/android/bin/classes/crc6452ffdc5b34af3a0f/MauiWebViewClient.class' -> 'goodrive://www.googleapis.com/:personal:/bannister/bannister/obj/Debug/net8.0-android/android/bin/classes/crc6452ffdc5b34af3a0f/MauiWebViewClient.class' (2,658)
2026-08-23 05:41:05: Copy Over 'C:/rock/bannister/Bannister/obj/Debug/net8.0-android/android/bin/classes/crc6452ffdc5b34af3a0f/MauiWebView.class' -> 'goodrive://www.googleapis.com/:personal:/bannister/bannister/obj/Debug/net8.0-android/android/bin/classes/crc6452ffdc5b34af3a0f/MauiWebView.class' (2,748)
2026-08-23 05:41:07: Copy Over 'C:/rock/bannister/Bannister/obj/Debug/net8.0-android/android/bin/classes/crc6452ffdc5b34af3a0f/NavigationRootManager_ElementBasedFragment.class' -> 'goodrive://www.googleapis.com/:personal:/bannister/bannister/obj/Debug/net8.0-android/android/bin/classes/crc6452ffdc5b34af3a0f/NavigationRootManager_ElementBasedFragment.class' (1,795)
2026-08-23 05:41:08: Copy Over 'C:/rock/bannister/Bannister/obj/Debug/net8.0-android/android/bin/classes/crc6452ffdc5b34af3a0f/NavigationViewFragment.class' -> 'goodrive://www.googleapis.com/:personal:/bannister/bannister/obj/Debug/net8.0-android/android/bin/classes/crc6452ffdc5b34af3a0f/NavigationViewFragment.class' (2,350)
2026-08-23 05:41:08: Copy Over 'C:/rock/bannister/Bannister/obj/Debug/net8.0-android/android/bin/classes/crc6452ffdc5b34af3a0f/PlatformTouchGraphicsView.class' -> 'goodrive://www.googleapis.com/:personal:/bannister/bannister/obj/Debug/net8.0-android/android/bin/classes/crc6452ffdc5b34af3a0f/PlatformTouchGraphicsView.class' (2,954)
2026-08-23 05:41:11: Copy Over 'C:/rock/bannister/Bannister/obj/Debug/net8.0-android/android/bin/classes/crc6452ffdc5b34af3a0f/ScopedFragment.class' -> 'goodrive://www.googleapis.com/:personal:/bannister/bannister/obj/Debug/net8.0-android/android/bin/classes/crc6452ffdc5b34af3a0f/ScopedFragment.class' (2,195)
2026-08-23 05:41:11: Copy Over 'C:/rock/bannister/Bannister/obj/Debug/net8.0-android/android/bin/classes/crc6452ffdc5b34af3a0f/StackNavigationManager_Callbacks.class' -> 'goodrive://www.googleapis.com/:personal:/bannister/bannister/obj/Debug/net8.0-android/android/bin/classes/crc6452ffdc5b34af3a0f/StackNavigationManager_Callbacks.class' (5,643)
2026-08-23 05:41:11: Copy Over 'C:/rock/bannister/Bannister/obj/Debug/net8.0-android/android/bin/classes/crc6452ffdc5b34af3a0f/StepperHandlerHolder.class' -> 'goodrive://www.googleapis.com/:personal:/bannister/bannister/obj/Debug/net8.0-android/android/bin/classes/crc6452ffdc5b34af3a0f/StepperHandlerHolder.class' (1,185)
2026-08-23 05:41:14: Copy Over 'C:/rock/bannister/Bannister/obj/Debug/net8.0-android/android/bin/classes/crc6452ffdc5b34af3a0f/StepperHandlerManager_StepperListener.class' -> 'goodrive://www.googleapis.com/:personal:/bannister/bannister/obj/Debug/net8.0-android/android/bin/classes/crc6452ffdc5b34af3a0f/StepperHandlerManager_StepperListener.class' (1,651)
2026-08-23 05:41:14: Copy Over 'C:/rock/bannister/Bannister/obj/Debug/net8.0-android/android/bin/classes/crc6452ffdc5b34af3a0f/SwipeViewPager.class' -> 'goodrive://www.googleapis.com/:personal:/bannister/bannister/obj/Debug/net8.0-android/android/bin/classes/crc6452ffdc5b34af3a0f/SwipeViewPager.class' (2,063)
2026-08-23 05:41:14: Copy Over 'C:/rock/bannister/Bannister/obj/Debug/net8.0-android/android/bin/classes/crc6452ffdc5b34af3a0f/ViewFragment.class' -> 'goodrive://www.googleapis.com/:personal:/bannister/bannister/obj/Debug/net8.0-android/android/bin/classes/crc6452ffdc5b34af3a0f/ViewFragment.class' (2,017)
2026-08-23 05:41:17: Copy Over 'C:/rock/bannister/Bannister/obj/Debug/net8.0-android/android/bin/classes/crc6452ffdc5b34af3a0f/WebViewExtensions_JavascriptResult.class' -> 'goodrive://www.googleapis.com/:personal:/bannister/bannister/obj/Debug/net8.0-android/android/bin/classes/crc6452ffdc5b34af3a0f/WebViewExtensions_JavascriptResult.class' (1,560)
2026-08-23 05:41:17: Copy Over 'C:/rock/bannister/Bannister/obj/Debug/net8.0-android/android/bin/classes/crc6452ffdc5b34af3a0f/WrapperView.class' -> 'goodrive://www.googleapis.com/:personal:/bannister/bannister/obj/Debug/net8.0-android/android/bin/classes/crc6452ffdc5b34af3a0f/WrapperView.class' (2,740)
2026-08-23 05:41:18: Copy Over 'C:/rock/bannister/Bannister/obj/Debug/net8.0-android/android/bin/classes/crc645d80431ce5f73f11/CarouselSpacingItemDecoration.class' -> 'goodrive://www.googleapis.com/:personal:/bannister/bannister/obj/Debug/net8.0-android/android/bin/classes/crc645d80431ce5f73f11/CarouselSpacingItemDecoration.class' (2,029)
2026-08-23 05:41:21: Copy Over 'C:/rock/bannister/Bannister/obj/Debug/net8.0-android/android/bin/classes/crc6468b6408a11370c2f/WebAuthenticatorCallbackActivity.class' -> 'goodrive://www.googleapis.com/:personal:/bannister/bannister/obj/Debug/net8.0-android/android/bin/classes/crc6468b6408a11370c2f/WebAuthenticatorCallbackActivity.class' (1,458)
2026-08-23 05:41:21: Copy Over 'C:/rock/bannister/Bannister/obj/Debug/net8.0-android/android/bin/classes/crc6468b6408a11370c2f/WebAuthenticatorIntermediateActivity.class' -> 'goodrive://www.googleapis.com/:personal:/bannister/bannister/obj/Debug/net8.0-android/android/bin/classes/crc6468b6408a11370c2f/WebAuthenticatorIntermediateActivity.class' (2,015)
2026-08-23 05:41:24: Copy Over 'C:/rock/bannister/Bannister/obj/Debug/net8.0-android/android/bin/classes/crc645d80431ce5f73f11/CarouselViewAdapter_2.class' -> 'goodrive://www.googleapis.com/:personal:/bannister/bannister/obj/Debug/net8.0-android/android/bin/classes/crc645d80431ce5f73f11/CarouselViewAdapter_2.class' (2,041)
2026-08-23 05:41:24: Copy Over 'C:/rock/bannister/Bannister/obj/Debug/net8.0-android/android/bin/classes/crc645d80431ce5f73f11/CarouselViewOnScrollListener.class' -> 'goodrive://www.googleapis.com/:personal:/bannister/bannister/obj/Debug/net8.0-android/android/bin/classes/crc645d80431ce5f73f11/CarouselViewOnScrollListener.class' (1,883)
2026-08-23 05:41:24: Copy Over 'C:/rock/bannister/Bannister/obj/Debug/net8.0-android/android/bin/classes/crc645d80431ce5f73f11/CenterSnapHelper.class' -> 'goodrive://www.googleapis.com/:personal:/bannister/bannister/obj/Debug/net8.0-android/android/bin/classes/crc645d80431ce5f73f11/CenterSnapHelper.class' (1,755)
2026-08-23 05:41:27: Copy Over 'C:/rock/bannister/Bannister/obj/Debug/net8.0-android/android/bin/classes/crc645d80431ce5f73f11/DataChangeObserver.class' -> 'goodrive://www.googleapis.com/:personal:/bannister/bannister/obj/Debug/net8.0-android/android/bin/classes/crc645d80431ce5f73f11/DataChangeObserver.class' (2,388)
2026-08-23 05:41:27: Copy Over 'C:/rock/bannister/Bannister/obj/Debug/net8.0-android/android/bin/classes/crc645d80431ce5f73f11/EmptyViewAdapter.class' -> 'goodrive://www.googleapis.com/:personal:/bannister/bannister/obj/Debug/net8.0-android/android/bin/classes/crc645d80431ce5f73f11/EmptyViewAdapter.class' (2,719)
2026-08-23 05:41:27: Copy Over 'C:/rock/bannister/Bannister/obj/Debug/net8.0-android/android/bin/classes/crc645d80431ce5f73f11/EdgeSnapHelper.class' -> 'goodrive://www.googleapis.com/:personal:/bannister/bannister/obj/Debug/net8.0-android/android/bin/classes/crc645d80431ce5f73f11/EdgeSnapHelper.class' (1,238)
2026-08-23 05:41:30: Copy Over 'C:/rock/bannister/Bannister/obj/Debug/net8.0-android/android/bin/classes/crc645d80431ce5f73f11/EndSingleSnapHelper.class' -> 'goodrive://www.googleapis.com/:personal:/bannister/bannister/obj/Debug/net8.0-android/android/bin/classes/crc645d80431ce5f73f11/EndSingleSnapHelper.class' (1,849)
2026-08-23 05:41:31: Copy Over 'C:/rock/bannister/Bannister/obj/Debug/net8.0-android/android/bin/classes/crc645d80431ce5f73f11/EndSnapHelper.class' -> 'goodrive://www.googleapis.com/:personal:/bannister/bannister/obj/Debug/net8.0-android/android/bin/classes/crc645d80431ce5f73f11/EndSnapHelper.class' (2,179)
2026-08-23 05:41:31: Copy Over 'C:/rock/bannister/Bannister/obj/Debug/net8.0-android/android/bin/classes/crc645d80431ce5f73f11/GridLayoutSpanSizeLookup.class' -> 'goodrive://www.googleapis.com/:personal:/bannister/bannister/obj/Debug/net8.0-android/android/bin/classes/crc645d80431ce5f73f11/GridLayoutSpanSizeLookup.class' (1,536)
2026-08-23 05:41:34: Copy Over 'C:/rock/bannister/Bannister/obj/Debug/net8.0-android/android/bin/classes/crc645d80431ce5f73f11/GroupableItemsViewAdapter_2.class' -> 'goodrive://www.googleapis.com/:personal:/bannister/bannister/obj/Debug/net8.0-android/android/bin/classes/crc645d80431ce5f73f11/GroupableItemsViewAdapter_2.class' (2,277)
2026-08-23 05:41:34: Copy Over 'C:/rock/bannister/Bannister/obj/Debug/net8.0-android/android/bin/classes/crc645d80431ce5f73f11/ItemContentView.class' -> 'goodrive://www.googleapis.com/:personal:/bannister/bannister/obj/Debug/net8.0-android/android/bin/classes/crc645d80431ce5f73f11/ItemContentView.class' (2,660)
2026-08-23 05:41:34: Copy Over 'C:/rock/bannister/Bannister/obj/Debug/net8.0-android/android/bin/classes/crc645d80431ce5f73f11/ItemsViewAdapter_2.class' -> 'goodrive://www.googleapis.com/:personal:/bannister/bannister/obj/Debug/net8.0-android/android/bin/classes/crc645d80431ce5f73f11/ItemsViewAdapter_2.class' (2,859)
2026-08-23 05:41:37: Copy Over 'C:/rock/bannister/Bannister/obj/Debug/net8.0-android/android/bin/classes/crc645d80431ce5f73f11/MauiCarouselRecyclerView.class' -> 'goodrive://www.googleapis.com/:personal:/bannister/bannister/obj/Debug/net8.0-android/android/bin/classes/crc645d80431ce5f73f11/MauiCarouselRecyclerView.class' (2,975)
2026-08-23 05:41:38: Copy Over 'C:/rock/bannister/Bannister/obj/Debug/net8.0-android/android/bin/classes/crc645d80431ce5f73f11/MauiRecyclerView_3.class' -> 'goodrive://www.googleapis.com/:personal:/bannister/bannister/obj/Debug/net8.0-android/android/bin/classes/crc645d80431ce5f73f11/MauiRecyclerView_3.class' (2,188)
2026-08-23 05:41:38: Copy Over 'C:/rock/bannister/Bannister/obj/Debug/net8.0-android/android/bin/classes/crc645d80431ce5f73f11/MauiCarouselRecyclerView_CarouselViewOnGlobalLayoutListener.class' -> 'goodrive://www.googleapis.com/:personal:/bannister/bannister/obj/Debug/net8.0-android/android/bin/classes/crc645d80431ce5f73f11/MauiCarouselRecyclerView_CarouselViewOnGlobalLayoutListener.class' (2,062)
2026-08-23 05:41:41: Copy Over 'C:/rock/bannister/Bannister/obj/Debug/net8.0-android/android/bin/classes/crc645d80431ce5f73f11/NongreedySnapHelper_InitialScrollListener.class' -> 'goodrive://www.googleapis.com/:personal:/bannister/bannister/obj/Debug/net8.0-android/android/bin/classes/crc645d80431ce5f73f11/NongreedySnapHelper_InitialScrollListener.class' (2,001)
2026-08-23 05:41:41: Copy Over 'C:/rock/bannister/Bannister/obj/Debug/net8.0-android/android/bin/classes/crc645d80431ce5f73f11/NongreedySnapHelper.class' -> 'goodrive://www.googleapis.com/:personal:/bannister/bannister/obj/Debug/net8.0-android/android/bin/classes/crc645d80431ce5f73f11/NongreedySnapHelper.class' (1,571)
2026-08-23 05:41:41: Copy Over 'C:/rock/bannister/Bannister/obj/Debug/net8.0-android/android/bin/classes/crc645d80431ce5f73f11/PositionalSmoothScroller.class' -> 'goodrive://www.googleapis.com/:personal:/bannister/bannister/obj/Debug/net8.0-android/android/bin/classes/crc645d80431ce5f73f11/PositionalSmoothScroller.class' (1,960)
2026-08-23 05:41:44: Copy Over 'C:/rock/bannister/Bannister/obj/Debug/net8.0-android/android/bin/classes/crc645d80431ce5f73f11/RecyclerViewScrollListener_2.class' -> 'goodrive://www.googleapis.com/:personal:/bannister/bannister/obj/Debug/net8.0-android/android/bin/classes/crc645d80431ce5f73f11/RecyclerViewScrollListener_2.class' (1,676)
2026-08-23 05:41:45: Copy Over 'C:/rock/bannister/Bannister/obj/Debug/net8.0-android/android/bin/classes/crc645d80431ce5f73f11/ScrollHelper.class' -> 'goodrive://www.googleapis.com/:personal:/bannister/bannister/obj/Debug/net8.0-android/android/bin/classes/crc645d80431ce5f73f11/ScrollHelper.class' (1,856)
2026-08-23 05:41:45: Copy Over 'C:/rock/bannister/Bannister/obj/Debug/net8.0-android/android/bin/classes/crc645d80431ce5f73f11/ReorderableItemsViewAdapter_2.class' -> 'goodrive://www.googleapis.com/:personal:/bannister/bannister/obj/Debug/net8.0-android/android/bin/classes/crc645d80431ce5f73f11/ReorderableItemsViewAdapter_2.class' (1,291)
2026-08-23 05:41:48: Copy Over 'C:/rock/bannister/Bannister/obj/Debug/net8.0-android/android/bin/classes/crc645d80431ce5f73f11/SelectableItemsViewAdapter_2.class' -> 'goodrive://www.googleapis.com/:personal:/bannister/bannister/obj/Debug/net8.0-android/android/bin/classes/crc645d80431ce5f73f11/SelectableItemsViewAdapter_2.class' (2,090)
2026-08-23 05:41:48: Copy Over 'C:/rock/bannister/Bannister/obj/Debug/net8.0-android/android/bin/classes/crc645d80431ce5f73f11/SelectableViewHolder.class' -> 'goodrive://www.googleapis.com/:personal:/bannister/bannister/obj/Debug/net8.0-android/android/bin/classes/crc645d80431ce5f73f11/SelectableViewHolder.class' (1,795)
2026-08-23 05:41:48: Copy Over 'C:/rock/bannister/Bannister/obj/Debug/net8.0-android/android/bin/classes/crc645d80431ce5f73f11/SimpleItemTouchHelperCallback.class' -> 'goodrive://www.googleapis.com/:personal:/bannister/bannister/obj/Debug/net8.0-android/android/bin/classes/crc645d80431ce5f73f11/SimpleItemTouchHelperCallback.class' (3,022)
2026-08-23 05:41:51: Copy Over 'C:/rock/bannister/Bannister/obj/Debug/net8.0-android/android/bin/classes/crc645d80431ce5f73f11/SimpleViewHolder.class' -> 'goodrive://www.googleapis.com/:personal:/bannister/bannister/obj/Debug/net8.0-android/android/bin/classes/crc645d80431ce5f73f11/SimpleViewHolder.class' (1,445)
2026-08-23 05:41:51: Copy Over 'C:/rock/bannister/Bannister/obj/Debug/net8.0-android/android/bin/classes/crc645d80431ce5f73f11/SingleSnapHelper.class' -> 'goodrive://www.googleapis.com/:personal:/bannister/bannister/obj/Debug/net8.0-android/android/bin/classes/crc645d80431ce5f73f11/SingleSnapHelper.class' (2,120)
2026-08-23 05:41:52: Copy Over 'C:/rock/bannister/Bannister/obj/Debug/net8.0-android/android/bin/classes/crc645d80431ce5f73f11/SizedItemContentView.class' -> 'goodrive://www.googleapis.com/:personal:/bannister/bannister/obj/Debug/net8.0-android/android/bin/classes/crc645d80431ce5f73f11/SizedItemContentView.class' (2,538)
2026-08-23 05:41:54: Copy Over 'C:/rock/bannister/Bannister/obj/Debug/net8.0-android/android/bin/classes/crc645d80431ce5f73f11/StartSingleSnapHelper.class' -> 'goodrive://www.googleapis.com/:personal:/bannister/bannister/obj/Debug/net8.0-android/android/bin/classes/crc645d80431ce5f73f11/StartSingleSnapHelper.class' (1,855)
2026-08-23 05:41:55: Copy Over 'C:/rock/bannister/Bannister/obj/Debug/net8.0-android/android/bin/classes/crc645d80431ce5f73f11/SpacingItemDecoration.class' -> 'goodrive://www.googleapis.com/:personal:/bannister/bannister/obj/Debug/net8.0-android/android/bin/classes/crc645d80431ce5f73f11/SpacingItemDecoration.class' (2,005)
2026-08-23 05:41:55: Copy Over 'C:/rock/bannister/Bannister/obj/Debug/net8.0-android/android/bin/classes/crc645d80431ce5f73f11/StartSnapHelper.class' -> 'goodrive://www.googleapis.com/:personal:/bannister/bannister/obj/Debug/net8.0-android/android/bin/classes/crc645d80431ce5f73f11/StartSnapHelper.class' (2,185)
2026-08-23 05:41:57: Copy Over 'C:/rock/bannister/Bannister/obj/Debug/net8.0-android/android/bin/classes/crc645d80431ce5f73f11/StructuredItemsViewAdapter_2.class' -> 'goodrive://www.googleapis.com/:personal:/bannister/bannister/obj/Debug/net8.0-android/android/bin/classes/crc645d80431ce5f73f11/StructuredItemsViewAdapter_2.class' (2,270)
2026-08-23 05:41:58: Copy Over 'C:/rock/bannister/Bannister/obj/Debug/net8.0-android/android/bin/classes/crc645d80431ce5f73f11/TemplatedItemViewHolder.class' -> 'goodrive://www.googleapis.com/:personal:/bannister/bannister/obj/Debug/net8.0-android/android/bin/classes/crc645d80431ce5f73f11/TemplatedItemViewHolder.class' (1,365)
2026-08-23 05:41:59: Copy Over 'C:/rock/bannister/Bannister/obj/Debug/net8.0-android/android/bin/classes/crc645d80431ce5f73f11/TextViewHolder.class' -> 'goodrive://www.googleapis.com/:personal:/bannister/bannister/obj/Debug/net8.0-android/android/bin/classes/crc645d80431ce5f73f11/TextViewHolder.class' (1,338)
2026-08-23 05:42:01: Copy Over 'C:/rock/bannister/Bannister/obj/Debug/net8.0-android/android/bin/classes/crc6477f0d89a9cfd64b1/ActivityIndicatorRenderer.class' -> 'goodrive://www.googleapis.com/:personal:/bannister/bannister/obj/Debug/net8.0-android/android/bin/classes/crc6477f0d89a9cfd64b1/ActivityIndicatorRenderer.class' (2,082)
2026-08-23 05:42:02: Copy Over 'C:/rock/bannister/Bannister/obj/Debug/net8.0-android/android/bin/classes/crc6488302ad6e9e4df1a/ImageLoaderCallback.class' -> 'goodrive://www.googleapis.com/:personal:/bannister/bannister/obj/Debug/net8.0-android/android/bin/classes/crc6488302ad6e9e4df1a/ImageLoaderCallback.class' (1,226)
2026-08-23 05:42:02: Copy Over 'C:/rock/bannister/Bannister/obj/Debug/net8.0-android/android/bin/classes/crc6488302ad6e9e4df1a/ImageLoaderCallbackBase_1.class' -> 'goodrive://www.googleapis.com/:personal:/bannister/bannister/obj/Debug/net8.0-android/android/bin/classes/crc6488302ad6e9e4df1a/ImageLoaderCallbackBase_1.class' (1,668)
2026-08-23 05:42:04: Copy Over 'C:/rock/bannister/Bannister/obj/Debug/net8.0-android/android/bin/classes/crc6488302ad6e9e4df1a/ImageLoaderResultCallback.class' -> 'goodrive://www.googleapis.com/:personal:/bannister/bannister/obj/Debug/net8.0-android/android/bin/classes/crc6488302ad6e9e4df1a/ImageLoaderResultCallback.class' (1,244)
2026-08-23 05:42:06: Copy Over 'C:/rock/bannister/Bannister/obj/Debug/net8.0-android/android/bin/classes/crc6488302ad6e9e4df1a/MauiAppCompatActivity.class' -> 'goodrive://www.googleapis.com/:personal:/bannister/bannister/obj/Debug/net8.0-android/android/bin/classes/crc6488302ad6e9e4df1a/MauiAppCompatActivity.class' (3,730)
2026-08-23 05:42:06: Copy Over 'C:/rock/bannister/Bannister/obj/Debug/net8.0-android/android/bin/classes/crc6488302ad6e9e4df1a/MauiApplication.class' -> 'goodrive://www.googleapis.com/:personal:/bannister/bannister/obj/Debug/net8.0-android/android/bin/classes/crc6488302ad6e9e4df1a/MauiApplication.class' (1,567)
2026-08-23 05:42:07: Copy Over 'C:/rock/bannister/Bannister/obj/Debug/net8.0-android/android/bin/classes/crc6488302ad6e9e4df1a/MauiApplication_ActivityLifecycleCallbacks.class' -> 'goodrive://www.googleapis.com/:personal:/bannister/bannister/obj/Debug/net8.0-android/android/bin/classes/crc6488302ad6e9e4df1a/MauiApplication_ActivityLifecycleCallbacks.class' (8,927)
2026-08-23 05:42:09: Copy Over 'C:/rock/bannister/Bannister/obj/Debug/net8.0-android/android/bin/classes/crc6477f0d89a9cfd64b1/AHorizontalScrollView.class' -> 'goodrive://www.googleapis.com/:personal:/bannister/bannister/obj/Debug/net8.0-android/android/bin/classes/crc6477f0d89a9cfd64b1/AHorizontalScrollView.class' (3,661)
2026-08-23 05:42:09: Copy Over 'C:/rock/bannister/Bannister/obj/Debug/net8.0-android/android/bin/classes/crc6477f0d89a9cfd64b1/BorderDrawable.class' -> 'goodrive://www.googleapis.com/:personal:/bannister/bannister/obj/Debug/net8.0-android/android/bin/classes/crc6477f0d89a9cfd64b1/BorderDrawable.class' (2,259)
2026-08-23 05:42:10: Copy Over 'C:/rock/bannister/Bannister/obj/Debug/net8.0-android/android/bin/classes/crc6477f0d89a9cfd64b1/BoxRenderer.class' -> 'goodrive://www.googleapis.com/:personal:/bannister/bannister/obj/Debug/net8.0-android/android/bin/classes/crc6477f0d89a9cfd64b1/BoxRenderer.class' (2,270)
2026-08-23 05:42:12: Copy Over 'C:/rock/bannister/Bannister/obj/Debug/net8.0-android/android/bin/classes/crc6477f0d89a9cfd64b1/CarouselPageAdapter.class' -> 'goodrive://www.googleapis.com/:personal:/bannister/bannister/obj/Debug/net8.0-android/android/bin/classes/crc6477f0d89a9cfd64b1/CarouselPageAdapter.class' (3,383)
2026-08-23 05:42:12: Copy Over 'C:/rock/bannister/Bannister/obj/Debug/net8.0-android/android/bin/classes/crc6477f0d89a9cfd64b1/CarouselSpacingItemDecoration.class' -> 'goodrive://www.googleapis.com/:personal:/bannister/bannister/obj/Debug/net8.0-android/android/bin/classes/crc6477f0d89a9cfd64b1/CarouselSpacingItemDecoration.class' (2,059)
2026-08-23 05:42:14: Copy Over 'C:/rock/bannister/Bannister/obj/Debug/net8.0-android/android/bin/classes/crc6477f0d89a9cfd64b1/CarouselViewRenderer.class' -> 'goodrive://www.googleapis.com/:personal:/bannister/bannister/obj/Debug/net8.0-android/android/bin/classes/crc6477f0d89a9cfd64b1/CarouselViewRenderer.class' (2,518)
2026-08-23 05:42:15: Copy Over 'C:/rock/bannister/Bannister/obj/Debug/net8.0-android/android/bin/classes/crc6477f0d89a9cfd64b1/CarouselViewRenderer_CarouselViewOnScrollListener.class' -> 'goodrive://www.googleapis.com/:personal:/bannister/bannister/obj/Debug/net8.0-android/android/bin/classes/crc6477f0d89a9cfd64b1/CarouselViewRenderer_CarouselViewOnScrollListener.class' (1,976)
2026-08-23 05:42:16: Copy Over 'C:/rock/bannister/Bannister/obj/Debug/net8.0-android/android/bin/classes/crc6477f0d89a9cfd64b1/CarouselViewRenderer_CarouselViewwOnGlobalLayoutListener.class' -> 'goodrive://www.googleapis.com/:personal:/bannister/bannister/obj/Debug/net8.0-android/android/bin/classes/crc6477f0d89a9cfd64b1/CarouselViewRenderer_CarouselViewwOnGlobalLayoutListener.class' (1,782)
2026-08-23 05:42:17: Copy Over 'C:/rock/bannister/Bannister/obj/Debug/net8.0-android/android/bin/classes/crc6477f0d89a9cfd64b1/CellRenderer_RendererHolder.class' -> 'goodrive://www.googleapis.com/:personal:/bannister/bannister/obj/Debug/net8.0-android/android/bin/classes/crc6477f0d89a9cfd64b1/CellRenderer_RendererHolder.class' (1,260)
2026-08-23 05:42:19: Copy Over 'C:/rock/bannister/Bannister/obj/Debug/net8.0-android/android/bin/classes/crc6477f0d89a9cfd64b1/CenterSnapHelper.class' -> 'goodrive://www.googleapis.com/:personal:/bannister/bannister/obj/Debug/net8.0-android/android/bin/classes/crc6477f0d89a9cfd64b1/CenterSnapHelper.class' (1,785)
2026-08-23 05:42:19: Copy Over 'C:/rock/bannister/Bannister/obj/Debug/net8.0-android/android/bin/classes/crc6477f0d89a9cfd64b1/CheckBoxRenderer.class' -> 'goodrive://www.googleapis.com/:personal:/bannister/bannister/obj/Debug/net8.0-android/android/bin/classes/crc6477f0d89a9cfd64b1/CheckBoxRenderer.class' (2,061)
2026-08-23 05:42:20: Copy Over 'C:/rock/bannister/Bannister/obj/Debug/net8.0-android/android/bin/classes/crc6477f0d89a9cfd64b1/CheckBoxRendererBase.class' -> 'goodrive://www.googleapis.com/:personal:/bannister/bannister/obj/Debug/net8.0-android/android/bin/classes/crc6477f0d89a9cfd64b1/CheckBoxRendererBase.class' (3,050)
2026-08-23 05:42:22: Copy Over 'C:/rock/bannister/Bannister/obj/Debug/net8.0-android/android/bin/classes/crc6477f0d89a9cfd64b1/CircularProgress.class' -> 'goodrive://www.googleapis.com/:personal:/bannister/bannister/obj/Debug/net8.0-android/android/bin/classes/crc6477f0d89a9cfd64b1/CircularProgress.class' (2,732)
2026-08-23 05:42:23: Copy Over 'C:/rock/bannister/Bannister/obj/Debug/net8.0-android/android/bin/classes/crc6477f0d89a9cfd64b1/CollectionViewRenderer.class' -> 'goodrive://www.googleapis.com/:personal:/bannister/bannister/obj/Debug/net8.0-android/android/bin/classes/crc6477f0d89a9cfd64b1/CollectionViewRenderer.class' (2,087)
2026-08-23 05:42:24: Copy Over 'C:/rock/bannister/Bannister/obj/Debug/net8.0-android/android/bin/classes/crc6477f0d89a9cfd64b1/DataChangeObserver.class' -> 'goodrive://www.googleapis.com/:personal:/bannister/bannister/obj/Debug/net8.0-android/android/bin/classes/crc6477f0d89a9cfd64b1/DataChangeObserver.class' (2,418)
2026-08-23 05:42:26: Copy Over 'C:/rock/bannister/Bannister/obj/Debug/net8.0-android/android/bin/classes/crc6477f0d89a9cfd64b1/DatePickerRenderer.class' -> 'goodrive://www.googleapis.com/:personal:/bannister/bannister/obj/Debug/net8.0-android/android/bin/classes/crc6477f0d89a9cfd64b1/DatePickerRenderer.class' (2,071)
2026-08-23 05:42:26: Copy Over 'C:/rock/bannister/Bannister/obj/Debug/net8.0-android/android/bin/classes/crc6477f0d89a9cfd64b1/DatePickerRendererBase_1.class' -> 'goodrive://www.googleapis.com/:personal:/bannister/bannister/obj/Debug/net8.0-android/android/bin/classes/crc6477f0d89a9cfd64b1/DatePickerRendererBase_1.class' (2,079)
2026-08-23 05:42:27: Copy Over 'C:/rock/bannister/Bannister/obj/Debug/net8.0-android/android/bin/classes/crc6477f0d89a9cfd64b1/DragAndDropGestureHandler.class' -> 'goodrive://www.googleapis.com/:personal:/bannister/bannister/obj/Debug/net8.0-android/android/bin/classes/crc6477f0d89a9cfd64b1/DragAndDropGestureHandler.class' (1,731)
2026-08-23 05:42:29: Copy Over 'C:/rock/bannister/Bannister/obj/Debug/net8.0-android/android/bin/classes/crc6477f0d89a9cfd64b1/DragAndDropGestureHandler_CustomLocalStateData.class' -> 'goodrive://www.googleapis.com/:personal:/bannister/bannister/obj/Debug/net8.0-android/android/bin/classes/crc6477f0d89a9cfd64b1/DragAndDropGestureHandler_CustomLocalStateData.class' (1,317)
2026-08-23 05:42:30: Copy Over 'C:/rock/bannister/Bannister/obj/Debug/net8.0-android/android/bin/classes/crc6477f0d89a9cfd64b1/EdgeSnapHelper.class' -> 'goodrive://www.googleapis.com/:personal:/bannister/bannister/obj/Debug/net8.0-android/android/bin/classes/crc6477f0d89a9cfd64b1/EdgeSnapHelper.class' (1,268)
2026-08-23 05:42:30: Copy Over 'C:/rock/bannister/Bannister/obj/Debug/net8.0-android/android/bin/classes/crc6477f0d89a9cfd64b1/EditorRenderer.class' -> 'goodrive://www.googleapis.com/:personal:/bannister/bannister/obj/Debug/net8.0-android/android/bin/classes/crc6477f0d89a9cfd64b1/EditorRenderer.class' (2,218)
2026-08-23 05:42:33: Copy Over 'C:/rock/bannister/Bannister/obj/Debug/net8.0-android/android/bin/classes/crc6477f0d89a9cfd64b1/EllipseRenderer.class' -> 'goodrive://www.googleapis.com/:personal:/bannister/bannister/obj/Debug/net8.0-android/android/bin/classes/crc6477f0d89a9cfd64b1/EllipseRenderer.class' (2,053)
2026-08-23 05:42:33: Copy Over 'C:/rock/bannister/Bannister/obj/Debug/net8.0-android/android/bin/classes/crc6477f0d89a9cfd64b1/EditorRendererBase_1.class' -> 'goodrive://www.googleapis.com/:personal:/bannister/bannister/obj/Debug/net8.0-android/android/bin/classes/crc6477f0d89a9cfd64b1/EditorRendererBase_1.class' (3,123)
2026-08-23 05:42:33: Copy Over 'C:/rock/bannister/Bannister/obj/Debug/net8.0-android/android/bin/classes/crc6477f0d89a9cfd64b1/EllipseView.class' -> 'goodrive://www.googleapis.com/:personal:/bannister/bannister/obj/Debug/net8.0-android/android/bin/classes/crc6477f0d89a9cfd64b1/EllipseView.class' (2,393)
2026-08-23 05:42:36: Copy Over 'C:/rock/bannister/Bannister/obj/Debug/net8.0-android/android/bin/classes/crc6477f0d89a9cfd64b1/EmptyViewAdapter.class' -> 'goodrive://www.googleapis.com/:personal:/bannister/bannister/obj/Debug/net8.0-android/android/bin/classes/crc6477f0d89a9cfd64b1/EmptyViewAdapter.class' (2,749)
2026-08-23 05:42:36: Copy Over 'C:/rock/bannister/Bannister/obj/Debug/net8.0-android/android/bin/classes/crc6477f0d89a9cfd64b1/EndSingleSnapHelper.class' -> 'goodrive://www.googleapis.com/:personal:/bannister/bannister/obj/Debug/net8.0-android/android/bin/classes/crc6477f0d89a9cfd64b1/EndSingleSnapHelper.class' (1,879)
2026-08-23 05:42:38: Copy Over 'C:/rock/bannister/Bannister/obj/Debug/net8.0-android/android/bin/classes/crc6477f0d89a9cfd64b1/EndSnapHelper.class' -> 'goodrive://www.googleapis.com/:personal:/bannister/bannister/obj/Debug/net8.0-android/android/bin/classes/crc6477f0d89a9cfd64b1/EndSnapHelper.class' (2,209)
2026-08-23 05:42:39: Copy Over 'C:/rock/bannister/Bannister/obj/Debug/net8.0-android/android/bin/classes/crc6477f0d89a9cfd64b1/EntryAccessibilityDelegate.class' -> 'goodrive://www.googleapis.com/:personal:/bannister/bannister/obj/Debug/net8.0-android/android/bin/classes/crc6477f0d89a9cfd64b1/EntryAccessibilityDelegate.class' (1,825)
2026-08-23 05:42:39: Copy Over 'C:/rock/bannister/Bannister/obj/Debug/net8.0-android/android/bin/classes/crc6477f0d89a9cfd64b1/EntryRenderer.class' -> 'goodrive://www.googleapis.com/:personal:/bannister/bannister/obj/Debug/net8.0-android/android/bin/classes/crc6477f0d89a9cfd64b1/EntryRenderer.class' (2,051)
2026-08-23 05:42:42: Copy Over 'C:/rock/bannister/Bannister/obj/Debug/net8.0-android/android/bin/classes/crc6477f0d89a9cfd64b1/EntryRendererBase_1.class' -> 'goodrive://www.googleapis.com/:personal:/bannister/bannister/obj/Debug/net8.0-android/android/bin/classes/crc6477f0d89a9cfd64b1/EntryRendererBase_1.class' (3,683)
2026-08-23 05:42:42: Copy Over 'C:/rock/bannister/Bannister/obj/Debug/net8.0-android/android/bin/classes/crc6477f0d89a9cfd64b1/FlyoutPageRenderer.class' -> 'goodrive://www.googleapis.com/:personal:/bannister/bannister/obj/Debug/net8.0-android/android/bin/classes/crc6477f0d89a9cfd64b1/FlyoutPageRenderer.class' (3,841)
2026-08-23 05:42:42: Copy Over 'C:/rock/bannister/Bannister/obj/Debug/net8.0-android/android/bin/classes/crc6477f0d89a9cfd64b1/FlyoutPageContainer.class' -> 'goodrive://www.googleapis.com/:personal:/bannister/bannister/obj/Debug/net8.0-android/android/bin/classes/crc6477f0d89a9cfd64b1/FlyoutPageContainer.class' (2,980)
2026-08-23 05:42:45: Copy Over 'C:/rock/bannister/Bannister/obj/Debug/net8.0-android/android/bin/classes/crc6477f0d89a9cfd64b1/FormsAnimationDrawable.class' -> 'goodrive://www.googleapis.com/:personal:/bannister/bannister/obj/Debug/net8.0-android/android/bin/classes/crc6477f0d89a9cfd64b1/FormsAnimationDrawable.class' (1,801)
2026-08-23 05:42:46: Copy Over 'C:/rock/bannister/Bannister/obj/Debug/net8.0-android/android/bin/classes/crc6477f0d89a9cfd64b1/FormsEditText.class' -> 'goodrive://www.googleapis.com/:personal:/bannister/bannister/obj/Debug/net8.0-android/android/bin/classes/crc6477f0d89a9cfd64b1/FormsEditText.class' (2,439)
2026-08-23 05:42:46: Copy Over 'C:/rock/bannister/Bannister/obj/Debug/net8.0-android/android/bin/classes/crc6477f0d89a9cfd64b1/FormsAppCompatActivity.class' -> 'goodrive://www.googleapis.com/:personal:/bannister/bannister/obj/Debug/net8.0-android/android/bin/classes/crc6477f0d89a9cfd64b1/FormsAppCompatActivity.class' (3,586)
2026-08-23 05:42:48: Copy Over 'C:/rock/bannister/Bannister/obj/Debug/net8.0-android/android/bin/classes/crc6477f0d89a9cfd64b1/FormsEditTextBase.class' -> 'goodrive://www.googleapis.com/:personal:/bannister/bannister/obj/Debug/net8.0-android/android/bin/classes/crc6477f0d89a9cfd64b1/FormsEditTextBase.class' (2,281)
2026-08-23 05:42:49: Copy Over 'C:/rock/bannister/Bannister/obj/Debug/net8.0-android/android/bin/classes/crc6477f0d89a9cfd64b1/FormsImageView.class' -> 'goodrive://www.googleapis.com/:personal:/bannister/bannister/obj/Debug/net8.0-android/android/bin/classes/crc6477f0d89a9cfd64b1/FormsImageView.class' (2,526)
2026-08-23 05:42:49: Copy Over 'C:/rock/bannister/Bannister/obj/Debug/net8.0-android/android/bin/classes/crc6477f0d89a9cfd64b1/FormsSeekBar.class' -> 'goodrive://www.googleapis.com/:personal:/bannister/bannister/obj/Debug/net8.0-android/android/bin/classes/crc6477f0d89a9cfd64b1/FormsSeekBar.class' (2,879)
2026-08-23 05:42:51: Copy Over 'C:/rock/bannister/Bannister/obj/Debug/net8.0-android/android/bin/classes/crc6477f0d89a9cfd64b1/FormsTextView.class' -> 'goodrive://www.googleapis.com/:personal:/bannister/bannister/obj/Debug/net8.0-android/android/bin/classes/crc6477f0d89a9cfd64b1/FormsTextView.class' (2,053)
2026-08-23 05:42:53: Copy Over 'C:/rock/bannister/Bannister/obj/Debug/net8.0-android/android/bin/classes/crc6477f0d89a9cfd64b1/FormsVideoView.class' -> 'goodrive://www.googleapis.com/:personal:/bannister/bannister/obj/Debug/net8.0-android/android/bin/classes/crc6477f0d89a9cfd64b1/FormsVideoView.class' (3,000)
2026-08-23 05:42:53: Copy Over 'C:/rock/bannister/Bannister/obj/Debug/net8.0-android/android/bin/classes/crc6477f0d89a9cfd64b1/FormsWebChromeClient.class' -> 'goodrive://www.googleapis.com/:personal:/bannister/bannister/obj/Debug/net8.0-android/android/bin/classes/crc6477f0d89a9cfd64b1/FormsWebChromeClient.class' (1,863)
2026-08-23 05:42:54: Copy Over 'C:/rock/bannister/Bannister/obj/Debug/net8.0-android/android/bin/classes/crc6477f0d89a9cfd64b1/FormsWebViewClient.class' -> 'goodrive://www.googleapis.com/:personal:/bannister/bannister/obj/Debug/net8.0-android/android/bin/classes/crc6477f0d89a9cfd64b1/FormsWebViewClient.class' (3,589)
2026-08-23 05:42:56: Copy Over 'C:/rock/bannister/Bannister/obj/Debug/net8.0-android/android/bin/classes/crc6477f0d89a9cfd64b1/GridLayoutSpanSizeLookup.class' -> 'goodrive://www.googleapis.com/:personal:/bannister/bannister/obj/Debug/net8.0-android/android/bin/classes/crc6477f0d89a9cfd64b1/GridLayoutSpanSizeLookup.class' (1,566)
2026-08-23 05:42:56: Copy Over 'C:/rock/bannister/Bannister/obj/Debug/net8.0-android/android/bin/classes/crc6477f0d89a9cfd64b1/GroupableItemsViewAdapter_2.class' -> 'goodrive://www.googleapis.com/:personal:/bannister/bannister/obj/Debug/net8.0-android/android/bin/classes/crc6477f0d89a9cfd64b1/GroupableItemsViewAdapter_2.class' (2,307)
2026-08-23 05:42:58: Copy Over 'C:/rock/bannister/Bannister/obj/Debug/net8.0-android/android/bin/classes/crc6477f0d89a9cfd64b1/GroupableItemsViewRenderer_3.class' -> 'goodrive://www.googleapis.com/:personal:/bannister/bannister/obj/Debug/net8.0-android/android/bin/classes/crc6477f0d89a9cfd64b1/GroupableItemsViewRenderer_3.class' (2,106)
2026-08-23 05:43:00: Copy Over 'C:/rock/bannister/Bannister/obj/Debug/net8.0-android/android/bin/classes/crc6477f0d89a9cfd64b1/GroupedListViewAdapter.class' -> 'goodrive://www.googleapis.com/:personal:/bannister/bannister/obj/Debug/net8.0-android/android/bin/classes/crc6477f0d89a9cfd64b1/GroupedListViewAdapter.class' (2,386)
2026-08-23 05:43:00: Copy Over 'C:/rock/bannister/Bannister/obj/Debug/net8.0-android/android/bin/classes/crc6477f0d89a9cfd64b1/ImageButtonRenderer.class' -> 'goodrive://www.googleapis.com/:personal:/bannister/bannister/obj/Debug/net8.0-android/android/bin/classes/crc6477f0d89a9cfd64b1/ImageButtonRenderer.class' (4,024)
2026-08-23 05:43:01: Copy Over 'C:/rock/bannister/Bannister/obj/Debug/net8.0-android/android/bin/classes/crc6477f0d89a9cfd64b1/ImageCache_CacheEntry.class' -> 'goodrive://www.googleapis.com/:personal:/bannister/bannister/obj/Debug/net8.0-android/android/bin/classes/crc6477f0d89a9cfd64b1/ImageCache_CacheEntry.class' (1,242)
2026-08-23 05:43:03: Copy Over 'C:/rock/bannister/Bannister/obj/Debug/net8.0-android/android/bin/classes/crc6477f0d89a9cfd64b1/ImageCache_FormsLruCache.class' -> 'goodrive://www.googleapis.com/:personal:/bannister/bannister/obj/Debug/net8.0-android/android/bin/classes/crc6477f0d89a9cfd64b1/ImageCache_FormsLruCache.class' (1,637)
2026-08-23 05:43:03: Copy Over 'C:/rock/bannister/Bannister/obj/Debug/net8.0-android/android/bin/classes/crc6477f0d89a9cfd64b1/ImageRenderer.class' -> 'goodrive://www.googleapis.com/:personal:/bannister/bannister/obj/Debug/net8.0-android/android/bin/classes/crc6477f0d89a9cfd64b1/ImageRenderer.class' (2,267)
2026-08-23 05:43:04: Copy Over 'C:/rock/bannister/Bannister/obj/Debug/net8.0-android/android/bin/classes/crc6477f0d89a9cfd64b1/IndicatorViewRenderer.class' -> 'goodrive://www.googleapis.com/:personal:/bannister/bannister/obj/Debug/net8.0-android/android/bin/classes/crc6477f0d89a9cfd64b1/IndicatorViewRenderer.class' (2,419)
2026-08-23 05:43:06: Copy Over 'C:/rock/bannister/Bannister/obj/Debug/net8.0-android/android/bin/classes/crc6477f0d89a9cfd64b1/ItemContentView.class' -> 'goodrive://www.googleapis.com/:personal:/bannister/bannister/obj/Debug/net8.0-android/android/bin/classes/crc6477f0d89a9cfd64b1/ItemContentView.class' (2,690)
2026-08-23 05:43:06: Copy Over 'C:/rock/bannister/Bannister/obj/Debug/net8.0-android/android/bin/classes/crc6477f0d89a9cfd64b1/ItemsViewAdapter_2.class' -> 'goodrive://www.googleapis.com/:personal:/bannister/bannister/obj/Debug/net8.0-android/android/bin/classes/crc6477f0d89a9cfd64b1/ItemsViewAdapter_2.class' (2,755)
2026-08-23 05:43:08: Copy Over 'C:/rock/bannister/Bannister/obj/Debug/net8.0-android/android/bin/classes/crc6477f0d89a9cfd64b1/ItemsViewRenderer_3.class' -> 'goodrive://www.googleapis.com/:personal:/bannister/bannister/obj/Debug/net8.0-android/android/bin/classes/crc6477f0d89a9cfd64b1/ItemsViewRenderer_3.class' (2,221)
2026-08-23 05:43:09: Copy Over 'C:/rock/bannister/Bannister/obj/Debug/net8.0-android/android/bin/classes/crc6477f0d89a9cfd64b1/LabelRenderer.class' -> 'goodrive://www.googleapis.com/:personal:/bannister/bannister/obj/Debug/net8.0-android/android/bin/classes/crc6477f0d89a9cfd64b1/LabelRenderer.class' (2,419)
2026-08-23 05:43:10: Copy Over 'C:/rock/bannister/Bannister/obj/Debug/net8.0-android/android/bin/classes/crc6477f0d89a9cfd64b1/LineRenderer.class' -> 'goodrive://www.googleapis.com/:personal:/bannister/bannister/obj/Debug/net8.0-android/android/bin/classes/crc6477f0d89a9cfd64b1/LineRenderer.class' (2,044)
2026-08-23 05:43:11: Copy Over 'C:/rock/bannister/Bannister/obj/Debug/net8.0-android/android/bin/classes/crc6477f0d89a9cfd64b1/LineView.class' -> 'goodrive://www.googleapis.com/:personal:/bannister/bannister/obj/Debug/net8.0-android/android/bin/classes/crc6477f0d89a9cfd64b1/LineView.class' (2,384)
2026-08-23 05:43:12: Copy Over 'C:/rock/bannister/Bannister/obj/Debug/net8.0-android/android/bin/classes/crc6477f0d89a9cfd64b1/ListViewAdapter.class' -> 'goodrive://www.googleapis.com/:personal:/bannister/bannister/obj/Debug/net8.0-android/android/bin/classes/crc6477f0d89a9cfd64b1/ListViewAdapter.class' (2,928)
2026-08-23 05:43:13: Copy Over 'C:/rock/bannister/Bannister/obj/Debug/net8.0-android/android/bin/classes/crc6477f0d89a9cfd64b1/ListViewRenderer.class' -> 'goodrive://www.googleapis.com/:personal:/bannister/bannister/obj/Debug/net8.0-android/android/bin/classes/crc6477f0d89a9cfd64b1/ListViewRenderer.class' (2,974)
2026-08-23 05:43:14: Copy Over 'C:/rock/bannister/Bannister/obj/Debug/net8.0-android/android/bin/classes/crc6477f0d89a9cfd64b1/ListViewRenderer_Container.class' -> 'goodrive://www.googleapis.com/:personal:/bannister/bannister/obj/Debug/net8.0-android/android/bin/classes/crc6477f0d89a9cfd64b1/ListViewRenderer_Container.class' (2,723)
2026-08-23 05:43:15: Copy Over 'C:/rock/bannister/Bannister/obj/Debug/net8.0-android/android/bin/classes/crc6477f0d89a9cfd64b1/ListViewRenderer_ListViewScrollDetector.class' -> 'goodrive://www.googleapis.com/:personal:/bannister/bannister/obj/Debug/net8.0-android/android/bin/classes/crc6477f0d89a9cfd64b1/ListViewRenderer_ListViewScrollDetector.class' (2,479)
2026-08-23 05:43:17: Copy Over 'C:/rock/bannister/Bannister/obj/Debug/net8.0-android/android/bin/classes/crc6477f0d89a9cfd64b1/ListViewRenderer_SwipeRefreshLayoutWithFixedNestedScrolling.class' -> 'goodrive://www.googleapis.com/:personal:/bannister/bannister/obj/Debug/net8.0-android/android/bin/classes/crc6477f0d89a9cfd64b1/ListViewRenderer_SwipeRefreshLayoutWithFixedNestedScrolling.class' (2,845)
2026-08-23 05:43:18: Copy Over 'C:/rock/bannister/Bannister/obj/Debug/net8.0-android/android/bin/classes/crc6477f0d89a9cfd64b1/NativeViewWrapperRenderer.class' -> 'goodrive://www.googleapis.com/:personal:/bannister/bannister/obj/Debug/net8.0-android/android/bin/classes/crc6477f0d89a9cfd64b1/NativeViewWrapperRenderer.class' (2,376)
2026-08-23 05:43:19: Copy Over 'C:/rock/bannister/Bannister/obj/Debug/net8.0-android/android/bin/classes/crc6477f0d89a9cfd64b1/NongreedySnapHelper.class' -> 'goodrive://www.googleapis.com/:personal:/bannister/bannister/obj/Debug/net8.0-android/android/bin/classes/crc6477f0d89a9cfd64b1/NongreedySnapHelper.class' (1,601)
2026-08-23 05:43:21: Copy Over 'C:/rock/bannister/Bannister/obj/Debug/net8.0-android/android/bin/classes/crc6477f0d89a9cfd64b1/NongreedySnapHelper_InitialScrollListener.class' -> 'goodrive://www.googleapis.com/:personal:/bannister/bannister/obj/Debug/net8.0-android/android/bin/classes/crc6477f0d89a9cfd64b1/NongreedySnapHelper_InitialScrollListener.class' (2,061)
2026-08-23 05:43:21: Copy Over 'C:/rock/bannister/Bannister/obj/Debug/net8.0-android/android/bin/classes/crc6477f0d89a9cfd64b1/ObjectJavaBox_1.class' -> 'goodrive://www.googleapis.com/:personal:/bannister/bannister/obj/Debug/net8.0-android/android/bin/classes/crc6477f0d89a9cfd64b1/ObjectJavaBox_1.class' (1,224)
2026-08-23 05:43:23: Copy Over 'C:/rock/bannister/Bannister/obj/Debug/net8.0-android/android/bin/classes/crc6477f0d89a9cfd64b1/PageContainer.class' -> 'goodrive://www.googleapis.com/:personal:/bannister/bannister/obj/Debug/net8.0-android/android/bin/classes/crc6477f0d89a9cfd64b1/PageContainer.class' (2,684)
2026-08-23 05:43:24: Copy Over 'C:/rock/bannister/Bannister/obj/Debug/net8.0-android/android/bin/classes/crc6477f0d89a9cfd64b1/PageExtensions_EmbeddedFragment.class' -> 'goodrive://www.googleapis.com/:personal:/bannister/bannister/obj/Debug/net8.0-android/android/bin/classes/crc6477f0d89a9cfd64b1/PageExtensions_EmbeddedFragment.class' (1,941)
2026-08-23 05:43:24: Copy Over 'C:/rock/bannister/Bannister/obj/Debug/net8.0-android/android/bin/classes/crc6477f0d89a9cfd64b1/PageExtensions_EmbeddedSupportFragment.class' -> 'goodrive://www.googleapis.com/:personal:/bannister/bannister/obj/Debug/net8.0-android/android/bin/classes/crc6477f0d89a9cfd64b1/PageExtensions_EmbeddedSupportFragment.class' (1,962)
2026-08-23 05:43:26: Copy Over 'C:/rock/bannister/Bannister/obj/Debug/net8.0-android/android/bin/classes/crc6477f0d89a9cfd64b1/PageRenderer.class' -> 'goodrive://www.googleapis.com/:personal:/bannister/bannister/obj/Debug/net8.0-android/android/bin/classes/crc6477f0d89a9cfd64b1/PageRenderer.class' (2,759)
2026-08-23 05:43:28: Copy Over 'C:/rock/bannister/Bannister/obj/Debug/net8.0-android/android/bin/classes/crc6477f0d89a9cfd64b1/PathRenderer.class' -> 'goodrive://www.googleapis.com/:personal:/bannister/bannister/obj/Debug/net8.0-android/android/bin/classes/crc6477f0d89a9cfd64b1/PathRenderer.class' (2,044)
2026-08-23 05:43:28: Copy Over 'C:/rock/bannister/Bannister/obj/Debug/net8.0-android/android/bin/classes/crc6477f0d89a9cfd64b1/PathView.class' -> 'goodrive://www.googleapis.com/:personal:/bannister/bannister/obj/Debug/net8.0-android/android/bin/classes/crc6477f0d89a9cfd64b1/PathView.class' (2,384)
2026-08-23 05:43:30: Copy Over 'C:/rock/bannister/Bannister/obj/Debug/net8.0-android/android/bin/classes/crc6477f0d89a9cfd64b1/PickerEditText.class' -> 'goodrive://www.googleapis.com/:personal:/bannister/bannister/obj/Debug/net8.0-android/android/bin/classes/crc6477f0d89a9cfd64b1/PickerEditText.class' (2,505)
2026-08-23 05:43:31: Copy Over 'C:/rock/bannister/Bannister/obj/Debug/net8.0-android/android/bin/classes/crc6477f0d89a9cfd64b1/Platform_DefaultRenderer.class' -> 'goodrive://www.googleapis.com/:personal:/bannister/bannister/obj/Debug/net8.0-android/android/bin/classes/crc6477f0d89a9cfd64b1/Platform_DefaultRenderer.class' (3,061)
2026-08-23 05:43:31: Copy Over 'C:/rock/bannister/Bannister/obj/Debug/net8.0-android/android/bin/classes/crc6477f0d89a9cfd64b1/PickerManager_PickerListener.class' -> 'goodrive://www.googleapis.com/:personal:/bannister/bannister/obj/Debug/net8.0-android/android/bin/classes/crc6477f0d89a9cfd64b1/PickerManager_PickerListener.class' (1,678)
2026-08-23 05:43:33: Copy Over 'C:/rock/bannister/Bannister/obj/Debug/net8.0-android/android/bin/classes/crc6477f0d89a9cfd64b1/Platform_ModalContainer.class' -> 'goodrive://www.googleapis.com/:personal:/bannister/bannister/obj/Debug/net8.0-android/android/bin/classes/crc6477f0d89a9cfd64b1/Platform_ModalContainer.class' (2,572)
2026-08-23 05:43:34: Copy Over 'C:/rock/bannister/Bannister/obj/Debug/net8.0-android/android/bin/classes/crc6477f0d89a9cfd64b1/PlatformRenderer.class' -> 'goodrive://www.googleapis.com/:personal:/bannister/bannister/obj/Debug/net8.0-android/android/bin/classes/crc6477f0d89a9cfd64b1/PlatformRenderer.class' (2,938)
2026-08-23 05:43:35: Copy Over 'C:/rock/bannister/Bannister/obj/Debug/net8.0-android/android/bin/classes/crc6477f0d89a9cfd64b1/PolygonRenderer.class' -> 'goodrive://www.googleapis.com/:personal:/bannister/bannister/obj/Debug/net8.0-android/android/bin/classes/crc6477f0d89a9cfd64b1/PolygonRenderer.class' (2,053)
2026-08-23 05:43:36: Copy Over 'C:/rock/bannister/Bannister/obj/Debug/net8.0-android/android/bin/classes/crc6477f0d89a9cfd64b1/PolygonView.class' -> 'goodrive://www.googleapis.com/:personal:/bannister/bannister/obj/Debug/net8.0-android/android/bin/classes/crc6477f0d89a9cfd64b1/PolygonView.class' (2,393)
2026-08-23 05:43:38: Copy Over 'C:/rock/bannister/Bannister/obj/Debug/net8.0-android/android/bin/classes/crc6477f0d89a9cfd64b1/PolylineRenderer.class' -> 'goodrive://www.googleapis.com/:personal:/bannister/bannister/obj/Debug/net8.0-android/android/bin/classes/crc6477f0d89a9cfd64b1/PolylineRenderer.class' (2,056)
2026-08-23 05:43:38: Copy Over 'C:/rock/bannister/Bannister/obj/Debug/net8.0-android/android/bin/classes/crc6477f0d89a9cfd64b1/PolylineView.class' -> 'goodrive://www.googleapis.com/:personal:/bannister/bannister/obj/Debug/net8.0-android/android/bin/classes/crc6477f0d89a9cfd64b1/PolylineView.class' (2,396)
2026-08-23 05:43:39: Copy Over 'C:/rock/bannister/Bannister/obj/Debug/net8.0-android/android/bin/classes/crc6477f0d89a9cfd64b1/PositionalSmoothScroller.class' -> 'goodrive://www.googleapis.com/:personal:/bannister/bannister/obj/Debug/net8.0-android/android/bin/classes/crc6477f0d89a9cfd64b1/PositionalSmoothScroller.class' (1,990)
2026-08-23 05:43:41: Copy Over 'C:/rock/bannister/Bannister/obj/Debug/net8.0-android/android/bin/classes/crc6477f0d89a9cfd64b1/RadioButtonRenderer.class' -> 'goodrive://www.googleapis.com/:personal:/bannister/bannister/obj/Debug/net8.0-android/android/bin/classes/crc6477f0d89a9cfd64b1/RadioButtonRenderer.class' (3,271)
2026-08-23 05:43:41: Copy Over 'C:/rock/bannister/Bannister/obj/Debug/net8.0-android/android/bin/classes/crc6477f0d89a9cfd64b1/ProgressBarRenderer.class' -> 'goodrive://www.googleapis.com/:personal:/bannister/bannister/obj/Debug/net8.0-android/android/bin/classes/crc6477f0d89a9cfd64b1/ProgressBarRenderer.class' (2,064)
2026-08-23 05:43:42: Copy Over 'C:/rock/bannister/Bannister/obj/Debug/net8.0-android/android/bin/classes/crc6477f0d89a9cfd64b1/RectangleRenderer.class' -> 'goodrive://www.googleapis.com/:personal:/bannister/bannister/obj/Debug/net8.0-android/android/bin/classes/crc6477f0d89a9cfd64b1/RectangleRenderer.class' (2,059)
2026-08-23 05:43:45: Copy Over 'C:/rock/bannister/Bannister/obj/Debug/net8.0-android/android/bin/classes/crc6477f0d89a9cfd64b1/RectView.class' -> 'goodrive://www.googleapis.com/:personal:/bannister/bannister/obj/Debug/net8.0-android/android/bin/classes/crc6477f0d89a9cfd64b1/RectView.class' (2,384)
2026-08-23 05:43:45: Copy Over 'C:/rock/bannister/Bannister/obj/Debug/net8.0-android/android/bin/classes/crc6477f0d89a9cfd64b1/RefreshViewRenderer.class' -> 'goodrive://www.googleapis.com/:personal:/bannister/bannister/obj/Debug/net8.0-android/android/bin/classes/crc6477f0d89a9cfd64b1/RefreshViewRenderer.class' (2,676)
2026-08-23 05:43:46: Copy Over 'C:/rock/bannister/Bannister/obj/Debug/net8.0-android/android/bin/classes/crc6477f0d89a9cfd64b1/ScrollHelper.class' -> 'goodrive://www.googleapis.com/:personal:/bannister/bannister/obj/Debug/net8.0-android/android/bin/classes/crc6477f0d89a9cfd64b1/ScrollHelper.class' (1,886)
2026-08-23 05:43:48: Copy Over 'C:/rock/bannister/Bannister/obj/Debug/net8.0-android/android/bin/classes/crc6477f0d89a9cfd64b1/ScrollViewContainer.class' -> 'goodrive://www.googleapis.com/:personal:/bannister/bannister/obj/Debug/net8.0-android/android/bin/classes/crc6477f0d89a9cfd64b1/ScrollViewContainer.class' (2,702)
2026-08-23 05:43:48: Copy Over 'C:/rock/bannister/Bannister/obj/Debug/net8.0-android/android/bin/classes/crc6477f0d89a9cfd64b1/ScrollViewRenderer.class' -> 'goodrive://www.googleapis.com/:personal:/bannister/bannister/obj/Debug/net8.0-android/android/bin/classes/crc6477f0d89a9cfd64b1/ScrollViewRenderer.class' (3,359)
2026-08-23 05:43:50: Copy Over 'C:/rock/bannister/Bannister/obj/Debug/net8.0-android/android/bin/classes/crc6477f0d89a9cfd64b1/SearchBarRenderer.class' -> 'goodrive://www.googleapis.com/:personal:/bannister/bannister/obj/Debug/net8.0-android/android/bin/classes/crc6477f0d89a9cfd64b1/SearchBarRenderer.class' (2,813)
2026-08-23 05:43:51: Copy Over 'C:/rock/bannister/Bannister/obj/Debug/net8.0-android/android/bin/classes/crc6477f0d89a9cfd64b1/SelectableItemsViewAdapter_2.class' -> 'goodrive://www.googleapis.com/:personal:/bannister/bannister/obj/Debug/net8.0-android/android/bin/classes/crc6477f0d89a9cfd64b1/SelectableItemsViewAdapter_2.class' (2,120)
2026-08-23 05:43:51: Copy Over 'C:/rock/bannister/Bannister/obj/Debug/net8.0-android/android/bin/classes/crc6477f0d89a9cfd64b1/SelectableItemsViewRenderer_3.class' -> 'goodrive://www.googleapis.com/:personal:/bannister/bannister/obj/Debug/net8.0-android/android/bin/classes/crc6477f0d89a9cfd64b1/SelectableItemsViewRenderer_3.class' (2,109)
2026-08-23 05:43:54: Copy Over 'C:/rock/bannister/Bannister/obj/Debug/net8.0-android/android/bin/classes/crc6477f0d89a9cfd64b1/SelectableViewHolder.class' -> 'goodrive://www.googleapis.com/:personal:/bannister/bannister/obj/Debug/net8.0-android/android/bin/classes/crc6477f0d89a9cfd64b1/SelectableViewHolder.class' (1,825)
2026-08-23 05:43:54: Copy Over 'C:/rock/bannister/Bannister/obj/Debug/net8.0-android/android/bin/classes/crc6477f0d89a9cfd64b1/ShapeRenderer_2.class' -> 'goodrive://www.googleapis.com/:personal:/bannister/bannister/obj/Debug/net8.0-android/android/bin/classes/crc6477f0d89a9cfd64b1/ShapeRenderer_2.class' (2,052)
2026-08-23 05:43:56: Copy Over 'C:/rock/bannister/Bannister/obj/Debug/net8.0-android/android/bin/classes/crc6477f0d89a9cfd64b1/ShapeView.class' -> 'goodrive://www.googleapis.com/:personal:/bannister/bannister/obj/Debug/net8.0-android/android/bin/classes/crc6477f0d89a9cfd64b1/ShapeView.class' (2,571)
2026-08-23 05:43:57: Copy Over 'C:/rock/bannister/Bannister/obj/Debug/net8.0-android/android/bin/classes/crc6477f0d89a9cfd64b1/SimpleViewHolder.class' -> 'goodrive://www.googleapis.com/:personal:/bannister/bannister/obj/Debug/net8.0-android/android/bin/classes/crc6477f0d89a9cfd64b1/SimpleViewHolder.class' (1,475)
2026-08-23 05:43:57: Copy Over 'C:/rock/bannister/Bannister/obj/Debug/net8.0-android/android/bin/classes/crc6477f0d89a9cfd64b1/SingleSnapHelper.class' -> 'goodrive://www.googleapis.com/:personal:/bannister/bannister/obj/Debug/net8.0-android/android/bin/classes/crc6477f0d89a9cfd64b1/SingleSnapHelper.class' (2,150)
2026-08-23 05:43:59: Copy Over 'C:/rock/bannister/Bannister/obj/Debug/net8.0-android/android/bin/classes/crc6477f0d89a9cfd64b1/SizedItemContentView.class' -> 'goodrive://www.googleapis.com/:personal:/bannister/bannister/obj/Debug/net8.0-android/android/bin/classes/crc6477f0d89a9cfd64b1/SizedItemContentView.class' (2,568)
2026-08-23 05:44:00: Copy Over 'C:/rock/bannister/Bannister/obj/Debug/net8.0-android/android/bin/classes/crc6477f0d89a9cfd64b1/SliderRenderer.class' -> 'goodrive://www.googleapis.com/:personal:/bannister/bannister/obj/Debug/net8.0-android/android/bin/classes/crc6477f0d89a9cfd64b1/SliderRenderer.class' (3,427)
2026-08-23 05:44:01: Copy Over 'C:/rock/bannister/Bannister/obj/Debug/net8.0-android/android/bin/classes/crc6477f0d89a9cfd64b1/SpacingItemDecoration.class' -> 'goodrive://www.googleapis.com/:personal:/bannister/bannister/obj/Debug/net8.0-android/android/bin/classes/crc6477f0d89a9cfd64b1/SpacingItemDecoration.class' (2,035)
2026-08-23 05:44:02: Copy Over 'C:/rock/bannister/Bannister/obj/Debug/net8.0-android/android/bin/classes/crc6477f0d89a9cfd64b1/StartSingleSnapHelper.class' -> 'goodrive://www.googleapis.com/:personal:/bannister/bannister/obj/Debug/net8.0-android/android/bin/classes/crc6477f0d89a9cfd64b1/StartSingleSnapHelper.class' (1,885)
2026-08-23 05:44:03: Copy Over 'C:/rock/bannister/Bannister/obj/Debug/net8.0-android/android/bin/classes/crc6477f0d89a9cfd64b1/StartSnapHelper.class' -> 'goodrive://www.googleapis.com/:personal:/bannister/bannister/obj/Debug/net8.0-android/android/bin/classes/crc6477f0d89a9cfd64b1/StartSnapHelper.class' (2,215)
2026-08-23 05:44:05: Copy Over 'C:/rock/bannister/Bannister/obj/Debug/net8.0-android/android/bin/classes/crc6477f0d89a9cfd64b1/StepperRenderer.class' -> 'goodrive://www.googleapis.com/:personal:/bannister/bannister/obj/Debug/net8.0-android/android/bin/classes/crc6477f0d89a9cfd64b1/StepperRenderer.class' (2,052)
2026-08-23 05:44:05: Copy Over 'C:/rock/bannister/Bannister/obj/Debug/net8.0-android/android/bin/classes/crc6477f0d89a9cfd64b1/StepperRendererManager_StepperListener.class' -> 'goodrive://www.googleapis.com/:personal:/bannister/bannister/obj/Debug/net8.0-android/android/bin/classes/crc6477f0d89a9cfd64b1/StepperRendererManager_StepperListener.class' (1,708)
2026-08-23 05:44:06: Copy Over 'C:/rock/bannister/Bannister/obj/Debug/net8.0-android/android/bin/classes/crc6477f0d89a9cfd64b1/StructuredItemsViewAdapter_2.class' -> 'goodrive://www.googleapis.com/:personal:/bannister/bannister/obj/Debug/net8.0-android/android/bin/classes/crc6477f0d89a9cfd64b1/StructuredItemsViewAdapter_2.class' (2,300)
2026-08-23 05:44:08: Copy Over 'C:/rock/bannister/Bannister/obj/Debug/net8.0-android/android/bin/classes/crc6477f0d89a9cfd64b1/StructuredItemsViewRenderer_3.class' -> 'goodrive://www.googleapis.com/:personal:/bannister/bannister/obj/Debug/net8.0-android/android/bin/classes/crc6477f0d89a9cfd64b1/StructuredItemsViewRenderer_3.class' (2,099)
2026-08-23 05:44:09: Copy Over 'C:/rock/bannister/Bannister/obj/Debug/net8.0-android/android/bin/classes/crc6477f0d89a9cfd64b1/SwipeViewRenderer.class' -> 'goodrive://www.googleapis.com/:personal:/bannister/bannister/obj/Debug/net8.0-android/android/bin/classes/crc6477f0d89a9cfd64b1/SwipeViewRenderer.class' (2,880)
2026-08-23 05:44:09: Copy Over 'C:/rock/bannister/Bannister/obj/Debug/net8.0-android/android/bin/classes/crc6477f0d89a9cfd64b1/TableViewModelRenderer.class' -> 'goodrive://www.googleapis.com/:personal:/bannister/bannister/obj/Debug/net8.0-android/android/bin/classes/crc6477f0d89a9cfd64b1/TableViewModelRenderer.class' (2,656)
2026-08-23 05:44:12: Copy Over 'C:/rock/bannister/Bannister/obj/Debug/net8.0-android/android/bin/classes/crc6477f0d89a9cfd64b1/TableViewRenderer.class' -> 'goodrive://www.googleapis.com/:personal:/bannister/bannister/obj/Debug/net8.0-android/android/bin/classes/crc6477f0d89a9cfd64b1/TableViewRenderer.class' (2,221)
2026-08-23 05:44:12: Copy Over 'C:/rock/bannister/Bannister/obj/Debug/net8.0-android/android/bin/classes/crc6477f0d89a9cfd64b1/TemplatedItemViewHolder.class' -> 'goodrive://www.googleapis.com/:personal:/bannister/bannister/obj/Debug/net8.0-android/android/bin/classes/crc6477f0d89a9cfd64b1/TemplatedItemViewHolder.class' (1,395)
2026-08-23 05:44:13: Copy Over 'C:/rock/bannister/Bannister/obj/Debug/net8.0-android/android/bin/classes/crc6477f0d89a9cfd64b1/TextCellRenderer_TextCellView.class' -> 'goodrive://www.googleapis.com/:personal:/bannister/bannister/obj/Debug/net8.0-android/android/bin/classes/crc6477f0d89a9cfd64b1/TextCellRenderer_TextCellView.class' (2,450)
2026-08-23 05:44:15: Copy Over 'C:/rock/bannister/Bannister/obj/Debug/net8.0-android/android/bin/classes/crc6477f0d89a9cfd64b1/TextViewHolder.class' -> 'goodrive://www.googleapis.com/:personal:/bannister/bannister/obj/Debug/net8.0-android/android/bin/classes/crc6477f0d89a9cfd64b1/TextViewHolder.class' (1,368)
2026-08-23 05:44:16: Copy Over 'C:/rock/bannister/Bannister/obj/Debug/net8.0-android/android/bin/classes/crc6477f0d89a9cfd64b1/TimePickerRenderer.class' -> 'goodrive://www.googleapis.com/:personal:/bannister/bannister/obj/Debug/net8.0-android/android/bin/classes/crc6477f0d89a9cfd64b1/TimePickerRenderer.class' (2,071)
2026-08-23 05:44:17: Copy Over 'C:/rock/bannister/Bannister/obj/Debug/net8.0-android/android/bin/classes/crc6477f0d89a9cfd64b1/TimePickerRendererBase_1.class' -> 'goodrive://www.googleapis.com/:personal:/bannister/bannister/obj/Debug/net8.0-android/android/bin/classes/crc6477f0d89a9cfd64b1/TimePickerRendererBase_1.class' (2,566)
2026-08-23 05:44:19: Copy Over 'C:/rock/bannister/Bannister/obj/Debug/net8.0-android/android/bin/classes/crc6477f0d89a9cfd64b1/ViewCellRenderer_ViewCellContainer.class' -> 'goodrive://www.googleapis.com/:personal:/bannister/bannister/obj/Debug/net8.0-android/android/bin/classes/crc6477f0d89a9cfd64b1/ViewCellRenderer_ViewCellContainer.class' (3,217)
2026-08-23 05:44:19: Copy Over 'C:/rock/bannister/Bannister/obj/Debug/net8.0-android/android/bin/classes/crc6477f0d89a9cfd64b1/ViewCellRenderer_ViewCellContainer_LongPressGestureListener.class' -> 'goodrive://www.googleapis.com/:personal:/bannister/bannister/obj/Debug/net8.0-android/android/bin/classes/crc6477f0d89a9cfd64b1/ViewCellRenderer_ViewCellContainer_LongPressGestureListener.class' (3,573)
2026-08-23 05:44:20: Copy Over 'C:/rock/bannister/Bannister/obj/Debug/net8.0-android/android/bin/classes/crc6477f0d89a9cfd64b1/ViewCellRenderer_ViewCellContainer_TapGestureListener.class' -> 'goodrive://www.googleapis.com/:personal:/bannister/bannister/obj/Debug/net8.0-android/android/bin/classes/crc6477f0d89a9cfd64b1/ViewCellRenderer_ViewCellContainer_TapGestureListener.class' (3,555)
2026-08-23 05:44:22: Copy Over 'C:/rock/bannister/Bannister/obj/Debug/net8.0-android/android/bin/classes/crc6477f0d89a9cfd64b1/ViewRenderer_2.class' -> 'goodrive://www.googleapis.com/:personal:/bannister/bannister/obj/Debug/net8.0-android/android/bin/classes/crc6477f0d89a9cfd64b1/ViewRenderer_2.class' (2,665)
2026-08-23 05:44:22: Copy Over 'C:/rock/bannister/Bannister/obj/Debug/net8.0-android/android/bin/classes/crc6477f0d89a9cfd64b1/ViewRenderer.class' -> 'goodrive://www.googleapis.com/:personal:/bannister/bannister/obj/Debug/net8.0-android/android/bin/classes/crc6477f0d89a9cfd64b1/ViewRenderer.class' (2,043)
2026-08-23 05:44:24: Copy Over 'C:/rock/bannister/Bannister/obj/Debug/net8.0-android/android/bin/classes/crc6477f0d89a9cfd64b1/VisualElementRenderer_1.class' -> 'goodrive://www.googleapis.com/:personal:/bannister/bannister/obj/Debug/net8.0-android/android/bin/classes/crc6477f0d89a9cfd64b1/VisualElementRenderer_1.class' (3,176)
2026-08-23 05:44:25: Copy Over 'C:/rock/bannister/Bannister/obj/Debug/net8.0-android/android/bin/classes/crc6477f0d89a9cfd64b1/VisualElementTracker_AttachTracker.class' -> 'goodrive://www.googleapis.com/:personal:/bannister/bannister/obj/Debug/net8.0-android/android/bin/classes/crc6477f0d89a9cfd64b1/VisualElementTracker_AttachTracker.class' (2,143)
2026-08-23 05:44:25: Copy Over 'C:/rock/bannister/Bannister/obj/Debug/net8.0-android/android/bin/classes/crc6477f0d89a9cfd64b1/WebViewRenderer.class' -> 'goodrive://www.googleapis.com/:personal:/bannister/bannister/obj/Debug/net8.0-android/android/bin/classes/crc6477f0d89a9cfd64b1/WebViewRenderer.class' (2,052)
2026-08-23 05:44:27: Copy Over 'C:/rock/bannister/Bannister/obj/Debug/net8.0-android/android/bin/classes/crc6477f0d89a9cfd64b1/WebViewRenderer_JavascriptResult.class' -> 'goodrive://www.googleapis.com/:personal:/bannister/bannister/obj/Debug/net8.0-android/android/bin/classes/crc6477f0d89a9cfd64b1/WebViewRenderer_JavascriptResult.class' (1,608)
2026-08-23 05:44:28: Copy Over 'C:/rock/bannister/Bannister/obj/Debug/net8.0-android/android/bin/classes/crc648afdc667cfb0dccb/ButtonRenderer.class' -> 'goodrive://www.googleapis.com/:personal:/bannister/bannister/obj/Debug/net8.0-android/android/bin/classes/crc648afdc667cfb0dccb/ButtonRenderer.class' (3,843)
2026-08-23 05:44:29: Copy Over 'C:/rock/bannister/Bannister/obj/Debug/net8.0-android/android/bin/classes/crc648fc34c62be8fbbff/Snackbar_SnackbarCallback.class' -> 'goodrive://www.googleapis.com/:personal:/bannister/bannister/obj/Debug/net8.0-android/android/bin/classes/crc648fc34c62be8fbbff/Snackbar_SnackbarCallback.class' (1,765)
2026-08-23 05:44:31: Copy Over 'C:/rock/bannister/Bannister/obj/Debug/net8.0-android/android/bin/classes/crc648afdc667cfb0dccb/CarouselPageRenderer.class' -> 'goodrive://www.googleapis.com/:personal:/bannister/bannister/obj/Debug/net8.0-android/android/bin/classes/crc648afdc667cfb0dccb/CarouselPageRenderer.class' (3,525)
2026-08-23 05:44:31: Copy Over 'C:/rock/bannister/Bannister/obj/Debug/net8.0-android/android/bin/classes/crc648afdc667cfb0dccb/FormsFragmentPagerAdapter_1.class' -> 'goodrive://www.googleapis.com/:personal:/bannister/bannister/obj/Debug/net8.0-android/android/bin/classes/crc648afdc667cfb0dccb/FormsFragmentPagerAdapter_1.class' (2,965)
2026-08-23 05:44:32: Copy Over 'C:/rock/bannister/Bannister/obj/Debug/net8.0-android/android/bin/classes/crc648afdc667cfb0dccb/FormsViewPager.class' -> 'goodrive://www.googleapis.com/:personal:/bannister/bannister/obj/Debug/net8.0-android/android/bin/classes/crc648afdc667cfb0dccb/FormsViewPager.class' (1,681)
2026-08-23 05:44:34: Copy Over 'C:/rock/bannister/Bannister/obj/Debug/net8.0-android/android/bin/classes/crc648afdc667cfb0dccb/FragmentContainer.class' -> 'goodrive://www.googleapis.com/:personal:/bannister/bannister/obj/Debug/net8.0-android/android/bin/classes/crc648afdc667cfb0dccb/FragmentContainer.class' (2,456)
2026-08-23 05:44:35: Copy Over 'C:/rock/bannister/Bannister/obj/Debug/net8.0-android/android/bin/classes/crc648afdc667cfb0dccb/FrameRenderer.class' -> 'goodrive://www.googleapis.com/:personal:/bannister/bannister/obj/Debug/net8.0-android/android/bin/classes/crc648afdc667cfb0dccb/FrameRenderer.class' (2,055)
2026-08-23 05:44:35: Copy Over 'C:/rock/bannister/Bannister/obj/Debug/net8.0-android/android/bin/classes/crc648afdc667cfb0dccb/NavigationPageRenderer.class' -> 'goodrive://www.googleapis.com/:personal:/bannister/bannister/obj/Debug/net8.0-android/android/bin/classes/crc648afdc667cfb0dccb/NavigationPageRenderer.class' (2,987)
2026-08-23 05:44:37: Copy Over 'C:/rock/bannister/Bannister/obj/Debug/net8.0-android/android/bin/classes/crc648afdc667cfb0dccb/NavigationPageRenderer_ClickListener.class' -> 'goodrive://www.googleapis.com/:personal:/bannister/bannister/obj/Debug/net8.0-android/android/bin/classes/crc648afdc667cfb0dccb/NavigationPageRenderer_ClickListener.class' (1,712)
2026-08-23 05:44:38: Copy Over 'C:/rock/bannister/Bannister/obj/Debug/net8.0-android/android/bin/classes/crc648afdc667cfb0dccb/NavigationPageRenderer_Container.class' -> 'goodrive://www.googleapis.com/:personal:/bannister/bannister/obj/Debug/net8.0-android/android/bin/classes/crc648afdc667cfb0dccb/NavigationPageRenderer_Container.class' (2,751)
2026-08-23 05:44:39: Copy Over 'C:/rock/bannister/Bannister/obj/Debug/net8.0-android/android/bin/classes/crc648afdc667cfb0dccb/NavigationPageRenderer_DrawerMultiplexedListener.class' -> 'goodrive://www.googleapis.com/:personal:/bannister/bannister/obj/Debug/net8.0-android/android/bin/classes/crc648afdc667cfb0dccb/NavigationPageRenderer_DrawerMultiplexedListener.class' (2,675)
2026-08-23 05:44:41: Copy Over 'C:/rock/bannister/Bannister/obj/Debug/net8.0-android/android/bin/classes/crc648afdc667cfb0dccb/PickerRenderer.class' -> 'goodrive://www.googleapis.com/:personal:/bannister/bannister/obj/Debug/net8.0-android/android/bin/classes/crc648afdc667cfb0dccb/PickerRenderer.class' (2,065)
2026-08-23 05:44:42: Copy Over 'C:/rock/bannister/Bannister/obj/Debug/net8.0-android/android/bin/classes/crc648afdc667cfb0dccb/PickerRendererBase_1.class' -> 'goodrive://www.googleapis.com/:personal:/bannister/bannister/obj/Debug/net8.0-android/android/bin/classes/crc648afdc667cfb0dccb/PickerRendererBase_1.class' (2,077)
2026-08-23 05:44:43: Copy Over 'C:/rock/bannister/Bannister/obj/Debug/net8.0-android/android/bin/classes/crc648afdc667cfb0dccb/SwitchRenderer.class' -> 'goodrive://www.googleapis.com/:personal:/bannister/bannister/obj/Debug/net8.0-android/android/bin/classes/crc648afdc667cfb0dccb/SwitchRenderer.class' (2,603)
2026-08-23 05:44:44: Getting new AccessToken from RefreshToken
2026-08-23 05:44:44: Getting new AccessToken from RefreshToken
2026-08-23 05:44:44: CopyFileSimple: CloseUpload: ERR: Auth method not supported: Bearer realm="https://accounts.google.com/", error="invalid_token", Error: Server says: Unauthorized (status code 401): Invalid Credentials
2026-08-23 05:44:44: Waiting for 1 + 0 of 4 sec on CopyFileSimple: CloseUpload: Auth method not supported: Bearer realm="https://accounts.google.com/", error="invalid_token", Error: Server says: Unauthorized (status code 401): Invalid Credentials
2026-08-23 05:44:44: Account Manager supplied new AccessToken, so use it
2026-08-23 05:44:44: CopyFileSimple: CloseUpload: ERR: Auth method not supported: Bearer realm="https://accounts.google.com/", error="invalid_token", Error: Server says: Unauthorized (status code 401): Invalid Credentials
2026-08-23 05:44:44: Waiting for 0 + 0 of 4 sec on CopyFileSimple: CloseUpload: Auth method not supported: Bearer realm="https://accounts.google.com/", error="invalid_token", Error: Server says: Unauthorized (status code 401): Invalid Credentials
2026-08-23 05:44:44: Copy Over 'C:/rock/bannister/Bannister/obj/Debug/net8.0-android/android/bin/classes/crc648afdc667cfb0dccb/TabbedPageRenderer.class' -> 'goodrive://www.googleapis.com/:personal:/bannister/bannister/obj/Debug/net8.0-android/android/bin/classes/crc648afdc667cfb0dccb/TabbedPageRenderer.class' (5,403)
2026-08-23 05:44:48: Copy Over 'C:/rock/bannister/Bannister/obj/Debug/net8.0-android/android/bin/classes/crc649ff77a65592e7d55/TabbedPageManager_Listeners.class' -> 'goodrive://www.googleapis.com/:personal:/bannister/bannister/obj/Debug/net8.0-android/android/bin/classes/crc649ff77a65592e7d55/TabbedPageManager_Listeners.class' (4,023)
2026-08-23 05:44:48: Recovered the connection, continuing operations
2026-08-23 05:44:48: Recovered the connection, continuing operations
2026-08-23 05:44:50: Copy Over 'C:/rock/bannister/Bannister/obj/Debug/net8.0-android/android/bin/classes/crc648afdc667cfb0dccb/ViewRenderer_2.class' -> 'goodrive://www.googleapis.com/:personal:/bannister/bannister/obj/Debug/net8.0-android/android/bin/classes/crc648afdc667cfb0dccb/ViewRenderer_2.class' (2,059)
2026-08-23 05:44:50: Copy Over 'C:/rock/bannister/Bannister/obj/Debug/net8.0-android/android/bin/classes/crc6493855b22b6fa0721/TextToSpeechInternalImplementation.class' -> 'goodrive://www.googleapis.com/:personal:/bannister/bannister/obj/Debug/net8.0-android/android/bin/classes/crc6493855b22b6fa0721/TextToSpeechInternalImplementation.class' (2,108)
2026-08-23 05:44:51: Copy Over 'C:/rock/bannister/Bannister/obj/Debug/net8.0-android/android/bin/classes/crc649ff77a65592e7d55/TabbedPageManager_TempView.class' -> 'goodrive://www.googleapis.com/:personal:/bannister/bannister/obj/Debug/net8.0-android/android/bin/classes/crc649ff77a65592e7d55/TabbedPageManager_TempView.class' (2,388)
2026-08-23 05:44:54: Copy Over 'C:/rock/bannister/Bannister/obj/Debug/net8.0-android/android/bin/classes/crc64a25b61d9f8ee364f/FloatArrayEvaluator.class' -> 'goodrive://www.googleapis.com/:personal:/bannister/bannister/obj/Debug/net8.0-android/android/bin/classes/crc64a25b61d9f8ee364f/FloatArrayEvaluator.class' (1,620)
2026-08-23 05:44:54: Copy Over 'C:/rock/bannister/Bannister/obj/Debug/net8.0-android/android/bin/classes/crc64a096dc44ad241142/PlatformTicker_DurationScaleListener.class' -> 'goodrive://www.googleapis.com/:personal:/bannister/bannister/obj/Debug/net8.0-android/android/bin/classes/crc64a096dc44ad241142/PlatformTicker_DurationScaleListener.class' (1,681)
2026-08-23 05:44:55: Copy Over 'C:/rock/bannister/Bannister/obj/Debug/net8.0-android/android/bin/classes/crc64a25b61d9f8ee364f/RectEvaluator.class' -> 'goodrive://www.googleapis.com/:personal:/bannister/bannister/obj/Debug/net8.0-android/android/bin/classes/crc64a25b61d9f8ee364f/RectEvaluator.class' (1,602)
2026-08-23 05:44:57: Copy Over 'C:/rock/bannister/Bannister/obj/Debug/net8.0-android/android/bin/classes/crc64a25b61d9f8ee364f/TransitionUtils.class' -> 'goodrive://www.googleapis.com/:personal:/bannister/bannister/obj/Debug/net8.0-android/android/bin/classes/crc64a25b61d9f8ee364f/TransitionUtils.class' (1,180)
2026-08-23 05:44:58: Copy Over 'C:/rock/bannister/Bannister/obj/Debug/net8.0-android/android/bin/classes/crc64a25b61d9f8ee364f/TransitionUtils_MatrixEvaluator.class' -> 'goodrive://www.googleapis.com/:personal:/bannister/bannister/obj/Debug/net8.0-android/android/bin/classes/crc64a25b61d9f8ee364f/TransitionUtils_MatrixEvaluator.class' (1,656)
2026-08-23 05:44:58: Copy Over 'C:/rock/bannister/Bannister/obj/Debug/net8.0-android/android/bin/classes/crc64b5e713d400f589b7/LinearGradientShaderFactory.class' -> 'goodrive://www.googleapis.com/:personal:/bannister/bannister/obj/Debug/net8.0-android/android/bin/classes/crc64b5e713d400f589b7/LinearGradientShaderFactory.class' (1,537)
2026-08-23 05:45:01: Copy Over 'C:/rock/bannister/Bannister/obj/Debug/net8.0-android/android/bin/classes/crc64ba438d8f48cf7e75/ActivityLifecycleContextListener.class' -> 'goodrive://www.googleapis.com/:personal:/bannister/bannister/obj/Debug/net8.0-android/android/bin/classes/crc64ba438d8f48cf7e75/ActivityLifecycleContextListener.class' (8,925)
2026-08-23 05:45:01: Copy Over 'C:/rock/bannister/Bannister/obj/Debug/net8.0-android/android/bin/classes/crc64b5e713d400f589b7/MauiDrawable.class' -> 'goodrive://www.googleapis.com/:personal:/bannister/bannister/obj/Debug/net8.0-android/android/bin/classes/crc64b5e713d400f589b7/MauiDrawable.class' (2,262)
2026-08-23 05:45:01: Copy Over 'C:/rock/bannister/Bannister/obj/Debug/net8.0-android/android/bin/classes/crc64ba438d8f48cf7e75/IntermediateActivity.class' -> 'goodrive://www.googleapis.com/:personal:/bannister/bannister/obj/Debug/net8.0-android/android/bin/classes/crc64ba438d8f48cf7e75/IntermediateActivity.class' (1,874)
2026-08-23 05:45:04: Copy Over 'C:/rock/bannister/Bannister/obj/Debug/net8.0-android/android/bin/classes/crc64b5e713d400f589b7/RadialGradientShaderFactory.class' -> 'goodrive://www.googleapis.com/:personal:/bannister/bannister/obj/Debug/net8.0-android/android/bin/classes/crc64b5e713d400f589b7/RadialGradientShaderFactory.class' (1,537)
2026-08-23 05:45:04: Copy Over 'C:/rock/bannister/Bannister/obj/Debug/net8.0-android/android/bin/classes/crc64d6358e7bf64fbac4/SpeechToTextImplementation_SpeechRecognitionListener.class' -> 'goodrive://www.googleapis.com/:personal:/bannister/bannister/obj/Debug/net8.0-android/android/bin/classes/crc64d6358e7bf64fbac4/SpeechToTextImplementation_SpeechRecognitionListener.class' (4,786)
2026-08-23 05:45:04: Copy Over 'C:/rock/bannister/Bannister/obj/Debug/net8.0-android/android/bin/classes/crc64e1fb321c08285b90/BaseCellView.class' -> 'goodrive://www.googleapis.com/:personal:/bannister/bannister/obj/Debug/net8.0-android/android/bin/classes/crc64e1fb321c08285b90/BaseCellView.class' (2,370)
2026-08-23 05:45:07: Copy Over 'C:/rock/bannister/Bannister/obj/Debug/net8.0-android/android/bin/classes/crc64e1fb321c08285b90/CellRenderer_RendererHolder.class' -> 'goodrive://www.googleapis.com/:personal:/bannister/bannister/obj/Debug/net8.0-android/android/bin/classes/crc64e1fb321c08285b90/CellRenderer_RendererHolder.class' (1,238)
2026-08-23 05:45:08: Copy Over 'C:/rock/bannister/Bannister/obj/Debug/net8.0-android/android/bin/classes/crc64e1fb321c08285b90/ConditionalFocusLayout.class' -> 'goodrive://www.googleapis.com/:personal:/bannister/bannister/obj/Debug/net8.0-android/android/bin/classes/crc64e1fb321c08285b90/ConditionalFocusLayout.class' (2,884)
2026-08-23 05:45:08: Copy Over 'C:/rock/bannister/Bannister/obj/Debug/net8.0-android/android/bin/classes/crc64e1fb321c08285b90/CellAdapter.class' -> 'goodrive://www.googleapis.com/:personal:/bannister/bannister/obj/Debug/net8.0-android/android/bin/classes/crc64e1fb321c08285b90/CellAdapter.class' (5,645)
2026-08-23 05:45:11: Copy Over 'C:/rock/bannister/Bannister/obj/Debug/net8.0-android/android/bin/classes/crc64e1fb321c08285b90/EntryCellEditText.class' -> 'goodrive://www.googleapis.com/:personal:/bannister/bannister/obj/Debug/net8.0-android/android/bin/classes/crc64e1fb321c08285b90/EntryCellEditText.class' (2,487)
2026-08-23 05:45:11: Copy Over 'C:/rock/bannister/Bannister/obj/Debug/net8.0-android/android/bin/classes/crc64e1fb321c08285b90/FrameRenderer.class' -> 'goodrive://www.googleapis.com/:personal:/bannister/bannister/obj/Debug/net8.0-android/android/bin/classes/crc64e1fb321c08285b90/FrameRenderer.class' (2,893)
2026-08-23 05:45:11: Copy Over 'C:/rock/bannister/Bannister/obj/Debug/net8.0-android/android/bin/classes/crc64e1fb321c08285b90/EntryCellView.class' -> 'goodrive://www.googleapis.com/:personal:/bannister/bannister/obj/Debug/net8.0-android/android/bin/classes/crc64e1fb321c08285b90/EntryCellView.class' (4,424)
2026-08-23 05:45:14: Copy Over 'C:/rock/bannister/Bannister/obj/Debug/net8.0-android/android/bin/classes/crc64e1fb321c08285b90/ListViewAdapter.class' -> 'goodrive://www.googleapis.com/:personal:/bannister/bannister/obj/Debug/net8.0-android/android/bin/classes/crc64e1fb321c08285b90/ListViewAdapter.class' (2,906)
2026-08-23 05:45:14: Copy Over 'C:/rock/bannister/Bannister/obj/Debug/net8.0-android/android/bin/classes/crc64e1fb321c08285b90/ListViewRenderer.class' -> 'goodrive://www.googleapis.com/:personal:/bannister/bannister/obj/Debug/net8.0-android/android/bin/classes/crc64e1fb321c08285b90/ListViewRenderer.class' (2,877)
2026-08-23 05:45:14: Copy Over 'C:/rock/bannister/Bannister/obj/Debug/net8.0-android/android/bin/classes/crc64e1fb321c08285b90/GroupedListViewAdapter.class' -> 'goodrive://www.googleapis.com/:personal:/bannister/bannister/obj/Debug/net8.0-android/android/bin/classes/crc64e1fb321c08285b90/GroupedListViewAdapter.class' (2,364)
2026-08-23 05:45:18: Copy Over 'C:/rock/bannister/Bannister/obj/Debug/net8.0-android/android/bin/classes/crc64e1fb321c08285b90/ListViewRenderer_Container.class' -> 'goodrive://www.googleapis.com/:personal:/bannister/bannister/obj/Debug/net8.0-android/android/bin/classes/crc64e1fb321c08285b90/ListViewRenderer_Container.class' (2,701)
2026-08-23 05:45:18: Copy Over 'C:/rock/bannister/Bannister/obj/Debug/net8.0-android/android/bin/classes/crc64e1fb321c08285b90/ListViewRenderer_ListViewSwipeRefreshLayoutListener.class' -> 'goodrive://www.googleapis.com/:personal:/bannister/bannister/obj/Debug/net8.0-android/android/bin/classes/crc64e1fb321c08285b90/ListViewRenderer_ListViewSwipeRefreshLayoutListener.class' (2,034)
2026-08-23 05:45:18: Copy Over 'C:/rock/bannister/Bannister/obj/Debug/net8.0-android/android/bin/classes/crc64e1fb321c08285b90/ListViewRenderer_ListViewScrollDetector.class' -> 'goodrive://www.googleapis.com/:personal:/bannister/bannister/obj/Debug/net8.0-android/android/bin/classes/crc64e1fb321c08285b90/ListViewRenderer_ListViewScrollDetector.class' (2,435)
2026-08-23 05:45:21: Copy Over 'C:/rock/bannister/Bannister/obj/Debug/net8.0-android/android/bin/classes/crc64e1fb321c08285b90/SwitchCellView.class' -> 'goodrive://www.googleapis.com/:personal:/bannister/bannister/obj/Debug/net8.0-android/android/bin/classes/crc64e1fb321c08285b90/SwitchCellView.class' (2,927)
2026-08-23 05:45:21: Copy Over 'C:/rock/bannister/Bannister/obj/Debug/net8.0-android/android/bin/classes/crc64e1fb321c08285b90/TableViewModelRenderer.class' -> 'goodrive://www.googleapis.com/:personal:/bannister/bannister/obj/Debug/net8.0-android/android/bin/classes/crc64e1fb321c08285b90/TableViewModelRenderer.class' (2,792)
2026-08-23 05:45:21: Copy Over 'C:/rock/bannister/Bannister/obj/Debug/net8.0-android/android/bin/classes/crc64e1fb321c08285b90/ListViewRenderer_SwipeRefreshLayoutWithFixedNestedScrolling.class' -> 'goodrive://www.googleapis.com/:personal:/bannister/bannister/obj/Debug/net8.0-android/android/bin/classes/crc64e1fb321c08285b90/ListViewRenderer_SwipeRefreshLayoutWithFixedNestedScrolling.class' (2,823)
2026-08-23 05:45:24: Copy Over 'C:/rock/bannister/Bannister/obj/Debug/net8.0-android/android/bin/classes/crc64e1fb321c08285b90/TextCellRenderer_TextCellView.class' -> 'goodrive://www.googleapis.com/:personal:/bannister/bannister/obj/Debug/net8.0-android/android/bin/classes/crc64e1fb321c08285b90/TextCellRenderer_TextCellView.class' (2,428)
2026-08-23 05:45:25: Copy Over 'C:/rock/bannister/Bannister/obj/Debug/net8.0-android/android/bin/classes/crc64e1fb321c08285b90/TableViewRenderer.class' -> 'goodrive://www.googleapis.com/:personal:/bannister/bannister/obj/Debug/net8.0-android/android/bin/classes/crc64e1fb321c08285b90/TableViewRenderer.class' (2,699)
2026-08-23 05:45:25: Copy Over 'C:/rock/bannister/Bannister/obj/Debug/net8.0-android/android/bin/classes/crc64e1fb321c08285b90/ViewCellRenderer_ViewCellContainer.class' -> 'goodrive://www.googleapis.com/:personal:/bannister/bannister/obj/Debug/net8.0-android/android/bin/classes/crc64e1fb321c08285b90/ViewCellRenderer_ViewCellContainer.class' (3,379)
2026-08-23 05:45:28: Copy Over 'C:/rock/bannister/Bannister/obj/Debug/net8.0-android/android/bin/classes/crc64e1fb321c08285b90/ViewCellRenderer_ViewCellContainer_LongPressGestureListener.class' -> 'goodrive://www.googleapis.com/:personal:/bannister/bannister/obj/Debug/net8.0-android/android/bin/classes/crc64e1fb321c08285b90/ViewCellRenderer_ViewCellContainer_LongPressGestureListener.class' (3,551)
2026-08-23 05:45:28: Copy Over 'C:/rock/bannister/Bannister/obj/Debug/net8.0-android/android/bin/classes/crc64e1fb321c08285b90/ViewCellRenderer_ViewCellContainer_TapGestureListener.class' -> 'goodrive://www.googleapis.com/:personal:/bannister/bannister/obj/Debug/net8.0-android/android/bin/classes/crc64e1fb321c08285b90/ViewCellRenderer_ViewCellContainer_TapGestureListener.class' (3,533)
2026-08-23 05:45:28: Copy Over 'C:/rock/bannister/Bannister/obj/Debug/net8.0-android/android/bin/classes/crc64e1fb321c08285b90/ViewRenderer.class' -> 'goodrive://www.googleapis.com/:personal:/bannister/bannister/obj/Debug/net8.0-android/android/bin/classes/crc64e1fb321c08285b90/ViewRenderer.class' (2,379)
2026-08-23 05:45:31: Copy Over 'C:/rock/bannister/Bannister/obj/Debug/net8.0-android/android/bin/classes/crc64e1fb321c08285b90/ViewRenderer_2.class' -> 'goodrive://www.googleapis.com/:personal:/bannister/bannister/obj/Debug/net8.0-android/android/bin/classes/crc64e1fb321c08285b90/ViewRenderer_2.class' (2,394)
2026-08-23 05:45:32: Copy Over 'C:/rock/bannister/Bannister/obj/Debug/net8.0-android/android/bin/classes/crc64e1fb321c08285b90/VisualElementRenderer_1.class' -> 'goodrive://www.googleapis.com/:personal:/bannister/bannister/obj/Debug/net8.0-android/android/bin/classes/crc64e1fb321c08285b90/VisualElementRenderer_1.class' (2,692)
2026-08-23 05:45:32: Copy Over 'C:/rock/bannister/Bannister/obj/Debug/net8.0-android/android/bin/classes/crc64e53d2f592022988e/ConnectivityBroadcastReceiver.class' -> 'goodrive://www.googleapis.com/:personal:/bannister/bannister/obj/Debug/net8.0-android/android/bin/classes/crc64e53d2f592022988e/ConnectivityBroadcastReceiver.class' (1,553)
2026-08-23 05:45:35: Copy Over 'C:/rock/bannister/Bannister/obj/Debug/net8.0-android/android/bin/classes/crc64f62664462a8937a9/ContinuousLocationListener.class' -> 'goodrive://www.googleapis.com/:personal:/bannister/bannister/obj/Debug/net8.0-android/android/bin/classes/crc64f62664462a8937a9/ContinuousLocationListener.class' (2,928)
2026-08-23 05:45:35: Copy Over 'C:/rock/bannister/Bannister/obj/Debug/net8.0-android/android/bin/classes/crc64f62664462a8937a9/BarometerListener.class' -> 'goodrive://www.googleapis.com/:personal:/bannister/bannister/obj/Debug/net8.0-android/android/bin/classes/crc64f62664462a8937a9/BarometerListener.class' (1,967)
2026-08-23 05:45:35: Copy Over 'C:/rock/bannister/Bannister/obj/Debug/net8.0-android/android/bin/classes/crc64f62664462a8937a9/AccelerometerListener.class' -> 'goodrive://www.googleapis.com/:personal:/bannister/bannister/obj/Debug/net8.0-android/android/bin/classes/crc64f62664462a8937a9/AccelerometerListener.class' (1,979)
2026-08-23 05:45:38: Copy Over 'C:/rock/bannister/Bannister/obj/Debug/net8.0-android/android/bin/classes/crc64f62664462a8937a9/OrientationSensorListener.class' -> 'goodrive://www.googleapis.com/:personal:/bannister/bannister/obj/Debug/net8.0-android/android/bin/classes/crc64f62664462a8937a9/OrientationSensorListener.class' (1,991)
2026-08-23 05:45:39: Copy Over 'C:/rock/bannister/Bannister/obj/Debug/net8.0-android/android/bin/classes/crc64f62664462a8937a9/MagnetometerListener.class' -> 'goodrive://www.googleapis.com/:personal:/bannister/bannister/obj/Debug/net8.0-android/android/bin/classes/crc64f62664462a8937a9/MagnetometerListener.class' (1,976)
2026-08-23 05:45:39: Copy Over 'C:/rock/bannister/Bannister/obj/Debug/net8.0-android/android/bin/classes/crc64f62664462a8937a9/GyroscopeListener.class' -> 'goodrive://www.googleapis.com/:personal:/bannister/bannister/obj/Debug/net8.0-android/android/bin/classes/crc64f62664462a8937a9/GyroscopeListener.class' (1,967)
2026-08-23 05:45:42: Copy Over 'C:/rock/bannister/Bannister/obj/Debug/net8.0-android/android/bin/classes/crc64f62664462a8937a9/SensorListener.class' -> 'goodrive://www.googleapis.com/:personal:/bannister/bannister/obj/Debug/net8.0-android/android/bin/classes/crc64f62664462a8937a9/SensorListener.class' (1,958)
2026-08-23 05:45:42: Copy Over 'C:/rock/bannister/Bannister/obj/Debug/net8.0-android/android/bin/classes/crc64f62664462a8937a9/SingleLocationListener.class' -> 'goodrive://www.googleapis.com/:personal:/bannister/bannister/obj/Debug/net8.0-android/android/bin/classes/crc64f62664462a8937a9/SingleLocationListener.class' (2,916)
2026-08-23 05:45:42: Copy Over 'C:/rock/bannister/Bannister/obj/Debug/net8.0-android/android/bin/classes/crc64e53d2f592022988e/ConnectivityImplementation_EssentialsNetworkCallback.class' -> 'goodrive://www.googleapis.com/:personal:/bannister/bannister/obj/Debug/net8.0-android/android/bin/classes/crc64e53d2f592022988e/ConnectivityImplementation_EssentialsNetworkCallback.class' (3,060)
2026-08-23 05:45:45: Copy Over 'C:/rock/bannister/Bannister/obj/Debug/net8.0-android/android/bin/classes/crc64f728827fec74e9c3/TapWindowTracker_GestureListener.class' -> 'goodrive://www.googleapis.com/:personal:/bannister/bannister/obj/Debug/net8.0-android/android/bin/classes/crc64f728827fec74e9c3/TapWindowTracker_GestureListener.class' (3,634)
2026-08-23 05:45:45: Copy Over 'C:/rock/bannister/Bannister/obj/Debug/net8.0-android/android/bin/classes/crc64f6cd8863fe06af2a/AppMain_AndroidUncaughtHandler.class' -> 'goodrive://www.googleapis.com/:personal:/bannister/bannister/obj/Debug/net8.0-android/android/bin/classes/crc64f6cd8863fe06af2a/AppMain_AndroidUncaughtHandler.class' (1,735)
2026-08-23 05:45:46: Copy Over 'C:/rock/bannister/Bannister/obj/Debug/net8.0-android/android/bin/classes/crc64f728827fec74e9c3/Toolbar_Container.class' -> 'goodrive://www.googleapis.com/:personal:/bannister/bannister/obj/Debug/net8.0-android/android/bin/classes/crc64f728827fec74e9c3/Toolbar_Container.class' (2,651)
2026-08-23 05:45:48: Copy Over 'C:/rock/bannister/Bannister/obj/Debug/net8.0-android/android/bin/classes/crc64f6cd8863fe06af2a/MainActivity.class' -> 'goodrive://www.googleapis.com/:personal:/bannister/bannister/obj/Debug/net8.0-android/android/bin/classes/crc64f6cd8863fe06af2a/MainActivity.class' (1,421)
2026-08-23 05:45:48: Copy Over 'C:/rock/bannister/Bannister/obj/Debug/net8.0-android/android/bin/classes/crc64f6cd8863fe06af2a/MainApplication.class' -> 'goodrive://www.googleapis.com/:personal:/bannister/bannister/obj/Debug/net8.0-android/android/bin/classes/crc64f6cd8863fe06af2a/MainApplication.class' (881)
2026-08-23 05:45:49: Copy Over 'C:/rock/bannister/Bannister/obj/Debug/net8.0-android/android/bin/classes/crc64fcf28c0e24b4cc31/ButtonHandler_ButtonClickListener.class' -> 'goodrive://www.googleapis.com/:personal:/bannister/bannister/obj/Debug/net8.0-android/android/bin/classes/crc64fcf28c0e24b4cc31/ButtonHandler_ButtonClickListener.class' (1,639)
2026-08-23 05:45:52: Copy Over 'C:/rock/bannister/Bannister/obj/Debug/net8.0-android/android/bin/classes/crc64fcf28c0e24b4cc31/ButtonHandler_ButtonTouchListener.class' -> 'goodrive://www.googleapis.com/:personal:/bannister/bannister/obj/Debug/net8.0-android/android/bin/classes/crc64fcf28c0e24b4cc31/ButtonHandler_ButtonTouchListener.class' (1,714)
2026-08-23 05:45:52: Copy Over 'C:/rock/bannister/Bannister/obj/Debug/net8.0-android/android/bin/classes/microsoft/maui/platform/MauiNavHostFragment.class' -> 'goodrive://www.googleapis.com/:personal:/bannister/bannister/obj/Debug/net8.0-android/android/bin/classes/microsoft/maui/platform/MauiNavHostFragment.class' (1,234)
2026-08-23 05:45:52: Copy Over 'C:/rock/bannister/Bannister/obj/Debug/net8.0-android/android/bin/classes/microsoft/maui/essentials/fileProvider.class' -> 'goodrive://www.googleapis.com/:personal:/bannister/bannister/obj/Debug/net8.0-android/android/bin/classes/microsoft/maui/essentials/fileProvider.class' (1,445)
2026-08-23 05:45:55: Copy Over 'C:/rock/bannister/Bannister/obj/Debug/net8.0-android/android/bin/classes/crc64fcf28c0e24b4cc31/SliderHandler_SeekBarChangeListener.class' -> 'goodrive://www.googleapis.com/:personal:/bannister/bannister/obj/Debug/net8.0-android/android/bin/classes/crc64fcf28c0e24b4cc31/SliderHandler_SeekBarChangeListener.class' (2,462)
2026-08-23 05:45:55: Copy Over 'C:/rock/bannister/Bannister/obj/Debug/net8.0-android/android/bin/classes/crc64fcf28c0e24b4cc31/SearchBarHandler_FocusChangeListener.class' -> 'goodrive://www.googleapis.com/:personal:/bannister/bannister/obj/Debug/net8.0-android/android/bin/classes/crc64fcf28c0e24b4cc31/SearchBarHandler_FocusChangeListener.class' (1,694)
2026-08-23 05:45:55: Copy Over 'C:/rock/bannister/Bannister/obj/Debug/net8.0-android/android/bin/classes/crc64fcf28c0e24b4cc31/SwitchHandler_CheckedChangeListener.class' -> 'goodrive://www.googleapis.com/:personal:/bannister/bannister/obj/Debug/net8.0-android/android/bin/classes/crc64fcf28c0e24b4cc31/SwitchHandler_CheckedChangeListener.class' (1,780)
2026-08-23 05:45:55: > Copy Over 'C:/rock/bannister/Bannister/obj/Debug/net8.0-android/android/bin/classes.zip' -> 'goodrive://www.googleapis.com/:personal:/bannister/bannister/obj/Debug/net8.0-android/android/bin/classes.zip' (2,906,126)
2026-08-23 05:45:58: Copy Over 'C:/rock/bannister/Bannister/obj/Debug/net8.0-android/android/bin/classes/crc64fcf28c0e24b4cc31/ToolbarHandler_ProcessBackClick.class' -> 'goodrive://www.googleapis.com/:personal:/bannister/bannister/obj/Debug/net8.0-android/android/bin/classes/crc64fcf28c0e24b4cc31/ToolbarHandler_ProcessBackClick.class' (1,633)
2026-08-23 05:45:59: Copy Over 'C:/rock/bannister/Bannister/obj/Debug/net8.0-android/android/bin/classes/mono/android/app/ApplicationRegistration.class' -> 'goodrive://www.googleapis.com/:personal:/bannister/bannister/obj/Debug/net8.0-android/android/bin/classes/mono/android/app/ApplicationRegistration.class' (774)
2026-08-23 05:45:59: < Copy Over 'C:/rock/bannister/Bannister/obj/Debug/net8.0-android/android/bin/classes.zip' -> 'goodrive://www.googleapis.com/:personal:/bannister/bannister/obj/Debug/net8.0-android/android/bin/classes.zip' (2,906,126)
2026-08-23 05:46:02: Copy Over 'C:/rock/bannister/Bannister/obj/Debug/net8.0-android/android/bin/classes/mono/androidx/activity/contextaware/OnContextAvailableListenerImplementor.class' -> 'goodrive://www.googleapis.com/:personal:/bannister/bannister/obj/Debug/net8.0-android/android/bin/classes/mono/androidx/activity/contextaware/OnContextAvailableListenerImplementor.class' (1,679)
2026-08-23 05:46:02: Copy Over 'C:/rock/bannister/Bannister/obj/Debug/net8.0-android/android/bin/classes/mono/androidx/appcompat/widget/ActionMenuView_OnMenuItemClickListenerImplementor.class' -> 'goodrive://www.googleapis.com/:personal:/bannister/bannister/obj/Debug/net8.0-android/android/bin/classes/mono/androidx/appcompat/widget/ActionMenuView_OnMenuItemClickListenerImplementor.class' (1,802)
2026-08-23 05:46:02: Copy Over 'C:/rock/bannister/Bannister/obj/Debug/net8.0-android/android/bin/classes/mono/androidx/appcompat/app/ActionBar_OnMenuVisibilityListenerImplementor.class' -> 'goodrive://www.googleapis.com/:personal:/bannister/bannister/obj/Debug/net8.0-android/android/bin/classes/mono/androidx/appcompat/app/ActionBar_OnMenuVisibilityListenerImplementor.class' (1,733)
2026-08-23 05:46:05: Copy Over 'C:/rock/bannister/Bannister/obj/Debug/net8.0-android/android/bin/classes/mono/androidx/appcompat/widget/ContentFrameLayout_OnAttachListenerImplementor.class' -> 'goodrive://www.googleapis.com/:personal:/bannister/bannister/obj/Debug/net8.0-android/android/bin/classes/mono/androidx/appcompat/widget/ContentFrameLayout_OnAttachListenerImplementor.class' (2,000)
2026-08-23 05:46:05: Copy Over 'C:/rock/bannister/Bannister/obj/Debug/net8.0-android/android/bin/classes/mono/androidx/appcompat/widget/MenuItemHoverListenerImplementor.class' -> 'goodrive://www.googleapis.com/:personal:/bannister/bannister/obj/Debug/net8.0-android/android/bin/classes/mono/androidx/appcompat/widget/MenuItemHoverListenerImplementor.class' (2,117)
2026-08-23 05:46:06: Copy Over 'C:/rock/bannister/Bannister/obj/Debug/net8.0-android/android/bin/classes/mono/androidx/appcompat/widget/FitWindowsViewGroup_OnFitSystemWindowsListenerImplementor.class' -> 'goodrive://www.googleapis.com/:personal:/bannister/bannister/obj/Debug/net8.0-android/android/bin/classes/mono/androidx/appcompat/widget/FitWindowsViewGroup_OnFitSystemWindowsListenerImplementor.class' (1,864)
2026-08-23 05:46:09: Copy Over 'C:/rock/bannister/Bannister/obj/Debug/net8.0-android/android/bin/classes/mono/androidx/appcompat/widget/PopupMenu_OnDismissListenerImplementor.class' -> 'goodrive://www.googleapis.com/:personal:/bannister/bannister/obj/Debug/net8.0-android/android/bin/classes/mono/androidx/appcompat/widget/PopupMenu_OnDismissListenerImplementor.class' (1,758)
2026-08-23 05:46:09: Copy Over 'C:/rock/bannister/Bannister/obj/Debug/net8.0-android/android/bin/classes/mono/androidx/appcompat/widget/PopupMenu_OnMenuItemClickListenerImplementor.class' -> 'goodrive://www.googleapis.com/:personal:/bannister/bannister/obj/Debug/net8.0-android/android/bin/classes/mono/androidx/appcompat/widget/PopupMenu_OnMenuItemClickListenerImplementor.class' (1,772)
2026-08-23 05:46:09: Copy Over 'C:/rock/bannister/Bannister/obj/Debug/net8.0-android/android/bin/classes/mono/androidx/appcompat/widget/SearchView_OnCloseListenerImplementor.class' -> 'goodrive://www.googleapis.com/:personal:/bannister/bannister/obj/Debug/net8.0-android/android/bin/classes/mono/androidx/appcompat/widget/SearchView_OnCloseListenerImplementor.class' (1,627)
2026-08-23 05:46:12: Copy Over 'C:/rock/bannister/Bannister/obj/Debug/net8.0-android/android/bin/classes/mono/androidx/appcompat/widget/SearchView_OnQueryTextListenerImplementor.class' -> 'goodrive://www.googleapis.com/:personal:/bannister/bannister/obj/Debug/net8.0-android/android/bin/classes/mono/androidx/appcompat/widget/SearchView_OnQueryTextListenerImplementor.class' (2,033)
2026-08-23 05:46:12: Copy Over 'C:/rock/bannister/Bannister/obj/Debug/net8.0-android/android/bin/classes/mono/androidx/appcompat/widget/SearchView_OnSuggestionListenerImplementor.class' -> 'goodrive://www.googleapis.com/:personal:/bannister/bannister/obj/Debug/net8.0-android/android/bin/classes/mono/androidx/appcompat/widget/SearchView_OnSuggestionListenerImplementor.class' (1,959)
2026-08-23 05:46:13: Copy Over 'C:/rock/bannister/Bannister/obj/Debug/net8.0-android/android/bin/classes/mono/androidx/appcompat/widget/ShareActionProvider_OnShareTargetSelectedListenerImplementor.class' -> 'goodrive://www.googleapis.com/:personal:/bannister/bannister/obj/Debug/net8.0-android/android/bin/classes/mono/androidx/appcompat/widget/ShareActionProvider_OnShareTargetSelectedListenerImplementor.class' (2,037)
2026-08-23 05:46:15: Copy Over 'C:/rock/bannister/Bannister/obj/Debug/net8.0-android/android/bin/classes/mono/androidx/appcompat/widget/Toolbar_OnMenuItemClickListenerImplementor.class' -> 'goodrive://www.googleapis.com/:personal:/bannister/bannister/obj/Debug/net8.0-android/android/bin/classes/mono/androidx/appcompat/widget/Toolbar_OnMenuItemClickListenerImplementor.class' (1,760)
2026-08-23 05:46:16: Copy Over 'C:/rock/bannister/Bannister/obj/Debug/net8.0-android/android/bin/classes/mono/androidx/appcompat/widget/ViewStubCompat_OnInflateListenerImplementor.class' -> 'goodrive://www.googleapis.com/:personal:/bannister/bannister/obj/Debug/net8.0-android/android/bin/classes/mono/androidx/appcompat/widget/ViewStubCompat_OnInflateListenerImplementor.class' (1,861)
2026-08-23 05:46:16: Copy Over 'C:/rock/bannister/Bannister/obj/Debug/net8.0-android/android/bin/classes/mono/androidx/appcompat/app/ActionBar_OnNavigationListenerImplementor.class' -> 'goodrive://www.googleapis.com/:personal:/bannister/bannister/obj/Debug/net8.0-android/android/bin/classes/mono/androidx/appcompat/app/ActionBar_OnNavigationListenerImplementor.class' (1,713)
2026-08-23 05:46:18: Copy Over 'C:/rock/bannister/Bannister/obj/Debug/net8.0-android/android/bin/classes/mono/androidx/appcompat/app/ActionBar_TabListenerImplementor.class' -> 'goodrive://www.googleapis.com/:personal:/bannister/bannister/obj/Debug/net8.0-android/android/bin/classes/mono/androidx/appcompat/app/ActionBar_TabListenerImplementor.class' (2,706)
2026-08-23 05:46:19: Copy Over 'C:/rock/bannister/Bannister/obj/Debug/net8.0-android/android/bin/classes/mono/androidx/core/app/SharedElementCallback_OnSharedElementsReadyListenerImplementor.class' -> 'goodrive://www.googleapis.com/:personal:/bannister/bannister/obj/Debug/net8.0-android/android/bin/classes/mono/androidx/core/app/SharedElementCallback_OnSharedElementsReadyListenerImplementor.class' (1,781)
2026-08-23 05:46:20: Copy Over 'C:/rock/bannister/Bannister/obj/Debug/net8.0-android/android/bin/classes/mono/androidx/constraintlayout/motion/widget/MotionLayout_TransitionListenerImplementor.class' -> 'goodrive://www.googleapis.com/:personal:/bannister/bannister/obj/Debug/net8.0-android/android/bin/classes/mono/androidx/constraintlayout/motion/widget/MotionLayout_TransitionListenerImplementor.class' (3,355)
2026-08-23 05:46:22: Copy Over 'C:/rock/bannister/Bannister/obj/Debug/net8.0-android/android/bin/classes/mono/androidx/core/os/CancellationSignal_OnCancelListenerImplementor.class' -> 'goodrive://www.googleapis.com/:personal:/bannister/bannister/obj/Debug/net8.0-android/android/bin/classes/mono/androidx/core/os/CancellationSignal_OnCancelListenerImplementor.class' (1,628)
2026-08-23 05:46:22: Copy Over 'C:/rock/bannister/Bannister/obj/Debug/net8.0-android/android/bin/classes/mono/androidx/core/view/ActionProvider_SubUiVisibilityListenerImplementor.class' -> 'goodrive://www.googleapis.com/:personal:/bannister/bannister/obj/Debug/net8.0-android/android/bin/classes/mono/androidx/core/view/ActionProvider_SubUiVisibilityListenerImplementor.class' (1,731)
2026-08-23 05:46:23: Copy Over 'C:/rock/bannister/Bannister/obj/Debug/net8.0-android/android/bin/classes/mono/androidx/core/view/accessibility/AccessibilityManagerCompat_AccessibilityStateChangeListenerImplementor.class' -> 'goodrive://www.googleapis.com/:personal:/bannister/bannister/obj/Debug/net8.0-android/android/bin/classes/mono/androidx/core/view/accessibility/AccessibilityManagerCompat_AccessibilityStateChangeListenerImplementor.class' (1,939)
2026-08-23 05:46:26: Copy Over 'C:/rock/bannister/Bannister/obj/Debug/net8.0-android/android/bin/classes/mono/androidx/core/view/ActionProvider_VisibilityListenerImplementor.class' -> 'goodrive://www.googleapis.com/:personal:/bannister/bannister/obj/Debug/net8.0-android/android/bin/classes/mono/androidx/core/view/ActionProvider_VisibilityListenerImplementor.class' (1,737)
2026-08-23 05:46:26: Copy Over 'C:/rock/bannister/Bannister/obj/Debug/net8.0-android/android/bin/classes/mono/androidx/core/view/accessibility/AccessibilityManagerCompat_TouchExplorationStateChangeListenerImplementor.class' -> 'goodrive://www.googleapis.com/:personal:/bannister/bannister/obj/Debug/net8.0-android/android/bin/classes/mono/androidx/core/view/accessibility/AccessibilityManagerCompat_TouchExplorationStateChangeListenerImplementor.class' (1,969)
2026-08-23 05:46:26: Copy Over 'C:/rock/bannister/Bannister/obj/Debug/net8.0-android/android/bin/classes/mono/androidx/core/view/DragStartHelper_OnDragStartListenerImplementor.class' -> 'goodrive://www.googleapis.com/:personal:/bannister/bannister/obj/Debug/net8.0-android/android/bin/classes/mono/androidx/core/view/DragStartHelper_OnDragStartListenerImplementor.class' (1,820)
2026-08-23 05:46:29: Copy Over 'C:/rock/bannister/Bannister/obj/Debug/net8.0-android/android/bin/classes/mono/androidx/core/view/MenuItemCompat_OnActionExpandListenerImplementor.class' -> 'goodrive://www.googleapis.com/:personal:/bannister/bannister/obj/Debug/net8.0-android/android/bin/classes/mono/androidx/core/view/MenuItemCompat_OnActionExpandListenerImplementor.class' (2,098)
2026-08-23 05:46:30: Copy Over 'C:/rock/bannister/Bannister/obj/Debug/net8.0-android/android/bin/classes/mono/androidx/core/view/inputmethod/InputConnectionCompat_OnCommitContentListenerImplementor.class' -> 'goodrive://www.googleapis.com/:personal:/bannister/bannister/obj/Debug/net8.0-android/android/bin/classes/mono/androidx/core/view/inputmethod/InputConnectionCompat_OnCommitContentListenerImplementor.class' (2,017)
2026-08-23 05:46:30: Copy Over 'C:/rock/bannister/Bannister/obj/Debug/net8.0-android/android/bin/classes/mono/androidx/core/view/OnApplyWindowInsetsListenerImplementor.class' -> 'goodrive://www.googleapis.com/:personal:/bannister/bannister/obj/Debug/net8.0-android/android/bin/classes/mono/androidx/core/view/OnApplyWindowInsetsListenerImplementor.class' (1,804)
2026-08-23 05:46:32: Copy Over 'C:/rock/bannister/Bannister/obj/Debug/net8.0-android/android/bin/classes/mono/androidx/core/view/OnReceiveContentListenerImplementor.class' -> 'goodrive://www.googleapis.com/:personal:/bannister/bannister/obj/Debug/net8.0-android/android/bin/classes/mono/androidx/core/view/OnReceiveContentListenerImplementor.class' (1,772)
2026-08-23 05:46:33: Copy Over 'C:/rock/bannister/Bannister/obj/Debug/net8.0-android/android/bin/classes/mono/androidx/core/view/ViewPropertyAnimatorUpdateListenerImplementor.class' -> 'goodrive://www.googleapis.com/:personal:/bannister/bannister/obj/Debug/net8.0-android/android/bin/classes/mono/androidx/core/view/ViewPropertyAnimatorUpdateListenerImplementor.class' (1,641)
2026-08-23 05:46:33: Copy Over 'C:/rock/bannister/Bannister/obj/Debug/net8.0-android/android/bin/classes/mono/androidx/core/view/ViewPropertyAnimatorListenerImplementor.class' -> 'goodrive://www.googleapis.com/:personal:/bannister/bannister/obj/Debug/net8.0-android/android/bin/classes/mono/androidx/core/view/ViewPropertyAnimatorListenerImplementor.class' (2,151)
2026-08-23 05:46:36: Copy Over 'C:/rock/bannister/Bannister/obj/Debug/net8.0-android/android/bin/classes/mono/androidx/core/view/WindowInsetsControllerCompat_OnControllableInsetsChangedListenerImplementor.class' -> 'goodrive://www.googleapis.com/:personal:/bannister/bannister/obj/Debug/net8.0-android/android/bin/classes/mono/androidx/core/view/WindowInsetsControllerCompat_OnControllableInsetsChangedListenerImplementor.class' (2,047)
2026-08-23 05:46:36: Copy Over 'C:/rock/bannister/Bannister/obj/Debug/net8.0-android/android/bin/classes/mono/androidx/constraintlayout/widget/SharedValues_SharedValuesListenerImplementor.class' -> 'goodrive://www.googleapis.com/:personal:/bannister/bannister/obj/Debug/net8.0-android/android/bin/classes/mono/androidx/constraintlayout/widget/SharedValues_SharedValuesListenerImplementor.class' (1,747)
2026-08-23 05:46:36: Copy Over 'C:/rock/bannister/Bannister/obj/Debug/net8.0-android/android/bin/classes/mono/androidx/core/widget/NestedScrollView_OnScrollChangeListenerImplementor.class' -> 'goodrive://www.googleapis.com/:personal:/bannister/bannister/obj/Debug/net8.0-android/android/bin/classes/mono/androidx/core/widget/NestedScrollView_OnScrollChangeListenerImplementor.class' (1,839)
2026-08-23 05:46:40: Copy Over 'C:/rock/bannister/Bannister/obj/Debug/net8.0-android/android/bin/classes/mono/androidx/customview/poolingcontainer/PoolingContainerListenerImplementor.class' -> 'goodrive://www.googleapis.com/:personal:/bannister/bannister/obj/Debug/net8.0-android/android/bin/classes/mono/androidx/customview/poolingcontainer/PoolingContainerListenerImplementor.class' (1,612)
2026-08-23 05:46:40: Copy Over 'C:/rock/bannister/Bannister/obj/Debug/net8.0-android/android/bin/classes/mono/androidx/dynamicanimation/animation/DynamicAnimation_OnAnimationEndListenerImplementor.class' -> 'goodrive://www.googleapis.com/:personal:/bannister/bannister/obj/Debug/net8.0-android/android/bin/classes/mono/androidx/dynamicanimation/animation/DynamicAnimation_OnAnimationEndListenerImplementor.class' (1,958)
2026-08-23 05:46:40: Copy Over 'C:/rock/bannister/Bannister/obj/Debug/net8.0-android/android/bin/classes/mono/androidx/drawerlayout/widget/DrawerLayout_DrawerListenerImplementor.class' -> 'goodrive://www.googleapis.com/:personal:/bannister/bannister/obj/Debug/net8.0-android/android/bin/classes/mono/androidx/drawerlayout/widget/DrawerLayout_DrawerListenerImplementor.class' (2,614)
2026-08-23 05:46:43: Copy Over 'C:/rock/bannister/Bannister/obj/Debug/net8.0-android/android/bin/classes/mono/androidx/fragment/app/FragmentManager_OnBackStackChangedListenerImplementor.class' -> 'goodrive://www.googleapis.com/:personal:/bannister/bannister/obj/Debug/net8.0-android/android/bin/classes/mono/androidx/fragment/app/FragmentManager_OnBackStackChangedListenerImplementor.class' (2,488)
2026-08-23 05:46:43: Copy Over 'C:/rock/bannister/Bannister/obj/Debug/net8.0-android/android/bin/classes/mono/androidx/fragment/app/FragmentOnAttachListenerImplementor.class' -> 'goodrive://www.googleapis.com/:personal:/bannister/bannister/obj/Debug/net8.0-android/android/bin/classes/mono/androidx/fragment/app/FragmentOnAttachListenerImplementor.class' (1,764)
2026-08-23 05:46:43: Copy Over 'C:/rock/bannister/Bannister/obj/Debug/net8.0-android/android/bin/classes/mono/androidx/fragment/app/FragmentResultListenerImplementor.class' -> 'goodrive://www.googleapis.com/:personal:/bannister/bannister/obj/Debug/net8.0-android/android/bin/classes/mono/androidx/fragment/app/FragmentResultListenerImplementor.class' (1,652)
2026-08-23 05:46:47: Copy Over 'C:/rock/bannister/Bannister/obj/Debug/net8.0-android/android/bin/classes/mono/androidx/fragment/app/strictmode/FragmentStrictMode_OnViolationListenerImplementor.class' -> 'goodrive://www.googleapis.com/:personal:/bannister/bannister/obj/Debug/net8.0-android/android/bin/classes/mono/androidx/fragment/app/strictmode/FragmentStrictMode_OnViolationListenerImplementor.class' (1,886)
2026-08-23 05:46:47: Copy Over 'C:/rock/bannister/Bannister/obj/Debug/net8.0-android/android/bin/classes/mono/androidx/dynamicanimation/animation/DynamicAnimation_OnAnimationUpdateListenerImplementor.class' -> 'goodrive://www.googleapis.com/:personal:/bannister/bannister/obj/Debug/net8.0-android/android/bin/classes/mono/androidx/dynamicanimation/animation/DynamicAnimation_OnAnimationUpdateListenerImplementor.class' (1,983)
2026-08-23 05:46:47: Copy Over 'C:/rock/bannister/Bannister/obj/Debug/net8.0-android/android/bin/classes/mono/androidx/navigation/NavController_OnDestinationChangedListenerImplementor.class' -> 'goodrive://www.googleapis.com/:personal:/bannister/bannister/obj/Debug/net8.0-android/android/bin/classes/mono/androidx/navigation/NavController_OnDestinationChangedListenerImplementor.class' (2,041)
2026-08-23 05:46:51: Copy Over 'C:/rock/bannister/Bannister/obj/Debug/net8.0-android/android/bin/classes/mono/androidx/navigation/ui/AppBarConfiguration_OnNavigateUpListenerImplementor.class' -> 'goodrive://www.googleapis.com/:personal:/bannister/bannister/obj/Debug/net8.0-android/android/bin/classes/mono/androidx/navigation/ui/AppBarConfiguration_OnNavigateUpListenerImplementor.class' (1,724)
2026-08-23 05:46:51: Copy Over 'C:/rock/bannister/Bannister/obj/Debug/net8.0-android/android/bin/classes/mono/androidx/loader/content/Loader_OnLoadCanceledListenerImplementor.class' -> 'goodrive://www.googleapis.com/:personal:/bannister/bannister/obj/Debug/net8.0-android/android/bin/classes/mono/androidx/loader/content/Loader_OnLoadCanceledListenerImplementor.class' (1,759)
2026-08-23 05:46:51: Copy Over 'C:/rock/bannister/Bannister/obj/Debug/net8.0-android/android/bin/classes/mono/androidx/loader/content/Loader_OnLoadCompleteListenerImplementor.class' -> 'goodrive://www.googleapis.com/:personal:/bannister/bannister/obj/Debug/net8.0-android/android/bin/classes/mono/androidx/loader/content/Loader_OnLoadCompleteListenerImplementor.class' (1,814)
2026-08-23 05:46:54: Copy Over 'C:/rock/bannister/Bannister/obj/Debug/net8.0-android/android/bin/classes/mono/androidx/slidingpanelayout/widget/SlidingPaneLayout_PanelSlideListenerImplementor.class' -> 'goodrive://www.googleapis.com/:personal:/bannister/bannister/obj/Debug/net8.0-android/android/bin/classes/mono/androidx/slidingpanelayout/widget/SlidingPaneLayout_PanelSlideListenerImplementor.class' (2,451)
2026-08-23 05:46:54: Copy Over 'C:/rock/bannister/Bannister/obj/Debug/net8.0-android/android/bin/classes/mono/androidx/recyclerview/widget/RecyclerView_ItemAnimator_ItemAnimatorFinishedListenerImplementor.class' -> 'goodrive://www.googleapis.com/:personal:/bannister/bannister/obj/Debug/net8.0-android/android/bin/classes/mono/androidx/recyclerview/widget/RecyclerView_ItemAnimator_ItemAnimatorFinishedListenerImplementor.class' (1,936)
2026-08-23 05:46:54: Copy Over 'C:/rock/bannister/Bannister/obj/Debug/net8.0-android/android/bin/classes/mono/androidx/recyclerview/widget/AsyncListDiffer_ListListenerImplementor.class' -> 'goodrive://www.googleapis.com/:personal:/bannister/bannister/obj/Debug/net8.0-android/android/bin/classes/mono/androidx/recyclerview/widget/AsyncListDiffer_ListListenerImplementor.class' (1,815)
2026-08-23 05:46:57: Copy Over 'C:/rock/bannister/Bannister/obj/Debug/net8.0-android/android/bin/classes/mono/androidx/recyclerview/widget/RecyclerView_OnItemTouchListenerImplementor.class' -> 'goodrive://www.googleapis.com/:personal:/bannister/bannister/obj/Debug/net8.0-android/android/bin/classes/mono/androidx/recyclerview/widget/RecyclerView_OnItemTouchListenerImplementor.class' (2,753)
2026-08-23 05:46:57: Copy Over 'C:/rock/bannister/Bannister/obj/Debug/net8.0-android/android/bin/classes/mono/androidx/recyclerview/widget/RecyclerView_OnChildAttachStateChangeListenerImplementor.class' -> 'goodrive://www.googleapis.com/:personal:/bannister/bannister/obj/Debug/net8.0-android/android/bin/classes/mono/androidx/recyclerview/widget/RecyclerView_OnChildAttachStateChangeListenerImplementor.class' (2,266)
2026-08-23 05:46:57: Copy Over 'C:/rock/bannister/Bannister/obj/Debug/net8.0-android/android/bin/classes/mono/androidx/recyclerview/widget/RecyclerView_RecyclerListenerImplementor.class' -> 'goodrive://www.googleapis.com/:personal:/bannister/bannister/obj/Debug/net8.0-android/android/bin/classes/mono/androidx/recyclerview/widget/RecyclerView_RecyclerListenerImplementor.class' (1,941)
2026-08-23 05:47:01: Copy Over 'C:/rock/bannister/Bannister/obj/Debug/net8.0-android/android/bin/classes/mono/androidx/swiperefreshlayout/widget/SwipeRefreshLayout_OnRefreshListenerImplementor.class' -> 'goodrive://www.googleapis.com/:personal:/bannister/bannister/obj/Debug/net8.0-android/android/bin/classes/mono/androidx/swiperefreshlayout/widget/SwipeRefreshLayout_OnRefreshListenerImplementor.class' (1,756)
2026-08-23 05:47:01: Copy Over 'C:/rock/bannister/Bannister/obj/Debug/net8.0-android/android/bin/classes/mono/androidx/transition/Transition_TransitionListenerImplementor.class' -> 'goodrive://www.googleapis.com/:personal:/bannister/bannister/obj/Debug/net8.0-android/android/bin/classes/mono/androidx/transition/Transition_TransitionListenerImplementor.class' (3,013)
2026-08-23 05:47:01: Copy Over 'C:/rock/bannister/Bannister/obj/Debug/net8.0-android/android/bin/classes/mono/androidx/viewpager/widget/ViewPager_OnAdapterChangeListenerImplementor.class' -> 'goodrive://www.googleapis.com/:personal:/bannister/bannister/obj/Debug/net8.0-android/android/bin/classes/mono/androidx/viewpager/widget/ViewPager_OnAdapterChangeListenerImplementor.class' (2,064)
2026-08-23 05:47:04: Copy Over 'C:/rock/bannister/Bannister/obj/Debug/net8.0-android/android/bin/classes/mono/com/bumptech/glide/manager/LifecycleListenerImplementor.class' -> 'goodrive://www.googleapis.com/:personal:/bannister/bannister/obj/Debug/net8.0-android/android/bin/classes/mono/com/bumptech/glide/manager/LifecycleListenerImplementor.class' (1,861)
2026-08-23 05:47:04: Copy Over 'C:/rock/bannister/Bannister/obj/Debug/net8.0-android/android/bin/classes/mono/com/bumptech/glide/manager/ConnectivityMonitor_ConnectivityListenerImplementor.class' -> 'goodrive://www.googleapis.com/:personal:/bannister/bannister/obj/Debug/net8.0-android/android/bin/classes/mono/com/bumptech/glide/manager/ConnectivityMonitor_ConnectivityListenerImplementor.class' (1,761)
2026-08-23 05:47:05: Copy Over 'C:/rock/bannister/Bannister/obj/Debug/net8.0-android/android/bin/classes/mono/androidx/viewpager/widget/ViewPager_OnPageChangeListenerImplementor.class' -> 'goodrive://www.googleapis.com/:personal:/bannister/bannister/obj/Debug/net8.0-android/android/bin/classes/mono/androidx/viewpager/widget/ViewPager_OnPageChangeListenerImplementor.class' (2,231)
2026-08-23 05:47:08: Copy Over 'C:/rock/bannister/Bannister/obj/Debug/net8.0-android/android/bin/classes/mono/com/bumptech/glide/load/engine/cache/MemoryCache_ResourceRemovedListenerImplementor.class' -> 'goodrive://www.googleapis.com/:personal:/bannister/bannister/obj/Debug/net8.0-android/android/bin/classes/mono/com/bumptech/glide/load/engine/cache/MemoryCache_ResourceRemovedListenerImplementor.class' (1,885)
2026-08-23 05:47:08: Copy Over 'C:/rock/bannister/Bannister/obj/Debug/net8.0-android/android/bin/classes/mono/com/bumptech/glide/request/RequestListenerImplementor.class' -> 'goodrive://www.googleapis.com/:personal:/bannister/bannister/obj/Debug/net8.0-android/android/bin/classes/mono/com/bumptech/glide/request/RequestListenerImplementor.class' (2,393)
2026-08-23 05:47:08: Copy Over 'C:/rock/bannister/Bannister/obj/Debug/net8.0-android/android/bin/classes/mono/MonoPackageManager_Resources.class' -> 'goodrive://www.googleapis.com/:personal:/bannister/bannister/obj/Debug/net8.0-android/android/bin/classes/mono/MonoPackageManager_Resources.class' (6,057)
2026-08-23 05:47:12: Copy Over 'C:/rock/bannister/Bannister/obj/Debug/net8.0-android/android/bin/classes/mono/MonoRuntimeProvider.class' -> 'goodrive://www.googleapis.com/:personal:/bannister/bannister/obj/Debug/net8.0-android/android/bin/classes/mono/MonoRuntimeProvider.class' (1,980)
2026-08-23 05:47:12: Copy Over 'C:/rock/bannister/Bannister/obj/Debug/net8.0-android/android/bin/classes/mono/com/google/android/material/animation/AnimatableView_ListenerImplementor.class' -> 'goodrive://www.googleapis.com/:personal:/bannister/bannister/obj/Debug/net8.0-android/android/bin/classes/mono/com/google/android/material/animation/AnimatableView_ListenerImplementor.class' (1,695)
2026-08-23 05:47:12: Copy Over 'C:/rock/bannister/Bannister/obj/Debug/net8.0-android/android/bin/classes/mono/com/google/android/material/appbar/AppBarLayout_LiftOnScrollListenerImplementor.class' -> 'goodrive://www.googleapis.com/:personal:/bannister/bannister/obj/Debug/net8.0-android/android/bin/classes/mono/com/google/android/material/appbar/AppBarLayout_LiftOnScrollListenerImplementor.class' (1,733)
2026-08-23 05:47:15: Copy Over 'C:/rock/bannister/Bannister/obj/Debug/net8.0-android/android/bin/classes/mono/com/google/android/material/appbar/AppBarLayout_OnOffsetChangedListenerImplementor.class' -> 'goodrive://www.googleapis.com/:personal:/bannister/bannister/obj/Debug/net8.0-android/android/bin/classes/mono/com/google/android/material/appbar/AppBarLayout_OnOffsetChangedListenerImplementor.class' (1,923)
2026-08-23 05:47:15: Copy Over 'C:/rock/bannister/Bannister/obj/Debug/net8.0-android/android/bin/classes/mono/com/google/android/material/behavior/HideBottomViewOnScrollBehavior_OnScrollStateChangedListenerImplementor.class' -> 'goodrive://www.googleapis.com/:personal:/bannister/bannister/obj/Debug/net8.0-android/android/bin/classes/mono/com/google/android/material/behavior/HideBottomViewOnScrollBehavior_OnScrollStateChangedListenerImplementor.class' (1,977)
2026-08-23 05:47:15: Copy Over 'C:/rock/bannister/Bannister/obj/Debug/net8.0-android/android/bin/classes/mono/com/google/android/material/button/MaterialButton_OnCheckedChangeListenerImplementor.class' -> 'goodrive://www.googleapis.com/:personal:/bannister/bannister/obj/Debug/net8.0-android/android/bin/classes/mono/com/google/android/material/button/MaterialButton_OnCheckedChangeListenerImplementor.class' (1,945)
2026-08-23 05:47:18: Copy Over 'C:/rock/bannister/Bannister/obj/Debug/net8.0-android/android/bin/classes/mono/com/google/android/material/button/MaterialButtonToggleGroup_OnButtonCheckedListenerImplementor.class' -> 'goodrive://www.googleapis.com/:personal:/bannister/bannister/obj/Debug/net8.0-android/android/bin/classes/mono/com/google/android/material/button/MaterialButtonToggleGroup_OnButtonCheckedListenerImplementor.class' (2,044)
2026-08-23 05:47:18: Copy Over 'C:/rock/bannister/Bannister/obj/Debug/net8.0-android/android/bin/classes/mono/com/google/android/material/behavior/SwipeDismissBehavior_OnDismissListenerImplementor.class' -> 'goodrive://www.googleapis.com/:personal:/bannister/bannister/obj/Debug/net8.0-android/android/bin/classes/mono/com/google/android/material/behavior/SwipeDismissBehavior_OnDismissListenerImplementor.class' (2,114)
2026-08-23 05:47:18: Copy Over 'C:/rock/bannister/Bannister/obj/Debug/net8.0-android/android/bin/classes/mono/com/google/android/material/card/MaterialCardView_OnCheckedChangeListenerImplementor.class' -> 'goodrive://www.googleapis.com/:personal:/bannister/bannister/obj/Debug/net8.0-android/android/bin/classes/mono/com/google/android/material/card/MaterialCardView_OnCheckedChangeListenerImplementor.class' (1,947)
2026-08-23 05:47:21: Copy Over 'C:/rock/bannister/Bannister/obj/Debug/net8.0-android/android/bin/classes/mono/com/google/android/material/carousel/OnMaskChangedListenerImplementor.class' -> 'goodrive://www.googleapis.com/:personal:/bannister/bannister/obj/Debug/net8.0-android/android/bin/classes/mono/com/google/android/material/carousel/OnMaskChangedListenerImplementor.class' (1,659)
2026-08-23 05:47:21: Copy Over 'C:/rock/bannister/Bannister/obj/Debug/net8.0-android/android/bin/classes/mono/com/google/android/material/checkbox/MaterialCheckBox_OnCheckedStateChangedListenerImplementor.class' -> 'goodrive://www.googleapis.com/:personal:/bannister/bannister/obj/Debug/net8.0-android/android/bin/classes/mono/com/google/android/material/checkbox/MaterialCheckBox_OnCheckedStateChangedListenerImplementor.class' (2,067)
2026-08-23 05:47:22: Copy Over 'C:/rock/bannister/Bannister/obj/Debug/net8.0-android/android/bin/classes/mono/com/google/android/material/chip/ChipGroup_OnCheckedChangeListenerImplementor.class' -> 'goodrive://www.googleapis.com/:personal:/bannister/bannister/obj/Debug/net8.0-android/android/bin/classes/mono/com/google/android/material/chip/ChipGroup_OnCheckedChangeListenerImplementor.class' (1,884)
2026-08-23 05:47:24: Copy Over 'C:/rock/bannister/Bannister/obj/Debug/net8.0-android/android/bin/classes/mono/com/google/android/material/chip/ChipGroup_OnCheckedStateChangeListenerImplementor.class' -> 'goodrive://www.googleapis.com/:personal:/bannister/bannister/obj/Debug/net8.0-android/android/bin/classes/mono/com/google/android/material/chip/ChipGroup_OnCheckedStateChangeListenerImplementor.class' (1,959)
2026-08-23 05:47:25: Copy Over 'C:/rock/bannister/Bannister/obj/Debug/net8.0-android/android/bin/classes/mono/com/google/android/material/checkbox/MaterialCheckBox_OnErrorChangedListenerImplementor.class' -> 'goodrive://www.googleapis.com/:personal:/bannister/bannister/obj/Debug/net8.0-android/android/bin/classes/mono/com/google/android/material/checkbox/MaterialCheckBox_OnErrorChangedListenerImplementor.class' (1,965)
2026-08-23 05:47:25: Copy Over 'C:/rock/bannister/Bannister/obj/Debug/net8.0-android/android/bin/classes/mono/com/google/android/material/datepicker/MaterialPickerOnPositiveButtonClickListenerImplementor.class' -> 'goodrive://www.googleapis.com/:personal:/bannister/bannister/obj/Debug/net8.0-android/android/bin/classes/mono/com/google/android/material/datepicker/MaterialPickerOnPositiveButtonClickListenerImplementor.class' (1,767)
2026-08-23 05:47:27: Copy Over 'C:/rock/bannister/Bannister/obj/Debug/net8.0-android/android/bin/classes/mono/com/google/android/material/internal/CheckableGroup_OnCheckedStateChangeListenerImplementor.class' -> 'goodrive://www.googleapis.com/:personal:/bannister/bannister/obj/Debug/net8.0-android/android/bin/classes/mono/com/google/android/material/internal/CheckableGroup_OnCheckedStateChangeListenerImplementor.class' (1,893)
2026-08-23 05:47:28: Copy Over 'C:/rock/bannister/Bannister/obj/Debug/net8.0-android/android/bin/classes/mono/com/google/android/material/internal/MaterialCheckable_OnCheckedChangeListenerImplementor.class' -> 'goodrive://www.googleapis.com/:personal:/bannister/bannister/obj/Debug/net8.0-android/android/bin/classes/mono/com/google/android/material/internal/MaterialCheckable_OnCheckedChangeListenerImplementor.class' (1,872)
2026-08-23 05:47:29: Copy Over 'C:/rock/bannister/Bannister/obj/Debug/net8.0-android/android/bin/classes/mono/com/google/android/material/internal/ViewUtils_OnApplyWindowInsetsListenerImplementor.class' -> 'goodrive://www.googleapis.com/:personal:/bannister/bannister/obj/Debug/net8.0-android/android/bin/classes/mono/com/google/android/material/internal/ViewUtils_OnApplyWindowInsetsListenerImplementor.class' (2,338)
2026-08-23 05:47:30: Copy Over 'C:/rock/bannister/Bannister/obj/Debug/net8.0-android/android/bin/classes/mono/com/google/android/material/navigation/NavigationBarView_OnItemReselectedListenerImplementor.class' -> 'goodrive://www.googleapis.com/:personal:/bannister/bannister/obj/Debug/net8.0-android/android/bin/classes/mono/com/google/android/material/navigation/NavigationBarView_OnItemReselectedListenerImplementor.class' (1,941)
2026-08-23 05:47:31: Copy Over 'C:/rock/bannister/Bannister/obj/Debug/net8.0-android/android/bin/classes/mono/com/google/android/material/search/SearchView_TransitionListenerImplementor.class' -> 'goodrive://www.googleapis.com/:personal:/bannister/bannister/obj/Debug/net8.0-android/android/bin/classes/mono/com/google/android/material/search/SearchView_TransitionListenerImplementor.class' (2,340)
2026-08-23 05:47:33: Copy Over 'C:/rock/bannister/Bannister/obj/Debug/net8.0-android/android/bin/classes/mono/com/google/android/material/navigation/NavigationBarView_OnItemSelectedListenerImplementor.class' -> 'goodrive://www.googleapis.com/:personal:/bannister/bannister/obj/Debug/net8.0-android/android/bin/classes/mono/com/google/android/material/navigation/NavigationBarView_OnItemSelectedListenerImplementor.class' (1,917)
2026-08-23 05:47:34: Copy Over 'C:/rock/bannister/Bannister/obj/Debug/net8.0-android/android/bin/classes/mono/com/google/android/material/navigation/NavigationView_OnNavigationItemSelectedListenerImplementor.class' -> 'goodrive://www.googleapis.com/:personal:/bannister/bannister/obj/Debug/net8.0-android/android/bin/classes/mono/com/google/android/material/navigation/NavigationView_OnNavigationItemSelectedListenerImplementor.class' (1,959)
2026-08-23 05:47:35: Copy Over 'C:/rock/bannister/Bannister/obj/Debug/net8.0-android/android/bin/classes/mono/com/google/android/material/shape/ShapeAppearancePathProvider_PathListenerImplementor.class' -> 'goodrive://www.googleapis.com/:personal:/bannister/bannister/obj/Debug/net8.0-android/android/bin/classes/mono/com/google/android/material/shape/ShapeAppearancePathProvider_PathListenerImplementor.class' (2,439)
2026-08-23 05:47:36: Copy Over 'C:/rock/bannister/Bannister/obj/Debug/net8.0-android/android/bin/classes/mono/com/google/android/material/slider/BaseOnChangeListenerImplementor.class' -> 'goodrive://www.googleapis.com/:personal:/bannister/bannister/obj/Debug/net8.0-android/android/bin/classes/mono/com/google/android/material/slider/BaseOnChangeListenerImplementor.class' (1,636)
2026-08-23 05:47:38: Copy Over 'C:/rock/bannister/Bannister/obj/Debug/net8.0-android/android/bin/classes/mono/com/google/android/material/slider/BaseOnSliderTouchListenerImplementor.class' -> 'goodrive://www.googleapis.com/:personal:/bannister/bannister/obj/Debug/net8.0-android/android/bin/classes/mono/com/google/android/material/slider/BaseOnSliderTouchListenerImplementor.class' (1,960)
2026-08-23 05:47:38: Copy Over 'C:/rock/bannister/Bannister/obj/Debug/net8.0-android/android/bin/classes/mono/com/google/android/material/tabs/TabLayout_BaseOnTabSelectedListenerImplementor.class' -> 'goodrive://www.googleapis.com/:personal:/bannister/bannister/obj/Debug/net8.0-android/android/bin/classes/mono/com/google/android/material/tabs/TabLayout_BaseOnTabSelectedListenerImplementor.class' (2,652)
2026-08-23 05:47:39: > Copy Over 'C:/rock/bannister/Bannister/obj/Debug/net8.0-android/android/bin/classes2.dex' -> 'goodrive://www.googleapis.com/:personal:/bannister/bannister/obj/Debug/net8.0-android/android/bin/classes2.dex' (7,168,352)
2026-08-23 05:47:40: Copy Over 'C:/rock/bannister/Bannister/obj/Debug/net8.0-android/android/bin/classes/mono/com/google/android/material/textfield/TextInputLayout_OnEditTextAttachedListenerImplementor.class' -> 'goodrive://www.googleapis.com/:personal:/bannister/bannister/obj/Debug/net8.0-android/android/bin/classes/mono/com/google/android/material/textfield/TextInputLayout_OnEditTextAttachedListenerImplementor.class' (2,000)
2026-08-23 05:47:40: > Copy Over 'C:/rock/bannister/Bannister/obj/Debug/net8.0-android/android/bin/com.bannister.app.apk' -> 'goodrive://www.googleapis.com/:personal:/bannister/bannister/obj/Debug/net8.0-android/android/bin/com.bannister.app.apk' (65,767,917)
2026-08-23 05:47:42: Copy Over 'C:/rock/bannister/Bannister/obj/Debug/net8.0-android/android/bin/classes/mono/com/google/android/material/textfield/TextInputLayout_OnEndIconChangedListenerImplementor.class' -> 'goodrive://www.googleapis.com/:personal:/bannister/bannister/obj/Debug/net8.0-android/android/bin/classes/mono/com/google/android/material/textfield/TextInputLayout_OnEndIconChangedListenerImplementor.class' (1,984)
2026-08-23 05:47:42: > Copy Over 'C:/rock/bannister/Bannister/obj/Debug/net8.0-android/android/bin/packaged_resources' -> 'goodrive://www.googleapis.com/:personal:/bannister/bannister/obj/Debug/net8.0-android/android/bin/packaged_resources' (28,115,611)
2026-08-23 05:47:43: < Copy Over 'C:/rock/bannister/Bannister/obj/Debug/net8.0-android/android/bin/classes2.dex' -> 'goodrive://www.googleapis.com/:personal:/bannister/bannister/obj/Debug/net8.0-android/android/bin/classes2.dex' (7,168,352)
2026-08-23 05:47:43: > Copy Over 'C:/rock/bannister/Bannister/obj/Debug/net8.0-android/android/assets/Bannister.pdb' -> 'goodrive://www.googleapis.com/:personal:/bannister/bannister/obj/Debug/net8.0-android/android/assets/Bannister.pdb' (1,477,096)
2026-08-23 05:47:46: < Copy Over 'C:/rock/bannister/Bannister/obj/Debug/net8.0-android/android/assets/Bannister.pdb' -> 'goodrive://www.googleapis.com/:personal:/bannister/bannister/obj/Debug/net8.0-android/android/assets/Bannister.pdb' (1,477,096)
2026-08-23 05:47:48: < Copy Over 'C:/rock/bannister/Bannister/obj/Debug/net8.0-android/android/bin/packaged_resources' -> 'goodrive://www.googleapis.com/:personal:/bannister/bannister/obj/Debug/net8.0-android/android/bin/packaged_resources' (28,115,611)
2026-08-23 05:47:49: < Copy Over 'C:/rock/bannister/Bannister/obj/Debug/net8.0-android/android/bin/com.bannister.app.apk' -> 'goodrive://www.googleapis.com/:personal:/bannister/bannister/obj/Debug/net8.0-android/android/bin/com.bannister.app.apk' (65,767,917)
2026-08-23 05:47:50: Copy Over 'C:/rock/bannister/Bannister/obj/Debug/net8.0-android/android/compressed_assemblies.arm64-v8a.o' -> 'goodrive://www.googleapis.com/:personal:/bannister/bannister/obj/Debug/net8.0-android/android/compressed_assemblies.arm64-v8a.o' (848)
2026-08-23 05:47:53: Copy Over 'C:/rock/bannister/Bannister/obj/Debug/net8.0-android/android/compressed_assemblies.x86.o' -> 'goodrive://www.googleapis.com/:personal:/bannister/bannister/obj/Debug/net8.0-android/android/compressed_assemblies.x86.o' (576)
2026-08-23 05:47:53: Copy Over 'C:/rock/bannister/Bannister/obj/Debug/net8.0-android/android/compressed_assemblies.armeabi-v7a.o' -> 'goodrive://www.googleapis.com/:personal:/bannister/bannister/obj/Debug/net8.0-android/android/compressed_assemblies.armeabi-v7a.o' (700)
2026-08-23 05:47:53: Copy Over 'C:/rock/bannister/Bannister/obj/Debug/net8.0-android/android/compressed_assemblies.x86_64.o' -> 'goodrive://www.googleapis.com/:personal:/bannister/bannister/obj/Debug/net8.0-android/android/compressed_assemblies.x86_64.o' (792)
2026-08-23 05:47:56: Copy Over 'C:/rock/bannister/Bannister/obj/Debug/net8.0-android/android/environment.arm64-v8a.o' -> 'goodrive://www.googleapis.com/:personal:/bannister/bannister/obj/Debug/net8.0-android/android/environment.arm64-v8a.o' (47,800)
2026-08-23 05:47:57: Copy Over 'C:/rock/bannister/Bannister/obj/Debug/net8.0-android/android/environment.arm64-v8a.ll' -> 'goodrive://www.googleapis.com/:personal:/bannister/bannister/obj/Debug/net8.0-android/android/environment.arm64-v8a.ll' (154,586)
2026-08-23 05:47:57: Copy Over 'C:/rock/bannister/Bannister/obj/Debug/net8.0-android/android/environment.armeabi-v7a.ll' -> 'goodrive://www.googleapis.com/:personal:/bannister/bannister/obj/Debug/net8.0-android/android/environment.armeabi-v7a.ll' (153,561)
2026-08-23 05:48:00: Copy Over 'C:/rock/bannister/Bannister/obj/Debug/net8.0-android/android/environment.armeabi-v7a.o' -> 'goodrive://www.googleapis.com/:personal:/bannister/bannister/obj/Debug/net8.0-android/android/environment.armeabi-v7a.o' (32,924)
2026-08-23 05:48:00: Copy Over 'C:/rock/bannister/Bannister/obj/Debug/net8.0-android/android/environment.x86.ll' -> 'goodrive://www.googleapis.com/:personal:/bannister/bannister/obj/Debug/net8.0-android/android/environment.x86.ll' (153,578)
2026-08-23 05:48:01: Copy Over 'C:/rock/bannister/Bannister/obj/Debug/net8.0-android/android/environment.x86.o' -> 'goodrive://www.googleapis.com/:personal:/bannister/bannister/obj/Debug/net8.0-android/android/environment.x86.o' (32,608)
2026-08-23 05:48:03: Copy Over 'C:/rock/bannister/Bannister/obj/Debug/net8.0-android/android/environment.x86_64.o' -> 'goodrive://www.googleapis.com/:personal:/bannister/bannister/obj/Debug/net8.0-android/android/environment.x86_64.o' (47,904)
2026-08-23 05:48:04: Copy Over 'C:/rock/bannister/Bannister/obj/Debug/net8.0-android/android/environment.x86_64.ll' -> 'goodrive://www.googleapis.com/:personal:/bannister/bannister/obj/Debug/net8.0-android/android/environment.x86_64.ll' (154,724)
2026-08-23 05:48:04: Copy Over 'C:/rock/bannister/Bannister/obj/Debug/net8.0-android/android/jni_remap.arm64-v8a.o' -> 'goodrive://www.googleapis.com/:personal:/bannister/bannister/obj/Debug/net8.0-android/android/jni_remap.arm64-v8a.o' (968)
2026-08-23 05:48:06: Copy Over 'C:/rock/bannister/Bannister/obj/Debug/net8.0-android/android/jni_remap.armeabi-v7a.o' -> 'goodrive://www.googleapis.com/:personal:/bannister/bannister/obj/Debug/net8.0-android/android/jni_remap.armeabi-v7a.o' (784)
2026-08-23 05:48:07: Copy Over 'C:/rock/bannister/Bannister/obj/Debug/net8.0-android/android/jni_remap.x86.o' -> 'goodrive://www.googleapis.com/:personal:/bannister/bannister/obj/Debug/net8.0-android/android/jni_remap.x86.o' (660)
2026-08-23 05:48:07: Copy Over 'C:/rock/bannister/Bannister/obj/Debug/net8.0-android/android/jni_remap.x86_64.o' -> 'goodrive://www.googleapis.com/:personal:/bannister/bannister/obj/Debug/net8.0-android/android/jni_remap.x86_64.o' (912)
2026-08-23 05:48:10: Copy Over 'C:/rock/bannister/Bannister/obj/Debug/net8.0-android/android/marshal_methods.arm64-v8a.o' -> 'goodrive://www.googleapis.com/:personal:/bannister/bannister/obj/Debug/net8.0-android/android/marshal_methods.arm64-v8a.o' (10,056)
2026-08-23 05:48:10: Copy Over 'C:/rock/bannister/Bannister/obj/Debug/net8.0-android/android/marshal_methods.armeabi-v7a.o' -> 'goodrive://www.googleapis.com/:personal:/bannister/bannister/obj/Debug/net8.0-android/android/marshal_methods.armeabi-v7a.o' (6,792)
2026-08-23 05:48:11: Copy Over 'C:/rock/bannister/Bannister/obj/Debug/net8.0-android/android/manifest/AndroidManifest.xml' -> 'goodrive://www.googleapis.com/:personal:/bannister/bannister/obj/Debug/net8.0-android/android/manifest/AndroidManifest.xml' (4,706)
2026-08-23 05:48:11: > Copy Over 'C:/rock/bannister/Bannister/obj/Debug/net8.0-android/android/typemaps.arm64-v8a.o' -> 'goodrive://www.googleapis.com/:personal:/bannister/bannister/obj/Debug/net8.0-android/android/typemaps.arm64-v8a.o' (3,181,888)
2026-08-23 05:48:13: Copy Over 'C:/rock/bannister/Bannister/obj/Debug/net8.0-android/android/marshal_methods.x86.o' -> 'goodrive://www.googleapis.com/:personal:/bannister/bannister/obj/Debug/net8.0-android/android/marshal_methods.x86.o' (6,760)
2026-08-23 05:48:13: > Copy Over 'C:/rock/bannister/Bannister/obj/Debug/net8.0-android/android/typemaps.armeabi-v7a.o' -> 'goodrive://www.googleapis.com/:personal:/bannister/bannister/obj/Debug/net8.0-android/android/typemaps.armeabi-v7a.o' (2,100,812)
2026-08-23 05:48:14: Copy Over 'C:/rock/bannister/Bannister/obj/Debug/net8.0-android/android/marshal_methods.x86_64.o' -> 'goodrive://www.googleapis.com/:personal:/bannister/bannister/obj/Debug/net8.0-android/android/marshal_methods.x86_64.o' (9,912)
2026-08-23 05:48:14: > Copy Over 'C:/rock/bannister/Bannister/obj/Debug/net8.0-android/android/typemaps.x86.o' -> 'goodrive://www.googleapis.com/:personal:/bannister/bannister/obj/Debug/net8.0-android/android/typemaps.x86.o' (2,100,688)
2026-08-23 05:48:15: < Copy Over 'C:/rock/bannister/Bannister/obj/Debug/net8.0-android/android/typemaps.arm64-v8a.o' -> 'goodrive://www.googleapis.com/:personal:/bannister/bannister/obj/Debug/net8.0-android/android/typemaps.arm64-v8a.o' (3,181,888)
2026-08-23 05:48:15: > Copy Over 'C:/rock/bannister/Bannister/obj/Debug/net8.0-android/android/typemaps.x86_64.o' -> 'goodrive://www.googleapis.com/:personal:/bannister/bannister/obj/Debug/net8.0-android/android/typemaps.x86_64.o' (3,370,672)
2026-08-23 05:48:17: < Copy Over 'C:/rock/bannister/Bannister/obj/Debug/net8.0-android/android/typemaps.armeabi-v7a.o' -> 'goodrive://www.googleapis.com/:personal:/bannister/bannister/obj/Debug/net8.0-android/android/typemaps.armeabi-v7a.o' (2,100,812)
2026-08-23 05:48:18: < Copy Over 'C:/rock/bannister/Bannister/obj/Debug/net8.0-android/android/typemaps.x86.o' -> 'goodrive://www.googleapis.com/:personal:/bannister/bannister/obj/Debug/net8.0-android/android/typemaps.x86.o' (2,100,688)
2026-08-23 05:48:18: > Copy Over 'C:/rock/bannister/Bannister/obj/Debug/net8.0-android/app_shared_libraries/arm64-v8a/libxamarin-app.so' -> 'goodrive://www.googleapis.com/:personal:/bannister/bannister/obj/Debug/net8.0-android/app_shared_libraries/arm64-v8a/libxamarin-app.so' (3,240,856)
2026-08-23 05:48:18: < Copy Over 'C:/rock/bannister/Bannister/obj/Debug/net8.0-android/android/typemaps.x86_64.o' -> 'goodrive://www.googleapis.com/:personal:/bannister/bannister/obj/Debug/net8.0-android/android/typemaps.x86_64.o' (3,370,672)
2026-08-23 05:48:21: Copy Over 'C:/rock/bannister/Bannister/obj/Debug/net8.0-android/assets/OpenSans-Regular.ttf' -> 'goodrive://www.googleapis.com/:personal:/bannister/bannister/obj/Debug/net8.0-android/assets/OpenSans-Regular.ttf' (107,276)
2026-08-23 05:48:21: < Copy Over 'C:/rock/bannister/Bannister/obj/Debug/net8.0-android/app_shared_libraries/arm64-v8a/libxamarin-app.so' -> 'goodrive://www.googleapis.com/:personal:/bannister/bannister/obj/Debug/net8.0-android/app_shared_libraries/arm64-v8a/libxamarin-app.so' (3,240,856)
2026-08-23 05:48:21: > Copy Over 'C:/rock/bannister/Bannister/obj/Debug/net8.0-android/app_shared_libraries/armeabi-v7a/libxamarin-app.so' -> 'goodrive://www.googleapis.com/:personal:/bannister/bannister/obj/Debug/net8.0-android/app_shared_libraries/armeabi-v7a/libxamarin-app.so' (2,141,372)
2026-08-23 05:48:22: Copy Over 'C:/rock/bannister/Bannister/obj/Debug/net8.0-android/assets/AboutAssets.txt' -> 'goodrive://www.googleapis.com/:personal:/bannister/bannister/obj/Debug/net8.0-android/assets/AboutAssets.txt' (642)
2026-08-23 05:48:22: > Copy Over 'C:/rock/bannister/Bannister/obj/Debug/net8.0-android/app_shared_libraries/x86/libxamarin-app.so' -> 'goodrive://www.googleapis.com/:personal:/bannister/bannister/obj/Debug/net8.0-android/app_shared_libraries/x86/libxamarin-app.so' (2,140,920)
2026-08-23 05:48:24: Copy Over 'C:/rock/bannister/Bannister/obj/Debug/net8.0-android/assets/OpenSans-Semibold.ttf' -> 'goodrive://www.googleapis.com/:personal:/bannister/bannister/obj/Debug/net8.0-android/assets/OpenSans-Semibold.ttf' (111,184)
2026-08-23 05:48:24: < Copy Over 'C:/rock/bannister/Bannister/obj/Debug/net8.0-android/app_shared_libraries/armeabi-v7a/libxamarin-app.so' -> 'goodrive://www.googleapis.com/:personal:/bannister/bannister/obj/Debug/net8.0-android/app_shared_libraries/armeabi-v7a/libxamarin-app.so' (2,141,372)
2026-08-23 05:48:24: > Copy Over 'C:/rock/bannister/Bannister/obj/Debug/net8.0-android/app_shared_libraries/x86_64/libxamarin-app.so' -> 'goodrive://www.googleapis.com/:personal:/bannister/bannister/obj/Debug/net8.0-android/app_shared_libraries/x86_64/libxamarin-app.so' (3,429,200)
2026-08-23 05:48:26: < Copy Over 'C:/rock/bannister/Bannister/obj/Debug/net8.0-android/app_shared_libraries/x86/libxamarin-app.so' -> 'goodrive://www.googleapis.com/:personal:/bannister/bannister/obj/Debug/net8.0-android/app_shared_libraries/x86/libxamarin-app.so' (2,140,920)
2026-08-23 05:48:28: Copy Over 'C:/rock/bannister/Bannister/obj/Debug/net8.0-android/Bannister.AssemblyInfo.cs' -> 'goodrive://www.googleapis.com/:personal:/bannister/bannister/obj/Debug/net8.0-android/Bannister.AssemblyInfo.cs' (1,160)
2026-08-23 05:48:28: < Copy Over 'C:/rock/bannister/Bannister/obj/Debug/net8.0-android/app_shared_libraries/x86_64/libxamarin-app.so' -> 'goodrive://www.googleapis.com/:personal:/bannister/bannister/obj/Debug/net8.0-android/app_shared_libraries/x86_64/libxamarin-app.so' (3,429,200)
2026-08-23 05:48:28: > Copy Over 'C:/rock/bannister/Bannister/obj/Debug/net8.0-android/Bannister.dll' -> 'goodrive://www.googleapis.com/:personal:/bannister/bannister/obj/Debug/net8.0-android/Bannister.dll' (6,896,128)
2026-08-23 05:48:29: Copy Over 'C:/rock/bannister/Bannister/obj/Debug/net8.0-android/Bannister.AssemblyInfoInputs.cache' -> 'goodrive://www.googleapis.com/:personal:/bannister/bannister/obj/Debug/net8.0-android/Bannister.AssemblyInfoInputs.cache' (66)
2026-08-23 05:48:29: > Copy Over 'C:/rock/bannister/Bannister/obj/Debug/net8.0-android/Bannister.pdb' -> 'goodrive://www.googleapis.com/:personal:/bannister/bannister/obj/Debug/net8.0-android/Bannister.pdb' (1,477,096)
2026-08-23 05:48:31: Copy Over 'C:/rock/bannister/Bannister/obj/Debug/net8.0-android/Bannister.csproj.CoreCompileInputs.cache' -> 'goodrive://www.googleapis.com/:personal:/bannister/bannister/obj/Debug/net8.0-android/Bannister.csproj.CoreCompileInputs.cache' (66)
2026-08-23 05:48:33: < Copy Over 'C:/rock/bannister/Bannister/obj/Debug/net8.0-android/Bannister.pdb' -> 'goodrive://www.googleapis.com/:personal:/bannister/bannister/obj/Debug/net8.0-android/Bannister.pdb' (1,477,096)
2026-08-23 05:48:33: < Copy Over 'C:/rock/bannister/Bannister/obj/Debug/net8.0-android/Bannister.dll' -> 'goodrive://www.googleapis.com/:personal:/bannister/bannister/obj/Debug/net8.0-android/Bannister.dll' (6,896,128)
2026-08-23 05:48:34: Copy Over 'C:/rock/bannister/Bannister/obj/Debug/net8.0-android/Bannister.sourcelink.json' -> 'goodrive://www.googleapis.com/:personal:/bannister/bannister/obj/Debug/net8.0-android/Bannister.sourcelink.json' (141)
2026-08-23 05:48:36: Copy Over 'C:/rock/bannister/Bannister/obj/Debug/net8.0-android/buildid.txt' -> 'goodrive://www.googleapis.com/:personal:/bannister/bannister/obj/Debug/net8.0-android/buildid.txt' (38)
2026-08-23 05:48:37: Copy Over 'C:/rock/bannister/Bannister/obj/Debug/net8.0-android/flat/values_colors.arsc.flat' -> 'goodrive://www.googleapis.com/:personal:/bannister/bannister/obj/Debug/net8.0-android/flat/values_colors.arsc.flat' (348)
2026-08-23 05:48:38: Copy Over 'C:/rock/bannister/Bannister/obj/Debug/net8.0-android/lp/100/jl/flat/100.flata' -> 'goodrive://www.googleapis.com/:personal:/bannister/bannister/obj/Debug/net8.0-android/lp/100/jl/flat/100.flata' (256)
2026-08-23 05:48:39: Copy Over 'C:/rock/bannister/Bannister/obj/Debug/net8.0-android/lp/101/jl/flat/101.flata' -> 'goodrive://www.googleapis.com/:personal:/bannister/bannister/obj/Debug/net8.0-android/lp/101/jl/flat/101.flata' (352)
2026-08-23 05:48:40: Copy Over 'C:/rock/bannister/Bannister/obj/Debug/net8.0-android/lp/103/jl/flat/103.flata' -> 'goodrive://www.googleapis.com/:personal:/bannister/bannister/obj/Debug/net8.0-android/lp/103/jl/flat/103.flata' (256)
2026-08-23 05:48:41: Copy Over 'C:/rock/bannister/Bannister/obj/Debug/net8.0-android/lp/104/jl/flat/104.flata' -> 'goodrive://www.googleapis.com/:personal:/bannister/bannister/obj/Debug/net8.0-android/lp/104/jl/flat/104.flata' (178,876)
2026-08-23 05:48:43: Copy Over 'C:/rock/bannister/Bannister/obj/Debug/net8.0-android/lp/107/jl/flat/107.flata' -> 'goodrive://www.googleapis.com/:personal:/bannister/bannister/obj/Debug/net8.0-android/lp/107/jl/flat/107.flata' (364)
2026-08-23 05:48:43: Copy Over 'C:/rock/bannister/Bannister/obj/Debug/net8.0-android/lp/108/jl/flat/108.flata' -> 'goodrive://www.googleapis.com/:personal:/bannister/bannister/obj/Debug/net8.0-android/lp/108/jl/flat/108.flata' (256)
2026-08-23 05:48:45: Copy Over 'C:/rock/bannister/Bannister/obj/Debug/net8.0-android/lp/109/jl/flat/109.flata' -> 'goodrive://www.googleapis.com/:personal:/bannister/bannister/obj/Debug/net8.0-android/lp/109/jl/flat/109.flata' (416)
2026-08-23 05:48:46: Copy Over 'C:/rock/bannister/Bannister/obj/Debug/net8.0-android/lp/110/jl/flat/110.flata' -> 'goodrive://www.googleapis.com/:personal:/bannister/bannister/obj/Debug/net8.0-android/lp/110/jl/flat/110.flata' (1,984)
2026-08-23 05:48:47: Copy Over 'C:/rock/bannister/Bannister/obj/Debug/net8.0-android/lp/111/jl/flat/111.flata' -> 'goodrive://www.googleapis.com/:personal:/bannister/bannister/obj/Debug/net8.0-android/lp/111/jl/flat/111.flata' (360)
2026-08-23 05:48:48: Copy Over 'C:/rock/bannister/Bannister/obj/Debug/net8.0-android/lp/112/jl/flat/112.flata' -> 'goodrive://www.googleapis.com/:personal:/bannister/bannister/obj/Debug/net8.0-android/lp/112/jl/flat/112.flata' (256)
2026-08-23 05:48:49: Copy Over 'C:/rock/bannister/Bannister/obj/Debug/net8.0-android/lp/114/jl/flat/114.flata' -> 'goodrive://www.googleapis.com/:personal:/bannister/bannister/obj/Debug/net8.0-android/lp/114/jl/flat/114.flata' (256)
2026-08-23 05:48:50: Copy Over 'C:/rock/bannister/Bannister/obj/Debug/net8.0-android/lp/115/jl/flat/115.flata' -> 'goodrive://www.googleapis.com/:personal:/bannister/bannister/obj/Debug/net8.0-android/lp/115/jl/flat/115.flata' (408)
2026-08-23 05:48:51: Copy Over 'C:/rock/bannister/Bannister/obj/Debug/net8.0-android/lp/116/jl/flat/116.flata' -> 'goodrive://www.googleapis.com/:personal:/bannister/bannister/obj/Debug/net8.0-android/lp/116/jl/flat/116.flata' (11,094)
2026-08-23 05:48:52: Copy Over 'C:/rock/bannister/Bannister/obj/Debug/net8.0-android/lp/117/jl/flat/117.flata' -> 'goodrive://www.googleapis.com/:personal:/bannister/bannister/obj/Debug/net8.0-android/lp/117/jl/flat/117.flata' (376)
2026-08-23 05:48:53: Copy Over 'C:/rock/bannister/Bannister/obj/Debug/net8.0-android/lp/120/jl/flat/120.flata' -> 'goodrive://www.googleapis.com/:personal:/bannister/bannister/obj/Debug/net8.0-android/lp/120/jl/flat/120.flata' (780)
2026-08-23 05:48:55: Copy Over 'C:/rock/bannister/Bannister/obj/Debug/net8.0-android/lp/122/jl/flat/122.flata' -> 'goodrive://www.googleapis.com/:personal:/bannister/bannister/obj/Debug/net8.0-android/lp/122/jl/flat/122.flata' (256)
2026-08-23 05:48:56: Copy Over 'C:/rock/bannister/Bannister/obj/Debug/net8.0-android/lp/123/jl/flat/123.flata' -> 'goodrive://www.googleapis.com/:personal:/bannister/bannister/obj/Debug/net8.0-android/lp/123/jl/flat/123.flata' (256)
2026-08-23 05:48:57: Copy Over 'C:/rock/bannister/Bannister/obj/Debug/net8.0-android/lp/126/jl/flat/126.flata' -> 'goodrive://www.googleapis.com/:personal:/bannister/bannister/obj/Debug/net8.0-android/lp/126/jl/flat/126.flata' (256)
2026-08-23 05:48:58: Copy Over 'C:/rock/bannister/Bannister/obj/Debug/net8.0-android/lp/127/jl/flat/127.flata' -> 'goodrive://www.googleapis.com/:personal:/bannister/bannister/obj/Debug/net8.0-android/lp/127/jl/flat/127.flata' (256)
2026-08-23 05:48:59: Copy Over 'C:/rock/bannister/Bannister/obj/Debug/net8.0-android/lp/129/jl/flat/129.flata' -> 'goodrive://www.googleapis.com/:personal:/bannister/bannister/obj/Debug/net8.0-android/lp/129/jl/flat/129.flata' (564)
2026-08-23 05:49:00: Copy Over 'C:/rock/bannister/Bannister/obj/Debug/net8.0-android/lp/131/jl/flat/131.flata' -> 'goodrive://www.googleapis.com/:personal:/bannister/bannister/obj/Debug/net8.0-android/lp/131/jl/flat/131.flata' (6,976)
2026-08-23 05:49:02: Copy Over 'C:/rock/bannister/Bannister/obj/Debug/net8.0-android/lp/132/jl/flat/132.flata' -> 'goodrive://www.googleapis.com/:personal:/bannister/bannister/obj/Debug/net8.0-android/lp/132/jl/flat/132.flata' (2,082)
2026-08-23 05:49:03: Copy Over 'C:/rock/bannister/Bannister/obj/Debug/net8.0-android/lp/133/jl/flat/133.flata' -> 'goodrive://www.googleapis.com/:personal:/bannister/bannister/obj/Debug/net8.0-android/lp/133/jl/flat/133.flata' (765,520)
2026-08-23 05:49:03: > Copy Over 'C:/rock/bannister/Bannister/obj/Debug/net8.0-android/lp/136/jl/flat/136.flata' -> 'goodrive://www.googleapis.com/:personal:/bannister/bannister/obj/Debug/net8.0-android/lp/136/jl/flat/136.flata' (1,757,158)
2026-08-23 05:49:03: Copy Over 'C:/rock/bannister/Bannister/obj/Debug/net8.0-android/lp/134/jl/flat/134.flata' -> 'goodrive://www.googleapis.com/:personal:/bannister/bannister/obj/Debug/net8.0-android/lp/134/jl/flat/134.flata' (74,480)
2026-08-23 05:49:06: Copy Over 'C:/rock/bannister/Bannister/obj/Debug/net8.0-android/lp/135/jl/flat/135.flata' -> 'goodrive://www.googleapis.com/:personal:/bannister/bannister/obj/Debug/net8.0-android/lp/135/jl/flat/135.flata' (4,742)
2026-08-23 05:49:06: Copy Over 'C:/rock/bannister/Bannister/obj/Debug/net8.0-android/lp/137/jl/flat/137.flata' -> 'goodrive://www.googleapis.com/:personal:/bannister/bannister/obj/Debug/net8.0-android/lp/137/jl/flat/137.flata' (256)
2026-08-23 05:49:06: < Copy Over 'C:/rock/bannister/Bannister/obj/Debug/net8.0-android/lp/136/jl/flat/136.flata' -> 'goodrive://www.googleapis.com/:personal:/bannister/bannister/obj/Debug/net8.0-android/lp/136/jl/flat/136.flata' (1,757,158)
2026-08-23 05:49:09: Copy Over 'C:/rock/bannister/Bannister/obj/Debug/net8.0-android/lp/138/jl/flat/138.flata' -> 'goodrive://www.googleapis.com/:personal:/bannister/bannister/obj/Debug/net8.0-android/lp/138/jl/flat/138.flata' (4,032)
2026-08-23 05:49:09: Copy Over 'C:/rock/bannister/Bannister/obj/Debug/net8.0-android/lp/139/jl/flat/139.flata' -> 'goodrive://www.googleapis.com/:personal:/bannister/bannister/obj/Debug/net8.0-android/lp/139/jl/flat/139.flata' (656)
2026-08-23 05:49:10: Copy Over 'C:/rock/bannister/Bannister/obj/Debug/net8.0-android/lp/140/jl/flat/140.flata' -> 'goodrive://www.googleapis.com/:personal:/bannister/bannister/obj/Debug/net8.0-android/lp/140/jl/flat/140.flata' (256)
2026-08-23 05:49:12: Copy Over 'C:/rock/bannister/Bannister/obj/Debug/net8.0-android/lp/141/jl/flat/141.flata' -> 'goodrive://www.googleapis.com/:personal:/bannister/bannister/obj/Debug/net8.0-android/lp/141/jl/flat/141.flata' (256)
2026-08-23 05:49:13: Copy Over 'C:/rock/bannister/Bannister/obj/Debug/net8.0-android/lp/142/jl/flat/142.flata' -> 'goodrive://www.googleapis.com/:personal:/bannister/bannister/obj/Debug/net8.0-android/lp/142/jl/flat/142.flata' (256)
2026-08-23 05:49:13: Copy Over 'C:/rock/bannister/Bannister/obj/Debug/net8.0-android/lp/143/jl/flat/143.flata' -> 'goodrive://www.googleapis.com/:personal:/bannister/bannister/obj/Debug/net8.0-android/lp/143/jl/flat/143.flata' (256)
2026-08-23 05:49:15: Copy Over 'C:/rock/bannister/Bannister/obj/Debug/net8.0-android/lp/144/jl/flat/144.flata' -> 'goodrive://www.googleapis.com/:personal:/bannister/bannister/obj/Debug/net8.0-android/lp/144/jl/flat/144.flata' (256)
2026-08-23 05:49:16: Copy Over 'C:/rock/bannister/Bannister/obj/Debug/net8.0-android/lp/145/jl/flat/145.flata' -> 'goodrive://www.googleapis.com/:personal:/bannister/bannister/obj/Debug/net8.0-android/lp/145/jl/flat/145.flata' (2,212)
2026-08-23 05:49:17: Copy Over 'C:/rock/bannister/Bannister/obj/Debug/net8.0-android/lp/146/jl/flat/146.flata' -> 'goodrive://www.googleapis.com/:personal:/bannister/bannister/obj/Debug/net8.0-android/lp/146/jl/flat/146.flata' (256)
2026-08-23 05:49:18: Copy Over 'C:/rock/bannister/Bannister/obj/Debug/net8.0-android/lp/147/jl/flat/147.flata' -> 'goodrive://www.googleapis.com/:personal:/bannister/bannister/obj/Debug/net8.0-android/lp/147/jl/flat/147.flata' (1,036)
2026-08-23 05:49:20: Copy Over 'C:/rock/bannister/Bannister/obj/Debug/net8.0-android/lp/148/jl/flat/148.flata' -> 'goodrive://www.googleapis.com/:personal:/bannister/bannister/obj/Debug/net8.0-android/lp/148/jl/flat/148.flata' (47,854)
2026-08-23 05:49:21: Copy Over 'C:/rock/bannister/Bannister/obj/Debug/net8.0-android/lp/149/jl/flat/149.flata' -> 'goodrive://www.googleapis.com/:personal:/bannister/bannister/obj/Debug/net8.0-android/lp/149/jl/flat/149.flata' (256)
2026-08-23 05:49:21: Copy Over 'C:/rock/bannister/Bannister/obj/Debug/net8.0-android/lp/150/jl/flat/150.flata' -> 'goodrive://www.googleapis.com/:personal:/bannister/bannister/obj/Debug/net8.0-android/lp/150/jl/flat/150.flata' (256)
2026-08-23 05:49:24: Copy Over 'C:/rock/bannister/Bannister/obj/Debug/net8.0-android/lp/151/jl/flat/151.flata' -> 'goodrive://www.googleapis.com/:personal:/bannister/bannister/obj/Debug/net8.0-android/lp/151/jl/flat/151.flata' (864)
2026-08-23 05:49:25: Copy Over 'C:/rock/bannister/Bannister/obj/Debug/net8.0-android/lp/152/jl/flat/152.flata' -> 'goodrive://www.googleapis.com/:personal:/bannister/bannister/obj/Debug/net8.0-android/lp/152/jl/flat/152.flata' (256)
2026-08-23 05:49:25: Copy Over 'C:/rock/bannister/Bannister/obj/Debug/net8.0-android/lp/154/jl/flat/154.flata' -> 'goodrive://www.googleapis.com/:personal:/bannister/bannister/obj/Debug/net8.0-android/lp/154/jl/flat/154.flata' (64,320)
2026-08-23 05:49:27: Copy Over 'C:/rock/bannister/Bannister/obj/Debug/net8.0-android/lp/156/jl/flat/156.flata' -> 'goodrive://www.googleapis.com/:personal:/bannister/bannister/obj/Debug/net8.0-android/lp/156/jl/flat/156.flata' (356)
2026-08-23 05:49:28: Copy Over 'C:/rock/bannister/Bannister/obj/Debug/net8.0-android/lp/159/jl/flat/layout_tabbar.xml.flat' -> 'goodrive://www.googleapis.com/:personal:/bannister/bannister/obj/Debug/net8.0-android/lp/159/jl/flat/layout_tabbar.xml.flat' (928)
2026-08-23 05:49:28: Copy Over 'C:/rock/bannister/Bannister/obj/Debug/net8.0-android/lp/160/jl/flat/anim_enterfromleft.xml.flat' -> 'goodrive://www.googleapis.com/:personal:/bannister/bannister/obj/Debug/net8.0-android/lp/160/jl/flat/anim_enterfromleft.xml.flat' (704)
2026-08-23 05:49:30: Copy Over 'C:/rock/bannister/Bannister/obj/Debug/net8.0-android/lp/160/jl/flat/anim_enterfromright.xml.flat' -> 'goodrive://www.googleapis.com/:personal:/bannister/bannister/obj/Debug/net8.0-android/lp/160/jl/flat/anim_enterfromright.xml.flat' (508)
2026-08-23 05:49:31: Copy Over 'C:/rock/bannister/Bannister/obj/Debug/net8.0-android/lp/160/jl/flat/anim_exittoleft.xml.flat' -> 'goodrive://www.googleapis.com/:personal:/bannister/bannister/obj/Debug/net8.0-android/lp/160/jl/flat/anim_exittoleft.xml.flat' (700)
2026-08-23 05:49:32: Copy Over 'C:/rock/bannister/Bannister/obj/Debug/net8.0-android/lp/160/jl/flat/anim_exittoright.xml.flat' -> 'goodrive://www.googleapis.com/:personal:/bannister/bannister/obj/Debug/net8.0-android/lp/160/jl/flat/anim_exittoright.xml.flat' (500)
2026-08-23 05:49:33: Copy Over 'C:/rock/bannister/Bannister/obj/Debug/net8.0-android/lp/160/jl/flat/layout_flyoutcontent.xml.flat' -> 'goodrive://www.googleapis.com/:personal:/bannister/bannister/obj/Debug/net8.0-android/lp/160/jl/flat/layout_flyoutcontent.xml.flat' (1,100)
2026-08-23 05:49:35: Copy Over 'C:/rock/bannister/Bannister/obj/Debug/net8.0-android/lp/160/jl/flat/layout_shellcontent.xml.flat' -> 'goodrive://www.googleapis.com/:personal:/bannister/bannister/obj/Debug/net8.0-android/lp/160/jl/flat/layout_shellcontent.xml.flat' (892)
2026-08-23 05:49:35: Copy Over 'C:/rock/bannister/Bannister/obj/Debug/net8.0-android/lp/160/jl/flat/values_strings.arsc.flat' -> 'goodrive://www.googleapis.com/:personal:/bannister/bannister/obj/Debug/net8.0-android/lp/160/jl/flat/values_strings.arsc.flat' (276)
2026-08-23 05:49:37: Copy Over 'C:/rock/bannister/Bannister/obj/Debug/net8.0-android/lp/159/jl/flat/layout_toolbar.xml.flat' -> 'goodrive://www.googleapis.com/:personal:/bannister/bannister/obj/Debug/net8.0-android/lp/159/jl/flat/layout_toolbar.xml.flat' (768)
2026-08-23 05:49:39: Copy Over 'C:/rock/bannister/Bannister/obj/Debug/net8.0-android/lp/159/jl/flat/values_styles.arsc.flat' -> 'goodrive://www.googleapis.com/:personal:/bannister/bannister/obj/Debug/net8.0-android/lp/159/jl/flat/values_styles.arsc.flat' (1,236)
2026-08-23 05:49:39: Copy Over 'C:/rock/bannister/Bannister/obj/Debug/net8.0-android/lp/159/jl/flat/values_attrs.arsc.flat' -> 'goodrive://www.googleapis.com/:personal:/bannister/bannister/obj/Debug/net8.0-android/lp/159/jl/flat/values_attrs.arsc.flat' (856)
2026-08-23 05:49:40: Copy Over 'C:/rock/bannister/Bannister/obj/Debug/net8.0-android/lp/161/jl/flat/values_values.arsc.flat' -> 'goodrive://www.googleapis.com/:personal:/bannister/bannister/obj/Debug/net8.0-android/lp/161/jl/flat/values_values.arsc.flat' (268)
2026-08-23 05:49:42: Copy Over 'C:/rock/bannister/Bannister/obj/Debug/net8.0-android/lp/162/jl/flat/anim_nav_default_enter_anim.xml.flat' -> 'goodrive://www.googleapis.com/:personal:/bannister/bannister/obj/Debug/net8.0-android/lp/162/jl/flat/anim_nav_default_enter_anim.xml.flat' (728)
2026-08-23 05:49:42: Copy Over 'C:/rock/bannister/Bannister/obj/Debug/net8.0-android/lp/162/jl/flat/anim_nav_default_exit_anim.xml.flat' -> 'goodrive://www.googleapis.com/:personal:/bannister/bannister/obj/Debug/net8.0-android/lp/162/jl/flat/anim_nav_default_exit_anim.xml.flat' (724)
2026-08-23 05:49:43: Copy Over 'C:/rock/bannister/Bannister/obj/Debug/net8.0-android/lp/162/jl/flat/anim_nav_default_pop_enter_anim.xml.flat' -> 'goodrive://www.googleapis.com/:personal:/bannister/bannister/obj/Debug/net8.0-android/lp/162/jl/flat/anim_nav_default_pop_enter_anim.xml.flat' (736)
2026-08-23 05:49:45: Copy Over 'C:/rock/bannister/Bannister/obj/Debug/net8.0-android/lp/162/jl/flat/drawable_maui_splash.xml.flat' -> 'goodrive://www.googleapis.com/:personal:/bannister/bannister/obj/Debug/net8.0-android/lp/162/jl/flat/drawable_maui_splash.xml.flat' (564)
2026-08-23 05:49:45: Copy Over 'C:/rock/bannister/Bannister/obj/Debug/net8.0-android/lp/162/jl/flat/anim_nav_default_pop_exit_anim.xml.flat' -> 'goodrive://www.googleapis.com/:personal:/bannister/bannister/obj/Debug/net8.0-android/lp/162/jl/flat/anim_nav_default_pop_exit_anim.xml.flat' (732)
2026-08-23 05:49:46: Copy Over 'C:/rock/bannister/Bannister/obj/Debug/net8.0-android/lp/162/jl/flat/drawable_maui_splash_image.xml.flat' -> 'goodrive://www.googleapis.com/:personal:/bannister/bannister/obj/Debug/net8.0-android/lp/162/jl/flat/drawable_maui_splash_image.xml.flat' (188)
2026-08-23 05:49:48: Copy Over 'C:/rock/bannister/Bannister/obj/Debug/net8.0-android/lp/162/jl/flat/layout_drawer_layout.xml.flat' -> 'goodrive://www.googleapis.com/:personal:/bannister/bannister/obj/Debug/net8.0-android/lp/162/jl/flat/layout_drawer_layout.xml.flat' (468)
2026-08-23 05:49:48: Copy Over 'C:/rock/bannister/Bannister/obj/Debug/net8.0-android/lp/162/jl/flat/layout_fragment_backstack.xml.flat' -> 'goodrive://www.googleapis.com/:personal:/bannister/bannister/obj/Debug/net8.0-android/lp/162/jl/flat/layout_fragment_backstack.xml.flat' (824)
2026-08-23 05:49:50: Copy Over 'C:/rock/bannister/Bannister/obj/Debug/net8.0-android/lp/162/jl/flat/layout_navigationlayout.xml.flat' -> 'goodrive://www.googleapis.com/:personal:/bannister/bannister/obj/Debug/net8.0-android/lp/162/jl/flat/layout_navigationlayout.xml.flat' (2,232)
2026-08-23 05:49:51: Copy Over 'C:/rock/bannister/Bannister/obj/Debug/net8.0-android/lp/162/jl/flat/values_colors.arsc.flat' -> 'goodrive://www.googleapis.com/:personal:/bannister/bannister/obj/Debug/net8.0-android/lp/162/jl/flat/values_colors.arsc.flat' (484)
2026-08-23 05:49:51: Copy Over 'C:/rock/bannister/Bannister/obj/Debug/net8.0-android/lp/162/jl/flat/values_attr.arsc.flat' -> 'goodrive://www.googleapis.com/:personal:/bannister/bannister/obj/Debug/net8.0-android/lp/162/jl/flat/values_attr.arsc.flat' (1,040)
2026-08-23 05:49:54: Copy Over 'C:/rock/bannister/Bannister/obj/Debug/net8.0-android/lp/162/jl/flat/values_styles.arsc.flat' -> 'goodrive://www.googleapis.com/:personal:/bannister/bannister/obj/Debug/net8.0-android/lp/162/jl/flat/values_styles.arsc.flat' (4,332)
2026-08-23 05:49:55: Copy Over 'C:/rock/bannister/Bannister/obj/Debug/net8.0-android/lp/97/jl/flat/97.flata' -> 'goodrive://www.googleapis.com/:personal:/bannister/bannister/obj/Debug/net8.0-android/lp/97/jl/flat/97.flata' (256)
2026-08-23 05:49:55: Copy Over 'C:/rock/bannister/Bannister/obj/Debug/net8.0-android/lp/163/jl/flat/xml_microsoft_maui_essentials_fileprovider_file_paths.xml.flat' -> 'goodrive://www.googleapis.com/:personal:/bannister/bannister/obj/Debug/net8.0-android/lp/163/jl/flat/xml_microsoft_maui_essentials_fileprovider_file_paths.xml.flat' (424)
2026-08-23 05:49:57: Copy Over 'C:/rock/bannister/Bannister/obj/Debug/net8.0-android/lp/98/jl/flat/98.flata' -> 'goodrive://www.googleapis.com/:personal:/bannister/bannister/obj/Debug/net8.0-android/lp/98/jl/flat/98.flata' (364)
2026-08-23 05:49:58: Copy Over 'C:/rock/bannister/Bannister/obj/Debug/net8.0-android/lp/99/jl/flat/99.flata' -> 'goodrive://www.googleapis.com/:personal:/bannister/bannister/obj/Debug/net8.0-android/lp/99/jl/flat/99.flata' (256)
2026-08-23 05:49:58: Copy Over 'C:/rock/bannister/Bannister/obj/Debug/net8.0-android/R.cs.flag' -> 'goodrive://www.googleapis.com/:personal:/bannister/bannister/obj/Debug/net8.0-android/R.cs.flag' (0)
2026-08-23 05:50:00: Copy Over 'C:/rock/bannister/Bannister/obj/Debug/net8.0-android/stamp/_CompileJava.stamp' -> 'goodrive://www.googleapis.com/:personal:/bannister/bannister/obj/Debug/net8.0-android/stamp/_CompileJava.stamp' (0)
2026-08-23 05:50:01: Copy Over 'C:/rock/bannister/Bannister/obj/Debug/net8.0-android/resizetizer/flat/drawable-hdpi_splash.png.flat' -> 'goodrive://www.googleapis.com/:personal:/bannister/bannister/obj/Debug/net8.0-android/resizetizer/flat/drawable-hdpi_splash.png.flat' (1,588)
2026-08-23 05:50:02: Copy Over 'C:/rock/bannister/Bannister/obj/Debug/net8.0-android/resizetizer/flat/drawable-mdpi_splash.png.flat' -> 'goodrive://www.googleapis.com/:personal:/bannister/bannister/obj/Debug/net8.0-android/resizetizer/flat/drawable-mdpi_splash.png.flat' (1,004)
2026-08-23 05:50:03: Copy Over 'C:/rock/bannister/Bannister/obj/Debug/net8.0-android/resizetizer/flat/drawable-v31_maui_splash_image.xml.flat' -> 'goodrive://www.googleapis.com/:personal:/bannister/bannister/obj/Debug/net8.0-android/resizetizer/flat/drawable-v31_maui_splash_image.xml.flat' (672)
2026-08-23 05:50:04: Copy Over 'C:/rock/bannister/Bannister/obj/Debug/net8.0-android/resizetizer/flat/drawable-xhdpi_splash.png.flat' -> 'goodrive://www.googleapis.com/:personal:/bannister/bannister/obj/Debug/net8.0-android/resizetizer/flat/drawable-xhdpi_splash.png.flat' (1,564)
2026-08-23 05:50:04: > Copy Over 'C:/rock/bannister/Bannister/obj/Debug/net8.0-android/resizetizer/flat/drawable_diet_dragon_default.png.flat' -> 'goodrive://www.googleapis.com/:personal:/bannister/bannister/obj/Debug/net8.0-android/resizetizer/flat/drawable_diet_dragon_default.png.flat' (2,489,492)
2026-08-23 05:50:06: Copy Over 'C:/rock/bannister/Bannister/obj/Debug/net8.0-android/resizetizer/flat/drawable-xxhdpi_splash.png.flat' -> 'goodrive://www.googleapis.com/:personal:/bannister/bannister/obj/Debug/net8.0-android/resizetizer/flat/drawable-xxhdpi_splash.png.flat' (2,552)
2026-08-23 05:50:06: > Copy Over 'C:/rock/bannister/Bannister/obj/Debug/net8.0-android/resizetizer/flat/drawable_dragon_1.png.flat' -> 'goodrive://www.googleapis.com/:personal:/bannister/bannister/obj/Debug/net8.0-android/resizetizer/flat/drawable_dragon_1.png.flat' (1,880,148)
2026-08-23 05:50:06: Copy Over 'C:/rock/bannister/Bannister/obj/Debug/net8.0-android/resizetizer/flat/drawable-xxxhdpi_splash.png.flat' -> 'goodrive://www.googleapis.com/:personal:/bannister/bannister/obj/Debug/net8.0-android/resizetizer/flat/drawable-xxxhdpi_splash.png.flat' (2,688)
2026-08-23 05:50:08: < Copy Over 'C:/rock/bannister/Bannister/obj/Debug/net8.0-android/resizetizer/flat/drawable_diet_dragon_default.png.flat' -> 'goodrive://www.googleapis.com/:personal:/bannister/bannister/obj/Debug/net8.0-android/resizetizer/flat/drawable_diet_dragon_default.png.flat' (2,489,492)
2026-08-23 05:50:09: < Copy Over 'C:/rock/bannister/Bannister/obj/Debug/net8.0-android/resizetizer/flat/drawable_dragon_1.png.flat' -> 'goodrive://www.googleapis.com/:personal:/bannister/bannister/obj/Debug/net8.0-android/resizetizer/flat/drawable_dragon_1.png.flat' (1,880,148)
2026-08-23 05:50:09: > Copy Over 'C:/rock/bannister/Bannister/obj/Debug/net8.0-android/resizetizer/flat/drawable_dragon_12.png.flat' -> 'goodrive://www.googleapis.com/:personal:/bannister/bannister/obj/Debug/net8.0-android/resizetizer/flat/drawable_dragon_12.png.flat' (2,530,216)
2026-08-23 05:50:09: Copy Over 'C:/rock/bannister/Bannister/obj/Debug/net8.0-android/resizetizer/flat/drawable_dragon_10.jpg.flat' -> 'goodrive://www.googleapis.com/:personal:/bannister/bannister/obj/Debug/net8.0-android/resizetizer/flat/drawable_dragon_10.jpg.flat' (237,424)
2026-08-23 05:50:12: Copy Over 'C:/rock/bannister/Bannister/obj/Debug/net8.0-android/resizetizer/flat/drawable_dragon_11.jpg.flat' -> 'goodrive://www.googleapis.com/:personal:/bannister/bannister/obj/Debug/net8.0-android/resizetizer/flat/drawable_dragon_11.jpg.flat' (198,312)
2026-08-23 05:50:13: < Copy Over 'C:/rock/bannister/Bannister/obj/Debug/net8.0-android/resizetizer/flat/drawable_dragon_12.png.flat' -> 'goodrive://www.googleapis.com/:personal:/bannister/bannister/obj/Debug/net8.0-android/resizetizer/flat/drawable_dragon_12.png.flat' (2,530,216)
2026-08-23 05:50:13: Copy Over 'C:/rock/bannister/Bannister/obj/Debug/net8.0-android/resizetizer/flat/drawable_dragon_13.jpg.flat' -> 'goodrive://www.googleapis.com/:personal:/bannister/bannister/obj/Debug/net8.0-android/resizetizer/flat/drawable_dragon_13.jpg.flat' (198,064)
2026-08-23 05:50:13: > Copy Over 'C:/rock/bannister/Bannister/obj/Debug/net8.0-android/resizetizer/flat/drawable_dragon_16.png.flat' -> 'goodrive://www.googleapis.com/:personal:/bannister/bannister/obj/Debug/net8.0-android/resizetizer/flat/drawable_dragon_16.png.flat' (2,775,820)
2026-08-23 05:50:15: Copy Over 'C:/rock/bannister/Bannister/obj/Debug/net8.0-android/resizetizer/flat/drawable_dragon_14.jpg.flat' -> 'goodrive://www.googleapis.com/:personal:/bannister/bannister/obj/Debug/net8.0-android/resizetizer/flat/drawable_dragon_14.jpg.flat' (246,648)
2026-08-23 05:50:15: > Copy Over 'C:/rock/bannister/Bannister/obj/Debug/net8.0-android/resizetizer/flat/drawable_dragon_2.png.flat' -> 'goodrive://www.googleapis.com/:personal:/bannister/bannister/obj/Debug/net8.0-android/resizetizer/flat/drawable_dragon_2.png.flat' (2,136,580)
2026-08-23 05:50:16: Copy Over 'C:/rock/bannister/Bannister/obj/Debug/net8.0-android/resizetizer/flat/drawable_dragon_15.jpg.flat' -> 'goodrive://www.googleapis.com/:personal:/bannister/bannister/obj/Debug/net8.0-android/resizetizer/flat/drawable_dragon_15.jpg.flat' (183,056)
2026-08-23 05:50:17: > Copy Over 'C:/rock/bannister/Bannister/obj/Debug/net8.0-android/resizetizer/flat/drawable_dragon_3.png.flat' -> 'goodrive://www.googleapis.com/:personal:/bannister/bannister/obj/Debug/net8.0-android/resizetizer/flat/drawable_dragon_3.png.flat' (2,059,096)
2026-08-23 05:50:17: < Copy Over 'C:/rock/bannister/Bannister/obj/Debug/net8.0-android/resizetizer/flat/drawable_dragon_16.png.flat' -> 'goodrive://www.googleapis.com/:personal:/bannister/bannister/obj/Debug/net8.0-android/resizetizer/flat/drawable_dragon_16.png.flat' (2,775,820)
2026-08-23 05:50:17: > Copy Over 'C:/rock/bannister/Bannister/obj/Debug/net8.0-android/resizetizer/flat/drawable_dragon_4.png.flat' -> 'goodrive://www.googleapis.com/:personal:/bannister/bannister/obj/Debug/net8.0-android/resizetizer/flat/drawable_dragon_4.png.flat' (1,772,872)
2026-08-23 05:50:18: < Copy Over 'C:/rock/bannister/Bannister/obj/Debug/net8.0-android/resizetizer/flat/drawable_dragon_2.png.flat' -> 'goodrive://www.googleapis.com/:personal:/bannister/bannister/obj/Debug/net8.0-android/resizetizer/flat/drawable_dragon_2.png.flat' (2,136,580)
2026-08-23 05:50:18: > Copy Over 'C:/rock/bannister/Bannister/obj/Debug/net8.0-android/resizetizer/flat/drawable_dragon_5.png.flat' -> 'goodrive://www.googleapis.com/:personal:/bannister/bannister/obj/Debug/net8.0-android/resizetizer/flat/drawable_dragon_5.png.flat' (1,837,532)
2026-08-23 05:50:21: < Copy Over 'C:/rock/bannister/Bannister/obj/Debug/net8.0-android/resizetizer/flat/drawable_dragon_3.png.flat' -> 'goodrive://www.googleapis.com/:personal:/bannister/bannister/obj/Debug/net8.0-android/resizetizer/flat/drawable_dragon_3.png.flat' (2,059,096)
2026-08-23 05:50:21: > Copy Over 'C:/rock/bannister/Bannister/obj/Debug/net8.0-android/resizetizer/flat/drawable_dragon_6.png.flat' -> 'goodrive://www.googleapis.com/:personal:/bannister/bannister/obj/Debug/net8.0-android/resizetizer/flat/drawable_dragon_6.png.flat' (1,817,360)
2026-08-23 05:50:21: < Copy Over 'C:/rock/bannister/Bannister/obj/Debug/net8.0-android/resizetizer/flat/drawable_dragon_4.png.flat' -> 'goodrive://www.googleapis.com/:personal:/bannister/bannister/obj/Debug/net8.0-android/resizetizer/flat/drawable_dragon_4.png.flat' (1,772,872)
2026-08-23 05:50:21: > Copy Over 'C:/rock/bannister/Bannister/obj/Debug/net8.0-android/resizetizer/flat/drawable_dragon_7.png.flat' -> 'goodrive://www.googleapis.com/:personal:/bannister/bannister/obj/Debug/net8.0-android/resizetizer/flat/drawable_dragon_7.png.flat' (1,579,760)
2026-08-23 05:50:22: < Copy Over 'C:/rock/bannister/Bannister/obj/Debug/net8.0-android/resizetizer/flat/drawable_dragon_5.png.flat' -> 'goodrive://www.googleapis.com/:personal:/bannister/bannister/obj/Debug/net8.0-android/resizetizer/flat/drawable_dragon_5.png.flat' (1,837,532)
2026-08-23 05:50:22: > Copy Over 'C:/rock/bannister/Bannister/obj/Debug/net8.0-android/resizetizer/flat/drawable_dragon_8.png.flat' -> 'goodrive://www.googleapis.com/:personal:/bannister/bannister/obj/Debug/net8.0-android/resizetizer/flat/drawable_dragon_8.png.flat' (1,832,204)
2026-08-23 05:50:24: < Copy Over 'C:/rock/bannister/Bannister/obj/Debug/net8.0-android/resizetizer/flat/drawable_dragon_7.png.flat' -> 'goodrive://www.googleapis.com/:personal:/bannister/bannister/obj/Debug/net8.0-android/resizetizer/flat/drawable_dragon_7.png.flat' (1,579,760)
2026-08-23 05:50:24: < Copy Over 'C:/rock/bannister/Bannister/obj/Debug/net8.0-android/resizetizer/flat/drawable_dragon_6.png.flat' -> 'goodrive://www.googleapis.com/:personal:/bannister/bannister/obj/Debug/net8.0-android/resizetizer/flat/drawable_dragon_6.png.flat' (1,817,360)
2026-08-23 05:50:24: > Copy Over 'C:/rock/bannister/Bannister/obj/Debug/net8.0-android/resizetizer/flat/drawable_dragon_slayer_1.png.flat' -> 'goodrive://www.googleapis.com/:personal:/bannister/bannister/obj/Debug/net8.0-android/resizetizer/flat/drawable_dragon_slayer_1.png.flat' (1,562,624)
2026-08-23 05:50:26: < Copy Over 'C:/rock/bannister/Bannister/obj/Debug/net8.0-android/resizetizer/flat/drawable_dragon_8.png.flat' -> 'goodrive://www.googleapis.com/:personal:/bannister/bannister/obj/Debug/net8.0-android/resizetizer/flat/drawable_dragon_8.png.flat' (1,832,204)
2026-08-23 05:50:27: Copy Over 'C:/rock/bannister/Bannister/obj/Debug/net8.0-android/resizetizer/flat/drawable_dragon_9.jpg.flat' -> 'goodrive://www.googleapis.com/:personal:/bannister/bannister/obj/Debug/net8.0-android/resizetizer/flat/drawable_dragon_9.jpg.flat' (149,616)
2026-08-23 05:50:27: < Copy Over 'C:/rock/bannister/Bannister/obj/Debug/net8.0-android/resizetizer/flat/drawable_dragon_slayer_1.png.flat' -> 'goodrive://www.googleapis.com/:personal:/bannister/bannister/obj/Debug/net8.0-android/resizetizer/flat/drawable_dragon_slayer_1.png.flat' (1,562,624)
2026-08-23 05:50:29: Copy Over 'C:/rock/bannister/Bannister/obj/Debug/net8.0-android/resizetizer/flat/drawable_maui_splash_image.xml.flat' -> 'goodrive://www.googleapis.com/:personal:/bannister/bannister/obj/Debug/net8.0-android/resizetizer/flat/drawable_maui_splash_image.xml.flat' (480)
2026-08-23 05:50:30: Copy Over 'C:/rock/bannister/Bannister/obj/Debug/net8.0-android/resizetizer/flat/drawable_scold_default.png.flat' -> 'goodrive://www.googleapis.com/:personal:/bannister/bannister/obj/Debug/net8.0-android/resizetizer/flat/drawable_scold_default.png.flat' (946,352)
2026-08-23 05:50:30: Copy Over 'C:/rock/bannister/Bannister/obj/Debug/net8.0-android/resizetizer/flat/mipmap-anydpi-v26_appicon.xml.flat' -> 'goodrive://www.googleapis.com/:personal:/bannister/bannister/obj/Debug/net8.0-android/resizetizer/flat/mipmap-anydpi-v26_appicon.xml.flat' (568)
2026-08-23 05:50:32: Copy Over 'C:/rock/bannister/Bannister/obj/Debug/net8.0-android/resizetizer/flat/mipmap-anydpi-v26_appicon_round.xml.flat' -> 'goodrive://www.googleapis.com/:personal:/bannister/bannister/obj/Debug/net8.0-android/resizetizer/flat/mipmap-anydpi-v26_appicon_round.xml.flat' (580)
2026-08-23 05:50:34: Copy Over 'C:/rock/bannister/Bannister/obj/Debug/net8.0-android/resizetizer/flat/mipmap-hdpi_appicon.png.flat' -> 'goodrive://www.googleapis.com/:personal:/bannister/bannister/obj/Debug/net8.0-android/resizetizer/flat/mipmap-hdpi_appicon.png.flat' (1,108)
2026-08-23 05:50:35: Copy Over 'C:/rock/bannister/Bannister/obj/Debug/net8.0-android/resizetizer/flat/mipmap-hdpi_appicon_background.png.flat' -> 'goodrive://www.googleapis.com/:personal:/bannister/bannister/obj/Debug/net8.0-android/resizetizer/flat/mipmap-hdpi_appicon_background.png.flat' (300)
2026-08-23 05:50:36: Copy Over 'C:/rock/bannister/Bannister/obj/Debug/net8.0-android/resizetizer/flat/mipmap-hdpi_appicon_foreground.png.flat' -> 'goodrive://www.googleapis.com/:personal:/bannister/bannister/obj/Debug/net8.0-android/resizetizer/flat/mipmap-hdpi_appicon_foreground.png.flat' (1,564)
2026-08-23 05:50:37: Copy Over 'C:/rock/bannister/Bannister/obj/Debug/net8.0-android/resizetizer/flat/mipmap-hdpi_appicon_round.png.flat' -> 'goodrive://www.googleapis.com/:personal:/bannister/bannister/obj/Debug/net8.0-android/resizetizer/flat/mipmap-hdpi_appicon_round.png.flat' (1,748)
2026-08-23 05:50:38: Copy Over 'C:/rock/bannister/Bannister/obj/Debug/net8.0-android/resizetizer/flat/mipmap-mdpi_appicon.png.flat' -> 'goodrive://www.googleapis.com/:personal:/bannister/bannister/obj/Debug/net8.0-android/resizetizer/flat/mipmap-mdpi_appicon.png.flat' (904)
2026-08-23 05:50:39: Copy Over 'C:/rock/bannister/Bannister/obj/Debug/net8.0-android/resizetizer/flat/mipmap-mdpi_appicon_background.png.flat' -> 'goodrive://www.googleapis.com/:personal:/bannister/bannister/obj/Debug/net8.0-android/resizetizer/flat/mipmap-mdpi_appicon_background.png.flat' (288)
2026-08-23 05:50:41: Copy Over 'C:/rock/bannister/Bannister/obj/Debug/net8.0-android/resizetizer/flat/mipmap-mdpi_appicon_foreground.png.flat' -> 'goodrive://www.googleapis.com/:personal:/bannister/bannister/obj/Debug/net8.0-android/resizetizer/flat/mipmap-mdpi_appicon_foreground.png.flat' (1,448)
2026-08-23 05:50:42: Copy Over 'C:/rock/bannister/Bannister/obj/Debug/net8.0-android/resizetizer/flat/mipmap-mdpi_appicon_round.png.flat' -> 'goodrive://www.googleapis.com/:personal:/bannister/bannister/obj/Debug/net8.0-android/resizetizer/flat/mipmap-mdpi_appicon_round.png.flat' (1,760)
2026-08-23 05:50:42: Copy Over 'C:/rock/bannister/Bannister/obj/Debug/net8.0-android/resizetizer/flat/mipmap-xhdpi_appicon.png.flat' -> 'goodrive://www.googleapis.com/:personal:/bannister/bannister/obj/Debug/net8.0-android/resizetizer/flat/mipmap-xhdpi_appicon.png.flat' (1,028)
2026-08-23 05:50:45: Copy Over 'C:/rock/bannister/Bannister/obj/Debug/net8.0-android/resizetizer/flat/mipmap-xhdpi_appicon_background.png.flat' -> 'goodrive://www.googleapis.com/:personal:/bannister/bannister/obj/Debug/net8.0-android/resizetizer/flat/mipmap-xhdpi_appicon_background.png.flat' (320)
2026-08-23 05:50:45: Copy Over 'C:/rock/bannister/Bannister/obj/Debug/net8.0-android/resizetizer/flat/mipmap-xhdpi_appicon_foreground.png.flat' -> 'goodrive://www.googleapis.com/:personal:/bannister/bannister/obj/Debug/net8.0-android/resizetizer/flat/mipmap-xhdpi_appicon_foreground.png.flat' (2,164)
2026-08-23 05:50:45: Copy Over 'C:/rock/bannister/Bannister/obj/Debug/net8.0-android/resizetizer/flat/mipmap-xhdpi_appicon_round.png.flat' -> 'goodrive://www.googleapis.com/:personal:/bannister/bannister/obj/Debug/net8.0-android/resizetizer/flat/mipmap-xhdpi_appicon_round.png.flat' (2,248)
2026-08-23 05:50:48: Copy Over 'C:/rock/bannister/Bannister/obj/Debug/net8.0-android/resizetizer/flat/mipmap-xxhdpi_appicon_background.png.flat' -> 'goodrive://www.googleapis.com/:personal:/bannister/bannister/obj/Debug/net8.0-android/resizetizer/flat/mipmap-xxhdpi_appicon_background.png.flat' (380)
2026-08-23 05:50:48: Copy Over 'C:/rock/bannister/Bannister/obj/Debug/net8.0-android/resizetizer/flat/mipmap-xxhdpi_appicon.png.flat' -> 'goodrive://www.googleapis.com/:personal:/bannister/bannister/obj/Debug/net8.0-android/resizetizer/flat/mipmap-xxhdpi_appicon.png.flat' (1,228)
2026-08-23 05:50:48: Copy Over 'C:/rock/bannister/Bannister/obj/Debug/net8.0-android/resizetizer/flat/mipmap-xxhdpi_appicon_foreground.png.flat' -> 'goodrive://www.googleapis.com/:personal:/bannister/bannister/obj/Debug/net8.0-android/resizetizer/flat/mipmap-xxhdpi_appicon_foreground.png.flat' (2,408)
2026-08-23 05:50:51: Copy Over 'C:/rock/bannister/Bannister/obj/Debug/net8.0-android/resizetizer/flat/mipmap-xxhdpi_appicon_round.png.flat' -> 'goodrive://www.googleapis.com/:personal:/bannister/bannister/obj/Debug/net8.0-android/resizetizer/flat/mipmap-xxhdpi_appicon_round.png.flat' (4,388)
2026-08-23 05:50:52: Copy Over 'C:/rock/bannister/Bannister/obj/Debug/net8.0-android/resizetizer/flat/mipmap-xxxhdpi_appicon.png.flat' -> 'goodrive://www.googleapis.com/:personal:/bannister/bannister/obj/Debug/net8.0-android/resizetizer/flat/mipmap-xxxhdpi_appicon.png.flat' (1,588)
2026-08-23 05:50:52: Copy Over 'C:/rock/bannister/Bannister/obj/Debug/net8.0-android/resizetizer/flat/mipmap-xxxhdpi_appicon_background.png.flat' -> 'goodrive://www.googleapis.com/:personal:/bannister/bannister/obj/Debug/net8.0-android/resizetizer/flat/mipmap-xxxhdpi_appicon_background.png.flat' (456)
2026-08-23 05:50:54: Copy Over 'C:/rock/bannister/Bannister/obj/Debug/net8.0-android/resizetizer/flat/mipmap-xxxhdpi_appicon_foreground.png.flat' -> 'goodrive://www.googleapis.com/:personal:/bannister/bannister/obj/Debug/net8.0-android/resizetizer/flat/mipmap-xxxhdpi_appicon_foreground.png.flat' (3,500)
2026-08-23 05:50:55: Copy Over 'C:/rock/bannister/Bannister/obj/Debug/net8.0-android/resizetizer/flat/mipmap-xxxhdpi_appicon_round.png.flat' -> 'goodrive://www.googleapis.com/:personal:/bannister/bannister/obj/Debug/net8.0-android/resizetizer/flat/mipmap-xxxhdpi_appicon_round.png.flat' (6,064)
2026-08-23 05:50:55: Copy Over 'C:/rock/bannister/Bannister/obj/Debug/net8.0-android/resizetizer/flat/values_maui_colors.arsc.flat' -> 'goodrive://www.googleapis.com/:personal:/bannister/bannister/obj/Debug/net8.0-android/resizetizer/flat/values_maui_colors.arsc.flat' (276)
2026-08-23 05:50:58: Copy Over 'C:/rock/bannister/Bannister/obj/Debug/net8.0-android/stamp/_CompileToDalvik.stamp' -> 'goodrive://www.googleapis.com/:personal:/bannister/bannister/obj/Debug/net8.0-android/stamp/_CompileToDalvik.stamp' (0)
2026-08-23 05:50:58: Copy Over 'C:/rock/bannister/Bannister/obj/Debug/net8.0-android/stamp/_ConvertResourcesCases.stamp' -> 'goodrive://www.googleapis.com/:personal:/bannister/bannister/obj/Debug/net8.0-android/stamp/_ConvertResourcesCases.stamp' (0)
2026-08-23 05:50:58: Copy Over 'C:/rock/bannister/Bannister/obj/Debug/net8.0-android/stamp/_GenerateJavaStubs.stamp' -> 'goodrive://www.googleapis.com/:personal:/bannister/bannister/obj/Debug/net8.0-android/stamp/_GenerateJavaStubs.stamp' (0)
2026-08-23 05:51:02: Copy Over 'C:/rock/bannister/Bannister/obj/Debug/net8.0-android/stamp/_GeneratePackageManagerJava.stamp' -> 'goodrive://www.googleapis.com/:personal:/bannister/bannister/obj/Debug/net8.0-android/stamp/_GeneratePackageManagerJava.stamp' (0)
2026-08-23 05:51:02: Copy Over 'C:/rock/bannister/Bannister/obj/Debug/net8.0-android/XamlC.stamp' -> 'goodrive://www.googleapis.com/:personal:/bannister/bannister/obj/Debug/net8.0-android/XamlC.stamp' (0)
2026-08-23 05:51:02: > Copy Over 'C:/rock/bannister/Bannister/obj/x64/Debug/net8.0-android/android/assets/Bannister.dll' -> 'goodrive://www.googleapis.com/:personal:/bannister/bannister/obj/x64/Debug/net8.0-android/android/assets/Bannister.dll' (6,892,032)
2026-08-23 05:51:02: Copy Over 'C:/rock/bannister/Bannister/obj/project.nuget.cache' -> 'goodrive://www.googleapis.com/:personal:/bannister/bannister/obj/project.nuget.cache' (27,012)
2026-08-23 05:51:02: > Copy Over 'C:/rock/bannister/Bannister/obj/x64/Debug/net8.0-android/android/bin/classes.dex' -> 'goodrive://www.googleapis.com/:personal:/bannister/bannister/obj/x64/Debug/net8.0-android/android/bin/classes.dex' (8,171,880)
2026-08-23 05:51:05: Copy Over 'C:/rock/bannister/Bannister/obj/x64/Debug/net8.0-android/android/AndroidManifest.xml' -> 'goodrive://www.googleapis.com/:personal:/bannister/bannister/obj/x64/Debug/net8.0-android/android/AndroidManifest.xml' (4,706)
2026-08-23 05:51:06: < Copy Over 'C:/rock/bannister/Bannister/obj/x64/Debug/net8.0-android/android/assets/Bannister.dll' -> 'goodrive://www.googleapis.com/:personal:/bannister/bannister/obj/x64/Debug/net8.0-android/android/assets/Bannister.dll' (6,892,032)
2026-08-23 05:51:07: < Copy Over 'C:/rock/bannister/Bannister/obj/x64/Debug/net8.0-android/android/bin/classes.dex' -> 'goodrive://www.googleapis.com/:personal:/bannister/bannister/obj/x64/Debug/net8.0-android/android/bin/classes.dex' (8,171,880)
2026-08-23 05:51:09: Copy Over 'C:/rock/bannister/Bannister/obj/x64/Debug/net8.0-android/android/bin/classes/androidx/activity/ktx/R.class' -> 'goodrive://www.googleapis.com/:personal:/bannister/bannister/obj/x64/Debug/net8.0-android/android/bin/classes/androidx/activity/ktx/R.class' (198)
2026-08-23 05:51:10: Copy Over 'C:/rock/bannister/Bannister/obj/x64/Debug/net8.0-android/android/bin/classes/com/bannister/app/R$anim.class' -> 'goodrive://www.googleapis.com/:personal:/bannister/bannister/obj/x64/Debug/net8.0-android/android/bin/classes/com/bannister/app/R$anim.class' (2,906)
2026-08-23 05:51:10: Copy Over 'C:/rock/bannister/Bannister/obj/x64/Debug/net8.0-android/android/bin/classes/com/bannister/app/R$animator.class' -> 'goodrive://www.googleapis.com/:personal:/bannister/bannister/obj/x64/Debug/net8.0-android/android/bin/classes/com/bannister/app/R$animator.class' (2,331)
2026-08-23 05:51:12: Copy Over 'C:/rock/bannister/Bannister/obj/x64/Debug/net8.0-android/android/bin/classes/com/bannister/app/R$attr.class' -> 'goodrive://www.googleapis.com/:personal:/bannister/bannister/obj/x64/Debug/net8.0-android/android/bin/classes/com/bannister/app/R$attr.class' (54,839)
2026-08-23 05:51:13: Copy Over 'C:/rock/bannister/Bannister/obj/x64/Debug/net8.0-android/android/bin/classes/com/bannister/app/R$bool.class' -> 'goodrive://www.googleapis.com/:personal:/bannister/bannister/obj/x64/Debug/net8.0-android/android/bin/classes/com/bannister/app/R$bool.class' (443)
2026-08-23 05:51:14: Copy Over 'C:/rock/bannister/Bannister/obj/x64/Debug/net8.0-android/android/bin/classes/com/bannister/app/R$color.class' -> 'goodrive://www.googleapis.com/:personal:/bannister/bannister/obj/x64/Debug/net8.0-android/android/bin/classes/com/bannister/app/R$color.class' (42,362)
2026-08-23 05:51:15: Copy Over 'C:/rock/bannister/Bannister/obj/x64/Debug/net8.0-android/android/bin/classes/com/bannister/app/R$dimen.class' -> 'goodrive://www.googleapis.com/:personal:/bannister/bannister/obj/x64/Debug/net8.0-android/android/bin/classes/com/bannister/app/R$dimen.class' (46,419)
2026-08-23 05:51:17: Copy Over 'C:/rock/bannister/Bannister/obj/x64/Debug/net8.0-android/android/bin/classes/com/bannister/app/R$drawable.class' -> 'goodrive://www.googleapis.com/:personal:/bannister/bannister/obj/x64/Debug/net8.0-android/android/bin/classes/com/bannister/app/R$drawable.class' (10,686)
2026-08-23 05:51:17: Copy Over 'C:/rock/bannister/Bannister/obj/x64/Debug/net8.0-android/android/bin/classes/com/bannister/app/R$id.class' -> 'goodrive://www.googleapis.com/:personal:/bannister/bannister/obj/x64/Debug/net8.0-android/android/bin/classes/com/bannister/app/R$id.class' (20,962)
2026-08-23 05:51:18: Copy Over 'C:/rock/bannister/Bannister/obj/x64/Debug/net8.0-android/android/bin/classes/com/bannister/app/R$integer.class' -> 'goodrive://www.googleapis.com/:personal:/bannister/bannister/obj/x64/Debug/net8.0-android/android/bin/classes/com/bannister/app/R$integer.class' (3,932)
2026-08-23 05:51:20: Copy Over 'C:/rock/bannister/Bannister/obj/x64/Debug/net8.0-android/android/bin/classes/com/bannister/app/R$interpolator.class' -> 'goodrive://www.googleapis.com/:personal:/bannister/bannister/obj/x64/Debug/net8.0-android/android/bin/classes/com/bannister/app/R$interpolator.class' (1,370)
2026-08-23 05:51:21: Copy Over 'C:/rock/bannister/Bannister/obj/x64/Debug/net8.0-android/android/bin/classes/com/bannister/app/R$layout.class' -> 'goodrive://www.googleapis.com/:personal:/bannister/bannister/obj/x64/Debug/net8.0-android/android/bin/classes/com/bannister/app/R$layout.class' (5,883)
2026-08-23 05:51:21: Copy Over 'C:/rock/bannister/Bannister/obj/x64/Debug/net8.0-android/android/bin/classes/com/bannister/app/R$mipmap.class' -> 'goodrive://www.googleapis.com/:personal:/bannister/bannister/obj/x64/Debug/net8.0-android/android/bin/classes/com/bannister/app/R$mipmap.class' (438)
2026-08-23 05:51:24: Copy Over 'C:/rock/bannister/Bannister/obj/x64/Debug/net8.0-android/android/bin/classes/com/bannister/app/R$plurals.class' -> 'goodrive://www.googleapis.com/:personal:/bannister/bannister/obj/x64/Debug/net8.0-android/android/bin/classes/com/bannister/app/R$plurals.class' (342)
2026-08-23 05:51:24: Copy Over 'C:/rock/bannister/Bannister/obj/x64/Debug/net8.0-android/android/bin/classes/com/bannister/app/R$string.class' -> 'goodrive://www.googleapis.com/:personal:/bannister/bannister/obj/x64/Debug/net8.0-android/android/bin/classes/com/bannister/app/R$string.class' (9,918)
2026-08-23 05:51:24: Copy Over 'C:/rock/bannister/Bannister/obj/x64/Debug/net8.0-android/android/bin/classes/com/bannister/app/R$style.class' -> 'goodrive://www.googleapis.com/:personal:/bannister/bannister/obj/x64/Debug/net8.0-android/android/bin/classes/com/bannister/app/R$style.class' (73,620)
2026-08-23 05:51:27: Copy Over 'C:/rock/bannister/Bannister/obj/x64/Debug/net8.0-android/android/bin/classes/com/bannister/app/R$styleable.class' -> 'goodrive://www.googleapis.com/:personal:/bannister/bannister/obj/x64/Debug/net8.0-android/android/bin/classes/com/bannister/app/R$styleable.class' (130,989)
2026-08-23 05:51:27: Copy Over 'C:/rock/bannister/Bannister/obj/x64/Debug/net8.0-android/android/bin/classes/com/bannister/app/R$xml.class' -> 'goodrive://www.googleapis.com/:personal:/bannister/bannister/obj/x64/Debug/net8.0-android/android/bin/classes/com/bannister/app/R$xml.class' (398)
2026-08-23 05:51:27: Copy Over 'C:/rock/bannister/Bannister/obj/x64/Debug/net8.0-android/android/bin/classes/com/bannister/app/R.class' -> 'goodrive://www.googleapis.com/:personal:/bannister/bannister/obj/x64/Debug/net8.0-android/android/bin/classes/com/bannister/app/R.class' (1,048)
2026-08-23 05:51:30: Copy Over 'C:/rock/bannister/Bannister/obj/x64/Debug/net8.0-android/android/bin/classes/androidx/activity/R$id.class' -> 'goodrive://www.googleapis.com/:personal:/bannister/bannister/obj/x64/Debug/net8.0-android/android/bin/classes/androidx/activity/R$id.class' (380)
2026-08-23 05:51:31: Copy Over 'C:/rock/bannister/Bannister/obj/x64/Debug/net8.0-android/android/bin/classes/androidx/activity/R.class' -> 'goodrive://www.googleapis.com/:personal:/bannister/bannister/obj/x64/Debug/net8.0-android/android/bin/classes/androidx/activity/R.class' (258)
2026-08-23 05:51:31: Copy Over 'C:/rock/bannister/Bannister/obj/x64/Debug/net8.0-android/android/bin/classes/com/bumptech/glide/gifdecoder/R.class' -> 'goodrive://www.googleapis.com/:personal:/bannister/bannister/obj/x64/Debug/net8.0-android/android/bin/classes/com/bumptech/glide/gifdecoder/R.class' (206)
2026-08-23 05:51:34: Copy Over 'C:/rock/bannister/Bannister/obj/x64/Debug/net8.0-android/android/bin/classes/com/google/android/material/R$anim.class' -> 'goodrive://www.googleapis.com/:personal:/bannister/bannister/obj/x64/Debug/net8.0-android/android/bin/classes/com/google/android/material/R$anim.class' (2,592)
2026-08-23 05:51:34: Copy Over 'C:/rock/bannister/Bannister/obj/x64/Debug/net8.0-android/android/bin/classes/com/google/android/material/R$animator.class' -> 'goodrive://www.googleapis.com/:personal:/bannister/bannister/obj/x64/Debug/net8.0-android/android/bin/classes/com/google/android/material/R$animator.class' (2,161)
2026-08-23 05:51:34: Copy Over 'C:/rock/bannister/Bannister/obj/x64/Debug/net8.0-android/android/bin/classes/com/google/android/material/R$attr.class' -> 'goodrive://www.googleapis.com/:personal:/bannister/bannister/obj/x64/Debug/net8.0-android/android/bin/classes/com/google/android/material/R$attr.class' (49,187)
2026-08-23 05:51:37: Copy Over 'C:/rock/bannister/Bannister/obj/x64/Debug/net8.0-android/android/bin/classes/com/google/android/material/R$bool.class' -> 'goodrive://www.googleapis.com/:personal:/bannister/bannister/obj/x64/Debug/net8.0-android/android/bin/classes/com/google/android/material/R$bool.class' (463)
2026-08-23 05:51:37: Copy Over 'C:/rock/bannister/Bannister/obj/x64/Debug/net8.0-android/android/bin/classes/com/google/android/material/R$dimen.class' -> 'goodrive://www.googleapis.com/:personal:/bannister/bannister/obj/x64/Debug/net8.0-android/android/bin/classes/com/google/android/material/R$dimen.class' (46,259)
2026-08-23 05:51:37: Copy Over 'C:/rock/bannister/Bannister/obj/x64/Debug/net8.0-android/android/bin/classes/com/google/android/material/R$color.class' -> 'goodrive://www.googleapis.com/:personal:/bannister/bannister/obj/x64/Debug/net8.0-android/android/bin/classes/com/google/android/material/R$color.class' (41,872)
2026-08-23 05:51:40: Copy Over 'C:/rock/bannister/Bannister/obj/x64/Debug/net8.0-android/android/bin/classes/com/google/android/material/R$id.class' -> 'goodrive://www.googleapis.com/:personal:/bannister/bannister/obj/x64/Debug/net8.0-android/android/bin/classes/com/google/android/material/R$id.class' (16,168)
2026-08-23 05:51:40: Copy Over 'C:/rock/bannister/Bannister/obj/x64/Debug/net8.0-android/android/bin/classes/com/google/android/material/R$integer.class' -> 'goodrive://www.googleapis.com/:personal:/bannister/bannister/obj/x64/Debug/net8.0-android/android/bin/classes/com/google/android/material/R$integer.class' (3,910)
2026-08-23 05:51:41: Copy Over 'C:/rock/bannister/Bannister/obj/x64/Debug/net8.0-android/android/bin/classes/com/google/android/material/R$drawable.class' -> 'goodrive://www.googleapis.com/:personal:/bannister/bannister/obj/x64/Debug/net8.0-android/android/bin/classes/com/google/android/material/R$drawable.class' (9,708)
2026-08-23 05:51:44: Copy Over 'C:/rock/bannister/Bannister/obj/x64/Debug/net8.0-android/android/bin/classes/com/google/android/material/R$interpolator.class' -> 'goodrive://www.googleapis.com/:personal:/bannister/bannister/obj/x64/Debug/net8.0-android/android/bin/classes/com/google/android/material/R$interpolator.class' (1,390)
2026-08-23 05:51:44: Copy Over 'C:/rock/bannister/Bannister/obj/x64/Debug/net8.0-android/android/bin/classes/com/google/android/material/R$layout.class' -> 'goodrive://www.googleapis.com/:personal:/bannister/bannister/obj/x64/Debug/net8.0-android/android/bin/classes/com/google/android/material/R$layout.class' (5,537)
2026-08-23 05:51:44: Copy Over 'C:/rock/bannister/Bannister/obj/x64/Debug/net8.0-android/android/bin/classes/com/google/android/material/R$plurals.class' -> 'goodrive://www.googleapis.com/:personal:/bannister/bannister/obj/x64/Debug/net8.0-android/android/bin/classes/com/google/android/material/R$plurals.class' (362)
2026-08-23 05:51:47: Copy Over 'C:/rock/bannister/Bannister/obj/x64/Debug/net8.0-android/android/bin/classes/com/google/android/material/R$string.class' -> 'goodrive://www.googleapis.com/:personal:/bannister/bannister/obj/x64/Debug/net8.0-android/android/bin/classes/com/google/android/material/R$string.class' (9,069)
2026-08-23 05:51:47: Copy Over 'C:/rock/bannister/Bannister/obj/x64/Debug/net8.0-android/android/bin/classes/com/google/android/material/R$style.class' -> 'goodrive://www.googleapis.com/:personal:/bannister/bannister/obj/x64/Debug/net8.0-android/android/bin/classes/com/google/android/material/R$style.class' (73,038)
2026-08-23 05:51:47: Copy Over 'C:/rock/bannister/Bannister/obj/x64/Debug/net8.0-android/android/bin/classes/com/google/android/material/R$styleable.class' -> 'goodrive://www.googleapis.com/:personal:/bannister/bannister/obj/x64/Debug/net8.0-android/android/bin/classes/com/google/android/material/R$styleable.class' (109,039)
2026-08-23 05:51:51: Copy Over 'C:/rock/bannister/Bannister/obj/x64/Debug/net8.0-android/android/bin/classes/com/bumptech/glide/R$anim.class' -> 'goodrive://www.googleapis.com/:personal:/bannister/bannister/obj/x64/Debug/net8.0-android/android/bin/classes/com/bumptech/glide/R$anim.class' (1,681)
2026-08-23 05:51:51: Copy Over 'C:/rock/bannister/Bannister/obj/x64/Debug/net8.0-android/android/bin/classes/com/google/android/material/R.class' -> 'goodrive://www.googleapis.com/:personal:/bannister/bannister/obj/x64/Debug/net8.0-android/android/bin/classes/com/google/android/material/R.class' (1,116)
2026-08-23 05:51:51: Copy Over 'C:/rock/bannister/Bannister/obj/x64/Debug/net8.0-android/android/bin/classes/com/google/android/material/snackbar/Snackbar_SnackbarActionClickImplementor.class' -> 'goodrive://www.googleapis.com/:personal:/bannister/bannister/obj/x64/Debug/net8.0-android/android/bin/classes/com/google/android/material/snackbar/Snackbar_SnackbarActionClickImplementor.class' (1,698)
2026-08-23 05:51:54: Copy Over 'C:/rock/bannister/Bannister/obj/x64/Debug/net8.0-android/android/bin/classes/com/bumptech/glide/R$animator.class' -> 'goodrive://www.googleapis.com/:personal:/bannister/bannister/obj/x64/Debug/net8.0-android/android/bin/classes/com/bumptech/glide/R$animator.class' (549)
2026-08-23 05:51:54: Copy Over 'C:/rock/bannister/Bannister/obj/x64/Debug/net8.0-android/android/bin/classes/com/bumptech/glide/R$attr.class' -> 'goodrive://www.googleapis.com/:personal:/bannister/bannister/obj/x64/Debug/net8.0-android/android/bin/classes/com/bumptech/glide/R$attr.class' (11,893)
2026-08-23 05:51:54: Copy Over 'C:/rock/bannister/Bannister/obj/x64/Debug/net8.0-android/android/bin/classes/com/bumptech/glide/R$bool.class' -> 'goodrive://www.googleapis.com/:personal:/bannister/bannister/obj/x64/Debug/net8.0-android/android/bin/classes/com/bumptech/glide/R$bool.class' (389)
2026-08-23 05:51:57: Copy Over 'C:/rock/bannister/Bannister/obj/x64/Debug/net8.0-android/android/bin/classes/com/bumptech/glide/R$dimen.class' -> 'goodrive://www.googleapis.com/:personal:/bannister/bannister/obj/x64/Debug/net8.0-android/android/bin/classes/com/bumptech/glide/R$dimen.class' (7,012)
2026-08-23 05:51:57: Copy Over 'C:/rock/bannister/Bannister/obj/x64/Debug/net8.0-android/android/bin/classes/com/bumptech/glide/R$drawable.class' -> 'goodrive://www.googleapis.com/:personal:/bannister/bannister/obj/x64/Debug/net8.0-android/android/bin/classes/com/bumptech/glide/R$drawable.class' (5,651)
2026-08-23 05:51:57: Copy Over 'C:/rock/bannister/Bannister/obj/x64/Debug/net8.0-android/android/bin/classes/com/bumptech/glide/R$color.class' -> 'goodrive://www.googleapis.com/:personal:/bannister/bannister/obj/x64/Debug/net8.0-android/android/bin/classes/com/bumptech/glide/R$color.class' (4,868)
2026-08-23 05:52:00: Copy Over 'C:/rock/bannister/Bannister/obj/x64/Debug/net8.0-android/android/bin/classes/com/bumptech/glide/R$interpolator.class' -> 'goodrive://www.googleapis.com/:personal:/bannister/bannister/obj/x64/Debug/net8.0-android/android/bin/classes/com/bumptech/glide/R$interpolator.class' (779)
2026-08-23 05:52:00: Copy Over 'C:/rock/bannister/Bannister/obj/x64/Debug/net8.0-android/android/bin/classes/com/bumptech/glide/R$integer.class' -> 'goodrive://www.googleapis.com/:personal:/bannister/bannister/obj/x64/Debug/net8.0-android/android/bin/classes/com/bumptech/glide/R$integer.class' (548)
2026-08-23 05:52:01: Copy Over 'C:/rock/bannister/Bannister/obj/x64/Debug/net8.0-android/android/bin/classes/com/bumptech/glide/R$id.class' -> 'goodrive://www.googleapis.com/:personal:/bannister/bannister/obj/x64/Debug/net8.0-android/android/bin/classes/com/bumptech/glide/R$id.class' (6,760)
2026-08-23 05:52:04: Copy Over 'C:/rock/bannister/Bannister/obj/x64/Debug/net8.0-android/android/bin/classes/com/bumptech/glide/R$style.class' -> 'goodrive://www.googleapis.com/:personal:/bannister/bannister/obj/x64/Debug/net8.0-android/android/bin/classes/com/bumptech/glide/R$style.class' (21,850)
2026-08-23 05:52:04: Copy Over 'C:/rock/bannister/Bannister/obj/x64/Debug/net8.0-android/android/bin/classes/com/bumptech/glide/R$layout.class' -> 'goodrive://www.googleapis.com/:personal:/bannister/bannister/obj/x64/Debug/net8.0-android/android/bin/classes/com/bumptech/glide/R$layout.class' (2,280)
2026-08-23 05:52:04: Copy Over 'C:/rock/bannister/Bannister/obj/x64/Debug/net8.0-android/android/bin/classes/com/bumptech/glide/R$string.class' -> 'goodrive://www.googleapis.com/:personal:/bannister/bannister/obj/x64/Debug/net8.0-android/android/bin/classes/com/bumptech/glide/R$string.class' (1,832)
2026-08-23 05:52:07: Copy Over 'C:/rock/bannister/Bannister/obj/x64/Debug/net8.0-android/android/bin/classes/com/bumptech/glide/R$styleable.class' -> 'goodrive://www.googleapis.com/:personal:/bannister/bannister/obj/x64/Debug/net8.0-android/android/bin/classes/com/bumptech/glide/R$styleable.class' (29,637)
2026-08-23 05:52:07: Copy Over 'C:/rock/bannister/Bannister/obj/x64/Debug/net8.0-android/android/bin/classes/com/bumptech/glide/R.class' -> 'goodrive://www.googleapis.com/:personal:/bannister/bannister/obj/x64/Debug/net8.0-android/android/bin/classes/com/bumptech/glide/R.class' (920)
2026-08-23 05:52:08: Copy Over 'C:/rock/bannister/Bannister/obj/x64/Debug/net8.0-android/android/bin/classes/com/microsoft/maui/R$anim.class' -> 'goodrive://www.googleapis.com/:personal:/bannister/bannister/obj/x64/Debug/net8.0-android/android/bin/classes/com/microsoft/maui/R$anim.class' (2,574)
2026-08-23 05:52:10: Copy Over 'C:/rock/bannister/Bannister/obj/x64/Debug/net8.0-android/android/bin/classes/androidx/annotation/experimental/R.class' -> 'goodrive://www.googleapis.com/:personal:/bannister/bannister/obj/x64/Debug/net8.0-android/android/bin/classes/androidx/annotation/experimental/R.class' (209)
2026-08-23 05:52:11: Copy Over 'C:/rock/bannister/Bannister/obj/x64/Debug/net8.0-android/android/bin/classes/com/microsoft/maui/R$attr.class' -> 'goodrive://www.googleapis.com/:personal:/bannister/bannister/obj/x64/Debug/net8.0-android/android/bin/classes/com/microsoft/maui/R$attr.class' (50,072)
2026-08-23 05:52:11: Copy Over 'C:/rock/bannister/Bannister/obj/x64/Debug/net8.0-android/android/bin/classes/com/microsoft/maui/R$animator.class' -> 'goodrive://www.googleapis.com/:personal:/bannister/bannister/obj/x64/Debug/net8.0-android/android/bin/classes/com/microsoft/maui/R$animator.class' (2,143)
2026-08-23 05:52:14: Copy Over 'C:/rock/bannister/Bannister/obj/x64/Debug/net8.0-android/android/bin/classes/com/microsoft/maui/R$bool.class' -> 'goodrive://www.googleapis.com/:personal:/bannister/bannister/obj/x64/Debug/net8.0-android/android/bin/classes/com/microsoft/maui/R$bool.class' (445)
2026-08-23 05:52:14: Copy Over 'C:/rock/bannister/Bannister/obj/x64/Debug/net8.0-android/android/bin/classes/com/microsoft/maui/R$color.class' -> 'goodrive://www.googleapis.com/:personal:/bannister/bannister/obj/x64/Debug/net8.0-android/android/bin/classes/com/microsoft/maui/R$color.class' (41,854)
2026-08-23 05:52:14: Copy Over 'C:/rock/bannister/Bannister/obj/x64/Debug/net8.0-android/android/bin/classes/com/microsoft/maui/R$dimen.class' -> 'goodrive://www.googleapis.com/:personal:/bannister/bannister/obj/x64/Debug/net8.0-android/android/bin/classes/com/microsoft/maui/R$dimen.class' (46,241)
2026-08-23 05:52:17: Copy Over 'C:/rock/bannister/Bannister/obj/x64/Debug/net8.0-android/android/bin/classes/com/microsoft/maui/R$drawable.class' -> 'goodrive://www.googleapis.com/:personal:/bannister/bannister/obj/x64/Debug/net8.0-android/android/bin/classes/com/microsoft/maui/R$drawable.class' (9,690)
2026-08-23 05:52:17: Copy Over 'C:/rock/bannister/Bannister/obj/x64/Debug/net8.0-android/android/bin/classes/com/microsoft/maui/R$integer.class' -> 'goodrive://www.googleapis.com/:personal:/bannister/bannister/obj/x64/Debug/net8.0-android/android/bin/classes/com/microsoft/maui/R$integer.class' (3,892)
2026-08-23 05:52:18: Copy Over 'C:/rock/bannister/Bannister/obj/x64/Debug/net8.0-android/android/bin/classes/com/microsoft/maui/R$id.class' -> 'goodrive://www.googleapis.com/:personal:/bannister/bannister/obj/x64/Debug/net8.0-android/android/bin/classes/com/microsoft/maui/R$id.class' (16,574)
2026-08-23 05:52:20: Copy Over 'C:/rock/bannister/Bannister/obj/x64/Debug/net8.0-android/android/bin/classes/com/microsoft/maui/R$interpolator.class' -> 'goodrive://www.googleapis.com/:personal:/bannister/bannister/obj/x64/Debug/net8.0-android/android/bin/classes/com/microsoft/maui/R$interpolator.class' (1,372)
2026-08-23 05:52:20: Copy Over 'C:/rock/bannister/Bannister/obj/x64/Debug/net8.0-android/android/bin/classes/com/microsoft/maui/R$layout.class' -> 'goodrive://www.googleapis.com/:personal:/bannister/bannister/obj/x64/Debug/net8.0-android/android/bin/classes/com/microsoft/maui/R$layout.class' (5,519)
2026-08-23 05:52:21: Copy Over 'C:/rock/bannister/Bannister/obj/x64/Debug/net8.0-android/android/bin/classes/com/microsoft/maui/R$plurals.class' -> 'goodrive://www.googleapis.com/:personal:/bannister/bannister/obj/x64/Debug/net8.0-android/android/bin/classes/com/microsoft/maui/R$plurals.class' (344)
2026-08-23 05:52:23: Copy Over 'C:/rock/bannister/Bannister/obj/x64/Debug/net8.0-android/android/bin/classes/com/microsoft/maui/R$string.class' -> 'goodrive://www.googleapis.com/:personal:/bannister/bannister/obj/x64/Debug/net8.0-android/android/bin/classes/com/microsoft/maui/R$string.class' (9,092)
2026-08-23 05:52:24: Copy Over 'C:/rock/bannister/Bannister/obj/x64/Debug/net8.0-android/android/bin/classes/com/microsoft/maui/R$style.class' -> 'goodrive://www.googleapis.com/:personal:/bannister/bannister/obj/x64/Debug/net8.0-android/android/bin/classes/com/microsoft/maui/R$style.class' (73,020)
2026-08-23 05:52:25: Copy Over 'C:/rock/bannister/Bannister/obj/x64/Debug/net8.0-android/android/bin/classes/com/microsoft/maui/R$styleable.class' -> 'goodrive://www.googleapis.com/:personal:/bannister/bannister/obj/x64/Debug/net8.0-android/android/bin/classes/com/microsoft/maui/R$styleable.class' (111,244)
2026-08-23 05:52:27: Copy Over 'C:/rock/bannister/Bannister/obj/x64/Debug/net8.0-android/android/bin/classes/com/microsoft/maui/R.class' -> 'goodrive://www.googleapis.com/:personal:/bannister/bannister/obj/x64/Debug/net8.0-android/android/bin/classes/com/microsoft/maui/R.class' (972)
2026-08-23 05:52:28: Copy Over 'C:/rock/bannister/Bannister/obj/x64/Debug/net8.0-android/android/bin/classes/androidx/appcompat/app/AlertDialog_IDialogInterfaceOnCancelListenerImplementor.class' -> 'goodrive://www.googleapis.com/:personal:/bannister/bannister/obj/x64/Debug/net8.0-android/android/bin/classes/androidx/appcompat/app/AlertDialog_IDialogInterfaceOnCancelListenerImplementor.class' (1,806)
2026-08-23 05:52:28: Copy Over 'C:/rock/bannister/Bannister/obj/x64/Debug/net8.0-android/android/bin/classes/androidx/arch/core/R.class' -> 'goodrive://www.googleapis.com/:personal:/bannister/bannister/obj/x64/Debug/net8.0-android/android/bin/classes/androidx/arch/core/R.class' (195)
2026-08-23 05:52:30: Copy Over 'C:/rock/bannister/Bannister/obj/x64/Debug/net8.0-android/android/bin/classes/androidx/appcompat/app/AlertDialog_IDialogInterfaceOnClickListenerImplementor.class' -> 'goodrive://www.googleapis.com/:personal:/bannister/bannister/obj/x64/Debug/net8.0-android/android/bin/classes/androidx/appcompat/app/AlertDialog_IDialogInterfaceOnClickListenerImplementor.class' (1,800)
2026-08-23 05:52:31: Copy Over 'C:/rock/bannister/Bannister/obj/x64/Debug/net8.0-android/android/bin/classes/androidx/appcompat/app/AlertDialog_IDialogInterfaceOnMultiChoiceClickListenerImplementor.class' -> 'goodrive://www.googleapis.com/:personal:/bannister/bannister/obj/x64/Debug/net8.0-android/android/bin/classes/androidx/appcompat/app/AlertDialog_IDialogInterfaceOnMultiChoiceClickListenerImplementor.class' (1,870)
2026-08-23 05:52:31: Copy Over 'C:/rock/bannister/Bannister/obj/x64/Debug/net8.0-android/android/bin/classes/androidx/appcompat/R$anim.class' -> 'goodrive://www.googleapis.com/:personal:/bannister/bannister/obj/x64/Debug/net8.0-android/android/bin/classes/androidx/appcompat/R$anim.class' (1,626)
2026-08-23 05:52:33: Copy Over 'C:/rock/bannister/Bannister/obj/x64/Debug/net8.0-android/android/bin/classes/androidx/appcompat/R$attr.class' -> 'goodrive://www.googleapis.com/:personal:/bannister/bannister/obj/x64/Debug/net8.0-android/android/bin/classes/androidx/appcompat/R$attr.class' (11,577)
2026-08-23 05:52:35: Copy Over 'C:/rock/bannister/Bannister/obj/x64/Debug/net8.0-android/android/bin/classes/androidx/appcompat/R$bool.class' -> 'goodrive://www.googleapis.com/:personal:/bannister/bannister/obj/x64/Debug/net8.0-android/android/bin/classes/androidx/appcompat/R$bool.class' (389)
2026-08-23 05:52:35: Copy Over 'C:/rock/bannister/Bannister/obj/x64/Debug/net8.0-android/android/bin/classes/androidx/appcompat/R$color.class' -> 'goodrive://www.googleapis.com/:personal:/bannister/bannister/obj/x64/Debug/net8.0-android/android/bin/classes/androidx/appcompat/R$color.class' (4,628)
2026-08-23 05:52:36: Copy Over 'C:/rock/bannister/Bannister/obj/x64/Debug/net8.0-android/android/bin/classes/androidx/appcompat/R$dimen.class' -> 'goodrive://www.googleapis.com/:personal:/bannister/bannister/obj/x64/Debug/net8.0-android/android/bin/classes/androidx/appcompat/R$dimen.class' (5,751)
2026-08-23 05:52:38: Copy Over 'C:/rock/bannister/Bannister/obj/x64/Debug/net8.0-android/android/bin/classes/androidx/appcompat/R$id.class' -> 'goodrive://www.googleapis.com/:personal:/bannister/bannister/obj/x64/Debug/net8.0-android/android/bin/classes/androidx/appcompat/R$id.class' (3,121)
2026-08-23 05:52:38: Copy Over 'C:/rock/bannister/Bannister/obj/x64/Debug/net8.0-android/android/bin/classes/androidx/appcompat/R$drawable.class' -> 'goodrive://www.googleapis.com/:personal:/bannister/bannister/obj/x64/Debug/net8.0-android/android/bin/classes/androidx/appcompat/R$drawable.class' (5,055)
2026-08-23 05:52:40: Copy Over 'C:/rock/bannister/Bannister/obj/x64/Debug/net8.0-android/android/bin/classes/androidx/appcompat/R$integer.class' -> 'goodrive://www.googleapis.com/:personal:/bannister/bannister/obj/x64/Debug/net8.0-android/android/bin/classes/androidx/appcompat/R$integer.class' (489)
2026-08-23 05:52:41: Copy Over 'C:/rock/bannister/Bannister/obj/x64/Debug/net8.0-android/android/bin/classes/androidx/appcompat/R$interpolator.class' -> 'goodrive://www.googleapis.com/:personal:/bannister/bannister/obj/x64/Debug/net8.0-android/android/bin/classes/androidx/appcompat/R$interpolator.class' (779)
2026-08-23 05:52:42: Copy Over 'C:/rock/bannister/Bannister/obj/x64/Debug/net8.0-android/android/bin/classes/androidx/appcompat/R$layout.class' -> 'goodrive://www.googleapis.com/:personal:/bannister/bannister/obj/x64/Debug/net8.0-android/android/bin/classes/androidx/appcompat/R$layout.class' (1,918)
2026-08-23 05:52:44: Copy Over 'C:/rock/bannister/Bannister/obj/x64/Debug/net8.0-android/android/bin/classes/androidx/appcompat/R$string.class' -> 'goodrive://www.googleapis.com/:personal:/bannister/bannister/obj/x64/Debug/net8.0-android/android/bin/classes/androidx/appcompat/R$string.class' (1,771)
2026-08-23 05:52:45: Copy Over 'C:/rock/bannister/Bannister/obj/x64/Debug/net8.0-android/android/bin/classes/androidx/appcompat/R$style.class' -> 'goodrive://www.googleapis.com/:personal:/bannister/bannister/obj/x64/Debug/net8.0-android/android/bin/classes/androidx/appcompat/R$style.class' (21,413)
2026-08-23 05:52:45: Copy Over 'C:/rock/bannister/Bannister/obj/x64/Debug/net8.0-android/android/bin/classes/androidx/appcompat/R$styleable.class' -> 'goodrive://www.googleapis.com/:personal:/bannister/bannister/obj/x64/Debug/net8.0-android/android/bin/classes/androidx/appcompat/R$styleable.class' (25,717)
2026-08-23 05:52:47: Copy Over 'C:/rock/bannister/Bannister/obj/x64/Debug/net8.0-android/android/bin/classes/androidx/appcompat/R.class' -> 'goodrive://www.googleapis.com/:personal:/bannister/bannister/obj/x64/Debug/net8.0-android/android/bin/classes/androidx/appcompat/R.class' (866)
2026-08-23 05:52:48: Copy Over 'C:/rock/bannister/Bannister/obj/x64/Debug/net8.0-android/android/bin/classes/androidx/appcompat/resources/R$drawable.class' -> 'goodrive://www.googleapis.com/:personal:/bannister/bannister/obj/x64/Debug/net8.0-android/android/bin/classes/androidx/appcompat/resources/R$drawable.class' (351)
2026-08-23 05:52:49: Copy Over 'C:/rock/bannister/Bannister/obj/x64/Debug/net8.0-android/android/bin/classes/androidx/appcompat/widget/Toolbar_NavigationOnClickEventDispatcher.class' -> 'goodrive://www.googleapis.com/:personal:/bannister/bannister/obj/x64/Debug/net8.0-android/android/bin/classes/androidx/appcompat/widget/Toolbar_NavigationOnClickEventDispatcher.class' (1,926)
2026-08-23 05:52:50: Copy Over 'C:/rock/bannister/Bannister/obj/x64/Debug/net8.0-android/android/bin/classes/androidx/appcompat/resources/R$styleable.class' -> 'goodrive://www.googleapis.com/:personal:/bannister/bannister/obj/x64/Debug/net8.0-android/android/bin/classes/androidx/appcompat/resources/R$styleable.class' (2,066)
2026-08-23 05:52:52: Copy Over 'C:/rock/bannister/Bannister/obj/x64/Debug/net8.0-android/android/bin/classes/androidx/appcompat/resources/R.class' -> 'goodrive://www.googleapis.com/:personal:/bannister/bannister/obj/x64/Debug/net8.0-android/android/bin/classes/androidx/appcompat/resources/R.class' (358)
2026-08-23 05:52:52: Copy Over 'C:/rock/bannister/Bannister/obj/x64/Debug/net8.0-android/android/bin/classes/androidx/cardview/R$attr.class' -> 'goodrive://www.googleapis.com/:personal:/bannister/bannister/obj/x64/Debug/net8.0-android/android/bin/classes/androidx/cardview/R$attr.class' (779)
2026-08-23 05:52:53: Copy Over 'C:/rock/bannister/Bannister/obj/x64/Debug/net8.0-android/android/bin/classes/androidx/browser/customtabs/CustomTabsClient_CustomTabsCallbackImpl.class' -> 'goodrive://www.googleapis.com/:personal:/bannister/bannister/obj/x64/Debug/net8.0-android/android/bin/classes/androidx/browser/customtabs/CustomTabsClient_CustomTabsCallbackImpl.class' (1,811)
2026-08-23 05:52:56: Copy Over 'C:/rock/bannister/Bannister/obj/x64/Debug/net8.0-android/android/bin/classes/androidx/cardview/R$color.class' -> 'goodrive://www.googleapis.com/:personal:/bannister/bannister/obj/x64/Debug/net8.0-android/android/bin/classes/androidx/cardview/R$color.class' (481)
2026-08-23 05:52:56: Copy Over 'C:/rock/bannister/Bannister/obj/x64/Debug/net8.0-android/android/bin/classes/androidx/cardview/R$dimen.class' -> 'goodrive://www.googleapis.com/:personal:/bannister/bannister/obj/x64/Debug/net8.0-android/android/bin/classes/androidx/cardview/R$dimen.class' (433)
2026-08-23 05:52:57: Copy Over 'C:/rock/bannister/Bannister/obj/x64/Debug/net8.0-android/android/bin/classes/androidx/cardview/R$style.class' -> 'goodrive://www.googleapis.com/:personal:/bannister/bannister/obj/x64/Debug/net8.0-android/android/bin/classes/androidx/cardview/R$style.class' (428)
2026-08-23 05:52:59: Copy Over 'C:/rock/bannister/Bannister/obj/x64/Debug/net8.0-android/android/bin/classes/androidx/cardview/R.class' -> 'goodrive://www.googleapis.com/:personal:/bannister/bannister/obj/x64/Debug/net8.0-android/android/bin/classes/androidx/cardview/R.class' (458)
2026-08-23 05:52:59: Copy Over 'C:/rock/bannister/Bannister/obj/x64/Debug/net8.0-android/android/bin/classes/androidx/cardview/R$styleable.class' -> 'goodrive://www.googleapis.com/:personal:/bannister/bannister/obj/x64/Debug/net8.0-android/android/bin/classes/androidx/cardview/R$styleable.class' (1,178)
2026-08-23 05:53:00: Copy Over 'C:/rock/bannister/Bannister/obj/x64/Debug/net8.0-android/android/bin/classes/androidx/browser/R$color.class' -> 'goodrive://www.googleapis.com/:personal:/bannister/bannister/obj/x64/Debug/net8.0-android/android/bin/classes/androidx/browser/R$color.class' (483)
2026-08-23 05:53:02: Copy Over 'C:/rock/bannister/Bannister/obj/x64/Debug/net8.0-android/android/bin/classes/androidx/browser/R$dimen.class' -> 'goodrive://www.googleapis.com/:personal:/bannister/bannister/obj/x64/Debug/net8.0-android/android/bin/classes/androidx/browser/R$dimen.class' (408)
2026-08-23 05:53:02: Copy Over 'C:/rock/bannister/Bannister/obj/x64/Debug/net8.0-android/android/bin/classes/androidx/browser/R$id.class' -> 'goodrive://www.googleapis.com/:personal:/bannister/bannister/obj/x64/Debug/net8.0-android/android/bin/classes/androidx/browser/R$id.class' (534)
2026-08-23 05:53:04: Copy Over 'C:/rock/bannister/Bannister/obj/x64/Debug/net8.0-android/android/bin/classes/androidx/browser/R$layout.class' -> 'goodrive://www.googleapis.com/:personal:/bannister/bannister/obj/x64/Debug/net8.0-android/android/bin/classes/androidx/browser/R$layout.class' (397)
2026-08-23 05:53:05: Copy Over 'C:/rock/bannister/Bannister/obj/x64/Debug/net8.0-android/android/bin/classes/androidx/browser/R$xml.class' -> 'goodrive://www.googleapis.com/:personal:/bannister/bannister/obj/x64/Debug/net8.0-android/android/bin/classes/androidx/browser/R$xml.class' (323)
2026-08-23 05:53:05: Copy Over 'C:/rock/bannister/Bannister/obj/x64/Debug/net8.0-android/android/bin/classes/androidx/browser/R$string.class' -> 'goodrive://www.googleapis.com/:personal:/bannister/bannister/obj/x64/Debug/net8.0-android/android/bin/classes/androidx/browser/R$string.class' (485)
2026-08-23 05:53:07: Copy Over 'C:/rock/bannister/Bannister/obj/x64/Debug/net8.0-android/android/bin/classes/androidx/browser/R.class' -> 'goodrive://www.googleapis.com/:personal:/bannister/bannister/obj/x64/Debug/net8.0-android/android/bin/classes/androidx/browser/R.class' (486)
2026-08-23 05:53:08: Copy Over 'C:/rock/bannister/Bannister/obj/x64/Debug/net8.0-android/android/bin/classes/androidx/constraintlayout/widget/R$anim.class' -> 'goodrive://www.googleapis.com/:personal:/bannister/bannister/obj/x64/Debug/net8.0-android/android/bin/classes/androidx/constraintlayout/widget/R$anim.class' (1,654)
2026-08-23 05:53:08: Copy Over 'C:/rock/bannister/Bannister/obj/x64/Debug/net8.0-android/android/bin/classes/androidx/coordinatorlayout/R$attr.class' -> 'goodrive://www.googleapis.com/:personal:/bannister/bannister/obj/x64/Debug/net8.0-android/android/bin/classes/androidx/coordinatorlayout/R$attr.class' (665)
2026-08-23 05:53:11: Copy Over 'C:/rock/bannister/Bannister/obj/x64/Debug/net8.0-android/android/bin/classes/androidx/constraintlayout/widget/R$attr.class' -> 'goodrive://www.googleapis.com/:personal:/bannister/bannister/obj/x64/Debug/net8.0-android/android/bin/classes/androidx/constraintlayout/widget/R$attr.class' (23,341)
2026-08-23 05:53:11: Copy Over 'C:/rock/bannister/Bannister/obj/x64/Debug/net8.0-android/android/bin/classes/androidx/constraintlayout/widget/R$bool.class' -> 'goodrive://www.googleapis.com/:personal:/bannister/bannister/obj/x64/Debug/net8.0-android/android/bin/classes/androidx/constraintlayout/widget/R$bool.class' (417)
2026-08-23 05:53:11: Copy Over 'C:/rock/bannister/Bannister/obj/x64/Debug/net8.0-android/android/bin/classes/androidx/constraintlayout/widget/R$color.class' -> 'goodrive://www.googleapis.com/:personal:/bannister/bannister/obj/x64/Debug/net8.0-android/android/bin/classes/androidx/constraintlayout/widget/R$color.class' (4,896)
2026-08-23 05:53:14: Copy Over 'C:/rock/bannister/Bannister/obj/x64/Debug/net8.0-android/android/bin/classes/androidx/constraintlayout/widget/R$drawable.class' -> 'goodrive://www.googleapis.com/:personal:/bannister/bannister/obj/x64/Debug/net8.0-android/android/bin/classes/androidx/constraintlayout/widget/R$drawable.class' (5,417)
2026-08-23 05:53:14: Copy Over 'C:/rock/bannister/Bannister/obj/x64/Debug/net8.0-android/android/bin/classes/androidx/constraintlayout/widget/R$dimen.class' -> 'goodrive://www.googleapis.com/:personal:/bannister/bannister/obj/x64/Debug/net8.0-android/android/bin/classes/androidx/constraintlayout/widget/R$dimen.class' (6,927)
2026-08-23 05:53:15: Copy Over 'C:/rock/bannister/Bannister/obj/x64/Debug/net8.0-android/android/bin/classes/androidx/constraintlayout/widget/R$id.class' -> 'goodrive://www.googleapis.com/:personal:/bannister/bannister/obj/x64/Debug/net8.0-android/android/bin/classes/androidx/constraintlayout/widget/R$id.class' (9,913)
2026-08-23 05:53:18: Copy Over 'C:/rock/bannister/Bannister/obj/x64/Debug/net8.0-android/android/bin/classes/androidx/constraintlayout/widget/R$integer.class' -> 'goodrive://www.googleapis.com/:personal:/bannister/bannister/obj/x64/Debug/net8.0-android/android/bin/classes/androidx/constraintlayout/widget/R$integer.class' (576)
2026-08-23 05:53:18: Copy Over 'C:/rock/bannister/Bannister/obj/x64/Debug/net8.0-android/android/bin/classes/androidx/constraintlayout/widget/R$interpolator.class' -> 'goodrive://www.googleapis.com/:personal:/bannister/bannister/obj/x64/Debug/net8.0-android/android/bin/classes/androidx/constraintlayout/widget/R$interpolator.class' (807)
2026-08-23 05:53:18: Copy Over 'C:/rock/bannister/Bannister/obj/x64/Debug/net8.0-android/android/bin/classes/androidx/constraintlayout/widget/R$layout.class' -> 'goodrive://www.googleapis.com/:personal:/bannister/bannister/obj/x64/Debug/net8.0-android/android/bin/classes/androidx/constraintlayout/widget/R$layout.class' (2,308)
2026-08-23 05:53:21: Copy Over 'C:/rock/bannister/Bannister/obj/x64/Debug/net8.0-android/android/bin/classes/androidx/constraintlayout/widget/R$string.class' -> 'goodrive://www.googleapis.com/:personal:/bannister/bannister/obj/x64/Debug/net8.0-android/android/bin/classes/androidx/constraintlayout/widget/R$string.class' (1,860)
2026-08-23 05:53:21: Copy Over 'C:/rock/bannister/Bannister/obj/x64/Debug/net8.0-android/android/bin/classes/androidx/constraintlayout/widget/R$style.class' -> 'goodrive://www.googleapis.com/:personal:/bannister/bannister/obj/x64/Debug/net8.0-android/android/bin/classes/androidx/constraintlayout/widget/R$style.class' (21,878)
2026-08-23 05:53:21: Copy Over 'C:/rock/bannister/Bannister/obj/x64/Debug/net8.0-android/android/bin/classes/androidx/constraintlayout/widget/R$styleable.class' -> 'goodrive://www.googleapis.com/:personal:/bannister/bannister/obj/x64/Debug/net8.0-android/android/bin/classes/androidx/constraintlayout/widget/R$styleable.class' (82,207)
2026-08-23 05:53:24: Copy Over 'C:/rock/bannister/Bannister/obj/x64/Debug/net8.0-android/android/bin/classes/androidx/coordinatorlayout/R$id.class' -> 'goodrive://www.googleapis.com/:personal:/bannister/bannister/obj/x64/Debug/net8.0-android/android/bin/classes/androidx/coordinatorlayout/R$id.class' (494)
2026-08-23 05:53:24: Copy Over 'C:/rock/bannister/Bannister/obj/x64/Debug/net8.0-android/android/bin/classes/androidx/constraintlayout/widget/R.class' -> 'goodrive://www.googleapis.com/:personal:/bannister/bannister/obj/x64/Debug/net8.0-android/android/bin/classes/androidx/constraintlayout/widget/R.class' (1,062)
2026-08-23 05:53:25: Copy Over 'C:/rock/bannister/Bannister/obj/x64/Debug/net8.0-android/android/bin/classes/androidx/coordinatorlayout/R$style.class' -> 'goodrive://www.googleapis.com/:personal:/bannister/bannister/obj/x64/Debug/net8.0-android/android/bin/classes/androidx/coordinatorlayout/R$style.class' (358)
2026-08-23 05:53:28: Copy Over 'C:/rock/bannister/Bannister/obj/x64/Debug/net8.0-android/android/bin/classes/androidx/coordinatorlayout/R.class' -> 'goodrive://www.googleapis.com/:personal:/bannister/bannister/obj/x64/Debug/net8.0-android/android/bin/classes/androidx/coordinatorlayout/R.class' (450)
2026-08-23 05:53:28: Copy Over 'C:/rock/bannister/Bannister/obj/x64/Debug/net8.0-android/android/bin/classes/androidx/cursoradapter/R.class' -> 'goodrive://www.googleapis.com/:personal:/bannister/bannister/obj/x64/Debug/net8.0-android/android/bin/classes/androidx/cursoradapter/R.class' (199)
2026-08-23 05:53:28: Copy Over 'C:/rock/bannister/Bannister/obj/x64/Debug/net8.0-android/android/bin/classes/androidx/coordinatorlayout/R$styleable.class' -> 'goodrive://www.googleapis.com/:personal:/bannister/bannister/obj/x64/Debug/net8.0-android/android/bin/classes/androidx/coordinatorlayout/R$styleable.class' (1,122)
2026-08-23 05:53:31: Copy Over 'C:/rock/bannister/Bannister/obj/x64/Debug/net8.0-android/android/bin/classes/androidx/core/R$attr.class' -> 'goodrive://www.googleapis.com/:personal:/bannister/bannister/obj/x64/Debug/net8.0-android/android/bin/classes/androidx/core/R$attr.class' (950)
2026-08-23 05:53:31: Copy Over 'C:/rock/bannister/Bannister/obj/x64/Debug/net8.0-android/android/bin/classes/androidx/core/ktx/R.class' -> 'goodrive://www.googleapis.com/:personal:/bannister/bannister/obj/x64/Debug/net8.0-android/android/bin/classes/androidx/core/ktx/R.class' (194)
2026-08-23 05:53:31: Copy Over 'C:/rock/bannister/Bannister/obj/x64/Debug/net8.0-android/android/bin/classes/androidx/core/R$color.class' -> 'goodrive://www.googleapis.com/:personal:/bannister/bannister/obj/x64/Debug/net8.0-android/android/bin/classes/androidx/core/R$color.class' (625)
2026-08-23 05:53:34: Copy Over 'C:/rock/bannister/Bannister/obj/x64/Debug/net8.0-android/android/bin/classes/androidx/core/R$dimen.class' -> 'goodrive://www.googleapis.com/:personal:/bannister/bannister/obj/x64/Debug/net8.0-android/android/bin/classes/androidx/core/R$dimen.class' (1,537)
2026-08-23 05:53:34: Copy Over 'C:/rock/bannister/Bannister/obj/x64/Debug/net8.0-android/android/bin/classes/androidx/core/R$drawable.class' -> 'goodrive://www.googleapis.com/:personal:/bannister/bannister/obj/x64/Debug/net8.0-android/android/bin/classes/androidx/core/R$drawable.class' (1,136)
2026-08-23 05:53:35: Copy Over 'C:/rock/bannister/Bannister/obj/x64/Debug/net8.0-android/android/bin/classes/androidx/core/R$id.class' -> 'goodrive://www.googleapis.com/:personal:/bannister/bannister/obj/x64/Debug/net8.0-android/android/bin/classes/androidx/core/R$id.class' (3,611)
2026-08-23 05:53:37: Copy Over 'C:/rock/bannister/Bannister/obj/x64/Debug/net8.0-android/android/bin/classes/androidx/core/R$integer.class' -> 'goodrive://www.googleapis.com/:personal:/bannister/bannister/obj/x64/Debug/net8.0-android/android/bin/classes/androidx/core/R$integer.class' (339)
2026-08-23 05:53:37: Copy Over 'C:/rock/bannister/Bannister/obj/x64/Debug/net8.0-android/android/bin/classes/androidx/core/R$layout.class' -> 'goodrive://www.googleapis.com/:personal:/bannister/bannister/obj/x64/Debug/net8.0-android/android/bin/classes/androidx/core/R$layout.class' (640)
2026-08-23 05:53:38: Copy Over 'C:/rock/bannister/Bannister/obj/x64/Debug/net8.0-android/android/bin/classes/androidx/core/R$string.class' -> 'goodrive://www.googleapis.com/:personal:/bannister/bannister/obj/x64/Debug/net8.0-android/android/bin/classes/androidx/core/R$string.class' (732)
2026-08-23 05:53:40: Copy Over 'C:/rock/bannister/Bannister/obj/x64/Debug/net8.0-android/android/bin/classes/androidx/core/R$style.class' -> 'goodrive://www.googleapis.com/:personal:/bannister/bannister/obj/x64/Debug/net8.0-android/android/bin/classes/androidx/core/R$style.class' (713)
2026-08-23 05:53:41: Copy Over 'C:/rock/bannister/Bannister/obj/x64/Debug/net8.0-android/android/bin/classes/androidx/core/R$styleable.class' -> 'goodrive://www.googleapis.com/:personal:/bannister/bannister/obj/x64/Debug/net8.0-android/android/bin/classes/androidx/core/R$styleable.class' (2,912)
2026-08-23 05:53:42: Copy Over 'C:/rock/bannister/Bannister/obj/x64/Debug/net8.0-android/android/bin/classes/androidx/core/R.class' -> 'goodrive://www.googleapis.com/:personal:/bannister/bannister/obj/x64/Debug/net8.0-android/android/bin/classes/androidx/core/R.class' (657)
2026-08-23 05:53:43: Copy Over 'C:/rock/bannister/Bannister/obj/x64/Debug/net8.0-android/android/bin/classes/androidx/documentfile/R.class' -> 'goodrive://www.googleapis.com/:personal:/bannister/bannister/obj/x64/Debug/net8.0-android/android/bin/classes/androidx/documentfile/R.class' (198)
2026-08-23 05:53:44: Copy Over 'C:/rock/bannister/Bannister/obj/x64/Debug/net8.0-android/android/bin/classes/androidx/customview/poolingcontainer/R$id.class' -> 'goodrive://www.googleapis.com/:personal:/bannister/bannister/obj/x64/Debug/net8.0-android/android/bin/classes/androidx/customview/poolingcontainer/R$id.class' (425)
2026-08-23 05:53:46: Copy Over 'C:/rock/bannister/Bannister/obj/x64/Debug/net8.0-android/android/bin/classes/androidx/customview/poolingcontainer/R.class' -> 'goodrive://www.googleapis.com/:personal:/bannister/bannister/obj/x64/Debug/net8.0-android/android/bin/classes/androidx/customview/poolingcontainer/R.class' (296)
2026-08-23 05:53:47: Copy Over 'C:/rock/bannister/Bannister/obj/x64/Debug/net8.0-android/android/bin/classes/androidx/customview/R$attr.class' -> 'goodrive://www.googleapis.com/:personal:/bannister/bannister/obj/x64/Debug/net8.0-android/android/bin/classes/androidx/customview/R$attr.class' (754)
2026-08-23 05:53:48: Copy Over 'C:/rock/bannister/Bannister/obj/x64/Debug/net8.0-android/android/bin/classes/androidx/customview/R$color.class' -> 'goodrive://www.googleapis.com/:personal:/bannister/bannister/obj/x64/Debug/net8.0-android/android/bin/classes/androidx/customview/R$color.class' (528)
2026-08-23 05:53:49: Copy Over 'C:/rock/bannister/Bannister/obj/x64/Debug/net8.0-android/android/bin/classes/androidx/customview/R$dimen.class' -> 'goodrive://www.googleapis.com/:personal:/bannister/bannister/obj/x64/Debug/net8.0-android/android/bin/classes/androidx/customview/R$dimen.class' (1,549)
2026-08-23 05:53:50: Copy Over 'C:/rock/bannister/Bannister/obj/x64/Debug/net8.0-android/android/bin/classes/androidx/customview/R$drawable.class' -> 'goodrive://www.googleapis.com/:personal:/bannister/bannister/obj/x64/Debug/net8.0-android/android/bin/classes/androidx/customview/R$drawable.class' (894)
2026-08-23 05:53:51: Copy Over 'C:/rock/bannister/Bannister/obj/x64/Debug/net8.0-android/android/bin/classes/androidx/customview/R$id.class' -> 'goodrive://www.googleapis.com/:personal:/bannister/bannister/obj/x64/Debug/net8.0-android/android/bin/classes/androidx/customview/R$id.class' (3,354)
2026-08-23 05:53:52: Copy Over 'C:/rock/bannister/Bannister/obj/x64/Debug/net8.0-android/android/bin/classes/androidx/customview/R$integer.class' -> 'goodrive://www.googleapis.com/:personal:/bannister/bannister/obj/x64/Debug/net8.0-android/android/bin/classes/androidx/customview/R$integer.class' (351)
2026-08-23 05:53:53: Copy Over 'C:/rock/bannister/Bannister/obj/x64/Debug/net8.0-android/android/bin/classes/androidx/customview/R$layout.class' -> 'goodrive://www.googleapis.com/:personal:/bannister/bannister/obj/x64/Debug/net8.0-android/android/bin/classes/androidx/customview/R$layout.class' (652)
2026-08-23 05:53:55: Copy Over 'C:/rock/bannister/Bannister/obj/x64/Debug/net8.0-android/android/bin/classes/androidx/customview/R$string.class' -> 'goodrive://www.googleapis.com/:personal:/bannister/bannister/obj/x64/Debug/net8.0-android/android/bin/classes/androidx/customview/R$string.class' (351)
2026-08-23 05:53:56: Copy Over 'C:/rock/bannister/Bannister/obj/x64/Debug/net8.0-android/android/bin/classes/androidx/customview/R$style.class' -> 'goodrive://www.googleapis.com/:personal:/bannister/bannister/obj/x64/Debug/net8.0-android/android/bin/classes/androidx/customview/R$style.class' (725)
2026-08-23 05:53:57: Copy Over 'C:/rock/bannister/Bannister/obj/x64/Debug/net8.0-android/android/bin/classes/androidx/customview/R$styleable.class' -> 'goodrive://www.googleapis.com/:personal:/bannister/bannister/obj/x64/Debug/net8.0-android/android/bin/classes/androidx/customview/R$styleable.class' (2,617)
2026-08-23 05:53:58: Copy Over 'C:/rock/bannister/Bannister/obj/x64/Debug/net8.0-android/android/bin/classes/androidx/customview/R.class' -> 'goodrive://www.googleapis.com/:personal:/bannister/bannister/obj/x64/Debug/net8.0-android/android/bin/classes/androidx/customview/R.class' (723)
2026-08-23 05:54:00: Copy Over 'C:/rock/bannister/Bannister/obj/x64/Debug/net8.0-android/android/bin/classes/androidx/drawerlayout/R$attr.class' -> 'goodrive://www.googleapis.com/:personal:/bannister/bannister/obj/x64/Debug/net8.0-android/android/bin/classes/androidx/drawerlayout/R$attr.class' (364)
2026-08-23 05:54:00: Copy Over 'C:/rock/bannister/Bannister/obj/x64/Debug/net8.0-android/android/bin/classes/androidx/dynamicanimation/R$attr.class' -> 'goodrive://www.googleapis.com/:personal:/bannister/bannister/obj/x64/Debug/net8.0-android/android/bin/classes/androidx/dynamicanimation/R$attr.class' (766)
2026-08-23 05:54:01: Copy Over 'C:/rock/bannister/Bannister/obj/x64/Debug/net8.0-android/android/bin/classes/androidx/dynamicanimation/R$color.class' -> 'goodrive://www.googleapis.com/:personal:/bannister/bannister/obj/x64/Debug/net8.0-android/android/bin/classes/androidx/dynamicanimation/R$color.class' (512)
2026-08-23 05:54:03: Copy Over 'C:/rock/bannister/Bannister/obj/x64/Debug/net8.0-android/android/bin/classes/androidx/dynamicanimation/R$dimen.class' -> 'goodrive://www.googleapis.com/:personal:/bannister/bannister/obj/x64/Debug/net8.0-android/android/bin/classes/androidx/dynamicanimation/R$dimen.class' (1,561)
2026-08-23 05:54:03: Copy Over 'C:/rock/bannister/Bannister/obj/x64/Debug/net8.0-android/android/bin/classes/androidx/dynamicanimation/R$drawable.class' -> 'goodrive://www.googleapis.com/:personal:/bannister/bannister/obj/x64/Debug/net8.0-android/android/bin/classes/androidx/dynamicanimation/R$drawable.class' (906)
2026-08-23 05:54:04: Copy Over 'C:/rock/bannister/Bannister/obj/x64/Debug/net8.0-android/android/bin/classes/androidx/dynamicanimation/R$id.class' -> 'goodrive://www.googleapis.com/:personal:/bannister/bannister/obj/x64/Debug/net8.0-android/android/bin/classes/androidx/dynamicanimation/R$id.class' (1,294)
2026-08-23 05:54:07: Copy Over 'C:/rock/bannister/Bannister/obj/x64/Debug/net8.0-android/android/bin/classes/androidx/dynamicanimation/R$integer.class' -> 'goodrive://www.googleapis.com/:personal:/bannister/bannister/obj/x64/Debug/net8.0-android/android/bin/classes/androidx/dynamicanimation/R$integer.class' (363)
2026-08-23 05:54:07: Copy Over 'C:/rock/bannister/Bannister/obj/x64/Debug/net8.0-android/android/bin/classes/androidx/dynamicanimation/R$layout.class' -> 'goodrive://www.googleapis.com/:personal:/bannister/bannister/obj/x64/Debug/net8.0-android/android/bin/classes/androidx/dynamicanimation/R$layout.class' (627)
2026-08-23 05:54:07: Copy Over 'C:/rock/bannister/Bannister/obj/x64/Debug/net8.0-android/android/bin/classes/androidx/dynamicanimation/R$string.class' -> 'goodrive://www.googleapis.com/:personal:/bannister/bannister/obj/x64/Debug/net8.0-android/android/bin/classes/androidx/dynamicanimation/R$string.class' (363)
2026-08-23 05:54:10: Copy Over 'C:/rock/bannister/Bannister/obj/x64/Debug/net8.0-android/android/bin/classes/androidx/dynamicanimation/R$style.class' -> 'goodrive://www.googleapis.com/:personal:/bannister/bannister/obj/x64/Debug/net8.0-android/android/bin/classes/androidx/dynamicanimation/R$style.class' (737)
2026-08-23 05:54:10: Copy Over 'C:/rock/bannister/Bannister/obj/x64/Debug/net8.0-android/android/bin/classes/androidx/dynamicanimation/R$styleable.class' -> 'goodrive://www.googleapis.com/:personal:/bannister/bannister/obj/x64/Debug/net8.0-android/android/bin/classes/androidx/dynamicanimation/R$styleable.class' (2,629)
2026-08-23 05:54:11: Copy Over 'C:/rock/bannister/Bannister/obj/x64/Debug/net8.0-android/android/bin/classes/androidx/dynamicanimation/R.class' -> 'goodrive://www.googleapis.com/:personal:/bannister/bannister/obj/x64/Debug/net8.0-android/android/bin/classes/androidx/dynamicanimation/R.class' (789)
2026-08-23 05:54:13: Copy Over 'C:/rock/bannister/Bannister/obj/x64/Debug/net8.0-android/android/bin/classes/androidx/drawerlayout/R$dimen.class' -> 'goodrive://www.googleapis.com/:personal:/bannister/bannister/obj/x64/Debug/net8.0-android/android/bin/classes/androidx/drawerlayout/R$dimen.class' (336)
2026-08-23 05:54:13: Copy Over 'C:/rock/bannister/Bannister/obj/x64/Debug/net8.0-android/android/bin/classes/androidx/drawerlayout/R$styleable.class' -> 'goodrive://www.googleapis.com/:personal:/bannister/bannister/obj/x64/Debug/net8.0-android/android/bin/classes/androidx/drawerlayout/R$styleable.class' (450)
2026-08-23 05:54:15: Copy Over 'C:/rock/bannister/Bannister/obj/x64/Debug/net8.0-android/android/bin/classes/androidx/drawerlayout/R.class' -> 'goodrive://www.googleapis.com/:personal:/bannister/bannister/obj/x64/Debug/net8.0-android/android/bin/classes/androidx/drawerlayout/R.class' (380)
2026-08-23 05:54:16: Copy Over 'C:/rock/bannister/Bannister/obj/x64/Debug/net8.0-android/android/bin/classes/androidx/emoji2/R.class' -> 'goodrive://www.googleapis.com/:personal:/bannister/bannister/obj/x64/Debug/net8.0-android/android/bin/classes/androidx/emoji2/R.class' (192)
2026-08-23 05:54:17: Copy Over 'C:/rock/bannister/Bannister/obj/x64/Debug/net8.0-android/android/bin/classes/androidx/exifinterface/R.class' -> 'goodrive://www.googleapis.com/:personal:/bannister/bannister/obj/x64/Debug/net8.0-android/android/bin/classes/androidx/exifinterface/R.class' (199)
2026-08-23 05:54:18: Copy Over 'C:/rock/bannister/Bannister/obj/x64/Debug/net8.0-android/android/bin/classes/androidx/emoji2/viewsintegration/R.class' -> 'goodrive://www.googleapis.com/:personal:/bannister/bannister/obj/x64/Debug/net8.0-android/android/bin/classes/androidx/emoji2/viewsintegration/R.class' (209)
2026-08-23 05:54:19: Copy Over 'C:/rock/bannister/Bannister/obj/x64/Debug/net8.0-android/android/bin/classes/androidx/fragment/R$anim.class' -> 'goodrive://www.googleapis.com/:personal:/bannister/bannister/obj/x64/Debug/net8.0-android/android/bin/classes/androidx/fragment/R$anim.class' (337)
2026-08-23 05:54:21: Copy Over 'C:/rock/bannister/Bannister/obj/x64/Debug/net8.0-android/android/bin/classes/androidx/fragment/ktx/R.class' -> 'goodrive://www.googleapis.com/:personal:/bannister/bannister/obj/x64/Debug/net8.0-android/android/bin/classes/androidx/fragment/ktx/R.class' (198)
2026-08-23 05:54:22: Copy Over 'C:/rock/bannister/Bannister/obj/x64/Debug/net8.0-android/android/bin/classes/androidx/fragment/R$animator.class' -> 'goodrive://www.googleapis.com/:personal:/bannister/bannister/obj/x64/Debug/net8.0-android/android/bin/classes/androidx/fragment/R$animator.class' (547)
2026-08-23 05:54:23: Copy Over 'C:/rock/bannister/Bannister/obj/x64/Debug/net8.0-android/android/bin/classes/androidx/fragment/R$id.class' -> 'goodrive://www.googleapis.com/:personal:/bannister/bannister/obj/x64/Debug/net8.0-android/android/bin/classes/androidx/fragment/R$id.class' (446)
2026-08-23 05:54:25: Copy Over 'C:/rock/bannister/Bannister/obj/x64/Debug/net8.0-android/android/bin/classes/androidx/fragment/R.class' -> 'goodrive://www.googleapis.com/:personal:/bannister/bannister/obj/x64/Debug/net8.0-android/android/bin/classes/androidx/fragment/R.class' (411)
2026-08-23 05:54:25: Copy Over 'C:/rock/bannister/Bannister/obj/x64/Debug/net8.0-android/android/bin/classes/androidx/fragment/R$styleable.class' -> 'goodrive://www.googleapis.com/:personal:/bannister/bannister/obj/x64/Debug/net8.0-android/android/bin/classes/androidx/fragment/R$styleable.class' (711)
2026-08-23 05:54:26: Copy Over 'C:/rock/bannister/Bannister/obj/x64/Debug/net8.0-android/android/bin/classes/androidx/interpolator/R.class' -> 'goodrive://www.googleapis.com/:personal:/bannister/bannister/obj/x64/Debug/net8.0-android/android/bin/classes/androidx/interpolator/R.class' (198)
2026-08-23 05:54:28: Copy Over 'C:/rock/bannister/Bannister/obj/x64/Debug/net8.0-android/android/bin/classes/androidx/lifecycle/ktx/R.class' -> 'goodrive://www.googleapis.com/:personal:/bannister/bannister/obj/x64/Debug/net8.0-android/android/bin/classes/androidx/lifecycle/ktx/R.class' (199)
2026-08-23 05:54:28: Copy Over 'C:/rock/bannister/Bannister/obj/x64/Debug/net8.0-android/android/bin/classes/androidx/legacy/coreutils/R$attr.class' -> 'goodrive://www.googleapis.com/:personal:/bannister/bannister/obj/x64/Debug/net8.0-android/android/bin/classes/androidx/legacy/coreutils/R$attr.class' (766)
2026-08-23 05:54:30: Copy Over 'C:/rock/bannister/Bannister/obj/x64/Debug/net8.0-android/android/bin/classes/androidx/lifecycle/livedata/R.class' -> 'goodrive://www.googleapis.com/:personal:/bannister/bannister/obj/x64/Debug/net8.0-android/android/bin/classes/androidx/lifecycle/livedata/R.class' (204)
2026-08-23 05:54:31: Copy Over 'C:/rock/bannister/Bannister/obj/x64/Debug/net8.0-android/android/bin/classes/androidx/lifecycle/livedata/core/ktx/R.class' -> 'goodrive://www.googleapis.com/:personal:/bannister/bannister/obj/x64/Debug/net8.0-android/android/bin/classes/androidx/lifecycle/livedata/core/ktx/R.class' (213)
2026-08-23 05:54:31: Copy Over 'C:/rock/bannister/Bannister/obj/x64/Debug/net8.0-android/android/bin/classes/androidx/lifecycle/livedata/core/R.class' -> 'goodrive://www.googleapis.com/:personal:/bannister/bannister/obj/x64/Debug/net8.0-android/android/bin/classes/androidx/lifecycle/livedata/core/R.class' (209)
2026-08-23 05:54:33: Copy Over 'C:/rock/bannister/Bannister/obj/x64/Debug/net8.0-android/android/bin/classes/androidx/lifecycle/process/R.class' -> 'goodrive://www.googleapis.com/:personal:/bannister/bannister/obj/x64/Debug/net8.0-android/android/bin/classes/androidx/lifecycle/process/R.class' (203)
2026-08-23 05:54:35: Copy Over 'C:/rock/bannister/Bannister/obj/x64/Debug/net8.0-android/android/bin/classes/androidx/lifecycle/runtime/R$id.class' -> 'goodrive://www.googleapis.com/:personal:/bannister/bannister/obj/x64/Debug/net8.0-android/android/bin/classes/androidx/lifecycle/runtime/R$id.class' (345)
2026-08-23 05:54:35: Copy Over 'C:/rock/bannister/Bannister/obj/x64/Debug/net8.0-android/android/bin/classes/androidx/lifecycle/runtime/R.class' -> 'goodrive://www.googleapis.com/:personal:/bannister/bannister/obj/x64/Debug/net8.0-android/android/bin/classes/androidx/lifecycle/runtime/R.class' (276)
2026-08-23 05:54:37: Copy Over 'C:/rock/bannister/Bannister/obj/x64/Debug/net8.0-android/android/bin/classes/androidx/legacy/coreutils/R$color.class' -> 'goodrive://www.googleapis.com/:personal:/bannister/bannister/obj/x64/Debug/net8.0-android/android/bin/classes/androidx/legacy/coreutils/R$color.class' (512)
2026-08-23 05:54:38: Copy Over 'C:/rock/bannister/Bannister/obj/x64/Debug/net8.0-android/android/bin/classes/androidx/lifecycle/viewmodel/R$id.class' -> 'goodrive://www.googleapis.com/:personal:/bannister/bannister/obj/x64/Debug/net8.0-android/android/bin/classes/androidx/lifecycle/viewmodel/R$id.class' (356)
2026-08-23 05:54:38: Copy Over 'C:/rock/bannister/Bannister/obj/x64/Debug/net8.0-android/android/bin/classes/androidx/lifecycle/viewmodel/ktx/R.class' -> 'goodrive://www.googleapis.com/:personal:/bannister/bannister/obj/x64/Debug/net8.0-android/android/bin/classes/androidx/lifecycle/viewmodel/ktx/R.class' (209)
2026-08-23 05:54:40: Copy Over 'C:/rock/bannister/Bannister/obj/x64/Debug/net8.0-android/android/bin/classes/androidx/lifecycle/viewmodel/R.class' -> 'goodrive://www.googleapis.com/:personal:/bannister/bannister/obj/x64/Debug/net8.0-android/android/bin/classes/androidx/lifecycle/viewmodel/R.class' (280)
2026-08-23 05:54:41: Copy Over 'C:/rock/bannister/Bannister/obj/x64/Debug/net8.0-android/android/bin/classes/androidx/legacy/coreutils/R$dimen.class' -> 'goodrive://www.googleapis.com/:personal:/bannister/bannister/obj/x64/Debug/net8.0-android/android/bin/classes/androidx/legacy/coreutils/R$dimen.class' (1,561)
2026-08-23 05:54:42: Copy Over 'C:/rock/bannister/Bannister/obj/x64/Debug/net8.0-android/android/bin/classes/androidx/lifecycle/viewmodel/savedstate/R.class' -> 'goodrive://www.googleapis.com/:personal:/bannister/bannister/obj/x64/Debug/net8.0-android/android/bin/classes/androidx/lifecycle/viewmodel/savedstate/R.class' (216)
2026-08-23 05:54:43: Copy Over 'C:/rock/bannister/Bannister/obj/x64/Debug/net8.0-android/android/bin/classes/androidx/legacy/coreutils/R$drawable.class' -> 'goodrive://www.googleapis.com/:personal:/bannister/bannister/obj/x64/Debug/net8.0-android/android/bin/classes/androidx/legacy/coreutils/R$drawable.class' (906)
2026-08-23 05:54:45: Copy Over 'C:/rock/bannister/Bannister/obj/x64/Debug/net8.0-android/android/bin/classes/androidx/legacy/coreutils/R$id.class' -> 'goodrive://www.googleapis.com/:personal:/bannister/bannister/obj/x64/Debug/net8.0-android/android/bin/classes/androidx/legacy/coreutils/R$id.class' (1,294)
2026-08-23 05:54:46: Copy Over 'C:/rock/bannister/Bannister/obj/x64/Debug/net8.0-android/android/bin/classes/androidx/legacy/coreutils/R$integer.class' -> 'goodrive://www.googleapis.com/:personal:/bannister/bannister/obj/x64/Debug/net8.0-android/android/bin/classes/androidx/legacy/coreutils/R$integer.class' (363)
2026-08-23 05:54:46: Copy Over 'C:/rock/bannister/Bannister/obj/x64/Debug/net8.0-android/android/bin/classes/androidx/legacy/coreutils/R$layout.class' -> 'goodrive://www.googleapis.com/:personal:/bannister/bannister/obj/x64/Debug/net8.0-android/android/bin/classes/androidx/legacy/coreutils/R$layout.class' (627)
2026-08-23 05:54:49: Copy Over 'C:/rock/bannister/Bannister/obj/x64/Debug/net8.0-android/android/bin/classes/androidx/legacy/coreutils/R$string.class' -> 'goodrive://www.googleapis.com/:personal:/bannister/bannister/obj/x64/Debug/net8.0-android/android/bin/classes/androidx/legacy/coreutils/R$string.class' (363)
2026-08-23 05:54:49: Copy Over 'C:/rock/bannister/Bannister/obj/x64/Debug/net8.0-android/android/bin/classes/androidx/legacy/coreutils/R$style.class' -> 'goodrive://www.googleapis.com/:personal:/bannister/bannister/obj/x64/Debug/net8.0-android/android/bin/classes/androidx/legacy/coreutils/R$style.class' (737)
2026-08-23 05:54:50: Copy Over 'C:/rock/bannister/Bannister/obj/x64/Debug/net8.0-android/android/bin/classes/androidx/legacy/coreutils/R$styleable.class' -> 'goodrive://www.googleapis.com/:personal:/bannister/bannister/obj/x64/Debug/net8.0-android/android/bin/classes/androidx/legacy/coreutils/R$styleable.class' (2,629)
2026-08-23 05:54:52: Copy Over 'C:/rock/bannister/Bannister/obj/x64/Debug/net8.0-android/android/bin/classes/androidx/loader/R$attr.class' -> 'goodrive://www.googleapis.com/:personal:/bannister/bannister/obj/x64/Debug/net8.0-android/android/bin/classes/androidx/loader/R$attr.class' (746)
2026-08-23 05:54:52: Copy Over 'C:/rock/bannister/Bannister/obj/x64/Debug/net8.0-android/android/bin/classes/androidx/legacy/coreutils/R.class' -> 'goodrive://www.googleapis.com/:personal:/bannister/bannister/obj/x64/Debug/net8.0-android/android/bin/classes/androidx/legacy/coreutils/R.class' (789)
2026-08-23 05:54:53: Copy Over 'C:/rock/bannister/Bannister/obj/x64/Debug/net8.0-android/android/bin/classes/androidx/localbroadcastmanager/R.class' -> 'goodrive://www.googleapis.com/:personal:/bannister/bannister/obj/x64/Debug/net8.0-android/android/bin/classes/androidx/localbroadcastmanager/R.class' (207)
2026-08-23 05:54:55: Copy Over 'C:/rock/bannister/Bannister/obj/x64/Debug/net8.0-android/android/bin/classes/androidx/loader/R$color.class' -> 'goodrive://www.googleapis.com/:personal:/bannister/bannister/obj/x64/Debug/net8.0-android/android/bin/classes/androidx/loader/R$color.class' (492)
2026-08-23 05:54:56: Copy Over 'C:/rock/bannister/Bannister/obj/x64/Debug/net8.0-android/android/bin/classes/androidx/loader/R$dimen.class' -> 'goodrive://www.googleapis.com/:personal:/bannister/bannister/obj/x64/Debug/net8.0-android/android/bin/classes/androidx/loader/R$dimen.class' (1,541)
2026-08-23 05:54:57: Copy Over 'C:/rock/bannister/Bannister/obj/x64/Debug/net8.0-android/android/bin/classes/androidx/loader/R$drawable.class' -> 'goodrive://www.googleapis.com/:personal:/bannister/bannister/obj/x64/Debug/net8.0-android/android/bin/classes/androidx/loader/R$drawable.class' (886)
2026-08-23 05:54:58: Copy Over 'C:/rock/bannister/Bannister/obj/x64/Debug/net8.0-android/android/bin/classes/androidx/loader/R$id.class' -> 'goodrive://www.googleapis.com/:personal:/bannister/bannister/obj/x64/Debug/net8.0-android/android/bin/classes/androidx/loader/R$id.class' (1,274)
2026-08-23 05:54:59: Copy Over 'C:/rock/bannister/Bannister/obj/x64/Debug/net8.0-android/android/bin/classes/androidx/loader/R$integer.class' -> 'goodrive://www.googleapis.com/:personal:/bannister/bannister/obj/x64/Debug/net8.0-android/android/bin/classes/androidx/loader/R$integer.class' (343)
2026-08-23 05:55:00: Copy Over 'C:/rock/bannister/Bannister/obj/x64/Debug/net8.0-android/android/bin/classes/androidx/loader/R$layout.class' -> 'goodrive://www.googleapis.com/:personal:/bannister/bannister/obj/x64/Debug/net8.0-android/android/bin/classes/androidx/loader/R$layout.class' (607)
2026-08-23 05:55:02: Copy Over 'C:/rock/bannister/Bannister/obj/x64/Debug/net8.0-android/android/bin/classes/androidx/loader/R$string.class' -> 'goodrive://www.googleapis.com/:personal:/bannister/bannister/obj/x64/Debug/net8.0-android/android/bin/classes/androidx/loader/R$string.class' (343)
2026-08-23 05:55:03: Copy Over 'C:/rock/bannister/Bannister/obj/x64/Debug/net8.0-android/android/bin/classes/androidx/loader/R$style.class' -> 'goodrive://www.googleapis.com/:personal:/bannister/bannister/obj/x64/Debug/net8.0-android/android/bin/classes/androidx/loader/R$style.class' (717)
2026-08-23 05:55:04: Copy Over 'C:/rock/bannister/Bannister/obj/x64/Debug/net8.0-android/android/bin/classes/androidx/loader/R$styleable.class' -> 'goodrive://www.googleapis.com/:personal:/bannister/bannister/obj/x64/Debug/net8.0-android/android/bin/classes/androidx/loader/R$styleable.class' (2,609)
2026-08-23 05:55:05: Copy Over 'C:/rock/bannister/Bannister/obj/x64/Debug/net8.0-android/android/bin/classes/androidx/loader/R.class' -> 'goodrive://www.googleapis.com/:personal:/bannister/bannister/obj/x64/Debug/net8.0-android/android/bin/classes/androidx/loader/R.class' (679)
2026-08-23 05:55:06: Copy Over 'C:/rock/bannister/Bannister/obj/x64/Debug/net8.0-android/android/bin/classes/androidx/print/R.class' -> 'goodrive://www.googleapis.com/:personal:/bannister/bannister/obj/x64/Debug/net8.0-android/android/bin/classes/androidx/print/R.class' (191)
2026-08-23 05:55:07: Copy Over 'C:/rock/bannister/Bannister/obj/x64/Debug/net8.0-android/android/bin/classes/androidx/navigation/common/R$attr.class' -> 'goodrive://www.googleapis.com/:personal:/bannister/bannister/obj/x64/Debug/net8.0-android/android/bin/classes/androidx/navigation/common/R$attr.class' (878)
2026-08-23 05:55:08: Copy Over 'C:/rock/bannister/Bannister/obj/x64/Debug/net8.0-android/android/bin/classes/androidx/navigation/common/R$styleable.class' -> 'goodrive://www.googleapis.com/:personal:/bannister/bannister/obj/x64/Debug/net8.0-android/android/bin/classes/androidx/navigation/common/R$styleable.class' (1,803)
2026-08-23 05:55:09: Copy Over 'C:/rock/bannister/Bannister/obj/x64/Debug/net8.0-android/android/bin/classes/androidx/navigation/common/R.class' -> 'goodrive://www.googleapis.com/:personal:/bannister/bannister/obj/x64/Debug/net8.0-android/android/bin/classes/androidx/navigation/common/R.class' (344)
2026-08-23 05:55:10: Copy Over 'C:/rock/bannister/Bannister/obj/x64/Debug/net8.0-android/android/bin/classes/androidx/navigation/R$attr.class' -> 'goodrive://www.googleapis.com/:personal:/bannister/bannister/obj/x64/Debug/net8.0-android/android/bin/classes/androidx/navigation/R$attr.class' (477)
2026-08-23 05:55:12: Copy Over 'C:/rock/bannister/Bannister/obj/x64/Debug/net8.0-android/android/bin/classes/androidx/navigation/fragment/R$attr.class' -> 'goodrive://www.googleapis.com/:personal:/bannister/bannister/obj/x64/Debug/net8.0-android/android/bin/classes/androidx/navigation/fragment/R$attr.class' (342)
2026-08-23 05:55:13: Copy Over 'C:/rock/bannister/Bannister/obj/x64/Debug/net8.0-android/android/bin/classes/androidx/navigation/fragment/R$dimen.class' -> 'goodrive://www.googleapis.com/:personal:/bannister/bannister/obj/x64/Debug/net8.0-android/android/bin/classes/androidx/navigation/fragment/R$dimen.class' (360)
2026-08-23 05:55:13: Copy Over 'C:/rock/bannister/Bannister/obj/x64/Debug/net8.0-android/android/bin/classes/androidx/navigation/fragment/R$id.class' -> 'goodrive://www.googleapis.com/:personal:/bannister/bannister/obj/x64/Debug/net8.0-android/android/bin/classes/androidx/navigation/fragment/R$id.class' (447)
2026-08-23 05:55:15: Copy Over 'C:/rock/bannister/Bannister/obj/x64/Debug/net8.0-android/android/bin/classes/androidx/navigation/fragment/R$styleable.class' -> 'goodrive://www.googleapis.com/:personal:/bannister/bannister/obj/x64/Debug/net8.0-android/android/bin/classes/androidx/navigation/fragment/R$styleable.class' (696)
2026-08-23 05:55:16: Copy Over 'C:/rock/bannister/Bannister/obj/x64/Debug/net8.0-android/android/bin/classes/androidx/navigation/fragment/R.class' -> 'goodrive://www.googleapis.com/:personal:/bannister/bannister/obj/x64/Debug/net8.0-android/android/bin/classes/androidx/navigation/fragment/R.class' (460)
2026-08-23 05:55:16: Copy Over 'C:/rock/bannister/Bannister/obj/x64/Debug/net8.0-android/android/bin/classes/androidx/navigation/R$id.class' -> 'goodrive://www.googleapis.com/:personal:/bannister/bannister/obj/x64/Debug/net8.0-android/android/bin/classes/androidx/navigation/R$id.class' (329)
2026-08-23 05:55:18: Copy Over 'C:/rock/bannister/Bannister/obj/x64/Debug/net8.0-android/android/bin/classes/androidx/navigation/R$styleable.class' -> 'goodrive://www.googleapis.com/:personal:/bannister/bannister/obj/x64/Debug/net8.0-android/android/bin/classes/androidx/navigation/R$styleable.class' (870)
2026-08-23 05:55:19: Copy Over 'C:/rock/bannister/Bannister/obj/x64/Debug/net8.0-android/android/bin/classes/androidx/navigation/ui/R$anim.class' -> 'goodrive://www.googleapis.com/:personal:/bannister/bannister/obj/x64/Debug/net8.0-android/android/bin/classes/androidx/navigation/ui/R$anim.class' (482)
2026-08-23 05:55:20: Copy Over 'C:/rock/bannister/Bannister/obj/x64/Debug/net8.0-android/android/bin/classes/androidx/navigation/R.class' -> 'goodrive://www.googleapis.com/:personal:/bannister/bannister/obj/x64/Debug/net8.0-android/android/bin/classes/androidx/navigation/R.class' (366)
2026-08-23 05:55:22: Copy Over 'C:/rock/bannister/Bannister/obj/x64/Debug/net8.0-android/android/bin/classes/androidx/profileinstaller/R.class' -> 'goodrive://www.googleapis.com/:personal:/bannister/bannister/obj/x64/Debug/net8.0-android/android/bin/classes/androidx/profileinstaller/R.class' (202)
2026-08-23 05:55:23: Copy Over 'C:/rock/bannister/Bannister/obj/x64/Debug/net8.0-android/android/bin/classes/androidx/navigation/ui/R$animator.class' -> 'goodrive://www.googleapis.com/:personal:/bannister/bannister/obj/x64/Debug/net8.0-android/android/bin/classes/androidx/navigation/ui/R$animator.class' (490)
2026-08-23 05:55:24: Copy Over 'C:/rock/bannister/Bannister/obj/x64/Debug/net8.0-android/android/bin/classes/androidx/navigation/ui/R$integer.class' -> 'goodrive://www.googleapis.com/:personal:/bannister/bannister/obj/x64/Debug/net8.0-android/android/bin/classes/androidx/navigation/ui/R$integer.class' (340)
2026-08-23 05:55:25: Copy Over 'C:/rock/bannister/Bannister/obj/x64/Debug/net8.0-android/android/bin/classes/androidx/navigation/ui/R$string.class' -> 'goodrive://www.googleapis.com/:personal:/bannister/bannister/obj/x64/Debug/net8.0-android/android/bin/classes/androidx/navigation/ui/R$string.class' (448)
2026-08-23 05:55:27: Copy Over 'C:/rock/bannister/Bannister/obj/x64/Debug/net8.0-android/android/bin/classes/androidx/navigation/ui/R.class' -> 'goodrive://www.googleapis.com/:personal:/bannister/bannister/obj/x64/Debug/net8.0-android/android/bin/classes/androidx/navigation/ui/R.class' (440)
2026-08-23 05:55:27: Copy Over 'C:/rock/bannister/Bannister/obj/x64/Debug/net8.0-android/android/bin/classes/androidx/recyclerview/R$attr.class' -> 'goodrive://www.googleapis.com/:personal:/bannister/bannister/obj/x64/Debug/net8.0-android/android/bin/classes/androidx/recyclerview/R$attr.class' (739)
2026-08-23 05:55:28: Copy Over 'C:/rock/bannister/Bannister/obj/x64/Debug/net8.0-android/android/bin/classes/androidx/savedstate/R$id.class' -> 'goodrive://www.googleapis.com/:personal:/bannister/bannister/obj/x64/Debug/net8.0-android/android/bin/classes/androidx/savedstate/R$id.class' (342)
2026-08-23 05:55:30: Copy Over 'C:/rock/bannister/Bannister/obj/x64/Debug/net8.0-android/android/bin/classes/androidx/savedstate/ktx/R.class' -> 'goodrive://www.googleapis.com/:personal:/bannister/bannister/obj/x64/Debug/net8.0-android/android/bin/classes/androidx/savedstate/ktx/R.class' (200)
2026-08-23 05:55:31: Copy Over 'C:/rock/bannister/Bannister/obj/x64/Debug/net8.0-android/android/bin/classes/androidx/savedstate/R.class' -> 'goodrive://www.googleapis.com/:personal:/bannister/bannister/obj/x64/Debug/net8.0-android/android/bin/classes/androidx/savedstate/R.class' (262)
2026-08-23 05:55:31: Copy Over 'C:/rock/bannister/Bannister/obj/x64/Debug/net8.0-android/android/bin/classes/androidx/recyclerview/R$dimen.class' -> 'goodrive://www.googleapis.com/:personal:/bannister/bannister/obj/x64/Debug/net8.0-android/android/bin/classes/androidx/recyclerview/R$dimen.class' (630)
2026-08-23 05:55:34: Copy Over 'C:/rock/bannister/Bannister/obj/x64/Debug/net8.0-android/android/bin/classes/androidx/recyclerview/R.class' -> 'goodrive://www.googleapis.com/:personal:/bannister/bannister/obj/x64/Debug/net8.0-android/android/bin/classes/androidx/recyclerview/R.class' (425)
2026-08-23 05:55:34: Copy Over 'C:/rock/bannister/Bannister/obj/x64/Debug/net8.0-android/android/bin/classes/androidx/recyclerview/R$id.class' -> 'goodrive://www.googleapis.com/:personal:/bannister/bannister/obj/x64/Debug/net8.0-android/android/bin/classes/androidx/recyclerview/R$id.class' (346)
2026-08-23 05:55:34: Copy Over 'C:/rock/bannister/Bannister/obj/x64/Debug/net8.0-android/android/bin/classes/androidx/recyclerview/R$styleable.class' -> 'goodrive://www.googleapis.com/:personal:/bannister/bannister/obj/x64/Debug/net8.0-android/android/bin/classes/androidx/recyclerview/R$styleable.class' (1,227)
2026-08-23 05:55:37: Copy Over 'C:/rock/bannister/Bannister/obj/x64/Debug/net8.0-android/android/bin/classes/androidx/slidingpanelayout/R.class' -> 'goodrive://www.googleapis.com/:personal:/bannister/bannister/obj/x64/Debug/net8.0-android/android/bin/classes/androidx/slidingpanelayout/R.class' (203)
2026-08-23 05:55:37: Copy Over 'C:/rock/bannister/Bannister/obj/x64/Debug/net8.0-android/android/bin/classes/androidx/security/R.class' -> 'goodrive://www.googleapis.com/:personal:/bannister/bannister/obj/x64/Debug/net8.0-android/android/bin/classes/androidx/security/R.class' (194)
2026-08-23 05:55:38: Copy Over 'C:/rock/bannister/Bannister/obj/x64/Debug/net8.0-android/android/bin/classes/androidx/startup/R$string.class' -> 'goodrive://www.googleapis.com/:personal:/bannister/bannister/obj/x64/Debug/net8.0-android/android/bin/classes/androidx/startup/R$string.class' (324)
2026-08-23 05:55:41: Copy Over 'C:/rock/bannister/Bannister/obj/x64/Debug/net8.0-android/android/bin/classes/androidx/swiperefreshlayout/R$attr.class' -> 'goodrive://www.googleapis.com/:personal:/bannister/bannister/obj/x64/Debug/net8.0-android/android/bin/classes/androidx/swiperefreshlayout/R$attr.class' (842)
2026-08-23 05:55:41: Copy Over 'C:/rock/bannister/Bannister/obj/x64/Debug/net8.0-android/android/bin/classes/androidx/swiperefreshlayout/R$dimen.class' -> 'goodrive://www.googleapis.com/:personal:/bannister/bannister/obj/x64/Debug/net8.0-android/android/bin/classes/androidx/swiperefreshlayout/R$dimen.class' (1,565)
2026-08-23 05:55:41: Copy Over 'C:/rock/bannister/Bannister/obj/x64/Debug/net8.0-android/android/bin/classes/androidx/swiperefreshlayout/R$color.class' -> 'goodrive://www.googleapis.com/:personal:/bannister/bannister/obj/x64/Debug/net8.0-android/android/bin/classes/androidx/swiperefreshlayout/R$color.class' (516)
2026-08-23 05:55:44: Copy Over 'C:/rock/bannister/Bannister/obj/x64/Debug/net8.0-android/android/bin/classes/androidx/swiperefreshlayout/R$id.class' -> 'goodrive://www.googleapis.com/:personal:/bannister/bannister/obj/x64/Debug/net8.0-android/android/bin/classes/androidx/swiperefreshlayout/R$id.class' (3,370)
2026-08-23 05:55:44: Copy Over 'C:/rock/bannister/Bannister/obj/x64/Debug/net8.0-android/android/bin/classes/androidx/swiperefreshlayout/R$drawable.class' -> 'goodrive://www.googleapis.com/:personal:/bannister/bannister/obj/x64/Debug/net8.0-android/android/bin/classes/androidx/swiperefreshlayout/R$drawable.class' (910)
2026-08-23 05:55:44: Copy Over 'C:/rock/bannister/Bannister/obj/x64/Debug/net8.0-android/android/bin/classes/androidx/swiperefreshlayout/R$integer.class' -> 'goodrive://www.googleapis.com/:personal:/bannister/bannister/obj/x64/Debug/net8.0-android/android/bin/classes/androidx/swiperefreshlayout/R$integer.class' (367)
2026-08-23 05:55:47: Copy Over 'C:/rock/bannister/Bannister/obj/x64/Debug/net8.0-android/android/bin/classes/androidx/swiperefreshlayout/R$layout.class' -> 'goodrive://www.googleapis.com/:personal:/bannister/bannister/obj/x64/Debug/net8.0-android/android/bin/classes/androidx/swiperefreshlayout/R$layout.class' (668)
2026-08-23 05:55:48: Copy Over 'C:/rock/bannister/Bannister/obj/x64/Debug/net8.0-android/android/bin/classes/androidx/swiperefreshlayout/R$string.class' -> 'goodrive://www.googleapis.com/:personal:/bannister/bannister/obj/x64/Debug/net8.0-android/android/bin/classes/androidx/swiperefreshlayout/R$string.class' (367)
2026-08-23 05:55:48: Copy Over 'C:/rock/bannister/Bannister/obj/x64/Debug/net8.0-android/android/bin/classes/androidx/swiperefreshlayout/R$style.class' -> 'goodrive://www.googleapis.com/:personal:/bannister/bannister/obj/x64/Debug/net8.0-android/android/bin/classes/androidx/swiperefreshlayout/R$style.class' (741)
2026-08-23 05:55:51: Copy Over 'C:/rock/bannister/Bannister/obj/x64/Debug/net8.0-android/android/bin/classes/androidx/swiperefreshlayout/R$styleable.class' -> 'goodrive://www.googleapis.com/:personal:/bannister/bannister/obj/x64/Debug/net8.0-android/android/bin/classes/androidx/swiperefreshlayout/R$styleable.class' (2,778)
2026-08-23 05:55:51: Copy Over 'C:/rock/bannister/Bannister/obj/x64/Debug/net8.0-android/android/bin/classes/androidx/swiperefreshlayout/R.class' -> 'goodrive://www.googleapis.com/:personal:/bannister/bannister/obj/x64/Debug/net8.0-android/android/bin/classes/androidx/swiperefreshlayout/R.class' (811)
2026-08-23 05:55:51: Copy Over 'C:/rock/bannister/Bannister/obj/x64/Debug/net8.0-android/android/bin/classes/androidx/startup/R.class' -> 'goodrive://www.googleapis.com/:personal:/bannister/bannister/obj/x64/Debug/net8.0-android/android/bin/classes/androidx/startup/R.class' (264)
2026-08-23 05:55:54: Copy Over 'C:/rock/bannister/Bannister/obj/x64/Debug/net8.0-android/android/bin/classes/androidx/transition/R$anim.class' -> 'goodrive://www.googleapis.com/:personal:/bannister/bannister/obj/x64/Debug/net8.0-android/android/bin/classes/androidx/transition/R$anim.class' (845)
2026-08-23 05:55:54: Copy Over 'C:/rock/bannister/Bannister/obj/x64/Debug/net8.0-android/android/bin/classes/androidx/transition/R$attr.class' -> 'goodrive://www.googleapis.com/:personal:/bannister/bannister/obj/x64/Debug/net8.0-android/android/bin/classes/androidx/transition/R$attr.class' (11,464)
2026-08-23 05:55:54: Copy Over 'C:/rock/bannister/Bannister/obj/x64/Debug/net8.0-android/android/bin/classes/androidx/tracing/R.class' -> 'goodrive://www.googleapis.com/:personal:/bannister/bannister/obj/x64/Debug/net8.0-android/android/bin/classes/androidx/tracing/R.class' (193)
2026-08-23 05:55:57: Copy Over 'C:/rock/bannister/Bannister/obj/x64/Debug/net8.0-android/android/bin/classes/androidx/transition/R$bool.class' -> 'goodrive://www.googleapis.com/:personal:/bannister/bannister/obj/x64/Debug/net8.0-android/android/bin/classes/androidx/transition/R$bool.class' (391)
2026-08-23 05:55:58: Copy Over 'C:/rock/bannister/Bannister/obj/x64/Debug/net8.0-android/android/bin/classes/androidx/transition/R$color.class' -> 'goodrive://www.googleapis.com/:personal:/bannister/bannister/obj/x64/Debug/net8.0-android/android/bin/classes/androidx/transition/R$color.class' (4,628)
2026-08-23 05:55:58: Copy Over 'C:/rock/bannister/Bannister/obj/x64/Debug/net8.0-android/android/bin/classes/androidx/transition/R$dimen.class' -> 'goodrive://www.googleapis.com/:personal:/bannister/bannister/obj/x64/Debug/net8.0-android/android/bin/classes/androidx/transition/R$dimen.class' (6,730)
2026-08-23 05:56:01: Copy Over 'C:/rock/bannister/Bannister/obj/x64/Debug/net8.0-android/android/bin/classes/androidx/transition/R$drawable.class' -> 'goodrive://www.googleapis.com/:personal:/bannister/bannister/obj/x64/Debug/net8.0-android/android/bin/classes/androidx/transition/R$drawable.class' (4,846)
2026-08-23 05:56:01: Copy Over 'C:/rock/bannister/Bannister/obj/x64/Debug/net8.0-android/android/bin/classes/androidx/transition/R$integer.class' -> 'goodrive://www.googleapis.com/:personal:/bannister/bannister/obj/x64/Debug/net8.0-android/android/bin/classes/androidx/transition/R$integer.class' (550)
2026-08-23 05:56:01: Copy Over 'C:/rock/bannister/Bannister/obj/x64/Debug/net8.0-android/android/bin/classes/androidx/transition/R$id.class' -> 'goodrive://www.googleapis.com/:personal:/bannister/bannister/obj/x64/Debug/net8.0-android/android/bin/classes/androidx/transition/R$id.class' (6,708)
2026-08-23 05:56:05: Copy Over 'C:/rock/bannister/Bannister/obj/x64/Debug/net8.0-android/android/bin/classes/androidx/transition/R$string.class' -> 'goodrive://www.googleapis.com/:personal:/bannister/bannister/obj/x64/Debug/net8.0-android/android/bin/classes/androidx/transition/R$string.class' (1,834)
2026-08-23 05:56:05: Copy Over 'C:/rock/bannister/Bannister/obj/x64/Debug/net8.0-android/android/bin/classes/androidx/transition/R$layout.class' -> 'goodrive://www.googleapis.com/:personal:/bannister/bannister/obj/x64/Debug/net8.0-android/android/bin/classes/androidx/transition/R$layout.class' (2,282)
2026-08-23 05:56:05: Copy Over 'C:/rock/bannister/Bannister/obj/x64/Debug/net8.0-android/android/bin/classes/androidx/transition/R$style.class' -> 'goodrive://www.googleapis.com/:personal:/bannister/bannister/obj/x64/Debug/net8.0-android/android/bin/classes/androidx/transition/R$style.class' (21,640)
2026-08-23 05:56:08: Copy Over 'C:/rock/bannister/Bannister/obj/x64/Debug/net8.0-android/android/bin/classes/androidx/transition/R$styleable.class' -> 'goodrive://www.googleapis.com/:personal:/bannister/bannister/obj/x64/Debug/net8.0-android/android/bin/classes/androidx/transition/R$styleable.class' (29,138)
2026-08-23 05:56:08: Copy Over 'C:/rock/bannister/Bannister/obj/x64/Debug/net8.0-android/android/bin/classes/androidx/versionedparcelable/R.class' -> 'goodrive://www.googleapis.com/:personal:/bannister/bannister/obj/x64/Debug/net8.0-android/android/bin/classes/androidx/versionedparcelable/R.class' (205)
2026-08-23 05:56:08: Copy Over 'C:/rock/bannister/Bannister/obj/x64/Debug/net8.0-android/android/bin/classes/androidx/transition/R.class' -> 'goodrive://www.googleapis.com/:personal:/bannister/bannister/obj/x64/Debug/net8.0-android/android/bin/classes/androidx/transition/R.class' (817)
2026-08-23 05:56:11: Copy Over 'C:/rock/bannister/Bannister/obj/x64/Debug/net8.0-android/android/bin/classes/androidx/vectordrawable/animated/R$attr.class' -> 'goodrive://www.googleapis.com/:personal:/bannister/bannister/obj/x64/Debug/net8.0-android/android/bin/classes/androidx/vectordrawable/animated/R$attr.class' (780)
2026-08-23 05:56:11: Copy Over 'C:/rock/bannister/Bannister/obj/x64/Debug/net8.0-android/android/bin/classes/androidx/vectordrawable/animated/R$color.class' -> 'goodrive://www.googleapis.com/:personal:/bannister/bannister/obj/x64/Debug/net8.0-android/android/bin/classes/androidx/vectordrawable/animated/R$color.class' (526)
2026-08-23 05:56:12: Copy Over 'C:/rock/bannister/Bannister/obj/x64/Debug/net8.0-android/android/bin/classes/androidx/vectordrawable/animated/R$dimen.class' -> 'goodrive://www.googleapis.com/:personal:/bannister/bannister/obj/x64/Debug/net8.0-android/android/bin/classes/androidx/vectordrawable/animated/R$dimen.class' (1,575)
2026-08-23 05:56:15: Copy Over 'C:/rock/bannister/Bannister/obj/x64/Debug/net8.0-android/android/bin/classes/androidx/vectordrawable/animated/R$drawable.class' -> 'goodrive://www.googleapis.com/:personal:/bannister/bannister/obj/x64/Debug/net8.0-android/android/bin/classes/androidx/vectordrawable/animated/R$drawable.class' (920)
2026-08-23 05:56:15: Copy Over 'C:/rock/bannister/Bannister/obj/x64/Debug/net8.0-android/android/bin/classes/androidx/vectordrawable/animated/R$id.class' -> 'goodrive://www.googleapis.com/:personal:/bannister/bannister/obj/x64/Debug/net8.0-android/android/bin/classes/androidx/vectordrawable/animated/R$id.class' (3,380)
2026-08-23 05:56:15: Copy Over 'C:/rock/bannister/Bannister/obj/x64/Debug/net8.0-android/android/bin/classes/androidx/vectordrawable/animated/R$integer.class' -> 'goodrive://www.googleapis.com/:personal:/bannister/bannister/obj/x64/Debug/net8.0-android/android/bin/classes/androidx/vectordrawable/animated/R$integer.class' (377)
2026-08-23 05:56:18: Copy Over 'C:/rock/bannister/Bannister/obj/x64/Debug/net8.0-android/android/bin/classes/androidx/vectordrawable/animated/R$layout.class' -> 'goodrive://www.googleapis.com/:personal:/bannister/bannister/obj/x64/Debug/net8.0-android/android/bin/classes/androidx/vectordrawable/animated/R$layout.class' (678)
2026-08-23 05:56:18: Copy Over 'C:/rock/bannister/Bannister/obj/x64/Debug/net8.0-android/android/bin/classes/androidx/vectordrawable/animated/R$string.class' -> 'goodrive://www.googleapis.com/:personal:/bannister/bannister/obj/x64/Debug/net8.0-android/android/bin/classes/androidx/vectordrawable/animated/R$string.class' (377)
2026-08-23 05:56:18: Copy Over 'C:/rock/bannister/Bannister/obj/x64/Debug/net8.0-android/android/bin/classes/androidx/vectordrawable/animated/R$style.class' -> 'goodrive://www.googleapis.com/:personal:/bannister/bannister/obj/x64/Debug/net8.0-android/android/bin/classes/androidx/vectordrawable/animated/R$style.class' (751)
2026-08-23 05:56:22: Copy Over 'C:/rock/bannister/Bannister/obj/x64/Debug/net8.0-android/android/bin/classes/androidx/vectordrawable/animated/R.class' -> 'goodrive://www.googleapis.com/:personal:/bannister/bannister/obj/x64/Debug/net8.0-android/android/bin/classes/androidx/vectordrawable/animated/R.class' (866)
2026-08-23 05:56:22: Copy Over 'C:/rock/bannister/Bannister/obj/x64/Debug/net8.0-android/android/bin/classes/androidx/vectordrawable/animated/R$styleable.class' -> 'goodrive://www.googleapis.com/:personal:/bannister/bannister/obj/x64/Debug/net8.0-android/android/bin/classes/androidx/vectordrawable/animated/R$styleable.class' (2,643)
2026-08-23 05:56:22: Copy Over 'C:/rock/bannister/Bannister/obj/x64/Debug/net8.0-android/android/bin/classes/androidx/vectordrawable/R$attr.class' -> 'goodrive://www.googleapis.com/:personal:/bannister/bannister/obj/x64/Debug/net8.0-android/android/bin/classes/androidx/vectordrawable/R$attr.class' (762)
2026-08-23 05:56:25: Copy Over 'C:/rock/bannister/Bannister/obj/x64/Debug/net8.0-android/android/bin/classes/androidx/vectordrawable/R$drawable.class' -> 'goodrive://www.googleapis.com/:personal:/bannister/bannister/obj/x64/Debug/net8.0-android/android/bin/classes/androidx/vectordrawable/R$drawable.class' (902)
2026-08-23 05:56:25: Copy Over 'C:/rock/bannister/Bannister/obj/x64/Debug/net8.0-android/android/bin/classes/androidx/vectordrawable/R$color.class' -> 'goodrive://www.googleapis.com/:personal:/bannister/bannister/obj/x64/Debug/net8.0-android/android/bin/classes/androidx/vectordrawable/R$color.class' (508)
2026-08-23 05:56:25: Copy Over 'C:/rock/bannister/Bannister/obj/x64/Debug/net8.0-android/android/bin/classes/androidx/vectordrawable/R$dimen.class' -> 'goodrive://www.googleapis.com/:personal:/bannister/bannister/obj/x64/Debug/net8.0-android/android/bin/classes/androidx/vectordrawable/R$dimen.class' (1,557)
2026-08-23 05:56:29: Copy Over 'C:/rock/bannister/Bannister/obj/x64/Debug/net8.0-android/android/bin/classes/androidx/vectordrawable/R$id.class' -> 'goodrive://www.googleapis.com/:personal:/bannister/bannister/obj/x64/Debug/net8.0-android/android/bin/classes/androidx/vectordrawable/R$id.class' (3,362)
2026-08-23 05:56:29: Copy Over 'C:/rock/bannister/Bannister/obj/x64/Debug/net8.0-android/android/bin/classes/androidx/vectordrawable/R$integer.class' -> 'goodrive://www.googleapis.com/:personal:/bannister/bannister/obj/x64/Debug/net8.0-android/android/bin/classes/androidx/vectordrawable/R$integer.class' (359)
2026-08-23 05:56:29: Copy Over 'C:/rock/bannister/Bannister/obj/x64/Debug/net8.0-android/android/bin/classes/androidx/vectordrawable/R$layout.class' -> 'goodrive://www.googleapis.com/:personal:/bannister/bannister/obj/x64/Debug/net8.0-android/android/bin/classes/androidx/vectordrawable/R$layout.class' (660)
2026-08-23 05:56:32: Copy Over 'C:/rock/bannister/Bannister/obj/x64/Debug/net8.0-android/android/bin/classes/androidx/vectordrawable/R$string.class' -> 'goodrive://www.googleapis.com/:personal:/bannister/bannister/obj/x64/Debug/net8.0-android/android/bin/classes/androidx/vectordrawable/R$string.class' (359)
2026-08-23 05:56:32: Copy Over 'C:/rock/bannister/Bannister/obj/x64/Debug/net8.0-android/android/bin/classes/androidx/vectordrawable/R$styleable.class' -> 'goodrive://www.googleapis.com/:personal:/bannister/bannister/obj/x64/Debug/net8.0-android/android/bin/classes/androidx/vectordrawable/R$styleable.class' (2,625)
2026-08-23 05:56:32: Copy Over 'C:/rock/bannister/Bannister/obj/x64/Debug/net8.0-android/android/bin/classes/androidx/vectordrawable/R$style.class' -> 'goodrive://www.googleapis.com/:personal:/bannister/bannister/obj/x64/Debug/net8.0-android/android/bin/classes/androidx/vectordrawable/R$style.class' (733)
2026-08-23 05:56:35: Copy Over 'C:/rock/bannister/Bannister/obj/x64/Debug/net8.0-android/android/bin/classes/androidx/vectordrawable/R.class' -> 'goodrive://www.googleapis.com/:personal:/bannister/bannister/obj/x64/Debug/net8.0-android/android/bin/classes/androidx/vectordrawable/R.class' (767)
2026-08-23 05:56:35: Copy Over 'C:/rock/bannister/Bannister/obj/x64/Debug/net8.0-android/android/bin/classes/androidx/viewpager2/R$attr.class' -> 'goodrive://www.googleapis.com/:personal:/bannister/bannister/obj/x64/Debug/net8.0-android/android/bin/classes/androidx/viewpager2/R$attr.class' (1,203)
2026-08-23 05:56:35: Copy Over 'C:/rock/bannister/Bannister/obj/x64/Debug/net8.0-android/android/bin/classes/androidx/viewpager/R$attr.class' -> 'goodrive://www.googleapis.com/:personal:/bannister/bannister/obj/x64/Debug/net8.0-android/android/bin/classes/androidx/viewpager/R$attr.class' (752)
2026-08-23 05:56:38: Copy Over 'C:/rock/bannister/Bannister/obj/x64/Debug/net8.0-android/android/bin/classes/androidx/viewpager2/R$drawable.class' -> 'goodrive://www.googleapis.com/:personal:/bannister/bannister/obj/x64/Debug/net8.0-android/android/bin/classes/androidx/viewpager2/R$drawable.class' (894)
2026-08-23 05:56:39: Copy Over 'C:/rock/bannister/Bannister/obj/x64/Debug/net8.0-android/android/bin/classes/androidx/viewpager2/R$color.class' -> 'goodrive://www.googleapis.com/:personal:/bannister/bannister/obj/x64/Debug/net8.0-android/android/bin/classes/androidx/viewpager2/R$color.class' (500)
2026-08-23 05:56:39: Copy Over 'C:/rock/bannister/Bannister/obj/x64/Debug/net8.0-android/android/bin/classes/androidx/viewpager2/R$dimen.class' -> 'goodrive://www.googleapis.com/:personal:/bannister/bannister/obj/x64/Debug/net8.0-android/android/bin/classes/androidx/viewpager2/R$dimen.class' (1,887)
2026-08-23 05:56:42: Copy Over 'C:/rock/bannister/Bannister/obj/x64/Debug/net8.0-android/android/bin/classes/androidx/viewpager2/R$id.class' -> 'goodrive://www.googleapis.com/:personal:/bannister/bannister/obj/x64/Debug/net8.0-android/android/bin/classes/androidx/viewpager2/R$id.class' (3,414)
2026-08-23 05:56:42: Copy Over 'C:/rock/bannister/Bannister/obj/x64/Debug/net8.0-android/android/bin/classes/androidx/viewpager2/R$integer.class' -> 'goodrive://www.googleapis.com/:personal:/bannister/bannister/obj/x64/Debug/net8.0-android/android/bin/classes/androidx/viewpager2/R$integer.class' (351)
2026-08-23 05:56:42: Copy Over 'C:/rock/bannister/Bannister/obj/x64/Debug/net8.0-android/android/bin/classes/androidx/viewpager2/R$layout.class' -> 'goodrive://www.googleapis.com/:personal:/bannister/bannister/obj/x64/Debug/net8.0-android/android/bin/classes/androidx/viewpager2/R$layout.class' (652)
2026-08-23 05:56:45: Copy Over 'C:/rock/bannister/Bannister/obj/x64/Debug/net8.0-android/android/bin/classes/androidx/viewpager2/R$style.class' -> 'goodrive://www.googleapis.com/:personal:/bannister/bannister/obj/x64/Debug/net8.0-android/android/bin/classes/androidx/viewpager2/R$style.class' (725)
2026-08-23 05:56:45: Copy Over 'C:/rock/bannister/Bannister/obj/x64/Debug/net8.0-android/android/bin/classes/androidx/viewpager2/R$string.class' -> 'goodrive://www.googleapis.com/:personal:/bannister/bannister/obj/x64/Debug/net8.0-android/android/bin/classes/androidx/viewpager2/R$string.class' (351)
2026-08-23 05:56:45: Copy Over 'C:/rock/bannister/Bannister/obj/x64/Debug/net8.0-android/android/bin/classes/androidx/viewpager2/R$styleable.class' -> 'goodrive://www.googleapis.com/:personal:/bannister/bannister/obj/x64/Debug/net8.0-android/android/bin/classes/androidx/viewpager2/R$styleable.class' (3,528)
2026-08-23 05:56:48: Copy Over 'C:/rock/bannister/Bannister/obj/x64/Debug/net8.0-android/android/bin/classes/androidx/viewpager2/R.class' -> 'goodrive://www.googleapis.com/:personal:/bannister/bannister/obj/x64/Debug/net8.0-android/android/bin/classes/androidx/viewpager2/R.class' (723)
2026-08-23 05:56:49: Copy Over 'C:/rock/bannister/Bannister/obj/x64/Debug/net8.0-android/android/bin/classes/androidx/viewpager/R$color.class' -> 'goodrive://www.googleapis.com/:personal:/bannister/bannister/obj/x64/Debug/net8.0-android/android/bin/classes/androidx/viewpager/R$color.class' (498)
2026-08-23 05:56:49: Copy Over 'C:/rock/bannister/Bannister/obj/x64/Debug/net8.0-android/android/bin/classes/androidx/viewpager/R$dimen.class' -> 'goodrive://www.googleapis.com/:personal:/bannister/bannister/obj/x64/Debug/net8.0-android/android/bin/classes/androidx/viewpager/R$dimen.class' (1,547)
2026-08-23 05:56:52: Copy Over 'C:/rock/bannister/Bannister/obj/x64/Debug/net8.0-android/android/bin/classes/androidx/viewpager/R$drawable.class' -> 'goodrive://www.googleapis.com/:personal:/bannister/bannister/obj/x64/Debug/net8.0-android/android/bin/classes/androidx/viewpager/R$drawable.class' (892)
2026-08-23 05:56:52: Copy Over 'C:/rock/bannister/Bannister/obj/x64/Debug/net8.0-android/android/bin/classes/androidx/viewpager/R$id.class' -> 'goodrive://www.googleapis.com/:personal:/bannister/bannister/obj/x64/Debug/net8.0-android/android/bin/classes/androidx/viewpager/R$id.class' (1,280)
2026-08-23 05:56:52: Copy Over 'C:/rock/bannister/Bannister/obj/x64/Debug/net8.0-android/android/bin/classes/androidx/viewpager/R$integer.class' -> 'goodrive://www.googleapis.com/:personal:/bannister/bannister/obj/x64/Debug/net8.0-android/android/bin/classes/androidx/viewpager/R$integer.class' (349)
2026-08-23 05:56:55: Copy Over 'C:/rock/bannister/Bannister/obj/x64/Debug/net8.0-android/android/bin/classes/androidx/viewpager/R$layout.class' -> 'goodrive://www.googleapis.com/:personal:/bannister/bannister/obj/x64/Debug/net8.0-android/android/bin/classes/androidx/viewpager/R$layout.class' (613)
2026-08-23 05:56:55: Copy Over 'C:/rock/bannister/Bannister/obj/x64/Debug/net8.0-android/android/bin/classes/androidx/viewpager/R$style.class' -> 'goodrive://www.googleapis.com/:personal:/bannister/bannister/obj/x64/Debug/net8.0-android/android/bin/classes/androidx/viewpager/R$style.class' (723)
2026-08-23 05:56:56: Copy Over 'C:/rock/bannister/Bannister/obj/x64/Debug/net8.0-android/android/bin/classes/androidx/viewpager/R$string.class' -> 'goodrive://www.googleapis.com/:personal:/bannister/bannister/obj/x64/Debug/net8.0-android/android/bin/classes/androidx/viewpager/R$string.class' (349)
2026-08-23 05:56:59: Copy Over 'C:/rock/bannister/Bannister/obj/x64/Debug/net8.0-android/android/bin/classes/androidx/viewpager/R.class' -> 'goodrive://www.googleapis.com/:personal:/bannister/bannister/obj/x64/Debug/net8.0-android/android/bin/classes/androidx/viewpager/R.class' (712)
2026-08-23 05:56:59: Copy Over 'C:/rock/bannister/Bannister/obj/x64/Debug/net8.0-android/android/bin/classes/androidx/viewpager/R$styleable.class' -> 'goodrive://www.googleapis.com/:personal:/bannister/bannister/obj/x64/Debug/net8.0-android/android/bin/classes/androidx/viewpager/R$styleable.class' (2,615)
2026-08-23 05:56:59: Copy Over 'C:/rock/bannister/Bannister/obj/x64/Debug/net8.0-android/android/bin/classes/crc640a1f4d108c17e3f1/ClipboardChangeListener.class' -> 'goodrive://www.googleapis.com/:personal:/bannister/bannister/obj/x64/Debug/net8.0-android/android/bin/classes/crc640a1f4d108c17e3f1/ClipboardChangeListener.class' (1,711)
2026-08-23 05:57:02: Copy Over 'C:/rock/bannister/Bannister/obj/x64/Debug/net8.0-android/android/bin/classes/androidx/window/extensions/core/R.class' -> 'goodrive://www.googleapis.com/:personal:/bannister/bannister/obj/x64/Debug/net8.0-android/android/bin/classes/androidx/window/extensions/core/R.class' (208)
2026-08-23 05:57:02: Copy Over 'C:/rock/bannister/Bannister/obj/x64/Debug/net8.0-android/android/bin/classes/androidx/window/R$id.class' -> 'goodrive://www.googleapis.com/:personal:/bannister/bannister/obj/x64/Debug/net8.0-android/android/bin/classes/androidx/window/R$id.class' (646)
2026-08-23 05:57:03: Copy Over 'C:/rock/bannister/Bannister/obj/x64/Debug/net8.0-android/android/bin/classes/androidx/window/R$attr.class' -> 'goodrive://www.googleapis.com/:personal:/bannister/bannister/obj/x64/Debug/net8.0-android/android/bin/classes/androidx/window/R$attr.class' (1,181)
2026-08-23 05:57:06: Copy Over 'C:/rock/bannister/Bannister/obj/x64/Debug/net8.0-android/android/bin/classes/androidx/window/R.class' -> 'goodrive://www.googleapis.com/:personal:/bannister/bannister/obj/x64/Debug/net8.0-android/android/bin/classes/androidx/window/R.class' (350)
2026-08-23 05:57:06: Copy Over 'C:/rock/bannister/Bannister/obj/x64/Debug/net8.0-android/android/bin/classes/crc640a8d9a12ddbf2cf2/BatteryBroadcastReceiver.class' -> 'goodrive://www.googleapis.com/:personal:/bannister/bannister/obj/x64/Debug/net8.0-android/android/bin/classes/crc640a8d9a12ddbf2cf2/BatteryBroadcastReceiver.class' (1,535)
2026-08-23 05:57:06: Copy Over 'C:/rock/bannister/Bannister/obj/x64/Debug/net8.0-android/android/bin/classes/androidx/window/R$styleable.class' -> 'goodrive://www.googleapis.com/:personal:/bannister/bannister/obj/x64/Debug/net8.0-android/android/bin/classes/androidx/window/R$styleable.class' (2,587)
2026-08-23 05:57:09: Copy Over 'C:/rock/bannister/Bannister/obj/x64/Debug/net8.0-android/android/bin/classes/crc640ec207abc449b2ca/ContainerView.class' -> 'goodrive://www.googleapis.com/:personal:/bannister/bannister/obj/x64/Debug/net8.0-android/android/bin/classes/crc640ec207abc449b2ca/ContainerView.class' (2,662)
2026-08-23 05:57:09: Copy Over 'C:/rock/bannister/Bannister/obj/x64/Debug/net8.0-android/android/bin/classes/crc640ec207abc449b2ca/RecyclerViewContainer.class' -> 'goodrive://www.googleapis.com/:personal:/bannister/bannister/obj/x64/Debug/net8.0-android/android/bin/classes/crc640ec207abc449b2ca/RecyclerViewContainer.class' (2,053)
2026-08-23 05:57:09: Copy Over 'C:/rock/bannister/Bannister/obj/x64/Debug/net8.0-android/android/bin/classes/crc640ec207abc449b2ca/CustomFrameLayout.class' -> 'goodrive://www.googleapis.com/:personal:/bannister/bannister/obj/x64/Debug/net8.0-android/android/bin/classes/crc640ec207abc449b2ca/CustomFrameLayout.class' (2,688)
2026-08-23 05:57:12: Copy Over 'C:/rock/bannister/Bannister/obj/x64/Debug/net8.0-android/android/bin/classes/crc640ec207abc449b2ca/ScrollLayoutManager.class' -> 'goodrive://www.googleapis.com/:personal:/bannister/bannister/obj/x64/Debug/net8.0-android/android/bin/classes/crc640ec207abc449b2ca/ScrollLayoutManager.class' (2,350)
2026-08-23 05:57:12: Copy Over 'C:/rock/bannister/Bannister/obj/x64/Debug/net8.0-android/android/bin/classes/crc640ec207abc449b2ca/ShellFlyoutLayout.class' -> 'goodrive://www.googleapis.com/:personal:/bannister/bannister/obj/x64/Debug/net8.0-android/android/bin/classes/crc640ec207abc449b2ca/ShellFlyoutLayout.class' (2,203)
2026-08-23 05:57:12: Copy Over 'C:/rock/bannister/Bannister/obj/x64/Debug/net8.0-android/android/bin/classes/crc640ec207abc449b2ca/ShellContentFragment.class' -> 'goodrive://www.googleapis.com/:personal:/bannister/bannister/obj/x64/Debug/net8.0-android/android/bin/classes/crc640ec207abc449b2ca/ShellContentFragment.class' (3,624)
2026-08-23 05:57:16: Copy Over 'C:/rock/bannister/Bannister/obj/x64/Debug/net8.0-android/android/bin/classes/crc640ec207abc449b2ca/ShellFlyoutRecyclerAdapter.class' -> 'goodrive://www.googleapis.com/:personal:/bannister/bannister/obj/x64/Debug/net8.0-android/android/bin/classes/crc640ec207abc449b2ca/ShellFlyoutRecyclerAdapter.class' (2,757)
2026-08-23 05:57:16: Copy Over 'C:/rock/bannister/Bannister/obj/x64/Debug/net8.0-android/android/bin/classes/crc640ec207abc449b2ca/ShellFlyoutRecyclerAdapter_ShellLinearLayout.class' -> 'goodrive://www.googleapis.com/:personal:/bannister/bannister/obj/x64/Debug/net8.0-android/android/bin/classes/crc640ec207abc449b2ca/ShellFlyoutRecyclerAdapter_ShellLinearLayout.class' (2,466)
2026-08-23 05:57:16: Copy Over 'C:/rock/bannister/Bannister/obj/x64/Debug/net8.0-android/android/bin/classes/crc640ec207abc449b2ca/ShellFlyoutRecyclerAdapter_ElementViewHolder.class' -> 'goodrive://www.googleapis.com/:personal:/bannister/bannister/obj/x64/Debug/net8.0-android/android/bin/classes/crc640ec207abc449b2ca/ShellFlyoutRecyclerAdapter_ElementViewHolder.class' (1,537)
2026-08-23 05:57:19: Copy Over 'C:/rock/bannister/Bannister/obj/x64/Debug/net8.0-android/android/bin/classes/crc640ec207abc449b2ca/ShellFlyoutRenderer.class' -> 'goodrive://www.googleapis.com/:personal:/bannister/bannister/obj/x64/Debug/net8.0-android/android/bin/classes/crc640ec207abc449b2ca/ShellFlyoutRenderer.class' (2,572)
2026-08-23 05:57:19: Copy Over 'C:/rock/bannister/Bannister/obj/x64/Debug/net8.0-android/android/bin/classes/crc640ec207abc449b2ca/ShellFlyoutTemplatedContentRenderer.class' -> 'goodrive://www.googleapis.com/:personal:/bannister/bannister/obj/x64/Debug/net8.0-android/android/bin/classes/crc640ec207abc449b2ca/ShellFlyoutTemplatedContentRenderer.class' (1,876)
2026-08-23 05:57:20: Copy Over 'C:/rock/bannister/Bannister/obj/x64/Debug/net8.0-android/android/bin/classes/crc640ec207abc449b2ca/ShellFlyoutTemplatedContentRenderer_HeaderContainer.class' -> 'goodrive://www.googleapis.com/:personal:/bannister/bannister/obj/x64/Debug/net8.0-android/android/bin/classes/crc640ec207abc449b2ca/ShellFlyoutTemplatedContentRenderer_HeaderContainer.class' (2,789)
2026-08-23 05:57:23: Copy Over 'C:/rock/bannister/Bannister/obj/x64/Debug/net8.0-android/android/bin/classes/crc640ec207abc449b2ca/ShellFragmentContainer.class' -> 'goodrive://www.googleapis.com/:personal:/bannister/bannister/obj/x64/Debug/net8.0-android/android/bin/classes/crc640ec207abc449b2ca/ShellFragmentContainer.class' (2,162)
2026-08-23 05:57:23: Copy Over 'C:/rock/bannister/Bannister/obj/x64/Debug/net8.0-android/android/bin/classes/crc640ec207abc449b2ca/ShellFragmentStateAdapter.class' -> 'goodrive://www.googleapis.com/:personal:/bannister/bannister/obj/x64/Debug/net8.0-android/android/bin/classes/crc640ec207abc449b2ca/ShellFragmentStateAdapter.class' (2,752)
2026-08-23 05:57:24: Copy Over 'C:/rock/bannister/Bannister/obj/x64/Debug/net8.0-android/android/bin/classes/crc640ec207abc449b2ca/ShellItemRenderer.class' -> 'goodrive://www.googleapis.com/:personal:/bannister/bannister/obj/x64/Debug/net8.0-android/android/bin/classes/crc640ec207abc449b2ca/ShellItemRenderer.class' (2,599)
2026-08-23 05:57:26: Copy Over 'C:/rock/bannister/Bannister/obj/x64/Debug/net8.0-android/android/bin/classes/crc640ec207abc449b2ca/ShellItemRendererBase.class' -> 'goodrive://www.googleapis.com/:personal:/bannister/bannister/obj/x64/Debug/net8.0-android/android/bin/classes/crc640ec207abc449b2ca/ShellItemRendererBase.class' (1,619)
2026-08-23 05:57:26: Copy Over 'C:/rock/bannister/Bannister/obj/x64/Debug/net8.0-android/android/bin/classes/crc640ec207abc449b2ca/ShellPageContainer.class' -> 'goodrive://www.googleapis.com/:personal:/bannister/bannister/obj/x64/Debug/net8.0-android/android/bin/classes/crc640ec207abc449b2ca/ShellPageContainer.class' (2,677)
2026-08-23 05:57:27: Copy Over 'C:/rock/bannister/Bannister/obj/x64/Debug/net8.0-android/android/bin/classes/crc640ec207abc449b2ca/ShellSearchView.class' -> 'goodrive://www.googleapis.com/:personal:/bannister/bannister/obj/x64/Debug/net8.0-android/android/bin/classes/crc640ec207abc449b2ca/ShellSearchView.class' (4,454)
2026-08-23 05:57:29: Copy Over 'C:/rock/bannister/Bannister/obj/x64/Debug/net8.0-android/android/bin/classes/crc640ec207abc449b2ca/ShellSearchView_ClipDrawableWrapper.class' -> 'goodrive://www.googleapis.com/:personal:/bannister/bannister/obj/x64/Debug/net8.0-android/android/bin/classes/crc640ec207abc449b2ca/ShellSearchView_ClipDrawableWrapper.class' (1,666)
2026-08-23 05:57:30: Copy Over 'C:/rock/bannister/Bannister/obj/x64/Debug/net8.0-android/android/bin/classes/crc640ec207abc449b2ca/ShellSearchViewAdapter.class' -> 'goodrive://www.googleapis.com/:personal:/bannister/bannister/obj/x64/Debug/net8.0-android/android/bin/classes/crc640ec207abc449b2ca/ShellSearchViewAdapter.class' (2,282)
2026-08-23 05:57:30: Copy Over 'C:/rock/bannister/Bannister/obj/x64/Debug/net8.0-android/android/bin/classes/crc640ec207abc449b2ca/ShellSearchViewAdapter_CustomFilter.class' -> 'goodrive://www.googleapis.com/:personal:/bannister/bannister/obj/x64/Debug/net8.0-android/android/bin/classes/crc640ec207abc449b2ca/ShellSearchViewAdapter_CustomFilter.class' (2,238)
2026-08-23 05:57:33: Copy Over 'C:/rock/bannister/Bannister/obj/x64/Debug/net8.0-android/android/bin/classes/crc640ec207abc449b2ca/ShellSearchViewAdapter_ObjectWrapper.class' -> 'goodrive://www.googleapis.com/:personal:/bannister/bannister/obj/x64/Debug/net8.0-android/android/bin/classes/crc640ec207abc449b2ca/ShellSearchViewAdapter_ObjectWrapper.class' (1,430)
2026-08-23 05:57:33: Copy Over 'C:/rock/bannister/Bannister/obj/x64/Debug/net8.0-android/android/bin/classes/crc640ec207abc449b2ca/ShellSectionRenderer.class' -> 'goodrive://www.googleapis.com/:personal:/bannister/bannister/obj/x64/Debug/net8.0-android/android/bin/classes/crc640ec207abc449b2ca/ShellSectionRenderer.class' (3,126)
2026-08-23 05:57:33: Copy Over 'C:/rock/bannister/Bannister/obj/x64/Debug/net8.0-android/android/bin/classes/crc640ec207abc449b2ca/ShellSectionRenderer_ViewPagerPageChanged.class' -> 'goodrive://www.googleapis.com/:personal:/bannister/bannister/obj/x64/Debug/net8.0-android/android/bin/classes/crc640ec207abc449b2ca/ShellSectionRenderer_ViewPagerPageChanged.class' (1,902)
2026-08-23 05:57:36: Copy Over 'C:/rock/bannister/Bannister/obj/x64/Debug/net8.0-android/android/bin/classes/crc640ec207abc449b2ca/ShellToolbarTracker.class' -> 'goodrive://www.googleapis.com/:personal:/bannister/bannister/obj/x64/Debug/net8.0-android/android/bin/classes/crc640ec207abc449b2ca/ShellToolbarTracker.class' (1,629)
2026-08-23 05:57:36: Copy Over 'C:/rock/bannister/Bannister/obj/x64/Debug/net8.0-android/android/bin/classes/crc640ec207abc449b2ca/ShellToolbarTracker_FlyoutIconDrawerDrawable.class' -> 'goodrive://www.googleapis.com/:personal:/bannister/bannister/obj/x64/Debug/net8.0-android/android/bin/classes/crc640ec207abc449b2ca/ShellToolbarTracker_FlyoutIconDrawerDrawable.class' (1,657)
2026-08-23 05:57:36: Copy Over 'C:/rock/bannister/Bannister/obj/x64/Debug/net8.0-android/android/bin/classes/crc640a8d9a12ddbf2cf2/DeviceDisplayImplementation_Listener.class' -> 'goodrive://www.googleapis.com/:personal:/bannister/bannister/obj/x64/Debug/net8.0-android/android/bin/classes/crc640a8d9a12ddbf2cf2/DeviceDisplayImplementation_Listener.class' (1,891)
2026-08-23 05:57:40: Copy Over 'C:/rock/bannister/Bannister/obj/x64/Debug/net8.0-android/android/bin/classes/crc640a8d9a12ddbf2cf2/EnergySaverBroadcastReceiver.class' -> 'goodrive://www.googleapis.com/:personal:/bannister/bannister/obj/x64/Debug/net8.0-android/android/bin/classes/crc640a8d9a12ddbf2cf2/EnergySaverBroadcastReceiver.class' (1,547)
2026-08-23 05:57:40: Copy Over 'C:/rock/bannister/Bannister/obj/x64/Debug/net8.0-android/android/bin/classes/crc640fd0ddb16fe433d4/TouchBehavior_AccessibilityListener.class' -> 'goodrive://www.googleapis.com/:personal:/bannister/bannister/obj/x64/Debug/net8.0-android/android/bin/classes/crc640fd0ddb16fe433d4/TouchBehavior_AccessibilityListener.class' (2,341)
2026-08-23 05:57:40: Copy Over 'C:/rock/bannister/Bannister/obj/x64/Debug/net8.0-android/android/bin/classes/crc64124e178812aeed4c/ButtonRenderer.class' -> 'goodrive://www.googleapis.com/:personal:/bannister/bannister/obj/x64/Debug/net8.0-android/android/bin/classes/crc64124e178812aeed4c/ButtonRenderer.class' (4,672)
2026-08-23 05:57:43: Copy Over 'C:/rock/bannister/Bannister/obj/x64/Debug/net8.0-android/android/bin/classes/crc64124e178812aeed4c/ImageRenderer.class' -> 'goodrive://www.googleapis.com/:personal:/bannister/bannister/obj/x64/Debug/net8.0-android/android/bin/classes/crc64124e178812aeed4c/ImageRenderer.class' (3,100)
2026-08-23 05:57:43: Copy Over 'C:/rock/bannister/Bannister/obj/x64/Debug/net8.0-android/android/bin/classes/crc64124e178812aeed4c/FrameRenderer.class' -> 'goodrive://www.googleapis.com/:personal:/bannister/bannister/obj/x64/Debug/net8.0-android/android/bin/classes/crc64124e178812aeed4c/FrameRenderer.class' (2,787)
2026-08-23 05:57:43: Copy Over 'C:/rock/bannister/Bannister/obj/x64/Debug/net8.0-android/android/bin/classes/crc64124e178812aeed4c/LabelRenderer.class' -> 'goodrive://www.googleapis.com/:personal:/bannister/bannister/obj/x64/Debug/net8.0-android/android/bin/classes/crc64124e178812aeed4c/LabelRenderer.class' (2,432)
2026-08-23 05:57:47: Copy Over 'C:/rock/bannister/Bannister/obj/x64/Debug/net8.0-android/android/bin/classes/crc64159f3caeb1269279/MauiDrawingView.class' -> 'goodrive://www.googleapis.com/:personal:/bannister/bannister/obj/x64/Debug/net8.0-android/android/bin/classes/crc64159f3caeb1269279/MauiDrawingView.class' (2,609)
2026-08-23 05:57:47: Copy Over 'C:/rock/bannister/Bannister/obj/x64/Debug/net8.0-android/android/bin/classes/crc64159f3caeb1269279/MauiPopup.class' -> 'goodrive://www.googleapis.com/:personal:/bannister/bannister/obj/x64/Debug/net8.0-android/android/bin/classes/crc64159f3caeb1269279/MauiPopup.class' (2,633)
2026-08-23 05:57:47: Copy Over 'C:/rock/bannister/Bannister/obj/x64/Debug/net8.0-android/android/bin/classes/crc6413a2ffd8f229512a/CarouselViewAdapter_2.class' -> 'goodrive://www.googleapis.com/:personal:/bannister/bannister/obj/x64/Debug/net8.0-android/android/bin/classes/crc6413a2ffd8f229512a/CarouselViewAdapter_2.class' (1,928)
2026-08-23 05:57:50: Copy Over 'C:/rock/bannister/Bannister/obj/x64/Debug/net8.0-android/android/bin/classes/crc64159f3caeb1269279/MauiSemanticOrderView.class' -> 'goodrive://www.googleapis.com/:personal:/bannister/bannister/obj/x64/Debug/net8.0-android/android/bin/classes/crc64159f3caeb1269279/MauiSemanticOrderView.class' (2,549)
2026-08-23 05:57:50: Copy Over 'C:/rock/bannister/Bannister/obj/x64/Debug/net8.0-android/android/bin/classes/crc64338477404e88479c/ColorChangeRevealDrawable.class' -> 'goodrive://www.googleapis.com/:personal:/bannister/bannister/obj/x64/Debug/net8.0-android/android/bin/classes/crc64338477404e88479c/ColorChangeRevealDrawable.class' (1,463)
2026-08-23 05:57:50: Copy Over 'C:/rock/bannister/Bannister/obj/x64/Debug/net8.0-android/android/bin/classes/crc6413a2ffd8f229512a/RecyclerViewScrollListener_2.class' -> 'goodrive://www.googleapis.com/:personal:/bannister/bannister/obj/x64/Debug/net8.0-android/android/bin/classes/crc6413a2ffd8f229512a/RecyclerViewScrollListener_2.class' (1,721)
2026-08-23 05:57:53: Copy Over 'C:/rock/bannister/Bannister/obj/x64/Debug/net8.0-android/android/bin/classes/crc64338477404e88479c/ControlsAccessibilityDelegate.class' -> 'goodrive://www.googleapis.com/:personal:/bannister/bannister/obj/x64/Debug/net8.0-android/android/bin/classes/crc64338477404e88479c/ControlsAccessibilityDelegate.class' (2,397)
2026-08-23 05:57:54: Copy Over 'C:/rock/bannister/Bannister/obj/x64/Debug/net8.0-android/android/bin/classes/crc64396a3fe5f8138e3f/KeepAliveService.class' -> 'goodrive://www.googleapis.com/:personal:/bannister/bannister/obj/x64/Debug/net8.0-android/android/bin/classes/crc64396a3fe5f8138e3f/KeepAliveService.class' (1,447)
2026-08-23 05:57:54: Copy Over 'C:/rock/bannister/Bannister/obj/x64/Debug/net8.0-android/android/bin/classes/crc64396a3fe5f8138e3f/CustomTabsServiceConnectionImpl.class' -> 'goodrive://www.googleapis.com/:personal:/bannister/bannister/obj/x64/Debug/net8.0-android/android/bin/classes/crc64396a3fe5f8138e3f/CustomTabsServiceConnectionImpl.class' (2,018)
2026-08-23 05:57:57: Copy Over 'C:/rock/bannister/Bannister/obj/x64/Debug/net8.0-android/android/bin/classes/crc64338477404e88479c/DragAndDropGestureHandler.class' -> 'goodrive://www.googleapis.com/:personal:/bannister/bannister/obj/x64/Debug/net8.0-android/android/bin/classes/crc64338477404e88479c/DragAndDropGestureHandler.class' (1,695)
2026-08-23 05:57:57: Copy Over 'C:/rock/bannister/Bannister/obj/x64/Debug/net8.0-android/android/bin/classes/crc64338477404e88479c/FragmentContainer.class' -> 'goodrive://www.googleapis.com/:personal:/bannister/bannister/obj/x64/Debug/net8.0-android/android/bin/classes/crc64338477404e88479c/FragmentContainer.class' (2,113)
2026-08-23 05:57:57: Copy Over 'C:/rock/bannister/Bannister/obj/x64/Debug/net8.0-android/android/bin/classes/crc64338477404e88479c/DragAndDropGestureHandler_CustomLocalStateData.class' -> 'goodrive://www.googleapis.com/:personal:/bannister/bannister/obj/x64/Debug/net8.0-android/android/bin/classes/crc64338477404e88479c/DragAndDropGestureHandler_CustomLocalStateData.class' (1,281)
2026-08-23 05:58:00: Copy Over 'C:/rock/bannister/Bannister/obj/x64/Debug/net8.0-android/android/bin/classes/crc64338477404e88479c/GenericAnimatorListener.class' -> 'goodrive://www.googleapis.com/:personal:/bannister/bannister/obj/x64/Debug/net8.0-android/android/bin/classes/crc64338477404e88479c/GenericAnimatorListener.class' (2,065)
2026-08-23 05:58:00: Copy Over 'C:/rock/bannister/Bannister/obj/x64/Debug/net8.0-android/android/bin/classes/crc64338477404e88479c/GenericGlobalLayoutListener.class' -> 'goodrive://www.googleapis.com/:personal:/bannister/bannister/obj/x64/Debug/net8.0-android/android/bin/classes/crc64338477404e88479c/GenericGlobalLayoutListener.class' (1,659)
2026-08-23 05:58:01: Copy Over 'C:/rock/bannister/Bannister/obj/x64/Debug/net8.0-android/android/bin/classes/crc64338477404e88479c/GenericMenuClickListener.class' -> 'goodrive://www.googleapis.com/:personal:/bannister/bannister/obj/x64/Debug/net8.0-android/android/bin/classes/crc64338477404e88479c/GenericMenuClickListener.class' (1,705)
2026-08-23 05:58:03: Copy Over 'C:/rock/bannister/Bannister/obj/x64/Debug/net8.0-android/android/bin/classes/crc64338477404e88479c/GradientStrokeDrawable.class' -> 'goodrive://www.googleapis.com/:personal:/bannister/bannister/obj/x64/Debug/net8.0-android/android/bin/classes/crc64338477404e88479c/GradientStrokeDrawable.class' (1,882)
2026-08-23 05:58:04: Copy Over 'C:/rock/bannister/Bannister/obj/x64/Debug/net8.0-android/android/bin/classes/crc64338477404e88479c/InnerGestureListener.class' -> 'goodrive://www.googleapis.com/:personal:/bannister/bannister/obj/x64/Debug/net8.0-android/android/bin/classes/crc64338477404e88479c/InnerGestureListener.class' (4,498)
2026-08-23 05:58:04: Copy Over 'C:/rock/bannister/Bannister/obj/x64/Debug/net8.0-android/android/bin/classes/crc64338477404e88479c/InnerScaleListener.class' -> 'goodrive://www.googleapis.com/:personal:/bannister/bannister/obj/x64/Debug/net8.0-android/android/bin/classes/crc64338477404e88479c/InnerScaleListener.class' (2,051)
2026-08-23 05:58:07: Copy Over 'C:/rock/bannister/Bannister/obj/x64/Debug/net8.0-android/android/bin/classes/crc64338477404e88479c/ModalNavigationManager_ModalContainer.class' -> 'goodrive://www.googleapis.com/:personal:/bannister/bannister/obj/x64/Debug/net8.0-android/android/bin/classes/crc64338477404e88479c/ModalNavigationManager_ModalContainer.class' (3,275)
2026-08-23 05:58:07: Copy Over 'C:/rock/bannister/Bannister/obj/x64/Debug/net8.0-android/android/bin/classes/crc64338477404e88479c/MauiViewPager.class' -> 'goodrive://www.googleapis.com/:personal:/bannister/bannister/obj/x64/Debug/net8.0-android/android/bin/classes/crc64338477404e88479c/MauiViewPager.class' (2,078)
2026-08-23 05:58:08: Copy Over 'C:/rock/bannister/Bannister/obj/x64/Debug/net8.0-android/android/bin/classes/crc64338477404e88479c/ModalNavigationManager_ModalContainer_ModalFragment.class' -> 'goodrive://www.googleapis.com/:personal:/bannister/bannister/obj/x64/Debug/net8.0-android/android/bin/classes/crc64338477404e88479c/ModalNavigationManager_ModalContainer_ModalFragment.class' (1,965)
2026-08-23 05:58:10: Copy Over 'C:/rock/bannister/Bannister/obj/x64/Debug/net8.0-android/android/bin/classes/crc64338477404e88479c/MultiPageFragmentStateAdapter_1.class' -> 'goodrive://www.googleapis.com/:personal:/bannister/bannister/obj/x64/Debug/net8.0-android/android/bin/classes/crc64338477404e88479c/MultiPageFragmentStateAdapter_1.class' (2,756)
2026-08-23 05:58:11: Copy Over 'C:/rock/bannister/Bannister/obj/x64/Debug/net8.0-android/android/bin/classes/crc64338477404e88479c/PointerGestureHandler.class' -> 'goodrive://www.googleapis.com/:personal:/bannister/bannister/obj/x64/Debug/net8.0-android/android/bin/classes/crc64338477404e88479c/PointerGestureHandler.class' (1,696)
2026-08-23 05:58:11: Copy Over 'C:/rock/bannister/Bannister/obj/x64/Debug/net8.0-android/android/bin/classes/crc64338477404e88479c/TapAndPanGestureDetector.class' -> 'goodrive://www.googleapis.com/:personal:/bannister/bannister/obj/x64/Debug/net8.0-android/android/bin/classes/crc64338477404e88479c/TapAndPanGestureDetector.class' (3,212)
2026-08-23 05:58:13: Copy Over 'C:/rock/bannister/Bannister/obj/x64/Debug/net8.0-android/android/bin/classes/crc64338477404e88479c/ToolbarExtensions_ToolbarTitleIconImageView.class' -> 'goodrive://www.googleapis.com/:personal:/bannister/bannister/obj/x64/Debug/net8.0-android/android/bin/classes/crc64338477404e88479c/ToolbarExtensions_ToolbarTitleIconImageView.class' (2,108)
2026-08-23 05:58:14: Copy Over 'C:/rock/bannister/Bannister/obj/x64/Debug/net8.0-android/android/bin/classes/crc643f2b18b2570eaa5a/PlatformGraphicsView.class' -> 'goodrive://www.googleapis.com/:personal:/bannister/bannister/obj/x64/Debug/net8.0-android/android/bin/classes/crc643f2b18b2570eaa5a/PlatformGraphicsView.class' (2,727)
2026-08-23 05:58:14: Copy Over 'C:/rock/bannister/Bannister/obj/x64/Debug/net8.0-android/android/bin/classes/crc6452ffdc5b34af3a0f/AccessibilityDelegateCompatWrapper.class' -> 'goodrive://www.googleapis.com/:personal:/bannister/bannister/obj/x64/Debug/net8.0-android/android/bin/classes/crc6452ffdc5b34af3a0f/AccessibilityDelegateCompatWrapper.class' (5,319)
2026-08-23 05:58:17: Copy Over 'C:/rock/bannister/Bannister/obj/x64/Debug/net8.0-android/android/bin/classes/crc6452ffdc5b34af3a0f/BorderDrawable.class' -> 'goodrive://www.googleapis.com/:personal:/bannister/bannister/obj/x64/Debug/net8.0-android/android/bin/classes/crc6452ffdc5b34af3a0f/BorderDrawable.class' (2,268)
2026-08-23 05:58:18: Copy Over 'C:/rock/bannister/Bannister/obj/x64/Debug/net8.0-android/android/bin/classes/crc6452ffdc5b34af3a0f/ContainerView.class' -> 'goodrive://www.googleapis.com/:personal:/bannister/bannister/obj/x64/Debug/net8.0-android/android/bin/classes/crc6452ffdc5b34af3a0f/ContainerView.class' (2,341)
2026-08-23 05:58:18: Copy Over 'C:/rock/bannister/Bannister/obj/x64/Debug/net8.0-android/android/bin/classes/crc6452ffdc5b34af3a0f/ContentViewGroup.class' -> 'goodrive://www.googleapis.com/:personal:/bannister/bannister/obj/x64/Debug/net8.0-android/android/bin/classes/crc6452ffdc5b34af3a0f/ContentViewGroup.class' (2,850)
2026-08-23 05:58:20: Copy Over 'C:/rock/bannister/Bannister/obj/x64/Debug/net8.0-android/android/bin/classes/crc6452ffdc5b34af3a0f/FragmentManagerExtensions_CallBacks.class' -> 'goodrive://www.googleapis.com/:personal:/bannister/bannister/obj/x64/Debug/net8.0-android/android/bin/classes/crc6452ffdc5b34af3a0f/FragmentManagerExtensions_CallBacks.class' (2,102)
2026-08-23 05:58:20: Copy Over 'C:/rock/bannister/Bannister/obj/x64/Debug/net8.0-android/android/bin/classes/crc6452ffdc5b34af3a0f/LayoutViewGroup.class' -> 'goodrive://www.googleapis.com/:personal:/bannister/bannister/obj/x64/Debug/net8.0-android/android/bin/classes/crc6452ffdc5b34af3a0f/LayoutViewGroup.class' (2,857)
2026-08-23 05:58:21: Copy Over 'C:/rock/bannister/Bannister/obj/x64/Debug/net8.0-android/android/bin/classes/crc6452ffdc5b34af3a0f/LocalizedDigitsKeyListener.class' -> 'goodrive://www.googleapis.com/:personal:/bannister/bannister/obj/x64/Debug/net8.0-android/android/bin/classes/crc6452ffdc5b34af3a0f/LocalizedDigitsKeyListener.class' (2,202)
2026-08-23 05:58:24: Copy Over 'C:/rock/bannister/Bannister/obj/x64/Debug/net8.0-android/android/bin/classes/crc6452ffdc5b34af3a0f/MauiAppCompatEditText.class' -> 'goodrive://www.googleapis.com/:personal:/bannister/bannister/obj/x64/Debug/net8.0-android/android/bin/classes/crc6452ffdc5b34af3a0f/MauiAppCompatEditText.class' (2,201)
2026-08-23 05:58:24: Copy Over 'C:/rock/bannister/Bannister/obj/x64/Debug/net8.0-android/android/bin/classes/crc6452ffdc5b34af3a0f/MauiAccessibilityDelegateCompat.class' -> 'goodrive://www.googleapis.com/:personal:/bannister/bannister/obj/x64/Debug/net8.0-android/android/bin/classes/crc6452ffdc5b34af3a0f/MauiAccessibilityDelegateCompat.class' (2,385)
2026-08-23 05:58:24: Copy Over 'C:/rock/bannister/Bannister/obj/x64/Debug/net8.0-android/android/bin/classes/crc6452ffdc5b34af3a0f/MauiBoxView.class' -> 'goodrive://www.googleapis.com/:personal:/bannister/bannister/obj/x64/Debug/net8.0-android/android/bin/classes/crc6452ffdc5b34af3a0f/MauiBoxView.class' (2,350)
2026-08-23 05:58:27: Copy Over 'C:/rock/bannister/Bannister/obj/x64/Debug/net8.0-android/android/bin/classes/crc6452ffdc5b34af3a0f/MauiLayerDrawable.class' -> 'goodrive://www.googleapis.com/:personal:/bannister/bannister/obj/x64/Debug/net8.0-android/android/bin/classes/crc6452ffdc5b34af3a0f/MauiLayerDrawable.class' (1,377)
2026-08-23 05:58:27: Copy Over 'C:/rock/bannister/Bannister/obj/x64/Debug/net8.0-android/android/bin/classes/crc6452ffdc5b34af3a0f/MauiDatePicker.class' -> 'goodrive://www.googleapis.com/:personal:/bannister/bannister/obj/x64/Debug/net8.0-android/android/bin/classes/crc6452ffdc5b34af3a0f/MauiDatePicker.class' (2,411)
2026-08-23 05:58:27: Copy Over 'C:/rock/bannister/Bannister/obj/x64/Debug/net8.0-android/android/bin/classes/crc6452ffdc5b34af3a0f/MauiHorizontalScrollView.class' -> 'goodrive://www.googleapis.com/:personal:/bannister/bannister/obj/x64/Debug/net8.0-android/android/bin/classes/crc6452ffdc5b34af3a0f/MauiHorizontalScrollView.class' (3,616)
2026-08-23 05:58:30: Copy Over 'C:/rock/bannister/Bannister/obj/x64/Debug/net8.0-android/android/bin/classes/crc6452ffdc5b34af3a0f/MauiMaterialButton_MauiResizableDrawable.class' -> 'goodrive://www.googleapis.com/:personal:/bannister/bannister/obj/x64/Debug/net8.0-android/android/bin/classes/crc6452ffdc5b34af3a0f/MauiMaterialButton_MauiResizableDrawable.class' (1,446)
2026-08-23 05:58:30: Copy Over 'C:/rock/bannister/Bannister/obj/x64/Debug/net8.0-android/android/bin/classes/crc6452ffdc5b34af3a0f/MauiMaterialButton.class' -> 'goodrive://www.googleapis.com/:personal:/bannister/bannister/obj/x64/Debug/net8.0-android/android/bin/classes/crc6452ffdc5b34af3a0f/MauiMaterialButton.class' (2,621)
2026-08-23 05:58:31: Copy Over 'C:/rock/bannister/Bannister/obj/x64/Debug/net8.0-android/android/bin/classes/crc6452ffdc5b34af3a0f/MauiPageControl.class' -> 'goodrive://www.googleapis.com/:personal:/bannister/bannister/obj/x64/Debug/net8.0-android/android/bin/classes/crc6452ffdc5b34af3a0f/MauiPageControl.class' (2,347)
2026-08-23 05:58:34: Copy Over 'C:/rock/bannister/Bannister/obj/x64/Debug/net8.0-android/android/bin/classes/crc6452ffdc5b34af3a0f/MauiPageControl_TEditClickListener.class' -> 'goodrive://www.googleapis.com/:personal:/bannister/bannister/obj/x64/Debug/net8.0-android/android/bin/classes/crc6452ffdc5b34af3a0f/MauiPageControl_TEditClickListener.class' (1,642)
2026-08-23 05:58:34: Copy Over 'C:/rock/bannister/Bannister/obj/x64/Debug/net8.0-android/android/bin/classes/crc6452ffdc5b34af3a0f/MauiPicker.class' -> 'goodrive://www.googleapis.com/:personal:/bannister/bannister/obj/x64/Debug/net8.0-android/android/bin/classes/crc6452ffdc5b34af3a0f/MauiPicker.class' (2,436)
2026-08-23 05:58:34: Copy Over 'C:/rock/bannister/Bannister/obj/x64/Debug/net8.0-android/android/bin/classes/crc6452ffdc5b34af3a0f/MauiPickerBase.class' -> 'goodrive://www.googleapis.com/:personal:/bannister/bannister/obj/x64/Debug/net8.0-android/android/bin/classes/crc6452ffdc5b34af3a0f/MauiPickerBase.class' (2,002)
2026-08-23 05:58:37: Copy Over 'C:/rock/bannister/Bannister/obj/x64/Debug/net8.0-android/android/bin/classes/crc6452ffdc5b34af3a0f/MauiShapeView.class' -> 'goodrive://www.googleapis.com/:personal:/bannister/bannister/obj/x64/Debug/net8.0-android/android/bin/classes/crc6452ffdc5b34af3a0f/MauiShapeView.class' (2,356)
2026-08-23 05:58:38: Copy Over 'C:/rock/bannister/Bannister/obj/x64/Debug/net8.0-android/android/bin/classes/crc6452ffdc5b34af3a0f/MauiScrollView.class' -> 'goodrive://www.googleapis.com/:personal:/bannister/bannister/obj/x64/Debug/net8.0-android/android/bin/classes/crc6452ffdc5b34af3a0f/MauiScrollView.class' (3,242)
2026-08-23 05:58:38: Copy Over 'C:/rock/bannister/Bannister/obj/x64/Debug/net8.0-android/android/bin/classes/crc6452ffdc5b34af3a0f/MauiSearchView.class' -> 'goodrive://www.googleapis.com/:personal:/bannister/bannister/obj/x64/Debug/net8.0-android/android/bin/classes/crc6452ffdc5b34af3a0f/MauiSearchView.class' (1,995)
2026-08-23 05:58:41: Copy Over 'C:/rock/bannister/Bannister/obj/x64/Debug/net8.0-android/android/bin/classes/crc6452ffdc5b34af3a0f/MauiStepper.class' -> 'goodrive://www.googleapis.com/:personal:/bannister/bannister/obj/x64/Debug/net8.0-android/android/bin/classes/crc6452ffdc5b34af3a0f/MauiStepper.class' (2,335)
2026-08-23 05:58:41: Copy Over 'C:/rock/bannister/Bannister/obj/x64/Debug/net8.0-android/android/bin/classes/crc6452ffdc5b34af3a0f/MauiSwipeView.class' -> 'goodrive://www.googleapis.com/:personal:/bannister/bannister/obj/x64/Debug/net8.0-android/android/bin/classes/crc6452ffdc5b34af3a0f/MauiSwipeView.class' (3,174)
2026-08-23 05:58:41: Copy Over 'C:/rock/bannister/Bannister/obj/x64/Debug/net8.0-android/android/bin/classes/crc6452ffdc5b34af3a0f/MauiSwipeRefreshLayout.class' -> 'goodrive://www.googleapis.com/:personal:/bannister/bannister/obj/x64/Debug/net8.0-android/android/bin/classes/crc6452ffdc5b34af3a0f/MauiSwipeRefreshLayout.class' (1,816)
2026-08-23 05:58:44: Copy Over 'C:/rock/bannister/Bannister/obj/x64/Debug/net8.0-android/android/bin/classes/crc6452ffdc5b34af3a0f/MauiTextView.class' -> 'goodrive://www.googleapis.com/:personal:/bannister/bannister/obj/x64/Debug/net8.0-android/android/bin/classes/crc6452ffdc5b34af3a0f/MauiTextView.class' (1,515)
2026-08-23 05:58:44: Copy Over 'C:/rock/bannister/Bannister/obj/x64/Debug/net8.0-android/android/bin/classes/crc6452ffdc5b34af3a0f/MauiTimePicker.class' -> 'goodrive://www.googleapis.com/:personal:/bannister/bannister/obj/x64/Debug/net8.0-android/android/bin/classes/crc6452ffdc5b34af3a0f/MauiTimePicker.class' (2,411)
2026-08-23 05:58:45: Copy Over 'C:/rock/bannister/Bannister/obj/x64/Debug/net8.0-android/android/bin/classes/crc6452ffdc5b34af3a0f/MauiWebChromeClient.class' -> 'goodrive://www.googleapis.com/:personal:/bannister/bannister/obj/x64/Debug/net8.0-android/android/bin/classes/crc6452ffdc5b34af3a0f/MauiWebChromeClient.class' (1,806)
2026-08-23 05:58:47: Copy Over 'C:/rock/bannister/Bannister/obj/x64/Debug/net8.0-android/android/bin/classes/crc6452ffdc5b34af3a0f/MauiWebView.class' -> 'goodrive://www.googleapis.com/:personal:/bannister/bannister/obj/x64/Debug/net8.0-android/android/bin/classes/crc6452ffdc5b34af3a0f/MauiWebView.class' (2,748)
2026-08-23 05:58:48: Copy Over 'C:/rock/bannister/Bannister/obj/x64/Debug/net8.0-android/android/bin/classes/crc6452ffdc5b34af3a0f/MauiWebViewClient.class' -> 'goodrive://www.googleapis.com/:personal:/bannister/bannister/obj/x64/Debug/net8.0-android/android/bin/classes/crc6452ffdc5b34af3a0f/MauiWebViewClient.class' (2,658)
2026-08-23 05:58:50: Copy Over 'C:/rock/bannister/Bannister/obj/x64/Debug/net8.0-android/android/bin/classes/crc6452ffdc5b34af3a0f/NavigationRootManager_ElementBasedFragment.class' -> 'goodrive://www.googleapis.com/:personal:/bannister/bannister/obj/x64/Debug/net8.0-android/android/bin/classes/crc6452ffdc5b34af3a0f/NavigationRootManager_ElementBasedFragment.class' (1,795)
2026-08-23 05:58:50: Copy Over 'C:/rock/bannister/Bannister/obj/x64/Debug/net8.0-android/android/bin/classes/crc6452ffdc5b34af3a0f/NavigationViewFragment.class' -> 'goodrive://www.googleapis.com/:personal:/bannister/bannister/obj/x64/Debug/net8.0-android/android/bin/classes/crc6452ffdc5b34af3a0f/NavigationViewFragment.class' (2,350)
2026-08-23 05:58:51: Copy Over 'C:/rock/bannister/Bannister/obj/x64/Debug/net8.0-android/android/bin/classes/crc6452ffdc5b34af3a0f/PlatformTouchGraphicsView.class' -> 'goodrive://www.googleapis.com/:personal:/bannister/bannister/obj/x64/Debug/net8.0-android/android/bin/classes/crc6452ffdc5b34af3a0f/PlatformTouchGraphicsView.class' (2,954)
2026-08-23 05:58:53: Copy Over 'C:/rock/bannister/Bannister/obj/x64/Debug/net8.0-android/android/bin/classes/crc6452ffdc5b34af3a0f/ScopedFragment.class' -> 'goodrive://www.googleapis.com/:personal:/bannister/bannister/obj/x64/Debug/net8.0-android/android/bin/classes/crc6452ffdc5b34af3a0f/ScopedFragment.class' (2,195)
2026-08-23 05:58:54: Copy Over 'C:/rock/bannister/Bannister/obj/x64/Debug/net8.0-android/android/bin/classes/crc6452ffdc5b34af3a0f/StackNavigationManager_Callbacks.class' -> 'goodrive://www.googleapis.com/:personal:/bannister/bannister/obj/x64/Debug/net8.0-android/android/bin/classes/crc6452ffdc5b34af3a0f/StackNavigationManager_Callbacks.class' (5,643)
2026-08-23 05:58:55: Copy Over 'C:/rock/bannister/Bannister/obj/x64/Debug/net8.0-android/android/bin/classes/crc6452ffdc5b34af3a0f/StepperHandlerHolder.class' -> 'goodrive://www.googleapis.com/:personal:/bannister/bannister/obj/x64/Debug/net8.0-android/android/bin/classes/crc6452ffdc5b34af3a0f/StepperHandlerHolder.class' (1,185)
2026-08-23 05:58:56: Copy Over 'C:/rock/bannister/Bannister/obj/x64/Debug/net8.0-android/android/bin/classes/crc6452ffdc5b34af3a0f/StepperHandlerManager_StepperListener.class' -> 'goodrive://www.googleapis.com/:personal:/bannister/bannister/obj/x64/Debug/net8.0-android/android/bin/classes/crc6452ffdc5b34af3a0f/StepperHandlerManager_StepperListener.class' (1,651)
2026-08-23 05:58:57: Copy Over 'C:/rock/bannister/Bannister/obj/x64/Debug/net8.0-android/android/bin/classes/crc6452ffdc5b34af3a0f/SwipeViewPager.class' -> 'goodrive://www.googleapis.com/:personal:/bannister/bannister/obj/x64/Debug/net8.0-android/android/bin/classes/crc6452ffdc5b34af3a0f/SwipeViewPager.class' (2,063)
2026-08-23 05:58:59: Copy Over 'C:/rock/bannister/Bannister/obj/x64/Debug/net8.0-android/android/bin/classes/crc6452ffdc5b34af3a0f/ViewFragment.class' -> 'goodrive://www.googleapis.com/:personal:/bannister/bannister/obj/x64/Debug/net8.0-android/android/bin/classes/crc6452ffdc5b34af3a0f/ViewFragment.class' (2,017)
2026-08-23 05:58:59: Copy Over 'C:/rock/bannister/Bannister/obj/x64/Debug/net8.0-android/android/bin/classes/crc6452ffdc5b34af3a0f/WebViewExtensions_JavascriptResult.class' -> 'goodrive://www.googleapis.com/:personal:/bannister/bannister/obj/x64/Debug/net8.0-android/android/bin/classes/crc6452ffdc5b34af3a0f/WebViewExtensions_JavascriptResult.class' (1,560)
2026-08-23 05:59:01: Copy Over 'C:/rock/bannister/Bannister/obj/x64/Debug/net8.0-android/android/bin/classes/crc6452ffdc5b34af3a0f/WrapperView.class' -> 'goodrive://www.googleapis.com/:personal:/bannister/bannister/obj/x64/Debug/net8.0-android/android/bin/classes/crc6452ffdc5b34af3a0f/WrapperView.class' (2,740)
2026-08-23 05:59:02: Copy Over 'C:/rock/bannister/Bannister/obj/x64/Debug/net8.0-android/android/bin/classes/crc645d80431ce5f73f11/CarouselSpacingItemDecoration.class' -> 'goodrive://www.googleapis.com/:personal:/bannister/bannister/obj/x64/Debug/net8.0-android/android/bin/classes/crc645d80431ce5f73f11/CarouselSpacingItemDecoration.class' (2,029)
2026-08-23 05:59:02: Copy Over 'C:/rock/bannister/Bannister/obj/x64/Debug/net8.0-android/android/bin/classes/crc6468b6408a11370c2f/WebAuthenticatorCallbackActivity.class' -> 'goodrive://www.googleapis.com/:personal:/bannister/bannister/obj/x64/Debug/net8.0-android/android/bin/classes/crc6468b6408a11370c2f/WebAuthenticatorCallbackActivity.class' (1,458)
2026-08-23 05:59:04: Copy Over 'C:/rock/bannister/Bannister/obj/x64/Debug/net8.0-android/android/bin/classes/crc6468b6408a11370c2f/WebAuthenticatorIntermediateActivity.class' -> 'goodrive://www.googleapis.com/:personal:/bannister/bannister/obj/x64/Debug/net8.0-android/android/bin/classes/crc6468b6408a11370c2f/WebAuthenticatorIntermediateActivity.class' (2,015)
2026-08-23 05:59:05: Copy Over 'C:/rock/bannister/Bannister/obj/x64/Debug/net8.0-android/android/bin/classes/crc645d80431ce5f73f11/CarouselViewAdapter_2.class' -> 'goodrive://www.googleapis.com/:personal:/bannister/bannister/obj/x64/Debug/net8.0-android/android/bin/classes/crc645d80431ce5f73f11/CarouselViewAdapter_2.class' (2,041)
2026-08-23 05:59:05: Copy Over 'C:/rock/bannister/Bannister/obj/x64/Debug/net8.0-android/android/bin/classes/crc645d80431ce5f73f11/CarouselViewOnScrollListener.class' -> 'goodrive://www.googleapis.com/:personal:/bannister/bannister/obj/x64/Debug/net8.0-android/android/bin/classes/crc645d80431ce5f73f11/CarouselViewOnScrollListener.class' (1,883)
2026-08-23 05:59:08: Copy Over 'C:/rock/bannister/Bannister/obj/x64/Debug/net8.0-android/android/bin/classes/crc645d80431ce5f73f11/CenterSnapHelper.class' -> 'goodrive://www.googleapis.com/:personal:/bannister/bannister/obj/x64/Debug/net8.0-android/android/bin/classes/crc645d80431ce5f73f11/CenterSnapHelper.class' (1,755)
2026-08-23 05:59:09: Copy Over 'C:/rock/bannister/Bannister/obj/x64/Debug/net8.0-android/android/bin/classes/crc645d80431ce5f73f11/DataChangeObserver.class' -> 'goodrive://www.googleapis.com/:personal:/bannister/bannister/obj/x64/Debug/net8.0-android/android/bin/classes/crc645d80431ce5f73f11/DataChangeObserver.class' (2,388)
2026-08-23 05:59:09: Copy Over 'C:/rock/bannister/Bannister/obj/x64/Debug/net8.0-android/android/bin/classes/crc645d80431ce5f73f11/EdgeSnapHelper.class' -> 'goodrive://www.googleapis.com/:personal:/bannister/bannister/obj/x64/Debug/net8.0-android/android/bin/classes/crc645d80431ce5f73f11/EdgeSnapHelper.class' (1,238)
2026-08-23 05:59:11: Copy Over 'C:/rock/bannister/Bannister/obj/x64/Debug/net8.0-android/android/bin/classes/crc645d80431ce5f73f11/EmptyViewAdapter.class' -> 'goodrive://www.googleapis.com/:personal:/bannister/bannister/obj/x64/Debug/net8.0-android/android/bin/classes/crc645d80431ce5f73f11/EmptyViewAdapter.class' (2,719)
2026-08-23 05:59:12: Copy Over 'C:/rock/bannister/Bannister/obj/x64/Debug/net8.0-android/android/bin/classes/crc645d80431ce5f73f11/EndSingleSnapHelper.class' -> 'goodrive://www.googleapis.com/:personal:/bannister/bannister/obj/x64/Debug/net8.0-android/android/bin/classes/crc645d80431ce5f73f11/EndSingleSnapHelper.class' (1,849)
2026-08-23 05:59:13: Copy Over 'C:/rock/bannister/Bannister/obj/x64/Debug/net8.0-android/android/bin/classes/crc645d80431ce5f73f11/EndSnapHelper.class' -> 'goodrive://www.googleapis.com/:personal:/bannister/bannister/obj/x64/Debug/net8.0-android/android/bin/classes/crc645d80431ce5f73f11/EndSnapHelper.class' (2,179)
2026-08-23 05:59:14: Copy Over 'C:/rock/bannister/Bannister/obj/x64/Debug/net8.0-android/android/bin/classes/crc645d80431ce5f73f11/GridLayoutSpanSizeLookup.class' -> 'goodrive://www.googleapis.com/:personal:/bannister/bannister/obj/x64/Debug/net8.0-android/android/bin/classes/crc645d80431ce5f73f11/GridLayoutSpanSizeLookup.class' (1,536)
2026-08-23 05:59:16: Copy Over 'C:/rock/bannister/Bannister/obj/x64/Debug/net8.0-android/android/bin/classes/crc645d80431ce5f73f11/GroupableItemsViewAdapter_2.class' -> 'goodrive://www.googleapis.com/:personal:/bannister/bannister/obj/x64/Debug/net8.0-android/android/bin/classes/crc645d80431ce5f73f11/GroupableItemsViewAdapter_2.class' (2,277)
2026-08-23 05:59:17: Copy Over 'C:/rock/bannister/Bannister/obj/x64/Debug/net8.0-android/android/bin/classes/crc645d80431ce5f73f11/ItemContentView.class' -> 'goodrive://www.googleapis.com/:personal:/bannister/bannister/obj/x64/Debug/net8.0-android/android/bin/classes/crc645d80431ce5f73f11/ItemContentView.class' (2,660)
2026-08-23 05:59:17: Copy Over 'C:/rock/bannister/Bannister/obj/x64/Debug/net8.0-android/android/bin/classes/crc645d80431ce5f73f11/ItemsViewAdapter_2.class' -> 'goodrive://www.googleapis.com/:personal:/bannister/bannister/obj/x64/Debug/net8.0-android/android/bin/classes/crc645d80431ce5f73f11/ItemsViewAdapter_2.class' (2,859)
2026-08-23 05:59:19: Copy Over 'C:/rock/bannister/Bannister/obj/x64/Debug/net8.0-android/android/bin/classes/crc645d80431ce5f73f11/MauiCarouselRecyclerView.class' -> 'goodrive://www.googleapis.com/:personal:/bannister/bannister/obj/x64/Debug/net8.0-android/android/bin/classes/crc645d80431ce5f73f11/MauiCarouselRecyclerView.class' (2,975)
2026-08-23 05:59:20: Copy Over 'C:/rock/bannister/Bannister/obj/x64/Debug/net8.0-android/android/bin/classes/crc645d80431ce5f73f11/MauiCarouselRecyclerView_CarouselViewOnGlobalLayoutListener.class' -> 'goodrive://www.googleapis.com/:personal:/bannister/bannister/obj/x64/Debug/net8.0-android/android/bin/classes/crc645d80431ce5f73f11/MauiCarouselRecyclerView_CarouselViewOnGlobalLayoutListener.class' (2,062)
2026-08-23 05:59:21: Copy Over 'C:/rock/bannister/Bannister/obj/x64/Debug/net8.0-android/android/bin/classes/crc645d80431ce5f73f11/MauiRecyclerView_3.class' -> 'goodrive://www.googleapis.com/:personal:/bannister/bannister/obj/x64/Debug/net8.0-android/android/bin/classes/crc645d80431ce5f73f11/MauiRecyclerView_3.class' (2,188)
2026-08-23 05:59:23: Copy Over 'C:/rock/bannister/Bannister/obj/x64/Debug/net8.0-android/android/bin/classes/crc645d80431ce5f73f11/NongreedySnapHelper.class' -> 'goodrive://www.googleapis.com/:personal:/bannister/bannister/obj/x64/Debug/net8.0-android/android/bin/classes/crc645d80431ce5f73f11/NongreedySnapHelper.class' (1,571)
2026-08-23 05:59:23: Copy Over 'C:/rock/bannister/Bannister/obj/x64/Debug/net8.0-android/android/bin/classes/crc645d80431ce5f73f11/NongreedySnapHelper_InitialScrollListener.class' -> 'goodrive://www.googleapis.com/:personal:/bannister/bannister/obj/x64/Debug/net8.0-android/android/bin/classes/crc645d80431ce5f73f11/NongreedySnapHelper_InitialScrollListener.class' (2,001)
2026-08-23 05:59:24: Copy Over 'C:/rock/bannister/Bannister/obj/x64/Debug/net8.0-android/android/bin/classes/crc645d80431ce5f73f11/PositionalSmoothScroller.class' -> 'goodrive://www.googleapis.com/:personal:/bannister/bannister/obj/x64/Debug/net8.0-android/android/bin/classes/crc645d80431ce5f73f11/PositionalSmoothScroller.class' (1,960)
2026-08-23 05:59:26: Copy Over 'C:/rock/bannister/Bannister/obj/x64/Debug/net8.0-android/android/bin/classes/crc645d80431ce5f73f11/RecyclerViewScrollListener_2.class' -> 'goodrive://www.googleapis.com/:personal:/bannister/bannister/obj/x64/Debug/net8.0-android/android/bin/classes/crc645d80431ce5f73f11/RecyclerViewScrollListener_2.class' (1,676)
2026-08-23 05:59:26: Copy Over 'C:/rock/bannister/Bannister/obj/x64/Debug/net8.0-android/android/bin/classes/crc645d80431ce5f73f11/ReorderableItemsViewAdapter_2.class' -> 'goodrive://www.googleapis.com/:personal:/bannister/bannister/obj/x64/Debug/net8.0-android/android/bin/classes/crc645d80431ce5f73f11/ReorderableItemsViewAdapter_2.class' (1,291)
2026-08-23 05:59:28: Copy Over 'C:/rock/bannister/Bannister/obj/x64/Debug/net8.0-android/android/bin/classes/crc645d80431ce5f73f11/ScrollHelper.class' -> 'goodrive://www.googleapis.com/:personal:/bannister/bannister/obj/x64/Debug/net8.0-android/android/bin/classes/crc645d80431ce5f73f11/ScrollHelper.class' (1,856)
2026-08-23 05:59:29: Copy Over 'C:/rock/bannister/Bannister/obj/x64/Debug/net8.0-android/android/bin/classes/crc645d80431ce5f73f11/SelectableItemsViewAdapter_2.class' -> 'goodrive://www.googleapis.com/:personal:/bannister/bannister/obj/x64/Debug/net8.0-android/android/bin/classes/crc645d80431ce5f73f11/SelectableItemsViewAdapter_2.class' (2,090)
2026-08-23 05:59:29: Copy Over 'C:/rock/bannister/Bannister/obj/x64/Debug/net8.0-android/android/bin/classes/crc645d80431ce5f73f11/SelectableViewHolder.class' -> 'goodrive://www.googleapis.com/:personal:/bannister/bannister/obj/x64/Debug/net8.0-android/android/bin/classes/crc645d80431ce5f73f11/SelectableViewHolder.class' (1,795)
2026-08-23 05:59:31: Copy Over 'C:/rock/bannister/Bannister/obj/x64/Debug/net8.0-android/android/bin/classes/crc645d80431ce5f73f11/SimpleItemTouchHelperCallback.class' -> 'goodrive://www.googleapis.com/:personal:/bannister/bannister/obj/x64/Debug/net8.0-android/android/bin/classes/crc645d80431ce5f73f11/SimpleItemTouchHelperCallback.class' (3,022)
2026-08-23 05:59:32: Copy Over 'C:/rock/bannister/Bannister/obj/x64/Debug/net8.0-android/android/bin/classes/crc645d80431ce5f73f11/SimpleViewHolder.class' -> 'goodrive://www.googleapis.com/:personal:/bannister/bannister/obj/x64/Debug/net8.0-android/android/bin/classes/crc645d80431ce5f73f11/SimpleViewHolder.class' (1,445)
2026-08-23 05:59:32: Copy Over 'C:/rock/bannister/Bannister/obj/x64/Debug/net8.0-android/android/bin/classes/crc645d80431ce5f73f11/SingleSnapHelper.class' -> 'goodrive://www.googleapis.com/:personal:/bannister/bannister/obj/x64/Debug/net8.0-android/android/bin/classes/crc645d80431ce5f73f11/SingleSnapHelper.class' (2,120)
2026-08-23 05:59:35: Copy Over 'C:/rock/bannister/Bannister/obj/x64/Debug/net8.0-android/android/bin/classes/crc645d80431ce5f73f11/SizedItemContentView.class' -> 'goodrive://www.googleapis.com/:personal:/bannister/bannister/obj/x64/Debug/net8.0-android/android/bin/classes/crc645d80431ce5f73f11/SizedItemContentView.class' (2,538)
2026-08-23 05:59:35: Copy Over 'C:/rock/bannister/Bannister/obj/x64/Debug/net8.0-android/android/bin/classes/crc645d80431ce5f73f11/SpacingItemDecoration.class' -> 'goodrive://www.googleapis.com/:personal:/bannister/bannister/obj/x64/Debug/net8.0-android/android/bin/classes/crc645d80431ce5f73f11/SpacingItemDecoration.class' (2,005)
2026-08-23 05:59:36: Copy Over 'C:/rock/bannister/Bannister/obj/x64/Debug/net8.0-android/android/bin/classes/crc645d80431ce5f73f11/StartSingleSnapHelper.class' -> 'goodrive://www.googleapis.com/:personal:/bannister/bannister/obj/x64/Debug/net8.0-android/android/bin/classes/crc645d80431ce5f73f11/StartSingleSnapHelper.class' (1,855)
2026-08-23 05:59:38: Copy Over 'C:/rock/bannister/Bannister/obj/x64/Debug/net8.0-android/android/bin/classes/crc645d80431ce5f73f11/StartSnapHelper.class' -> 'goodrive://www.googleapis.com/:personal:/bannister/bannister/obj/x64/Debug/net8.0-android/android/bin/classes/crc645d80431ce5f73f11/StartSnapHelper.class' (2,185)
2026-08-23 05:59:39: Copy Over 'C:/rock/bannister/Bannister/obj/x64/Debug/net8.0-android/android/bin/classes/crc645d80431ce5f73f11/StructuredItemsViewAdapter_2.class' -> 'goodrive://www.googleapis.com/:personal:/bannister/bannister/obj/x64/Debug/net8.0-android/android/bin/classes/crc645d80431ce5f73f11/StructuredItemsViewAdapter_2.class' (2,270)
2026-08-23 05:59:39: Copy Over 'C:/rock/bannister/Bannister/obj/x64/Debug/net8.0-android/android/bin/classes/crc645d80431ce5f73f11/TemplatedItemViewHolder.class' -> 'goodrive://www.googleapis.com/:personal:/bannister/bannister/obj/x64/Debug/net8.0-android/android/bin/classes/crc645d80431ce5f73f11/TemplatedItemViewHolder.class' (1,365)
2026-08-23 05:59:41: Copy Over 'C:/rock/bannister/Bannister/obj/x64/Debug/net8.0-android/android/bin/classes/crc645d80431ce5f73f11/TextViewHolder.class' -> 'goodrive://www.googleapis.com/:personal:/bannister/bannister/obj/x64/Debug/net8.0-android/android/bin/classes/crc645d80431ce5f73f11/TextViewHolder.class' (1,338)
2026-08-23 05:59:42: Copy Over 'C:/rock/bannister/Bannister/obj/x64/Debug/net8.0-android/android/bin/classes/crc6477f0d89a9cfd64b1/ActivityIndicatorRenderer.class' -> 'goodrive://www.googleapis.com/:personal:/bannister/bannister/obj/x64/Debug/net8.0-android/android/bin/classes/crc6477f0d89a9cfd64b1/ActivityIndicatorRenderer.class' (2,082)
2026-08-23 05:59:43: Copy Over 'C:/rock/bannister/Bannister/obj/x64/Debug/net8.0-android/android/bin/classes/crc6488302ad6e9e4df1a/ImageLoaderCallback.class' -> 'goodrive://www.googleapis.com/:personal:/bannister/bannister/obj/x64/Debug/net8.0-android/android/bin/classes/crc6488302ad6e9e4df1a/ImageLoaderCallback.class' (1,226)
2026-08-23 05:59:44: Copy Over 'C:/rock/bannister/Bannister/obj/x64/Debug/net8.0-android/android/bin/classes/crc6488302ad6e9e4df1a/ImageLoaderCallbackBase_1.class' -> 'goodrive://www.googleapis.com/:personal:/bannister/bannister/obj/x64/Debug/net8.0-android/android/bin/classes/crc6488302ad6e9e4df1a/ImageLoaderCallbackBase_1.class' (1,668)
2026-08-23 05:59:46: Copy Over 'C:/rock/bannister/Bannister/obj/x64/Debug/net8.0-android/android/bin/classes/crc6488302ad6e9e4df1a/ImageLoaderResultCallback.class' -> 'goodrive://www.googleapis.com/:personal:/bannister/bannister/obj/x64/Debug/net8.0-android/android/bin/classes/crc6488302ad6e9e4df1a/ImageLoaderResultCallback.class' (1,244)
2026-08-23 05:59:47: Copy Over 'C:/rock/bannister/Bannister/obj/x64/Debug/net8.0-android/android/bin/classes/crc6488302ad6e9e4df1a/MauiAppCompatActivity.class' -> 'goodrive://www.googleapis.com/:personal:/bannister/bannister/obj/x64/Debug/net8.0-android/android/bin/classes/crc6488302ad6e9e4df1a/MauiAppCompatActivity.class' (3,730)
2026-08-23 05:59:48: Copy Over 'C:/rock/bannister/Bannister/obj/x64/Debug/net8.0-android/android/bin/classes/crc6488302ad6e9e4df1a/MauiApplication.class' -> 'goodrive://www.googleapis.com/:personal:/bannister/bannister/obj/x64/Debug/net8.0-android/android/bin/classes/crc6488302ad6e9e4df1a/MauiApplication.class' (1,567)
2026-08-23 05:59:49: Copy Over 'C:/rock/bannister/Bannister/obj/x64/Debug/net8.0-android/android/bin/classes/crc6488302ad6e9e4df1a/MauiApplication_ActivityLifecycleCallbacks.class' -> 'goodrive://www.googleapis.com/:personal:/bannister/bannister/obj/x64/Debug/net8.0-android/android/bin/classes/crc6488302ad6e9e4df1a/MauiApplication_ActivityLifecycleCallbacks.class' (8,927)
2026-08-23 05:59:50: Copy Over 'C:/rock/bannister/Bannister/obj/x64/Debug/net8.0-android/android/bin/classes/crc6477f0d89a9cfd64b1/AHorizontalScrollView.class' -> 'goodrive://www.googleapis.com/:personal:/bannister/bannister/obj/x64/Debug/net8.0-android/android/bin/classes/crc6477f0d89a9cfd64b1/AHorizontalScrollView.class' (3,661)
2026-08-23 05:59:51: Copy Over 'C:/rock/bannister/Bannister/obj/x64/Debug/net8.0-android/android/bin/classes/crc6477f0d89a9cfd64b1/BorderDrawable.class' -> 'goodrive://www.googleapis.com/:personal:/bannister/bannister/obj/x64/Debug/net8.0-android/android/bin/classes/crc6477f0d89a9cfd64b1/BorderDrawable.class' (2,259)
2026-08-23 05:59:53: Copy Over 'C:/rock/bannister/Bannister/obj/x64/Debug/net8.0-android/android/bin/classes/crc6477f0d89a9cfd64b1/BoxRenderer.class' -> 'goodrive://www.googleapis.com/:personal:/bannister/bannister/obj/x64/Debug/net8.0-android/android/bin/classes/crc6477f0d89a9cfd64b1/BoxRenderer.class' (2,270)
2026-08-23 05:59:54: Copy Over 'C:/rock/bannister/Bannister/obj/x64/Debug/net8.0-android/android/bin/classes/crc6477f0d89a9cfd64b1/CarouselPageAdapter.class' -> 'goodrive://www.googleapis.com/:personal:/bannister/bannister/obj/x64/Debug/net8.0-android/android/bin/classes/crc6477f0d89a9cfd64b1/CarouselPageAdapter.class' (3,383)
2026-08-23 05:59:54: Copy Over 'C:/rock/bannister/Bannister/obj/x64/Debug/net8.0-android/android/bin/classes/crc6477f0d89a9cfd64b1/CarouselSpacingItemDecoration.class' -> 'goodrive://www.googleapis.com/:personal:/bannister/bannister/obj/x64/Debug/net8.0-android/android/bin/classes/crc6477f0d89a9cfd64b1/CarouselSpacingItemDecoration.class' (2,059)
2026-08-23 05:59:56: Copy Over 'C:/rock/bannister/Bannister/obj/x64/Debug/net8.0-android/android/bin/classes/crc6477f0d89a9cfd64b1/CarouselViewRenderer.class' -> 'goodrive://www.googleapis.com/:personal:/bannister/bannister/obj/x64/Debug/net8.0-android/android/bin/classes/crc6477f0d89a9cfd64b1/CarouselViewRenderer.class' (2,518)
2026-08-23 05:59:57: Copy Over 'C:/rock/bannister/Bannister/obj/x64/Debug/net8.0-android/android/bin/classes/crc6477f0d89a9cfd64b1/CarouselViewRenderer_CarouselViewOnScrollListener.class' -> 'goodrive://www.googleapis.com/:personal:/bannister/bannister/obj/x64/Debug/net8.0-android/android/bin/classes/crc6477f0d89a9cfd64b1/CarouselViewRenderer_CarouselViewOnScrollListener.class' (1,976)
2026-08-23 05:59:58: Copy Over 'C:/rock/bannister/Bannister/obj/x64/Debug/net8.0-android/android/bin/classes/crc6477f0d89a9cfd64b1/CarouselViewRenderer_CarouselViewwOnGlobalLayoutListener.class' -> 'goodrive://www.googleapis.com/:personal:/bannister/bannister/obj/x64/Debug/net8.0-android/android/bin/classes/crc6477f0d89a9cfd64b1/CarouselViewRenderer_CarouselViewwOnGlobalLayoutListener.class' (1,782)
2026-08-23 05:59:59: Copy Over 'C:/rock/bannister/Bannister/obj/x64/Debug/net8.0-android/android/bin/classes/crc6477f0d89a9cfd64b1/CellRenderer_RendererHolder.class' -> 'goodrive://www.googleapis.com/:personal:/bannister/bannister/obj/x64/Debug/net8.0-android/android/bin/classes/crc6477f0d89a9cfd64b1/CellRenderer_RendererHolder.class' (1,260)
2026-08-23 06:00:01: Copy Over 'C:/rock/bannister/Bannister/obj/x64/Debug/net8.0-android/android/bin/classes/crc6477f0d89a9cfd64b1/CenterSnapHelper.class' -> 'goodrive://www.googleapis.com/:personal:/bannister/bannister/obj/x64/Debug/net8.0-android/android/bin/classes/crc6477f0d89a9cfd64b1/CenterSnapHelper.class' (1,785)
2026-08-23 06:00:02: Copy Over 'C:/rock/bannister/Bannister/obj/x64/Debug/net8.0-android/android/bin/classes/crc6477f0d89a9cfd64b1/CheckBoxRenderer.class' -> 'goodrive://www.googleapis.com/:personal:/bannister/bannister/obj/x64/Debug/net8.0-android/android/bin/classes/crc6477f0d89a9cfd64b1/CheckBoxRenderer.class' (2,061)
2026-08-23 06:00:03: Copy Over 'C:/rock/bannister/Bannister/obj/x64/Debug/net8.0-android/android/bin/classes/crc6477f0d89a9cfd64b1/CheckBoxRendererBase.class' -> 'goodrive://www.googleapis.com/:personal:/bannister/bannister/obj/x64/Debug/net8.0-android/android/bin/classes/crc6477f0d89a9cfd64b1/CheckBoxRendererBase.class' (3,050)
2026-08-23 06:00:04: Copy Over 'C:/rock/bannister/Bannister/obj/x64/Debug/net8.0-android/android/bin/classes/crc6477f0d89a9cfd64b1/CircularProgress.class' -> 'goodrive://www.googleapis.com/:personal:/bannister/bannister/obj/x64/Debug/net8.0-android/android/bin/classes/crc6477f0d89a9cfd64b1/CircularProgress.class' (2,732)
2026-08-23 06:00:05: Copy Over 'C:/rock/bannister/Bannister/obj/x64/Debug/net8.0-android/android/bin/classes/crc6477f0d89a9cfd64b1/CollectionViewRenderer.class' -> 'goodrive://www.googleapis.com/:personal:/bannister/bannister/obj/x64/Debug/net8.0-android/android/bin/classes/crc6477f0d89a9cfd64b1/CollectionViewRenderer.class' (2,087)
2026-08-23 06:00:06: Copy Over 'C:/rock/bannister/Bannister/obj/x64/Debug/net8.0-android/android/bin/classes/crc6477f0d89a9cfd64b1/DataChangeObserver.class' -> 'goodrive://www.googleapis.com/:personal:/bannister/bannister/obj/x64/Debug/net8.0-android/android/bin/classes/crc6477f0d89a9cfd64b1/DataChangeObserver.class' (2,418)
2026-08-23 06:00:08: Copy Over 'C:/rock/bannister/Bannister/obj/x64/Debug/net8.0-android/android/bin/classes/crc6477f0d89a9cfd64b1/DatePickerRenderer.class' -> 'goodrive://www.googleapis.com/:personal:/bannister/bannister/obj/x64/Debug/net8.0-android/android/bin/classes/crc6477f0d89a9cfd64b1/DatePickerRenderer.class' (2,071)
2026-08-23 06:00:08: Copy Over 'C:/rock/bannister/Bannister/obj/x64/Debug/net8.0-android/android/bin/classes/crc6477f0d89a9cfd64b1/DatePickerRendererBase_1.class' -> 'goodrive://www.googleapis.com/:personal:/bannister/bannister/obj/x64/Debug/net8.0-android/android/bin/classes/crc6477f0d89a9cfd64b1/DatePickerRendererBase_1.class' (2,079)
2026-08-23 06:00:10: Copy Over 'C:/rock/bannister/Bannister/obj/x64/Debug/net8.0-android/android/bin/classes/crc6477f0d89a9cfd64b1/DragAndDropGestureHandler.class' -> 'goodrive://www.googleapis.com/:personal:/bannister/bannister/obj/x64/Debug/net8.0-android/android/bin/classes/crc6477f0d89a9cfd64b1/DragAndDropGestureHandler.class' (1,731)
2026-08-23 06:00:11: Copy Over 'C:/rock/bannister/Bannister/obj/x64/Debug/net8.0-android/android/bin/classes/crc6477f0d89a9cfd64b1/DragAndDropGestureHandler_CustomLocalStateData.class' -> 'goodrive://www.googleapis.com/:personal:/bannister/bannister/obj/x64/Debug/net8.0-android/android/bin/classes/crc6477f0d89a9cfd64b1/DragAndDropGestureHandler_CustomLocalStateData.class' (1,317)
2026-08-23 06:00:12: Copy Over 'C:/rock/bannister/Bannister/obj/x64/Debug/net8.0-android/android/bin/classes/crc6477f0d89a9cfd64b1/EdgeSnapHelper.class' -> 'goodrive://www.googleapis.com/:personal:/bannister/bannister/obj/x64/Debug/net8.0-android/android/bin/classes/crc6477f0d89a9cfd64b1/EdgeSnapHelper.class' (1,268)
2026-08-23 06:00:13: Copy Over 'C:/rock/bannister/Bannister/obj/x64/Debug/net8.0-android/android/bin/classes/crc6477f0d89a9cfd64b1/EditorRenderer.class' -> 'goodrive://www.googleapis.com/:personal:/bannister/bannister/obj/x64/Debug/net8.0-android/android/bin/classes/crc6477f0d89a9cfd64b1/EditorRenderer.class' (2,218)
2026-08-23 06:00:14: Copy Over 'C:/rock/bannister/Bannister/obj/x64/Debug/net8.0-android/android/bin/classes/crc6477f0d89a9cfd64b1/EditorRendererBase_1.class' -> 'goodrive://www.googleapis.com/:personal:/bannister/bannister/obj/x64/Debug/net8.0-android/android/bin/classes/crc6477f0d89a9cfd64b1/EditorRendererBase_1.class' (3,123)
2026-08-23 06:00:15: Copy Over 'C:/rock/bannister/Bannister/obj/x64/Debug/net8.0-android/android/bin/classes/crc6477f0d89a9cfd64b1/EllipseRenderer.class' -> 'goodrive://www.googleapis.com/:personal:/bannister/bannister/obj/x64/Debug/net8.0-android/android/bin/classes/crc6477f0d89a9cfd64b1/EllipseRenderer.class' (2,053)
2026-08-23 06:00:17: Copy Over 'C:/rock/bannister/Bannister/obj/x64/Debug/net8.0-android/android/bin/classes/crc6477f0d89a9cfd64b1/EllipseView.class' -> 'goodrive://www.googleapis.com/:personal:/bannister/bannister/obj/x64/Debug/net8.0-android/android/bin/classes/crc6477f0d89a9cfd64b1/EllipseView.class' (2,393)
2026-08-23 06:00:17: Copy Over 'C:/rock/bannister/Bannister/obj/x64/Debug/net8.0-android/android/bin/classes/crc6477f0d89a9cfd64b1/EmptyViewAdapter.class' -> 'goodrive://www.googleapis.com/:personal:/bannister/bannister/obj/x64/Debug/net8.0-android/android/bin/classes/crc6477f0d89a9cfd64b1/EmptyViewAdapter.class' (2,749)
2026-08-23 06:00:19: Copy Over 'C:/rock/bannister/Bannister/obj/x64/Debug/net8.0-android/android/bin/classes/crc6477f0d89a9cfd64b1/EndSingleSnapHelper.class' -> 'goodrive://www.googleapis.com/:personal:/bannister/bannister/obj/x64/Debug/net8.0-android/android/bin/classes/crc6477f0d89a9cfd64b1/EndSingleSnapHelper.class' (1,879)
2026-08-23 06:00:20: Copy Over 'C:/rock/bannister/Bannister/obj/x64/Debug/net8.0-android/android/bin/classes/crc6477f0d89a9cfd64b1/EndSnapHelper.class' -> 'goodrive://www.googleapis.com/:personal:/bannister/bannister/obj/x64/Debug/net8.0-android/android/bin/classes/crc6477f0d89a9cfd64b1/EndSnapHelper.class' (2,209)
2026-08-23 06:00:21: Copy Over 'C:/rock/bannister/Bannister/obj/x64/Debug/net8.0-android/android/bin/classes/crc6477f0d89a9cfd64b1/EntryAccessibilityDelegate.class' -> 'goodrive://www.googleapis.com/:personal:/bannister/bannister/obj/x64/Debug/net8.0-android/android/bin/classes/crc6477f0d89a9cfd64b1/EntryAccessibilityDelegate.class' (1,825)
2026-08-23 06:00:22: Copy Over 'C:/rock/bannister/Bannister/obj/x64/Debug/net8.0-android/android/bin/classes/crc6477f0d89a9cfd64b1/EntryRenderer.class' -> 'goodrive://www.googleapis.com/:personal:/bannister/bannister/obj/x64/Debug/net8.0-android/android/bin/classes/crc6477f0d89a9cfd64b1/EntryRenderer.class' (2,051)
2026-08-23 06:00:23: Copy Over 'C:/rock/bannister/Bannister/obj/x64/Debug/net8.0-android/android/bin/classes/crc6477f0d89a9cfd64b1/EntryRendererBase_1.class' -> 'goodrive://www.googleapis.com/:personal:/bannister/bannister/obj/x64/Debug/net8.0-android/android/bin/classes/crc6477f0d89a9cfd64b1/EntryRendererBase_1.class' (3,683)
2026-08-23 06:00:24: Copy Over 'C:/rock/bannister/Bannister/obj/x64/Debug/net8.0-android/android/bin/classes/crc6477f0d89a9cfd64b1/FlyoutPageContainer.class' -> 'goodrive://www.googleapis.com/:personal:/bannister/bannister/obj/x64/Debug/net8.0-android/android/bin/classes/crc6477f0d89a9cfd64b1/FlyoutPageContainer.class' (2,980)
2026-08-23 06:00:26: Copy Over 'C:/rock/bannister/Bannister/obj/x64/Debug/net8.0-android/android/bin/classes/crc6477f0d89a9cfd64b1/FlyoutPageRenderer.class' -> 'goodrive://www.googleapis.com/:personal:/bannister/bannister/obj/x64/Debug/net8.0-android/android/bin/classes/crc6477f0d89a9cfd64b1/FlyoutPageRenderer.class' (3,841)
2026-08-23 06:00:27: Copy Over 'C:/rock/bannister/Bannister/obj/x64/Debug/net8.0-android/android/bin/classes/crc6477f0d89a9cfd64b1/FormsAnimationDrawable.class' -> 'goodrive://www.googleapis.com/:personal:/bannister/bannister/obj/x64/Debug/net8.0-android/android/bin/classes/crc6477f0d89a9cfd64b1/FormsAnimationDrawable.class' (1,801)
2026-08-23 06:00:27: Copy Over 'C:/rock/bannister/Bannister/obj/x64/Debug/net8.0-android/android/bin/classes/crc6477f0d89a9cfd64b1/FormsAppCompatActivity.class' -> 'goodrive://www.googleapis.com/:personal:/bannister/bannister/obj/x64/Debug/net8.0-android/android/bin/classes/crc6477f0d89a9cfd64b1/FormsAppCompatActivity.class' (3,586)
2026-08-23 06:00:29: Copy Over 'C:/rock/bannister/Bannister/obj/x64/Debug/net8.0-android/android/bin/classes/crc6477f0d89a9cfd64b1/FormsEditText.class' -> 'goodrive://www.googleapis.com/:personal:/bannister/bannister/obj/x64/Debug/net8.0-android/android/bin/classes/crc6477f0d89a9cfd64b1/FormsEditText.class' (2,439)
2026-08-23 06:00:30: Copy Over 'C:/rock/bannister/Bannister/obj/x64/Debug/net8.0-android/android/bin/classes/crc6477f0d89a9cfd64b1/FormsEditTextBase.class' -> 'goodrive://www.googleapis.com/:personal:/bannister/bannister/obj/x64/Debug/net8.0-android/android/bin/classes/crc6477f0d89a9cfd64b1/FormsEditTextBase.class' (2,281)
2026-08-23 06:00:31: Copy Over 'C:/rock/bannister/Bannister/obj/x64/Debug/net8.0-android/android/bin/classes/crc6477f0d89a9cfd64b1/FormsImageView.class' -> 'goodrive://www.googleapis.com/:personal:/bannister/bannister/obj/x64/Debug/net8.0-android/android/bin/classes/crc6477f0d89a9cfd64b1/FormsImageView.class' (2,526)
2026-08-23 06:00:32: Copy Over 'C:/rock/bannister/Bannister/obj/x64/Debug/net8.0-android/android/bin/classes/crc6477f0d89a9cfd64b1/FormsSeekBar.class' -> 'goodrive://www.googleapis.com/:personal:/bannister/bannister/obj/x64/Debug/net8.0-android/android/bin/classes/crc6477f0d89a9cfd64b1/FormsSeekBar.class' (2,879)
2026-08-23 06:00:33: Copy Over 'C:/rock/bannister/Bannister/obj/x64/Debug/net8.0-android/android/bin/classes/crc6477f0d89a9cfd64b1/FormsTextView.class' -> 'goodrive://www.googleapis.com/:personal:/bannister/bannister/obj/x64/Debug/net8.0-android/android/bin/classes/crc6477f0d89a9cfd64b1/FormsTextView.class' (2,053)
2026-08-23 06:00:34: Copy Over 'C:/rock/bannister/Bannister/obj/x64/Debug/net8.0-android/android/bin/classes/crc6477f0d89a9cfd64b1/FormsVideoView.class' -> 'goodrive://www.googleapis.com/:personal:/bannister/bannister/obj/x64/Debug/net8.0-android/android/bin/classes/crc6477f0d89a9cfd64b1/FormsVideoView.class' (3,000)
2026-08-23 06:00:36: Copy Over 'C:/rock/bannister/Bannister/obj/x64/Debug/net8.0-android/android/bin/classes/crc6477f0d89a9cfd64b1/FormsWebChromeClient.class' -> 'goodrive://www.googleapis.com/:personal:/bannister/bannister/obj/x64/Debug/net8.0-android/android/bin/classes/crc6477f0d89a9cfd64b1/FormsWebChromeClient.class' (1,863)
2026-08-23 06:00:37: Copy Over 'C:/rock/bannister/Bannister/obj/x64/Debug/net8.0-android/android/bin/classes/crc6477f0d89a9cfd64b1/FormsWebViewClient.class' -> 'goodrive://www.googleapis.com/:personal:/bannister/bannister/obj/x64/Debug/net8.0-android/android/bin/classes/crc6477f0d89a9cfd64b1/FormsWebViewClient.class' (3,589)
2026-08-23 06:00:38: Copy Over 'C:/rock/bannister/Bannister/obj/x64/Debug/net8.0-android/android/bin/classes/crc6477f0d89a9cfd64b1/GridLayoutSpanSizeLookup.class' -> 'goodrive://www.googleapis.com/:personal:/bannister/bannister/obj/x64/Debug/net8.0-android/android/bin/classes/crc6477f0d89a9cfd64b1/GridLayoutSpanSizeLookup.class' (1,566)
2026-08-23 06:00:39: Copy Over 'C:/rock/bannister/Bannister/obj/x64/Debug/net8.0-android/android/bin/classes/crc6477f0d89a9cfd64b1/GroupableItemsViewAdapter_2.class' -> 'goodrive://www.googleapis.com/:personal:/bannister/bannister/obj/x64/Debug/net8.0-android/android/bin/classes/crc6477f0d89a9cfd64b1/GroupableItemsViewAdapter_2.class' (2,307)
2026-08-23 06:00:41: Copy Over 'C:/rock/bannister/Bannister/obj/x64/Debug/net8.0-android/android/bin/classes/crc6477f0d89a9cfd64b1/GroupableItemsViewRenderer_3.class' -> 'goodrive://www.googleapis.com/:personal:/bannister/bannister/obj/x64/Debug/net8.0-android/android/bin/classes/crc6477f0d89a9cfd64b1/GroupableItemsViewRenderer_3.class' (2,106)
2026-08-23 06:00:41: Copy Over 'C:/rock/bannister/Bannister/obj/x64/Debug/net8.0-android/android/bin/classes/crc6477f0d89a9cfd64b1/GroupedListViewAdapter.class' -> 'goodrive://www.googleapis.com/:personal:/bannister/bannister/obj/x64/Debug/net8.0-android/android/bin/classes/crc6477f0d89a9cfd64b1/GroupedListViewAdapter.class' (2,386)
2026-08-23 06:00:42: Copy Over 'C:/rock/bannister/Bannister/obj/x64/Debug/net8.0-android/android/bin/classes/crc6477f0d89a9cfd64b1/ImageButtonRenderer.class' -> 'goodrive://www.googleapis.com/:personal:/bannister/bannister/obj/x64/Debug/net8.0-android/android/bin/classes/crc6477f0d89a9cfd64b1/ImageButtonRenderer.class' (4,024)
2026-08-23 06:00:44: Copy Over 'C:/rock/bannister/Bannister/obj/x64/Debug/net8.0-android/android/bin/classes/crc6477f0d89a9cfd64b1/ImageCache_FormsLruCache.class' -> 'goodrive://www.googleapis.com/:personal:/bannister/bannister/obj/x64/Debug/net8.0-android/android/bin/classes/crc6477f0d89a9cfd64b1/ImageCache_FormsLruCache.class' (1,637)
2026-08-23 06:00:44: Copy Over 'C:/rock/bannister/Bannister/obj/x64/Debug/net8.0-android/android/bin/classes/crc6477f0d89a9cfd64b1/ImageCache_CacheEntry.class' -> 'goodrive://www.googleapis.com/:personal:/bannister/bannister/obj/x64/Debug/net8.0-android/android/bin/classes/crc6477f0d89a9cfd64b1/ImageCache_CacheEntry.class' (1,242)
2026-08-23 06:00:46: Copy Over 'C:/rock/bannister/Bannister/obj/x64/Debug/net8.0-android/android/bin/classes/crc6477f0d89a9cfd64b1/ImageRenderer.class' -> 'goodrive://www.googleapis.com/:personal:/bannister/bannister/obj/x64/Debug/net8.0-android/android/bin/classes/crc6477f0d89a9cfd64b1/ImageRenderer.class' (2,267)
2026-08-23 06:00:47: Copy Over 'C:/rock/bannister/Bannister/obj/x64/Debug/net8.0-android/android/bin/classes/crc6477f0d89a9cfd64b1/IndicatorViewRenderer.class' -> 'goodrive://www.googleapis.com/:personal:/bannister/bannister/obj/x64/Debug/net8.0-android/android/bin/classes/crc6477f0d89a9cfd64b1/IndicatorViewRenderer.class' (2,419)
2026-08-23 06:00:47: Copy Over 'C:/rock/bannister/Bannister/obj/x64/Debug/net8.0-android/android/bin/classes/crc6477f0d89a9cfd64b1/ItemContentView.class' -> 'goodrive://www.googleapis.com/:personal:/bannister/bannister/obj/x64/Debug/net8.0-android/android/bin/classes/crc6477f0d89a9cfd64b1/ItemContentView.class' (2,690)
2026-08-23 06:00:49: Copy Over 'C:/rock/bannister/Bannister/obj/x64/Debug/net8.0-android/android/bin/classes/crc6477f0d89a9cfd64b1/ItemsViewAdapter_2.class' -> 'goodrive://www.googleapis.com/:personal:/bannister/bannister/obj/x64/Debug/net8.0-android/android/bin/classes/crc6477f0d89a9cfd64b1/ItemsViewAdapter_2.class' (2,755)
2026-08-23 06:00:50: Copy Over 'C:/rock/bannister/Bannister/obj/x64/Debug/net8.0-android/android/bin/classes/crc6477f0d89a9cfd64b1/ItemsViewRenderer_3.class' -> 'goodrive://www.googleapis.com/:personal:/bannister/bannister/obj/x64/Debug/net8.0-android/android/bin/classes/crc6477f0d89a9cfd64b1/ItemsViewRenderer_3.class' (2,221)
2026-08-23 06:00:51: Copy Over 'C:/rock/bannister/Bannister/obj/x64/Debug/net8.0-android/android/bin/classes/crc6477f0d89a9cfd64b1/LabelRenderer.class' -> 'goodrive://www.googleapis.com/:personal:/bannister/bannister/obj/x64/Debug/net8.0-android/android/bin/classes/crc6477f0d89a9cfd64b1/LabelRenderer.class' (2,419)
2026-08-23 06:00:53: Copy Over 'C:/rock/bannister/Bannister/obj/x64/Debug/net8.0-android/android/bin/classes/crc6477f0d89a9cfd64b1/LineRenderer.class' -> 'goodrive://www.googleapis.com/:personal:/bannister/bannister/obj/x64/Debug/net8.0-android/android/bin/classes/crc6477f0d89a9cfd64b1/LineRenderer.class' (2,044)
2026-08-23 06:00:54: Copy Over 'C:/rock/bannister/Bannister/obj/x64/Debug/net8.0-android/android/bin/classes/crc6477f0d89a9cfd64b1/LineView.class' -> 'goodrive://www.googleapis.com/:personal:/bannister/bannister/obj/x64/Debug/net8.0-android/android/bin/classes/crc6477f0d89a9cfd64b1/LineView.class' (2,384)
2026-08-23 06:00:54: Copy Over 'C:/rock/bannister/Bannister/obj/x64/Debug/net8.0-android/android/bin/classes/crc6477f0d89a9cfd64b1/ListViewAdapter.class' -> 'goodrive://www.googleapis.com/:personal:/bannister/bannister/obj/x64/Debug/net8.0-android/android/bin/classes/crc6477f0d89a9cfd64b1/ListViewAdapter.class' (2,928)
2026-08-23 06:00:56: Copy Over 'C:/rock/bannister/Bannister/obj/x64/Debug/net8.0-android/android/bin/classes/crc6477f0d89a9cfd64b1/ListViewRenderer.class' -> 'goodrive://www.googleapis.com/:personal:/bannister/bannister/obj/x64/Debug/net8.0-android/android/bin/classes/crc6477f0d89a9cfd64b1/ListViewRenderer.class' (2,974)
2026-08-23 06:00:57: Copy Over 'C:/rock/bannister/Bannister/obj/x64/Debug/net8.0-android/android/bin/classes/crc6477f0d89a9cfd64b1/ListViewRenderer_ListViewScrollDetector.class' -> 'goodrive://www.googleapis.com/:personal:/bannister/bannister/obj/x64/Debug/net8.0-android/android/bin/classes/crc6477f0d89a9cfd64b1/ListViewRenderer_ListViewScrollDetector.class' (2,479)
2026-08-23 06:00:57: Copy Over 'C:/rock/bannister/Bannister/obj/x64/Debug/net8.0-android/android/bin/classes/crc6477f0d89a9cfd64b1/ListViewRenderer_Container.class' -> 'goodrive://www.googleapis.com/:personal:/bannister/bannister/obj/x64/Debug/net8.0-android/android/bin/classes/crc6477f0d89a9cfd64b1/ListViewRenderer_Container.class' (2,723)
2026-08-23 06:00:59: Copy Over 'C:/rock/bannister/Bannister/obj/x64/Debug/net8.0-android/android/bin/classes/crc6477f0d89a9cfd64b1/ListViewRenderer_SwipeRefreshLayoutWithFixedNestedScrolling.class' -> 'goodrive://www.googleapis.com/:personal:/bannister/bannister/obj/x64/Debug/net8.0-android/android/bin/classes/crc6477f0d89a9cfd64b1/ListViewRenderer_SwipeRefreshLayoutWithFixedNestedScrolling.class' (2,845)
2026-08-23 06:01:01: Copy Over 'C:/rock/bannister/Bannister/obj/x64/Debug/net8.0-android/android/bin/classes/crc6477f0d89a9cfd64b1/NativeViewWrapperRenderer.class' -> 'goodrive://www.googleapis.com/:personal:/bannister/bannister/obj/x64/Debug/net8.0-android/android/bin/classes/crc6477f0d89a9cfd64b1/NativeViewWrapperRenderer.class' (2,376)
2026-08-23 06:01:01: Copy Over 'C:/rock/bannister/Bannister/obj/x64/Debug/net8.0-android/android/bin/classes/crc6477f0d89a9cfd64b1/NongreedySnapHelper.class' -> 'goodrive://www.googleapis.com/:personal:/bannister/bannister/obj/x64/Debug/net8.0-android/android/bin/classes/crc6477f0d89a9cfd64b1/NongreedySnapHelper.class' (1,601)
2026-08-23 06:01:03: Copy Over 'C:/rock/bannister/Bannister/obj/x64/Debug/net8.0-android/android/bin/classes/crc6477f0d89a9cfd64b1/NongreedySnapHelper_InitialScrollListener.class' -> 'goodrive://www.googleapis.com/:personal:/bannister/bannister/obj/x64/Debug/net8.0-android/android/bin/classes/crc6477f0d89a9cfd64b1/NongreedySnapHelper_InitialScrollListener.class' (2,061)
2026-08-23 06:01:04: Copy Over 'C:/rock/bannister/Bannister/obj/x64/Debug/net8.0-android/android/bin/classes/crc6477f0d89a9cfd64b1/ObjectJavaBox_1.class' -> 'goodrive://www.googleapis.com/:personal:/bannister/bannister/obj/x64/Debug/net8.0-android/android/bin/classes/crc6477f0d89a9cfd64b1/ObjectJavaBox_1.class' (1,224)
2026-08-23 06:01:04: Copy Over 'C:/rock/bannister/Bannister/obj/x64/Debug/net8.0-android/android/bin/classes/crc6477f0d89a9cfd64b1/PageContainer.class' -> 'goodrive://www.googleapis.com/:personal:/bannister/bannister/obj/x64/Debug/net8.0-android/android/bin/classes/crc6477f0d89a9cfd64b1/PageContainer.class' (2,684)
2026-08-23 06:01:06: Copy Over 'C:/rock/bannister/Bannister/obj/x64/Debug/net8.0-android/android/bin/classes/crc6477f0d89a9cfd64b1/PageExtensions_EmbeddedFragment.class' -> 'goodrive://www.googleapis.com/:personal:/bannister/bannister/obj/x64/Debug/net8.0-android/android/bin/classes/crc6477f0d89a9cfd64b1/PageExtensions_EmbeddedFragment.class' (1,941)
2026-08-23 06:01:07: Copy Over 'C:/rock/bannister/Bannister/obj/x64/Debug/net8.0-android/android/bin/classes/crc6477f0d89a9cfd64b1/PageExtensions_EmbeddedSupportFragment.class' -> 'goodrive://www.googleapis.com/:personal:/bannister/bannister/obj/x64/Debug/net8.0-android/android/bin/classes/crc6477f0d89a9cfd64b1/PageExtensions_EmbeddedSupportFragment.class' (1,962)
2026-08-23 06:01:08: Copy Over 'C:/rock/bannister/Bannister/obj/x64/Debug/net8.0-android/android/bin/classes/crc6477f0d89a9cfd64b1/PageRenderer.class' -> 'goodrive://www.googleapis.com/:personal:/bannister/bannister/obj/x64/Debug/net8.0-android/android/bin/classes/crc6477f0d89a9cfd64b1/PageRenderer.class' (2,759)
2026-08-23 06:01:10: Copy Over 'C:/rock/bannister/Bannister/obj/x64/Debug/net8.0-android/android/bin/classes/crc6477f0d89a9cfd64b1/PathRenderer.class' -> 'goodrive://www.googleapis.com/:personal:/bannister/bannister/obj/x64/Debug/net8.0-android/android/bin/classes/crc6477f0d89a9cfd64b1/PathRenderer.class' (2,044)
2026-08-23 06:01:11: Copy Over 'C:/rock/bannister/Bannister/obj/x64/Debug/net8.0-android/android/bin/classes/crc6477f0d89a9cfd64b1/PickerEditText.class' -> 'goodrive://www.googleapis.com/:personal:/bannister/bannister/obj/x64/Debug/net8.0-android/android/bin/classes/crc6477f0d89a9cfd64b1/PickerEditText.class' (2,505)
2026-08-23 06:01:11: Copy Over 'C:/rock/bannister/Bannister/obj/x64/Debug/net8.0-android/android/bin/classes/crc6477f0d89a9cfd64b1/PathView.class' -> 'goodrive://www.googleapis.com/:personal:/bannister/bannister/obj/x64/Debug/net8.0-android/android/bin/classes/crc6477f0d89a9cfd64b1/PathView.class' (2,384)
2026-08-23 06:01:13: Copy Over 'C:/rock/bannister/Bannister/obj/x64/Debug/net8.0-android/android/bin/classes/crc6477f0d89a9cfd64b1/PickerManager_PickerListener.class' -> 'goodrive://www.googleapis.com/:personal:/bannister/bannister/obj/x64/Debug/net8.0-android/android/bin/classes/crc6477f0d89a9cfd64b1/PickerManager_PickerListener.class' (1,678)
2026-08-23 06:01:14: Copy Over 'C:/rock/bannister/Bannister/obj/x64/Debug/net8.0-android/android/bin/classes/crc6477f0d89a9cfd64b1/Platform_DefaultRenderer.class' -> 'goodrive://www.googleapis.com/:personal:/bannister/bannister/obj/x64/Debug/net8.0-android/android/bin/classes/crc6477f0d89a9cfd64b1/Platform_DefaultRenderer.class' (3,061)
2026-08-23 06:01:15: Copy Over 'C:/rock/bannister/Bannister/obj/x64/Debug/net8.0-android/android/bin/classes/crc6477f0d89a9cfd64b1/Platform_ModalContainer.class' -> 'goodrive://www.googleapis.com/:personal:/bannister/bannister/obj/x64/Debug/net8.0-android/android/bin/classes/crc6477f0d89a9cfd64b1/Platform_ModalContainer.class' (2,572)
2026-08-23 06:01:16: Copy Over 'C:/rock/bannister/Bannister/obj/x64/Debug/net8.0-android/android/bin/classes/crc6477f0d89a9cfd64b1/PlatformRenderer.class' -> 'goodrive://www.googleapis.com/:personal:/bannister/bannister/obj/x64/Debug/net8.0-android/android/bin/classes/crc6477f0d89a9cfd64b1/PlatformRenderer.class' (2,938)
2026-08-23 06:01:18: Copy Over 'C:/rock/bannister/Bannister/obj/x64/Debug/net8.0-android/android/bin/classes/crc6477f0d89a9cfd64b1/PolygonRenderer.class' -> 'goodrive://www.googleapis.com/:personal:/bannister/bannister/obj/x64/Debug/net8.0-android/android/bin/classes/crc6477f0d89a9cfd64b1/PolygonRenderer.class' (2,053)
2026-08-23 06:01:19: Copy Over 'C:/rock/bannister/Bannister/obj/x64/Debug/net8.0-android/android/bin/classes/crc6477f0d89a9cfd64b1/PolygonView.class' -> 'goodrive://www.googleapis.com/:personal:/bannister/bannister/obj/x64/Debug/net8.0-android/android/bin/classes/crc6477f0d89a9cfd64b1/PolygonView.class' (2,393)
2026-08-23 06:01:21: Copy Over 'C:/rock/bannister/Bannister/obj/x64/Debug/net8.0-android/android/bin/classes/crc6477f0d89a9cfd64b1/PolylineRenderer.class' -> 'goodrive://www.googleapis.com/:personal:/bannister/bannister/obj/x64/Debug/net8.0-android/android/bin/classes/crc6477f0d89a9cfd64b1/PolylineRenderer.class' (2,056)
2026-08-23 06:01:21: Copy Over 'C:/rock/bannister/Bannister/obj/x64/Debug/net8.0-android/android/bin/classes/crc6477f0d89a9cfd64b1/PolylineView.class' -> 'goodrive://www.googleapis.com/:personal:/bannister/bannister/obj/x64/Debug/net8.0-android/android/bin/classes/crc6477f0d89a9cfd64b1/PolylineView.class' (2,396)
2026-08-23 06:01:22: Copy Over 'C:/rock/bannister/Bannister/obj/x64/Debug/net8.0-android/android/bin/classes/crc6477f0d89a9cfd64b1/PositionalSmoothScroller.class' -> 'goodrive://www.googleapis.com/:personal:/bannister/bannister/obj/x64/Debug/net8.0-android/android/bin/classes/crc6477f0d89a9cfd64b1/PositionalSmoothScroller.class' (1,990)
2026-08-23 06:01:25: Copy Over 'C:/rock/bannister/Bannister/obj/x64/Debug/net8.0-android/android/bin/classes/crc6477f0d89a9cfd64b1/ProgressBarRenderer.class' -> 'goodrive://www.googleapis.com/:personal:/bannister/bannister/obj/x64/Debug/net8.0-android/android/bin/classes/crc6477f0d89a9cfd64b1/ProgressBarRenderer.class' (2,064)
2026-08-23 06:01:25: Copy Over 'C:/rock/bannister/Bannister/obj/x64/Debug/net8.0-android/android/bin/classes/crc6477f0d89a9cfd64b1/RadioButtonRenderer.class' -> 'goodrive://www.googleapis.com/:personal:/bannister/bannister/obj/x64/Debug/net8.0-android/android/bin/classes/crc6477f0d89a9cfd64b1/RadioButtonRenderer.class' (3,271)
2026-08-23 06:01:26: Copy Over 'C:/rock/bannister/Bannister/obj/x64/Debug/net8.0-android/android/bin/classes/crc6477f0d89a9cfd64b1/RectangleRenderer.class' -> 'goodrive://www.googleapis.com/:personal:/bannister/bannister/obj/x64/Debug/net8.0-android/android/bin/classes/crc6477f0d89a9cfd64b1/RectangleRenderer.class' (2,059)
2026-08-23 06:01:28: Copy Over 'C:/rock/bannister/Bannister/obj/x64/Debug/net8.0-android/android/bin/classes/crc6477f0d89a9cfd64b1/RectView.class' -> 'goodrive://www.googleapis.com/:personal:/bannister/bannister/obj/x64/Debug/net8.0-android/android/bin/classes/crc6477f0d89a9cfd64b1/RectView.class' (2,384)
2026-08-23 06:01:28: Copy Over 'C:/rock/bannister/Bannister/obj/x64/Debug/net8.0-android/android/bin/classes/crc6477f0d89a9cfd64b1/RefreshViewRenderer.class' -> 'goodrive://www.googleapis.com/:personal:/bannister/bannister/obj/x64/Debug/net8.0-android/android/bin/classes/crc6477f0d89a9cfd64b1/RefreshViewRenderer.class' (2,676)
2026-08-23 06:01:29: Copy Over 'C:/rock/bannister/Bannister/obj/x64/Debug/net8.0-android/android/bin/classes/crc6477f0d89a9cfd64b1/ScrollHelper.class' -> 'goodrive://www.googleapis.com/:personal:/bannister/bannister/obj/x64/Debug/net8.0-android/android/bin/classes/crc6477f0d89a9cfd64b1/ScrollHelper.class' (1,886)
2026-08-23 06:01:32: Copy Over 'C:/rock/bannister/Bannister/obj/x64/Debug/net8.0-android/android/bin/classes/crc6477f0d89a9cfd64b1/ScrollViewContainer.class' -> 'goodrive://www.googleapis.com/:personal:/bannister/bannister/obj/x64/Debug/net8.0-android/android/bin/classes/crc6477f0d89a9cfd64b1/ScrollViewContainer.class' (2,702)
2026-08-23 06:01:32: Copy Over 'C:/rock/bannister/Bannister/obj/x64/Debug/net8.0-android/android/bin/classes/crc6477f0d89a9cfd64b1/ScrollViewRenderer.class' -> 'goodrive://www.googleapis.com/:personal:/bannister/bannister/obj/x64/Debug/net8.0-android/android/bin/classes/crc6477f0d89a9cfd64b1/ScrollViewRenderer.class' (3,359)
2026-08-23 06:01:32: Copy Over 'C:/rock/bannister/Bannister/obj/x64/Debug/net8.0-android/android/bin/classes/crc6477f0d89a9cfd64b1/SearchBarRenderer.class' -> 'goodrive://www.googleapis.com/:personal:/bannister/bannister/obj/x64/Debug/net8.0-android/android/bin/classes/crc6477f0d89a9cfd64b1/SearchBarRenderer.class' (2,813)
2026-08-23 06:01:35: Copy Over 'C:/rock/bannister/Bannister/obj/x64/Debug/net8.0-android/android/bin/classes/crc6477f0d89a9cfd64b1/SelectableItemsViewAdapter_2.class' -> 'goodrive://www.googleapis.com/:personal:/bannister/bannister/obj/x64/Debug/net8.0-android/android/bin/classes/crc6477f0d89a9cfd64b1/SelectableItemsViewAdapter_2.class' (2,120)
2026-08-23 06:01:35: Copy Over 'C:/rock/bannister/Bannister/obj/x64/Debug/net8.0-android/android/bin/classes/crc6477f0d89a9cfd64b1/SelectableItemsViewRenderer_3.class' -> 'goodrive://www.googleapis.com/:personal:/bannister/bannister/obj/x64/Debug/net8.0-android/android/bin/classes/crc6477f0d89a9cfd64b1/SelectableItemsViewRenderer_3.class' (2,109)
2026-08-23 06:01:35: Copy Over 'C:/rock/bannister/Bannister/obj/x64/Debug/net8.0-android/android/bin/classes/crc6477f0d89a9cfd64b1/SelectableViewHolder.class' -> 'goodrive://www.googleapis.com/:personal:/bannister/bannister/obj/x64/Debug/net8.0-android/android/bin/classes/crc6477f0d89a9cfd64b1/SelectableViewHolder.class' (1,825)
2026-08-23 06:01:38: Copy Over 'C:/rock/bannister/Bannister/obj/x64/Debug/net8.0-android/android/bin/classes/crc6477f0d89a9cfd64b1/ShapeRenderer_2.class' -> 'goodrive://www.googleapis.com/:personal:/bannister/bannister/obj/x64/Debug/net8.0-android/android/bin/classes/crc6477f0d89a9cfd64b1/ShapeRenderer_2.class' (2,052)
2026-08-23 06:01:39: Copy Over 'C:/rock/bannister/Bannister/obj/x64/Debug/net8.0-android/android/bin/classes/crc6477f0d89a9cfd64b1/ShapeView.class' -> 'goodrive://www.googleapis.com/:personal:/bannister/bannister/obj/x64/Debug/net8.0-android/android/bin/classes/crc6477f0d89a9cfd64b1/ShapeView.class' (2,571)
2026-08-23 06:01:39: Copy Over 'C:/rock/bannister/Bannister/obj/x64/Debug/net8.0-android/android/bin/classes/crc6477f0d89a9cfd64b1/SimpleViewHolder.class' -> 'goodrive://www.googleapis.com/:personal:/bannister/bannister/obj/x64/Debug/net8.0-android/android/bin/classes/crc6477f0d89a9cfd64b1/SimpleViewHolder.class' (1,475)
2026-08-23 06:01:42: Copy Over 'C:/rock/bannister/Bannister/obj/x64/Debug/net8.0-android/android/bin/classes/crc6477f0d89a9cfd64b1/SliderRenderer.class' -> 'goodrive://www.googleapis.com/:personal:/bannister/bannister/obj/x64/Debug/net8.0-android/android/bin/classes/crc6477f0d89a9cfd64b1/SliderRenderer.class' (3,427)
2026-08-23 06:01:42: Copy Over 'C:/rock/bannister/Bannister/obj/x64/Debug/net8.0-android/android/bin/classes/crc6477f0d89a9cfd64b1/SizedItemContentView.class' -> 'goodrive://www.googleapis.com/:personal:/bannister/bannister/obj/x64/Debug/net8.0-android/android/bin/classes/crc6477f0d89a9cfd64b1/SizedItemContentView.class' (2,568)
2026-08-23 06:01:42: Copy Over 'C:/rock/bannister/Bannister/obj/x64/Debug/net8.0-android/android/bin/classes/crc6477f0d89a9cfd64b1/SingleSnapHelper.class' -> 'goodrive://www.googleapis.com/:personal:/bannister/bannister/obj/x64/Debug/net8.0-android/android/bin/classes/crc6477f0d89a9cfd64b1/SingleSnapHelper.class' (2,150)
2026-08-23 06:01:45: Copy Over 'C:/rock/bannister/Bannister/obj/x64/Debug/net8.0-android/android/bin/classes/crc6477f0d89a9cfd64b1/SpacingItemDecoration.class' -> 'goodrive://www.googleapis.com/:personal:/bannister/bannister/obj/x64/Debug/net8.0-android/android/bin/classes/crc6477f0d89a9cfd64b1/SpacingItemDecoration.class' (2,035)
2026-08-23 06:01:46: Copy Over 'C:/rock/bannister/Bannister/obj/x64/Debug/net8.0-android/android/bin/classes/crc6477f0d89a9cfd64b1/StartSnapHelper.class' -> 'goodrive://www.googleapis.com/:personal:/bannister/bannister/obj/x64/Debug/net8.0-android/android/bin/classes/crc6477f0d89a9cfd64b1/StartSnapHelper.class' (2,215)
2026-08-23 06:01:46: Copy Over 'C:/rock/bannister/Bannister/obj/x64/Debug/net8.0-android/android/bin/classes/crc6477f0d89a9cfd64b1/StartSingleSnapHelper.class' -> 'goodrive://www.googleapis.com/:personal:/bannister/bannister/obj/x64/Debug/net8.0-android/android/bin/classes/crc6477f0d89a9cfd64b1/StartSingleSnapHelper.class' (1,885)
2026-08-23 06:01:49: Copy Over 'C:/rock/bannister/Bannister/obj/x64/Debug/net8.0-android/android/bin/classes/crc6477f0d89a9cfd64b1/StepperRenderer.class' -> 'goodrive://www.googleapis.com/:personal:/bannister/bannister/obj/x64/Debug/net8.0-android/android/bin/classes/crc6477f0d89a9cfd64b1/StepperRenderer.class' (2,052)
2026-08-23 06:01:49: Copy Over 'C:/rock/bannister/Bannister/obj/x64/Debug/net8.0-android/android/bin/classes/crc6477f0d89a9cfd64b1/StepperRendererManager_StepperListener.class' -> 'goodrive://www.googleapis.com/:personal:/bannister/bannister/obj/x64/Debug/net8.0-android/android/bin/classes/crc6477f0d89a9cfd64b1/StepperRendererManager_StepperListener.class' (1,708)
2026-08-23 06:01:50: Copy Over 'C:/rock/bannister/Bannister/obj/x64/Debug/net8.0-android/android/bin/classes/crc6477f0d89a9cfd64b1/StructuredItemsViewAdapter_2.class' -> 'goodrive://www.googleapis.com/:personal:/bannister/bannister/obj/x64/Debug/net8.0-android/android/bin/classes/crc6477f0d89a9cfd64b1/StructuredItemsViewAdapter_2.class' (2,300)
2026-08-23 06:01:52: Copy Over 'C:/rock/bannister/Bannister/obj/x64/Debug/net8.0-android/android/bin/classes/crc6477f0d89a9cfd64b1/SwipeViewRenderer.class' -> 'goodrive://www.googleapis.com/:personal:/bannister/bannister/obj/x64/Debug/net8.0-android/android/bin/classes/crc6477f0d89a9cfd64b1/SwipeViewRenderer.class' (2,880)
2026-08-23 06:01:52: Copy Over 'C:/rock/bannister/Bannister/obj/x64/Debug/net8.0-android/android/bin/classes/crc6477f0d89a9cfd64b1/StructuredItemsViewRenderer_3.class' -> 'goodrive://www.googleapis.com/:personal:/bannister/bannister/obj/x64/Debug/net8.0-android/android/bin/classes/crc6477f0d89a9cfd64b1/StructuredItemsViewRenderer_3.class' (2,099)
2026-08-23 06:01:53: Copy Over 'C:/rock/bannister/Bannister/obj/x64/Debug/net8.0-android/android/bin/classes/crc6477f0d89a9cfd64b1/TableViewModelRenderer.class' -> 'goodrive://www.googleapis.com/:personal:/bannister/bannister/obj/x64/Debug/net8.0-android/android/bin/classes/crc6477f0d89a9cfd64b1/TableViewModelRenderer.class' (2,656)
2026-08-23 06:01:56: Copy Over 'C:/rock/bannister/Bannister/obj/x64/Debug/net8.0-android/android/bin/classes/crc6477f0d89a9cfd64b1/TableViewRenderer.class' -> 'goodrive://www.googleapis.com/:personal:/bannister/bannister/obj/x64/Debug/net8.0-android/android/bin/classes/crc6477f0d89a9cfd64b1/TableViewRenderer.class' (2,221)
2026-08-23 06:01:56: Copy Over 'C:/rock/bannister/Bannister/obj/x64/Debug/net8.0-android/android/bin/classes/crc6477f0d89a9cfd64b1/TemplatedItemViewHolder.class' -> 'goodrive://www.googleapis.com/:personal:/bannister/bannister/obj/x64/Debug/net8.0-android/android/bin/classes/crc6477f0d89a9cfd64b1/TemplatedItemViewHolder.class' (1,395)
2026-08-23 06:01:56: Copy Over 'C:/rock/bannister/Bannister/obj/x64/Debug/net8.0-android/android/bin/classes/crc6477f0d89a9cfd64b1/TextCellRenderer_TextCellView.class' -> 'goodrive://www.googleapis.com/:personal:/bannister/bannister/obj/x64/Debug/net8.0-android/android/bin/classes/crc6477f0d89a9cfd64b1/TextCellRenderer_TextCellView.class' (2,450)
2026-08-23 06:01:59: Copy Over 'C:/rock/bannister/Bannister/obj/x64/Debug/net8.0-android/android/bin/classes/crc6477f0d89a9cfd64b1/TextViewHolder.class' -> 'goodrive://www.googleapis.com/:personal:/bannister/bannister/obj/x64/Debug/net8.0-android/android/bin/classes/crc6477f0d89a9cfd64b1/TextViewHolder.class' (1,368)
2026-08-23 06:01:59: Copy Over 'C:/rock/bannister/Bannister/obj/x64/Debug/net8.0-android/android/bin/classes/crc6477f0d89a9cfd64b1/TimePickerRendererBase_1.class' -> 'goodrive://www.googleapis.com/:personal:/bannister/bannister/obj/x64/Debug/net8.0-android/android/bin/classes/crc6477f0d89a9cfd64b1/TimePickerRendererBase_1.class' (2,566)
2026-08-23 06:02:00: Copy Over 'C:/rock/bannister/Bannister/obj/x64/Debug/net8.0-android/android/bin/classes/crc6477f0d89a9cfd64b1/TimePickerRenderer.class' -> 'goodrive://www.googleapis.com/:personal:/bannister/bannister/obj/x64/Debug/net8.0-android/android/bin/classes/crc6477f0d89a9cfd64b1/TimePickerRenderer.class' (2,071)
2026-08-23 06:02:03: Copy Over 'C:/rock/bannister/Bannister/obj/x64/Debug/net8.0-android/android/bin/classes/crc6477f0d89a9cfd64b1/ViewCellRenderer_ViewCellContainer.class' -> 'goodrive://www.googleapis.com/:personal:/bannister/bannister/obj/x64/Debug/net8.0-android/android/bin/classes/crc6477f0d89a9cfd64b1/ViewCellRenderer_ViewCellContainer.class' (3,217)
2026-08-23 06:02:03: Copy Over 'C:/rock/bannister/Bannister/obj/x64/Debug/net8.0-android/android/bin/classes/crc6477f0d89a9cfd64b1/ViewCellRenderer_ViewCellContainer_TapGestureListener.class' -> 'goodrive://www.googleapis.com/:personal:/bannister/bannister/obj/x64/Debug/net8.0-android/android/bin/classes/crc6477f0d89a9cfd64b1/ViewCellRenderer_ViewCellContainer_TapGestureListener.class' (3,555)
2026-08-23 06:02:03: Copy Over 'C:/rock/bannister/Bannister/obj/x64/Debug/net8.0-android/android/bin/classes/crc6477f0d89a9cfd64b1/ViewCellRenderer_ViewCellContainer_LongPressGestureListener.class' -> 'goodrive://www.googleapis.com/:personal:/bannister/bannister/obj/x64/Debug/net8.0-android/android/bin/classes/crc6477f0d89a9cfd64b1/ViewCellRenderer_ViewCellContainer_LongPressGestureListener.class' (3,573)
2026-08-23 06:02:06: Copy Over 'C:/rock/bannister/Bannister/obj/x64/Debug/net8.0-android/android/bin/classes/crc6477f0d89a9cfd64b1/ViewRenderer.class' -> 'goodrive://www.googleapis.com/:personal:/bannister/bannister/obj/x64/Debug/net8.0-android/android/bin/classes/crc6477f0d89a9cfd64b1/ViewRenderer.class' (2,043)
2026-08-23 06:02:06: Copy Over 'C:/rock/bannister/Bannister/obj/x64/Debug/net8.0-android/android/bin/classes/crc6477f0d89a9cfd64b1/VisualElementRenderer_1.class' -> 'goodrive://www.googleapis.com/:personal:/bannister/bannister/obj/x64/Debug/net8.0-android/android/bin/classes/crc6477f0d89a9cfd64b1/VisualElementRenderer_1.class' (3,176)
2026-08-23 06:02:06: Copy Over 'C:/rock/bannister/Bannister/obj/x64/Debug/net8.0-android/android/bin/classes/crc6477f0d89a9cfd64b1/ViewRenderer_2.class' -> 'goodrive://www.googleapis.com/:personal:/bannister/bannister/obj/x64/Debug/net8.0-android/android/bin/classes/crc6477f0d89a9cfd64b1/ViewRenderer_2.class' (2,665)
2026-08-23 06:02:09: Copy Over 'C:/rock/bannister/Bannister/obj/x64/Debug/net8.0-android/android/bin/classes/crc6477f0d89a9cfd64b1/VisualElementTracker_AttachTracker.class' -> 'goodrive://www.googleapis.com/:personal:/bannister/bannister/obj/x64/Debug/net8.0-android/android/bin/classes/crc6477f0d89a9cfd64b1/VisualElementTracker_AttachTracker.class' (2,143)
2026-08-23 06:02:10: Copy Over 'C:/rock/bannister/Bannister/obj/x64/Debug/net8.0-android/android/bin/classes/crc6477f0d89a9cfd64b1/WebViewRenderer.class' -> 'goodrive://www.googleapis.com/:personal:/bannister/bannister/obj/x64/Debug/net8.0-android/android/bin/classes/crc6477f0d89a9cfd64b1/WebViewRenderer.class' (2,052)
2026-08-23 06:02:10: Copy Over 'C:/rock/bannister/Bannister/obj/x64/Debug/net8.0-android/android/bin/classes/crc6477f0d89a9cfd64b1/WebViewRenderer_JavascriptResult.class' -> 'goodrive://www.googleapis.com/:personal:/bannister/bannister/obj/x64/Debug/net8.0-android/android/bin/classes/crc6477f0d89a9cfd64b1/WebViewRenderer_JavascriptResult.class' (1,608)
2026-08-23 06:02:13: Copy Over 'C:/rock/bannister/Bannister/obj/x64/Debug/net8.0-android/android/bin/classes/crc648fc34c62be8fbbff/Snackbar_SnackbarCallback.class' -> 'goodrive://www.googleapis.com/:personal:/bannister/bannister/obj/x64/Debug/net8.0-android/android/bin/classes/crc648fc34c62be8fbbff/Snackbar_SnackbarCallback.class' (1,765)
2026-08-23 06:02:13: Copy Over 'C:/rock/bannister/Bannister/obj/x64/Debug/net8.0-android/android/bin/classes/crc648afdc667cfb0dccb/ButtonRenderer.class' -> 'goodrive://www.googleapis.com/:personal:/bannister/bannister/obj/x64/Debug/net8.0-android/android/bin/classes/crc648afdc667cfb0dccb/ButtonRenderer.class' (3,843)
2026-08-23 06:02:13: Copy Over 'C:/rock/bannister/Bannister/obj/x64/Debug/net8.0-android/android/bin/classes/crc648afdc667cfb0dccb/CarouselPageRenderer.class' -> 'goodrive://www.googleapis.com/:personal:/bannister/bannister/obj/x64/Debug/net8.0-android/android/bin/classes/crc648afdc667cfb0dccb/CarouselPageRenderer.class' (3,525)
2026-08-23 06:02:16: Copy Over 'C:/rock/bannister/Bannister/obj/x64/Debug/net8.0-android/android/bin/classes/crc648afdc667cfb0dccb/FormsFragmentPagerAdapter_1.class' -> 'goodrive://www.googleapis.com/:personal:/bannister/bannister/obj/x64/Debug/net8.0-android/android/bin/classes/crc648afdc667cfb0dccb/FormsFragmentPagerAdapter_1.class' (2,965)
2026-08-23 06:02:16: Copy Over 'C:/rock/bannister/Bannister/obj/x64/Debug/net8.0-android/android/bin/classes/crc648afdc667cfb0dccb/FragmentContainer.class' -> 'goodrive://www.googleapis.com/:personal:/bannister/bannister/obj/x64/Debug/net8.0-android/android/bin/classes/crc648afdc667cfb0dccb/FragmentContainer.class' (2,456)
2026-08-23 06:02:16: Copy Over 'C:/rock/bannister/Bannister/obj/x64/Debug/net8.0-android/android/bin/classes/crc648afdc667cfb0dccb/FormsViewPager.class' -> 'goodrive://www.googleapis.com/:personal:/bannister/bannister/obj/x64/Debug/net8.0-android/android/bin/classes/crc648afdc667cfb0dccb/FormsViewPager.class' (1,681)
2026-08-23 06:02:19: Copy Over 'C:/rock/bannister/Bannister/obj/x64/Debug/net8.0-android/android/bin/classes/crc648afdc667cfb0dccb/FrameRenderer.class' -> 'goodrive://www.googleapis.com/:personal:/bannister/bannister/obj/x64/Debug/net8.0-android/android/bin/classes/crc648afdc667cfb0dccb/FrameRenderer.class' (2,055)
2026-08-23 06:02:20: Copy Over 'C:/rock/bannister/Bannister/obj/x64/Debug/net8.0-android/android/bin/classes/crc648afdc667cfb0dccb/NavigationPageRenderer.class' -> 'goodrive://www.googleapis.com/:personal:/bannister/bannister/obj/x64/Debug/net8.0-android/android/bin/classes/crc648afdc667cfb0dccb/NavigationPageRenderer.class' (2,987)
2026-08-23 06:02:20: Copy Over 'C:/rock/bannister/Bannister/obj/x64/Debug/net8.0-android/android/bin/classes/crc648afdc667cfb0dccb/NavigationPageRenderer_ClickListener.class' -> 'goodrive://www.googleapis.com/:personal:/bannister/bannister/obj/x64/Debug/net8.0-android/android/bin/classes/crc648afdc667cfb0dccb/NavigationPageRenderer_ClickListener.class' (1,712)
2026-08-23 06:02:23: Copy Over 'C:/rock/bannister/Bannister/obj/x64/Debug/net8.0-android/android/bin/classes/crc648afdc667cfb0dccb/NavigationPageRenderer_DrawerMultiplexedListener.class' -> 'goodrive://www.googleapis.com/:personal:/bannister/bannister/obj/x64/Debug/net8.0-android/android/bin/classes/crc648afdc667cfb0dccb/NavigationPageRenderer_DrawerMultiplexedListener.class' (2,675)
2026-08-23 06:02:23: Copy Over 'C:/rock/bannister/Bannister/obj/x64/Debug/net8.0-android/android/bin/classes/crc648afdc667cfb0dccb/PickerRenderer.class' -> 'goodrive://www.googleapis.com/:personal:/bannister/bannister/obj/x64/Debug/net8.0-android/android/bin/classes/crc648afdc667cfb0dccb/PickerRenderer.class' (2,065)
2026-08-23 06:02:23: Copy Over 'C:/rock/bannister/Bannister/obj/x64/Debug/net8.0-android/android/bin/classes/crc648afdc667cfb0dccb/NavigationPageRenderer_Container.class' -> 'goodrive://www.googleapis.com/:personal:/bannister/bannister/obj/x64/Debug/net8.0-android/android/bin/classes/crc648afdc667cfb0dccb/NavigationPageRenderer_Container.class' (2,751)
2026-08-23 06:02:26: Copy Over 'C:/rock/bannister/Bannister/obj/x64/Debug/net8.0-android/android/bin/classes/crc648afdc667cfb0dccb/PickerRendererBase_1.class' -> 'goodrive://www.googleapis.com/:personal:/bannister/bannister/obj/x64/Debug/net8.0-android/android/bin/classes/crc648afdc667cfb0dccb/PickerRendererBase_1.class' (2,077)
2026-08-23 06:02:26: Copy Over 'C:/rock/bannister/Bannister/obj/x64/Debug/net8.0-android/android/bin/classes/crc648afdc667cfb0dccb/TabbedPageRenderer.class' -> 'goodrive://www.googleapis.com/:personal:/bannister/bannister/obj/x64/Debug/net8.0-android/android/bin/classes/crc648afdc667cfb0dccb/TabbedPageRenderer.class' (5,403)
2026-08-23 06:02:26: Copy Over 'C:/rock/bannister/Bannister/obj/x64/Debug/net8.0-android/android/bin/classes/crc648afdc667cfb0dccb/SwitchRenderer.class' -> 'goodrive://www.googleapis.com/:personal:/bannister/bannister/obj/x64/Debug/net8.0-android/android/bin/classes/crc648afdc667cfb0dccb/SwitchRenderer.class' (2,603)
2026-08-23 06:02:29: Copy Over 'C:/rock/bannister/Bannister/obj/x64/Debug/net8.0-android/android/bin/classes/crc648afdc667cfb0dccb/ViewRenderer_2.class' -> 'goodrive://www.googleapis.com/:personal:/bannister/bannister/obj/x64/Debug/net8.0-android/android/bin/classes/crc648afdc667cfb0dccb/ViewRenderer_2.class' (2,059)
2026-08-23 06:02:30: Copy Over 'C:/rock/bannister/Bannister/obj/x64/Debug/net8.0-android/android/bin/classes/crc6493855b22b6fa0721/TextToSpeechInternalImplementation.class' -> 'goodrive://www.googleapis.com/:personal:/bannister/bannister/obj/x64/Debug/net8.0-android/android/bin/classes/crc6493855b22b6fa0721/TextToSpeechInternalImplementation.class' (2,108)
2026-08-23 06:02:30: Copy Over 'C:/rock/bannister/Bannister/obj/x64/Debug/net8.0-android/android/bin/classes/crc649ff77a65592e7d55/TabbedPageManager_Listeners.class' -> 'goodrive://www.googleapis.com/:personal:/bannister/bannister/obj/x64/Debug/net8.0-android/android/bin/classes/crc649ff77a65592e7d55/TabbedPageManager_Listeners.class' (4,023)
2026-08-23 06:02:33: Copy Over 'C:/rock/bannister/Bannister/obj/x64/Debug/net8.0-android/android/bin/classes/crc64a096dc44ad241142/PlatformTicker_DurationScaleListener.class' -> 'goodrive://www.googleapis.com/:personal:/bannister/bannister/obj/x64/Debug/net8.0-android/android/bin/classes/crc64a096dc44ad241142/PlatformTicker_DurationScaleListener.class' (1,681)
2026-08-23 06:02:33: Copy Over 'C:/rock/bannister/Bannister/obj/x64/Debug/net8.0-android/android/bin/classes/crc649ff77a65592e7d55/TabbedPageManager_TempView.class' -> 'goodrive://www.googleapis.com/:personal:/bannister/bannister/obj/x64/Debug/net8.0-android/android/bin/classes/crc649ff77a65592e7d55/TabbedPageManager_TempView.class' (2,388)
2026-08-23 06:02:33: Copy Over 'C:/rock/bannister/Bannister/obj/x64/Debug/net8.0-android/android/bin/classes/crc64a25b61d9f8ee364f/FloatArrayEvaluator.class' -> 'goodrive://www.googleapis.com/:personal:/bannister/bannister/obj/x64/Debug/net8.0-android/android/bin/classes/crc64a25b61d9f8ee364f/FloatArrayEvaluator.class' (1,620)
2026-08-23 06:02:36: Copy Over 'C:/rock/bannister/Bannister/obj/x64/Debug/net8.0-android/android/bin/classes/crc64a25b61d9f8ee364f/RectEvaluator.class' -> 'goodrive://www.googleapis.com/:personal:/bannister/bannister/obj/x64/Debug/net8.0-android/android/bin/classes/crc64a25b61d9f8ee364f/RectEvaluator.class' (1,602)
2026-08-23 06:02:36: Copy Over 'C:/rock/bannister/Bannister/obj/x64/Debug/net8.0-android/android/bin/classes/crc64a25b61d9f8ee364f/TransitionUtils.class' -> 'goodrive://www.googleapis.com/:personal:/bannister/bannister/obj/x64/Debug/net8.0-android/android/bin/classes/crc64a25b61d9f8ee364f/TransitionUtils.class' (1,180)
2026-08-23 06:02:37: Copy Over 'C:/rock/bannister/Bannister/obj/x64/Debug/net8.0-android/android/bin/classes/crc64a25b61d9f8ee364f/TransitionUtils_MatrixEvaluator.class' -> 'goodrive://www.googleapis.com/:personal:/bannister/bannister/obj/x64/Debug/net8.0-android/android/bin/classes/crc64a25b61d9f8ee364f/TransitionUtils_MatrixEvaluator.class' (1,656)
2026-08-23 06:02:39: Copy Over 'C:/rock/bannister/Bannister/obj/x64/Debug/net8.0-android/android/bin/classes/crc64b5e713d400f589b7/LinearGradientShaderFactory.class' -> 'goodrive://www.googleapis.com/:personal:/bannister/bannister/obj/x64/Debug/net8.0-android/android/bin/classes/crc64b5e713d400f589b7/LinearGradientShaderFactory.class' (1,537)
2026-08-23 06:02:40: Copy Over 'C:/rock/bannister/Bannister/obj/x64/Debug/net8.0-android/android/bin/classes/crc64ba438d8f48cf7e75/ActivityLifecycleContextListener.class' -> 'goodrive://www.googleapis.com/:personal:/bannister/bannister/obj/x64/Debug/net8.0-android/android/bin/classes/crc64ba438d8f48cf7e75/ActivityLifecycleContextListener.class' (8,925)
2026-08-23 06:02:41: Copy Over 'C:/rock/bannister/Bannister/obj/x64/Debug/net8.0-android/android/bin/classes/crc64ba438d8f48cf7e75/IntermediateActivity.class' -> 'goodrive://www.googleapis.com/:personal:/bannister/bannister/obj/x64/Debug/net8.0-android/android/bin/classes/crc64ba438d8f48cf7e75/IntermediateActivity.class' (1,874)
2026-08-23 06:02:43: Copy Over 'C:/rock/bannister/Bannister/obj/x64/Debug/net8.0-android/android/bin/classes/crc64b5e713d400f589b7/RadialGradientShaderFactory.class' -> 'goodrive://www.googleapis.com/:personal:/bannister/bannister/obj/x64/Debug/net8.0-android/android/bin/classes/crc64b5e713d400f589b7/RadialGradientShaderFactory.class' (1,537)
2026-08-23 06:02:43: Copy Over 'C:/rock/bannister/Bannister/obj/x64/Debug/net8.0-android/android/bin/classes/crc64b5e713d400f589b7/MauiDrawable.class' -> 'goodrive://www.googleapis.com/:personal:/bannister/bannister/obj/x64/Debug/net8.0-android/android/bin/classes/crc64b5e713d400f589b7/MauiDrawable.class' (2,262)
2026-08-23 06:02:44: Copy Over 'C:/rock/bannister/Bannister/obj/x64/Debug/net8.0-android/android/bin/classes/crc64d6358e7bf64fbac4/SpeechToTextImplementation_SpeechRecognitionListener.class' -> 'goodrive://www.googleapis.com/:personal:/bannister/bannister/obj/x64/Debug/net8.0-android/android/bin/classes/crc64d6358e7bf64fbac4/SpeechToTextImplementation_SpeechRecognitionListener.class' (4,786)
2026-08-23 06:02:46: Copy Over 'C:/rock/bannister/Bannister/obj/x64/Debug/net8.0-android/android/bin/classes/crc64e1fb321c08285b90/BaseCellView.class' -> 'goodrive://www.googleapis.com/:personal:/bannister/bannister/obj/x64/Debug/net8.0-android/android/bin/classes/crc64e1fb321c08285b90/BaseCellView.class' (2,370)
2026-08-23 06:02:47: Copy Over 'C:/rock/bannister/Bannister/obj/x64/Debug/net8.0-android/android/bin/classes/crc64e1fb321c08285b90/CellAdapter.class' -> 'goodrive://www.googleapis.com/:personal:/bannister/bannister/obj/x64/Debug/net8.0-android/android/bin/classes/crc64e1fb321c08285b90/CellAdapter.class' (5,645)
2026-08-23 06:02:47: Copy Over 'C:/rock/bannister/Bannister/obj/x64/Debug/net8.0-android/android/bin/classes/crc64e1fb321c08285b90/CellRenderer_RendererHolder.class' -> 'goodrive://www.googleapis.com/:personal:/bannister/bannister/obj/x64/Debug/net8.0-android/android/bin/classes/crc64e1fb321c08285b90/CellRenderer_RendererHolder.class' (1,238)
2026-08-23 06:02:50: Copy Over 'C:/rock/bannister/Bannister/obj/x64/Debug/net8.0-android/android/bin/classes/crc64e1fb321c08285b90/ConditionalFocusLayout.class' -> 'goodrive://www.googleapis.com/:personal:/bannister/bannister/obj/x64/Debug/net8.0-android/android/bin/classes/crc64e1fb321c08285b90/ConditionalFocusLayout.class' (2,884)
2026-08-23 06:02:50: Copy Over 'C:/rock/bannister/Bannister/obj/x64/Debug/net8.0-android/android/bin/classes/crc64e1fb321c08285b90/EntryCellView.class' -> 'goodrive://www.googleapis.com/:personal:/bannister/bannister/obj/x64/Debug/net8.0-android/android/bin/classes/crc64e1fb321c08285b90/EntryCellView.class' (4,424)
2026-08-23 06:02:50: Copy Over 'C:/rock/bannister/Bannister/obj/x64/Debug/net8.0-android/android/bin/classes/crc64e1fb321c08285b90/EntryCellEditText.class' -> 'goodrive://www.googleapis.com/:personal:/bannister/bannister/obj/x64/Debug/net8.0-android/android/bin/classes/crc64e1fb321c08285b90/EntryCellEditText.class' (2,487)
2026-08-23 06:02:53: Copy Over 'C:/rock/bannister/Bannister/obj/x64/Debug/net8.0-android/android/bin/classes/crc64e1fb321c08285b90/FrameRenderer.class' -> 'goodrive://www.googleapis.com/:personal:/bannister/bannister/obj/x64/Debug/net8.0-android/android/bin/classes/crc64e1fb321c08285b90/FrameRenderer.class' (2,893)
2026-08-23 06:02:54: Copy Over 'C:/rock/bannister/Bannister/obj/x64/Debug/net8.0-android/android/bin/classes/crc64e1fb321c08285b90/GroupedListViewAdapter.class' -> 'goodrive://www.googleapis.com/:personal:/bannister/bannister/obj/x64/Debug/net8.0-android/android/bin/classes/crc64e1fb321c08285b90/GroupedListViewAdapter.class' (2,364)
2026-08-23 06:02:54: Copy Over 'C:/rock/bannister/Bannister/obj/x64/Debug/net8.0-android/android/bin/classes/crc64e1fb321c08285b90/ListViewAdapter.class' -> 'goodrive://www.googleapis.com/:personal:/bannister/bannister/obj/x64/Debug/net8.0-android/android/bin/classes/crc64e1fb321c08285b90/ListViewAdapter.class' (2,906)
2026-08-23 06:02:57: Copy Over 'C:/rock/bannister/Bannister/obj/x64/Debug/net8.0-android/android/bin/classes/crc64e1fb321c08285b90/ListViewRenderer_Container.class' -> 'goodrive://www.googleapis.com/:personal:/bannister/bannister/obj/x64/Debug/net8.0-android/android/bin/classes/crc64e1fb321c08285b90/ListViewRenderer_Container.class' (2,701)
2026-08-23 06:02:57: Copy Over 'C:/rock/bannister/Bannister/obj/x64/Debug/net8.0-android/android/bin/classes/crc64e1fb321c08285b90/ListViewRenderer.class' -> 'goodrive://www.googleapis.com/:personal:/bannister/bannister/obj/x64/Debug/net8.0-android/android/bin/classes/crc64e1fb321c08285b90/ListViewRenderer.class' (2,877)
2026-08-23 06:02:57: Copy Over 'C:/rock/bannister/Bannister/obj/x64/Debug/net8.0-android/android/bin/classes/crc64e1fb321c08285b90/ListViewRenderer_ListViewScrollDetector.class' -> 'goodrive://www.googleapis.com/:personal:/bannister/bannister/obj/x64/Debug/net8.0-android/android/bin/classes/crc64e1fb321c08285b90/ListViewRenderer_ListViewScrollDetector.class' (2,435)
2026-08-23 06:03:00: Copy Over 'C:/rock/bannister/Bannister/obj/x64/Debug/net8.0-android/android/bin/classes/crc64e1fb321c08285b90/ListViewRenderer_ListViewSwipeRefreshLayoutListener.class' -> 'goodrive://www.googleapis.com/:personal:/bannister/bannister/obj/x64/Debug/net8.0-android/android/bin/classes/crc64e1fb321c08285b90/ListViewRenderer_ListViewSwipeRefreshLayoutListener.class' (2,034)
2026-08-23 06:03:00: Copy Over 'C:/rock/bannister/Bannister/obj/x64/Debug/net8.0-android/android/bin/classes/crc64e1fb321c08285b90/SwitchCellView.class' -> 'goodrive://www.googleapis.com/:personal:/bannister/bannister/obj/x64/Debug/net8.0-android/android/bin/classes/crc64e1fb321c08285b90/SwitchCellView.class' (2,927)
2026-08-23 06:03:00: Copy Over 'C:/rock/bannister/Bannister/obj/x64/Debug/net8.0-android/android/bin/classes/crc64e1fb321c08285b90/ListViewRenderer_SwipeRefreshLayoutWithFixedNestedScrolling.class' -> 'goodrive://www.googleapis.com/:personal:/bannister/bannister/obj/x64/Debug/net8.0-android/android/bin/classes/crc64e1fb321c08285b90/ListViewRenderer_SwipeRefreshLayoutWithFixedNestedScrolling.class' (2,823)
2026-08-23 06:03:04: Copy Over 'C:/rock/bannister/Bannister/obj/x64/Debug/net8.0-android/android/bin/classes/crc64e1fb321c08285b90/TableViewModelRenderer.class' -> 'goodrive://www.googleapis.com/:personal:/bannister/bannister/obj/x64/Debug/net8.0-android/android/bin/classes/crc64e1fb321c08285b90/TableViewModelRenderer.class' (2,792)
2026-08-23 06:03:04: Copy Over 'C:/rock/bannister/Bannister/obj/x64/Debug/net8.0-android/android/bin/classes/crc64e1fb321c08285b90/TextCellRenderer_TextCellView.class' -> 'goodrive://www.googleapis.com/:personal:/bannister/bannister/obj/x64/Debug/net8.0-android/android/bin/classes/crc64e1fb321c08285b90/TextCellRenderer_TextCellView.class' (2,428)
2026-08-23 06:03:04: Copy Over 'C:/rock/bannister/Bannister/obj/x64/Debug/net8.0-android/android/bin/classes/crc64e1fb321c08285b90/TableViewRenderer.class' -> 'goodrive://www.googleapis.com/:personal:/bannister/bannister/obj/x64/Debug/net8.0-android/android/bin/classes/crc64e1fb321c08285b90/TableViewRenderer.class' (2,699)
2026-08-23 06:03:07: Copy Over 'C:/rock/bannister/Bannister/obj/x64/Debug/net8.0-android/android/bin/classes/crc64e1fb321c08285b90/ViewCellRenderer_ViewCellContainer.class' -> 'goodrive://www.googleapis.com/:personal:/bannister/bannister/obj/x64/Debug/net8.0-android/android/bin/classes/crc64e1fb321c08285b90/ViewCellRenderer_ViewCellContainer.class' (3,379)
2026-08-23 06:03:07: Copy Over 'C:/rock/bannister/Bannister/obj/x64/Debug/net8.0-android/android/bin/classes/crc64e1fb321c08285b90/ViewCellRenderer_ViewCellContainer_LongPressGestureListener.class' -> 'goodrive://www.googleapis.com/:personal:/bannister/bannister/obj/x64/Debug/net8.0-android/android/bin/classes/crc64e1fb321c08285b90/ViewCellRenderer_ViewCellContainer_LongPressGestureListener.class' (3,551)
2026-08-23 06:03:07: Copy Over 'C:/rock/bannister/Bannister/obj/x64/Debug/net8.0-android/android/bin/classes/crc64e1fb321c08285b90/ViewCellRenderer_ViewCellContainer_TapGestureListener.class' -> 'goodrive://www.googleapis.com/:personal:/bannister/bannister/obj/x64/Debug/net8.0-android/android/bin/classes/crc64e1fb321c08285b90/ViewCellRenderer_ViewCellContainer_TapGestureListener.class' (3,533)
2026-08-23 06:03:10: Copy Over 'C:/rock/bannister/Bannister/obj/x64/Debug/net8.0-android/android/bin/classes/crc64e1fb321c08285b90/ViewRenderer_2.class' -> 'goodrive://www.googleapis.com/:personal:/bannister/bannister/obj/x64/Debug/net8.0-android/android/bin/classes/crc64e1fb321c08285b90/ViewRenderer_2.class' (2,394)
2026-08-23 06:03:10: Copy Over 'C:/rock/bannister/Bannister/obj/x64/Debug/net8.0-android/android/bin/classes/crc64e1fb321c08285b90/VisualElementRenderer_1.class' -> 'goodrive://www.googleapis.com/:personal:/bannister/bannister/obj/x64/Debug/net8.0-android/android/bin/classes/crc64e1fb321c08285b90/VisualElementRenderer_1.class' (2,692)
2026-08-23 06:03:11: Copy Over 'C:/rock/bannister/Bannister/obj/x64/Debug/net8.0-android/android/bin/classes/crc64e1fb321c08285b90/ViewRenderer.class' -> 'goodrive://www.googleapis.com/:personal:/bannister/bannister/obj/x64/Debug/net8.0-android/android/bin/classes/crc64e1fb321c08285b90/ViewRenderer.class' (2,379)
2026-08-23 06:03:14: Copy Over 'C:/rock/bannister/Bannister/obj/x64/Debug/net8.0-android/android/bin/classes/crc64f62664462a8937a9/AccelerometerListener.class' -> 'goodrive://www.googleapis.com/:personal:/bannister/bannister/obj/x64/Debug/net8.0-android/android/bin/classes/crc64f62664462a8937a9/AccelerometerListener.class' (1,979)
2026-08-23 06:03:14: Copy Over 'C:/rock/bannister/Bannister/obj/x64/Debug/net8.0-android/android/bin/classes/crc64e53d2f592022988e/ConnectivityBroadcastReceiver.class' -> 'goodrive://www.googleapis.com/:personal:/bannister/bannister/obj/x64/Debug/net8.0-android/android/bin/classes/crc64e53d2f592022988e/ConnectivityBroadcastReceiver.class' (1,553)
2026-08-23 06:03:15: Copy Over 'C:/rock/bannister/Bannister/obj/x64/Debug/net8.0-android/android/bin/classes/crc64f62664462a8937a9/BarometerListener.class' -> 'goodrive://www.googleapis.com/:personal:/bannister/bannister/obj/x64/Debug/net8.0-android/android/bin/classes/crc64f62664462a8937a9/BarometerListener.class' (1,967)
2026-08-23 06:03:17: Copy Over 'C:/rock/bannister/Bannister/obj/x64/Debug/net8.0-android/android/bin/classes/crc64f62664462a8937a9/ContinuousLocationListener.class' -> 'goodrive://www.googleapis.com/:personal:/bannister/bannister/obj/x64/Debug/net8.0-android/android/bin/classes/crc64f62664462a8937a9/ContinuousLocationListener.class' (2,928)
2026-08-23 06:03:18: Copy Over 'C:/rock/bannister/Bannister/obj/x64/Debug/net8.0-android/android/bin/classes/crc64f62664462a8937a9/GyroscopeListener.class' -> 'goodrive://www.googleapis.com/:personal:/bannister/bannister/obj/x64/Debug/net8.0-android/android/bin/classes/crc64f62664462a8937a9/GyroscopeListener.class' (1,967)
2026-08-23 06:03:19: Copy Over 'C:/rock/bannister/Bannister/obj/x64/Debug/net8.0-android/android/bin/classes/crc64f62664462a8937a9/MagnetometerListener.class' -> 'goodrive://www.googleapis.com/:personal:/bannister/bannister/obj/x64/Debug/net8.0-android/android/bin/classes/crc64f62664462a8937a9/MagnetometerListener.class' (1,976)
2026-08-23 06:03:21: Copy Over 'C:/rock/bannister/Bannister/obj/x64/Debug/net8.0-android/android/bin/classes/crc64f62664462a8937a9/OrientationSensorListener.class' -> 'goodrive://www.googleapis.com/:personal:/bannister/bannister/obj/x64/Debug/net8.0-android/android/bin/classes/crc64f62664462a8937a9/OrientationSensorListener.class' (1,991)
2026-08-23 06:03:21: Copy Over 'C:/rock/bannister/Bannister/obj/x64/Debug/net8.0-android/android/bin/classes/crc64f62664462a8937a9/SensorListener.class' -> 'goodrive://www.googleapis.com/:personal:/bannister/bannister/obj/x64/Debug/net8.0-android/android/bin/classes/crc64f62664462a8937a9/SensorListener.class' (1,958)
2026-08-23 06:03:22: Copy Over 'C:/rock/bannister/Bannister/obj/x64/Debug/net8.0-android/android/bin/classes/crc64f62664462a8937a9/SingleLocationListener.class' -> 'goodrive://www.googleapis.com/:personal:/bannister/bannister/obj/x64/Debug/net8.0-android/android/bin/classes/crc64f62664462a8937a9/SingleLocationListener.class' (2,916)
2026-08-23 06:03:25: Copy Over 'C:/rock/bannister/Bannister/obj/x64/Debug/net8.0-android/android/bin/classes/crc64e53d2f592022988e/ConnectivityImplementation_EssentialsNetworkCallback.class' -> 'goodrive://www.googleapis.com/:personal:/bannister/bannister/obj/x64/Debug/net8.0-android/android/bin/classes/crc64e53d2f592022988e/ConnectivityImplementation_EssentialsNetworkCallback.class' (3,060)
2026-08-23 06:03:25: Copy Over 'C:/rock/bannister/Bannister/obj/x64/Debug/net8.0-android/android/bin/classes/crc64f6cd8863fe06af2a/AppMain_AndroidUncaughtHandler.class' -> 'goodrive://www.googleapis.com/:personal:/bannister/bannister/obj/x64/Debug/net8.0-android/android/bin/classes/crc64f6cd8863fe06af2a/AppMain_AndroidUncaughtHandler.class' (1,735)
2026-08-23 06:03:25: Copy Over 'C:/rock/bannister/Bannister/obj/x64/Debug/net8.0-android/android/bin/classes/crc64f728827fec74e9c3/TapWindowTracker_GestureListener.class' -> 'goodrive://www.googleapis.com/:personal:/bannister/bannister/obj/x64/Debug/net8.0-android/android/bin/classes/crc64f728827fec74e9c3/TapWindowTracker_GestureListener.class' (3,634)
2026-08-23 06:03:28: Copy Over 'C:/rock/bannister/Bannister/obj/x64/Debug/net8.0-android/android/bin/classes/crc64f728827fec74e9c3/Toolbar_Container.class' -> 'goodrive://www.googleapis.com/:personal:/bannister/bannister/obj/x64/Debug/net8.0-android/android/bin/classes/crc64f728827fec74e9c3/Toolbar_Container.class' (2,651)
2026-08-23 06:03:28: Copy Over 'C:/rock/bannister/Bannister/obj/x64/Debug/net8.0-android/android/bin/classes/crc64f6cd8863fe06af2a/MainApplication.class' -> 'goodrive://www.googleapis.com/:personal:/bannister/bannister/obj/x64/Debug/net8.0-android/android/bin/classes/crc64f6cd8863fe06af2a/MainApplication.class' (881)
2026-08-23 06:03:28: Copy Over 'C:/rock/bannister/Bannister/obj/x64/Debug/net8.0-android/android/bin/classes/crc64f6cd8863fe06af2a/MainActivity.class' -> 'goodrive://www.googleapis.com/:personal:/bannister/bannister/obj/x64/Debug/net8.0-android/android/bin/classes/crc64f6cd8863fe06af2a/MainActivity.class' (1,421)
2026-08-23 06:03:31: Copy Over 'C:/rock/bannister/Bannister/obj/x64/Debug/net8.0-android/android/bin/classes/microsoft/maui/essentials/fileProvider.class' -> 'goodrive://www.googleapis.com/:personal:/bannister/bannister/obj/x64/Debug/net8.0-android/android/bin/classes/microsoft/maui/essentials/fileProvider.class' (1,445)
2026-08-23 06:03:31: Copy Over 'C:/rock/bannister/Bannister/obj/x64/Debug/net8.0-android/android/bin/classes/crc64fcf28c0e24b4cc31/ButtonHandler_ButtonClickListener.class' -> 'goodrive://www.googleapis.com/:personal:/bannister/bannister/obj/x64/Debug/net8.0-android/android/bin/classes/crc64fcf28c0e24b4cc31/ButtonHandler_ButtonClickListener.class' (1,639)
2026-08-23 06:03:31: Copy Over 'C:/rock/bannister/Bannister/obj/x64/Debug/net8.0-android/android/bin/classes/crc64fcf28c0e24b4cc31/ButtonHandler_ButtonTouchListener.class' -> 'goodrive://www.googleapis.com/:personal:/bannister/bannister/obj/x64/Debug/net8.0-android/android/bin/classes/crc64fcf28c0e24b4cc31/ButtonHandler_ButtonTouchListener.class' (1,714)
2026-08-23 06:03:35: Copy Over 'C:/rock/bannister/Bannister/obj/x64/Debug/net8.0-android/android/bin/classes/microsoft/maui/platform/MauiNavHostFragment.class' -> 'goodrive://www.googleapis.com/:personal:/bannister/bannister/obj/x64/Debug/net8.0-android/android/bin/classes/microsoft/maui/platform/MauiNavHostFragment.class' (1,234)
2026-08-23 06:03:35: Copy Over 'C:/rock/bannister/Bannister/obj/x64/Debug/net8.0-android/android/bin/classes/crc64fcf28c0e24b4cc31/SearchBarHandler_FocusChangeListener.class' -> 'goodrive://www.googleapis.com/:personal:/bannister/bannister/obj/x64/Debug/net8.0-android/android/bin/classes/crc64fcf28c0e24b4cc31/SearchBarHandler_FocusChangeListener.class' (1,694)
2026-08-23 06:03:35: Copy Over 'C:/rock/bannister/Bannister/obj/x64/Debug/net8.0-android/android/bin/classes/crc64fcf28c0e24b4cc31/SliderHandler_SeekBarChangeListener.class' -> 'goodrive://www.googleapis.com/:personal:/bannister/bannister/obj/x64/Debug/net8.0-android/android/bin/classes/crc64fcf28c0e24b4cc31/SliderHandler_SeekBarChangeListener.class' (2,462)
2026-08-23 06:03:35: > Copy Over 'C:/rock/bannister/Bannister/obj/x64/Debug/net8.0-android/android/bin/classes.zip' -> 'goodrive://www.googleapis.com/:personal:/bannister/bannister/obj/x64/Debug/net8.0-android/android/bin/classes.zip' (2,906,382)
2026-08-23 06:03:38: Copy Over 'C:/rock/bannister/Bannister/obj/x64/Debug/net8.0-android/android/bin/classes/crc64fcf28c0e24b4cc31/SwitchHandler_CheckedChangeListener.class' -> 'goodrive://www.googleapis.com/:personal:/bannister/bannister/obj/x64/Debug/net8.0-android/android/bin/classes/crc64fcf28c0e24b4cc31/SwitchHandler_CheckedChangeListener.class' (1,780)
2026-08-23 06:03:38: Copy Over 'C:/rock/bannister/Bannister/obj/x64/Debug/net8.0-android/android/bin/classes/crc64fcf28c0e24b4cc31/ToolbarHandler_ProcessBackClick.class' -> 'goodrive://www.googleapis.com/:personal:/bannister/bannister/obj/x64/Debug/net8.0-android/android/bin/classes/crc64fcf28c0e24b4cc31/ToolbarHandler_ProcessBackClick.class' (1,633)
2026-08-23 06:03:39: < Copy Over 'C:/rock/bannister/Bannister/obj/x64/Debug/net8.0-android/android/bin/classes.zip' -> 'goodrive://www.googleapis.com/:personal:/bannister/bannister/obj/x64/Debug/net8.0-android/android/bin/classes.zip' (2,906,382)
2026-08-23 06:03:41: Copy Over 'C:/rock/bannister/Bannister/obj/x64/Debug/net8.0-android/android/bin/classes/mono/androidx/activity/contextaware/OnContextAvailableListenerImplementor.class' -> 'goodrive://www.googleapis.com/:personal:/bannister/bannister/obj/x64/Debug/net8.0-android/android/bin/classes/mono/androidx/activity/contextaware/OnContextAvailableListenerImplementor.class' (1,679)
2026-08-23 06:03:41: Copy Over 'C:/rock/bannister/Bannister/obj/x64/Debug/net8.0-android/android/bin/classes/mono/android/app/ApplicationRegistration.class' -> 'goodrive://www.googleapis.com/:personal:/bannister/bannister/obj/x64/Debug/net8.0-android/android/bin/classes/mono/android/app/ApplicationRegistration.class' (774)
2026-08-23 06:03:42: Copy Over 'C:/rock/bannister/Bannister/obj/x64/Debug/net8.0-android/android/bin/classes/mono/androidx/appcompat/app/ActionBar_OnMenuVisibilityListenerImplementor.class' -> 'goodrive://www.googleapis.com/:personal:/bannister/bannister/obj/x64/Debug/net8.0-android/android/bin/classes/mono/androidx/appcompat/app/ActionBar_OnMenuVisibilityListenerImplementor.class' (1,733)
2026-08-23 06:03:45: Copy Over 'C:/rock/bannister/Bannister/obj/x64/Debug/net8.0-android/android/bin/classes/mono/androidx/appcompat/widget/ContentFrameLayout_OnAttachListenerImplementor.class' -> 'goodrive://www.googleapis.com/:personal:/bannister/bannister/obj/x64/Debug/net8.0-android/android/bin/classes/mono/androidx/appcompat/widget/ContentFrameLayout_OnAttachListenerImplementor.class' (2,000)
2026-08-23 06:03:45: Copy Over 'C:/rock/bannister/Bannister/obj/x64/Debug/net8.0-android/android/bin/classes/mono/androidx/appcompat/widget/ActionMenuView_OnMenuItemClickListenerImplementor.class' -> 'goodrive://www.googleapis.com/:personal:/bannister/bannister/obj/x64/Debug/net8.0-android/android/bin/classes/mono/androidx/appcompat/widget/ActionMenuView_OnMenuItemClickListenerImplementor.class' (1,802)
2026-08-23 06:03:45: Copy Over 'C:/rock/bannister/Bannister/obj/x64/Debug/net8.0-android/android/bin/classes/mono/androidx/appcompat/widget/FitWindowsViewGroup_OnFitSystemWindowsListenerImplementor.class' -> 'goodrive://www.googleapis.com/:personal:/bannister/bannister/obj/x64/Debug/net8.0-android/android/bin/classes/mono/androidx/appcompat/widget/FitWindowsViewGroup_OnFitSystemWindowsListenerImplementor.class' (1,864)
2026-08-23 06:03:48: Copy Over 'C:/rock/bannister/Bannister/obj/x64/Debug/net8.0-android/android/bin/classes/mono/androidx/appcompat/widget/MenuItemHoverListenerImplementor.class' -> 'goodrive://www.googleapis.com/:personal:/bannister/bannister/obj/x64/Debug/net8.0-android/android/bin/classes/mono/androidx/appcompat/widget/MenuItemHoverListenerImplementor.class' (2,117)
2026-08-23 06:03:49: Copy Over 'C:/rock/bannister/Bannister/obj/x64/Debug/net8.0-android/android/bin/classes/mono/androidx/appcompat/widget/PopupMenu_OnDismissListenerImplementor.class' -> 'goodrive://www.googleapis.com/:personal:/bannister/bannister/obj/x64/Debug/net8.0-android/android/bin/classes/mono/androidx/appcompat/widget/PopupMenu_OnDismissListenerImplementor.class' (1,758)
2026-08-23 06:03:49: Copy Over 'C:/rock/bannister/Bannister/obj/x64/Debug/net8.0-android/android/bin/classes/mono/androidx/appcompat/widget/PopupMenu_OnMenuItemClickListenerImplementor.class' -> 'goodrive://www.googleapis.com/:personal:/bannister/bannister/obj/x64/Debug/net8.0-android/android/bin/classes/mono/androidx/appcompat/widget/PopupMenu_OnMenuItemClickListenerImplementor.class' (1,772)
2026-08-23 06:03:52: Copy Over 'C:/rock/bannister/Bannister/obj/x64/Debug/net8.0-android/android/bin/classes/mono/androidx/appcompat/widget/SearchView_OnCloseListenerImplementor.class' -> 'goodrive://www.googleapis.com/:personal:/bannister/bannister/obj/x64/Debug/net8.0-android/android/bin/classes/mono/androidx/appcompat/widget/SearchView_OnCloseListenerImplementor.class' (1,627)
2026-08-23 06:03:52: Copy Over 'C:/rock/bannister/Bannister/obj/x64/Debug/net8.0-android/android/bin/classes/mono/androidx/appcompat/widget/SearchView_OnQueryTextListenerImplementor.class' -> 'goodrive://www.googleapis.com/:personal:/bannister/bannister/obj/x64/Debug/net8.0-android/android/bin/classes/mono/androidx/appcompat/widget/SearchView_OnQueryTextListenerImplementor.class' (2,033)
2026-08-23 06:03:52: Copy Over 'C:/rock/bannister/Bannister/obj/x64/Debug/net8.0-android/android/bin/classes/mono/androidx/appcompat/widget/SearchView_OnSuggestionListenerImplementor.class' -> 'goodrive://www.googleapis.com/:personal:/bannister/bannister/obj/x64/Debug/net8.0-android/android/bin/classes/mono/androidx/appcompat/widget/SearchView_OnSuggestionListenerImplementor.class' (1,959)
2026-08-23 06:03:55: Copy Over 'C:/rock/bannister/Bannister/obj/x64/Debug/net8.0-android/android/bin/classes/mono/androidx/appcompat/widget/Toolbar_OnMenuItemClickListenerImplementor.class' -> 'goodrive://www.googleapis.com/:personal:/bannister/bannister/obj/x64/Debug/net8.0-android/android/bin/classes/mono/androidx/appcompat/widget/Toolbar_OnMenuItemClickListenerImplementor.class' (1,760)
2026-08-23 06:03:56: Copy Over 'C:/rock/bannister/Bannister/obj/x64/Debug/net8.0-android/android/bin/classes/mono/androidx/appcompat/widget/ViewStubCompat_OnInflateListenerImplementor.class' -> 'goodrive://www.googleapis.com/:personal:/bannister/bannister/obj/x64/Debug/net8.0-android/android/bin/classes/mono/androidx/appcompat/widget/ViewStubCompat_OnInflateListenerImplementor.class' (1,861)
2026-08-23 06:03:56: Copy Over 'C:/rock/bannister/Bannister/obj/x64/Debug/net8.0-android/android/bin/classes/mono/androidx/appcompat/widget/ShareActionProvider_OnShareTargetSelectedListenerImplementor.class' -> 'goodrive://www.googleapis.com/:personal:/bannister/bannister/obj/x64/Debug/net8.0-android/android/bin/classes/mono/androidx/appcompat/widget/ShareActionProvider_OnShareTargetSelectedListenerImplementor.class' (2,037)
2026-08-23 06:03:59: Copy Over 'C:/rock/bannister/Bannister/obj/x64/Debug/net8.0-android/android/bin/classes/mono/androidx/appcompat/app/ActionBar_OnNavigationListenerImplementor.class' -> 'goodrive://www.googleapis.com/:personal:/bannister/bannister/obj/x64/Debug/net8.0-android/android/bin/classes/mono/androidx/appcompat/app/ActionBar_OnNavigationListenerImplementor.class' (1,713)
2026-08-23 06:03:59: Copy Over 'C:/rock/bannister/Bannister/obj/x64/Debug/net8.0-android/android/bin/classes/mono/androidx/core/app/SharedElementCallback_OnSharedElementsReadyListenerImplementor.class' -> 'goodrive://www.googleapis.com/:personal:/bannister/bannister/obj/x64/Debug/net8.0-android/android/bin/classes/mono/androidx/core/app/SharedElementCallback_OnSharedElementsReadyListenerImplementor.class' (1,781)
2026-08-23 06:03:59: Copy Over 'C:/rock/bannister/Bannister/obj/x64/Debug/net8.0-android/android/bin/classes/mono/androidx/appcompat/app/ActionBar_TabListenerImplementor.class' -> 'goodrive://www.googleapis.com/:personal:/bannister/bannister/obj/x64/Debug/net8.0-android/android/bin/classes/mono/androidx/appcompat/app/ActionBar_TabListenerImplementor.class' (2,706)
2026-08-23 06:04:02: Copy Over 'C:/rock/bannister/Bannister/obj/x64/Debug/net8.0-android/android/bin/classes/mono/androidx/constraintlayout/motion/widget/MotionLayout_TransitionListenerImplementor.class' -> 'goodrive://www.googleapis.com/:personal:/bannister/bannister/obj/x64/Debug/net8.0-android/android/bin/classes/mono/androidx/constraintlayout/motion/widget/MotionLayout_TransitionListenerImplementor.class' (3,355)
2026-08-23 06:04:02: Copy Over 'C:/rock/bannister/Bannister/obj/x64/Debug/net8.0-android/android/bin/classes/mono/androidx/core/os/CancellationSignal_OnCancelListenerImplementor.class' -> 'goodrive://www.googleapis.com/:personal:/bannister/bannister/obj/x64/Debug/net8.0-android/android/bin/classes/mono/androidx/core/os/CancellationSignal_OnCancelListenerImplementor.class' (1,628)
2026-08-23 06:04:03: Copy Over 'C:/rock/bannister/Bannister/obj/x64/Debug/net8.0-android/android/bin/classes/mono/androidx/core/view/ActionProvider_SubUiVisibilityListenerImplementor.class' -> 'goodrive://www.googleapis.com/:personal:/bannister/bannister/obj/x64/Debug/net8.0-android/android/bin/classes/mono/androidx/core/view/ActionProvider_SubUiVisibilityListenerImplementor.class' (1,731)
2026-08-23 06:04:06: Copy Over 'C:/rock/bannister/Bannister/obj/x64/Debug/net8.0-android/android/bin/classes/mono/androidx/core/view/ActionProvider_VisibilityListenerImplementor.class' -> 'goodrive://www.googleapis.com/:personal:/bannister/bannister/obj/x64/Debug/net8.0-android/android/bin/classes/mono/androidx/core/view/ActionProvider_VisibilityListenerImplementor.class' (1,737)
2026-08-23 06:04:06: Copy Over 'C:/rock/bannister/Bannister/obj/x64/Debug/net8.0-android/android/bin/classes/mono/androidx/core/view/accessibility/AccessibilityManagerCompat_AccessibilityStateChangeListenerImplementor.class' -> 'goodrive://www.googleapis.com/:personal:/bannister/bannister/obj/x64/Debug/net8.0-android/android/bin/classes/mono/androidx/core/view/accessibility/AccessibilityManagerCompat_AccessibilityStateChangeListenerImplementor.class' (1,939)
2026-08-23 06:04:06: Copy Over 'C:/rock/bannister/Bannister/obj/x64/Debug/net8.0-android/android/bin/classes/mono/androidx/core/view/accessibility/AccessibilityManagerCompat_TouchExplorationStateChangeListenerImplementor.class' -> 'goodrive://www.googleapis.com/:personal:/bannister/bannister/obj/x64/Debug/net8.0-android/android/bin/classes/mono/androidx/core/view/accessibility/AccessibilityManagerCompat_TouchExplorationStateChangeListenerImplementor.class' (1,969)
2026-08-23 06:04:09: Copy Over 'C:/rock/bannister/Bannister/obj/x64/Debug/net8.0-android/android/bin/classes/mono/androidx/core/view/MenuItemCompat_OnActionExpandListenerImplementor.class' -> 'goodrive://www.googleapis.com/:personal:/bannister/bannister/obj/x64/Debug/net8.0-android/android/bin/classes/mono/androidx/core/view/MenuItemCompat_OnActionExpandListenerImplementor.class' (2,098)
2026-08-23 06:04:09: Copy Over 'C:/rock/bannister/Bannister/obj/x64/Debug/net8.0-android/android/bin/classes/mono/androidx/core/view/DragStartHelper_OnDragStartListenerImplementor.class' -> 'goodrive://www.googleapis.com/:personal:/bannister/bannister/obj/x64/Debug/net8.0-android/android/bin/classes/mono/androidx/core/view/DragStartHelper_OnDragStartListenerImplementor.class' (1,820)
2026-08-23 06:04:09: Copy Over 'C:/rock/bannister/Bannister/obj/x64/Debug/net8.0-android/android/bin/classes/mono/androidx/core/view/inputmethod/InputConnectionCompat_OnCommitContentListenerImplementor.class' -> 'goodrive://www.googleapis.com/:personal:/bannister/bannister/obj/x64/Debug/net8.0-android/android/bin/classes/mono/androidx/core/view/inputmethod/InputConnectionCompat_OnCommitContentListenerImplementor.class' (2,017)
2026-08-23 06:04:12: Copy Over 'C:/rock/bannister/Bannister/obj/x64/Debug/net8.0-android/android/bin/classes/mono/androidx/core/view/OnApplyWindowInsetsListenerImplementor.class' -> 'goodrive://www.googleapis.com/:personal:/bannister/bannister/obj/x64/Debug/net8.0-android/android/bin/classes/mono/androidx/core/view/OnApplyWindowInsetsListenerImplementor.class' (1,804)
2026-08-23 06:04:13: Copy Over 'C:/rock/bannister/Bannister/obj/x64/Debug/net8.0-android/android/bin/classes/mono/androidx/core/view/OnReceiveContentListenerImplementor.class' -> 'goodrive://www.googleapis.com/:personal:/bannister/bannister/obj/x64/Debug/net8.0-android/android/bin/classes/mono/androidx/core/view/OnReceiveContentListenerImplementor.class' (1,772)
2026-08-23 06:04:13: Copy Over 'C:/rock/bannister/Bannister/obj/x64/Debug/net8.0-android/android/bin/classes/mono/androidx/core/view/ViewPropertyAnimatorListenerImplementor.class' -> 'goodrive://www.googleapis.com/:personal:/bannister/bannister/obj/x64/Debug/net8.0-android/android/bin/classes/mono/androidx/core/view/ViewPropertyAnimatorListenerImplementor.class' (2,151)
2026-08-23 06:04:16: Copy Over 'C:/rock/bannister/Bannister/obj/x64/Debug/net8.0-android/android/bin/classes/mono/androidx/core/widget/NestedScrollView_OnScrollChangeListenerImplementor.class' -> 'goodrive://www.googleapis.com/:personal:/bannister/bannister/obj/x64/Debug/net8.0-android/android/bin/classes/mono/androidx/core/widget/NestedScrollView_OnScrollChangeListenerImplementor.class' (1,839)
2026-08-23 06:04:17: Copy Over 'C:/rock/bannister/Bannister/obj/x64/Debug/net8.0-android/android/bin/classes/mono/androidx/core/view/ViewPropertyAnimatorUpdateListenerImplementor.class' -> 'goodrive://www.googleapis.com/:personal:/bannister/bannister/obj/x64/Debug/net8.0-android/android/bin/classes/mono/androidx/core/view/ViewPropertyAnimatorUpdateListenerImplementor.class' (1,641)
2026-08-23 06:04:17: Copy Over 'C:/rock/bannister/Bannister/obj/x64/Debug/net8.0-android/android/bin/classes/mono/androidx/core/view/WindowInsetsControllerCompat_OnControllableInsetsChangedListenerImplementor.class' -> 'goodrive://www.googleapis.com/:personal:/bannister/bannister/obj/x64/Debug/net8.0-android/android/bin/classes/mono/androidx/core/view/WindowInsetsControllerCompat_OnControllableInsetsChangedListenerImplementor.class' (2,047)
2026-08-23 06:04:20: Copy Over 'C:/rock/bannister/Bannister/obj/x64/Debug/net8.0-android/android/bin/classes/mono/androidx/constraintlayout/widget/SharedValues_SharedValuesListenerImplementor.class' -> 'goodrive://www.googleapis.com/:personal:/bannister/bannister/obj/x64/Debug/net8.0-android/android/bin/classes/mono/androidx/constraintlayout/widget/SharedValues_SharedValuesListenerImplementor.class' (1,747)
2026-08-23 06:04:20: Copy Over 'C:/rock/bannister/Bannister/obj/x64/Debug/net8.0-android/android/bin/classes/mono/androidx/customview/poolingcontainer/PoolingContainerListenerImplementor.class' -> 'goodrive://www.googleapis.com/:personal:/bannister/bannister/obj/x64/Debug/net8.0-android/android/bin/classes/mono/androidx/customview/poolingcontainer/PoolingContainerListenerImplementor.class' (1,612)
2026-08-23 06:04:20: Copy Over 'C:/rock/bannister/Bannister/obj/x64/Debug/net8.0-android/android/bin/classes/mono/androidx/drawerlayout/widget/DrawerLayout_DrawerListenerImplementor.class' -> 'goodrive://www.googleapis.com/:personal:/bannister/bannister/obj/x64/Debug/net8.0-android/android/bin/classes/mono/androidx/drawerlayout/widget/DrawerLayout_DrawerListenerImplementor.class' (2,614)
2026-08-23 06:04:23: Copy Over 'C:/rock/bannister/Bannister/obj/x64/Debug/net8.0-android/android/bin/classes/mono/androidx/dynamicanimation/animation/DynamicAnimation_OnAnimationEndListenerImplementor.class' -> 'goodrive://www.googleapis.com/:personal:/bannister/bannister/obj/x64/Debug/net8.0-android/android/bin/classes/mono/androidx/dynamicanimation/animation/DynamicAnimation_OnAnimationEndListenerImplementor.class' (1,958)
2026-08-23 06:04:23: Copy Over 'C:/rock/bannister/Bannister/obj/x64/Debug/net8.0-android/android/bin/classes/mono/androidx/fragment/app/FragmentOnAttachListenerImplementor.class' -> 'goodrive://www.googleapis.com/:personal:/bannister/bannister/obj/x64/Debug/net8.0-android/android/bin/classes/mono/androidx/fragment/app/FragmentOnAttachListenerImplementor.class' (1,764)
2026-08-23 06:04:23: Copy Over 'C:/rock/bannister/Bannister/obj/x64/Debug/net8.0-android/android/bin/classes/mono/androidx/fragment/app/FragmentManager_OnBackStackChangedListenerImplementor.class' -> 'goodrive://www.googleapis.com/:personal:/bannister/bannister/obj/x64/Debug/net8.0-android/android/bin/classes/mono/androidx/fragment/app/FragmentManager_OnBackStackChangedListenerImplementor.class' (2,488)
2026-08-23 06:04:26: Copy Over 'C:/rock/bannister/Bannister/obj/x64/Debug/net8.0-android/android/bin/classes/mono/androidx/fragment/app/FragmentResultListenerImplementor.class' -> 'goodrive://www.googleapis.com/:personal:/bannister/bannister/obj/x64/Debug/net8.0-android/android/bin/classes/mono/androidx/fragment/app/FragmentResultListenerImplementor.class' (1,652)
2026-08-23 06:04:26: Copy Over 'C:/rock/bannister/Bannister/obj/x64/Debug/net8.0-android/android/bin/classes/mono/androidx/dynamicanimation/animation/DynamicAnimation_OnAnimationUpdateListenerImplementor.class' -> 'goodrive://www.googleapis.com/:personal:/bannister/bannister/obj/x64/Debug/net8.0-android/android/bin/classes/mono/androidx/dynamicanimation/animation/DynamicAnimation_OnAnimationUpdateListenerImplementor.class' (1,983)
2026-08-23 06:04:27: Copy Over 'C:/rock/bannister/Bannister/obj/x64/Debug/net8.0-android/android/bin/classes/mono/androidx/fragment/app/strictmode/FragmentStrictMode_OnViolationListenerImplementor.class' -> 'goodrive://www.googleapis.com/:personal:/bannister/bannister/obj/x64/Debug/net8.0-android/android/bin/classes/mono/androidx/fragment/app/strictmode/FragmentStrictMode_OnViolationListenerImplementor.class' (1,886)
2026-08-23 06:04:29: Copy Over 'C:/rock/bannister/Bannister/obj/x64/Debug/net8.0-android/android/bin/classes/mono/androidx/navigation/NavController_OnDestinationChangedListenerImplementor.class' -> 'goodrive://www.googleapis.com/:personal:/bannister/bannister/obj/x64/Debug/net8.0-android/android/bin/classes/mono/androidx/navigation/NavController_OnDestinationChangedListenerImplementor.class' (2,041)
2026-08-23 06:04:30: Copy Over 'C:/rock/bannister/Bannister/obj/x64/Debug/net8.0-android/android/bin/classes/mono/androidx/loader/content/Loader_OnLoadCanceledListenerImplementor.class' -> 'goodrive://www.googleapis.com/:personal:/bannister/bannister/obj/x64/Debug/net8.0-android/android/bin/classes/mono/androidx/loader/content/Loader_OnLoadCanceledListenerImplementor.class' (1,759)
2026-08-23 06:04:30: Copy Over 'C:/rock/bannister/Bannister/obj/x64/Debug/net8.0-android/android/bin/classes/mono/androidx/loader/content/Loader_OnLoadCompleteListenerImplementor.class' -> 'goodrive://www.googleapis.com/:personal:/bannister/bannister/obj/x64/Debug/net8.0-android/android/bin/classes/mono/androidx/loader/content/Loader_OnLoadCompleteListenerImplementor.class' (1,814)
2026-08-23 06:04:33: Copy Over 'C:/rock/bannister/Bannister/obj/x64/Debug/net8.0-android/android/bin/classes/mono/androidx/navigation/ui/AppBarConfiguration_OnNavigateUpListenerImplementor.class' -> 'goodrive://www.googleapis.com/:personal:/bannister/bannister/obj/x64/Debug/net8.0-android/android/bin/classes/mono/androidx/navigation/ui/AppBarConfiguration_OnNavigateUpListenerImplementor.class' (1,724)
2026-08-23 06:04:33: Copy Over 'C:/rock/bannister/Bannister/obj/x64/Debug/net8.0-android/android/bin/classes/mono/androidx/recyclerview/widget/RecyclerView_ItemAnimator_ItemAnimatorFinishedListenerImplementor.class' -> 'goodrive://www.googleapis.com/:personal:/bannister/bannister/obj/x64/Debug/net8.0-android/android/bin/classes/mono/androidx/recyclerview/widget/RecyclerView_ItemAnimator_ItemAnimatorFinishedListenerImplementor.class' (1,936)
2026-08-23 06:04:33: Copy Over 'C:/rock/bannister/Bannister/obj/x64/Debug/net8.0-android/android/bin/classes/mono/androidx/recyclerview/widget/AsyncListDiffer_ListListenerImplementor.class' -> 'goodrive://www.googleapis.com/:personal:/bannister/bannister/obj/x64/Debug/net8.0-android/android/bin/classes/mono/androidx/recyclerview/widget/AsyncListDiffer_ListListenerImplementor.class' (1,815)
2026-08-23 06:04:36: Copy Over 'C:/rock/bannister/Bannister/obj/x64/Debug/net8.0-android/android/bin/classes/mono/androidx/recyclerview/widget/RecyclerView_OnItemTouchListenerImplementor.class' -> 'goodrive://www.googleapis.com/:personal:/bannister/bannister/obj/x64/Debug/net8.0-android/android/bin/classes/mono/androidx/recyclerview/widget/RecyclerView_OnItemTouchListenerImplementor.class' (2,753)
2026-08-23 06:04:36: Copy Over 'C:/rock/bannister/Bannister/obj/x64/Debug/net8.0-android/android/bin/classes/mono/androidx/slidingpanelayout/widget/SlidingPaneLayout_PanelSlideListenerImplementor.class' -> 'goodrive://www.googleapis.com/:personal:/bannister/bannister/obj/x64/Debug/net8.0-android/android/bin/classes/mono/androidx/slidingpanelayout/widget/SlidingPaneLayout_PanelSlideListenerImplementor.class' (2,451)
2026-08-23 06:04:36: Copy Over 'C:/rock/bannister/Bannister/obj/x64/Debug/net8.0-android/android/bin/classes/mono/androidx/recyclerview/widget/RecyclerView_OnChildAttachStateChangeListenerImplementor.class' -> 'goodrive://www.googleapis.com/:personal:/bannister/bannister/obj/x64/Debug/net8.0-android/android/bin/classes/mono/androidx/recyclerview/widget/RecyclerView_OnChildAttachStateChangeListenerImplementor.class' (2,266)
2026-08-23 06:04:40: Copy Over 'C:/rock/bannister/Bannister/obj/x64/Debug/net8.0-android/android/bin/classes/mono/androidx/swiperefreshlayout/widget/SwipeRefreshLayout_OnRefreshListenerImplementor.class' -> 'goodrive://www.googleapis.com/:personal:/bannister/bannister/obj/x64/Debug/net8.0-android/android/bin/classes/mono/androidx/swiperefreshlayout/widget/SwipeRefreshLayout_OnRefreshListenerImplementor.class' (1,756)
2026-08-23 06:04:40: Copy Over 'C:/rock/bannister/Bannister/obj/x64/Debug/net8.0-android/android/bin/classes/mono/androidx/transition/Transition_TransitionListenerImplementor.class' -> 'goodrive://www.googleapis.com/:personal:/bannister/bannister/obj/x64/Debug/net8.0-android/android/bin/classes/mono/androidx/transition/Transition_TransitionListenerImplementor.class' (3,013)
2026-08-23 06:04:40: Copy Over 'C:/rock/bannister/Bannister/obj/x64/Debug/net8.0-android/android/bin/classes/mono/androidx/recyclerview/widget/RecyclerView_RecyclerListenerImplementor.class' -> 'goodrive://www.googleapis.com/:personal:/bannister/bannister/obj/x64/Debug/net8.0-android/android/bin/classes/mono/androidx/recyclerview/widget/RecyclerView_RecyclerListenerImplementor.class' (1,941)
2026-08-23 06:04:43: Copy Over 'C:/rock/bannister/Bannister/obj/x64/Debug/net8.0-android/android/bin/classes/mono/androidx/viewpager/widget/ViewPager_OnPageChangeListenerImplementor.class' -> 'goodrive://www.googleapis.com/:personal:/bannister/bannister/obj/x64/Debug/net8.0-android/android/bin/classes/mono/androidx/viewpager/widget/ViewPager_OnPageChangeListenerImplementor.class' (2,231)
2026-08-23 06:04:43: Copy Over 'C:/rock/bannister/Bannister/obj/x64/Debug/net8.0-android/android/bin/classes/mono/androidx/viewpager/widget/ViewPager_OnAdapterChangeListenerImplementor.class' -> 'goodrive://www.googleapis.com/:personal:/bannister/bannister/obj/x64/Debug/net8.0-android/android/bin/classes/mono/androidx/viewpager/widget/ViewPager_OnAdapterChangeListenerImplementor.class' (2,064)
2026-08-23 06:04:43: Copy Over 'C:/rock/bannister/Bannister/obj/x64/Debug/net8.0-android/android/bin/classes/mono/com/bumptech/glide/manager/ConnectivityMonitor_ConnectivityListenerImplementor.class' -> 'goodrive://www.googleapis.com/:personal:/bannister/bannister/obj/x64/Debug/net8.0-android/android/bin/classes/mono/com/bumptech/glide/manager/ConnectivityMonitor_ConnectivityListenerImplementor.class' (1,761)
2026-08-23 06:04:46: Copy Over 'C:/rock/bannister/Bannister/obj/x64/Debug/net8.0-android/android/bin/classes/mono/com/bumptech/glide/manager/LifecycleListenerImplementor.class' -> 'goodrive://www.googleapis.com/:personal:/bannister/bannister/obj/x64/Debug/net8.0-android/android/bin/classes/mono/com/bumptech/glide/manager/LifecycleListenerImplementor.class' (1,861)
2026-08-23 06:04:47: Copy Over 'C:/rock/bannister/Bannister/obj/x64/Debug/net8.0-android/android/bin/classes/mono/com/bumptech/glide/request/RequestListenerImplementor.class' -> 'goodrive://www.googleapis.com/:personal:/bannister/bannister/obj/x64/Debug/net8.0-android/android/bin/classes/mono/com/bumptech/glide/request/RequestListenerImplementor.class' (2,393)
2026-08-23 06:04:47: Copy Over 'C:/rock/bannister/Bannister/obj/x64/Debug/net8.0-android/android/bin/classes/mono/com/bumptech/glide/load/engine/cache/MemoryCache_ResourceRemovedListenerImplementor.class' -> 'goodrive://www.googleapis.com/:personal:/bannister/bannister/obj/x64/Debug/net8.0-android/android/bin/classes/mono/com/bumptech/glide/load/engine/cache/MemoryCache_ResourceRemovedListenerImplementor.class' (1,885)
2026-08-23 06:04:50: Copy Over 'C:/rock/bannister/Bannister/obj/x64/Debug/net8.0-android/android/bin/classes/mono/com/google/android/material/animation/AnimatableView_ListenerImplementor.class' -> 'goodrive://www.googleapis.com/:personal:/bannister/bannister/obj/x64/Debug/net8.0-android/android/bin/classes/mono/com/google/android/material/animation/AnimatableView_ListenerImplementor.class' (1,695)
2026-08-23 06:04:50: Copy Over 'C:/rock/bannister/Bannister/obj/x64/Debug/net8.0-android/android/bin/classes/mono/MonoPackageManager_Resources.class' -> 'goodrive://www.googleapis.com/:personal:/bannister/bannister/obj/x64/Debug/net8.0-android/android/bin/classes/mono/MonoPackageManager_Resources.class' (6,313)
2026-08-23 06:04:50: Copy Over 'C:/rock/bannister/Bannister/obj/x64/Debug/net8.0-android/android/bin/classes/mono/MonoRuntimeProvider.class' -> 'goodrive://www.googleapis.com/:personal:/bannister/bannister/obj/x64/Debug/net8.0-android/android/bin/classes/mono/MonoRuntimeProvider.class' (1,980)
2026-08-23 06:04:53: Copy Over 'C:/rock/bannister/Bannister/obj/x64/Debug/net8.0-android/android/bin/classes/mono/com/google/android/material/appbar/AppBarLayout_LiftOnScrollListenerImplementor.class' -> 'goodrive://www.googleapis.com/:personal:/bannister/bannister/obj/x64/Debug/net8.0-android/android/bin/classes/mono/com/google/android/material/appbar/AppBarLayout_LiftOnScrollListenerImplementor.class' (1,733)
2026-08-23 06:04:53: Copy Over 'C:/rock/bannister/Bannister/obj/x64/Debug/net8.0-android/android/bin/classes/mono/com/google/android/material/appbar/AppBarLayout_OnOffsetChangedListenerImplementor.class' -> 'goodrive://www.googleapis.com/:personal:/bannister/bannister/obj/x64/Debug/net8.0-android/android/bin/classes/mono/com/google/android/material/appbar/AppBarLayout_OnOffsetChangedListenerImplementor.class' (1,923)
2026-08-23 06:04:53: Copy Over 'C:/rock/bannister/Bannister/obj/x64/Debug/net8.0-android/android/bin/classes/mono/com/google/android/material/behavior/HideBottomViewOnScrollBehavior_OnScrollStateChangedListenerImplementor.class' -> 'goodrive://www.googleapis.com/:personal:/bannister/bannister/obj/x64/Debug/net8.0-android/android/bin/classes/mono/com/google/android/material/behavior/HideBottomViewOnScrollBehavior_OnScrollStateChangedListenerImplementor.class' (1,977)
2026-08-23 06:04:57: Copy Over 'C:/rock/bannister/Bannister/obj/x64/Debug/net8.0-android/android/bin/classes/mono/com/google/android/material/button/MaterialButtonToggleGroup_OnButtonCheckedListenerImplementor.class' -> 'goodrive://www.googleapis.com/:personal:/bannister/bannister/obj/x64/Debug/net8.0-android/android/bin/classes/mono/com/google/android/material/button/MaterialButtonToggleGroup_OnButtonCheckedListenerImplementor.class' (2,044)
2026-08-23 06:04:57: Copy Over 'C:/rock/bannister/Bannister/obj/x64/Debug/net8.0-android/android/bin/classes/mono/com/google/android/material/button/MaterialButton_OnCheckedChangeListenerImplementor.class' -> 'goodrive://www.googleapis.com/:personal:/bannister/bannister/obj/x64/Debug/net8.0-android/android/bin/classes/mono/com/google/android/material/button/MaterialButton_OnCheckedChangeListenerImplementor.class' (1,945)
2026-08-23 06:04:57: Copy Over 'C:/rock/bannister/Bannister/obj/x64/Debug/net8.0-android/android/bin/classes/mono/com/google/android/material/behavior/SwipeDismissBehavior_OnDismissListenerImplementor.class' -> 'goodrive://www.googleapis.com/:personal:/bannister/bannister/obj/x64/Debug/net8.0-android/android/bin/classes/mono/com/google/android/material/behavior/SwipeDismissBehavior_OnDismissListenerImplementor.class' (2,114)
2026-08-23 06:05:00: Copy Over 'C:/rock/bannister/Bannister/obj/x64/Debug/net8.0-android/android/bin/classes/mono/com/google/android/material/card/MaterialCardView_OnCheckedChangeListenerImplementor.class' -> 'goodrive://www.googleapis.com/:personal:/bannister/bannister/obj/x64/Debug/net8.0-android/android/bin/classes/mono/com/google/android/material/card/MaterialCardView_OnCheckedChangeListenerImplementor.class' (1,947)
2026-08-23 06:05:00: Copy Over 'C:/rock/bannister/Bannister/obj/x64/Debug/net8.0-android/android/bin/classes/mono/com/google/android/material/checkbox/MaterialCheckBox_OnCheckedStateChangedListenerImplementor.class' -> 'goodrive://www.googleapis.com/:personal:/bannister/bannister/obj/x64/Debug/net8.0-android/android/bin/classes/mono/com/google/android/material/checkbox/MaterialCheckBox_OnCheckedStateChangedListenerImplementor.class' (2,067)
2026-08-23 06:05:00: Copy Over 'C:/rock/bannister/Bannister/obj/x64/Debug/net8.0-android/android/bin/classes/mono/com/google/android/material/carousel/OnMaskChangedListenerImplementor.class' -> 'goodrive://www.googleapis.com/:personal:/bannister/bannister/obj/x64/Debug/net8.0-android/android/bin/classes/mono/com/google/android/material/carousel/OnMaskChangedListenerImplementor.class' (1,659)
2026-08-23 06:05:04: Copy Over 'C:/rock/bannister/Bannister/obj/x64/Debug/net8.0-android/android/bin/classes/mono/com/google/android/material/checkbox/MaterialCheckBox_OnErrorChangedListenerImplementor.class' -> 'goodrive://www.googleapis.com/:personal:/bannister/bannister/obj/x64/Debug/net8.0-android/android/bin/classes/mono/com/google/android/material/checkbox/MaterialCheckBox_OnErrorChangedListenerImplementor.class' (1,965)
2026-08-23 06:05:04: Copy Over 'C:/rock/bannister/Bannister/obj/x64/Debug/net8.0-android/android/bin/classes/mono/com/google/android/material/chip/ChipGroup_OnCheckedStateChangeListenerImplementor.class' -> 'goodrive://www.googleapis.com/:personal:/bannister/bannister/obj/x64/Debug/net8.0-android/android/bin/classes/mono/com/google/android/material/chip/ChipGroup_OnCheckedStateChangeListenerImplementor.class' (1,959)
2026-08-23 06:05:04: Copy Over 'C:/rock/bannister/Bannister/obj/x64/Debug/net8.0-android/android/bin/classes/mono/com/google/android/material/chip/ChipGroup_OnCheckedChangeListenerImplementor.class' -> 'goodrive://www.googleapis.com/:personal:/bannister/bannister/obj/x64/Debug/net8.0-android/android/bin/classes/mono/com/google/android/material/chip/ChipGroup_OnCheckedChangeListenerImplementor.class' (1,884)
2026-08-23 06:05:07: Copy Over 'C:/rock/bannister/Bannister/obj/x64/Debug/net8.0-android/android/bin/classes/mono/com/google/android/material/datepicker/MaterialPickerOnPositiveButtonClickListenerImplementor.class' -> 'goodrive://www.googleapis.com/:personal:/bannister/bannister/obj/x64/Debug/net8.0-android/android/bin/classes/mono/com/google/android/material/datepicker/MaterialPickerOnPositiveButtonClickListenerImplementor.class' (1,767)
2026-08-23 06:05:07: Copy Over 'C:/rock/bannister/Bannister/obj/x64/Debug/net8.0-android/android/bin/classes/mono/com/google/android/material/internal/CheckableGroup_OnCheckedStateChangeListenerImplementor.class' -> 'goodrive://www.googleapis.com/:personal:/bannister/bannister/obj/x64/Debug/net8.0-android/android/bin/classes/mono/com/google/android/material/internal/CheckableGroup_OnCheckedStateChangeListenerImplementor.class' (1,893)
2026-08-23 06:05:07: Copy Over 'C:/rock/bannister/Bannister/obj/x64/Debug/net8.0-android/android/bin/classes/mono/com/google/android/material/internal/MaterialCheckable_OnCheckedChangeListenerImplementor.class' -> 'goodrive://www.googleapis.com/:personal:/bannister/bannister/obj/x64/Debug/net8.0-android/android/bin/classes/mono/com/google/android/material/internal/MaterialCheckable_OnCheckedChangeListenerImplementor.class' (1,872)
2026-08-23 06:05:10: Copy Over 'C:/rock/bannister/Bannister/obj/x64/Debug/net8.0-android/android/bin/classes/mono/com/google/android/material/search/SearchView_TransitionListenerImplementor.class' -> 'goodrive://www.googleapis.com/:personal:/bannister/bannister/obj/x64/Debug/net8.0-android/android/bin/classes/mono/com/google/android/material/search/SearchView_TransitionListenerImplementor.class' (2,340)
2026-08-23 06:05:11: Copy Over 'C:/rock/bannister/Bannister/obj/x64/Debug/net8.0-android/android/bin/classes/mono/com/google/android/material/internal/ViewUtils_OnApplyWindowInsetsListenerImplementor.class' -> 'goodrive://www.googleapis.com/:personal:/bannister/bannister/obj/x64/Debug/net8.0-android/android/bin/classes/mono/com/google/android/material/internal/ViewUtils_OnApplyWindowInsetsListenerImplementor.class' (2,338)
2026-08-23 06:05:11: Copy Over 'C:/rock/bannister/Bannister/obj/x64/Debug/net8.0-android/android/bin/classes/mono/com/google/android/material/navigation/NavigationBarView_OnItemReselectedListenerImplementor.class' -> 'goodrive://www.googleapis.com/:personal:/bannister/bannister/obj/x64/Debug/net8.0-android/android/bin/classes/mono/com/google/android/material/navigation/NavigationBarView_OnItemReselectedListenerImplementor.class' (1,941)
2026-08-23 06:05:14: Copy Over 'C:/rock/bannister/Bannister/obj/x64/Debug/net8.0-android/android/bin/classes/mono/com/google/android/material/navigation/NavigationBarView_OnItemSelectedListenerImplementor.class' -> 'goodrive://www.googleapis.com/:personal:/bannister/bannister/obj/x64/Debug/net8.0-android/android/bin/classes/mono/com/google/android/material/navigation/NavigationBarView_OnItemSelectedListenerImplementor.class' (1,917)
2026-08-23 06:05:14: Copy Over 'C:/rock/bannister/Bannister/obj/x64/Debug/net8.0-android/android/bin/classes/mono/com/google/android/material/shape/ShapeAppearancePathProvider_PathListenerImplementor.class' -> 'goodrive://www.googleapis.com/:personal:/bannister/bannister/obj/x64/Debug/net8.0-android/android/bin/classes/mono/com/google/android/material/shape/ShapeAppearancePathProvider_PathListenerImplementor.class' (2,439)
2026-08-23 06:05:15: Copy Over 'C:/rock/bannister/Bannister/obj/x64/Debug/net8.0-android/android/bin/classes/mono/com/google/android/material/navigation/NavigationView_OnNavigationItemSelectedListenerImplementor.class' -> 'goodrive://www.googleapis.com/:personal:/bannister/bannister/obj/x64/Debug/net8.0-android/android/bin/classes/mono/com/google/android/material/navigation/NavigationView_OnNavigationItemSelectedListenerImplementor.class' (1,959)
2026-08-23 06:05:17: Copy Over 'C:/rock/bannister/Bannister/obj/x64/Debug/net8.0-android/android/bin/classes/mono/com/google/android/material/slider/BaseOnChangeListenerImplementor.class' -> 'goodrive://www.googleapis.com/:personal:/bannister/bannister/obj/x64/Debug/net8.0-android/android/bin/classes/mono/com/google/android/material/slider/BaseOnChangeListenerImplementor.class' (1,636)
2026-08-23 06:05:18: Copy Over 'C:/rock/bannister/Bannister/obj/x64/Debug/net8.0-android/android/bin/classes/mono/com/google/android/material/tabs/TabLayout_BaseOnTabSelectedListenerImplementor.class' -> 'goodrive://www.googleapis.com/:personal:/bannister/bannister/obj/x64/Debug/net8.0-android/android/bin/classes/mono/com/google/android/material/tabs/TabLayout_BaseOnTabSelectedListenerImplementor.class' (2,652)
2026-08-23 06:05:18: Copy Over 'C:/rock/bannister/Bannister/obj/x64/Debug/net8.0-android/android/bin/classes/mono/com/google/android/material/slider/BaseOnSliderTouchListenerImplementor.class' -> 'goodrive://www.googleapis.com/:personal:/bannister/bannister/obj/x64/Debug/net8.0-android/android/bin/classes/mono/com/google/android/material/slider/BaseOnSliderTouchListenerImplementor.class' (1,960)
2026-08-23 06:05:18: > Copy Over 'C:/rock/bannister/Bannister/obj/x64/Debug/net8.0-android/android/bin/classes2.dex' -> 'goodrive://www.googleapis.com/:personal:/bannister/bannister/obj/x64/Debug/net8.0-android/android/bin/classes2.dex' (7,168,596)
2026-08-23 06:05:21: Copy Over 'C:/rock/bannister/Bannister/obj/x64/Debug/net8.0-android/android/bin/classes/mono/com/google/android/material/textfield/TextInputLayout_OnEditTextAttachedListenerImplementor.class' -> 'goodrive://www.googleapis.com/:personal:/bannister/bannister/obj/x64/Debug/net8.0-android/android/bin/classes/mono/com/google/android/material/textfield/TextInputLayout_OnEditTextAttachedListenerImplementor.class' (2,000)
2026-08-23 06:05:21: > Copy Over 'C:/rock/bannister/Bannister/obj/x64/Debug/net8.0-android/android/bin/com.bannister.app.apk' -> 'goodrive://www.googleapis.com/:personal:/bannister/bannister/obj/x64/Debug/net8.0-android/android/bin/com.bannister.app.apk' (41,553,753)
2026-08-23 06:05:21: Copy Over 'C:/rock/bannister/Bannister/obj/x64/Debug/net8.0-android/android/bin/classes/mono/com/google/android/material/textfield/TextInputLayout_OnEndIconChangedListenerImplementor.class' -> 'goodrive://www.googleapis.com/:personal:/bannister/bannister/obj/x64/Debug/net8.0-android/android/bin/classes/mono/com/google/android/material/textfield/TextInputLayout_OnEndIconChangedListenerImplementor.class' (1,984)
2026-08-23 06:05:21: > Copy Over 'C:/rock/bannister/Bannister/obj/x64/Debug/net8.0-android/android/bin/packaged_resources' -> 'goodrive://www.googleapis.com/:personal:/bannister/bannister/obj/x64/Debug/net8.0-android/android/bin/packaged_resources' (28,115,611)
2026-08-23 06:05:23: < Copy Over 'C:/rock/bannister/Bannister/obj/x64/Debug/net8.0-android/android/bin/classes2.dex' -> 'goodrive://www.googleapis.com/:personal:/bannister/bannister/obj/x64/Debug/net8.0-android/android/bin/classes2.dex' (7,168,596)
2026-08-23 06:05:23: > Copy Over 'C:/rock/bannister/Bannister/obj/x64/Debug/net8.0-android/android/assets/Bannister.pdb' -> 'goodrive://www.googleapis.com/:personal:/bannister/bannister/obj/x64/Debug/net8.0-android/android/assets/Bannister.pdb' (1,480,376)
2026-08-23 06:05:26: < Copy Over 'C:/rock/bannister/Bannister/obj/x64/Debug/net8.0-android/android/assets/Bannister.pdb' -> 'goodrive://www.googleapis.com/:personal:/bannister/bannister/obj/x64/Debug/net8.0-android/android/assets/Bannister.pdb' (1,480,376)
2026-08-23 06:05:28: < Copy Over 'C:/rock/bannister/Bannister/obj/x64/Debug/net8.0-android/android/bin/packaged_resources' -> 'goodrive://www.googleapis.com/:personal:/bannister/bannister/obj/x64/Debug/net8.0-android/android/bin/packaged_resources' (28,115,611)
2026-08-23 06:05:29: < Copy Over 'C:/rock/bannister/Bannister/obj/x64/Debug/net8.0-android/android/bin/com.bannister.app.apk' -> 'goodrive://www.googleapis.com/:personal:/bannister/bannister/obj/x64/Debug/net8.0-android/android/bin/com.bannister.app.apk' (41,553,753)
2026-08-23 06:05:30: Copy Over 'C:/rock/bannister/Bannister/obj/x64/Debug/net8.0-android/android/compressed_assemblies.arm64-v8a.o' -> 'goodrive://www.googleapis.com/:personal:/bannister/bannister/obj/x64/Debug/net8.0-android/android/compressed_assemblies.arm64-v8a.o' (848)
2026-08-23 06:05:32: Copy Over 'C:/rock/bannister/Bannister/obj/x64/Debug/net8.0-android/android/environment.arm64-v8a.ll' -> 'goodrive://www.googleapis.com/:personal:/bannister/bannister/obj/x64/Debug/net8.0-android/android/environment.arm64-v8a.ll' (155,005)
2026-08-23 06:05:32: Copy Over 'C:/rock/bannister/Bannister/obj/x64/Debug/net8.0-android/android/environment.arm64-v8a.o' -> 'goodrive://www.googleapis.com/:personal:/bannister/bannister/obj/x64/Debug/net8.0-android/android/environment.arm64-v8a.o' (47,936)
2026-08-23 06:05:33: Copy Over 'C:/rock/bannister/Bannister/obj/x64/Debug/net8.0-android/android/jni_remap.arm64-v8a.o' -> 'goodrive://www.googleapis.com/:personal:/bannister/bannister/obj/x64/Debug/net8.0-android/android/jni_remap.arm64-v8a.o' (968)
2026-08-23 06:05:33: > Copy Over 'C:/rock/bannister/Bannister/obj/x64/Debug/net8.0-android/android/typemaps.arm64-v8a.o' -> 'goodrive://www.googleapis.com/:personal:/bannister/bannister/obj/x64/Debug/net8.0-android/android/typemaps.arm64-v8a.o' (3,181,888)
2026-08-23 06:05:35: Copy Over 'C:/rock/bannister/Bannister/obj/x64/Debug/net8.0-android/android/marshal_methods.arm64-v8a.o' -> 'goodrive://www.googleapis.com/:personal:/bannister/bannister/obj/x64/Debug/net8.0-android/android/marshal_methods.arm64-v8a.o' (10,152)
2026-08-23 06:05:36: Copy Over 'C:/rock/bannister/Bannister/obj/x64/Debug/net8.0-android/android/manifest/AndroidManifest.xml' -> 'goodrive://www.googleapis.com/:personal:/bannister/bannister/obj/x64/Debug/net8.0-android/android/manifest/AndroidManifest.xml' (4,706)
2026-08-23 06:05:37: < Copy Over 'C:/rock/bannister/Bannister/obj/x64/Debug/net8.0-android/android/typemaps.arm64-v8a.o' -> 'goodrive://www.googleapis.com/:personal:/bannister/bannister/obj/x64/Debug/net8.0-android/android/typemaps.arm64-v8a.o' (3,181,888)
2026-08-23 06:05:39: Copy Over 'C:/rock/bannister/Bannister/obj/x64/Debug/net8.0-windows10.0.19041.0/apphost.exe' -> 'goodrive://www.googleapis.com/:personal:/bannister/bannister/obj/x64/Debug/net8.0-windows10.0.19041.0/apphost.exe' (153,088)
2026-08-23 06:05:39: Copy Over 'C:/rock/bannister/Bannister/obj/x64/Debug/net8.0-windows10.0.19041.0/Bannister.AssemblyInfo.cs' -> 'goodrive://www.googleapis.com/:personal:/bannister/bannister/obj/x64/Debug/net8.0-windows10.0.19041.0/Bannister.AssemblyInfo.cs' (1,713)
2026-08-23 06:05:40: Copy Over 'C:/rock/bannister/Bannister/obj/x64/Debug/net8.0-windows10.0.19041.0/Bannister.AssemblyInfoInputs.cache' -> 'goodrive://www.googleapis.com/:personal:/bannister/bannister/obj/x64/Debug/net8.0-windows10.0.19041.0/Bannister.AssemblyInfoInputs.cache' (66)
2026-08-23 06:05:42: Copy Over 'C:/rock/bannister/Bannister/obj/x64/Debug/net8.0-windows10.0.19041.0/Bannister.assets.cache' -> 'goodrive://www.googleapis.com/:personal:/bannister/bannister/obj/x64/Debug/net8.0-windows10.0.19041.0/Bannister.assets.cache' (73,605)
2026-08-23 06:05:42: > Copy Over 'C:/rock/bannister/Bannister/obj/x64/Debug/net8.0-windows10.0.19041.0/Bannister.dll' -> 'goodrive://www.googleapis.com/:personal:/bannister/bannister/obj/x64/Debug/net8.0-windows10.0.19041.0/Bannister.dll' (7,220,224)
2026-08-23 06:05:43: Copy Over 'C:/rock/bannister/Bannister/obj/x64/Debug/net8.0-windows10.0.19041.0/Bannister.csproj.BuildWithSkipAnalyzers' -> 'goodrive://www.googleapis.com/:personal:/bannister/bannister/obj/x64/Debug/net8.0-windows10.0.19041.0/Bannister.csproj.BuildWithSkipAnalyzers' (0)
2026-08-23 06:05:43: > Copy Over 'C:/rock/bannister/Bannister/obj/x64/Debug/net8.0-windows10.0.19041.0/Bannister.pdb' -> 'goodrive://www.googleapis.com/:personal:/bannister/bannister/obj/x64/Debug/net8.0-windows10.0.19041.0/Bannister.pdb' (1,521,068)
2026-08-23 06:05:44: Copy Over 'C:/rock/bannister/Bannister/obj/x64/Debug/net8.0-windows10.0.19041.0/Bannister.csproj.CoreCompileInputs.cache' -> 'goodrive://www.googleapis.com/:personal:/bannister/bannister/obj/x64/Debug/net8.0-windows10.0.19041.0/Bannister.csproj.CoreCompileInputs.cache' (66)
2026-08-23 06:05:46: < Copy Over 'C:/rock/bannister/Bannister/obj/x64/Debug/net8.0-windows10.0.19041.0/Bannister.pdb' -> 'goodrive://www.googleapis.com/:personal:/bannister/bannister/obj/x64/Debug/net8.0-windows10.0.19041.0/Bannister.pdb' (1,521,068)
2026-08-23 06:05:47: < Copy Over 'C:/rock/bannister/Bannister/obj/x64/Debug/net8.0-windows10.0.19041.0/Bannister.dll' -> 'goodrive://www.googleapis.com/:personal:/bannister/bannister/obj/x64/Debug/net8.0-windows10.0.19041.0/Bannister.dll' (7,220,224)
2026-08-23 06:05:47: Copy Over 'C:/rock/bannister/Bannister/obj/x64/Debug/net8.0-windows10.0.19041.0/Bannister.sourcelink.json' -> 'goodrive://www.googleapis.com/:personal:/bannister/bannister/obj/x64/Debug/net8.0-windows10.0.19041.0/Bannister.sourcelink.json' (141)
2026-08-23 06:05:50: Copy Over 'C:/rock/bannister/Bannister/obj/x64/Debug/net8.0-windows10.0.19041.0/excluded.layout.resfiles.intermediate' -> 'goodrive://www.googleapis.com/:personal:/bannister/bannister/obj/x64/Debug/net8.0-windows10.0.19041.0/excluded.layout.resfiles.intermediate' (0)
2026-08-23 06:05:50: Copy Over 'C:/rock/bannister/Bannister/obj/x64/Debug/net8.0-windows10.0.19041.0/embed/embed.resfiles.intermediate' -> 'goodrive://www.googleapis.com/:personal:/bannister/bannister/obj/x64/Debug/net8.0-windows10.0.19041.0/embed/embed.resfiles.intermediate' (27)
2026-08-23 06:05:50: > Copy Over 'C:/rock/bannister/Bannister/obj/x64/Debug/net8.0-windows10.0.19041.0/intermediatexaml/Bannister.dll' -> 'goodrive://www.googleapis.com/:personal:/bannister/bannister/obj/x64/Debug/net8.0-windows10.0.19041.0/intermediatexaml/Bannister.dll' (7,079,936)
2026-08-23 06:05:50: Copy Over 'C:/rock/bannister/Bannister/obj/x64/Debug/net8.0-windows10.0.19041.0/filtered.layout.resfiles.intermediate' -> 'goodrive://www.googleapis.com/:personal:/bannister/bannister/obj/x64/Debug/net8.0-windows10.0.19041.0/filtered.layout.resfiles.intermediate' (2,329)
2026-08-23 06:05:50: > Copy Over 'C:/rock/bannister/Bannister/obj/x64/Debug/net8.0-windows10.0.19041.0/intermediatexaml/Bannister.pdb' -> 'goodrive://www.googleapis.com/:personal:/bannister/bannister/obj/x64/Debug/net8.0-windows10.0.19041.0/intermediatexaml/Bannister.pdb' (1,491,160)
2026-08-23 06:05:53: Copy Over 'C:/rock/bannister/Bannister/obj/x64/Debug/net8.0-windows10.0.19041.0/input.json' -> 'goodrive://www.googleapis.com/:personal:/bannister/bannister/obj/x64/Debug/net8.0-windows10.0.19041.0/input.json' (104,202)
2026-08-23 06:05:54: < Copy Over 'C:/rock/bannister/Bannister/obj/x64/Debug/net8.0-windows10.0.19041.0/intermediatexaml/Bannister.pdb' -> 'goodrive://www.googleapis.com/:personal:/bannister/bannister/obj/x64/Debug/net8.0-windows10.0.19041.0/intermediatexaml/Bannister.pdb' (1,491,160)
2026-08-23 06:05:55: < Copy Over 'C:/rock/bannister/Bannister/obj/x64/Debug/net8.0-windows10.0.19041.0/intermediatexaml/Bannister.dll' -> 'goodrive://www.googleapis.com/:personal:/bannister/bannister/obj/x64/Debug/net8.0-windows10.0.19041.0/intermediatexaml/Bannister.dll' (7,079,936)
2026-08-23 06:05:56: Copy Over 'C:/rock/bannister/Bannister/obj/x64/Debug/net8.0-windows10.0.19041.0/output.json' -> 'goodrive://www.googleapis.com/:personal:/bannister/bannister/obj/x64/Debug/net8.0-windows10.0.19041.0/output.json' (8,866)
2026-08-23 06:05:57: Copy Over 'C:/rock/bannister/Bannister/obj/x64/Debug/net8.0-windows10.0.19041.0/pri.resfiles.intermediate' -> 'goodrive://www.googleapis.com/:personal:/bannister/bannister/obj/x64/Debug/net8.0-windows10.0.19041.0/pri.resfiles.intermediate' (386)
2026-08-23 06:05:58: Copy Over 'C:/rock/bannister/Bannister/obj/x64/Debug/net8.0-windows10.0.19041.0/priconfig.xml.intermediate' -> 'goodrive://www.googleapis.com/:personal:/bannister/bannister/obj/x64/Debug/net8.0-windows10.0.19041.0/priconfig.xml.intermediate' (3,154)
2026-08-23 06:05:58: > Copy Over 'C:/rock/bannister/Bannister/obj/x64/Debug/net8.0-windows10.0.19041.0/ref/Bannister.dll' -> 'goodrive://www.googleapis.com/:personal:/bannister/bannister/obj/x64/Debug/net8.0-windows10.0.19041.0/ref/Bannister.dll' (1,523,200)
2026-08-23 06:06:00: Copy Over 'C:/rock/bannister/Bannister/obj/x64/Debug/net8.0-windows10.0.19041.0/Platforms/Windows/App.xaml' -> 'goodrive://www.googleapis.com/:personal:/bannister/bannister/obj/x64/Debug/net8.0-windows10.0.19041.0/Platforms/Windows/App.xaml' (304)
2026-08-23 06:06:00: > Copy Over 'C:/rock/bannister/Bannister/obj/x64/Debug/net8.0-windows10.0.19041.0/refint/Bannister.dll' -> 'goodrive://www.googleapis.com/:personal:/bannister/bannister/obj/x64/Debug/net8.0-windows10.0.19041.0/refint/Bannister.dll' (1,523,200)
2026-08-23 06:06:01: Copy Over 'C:/rock/bannister/Bannister/obj/x64/Debug/net8.0-windows10.0.19041.0/qualifiers.txt.intermediate' -> 'goodrive://www.googleapis.com/:personal:/bannister/bannister/obj/x64/Debug/net8.0-windows10.0.19041.0/qualifiers.txt.intermediate' (184)
2026-08-23 06:06:02: < Copy Over 'C:/rock/bannister/Bannister/obj/x64/Debug/net8.0-windows10.0.19041.0/ref/Bannister.dll' -> 'goodrive://www.googleapis.com/:personal:/bannister/bannister/obj/x64/Debug/net8.0-windows10.0.19041.0/ref/Bannister.dll' (1,523,200)
2026-08-23 06:06:03: < Copy Over 'C:/rock/bannister/Bannister/obj/x64/Debug/net8.0-windows10.0.19041.0/refint/Bannister.dll' -> 'goodrive://www.googleapis.com/:personal:/bannister/bannister/obj/x64/Debug/net8.0-windows10.0.19041.0/refint/Bannister.dll' (1,523,200)
2026-08-23 06:06:04: Copy Over 'C:/rock/bannister/Bannister/obj/x64/Debug/net8.0-windows10.0.19041.0/resources.resfiles.intermediate' -> 'goodrive://www.googleapis.com/:personal:/bannister/bannister/obj/x64/Debug/net8.0-windows10.0.19041.0/resources.resfiles.intermediate' (0)
2026-08-23 06:06:05: Copy Over 'C:/rock/bannister/Bannister/obj/x64/Debug/net8.0-windows10.0.19041.0/unfiltered.layout.resfiles.intermediate' -> 'goodrive://www.googleapis.com/:personal:/bannister/bannister/obj/x64/Debug/net8.0-windows10.0.19041.0/unfiltered.layout.resfiles.intermediate' (2,329)
2026-08-23 06:06:07: Copy Over 'C:/rock/bannister/Bannister/obj/x64/Debug/net8.0-windows10.0.19041.0/XamlC.stamp' -> 'goodrive://www.googleapis.com/:personal:/bannister/bannister/obj/x64/Debug/net8.0-windows10.0.19041.0/XamlC.stamp' (0)
2026-08-23 06:06:08: Copy Over 'C:/rock/bannister/Bannister/obj/x64/Debug/net8.0-windows10.0.19041.0/XamlSaveStateFile.xml' -> 'goodrive://www.googleapis.com/:personal:/bannister/bannister/obj/x64/Debug/net8.0-windows10.0.19041.0/XamlSaveStateFile.xml' (834)
2026-08-23 06:06:09: Copy Over 'C:/rock/bannister/Bannister/obj/x64/Debug/net8.0-windows10.0.19041.0/XamlTypeInfo.g.cs' -> 'goodrive://www.googleapis.com/:personal:/bannister/bannister/obj/x64/Debug/net8.0-windows10.0.19041.0/XamlTypeInfo.g.cs' (99,918)
2026-08-23 06:06:09: > Copy Over 'C:/rock/bannister/Bannister/obj/x64/Debug/net8.0-android/app_shared_libraries/arm64-v8a/libxamarin-app.so' -> 'goodrive://www.googleapis.com/:personal:/bannister/bannister/obj/x64/Debug/net8.0-android/app_shared_libraries/arm64-v8a/libxamarin-app.so' (3,241,096)
2026-08-23 06:06:11: Copy Over 'C:/rock/bannister/Bannister/obj/x64/Debug/net8.0-android/android_debug_keystore.flag' -> 'goodrive://www.googleapis.com/:personal:/bannister/bannister/obj/x64/Debug/net8.0-android/android_debug_keystore.flag' (0)
2026-08-23 06:06:11: Copy Over 'C:/rock/bannister/Bannister/obj/x64/Debug/net8.0-android/assets/AboutAssets.txt' -> 'goodrive://www.googleapis.com/:personal:/bannister/bannister/obj/x64/Debug/net8.0-android/assets/AboutAssets.txt' (642)
2026-08-23 06:06:14: < Copy Over 'C:/rock/bannister/Bannister/obj/x64/Debug/net8.0-android/app_shared_libraries/arm64-v8a/libxamarin-app.so' -> 'goodrive://www.googleapis.com/:personal:/bannister/bannister/obj/x64/Debug/net8.0-android/app_shared_libraries/arm64-v8a/libxamarin-app.so' (3,241,096)
2026-08-23 06:06:14: Copy Over 'C:/rock/bannister/Bannister/obj/x64/Debug/net8.0-android/assets/OpenSans-Regular.ttf' -> 'goodrive://www.googleapis.com/:personal:/bannister/bannister/obj/x64/Debug/net8.0-android/assets/OpenSans-Regular.ttf' (107,276)
2026-08-23 06:06:14: Copy Over 'C:/rock/bannister/Bannister/obj/x64/Debug/net8.0-android/assets/OpenSans-Semibold.ttf' -> 'goodrive://www.googleapis.com/:personal:/bannister/bannister/obj/x64/Debug/net8.0-android/assets/OpenSans-Semibold.ttf' (111,184)
2026-08-23 06:06:17: Copy Over 'C:/rock/bannister/Bannister/obj/x64/Debug/net8.0-android/Bannister.AssemblyInfo.cs' -> 'goodrive://www.googleapis.com/:personal:/bannister/bannister/obj/x64/Debug/net8.0-android/Bannister.AssemblyInfo.cs' (1,200)
2026-08-23 06:06:18: Copy Over 'C:/rock/bannister/Bannister/obj/x64/Debug/net8.0-android/Bannister.AssemblyInfoInputs.cache' -> 'goodrive://www.googleapis.com/:personal:/bannister/bannister/obj/x64/Debug/net8.0-android/Bannister.AssemblyInfoInputs.cache' (66)
2026-08-23 06:06:18: Copy Over 'C:/rock/bannister/Bannister/obj/x64/Debug/net8.0-android/Bannister.csproj.AssemblyReference.cache' -> 'goodrive://www.googleapis.com/:personal:/bannister/bannister/obj/x64/Debug/net8.0-android/Bannister.csproj.AssemblyReference.cache' (64,572)
2026-08-23 06:06:18: > Copy Over 'C:/rock/bannister/Bannister/obj/x64/Debug/net8.0-android/Bannister.dll' -> 'goodrive://www.googleapis.com/:personal:/bannister/bannister/obj/x64/Debug/net8.0-android/Bannister.dll' (6,892,032)
2026-08-23 06:06:21: Copy Over 'C:/rock/bannister/Bannister/obj/x64/Debug/net8.0-android/Bannister.csproj.BuildWithSkipAnalyzers' -> 'goodrive://www.googleapis.com/:personal:/bannister/bannister/obj/x64/Debug/net8.0-android/Bannister.csproj.BuildWithSkipAnalyzers' (0)
2026-08-23 06:06:21: > Copy Over 'C:/rock/bannister/Bannister/obj/x64/Debug/net8.0-android/Bannister.pdb' -> 'goodrive://www.googleapis.com/:personal:/bannister/bannister/obj/x64/Debug/net8.0-android/Bannister.pdb' (1,480,376)
2026-08-23 06:06:21: Copy Over 'C:/rock/bannister/Bannister/obj/x64/Debug/net8.0-android/Bannister.csproj.CoreCompileInputs.cache' -> 'goodrive://www.googleapis.com/:personal:/bannister/bannister/obj/x64/Debug/net8.0-android/Bannister.csproj.CoreCompileInputs.cache' (66)
2026-08-23 06:06:22: < Copy Over 'C:/rock/bannister/Bannister/obj/x64/Debug/net8.0-android/Bannister.dll' -> 'goodrive://www.googleapis.com/:personal:/bannister/bannister/obj/x64/Debug/net8.0-android/Bannister.dll' (6,892,032)
2026-08-23 06:06:24: < Copy Over 'C:/rock/bannister/Bannister/obj/x64/Debug/net8.0-android/Bannister.pdb' -> 'goodrive://www.googleapis.com/:personal:/bannister/bannister/obj/x64/Debug/net8.0-android/Bannister.pdb' (1,480,376)
2026-08-23 06:06:24: Copy Over 'C:/rock/bannister/Bannister/obj/x64/Debug/net8.0-android/Bannister.sourcelink.json' -> 'goodrive://www.googleapis.com/:personal:/bannister/bannister/obj/x64/Debug/net8.0-android/Bannister.sourcelink.json' (141)
2026-08-23 06:06:25: Copy Over 'C:/rock/bannister/Bannister/obj/x64/Debug/net8.0-android/buildid.txt' -> 'goodrive://www.googleapis.com/:personal:/bannister/bannister/obj/x64/Debug/net8.0-android/buildid.txt' (38)
2026-08-23 06:06:27: Copy Over 'C:/rock/bannister/Bannister/obj/x64/Debug/net8.0-android/lp/100/jl/flat/100.flata' -> 'goodrive://www.googleapis.com/:personal:/bannister/bannister/obj/x64/Debug/net8.0-android/lp/100/jl/flat/100.flata' (256)
2026-08-23 06:06:27: Copy Over 'C:/rock/bannister/Bannister/obj/x64/Debug/net8.0-android/flat/values_colors.arsc.flat' -> 'goodrive://www.googleapis.com/:personal:/bannister/bannister/obj/x64/Debug/net8.0-android/flat/values_colors.arsc.flat' (352)
2026-08-23 06:06:29: Copy Over 'C:/rock/bannister/Bannister/obj/x64/Debug/net8.0-android/lp/101/jl/flat/101.flata' -> 'goodrive://www.googleapis.com/:personal:/bannister/bannister/obj/x64/Debug/net8.0-android/lp/101/jl/flat/101.flata' (352)
2026-08-23 06:06:31: Copy Over 'C:/rock/bannister/Bannister/obj/x64/Debug/net8.0-android/lp/103/jl/flat/103.flata' -> 'goodrive://www.googleapis.com/:personal:/bannister/bannister/obj/x64/Debug/net8.0-android/lp/103/jl/flat/103.flata' (256)
2026-08-23 06:06:31: Copy Over 'C:/rock/bannister/Bannister/obj/x64/Debug/net8.0-android/lp/104/jl/flat/104.flata' -> 'goodrive://www.googleapis.com/:personal:/bannister/bannister/obj/x64/Debug/net8.0-android/lp/104/jl/flat/104.flata' (178,876)
2026-08-23 06:06:32: Copy Over 'C:/rock/bannister/Bannister/obj/x64/Debug/net8.0-android/lp/107/jl/flat/107.flata' -> 'goodrive://www.googleapis.com/:personal:/bannister/bannister/obj/x64/Debug/net8.0-android/lp/107/jl/flat/107.flata' (364)
2026-08-23 06:06:34: Copy Over 'C:/rock/bannister/Bannister/obj/x64/Debug/net8.0-android/lp/108/jl/flat/108.flata' -> 'goodrive://www.googleapis.com/:personal:/bannister/bannister/obj/x64/Debug/net8.0-android/lp/108/jl/flat/108.flata' (256)
2026-08-23 06:06:35: Copy Over 'C:/rock/bannister/Bannister/obj/x64/Debug/net8.0-android/lp/109/jl/flat/109.flata' -> 'goodrive://www.googleapis.com/:personal:/bannister/bannister/obj/x64/Debug/net8.0-android/lp/109/jl/flat/109.flata' (416)
2026-08-23 06:06:35: Copy Over 'C:/rock/bannister/Bannister/obj/x64/Debug/net8.0-android/lp/110/jl/flat/110.flata' -> 'goodrive://www.googleapis.com/:personal:/bannister/bannister/obj/x64/Debug/net8.0-android/lp/110/jl/flat/110.flata' (1,984)
2026-08-23 06:06:37: Copy Over 'C:/rock/bannister/Bannister/obj/x64/Debug/net8.0-android/lp/111/jl/flat/111.flata' -> 'goodrive://www.googleapis.com/:personal:/bannister/bannister/obj/x64/Debug/net8.0-android/lp/111/jl/flat/111.flata' (360)
2026-08-23 06:06:38: Copy Over 'C:/rock/bannister/Bannister/obj/x64/Debug/net8.0-android/lp/112/jl/flat/112.flata' -> 'goodrive://www.googleapis.com/:personal:/bannister/bannister/obj/x64/Debug/net8.0-android/lp/112/jl/flat/112.flata' (256)
2026-08-23 06:06:39: Copy Over 'C:/rock/bannister/Bannister/obj/x64/Debug/net8.0-android/lp/114/jl/flat/114.flata' -> 'goodrive://www.googleapis.com/:personal:/bannister/bannister/obj/x64/Debug/net8.0-android/lp/114/jl/flat/114.flata' (256)
2026-08-23 06:06:41: Copy Over 'C:/rock/bannister/Bannister/obj/x64/Debug/net8.0-android/lp/115/jl/flat/115.flata' -> 'goodrive://www.googleapis.com/:personal:/bannister/bannister/obj/x64/Debug/net8.0-android/lp/115/jl/flat/115.flata' (408)
2026-08-23 06:06:41: Copy Over 'C:/rock/bannister/Bannister/obj/x64/Debug/net8.0-android/lp/116/jl/flat/116.flata' -> 'goodrive://www.googleapis.com/:personal:/bannister/bannister/obj/x64/Debug/net8.0-android/lp/116/jl/flat/116.flata' (11,094)
2026-08-23 06:06:42: Copy Over 'C:/rock/bannister/Bannister/obj/x64/Debug/net8.0-android/lp/117/jl/flat/117.flata' -> 'goodrive://www.googleapis.com/:personal:/bannister/bannister/obj/x64/Debug/net8.0-android/lp/117/jl/flat/117.flata' (376)
2026-08-23 06:06:45: Copy Over 'C:/rock/bannister/Bannister/obj/x64/Debug/net8.0-android/lp/120/jl/flat/120.flata' -> 'goodrive://www.googleapis.com/:personal:/bannister/bannister/obj/x64/Debug/net8.0-android/lp/120/jl/flat/120.flata' (780)
2026-08-23 06:06:45: Copy Over 'C:/rock/bannister/Bannister/obj/x64/Debug/net8.0-android/lp/122/jl/flat/122.flata' -> 'goodrive://www.googleapis.com/:personal:/bannister/bannister/obj/x64/Debug/net8.0-android/lp/122/jl/flat/122.flata' (256)
2026-08-23 06:06:45: Copy Over 'C:/rock/bannister/Bannister/obj/x64/Debug/net8.0-android/lp/123/jl/flat/123.flata' -> 'goodrive://www.googleapis.com/:personal:/bannister/bannister/obj/x64/Debug/net8.0-android/lp/123/jl/flat/123.flata' (256)
2026-08-23 06:06:48: Copy Over 'C:/rock/bannister/Bannister/obj/x64/Debug/net8.0-android/lp/126/jl/flat/126.flata' -> 'goodrive://www.googleapis.com/:personal:/bannister/bannister/obj/x64/Debug/net8.0-android/lp/126/jl/flat/126.flata' (256)
2026-08-23 06:06:49: Copy Over 'C:/rock/bannister/Bannister/obj/x64/Debug/net8.0-android/lp/127/jl/flat/127.flata' -> 'goodrive://www.googleapis.com/:personal:/bannister/bannister/obj/x64/Debug/net8.0-android/lp/127/jl/flat/127.flata' (256)
2026-08-23 06:06:49: Copy Over 'C:/rock/bannister/Bannister/obj/x64/Debug/net8.0-android/lp/129/jl/flat/129.flata' -> 'goodrive://www.googleapis.com/:personal:/bannister/bannister/obj/x64/Debug/net8.0-android/lp/129/jl/flat/129.flata' (564)
2026-08-23 06:06:52: Copy Over 'C:/rock/bannister/Bannister/obj/x64/Debug/net8.0-android/lp/133/jl/flat/133.flata' -> 'goodrive://www.googleapis.com/:personal:/bannister/bannister/obj/x64/Debug/net8.0-android/lp/133/jl/flat/133.flata' (765,520)
2026-08-23 06:06:52: Copy Over 'C:/rock/bannister/Bannister/obj/x64/Debug/net8.0-android/lp/132/jl/flat/132.flata' -> 'goodrive://www.googleapis.com/:personal:/bannister/bannister/obj/x64/Debug/net8.0-android/lp/132/jl/flat/132.flata' (2,082)
2026-08-23 06:06:52: Copy Over 'C:/rock/bannister/Bannister/obj/x64/Debug/net8.0-android/lp/131/jl/flat/131.flata' -> 'goodrive://www.googleapis.com/:personal:/bannister/bannister/obj/x64/Debug/net8.0-android/lp/131/jl/flat/131.flata' (6,976)
2026-08-23 06:06:52: > Copy Over 'C:/rock/bannister/Bannister/obj/x64/Debug/net8.0-android/lp/136/jl/flat/136.flata' -> 'goodrive://www.googleapis.com/:personal:/bannister/bannister/obj/x64/Debug/net8.0-android/lp/136/jl/flat/136.flata' (1,757,158)
2026-08-23 06:06:55: Copy Over 'C:/rock/bannister/Bannister/obj/x64/Debug/net8.0-android/lp/135/jl/flat/135.flata' -> 'goodrive://www.googleapis.com/:personal:/bannister/bannister/obj/x64/Debug/net8.0-android/lp/135/jl/flat/135.flata' (4,742)
2026-08-23 06:06:55: < Copy Over 'C:/rock/bannister/Bannister/obj/x64/Debug/net8.0-android/lp/136/jl/flat/136.flata' -> 'goodrive://www.googleapis.com/:personal:/bannister/bannister/obj/x64/Debug/net8.0-android/lp/136/jl/flat/136.flata' (1,757,158)
2026-08-23 06:06:56: Copy Over 'C:/rock/bannister/Bannister/obj/x64/Debug/net8.0-android/lp/134/jl/flat/134.flata' -> 'goodrive://www.googleapis.com/:personal:/bannister/bannister/obj/x64/Debug/net8.0-android/lp/134/jl/flat/134.flata' (74,480)
2026-08-23 06:06:59: Copy Over 'C:/rock/bannister/Bannister/obj/x64/Debug/net8.0-android/lp/138/jl/flat/138.flata' -> 'goodrive://www.googleapis.com/:personal:/bannister/bannister/obj/x64/Debug/net8.0-android/lp/138/jl/flat/138.flata' (4,032)
2026-08-23 06:06:59: Copy Over 'C:/rock/bannister/Bannister/obj/x64/Debug/net8.0-android/lp/137/jl/flat/137.flata' -> 'goodrive://www.googleapis.com/:personal:/bannister/bannister/obj/x64/Debug/net8.0-android/lp/137/jl/flat/137.flata' (256)
2026-08-23 06:06:59: Copy Over 'C:/rock/bannister/Bannister/obj/x64/Debug/net8.0-android/lp/139/jl/flat/139.flata' -> 'goodrive://www.googleapis.com/:personal:/bannister/bannister/obj/x64/Debug/net8.0-android/lp/139/jl/flat/139.flata' (656)
2026-08-23 06:07:02: Copy Over 'C:/rock/bannister/Bannister/obj/x64/Debug/net8.0-android/lp/141/jl/flat/141.flata' -> 'goodrive://www.googleapis.com/:personal:/bannister/bannister/obj/x64/Debug/net8.0-android/lp/141/jl/flat/141.flata' (256)
2026-08-23 06:07:02: Copy Over 'C:/rock/bannister/Bannister/obj/x64/Debug/net8.0-android/lp/140/jl/flat/140.flata' -> 'goodrive://www.googleapis.com/:personal:/bannister/bannister/obj/x64/Debug/net8.0-android/lp/140/jl/flat/140.flata' (256)
2026-08-23 06:07:02: Copy Over 'C:/rock/bannister/Bannister/obj/x64/Debug/net8.0-android/lp/142/jl/flat/142.flata' -> 'goodrive://www.googleapis.com/:personal:/bannister/bannister/obj/x64/Debug/net8.0-android/lp/142/jl/flat/142.flata' (256)
2026-08-23 06:07:05: Copy Over 'C:/rock/bannister/Bannister/obj/x64/Debug/net8.0-android/lp/143/jl/flat/143.flata' -> 'goodrive://www.googleapis.com/:personal:/bannister/bannister/obj/x64/Debug/net8.0-android/lp/143/jl/flat/143.flata' (256)
2026-08-23 06:07:05: Copy Over 'C:/rock/bannister/Bannister/obj/x64/Debug/net8.0-android/lp/145/jl/flat/145.flata' -> 'goodrive://www.googleapis.com/:personal:/bannister/bannister/obj/x64/Debug/net8.0-android/lp/145/jl/flat/145.flata' (2,212)
2026-08-23 06:07:05: Copy Over 'C:/rock/bannister/Bannister/obj/x64/Debug/net8.0-android/lp/144/jl/flat/144.flata' -> 'goodrive://www.googleapis.com/:personal:/bannister/bannister/obj/x64/Debug/net8.0-android/lp/144/jl/flat/144.flata' (256)
2026-08-23 06:07:08: Copy Over 'C:/rock/bannister/Bannister/obj/x64/Debug/net8.0-android/lp/146/jl/flat/146.flata' -> 'goodrive://www.googleapis.com/:personal:/bannister/bannister/obj/x64/Debug/net8.0-android/lp/146/jl/flat/146.flata' (256)
2026-08-23 06:07:09: Copy Over 'C:/rock/bannister/Bannister/obj/x64/Debug/net8.0-android/lp/148/jl/flat/148.flata' -> 'goodrive://www.googleapis.com/:personal:/bannister/bannister/obj/x64/Debug/net8.0-android/lp/148/jl/flat/148.flata' (47,854)
2026-08-23 06:07:09: Copy Over 'C:/rock/bannister/Bannister/obj/x64/Debug/net8.0-android/lp/147/jl/flat/147.flata' -> 'goodrive://www.googleapis.com/:personal:/bannister/bannister/obj/x64/Debug/net8.0-android/lp/147/jl/flat/147.flata' (1,036)
2026-08-23 06:07:12: Copy Over 'C:/rock/bannister/Bannister/obj/x64/Debug/net8.0-android/lp/149/jl/flat/149.flata' -> 'goodrive://www.googleapis.com/:personal:/bannister/bannister/obj/x64/Debug/net8.0-android/lp/149/jl/flat/149.flata' (256)
2026-08-23 06:07:12: Copy Over 'C:/rock/bannister/Bannister/obj/x64/Debug/net8.0-android/lp/150/jl/flat/150.flata' -> 'goodrive://www.googleapis.com/:personal:/bannister/bannister/obj/x64/Debug/net8.0-android/lp/150/jl/flat/150.flata' (256)
2026-08-23 06:07:12: Copy Over 'C:/rock/bannister/Bannister/obj/x64/Debug/net8.0-android/lp/151/jl/flat/151.flata' -> 'goodrive://www.googleapis.com/:personal:/bannister/bannister/obj/x64/Debug/net8.0-android/lp/151/jl/flat/151.flata' (864)
2026-08-23 06:07:15: Copy Over 'C:/rock/bannister/Bannister/obj/x64/Debug/net8.0-android/lp/152/jl/flat/152.flata' -> 'goodrive://www.googleapis.com/:personal:/bannister/bannister/obj/x64/Debug/net8.0-android/lp/152/jl/flat/152.flata' (256)
2026-08-23 06:07:15: Copy Over 'C:/rock/bannister/Bannister/obj/x64/Debug/net8.0-android/lp/156/jl/flat/156.flata' -> 'goodrive://www.googleapis.com/:personal:/bannister/bannister/obj/x64/Debug/net8.0-android/lp/156/jl/flat/156.flata' (356)
2026-08-23 06:07:15: Copy Over 'C:/rock/bannister/Bannister/obj/x64/Debug/net8.0-android/lp/154/jl/flat/154.flata' -> 'goodrive://www.googleapis.com/:personal:/bannister/bannister/obj/x64/Debug/net8.0-android/lp/154/jl/flat/154.flata' (64,320)
2026-08-23 06:07:18: Copy Over 'C:/rock/bannister/Bannister/obj/x64/Debug/net8.0-android/lp/159/jl/flat/layout_tabbar.xml.flat' -> 'goodrive://www.googleapis.com/:personal:/bannister/bannister/obj/x64/Debug/net8.0-android/lp/159/jl/flat/layout_tabbar.xml.flat' (932)
2026-08-23 06:07:18: Copy Over 'C:/rock/bannister/Bannister/obj/x64/Debug/net8.0-android/lp/159/jl/flat/layout_toolbar.xml.flat' -> 'goodrive://www.googleapis.com/:personal:/bannister/bannister/obj/x64/Debug/net8.0-android/lp/159/jl/flat/layout_toolbar.xml.flat' (772)
2026-08-23 06:07:19: Copy Over 'C:/rock/bannister/Bannister/obj/x64/Debug/net8.0-android/lp/160/jl/flat/anim_enterfromleft.xml.flat' -> 'goodrive://www.googleapis.com/:personal:/bannister/bannister/obj/x64/Debug/net8.0-android/lp/160/jl/flat/anim_enterfromleft.xml.flat' (708)
2026-08-23 06:07:21: Copy Over 'C:/rock/bannister/Bannister/obj/x64/Debug/net8.0-android/lp/160/jl/flat/anim_enterfromright.xml.flat' -> 'goodrive://www.googleapis.com/:personal:/bannister/bannister/obj/x64/Debug/net8.0-android/lp/160/jl/flat/anim_enterfromright.xml.flat' (512)
2026-08-23 06:07:22: Copy Over 'C:/rock/bannister/Bannister/obj/x64/Debug/net8.0-android/lp/160/jl/flat/anim_exittoleft.xml.flat' -> 'goodrive://www.googleapis.com/:personal:/bannister/bannister/obj/x64/Debug/net8.0-android/lp/160/jl/flat/anim_exittoleft.xml.flat' (704)
2026-08-23 06:07:22: Copy Over 'C:/rock/bannister/Bannister/obj/x64/Debug/net8.0-android/lp/160/jl/flat/anim_exittoright.xml.flat' -> 'goodrive://www.googleapis.com/:personal:/bannister/bannister/obj/x64/Debug/net8.0-android/lp/160/jl/flat/anim_exittoright.xml.flat' (504)
2026-08-23 06:07:24: Copy Over 'C:/rock/bannister/Bannister/obj/x64/Debug/net8.0-android/lp/160/jl/flat/layout_flyoutcontent.xml.flat' -> 'goodrive://www.googleapis.com/:personal:/bannister/bannister/obj/x64/Debug/net8.0-android/lp/160/jl/flat/layout_flyoutcontent.xml.flat' (1,104)
2026-08-23 06:07:25: Copy Over 'C:/rock/bannister/Bannister/obj/x64/Debug/net8.0-android/lp/160/jl/flat/layout_shellcontent.xml.flat' -> 'goodrive://www.googleapis.com/:personal:/bannister/bannister/obj/x64/Debug/net8.0-android/lp/160/jl/flat/layout_shellcontent.xml.flat' (896)
2026-08-23 06:07:25: Copy Over 'C:/rock/bannister/Bannister/obj/x64/Debug/net8.0-android/lp/160/jl/flat/values_strings.arsc.flat' -> 'goodrive://www.googleapis.com/:personal:/bannister/bannister/obj/x64/Debug/net8.0-android/lp/160/jl/flat/values_strings.arsc.flat' (280)
2026-08-23 06:07:28: Copy Over 'C:/rock/bannister/Bannister/obj/x64/Debug/net8.0-android/lp/159/jl/flat/values_attrs.arsc.flat' -> 'goodrive://www.googleapis.com/:personal:/bannister/bannister/obj/x64/Debug/net8.0-android/lp/159/jl/flat/values_attrs.arsc.flat' (860)
2026-08-23 06:07:28: Copy Over 'C:/rock/bannister/Bannister/obj/x64/Debug/net8.0-android/lp/159/jl/flat/values_styles.arsc.flat' -> 'goodrive://www.googleapis.com/:personal:/bannister/bannister/obj/x64/Debug/net8.0-android/lp/159/jl/flat/values_styles.arsc.flat' (1,240)
2026-08-23 06:07:29: Copy Over 'C:/rock/bannister/Bannister/obj/x64/Debug/net8.0-android/lp/161/jl/flat/values_values.arsc.flat' -> 'goodrive://www.googleapis.com/:personal:/bannister/bannister/obj/x64/Debug/net8.0-android/lp/161/jl/flat/values_values.arsc.flat' (272)
2026-08-23 06:07:31: Copy Over 'C:/rock/bannister/Bannister/obj/x64/Debug/net8.0-android/lp/162/jl/flat/anim_nav_default_exit_anim.xml.flat' -> 'goodrive://www.googleapis.com/:personal:/bannister/bannister/obj/x64/Debug/net8.0-android/lp/162/jl/flat/anim_nav_default_exit_anim.xml.flat' (728)
2026-08-23 06:07:32: Copy Over 'C:/rock/bannister/Bannister/obj/x64/Debug/net8.0-android/lp/162/jl/flat/anim_nav_default_enter_anim.xml.flat' -> 'goodrive://www.googleapis.com/:personal:/bannister/bannister/obj/x64/Debug/net8.0-android/lp/162/jl/flat/anim_nav_default_enter_anim.xml.flat' (732)
2026-08-23 06:07:32: Copy Over 'C:/rock/bannister/Bannister/obj/x64/Debug/net8.0-android/lp/162/jl/flat/anim_nav_default_pop_enter_anim.xml.flat' -> 'goodrive://www.googleapis.com/:personal:/bannister/bannister/obj/x64/Debug/net8.0-android/lp/162/jl/flat/anim_nav_default_pop_enter_anim.xml.flat' (740)
2026-08-23 06:07:35: Copy Over 'C:/rock/bannister/Bannister/obj/x64/Debug/net8.0-android/lp/162/jl/flat/anim_nav_default_pop_exit_anim.xml.flat' -> 'goodrive://www.googleapis.com/:personal:/bannister/bannister/obj/x64/Debug/net8.0-android/lp/162/jl/flat/anim_nav_default_pop_exit_anim.xml.flat' (736)
2026-08-23 06:07:36: Copy Over 'C:/rock/bannister/Bannister/obj/x64/Debug/net8.0-android/lp/162/jl/flat/drawable_maui_splash.xml.flat' -> 'goodrive://www.googleapis.com/:personal:/bannister/bannister/obj/x64/Debug/net8.0-android/lp/162/jl/flat/drawable_maui_splash.xml.flat' (568)
2026-08-23 06:07:37: Copy Over 'C:/rock/bannister/Bannister/obj/x64/Debug/net8.0-android/lp/162/jl/flat/drawable_maui_splash_image.xml.flat' -> 'goodrive://www.googleapis.com/:personal:/bannister/bannister/obj/x64/Debug/net8.0-android/lp/162/jl/flat/drawable_maui_splash_image.xml.flat' (192)
2026-08-23 06:07:38: Copy Over 'C:/rock/bannister/Bannister/obj/x64/Debug/net8.0-android/lp/162/jl/flat/layout_drawer_layout.xml.flat' -> 'goodrive://www.googleapis.com/:personal:/bannister/bannister/obj/x64/Debug/net8.0-android/lp/162/jl/flat/layout_drawer_layout.xml.flat' (472)
2026-08-23 06:07:39: Copy Over 'C:/rock/bannister/Bannister/obj/x64/Debug/net8.0-android/lp/162/jl/flat/layout_fragment_backstack.xml.flat' -> 'goodrive://www.googleapis.com/:personal:/bannister/bannister/obj/x64/Debug/net8.0-android/lp/162/jl/flat/layout_fragment_backstack.xml.flat' (828)
2026-08-23 06:07:40: Copy Over 'C:/rock/bannister/Bannister/obj/x64/Debug/net8.0-android/lp/162/jl/flat/layout_navigationlayout.xml.flat' -> 'goodrive://www.googleapis.com/:personal:/bannister/bannister/obj/x64/Debug/net8.0-android/lp/162/jl/flat/layout_navigationlayout.xml.flat' (2,236)
2026-08-23 06:07:41: Copy Over 'C:/rock/bannister/Bannister/obj/x64/Debug/net8.0-android/lp/162/jl/flat/values_attr.arsc.flat' -> 'goodrive://www.googleapis.com/:personal:/bannister/bannister/obj/x64/Debug/net8.0-android/lp/162/jl/flat/values_attr.arsc.flat' (1,044)
2026-08-23 06:07:43: Copy Over 'C:/rock/bannister/Bannister/obj/x64/Debug/net8.0-android/lp/162/jl/flat/values_colors.arsc.flat' -> 'goodrive://www.googleapis.com/:personal:/bannister/bannister/obj/x64/Debug/net8.0-android/lp/162/jl/flat/values_colors.arsc.flat' (488)
2026-08-23 06:07:43: Copy Over 'C:/rock/bannister/Bannister/obj/x64/Debug/net8.0-android/lp/162/jl/flat/values_styles.arsc.flat' -> 'goodrive://www.googleapis.com/:personal:/bannister/bannister/obj/x64/Debug/net8.0-android/lp/162/jl/flat/values_styles.arsc.flat' (4,336)
2026-08-23 06:07:45: Copy Over 'C:/rock/bannister/Bannister/obj/x64/Debug/net8.0-android/lp/163/jl/flat/xml_microsoft_maui_essentials_fileprovider_file_paths.xml.flat' -> 'goodrive://www.googleapis.com/:personal:/bannister/bannister/obj/x64/Debug/net8.0-android/lp/163/jl/flat/xml_microsoft_maui_essentials_fileprovider_file_paths.xml.flat' (428)
2026-08-23 06:07:46: Copy Over 'C:/rock/bannister/Bannister/obj/x64/Debug/net8.0-android/lp/97/jl/flat/97.flata' -> 'goodrive://www.googleapis.com/:personal:/bannister/bannister/obj/x64/Debug/net8.0-android/lp/97/jl/flat/97.flata' (256)
2026-08-23 06:07:46: Copy Over 'C:/rock/bannister/Bannister/obj/x64/Debug/net8.0-android/lp/98/jl/flat/98.flata' -> 'goodrive://www.googleapis.com/:personal:/bannister/bannister/obj/x64/Debug/net8.0-android/lp/98/jl/flat/98.flata' (364)
2026-08-23 06:07:48: Copy Over 'C:/rock/bannister/Bannister/obj/x64/Debug/net8.0-android/lp/99/jl/flat/99.flata' -> 'goodrive://www.googleapis.com/:personal:/bannister/bannister/obj/x64/Debug/net8.0-android/lp/99/jl/flat/99.flata' (256)
2026-08-23 06:07:49: Copy Over 'C:/rock/bannister/Bannister/obj/x64/Debug/net8.0-android/R.cs.flag' -> 'goodrive://www.googleapis.com/:personal:/bannister/bannister/obj/x64/Debug/net8.0-android/R.cs.flag' (0)
2026-08-23 06:07:50: Copy Over 'C:/rock/bannister/Bannister/obj/x64/Debug/net8.0-android/stamp/_CompileJava.stamp' -> 'goodrive://www.googleapis.com/:personal:/bannister/bannister/obj/x64/Debug/net8.0-android/stamp/_CompileJava.stamp' (0)
2026-08-23 06:07:52: Copy Over 'C:/rock/bannister/Bannister/obj/x64/Debug/net8.0-android/resizetizer/flat/drawable-hdpi_splash.png.flat' -> 'goodrive://www.googleapis.com/:personal:/bannister/bannister/obj/x64/Debug/net8.0-android/resizetizer/flat/drawable-hdpi_splash.png.flat' (1,592)
2026-08-23 06:07:52: Copy Over 'C:/rock/bannister/Bannister/obj/x64/Debug/net8.0-android/resizetizer/flat/drawable-mdpi_splash.png.flat' -> 'goodrive://www.googleapis.com/:personal:/bannister/bannister/obj/x64/Debug/net8.0-android/resizetizer/flat/drawable-mdpi_splash.png.flat' (1,008)
2026-08-23 06:07:53: Copy Over 'C:/rock/bannister/Bannister/obj/x64/Debug/net8.0-android/resizetizer/flat/drawable-v31_maui_splash_image.xml.flat' -> 'goodrive://www.googleapis.com/:personal:/bannister/bannister/obj/x64/Debug/net8.0-android/resizetizer/flat/drawable-v31_maui_splash_image.xml.flat' (676)
2026-08-23 06:07:55: Copy Over 'C:/rock/bannister/Bannister/obj/x64/Debug/net8.0-android/resizetizer/flat/drawable-xhdpi_splash.png.flat' -> 'goodrive://www.googleapis.com/:personal:/bannister/bannister/obj/x64/Debug/net8.0-android/resizetizer/flat/drawable-xhdpi_splash.png.flat' (1,568)
2026-08-23 06:07:55: > Copy Over 'C:/rock/bannister/Bannister/obj/x64/Debug/net8.0-android/resizetizer/flat/drawable_diet_dragon_default.png.flat' -> 'goodrive://www.googleapis.com/:personal:/bannister/bannister/obj/x64/Debug/net8.0-android/resizetizer/flat/drawable_diet_dragon_default.png.flat' (2,489,496)
2026-08-23 06:07:55: Copy Over 'C:/rock/bannister/Bannister/obj/x64/Debug/net8.0-android/resizetizer/flat/drawable-xxhdpi_splash.png.flat' -> 'goodrive://www.googleapis.com/:personal:/bannister/bannister/obj/x64/Debug/net8.0-android/resizetizer/flat/drawable-xxhdpi_splash.png.flat' (2,556)
2026-08-23 06:07:55: > Copy Over 'C:/rock/bannister/Bannister/obj/x64/Debug/net8.0-android/resizetizer/flat/drawable_dragon_1.png.flat' -> 'goodrive://www.googleapis.com/:personal:/bannister/bannister/obj/x64/Debug/net8.0-android/resizetizer/flat/drawable_dragon_1.png.flat' (1,880,152)
2026-08-23 06:07:57: Copy Over 'C:/rock/bannister/Bannister/obj/x64/Debug/net8.0-android/resizetizer/flat/drawable-xxxhdpi_splash.png.flat' -> 'goodrive://www.googleapis.com/:personal:/bannister/bannister/obj/x64/Debug/net8.0-android/resizetizer/flat/drawable-xxxhdpi_splash.png.flat' (2,692)
2026-08-23 06:07:59: < Copy Over 'C:/rock/bannister/Bannister/obj/x64/Debug/net8.0-android/resizetizer/flat/drawable_diet_dragon_default.png.flat' -> 'goodrive://www.googleapis.com/:personal:/bannister/bannister/obj/x64/Debug/net8.0-android/resizetizer/flat/drawable_diet_dragon_default.png.flat' (2,489,496)
2026-08-23 06:07:59: < Copy Over 'C:/rock/bannister/Bannister/obj/x64/Debug/net8.0-android/resizetizer/flat/drawable_dragon_1.png.flat' -> 'goodrive://www.googleapis.com/:personal:/bannister/bannister/obj/x64/Debug/net8.0-android/resizetizer/flat/drawable_dragon_1.png.flat' (1,880,152)
2026-08-23 06:07:59: > Copy Over 'C:/rock/bannister/Bannister/obj/x64/Debug/net8.0-android/resizetizer/flat/drawable_dragon_12.png.flat' -> 'goodrive://www.googleapis.com/:personal:/bannister/bannister/obj/x64/Debug/net8.0-android/resizetizer/flat/drawable_dragon_12.png.flat' (2,530,220)
2026-08-23 06:08:01: Copy Over 'C:/rock/bannister/Bannister/obj/x64/Debug/net8.0-android/resizetizer/flat/drawable_dragon_10.jpg.flat' -> 'goodrive://www.googleapis.com/:personal:/bannister/bannister/obj/x64/Debug/net8.0-android/resizetizer/flat/drawable_dragon_10.jpg.flat' (237,428)
2026-08-23 06:08:02: Copy Over 'C:/rock/bannister/Bannister/obj/x64/Debug/net8.0-android/resizetizer/flat/drawable_dragon_11.jpg.flat' -> 'goodrive://www.googleapis.com/:personal:/bannister/bannister/obj/x64/Debug/net8.0-android/resizetizer/flat/drawable_dragon_11.jpg.flat' (198,316)
2026-08-23 06:08:03: < Copy Over 'C:/rock/bannister/Bannister/obj/x64/Debug/net8.0-android/resizetizer/flat/drawable_dragon_12.png.flat' -> 'goodrive://www.googleapis.com/:personal:/bannister/bannister/obj/x64/Debug/net8.0-android/resizetizer/flat/drawable_dragon_12.png.flat' (2,530,220)
2026-08-23 06:08:04: Copy Over 'C:/rock/bannister/Bannister/obj/x64/Debug/net8.0-android/resizetizer/flat/drawable_dragon_13.jpg.flat' -> 'goodrive://www.googleapis.com/:personal:/bannister/bannister/obj/x64/Debug/net8.0-android/resizetizer/flat/drawable_dragon_13.jpg.flat' (198,068)
2026-08-23 06:08:04: > Copy Over 'C:/rock/bannister/Bannister/obj/x64/Debug/net8.0-android/resizetizer/flat/drawable_dragon_16.png.flat' -> 'goodrive://www.googleapis.com/:personal:/bannister/bannister/obj/x64/Debug/net8.0-android/resizetizer/flat/drawable_dragon_16.png.flat' (2,775,824)
2026-08-23 06:08:06: Copy Over 'C:/rock/bannister/Bannister/obj/x64/Debug/net8.0-android/resizetizer/flat/drawable_dragon_15.jpg.flat' -> 'goodrive://www.googleapis.com/:personal:/bannister/bannister/obj/x64/Debug/net8.0-android/resizetizer/flat/drawable_dragon_15.jpg.flat' (183,060)
2026-08-23 06:08:06: > Copy Over 'C:/rock/bannister/Bannister/obj/x64/Debug/net8.0-android/resizetizer/flat/drawable_dragon_2.png.flat' -> 'goodrive://www.googleapis.com/:personal:/bannister/bannister/obj/x64/Debug/net8.0-android/resizetizer/flat/drawable_dragon_2.png.flat' (2,136,584)
2026-08-23 06:08:06: Copy Over 'C:/rock/bannister/Bannister/obj/x64/Debug/net8.0-android/resizetizer/flat/drawable_dragon_14.jpg.flat' -> 'goodrive://www.googleapis.com/:personal:/bannister/bannister/obj/x64/Debug/net8.0-android/resizetizer/flat/drawable_dragon_14.jpg.flat' (246,652)
2026-08-23 06:08:06: > Copy Over 'C:/rock/bannister/Bannister/obj/x64/Debug/net8.0-android/resizetizer/flat/drawable_dragon_3.png.flat' -> 'goodrive://www.googleapis.com/:personal:/bannister/bannister/obj/x64/Debug/net8.0-android/resizetizer/flat/drawable_dragon_3.png.flat' (2,059,100)
2026-08-23 06:08:07: < Copy Over 'C:/rock/bannister/Bannister/obj/x64/Debug/net8.0-android/resizetizer/flat/drawable_dragon_16.png.flat' -> 'goodrive://www.googleapis.com/:personal:/bannister/bannister/obj/x64/Debug/net8.0-android/resizetizer/flat/drawable_dragon_16.png.flat' (2,775,824)
2026-08-23 06:08:07: > Copy Over 'C:/rock/bannister/Bannister/obj/x64/Debug/net8.0-android/resizetizer/flat/drawable_dragon_4.png.flat' -> 'goodrive://www.googleapis.com/:personal:/bannister/bannister/obj/x64/Debug/net8.0-android/resizetizer/flat/drawable_dragon_4.png.flat' (1,772,876)
2026-08-23 06:08:10: < Copy Over 'C:/rock/bannister/Bannister/obj/x64/Debug/net8.0-android/resizetizer/flat/drawable_dragon_3.png.flat' -> 'goodrive://www.googleapis.com/:personal:/bannister/bannister/obj/x64/Debug/net8.0-android/resizetizer/flat/drawable_dragon_3.png.flat' (2,059,100)
2026-08-23 06:08:10: < Copy Over 'C:/rock/bannister/Bannister/obj/x64/Debug/net8.0-android/resizetizer/flat/drawable_dragon_2.png.flat' -> 'goodrive://www.googleapis.com/:personal:/bannister/bannister/obj/x64/Debug/net8.0-android/resizetizer/flat/drawable_dragon_2.png.flat' (2,136,584)
2026-08-23 06:08:10: > Copy Over 'C:/rock/bannister/Bannister/obj/x64/Debug/net8.0-android/resizetizer/flat/drawable_dragon_5.png.flat' -> 'goodrive://www.googleapis.com/:personal:/bannister/bannister/obj/x64/Debug/net8.0-android/resizetizer/flat/drawable_dragon_5.png.flat' (1,837,536)
2026-08-23 06:08:10: > Copy Over 'C:/rock/bannister/Bannister/obj/x64/Debug/net8.0-android/resizetizer/flat/drawable_dragon_6.png.flat' -> 'goodrive://www.googleapis.com/:personal:/bannister/bannister/obj/x64/Debug/net8.0-android/resizetizer/flat/drawable_dragon_6.png.flat' (1,817,364)
2026-08-23 06:08:10: < Copy Over 'C:/rock/bannister/Bannister/obj/x64/Debug/net8.0-android/resizetizer/flat/drawable_dragon_4.png.flat' -> 'goodrive://www.googleapis.com/:personal:/bannister/bannister/obj/x64/Debug/net8.0-android/resizetizer/flat/drawable_dragon_4.png.flat' (1,772,876)
2026-08-23 06:08:10: > Copy Over 'C:/rock/bannister/Bannister/obj/x64/Debug/net8.0-android/resizetizer/flat/drawable_dragon_7.png.flat' -> 'goodrive://www.googleapis.com/:personal:/bannister/bannister/obj/x64/Debug/net8.0-android/resizetizer/flat/drawable_dragon_7.png.flat' (1,579,764)
2026-08-23 06:08:13: < Copy Over 'C:/rock/bannister/Bannister/obj/x64/Debug/net8.0-android/resizetizer/flat/drawable_dragon_5.png.flat' -> 'goodrive://www.googleapis.com/:personal:/bannister/bannister/obj/x64/Debug/net8.0-android/resizetizer/flat/drawable_dragon_5.png.flat' (1,837,536)
2026-08-23 06:08:13: > Copy Over 'C:/rock/bannister/Bannister/obj/x64/Debug/net8.0-android/resizetizer/flat/drawable_dragon_8.png.flat' -> 'goodrive://www.googleapis.com/:personal:/bannister/bannister/obj/x64/Debug/net8.0-android/resizetizer/flat/drawable_dragon_8.png.flat' (1,832,208)
2026-08-23 06:08:13: < Copy Over 'C:/rock/bannister/Bannister/obj/x64/Debug/net8.0-android/resizetizer/flat/drawable_dragon_6.png.flat' -> 'goodrive://www.googleapis.com/:personal:/bannister/bannister/obj/x64/Debug/net8.0-android/resizetizer/flat/drawable_dragon_6.png.flat' (1,817,364)
2026-08-23 06:08:14: < Copy Over 'C:/rock/bannister/Bannister/obj/x64/Debug/net8.0-android/resizetizer/flat/drawable_dragon_7.png.flat' -> 'goodrive://www.googleapis.com/:personal:/bannister/bannister/obj/x64/Debug/net8.0-android/resizetizer/flat/drawable_dragon_7.png.flat' (1,579,764)
2026-08-23 06:08:14: > Copy Over 'C:/rock/bannister/Bannister/obj/x64/Debug/net8.0-android/resizetizer/flat/drawable_dragon_slayer_1.png.flat' -> 'goodrive://www.googleapis.com/:personal:/bannister/bannister/obj/x64/Debug/net8.0-android/resizetizer/flat/drawable_dragon_slayer_1.png.flat' (1,562,628)
2026-08-23 06:08:17: Copy Over 'C:/rock/bannister/Bannister/obj/x64/Debug/net8.0-android/resizetizer/flat/drawable_dragon_9.jpg.flat' -> 'goodrive://www.googleapis.com/:personal:/bannister/bannister/obj/x64/Debug/net8.0-android/resizetizer/flat/drawable_dragon_9.jpg.flat' (149,620)
2026-08-23 06:08:17: < Copy Over 'C:/rock/bannister/Bannister/obj/x64/Debug/net8.0-android/resizetizer/flat/drawable_dragon_8.png.flat' -> 'goodrive://www.googleapis.com/:personal:/bannister/bannister/obj/x64/Debug/net8.0-android/resizetizer/flat/drawable_dragon_8.png.flat' (1,832,208)
2026-08-23 06:08:17: < Copy Over 'C:/rock/bannister/Bannister/obj/x64/Debug/net8.0-android/resizetizer/flat/drawable_dragon_slayer_1.png.flat' -> 'goodrive://www.googleapis.com/:personal:/bannister/bannister/obj/x64/Debug/net8.0-android/resizetizer/flat/drawable_dragon_slayer_1.png.flat' (1,562,628)
2026-08-23 06:08:20: Copy Over 'C:/rock/bannister/Bannister/obj/x64/Debug/net8.0-android/resizetizer/flat/drawable_scold_default.png.flat' -> 'goodrive://www.googleapis.com/:personal:/bannister/bannister/obj/x64/Debug/net8.0-android/resizetizer/flat/drawable_scold_default.png.flat' (946,356)
2026-08-23 06:08:20: Copy Over 'C:/rock/bannister/Bannister/obj/x64/Debug/net8.0-android/resizetizer/flat/drawable_maui_splash_image.xml.flat' -> 'goodrive://www.googleapis.com/:personal:/bannister/bannister/obj/x64/Debug/net8.0-android/resizetizer/flat/drawable_maui_splash_image.xml.flat' (484)
2026-08-23 06:08:20: Copy Over 'C:/rock/bannister/Bannister/obj/x64/Debug/net8.0-android/resizetizer/flat/mipmap-anydpi-v26_appicon.xml.flat' -> 'goodrive://www.googleapis.com/:personal:/bannister/bannister/obj/x64/Debug/net8.0-android/resizetizer/flat/mipmap-anydpi-v26_appicon.xml.flat' (572)
2026-08-23 06:08:24: Copy Over 'C:/rock/bannister/Bannister/obj/x64/Debug/net8.0-android/resizetizer/flat/mipmap-anydpi-v26_appicon_round.xml.flat' -> 'goodrive://www.googleapis.com/:personal:/bannister/bannister/obj/x64/Debug/net8.0-android/resizetizer/flat/mipmap-anydpi-v26_appicon_round.xml.flat' (584)
2026-08-23 06:08:24: Copy Over 'C:/rock/bannister/Bannister/obj/x64/Debug/net8.0-android/resizetizer/flat/mipmap-hdpi_appicon.png.flat' -> 'goodrive://www.googleapis.com/:personal:/bannister/bannister/obj/x64/Debug/net8.0-android/resizetizer/flat/mipmap-hdpi_appicon.png.flat' (1,112)
2026-08-23 06:08:24: Copy Over 'C:/rock/bannister/Bannister/obj/x64/Debug/net8.0-android/resizetizer/flat/mipmap-hdpi_appicon_background.png.flat' -> 'goodrive://www.googleapis.com/:personal:/bannister/bannister/obj/x64/Debug/net8.0-android/resizetizer/flat/mipmap-hdpi_appicon_background.png.flat' (304)
2026-08-23 06:08:27: Copy Over 'C:/rock/bannister/Bannister/obj/x64/Debug/net8.0-android/resizetizer/flat/mipmap-hdpi_appicon_foreground.png.flat' -> 'goodrive://www.googleapis.com/:personal:/bannister/bannister/obj/x64/Debug/net8.0-android/resizetizer/flat/mipmap-hdpi_appicon_foreground.png.flat' (1,568)
2026-08-23 06:08:27: Copy Over 'C:/rock/bannister/Bannister/obj/x64/Debug/net8.0-android/resizetizer/flat/mipmap-hdpi_appicon_round.png.flat' -> 'goodrive://www.googleapis.com/:personal:/bannister/bannister/obj/x64/Debug/net8.0-android/resizetizer/flat/mipmap-hdpi_appicon_round.png.flat' (1,752)
2026-08-23 06:08:27: Copy Over 'C:/rock/bannister/Bannister/obj/x64/Debug/net8.0-android/resizetizer/flat/mipmap-mdpi_appicon.png.flat' -> 'goodrive://www.googleapis.com/:personal:/bannister/bannister/obj/x64/Debug/net8.0-android/resizetizer/flat/mipmap-mdpi_appicon.png.flat' (908)
2026-08-23 06:08:30: Copy Over 'C:/rock/bannister/Bannister/obj/x64/Debug/net8.0-android/resizetizer/flat/mipmap-mdpi_appicon_background.png.flat' -> 'goodrive://www.googleapis.com/:personal:/bannister/bannister/obj/x64/Debug/net8.0-android/resizetizer/flat/mipmap-mdpi_appicon_background.png.flat' (292)
2026-08-23 06:08:30: Copy Over 'C:/rock/bannister/Bannister/obj/x64/Debug/net8.0-android/resizetizer/flat/mipmap-mdpi_appicon_round.png.flat' -> 'goodrive://www.googleapis.com/:personal:/bannister/bannister/obj/x64/Debug/net8.0-android/resizetizer/flat/mipmap-mdpi_appicon_round.png.flat' (1,764)
2026-08-23 06:08:30: Copy Over 'C:/rock/bannister/Bannister/obj/x64/Debug/net8.0-android/resizetizer/flat/mipmap-mdpi_appicon_foreground.png.flat' -> 'goodrive://www.googleapis.com/:personal:/bannister/bannister/obj/x64/Debug/net8.0-android/resizetizer/flat/mipmap-mdpi_appicon_foreground.png.flat' (1,452)
2026-08-23 06:08:34: Copy Over 'C:/rock/bannister/Bannister/obj/x64/Debug/net8.0-android/resizetizer/flat/mipmap-xhdpi_appicon_foreground.png.flat' -> 'goodrive://www.googleapis.com/:personal:/bannister/bannister/obj/x64/Debug/net8.0-android/resizetizer/flat/mipmap-xhdpi_appicon_foreground.png.flat' (2,168)
2026-08-23 06:08:34: Copy Over 'C:/rock/bannister/Bannister/obj/x64/Debug/net8.0-android/resizetizer/flat/mipmap-xhdpi_appicon_background.png.flat' -> 'goodrive://www.googleapis.com/:personal:/bannister/bannister/obj/x64/Debug/net8.0-android/resizetizer/flat/mipmap-xhdpi_appicon_background.png.flat' (324)
2026-08-23 06:08:34: Copy Over 'C:/rock/bannister/Bannister/obj/x64/Debug/net8.0-android/resizetizer/flat/mipmap-xhdpi_appicon.png.flat' -> 'goodrive://www.googleapis.com/:personal:/bannister/bannister/obj/x64/Debug/net8.0-android/resizetizer/flat/mipmap-xhdpi_appicon.png.flat' (1,032)
2026-08-23 06:08:37: Copy Over 'C:/rock/bannister/Bannister/obj/x64/Debug/net8.0-android/resizetizer/flat/mipmap-xhdpi_appicon_round.png.flat' -> 'goodrive://www.googleapis.com/:personal:/bannister/bannister/obj/x64/Debug/net8.0-android/resizetizer/flat/mipmap-xhdpi_appicon_round.png.flat' (2,252)
2026-08-23 06:08:37: Copy Over 'C:/rock/bannister/Bannister/obj/x64/Debug/net8.0-android/resizetizer/flat/mipmap-xxhdpi_appicon.png.flat' -> 'goodrive://www.googleapis.com/:personal:/bannister/bannister/obj/x64/Debug/net8.0-android/resizetizer/flat/mipmap-xxhdpi_appicon.png.flat' (1,232)
2026-08-23 06:08:37: Copy Over 'C:/rock/bannister/Bannister/obj/x64/Debug/net8.0-android/resizetizer/flat/mipmap-xxhdpi_appicon_background.png.flat' -> 'goodrive://www.googleapis.com/:personal:/bannister/bannister/obj/x64/Debug/net8.0-android/resizetizer/flat/mipmap-xxhdpi_appicon_background.png.flat' (384)
2026-08-23 06:08:41: Copy Over 'C:/rock/bannister/Bannister/obj/x64/Debug/net8.0-android/resizetizer/flat/mipmap-xxhdpi_appicon_round.png.flat' -> 'goodrive://www.googleapis.com/:personal:/bannister/bannister/obj/x64/Debug/net8.0-android/resizetizer/flat/mipmap-xxhdpi_appicon_round.png.flat' (4,392)
2026-08-23 06:08:41: Copy Over 'C:/rock/bannister/Bannister/obj/x64/Debug/net8.0-android/resizetizer/flat/mipmap-xxxhdpi_appicon.png.flat' -> 'goodrive://www.googleapis.com/:personal:/bannister/bannister/obj/x64/Debug/net8.0-android/resizetizer/flat/mipmap-xxxhdpi_appicon.png.flat' (1,592)
2026-08-23 06:08:41: Copy Over 'C:/rock/bannister/Bannister/obj/x64/Debug/net8.0-android/resizetizer/flat/mipmap-xxhdpi_appicon_foreground.png.flat' -> 'goodrive://www.googleapis.com/:personal:/bannister/bannister/obj/x64/Debug/net8.0-android/resizetizer/flat/mipmap-xxhdpi_appicon_foreground.png.flat' (2,412)
2026-08-23 06:08:44: Copy Over 'C:/rock/bannister/Bannister/obj/x64/Debug/net8.0-android/resizetizer/flat/mipmap-xxxhdpi_appicon_background.png.flat' -> 'goodrive://www.googleapis.com/:personal:/bannister/bannister/obj/x64/Debug/net8.0-android/resizetizer/flat/mipmap-xxxhdpi_appicon_background.png.flat' (460)
2026-08-23 06:08:44: Copy Over 'C:/rock/bannister/Bannister/obj/x64/Debug/net8.0-android/resizetizer/flat/mipmap-xxxhdpi_appicon_round.png.flat' -> 'goodrive://www.googleapis.com/:personal:/bannister/bannister/obj/x64/Debug/net8.0-android/resizetizer/flat/mipmap-xxxhdpi_appicon_round.png.flat' (6,068)
2026-08-23 06:08:44: Copy Over 'C:/rock/bannister/Bannister/obj/x64/Debug/net8.0-android/resizetizer/flat/mipmap-xxxhdpi_appicon_foreground.png.flat' -> 'goodrive://www.googleapis.com/:personal:/bannister/bannister/obj/x64/Debug/net8.0-android/resizetizer/flat/mipmap-xxxhdpi_appicon_foreground.png.flat' (3,504)
2026-08-23 06:08:47: Copy Over 'C:/rock/bannister/Bannister/obj/x64/Debug/net8.0-android/stamp/_CompileToDalvik.stamp' -> 'goodrive://www.googleapis.com/:personal:/bannister/bannister/obj/x64/Debug/net8.0-android/stamp/_CompileToDalvik.stamp' (0)
2026-08-23 06:08:47: Copy Over 'C:/rock/bannister/Bannister/obj/x64/Debug/net8.0-android/resizetizer/flat/values_maui_colors.arsc.flat' -> 'goodrive://www.googleapis.com/:personal:/bannister/bannister/obj/x64/Debug/net8.0-android/resizetizer/flat/values_maui_colors.arsc.flat' (280)
2026-08-23 06:08:48: Copy Over 'C:/rock/bannister/Bannister/obj/x64/Debug/net8.0-android/stamp/_ConvertResourcesCases.stamp' -> 'goodrive://www.googleapis.com/:personal:/bannister/bannister/obj/x64/Debug/net8.0-android/stamp/_ConvertResourcesCases.stamp' (0)
2026-08-23 06:08:50: Copy Over 'C:/rock/bannister/Bannister/obj/x64/Debug/net8.0-android/stamp/_GenerateJavaStubs.stamp' -> 'goodrive://www.googleapis.com/:personal:/bannister/bannister/obj/x64/Debug/net8.0-android/stamp/_GenerateJavaStubs.stamp' (0)
2026-08-23 06:08:51: Copy Over 'C:/rock/bannister/Bannister/obj/x64/Debug/net8.0-android/stamp/_GeneratePackageManagerJava.stamp' -> 'goodrive://www.googleapis.com/:personal:/bannister/bannister/obj/x64/Debug/net8.0-android/stamp/_GeneratePackageManagerJava.stamp' (0)
2026-08-23 06:08:51: Copy Over 'C:/rock/bannister/Bannister/obj/x64/Debug/net8.0-android/upload.flag' -> 'goodrive://www.googleapis.com/:personal:/bannister/bannister/obj/x64/Debug/net8.0-android/upload.flag' (0)
2026-08-23 06:08:54: Copy New 'C:/rock/bannister/Bannister/Models/WritingExperiment.cs' -> 'goodrive://www.googleapis.com/:personal:/bannister/bannister/Models/WritingExperiment.cs' (1,212)
2026-08-23 06:08:54: Copy Over 'C:/rock/bannister/Bannister/Models/WeeklyChallenge.cs' -> 'goodrive://www.googleapis.com/:personal:/bannister/bannister/Models/WeeklyChallenge.cs' (3,111)
2026-08-23 06:08:54: Copy Over 'C:/rock/bannister/Bannister/obj/x64/Debug/net8.0-android/XamlC.stamp' -> 'goodrive://www.googleapis.com/:personal:/bannister/bannister/obj/x64/Debug/net8.0-android/XamlC.stamp' (0)
2026-08-23 06:08:56: Copy New 'C:/rock/bannister/Bannister/Services/WritingExperimentService.cs' -> 'goodrive://www.googleapis.com/:personal:/bannister/bannister/Services/WritingExperimentService.cs' (5,577)
2026-08-23 06:08:56: Copy New 'C:/rock/bannister/Bannister/Views/ChallengeTasksPage.cs' -> 'goodrive://www.googleapis.com/:personal:/bannister/bannister/Views/ChallengeTasksPage.cs' (23,940)
2026-08-23 06:08:57: Copy Over 'C:/rock/bannister/Bannister/Services/WeeklyChallengeService.cs' -> 'goodrive://www.googleapis.com/:personal:/bannister/bannister/Services/WeeklyChallengeService.cs' (13,617)
2026-08-23 06:08:59: Copy New 'C:/rock/bannister/Bannister/Views/storyproduction/WritingExperimentPage.cs' -> 'goodrive://www.googleapis.com/:personal:/bannister/bannister/Views/storyproduction/WritingExperimentPage.cs' (14,613)
2026-08-23 06:08:59: Copy Over 'C:/rock/bannister/Bannister/Views/DataGridView.cs' -> 'goodrive://www.googleapis.com/:personal:/bannister/bannister/Views/DataGridView.cs' (35,835)
2026-08-23 06:09:00: Copy Over 'C:/rock/bannister/Bannister/Views/storyproduction/StoryProductionHubPage.cs' -> 'goodrive://www.googleapis.com/:personal:/bannister/bannister/Views/storyproduction/StoryProductionHubPage.cs' (8,628)
2026-08-23 06:09:03: Copy Over 'C:/rock/bannister/Bannister/Views/storyproduction/WritingProcessesPage.cs' -> 'goodrive://www.googleapis.com/:personal:/bannister/bannister/Views/storyproduction/WritingProcessesPage.cs' (13,753)
2026-08-23 06:09:03: Copy Over 'C:/rock/bannister/Bannister/Views/SubActivityDailyPromptPage.cs' -> 'goodrive://www.googleapis.com/:personal:/bannister/bannister/Views/SubActivityDailyPromptPage.cs' (19,789)
2026-08-23 06:09:04: Copy Over 'C:/rock/bannister/Bannister/Views/TasksPage.cs' -> 'goodrive://www.googleapis.com/:personal:/bannister/bannister/Views/TasksPage.cs' (93,278)
2026-08-23 06:09:07: Copy Over 'C:/rock/bannister/Bannister/Views/WebsiteBuilderPage.cs' -> 'goodrive://www.googleapis.com/:personal:/bannister/bannister/Views/WebsiteBuilderPage.cs' (272,844)
2026-08-23 06:09:07: Save State File C:/rock/bannister/_gsdata_/_file_state_v4._gs
2026-08-23 06:09:07: CopyFileSimple: UploadBuf: ERR: [SSL sending [-1] www.googleapis.com:443]: Connection was reset by remote machine
2026-08-23 06:09:07: Waiting for 0 + 0 of 4 sec on CopyFileSimple: UploadBuf: [SSL sending [-1] www.googleapis.com:443]: Connection was reset by remote machine
2026-08-23 06:09:12: Account Manager supplied new AccessToken, so use it
2026-08-23 06:09:12: Recovered the connection, continuing operations
2026-08-23 06:09:14: Save State File goodrive://www.googleapis.com/:personal:/bannister/_gsdata_/_file_state_v4._gs
2026-08-23 06:09:14: Release Snapshot of Volume C:
2026-08-23 06:09:17: == Sync Complete. Time: 00:38:42, Speed: 269.55 KB/s, OK: 2,575, Errors: 0
