2026-09-28 05:30:28: -- Analysis Started by On Schedule Min=30 Hour=5 
2026-09-28 05:30:28: L: Reading State File C:/rock/bannister/_gsdata_/_file_state_v4._gs
2026-09-28 05:30:33: R: Reading State File goodrive://www.googleapis.com/:personal:/bannister/_gsdata_/_file_state_v4._gs
2026-09-28 05:30:38: Changes: 2,955, Conflicts: 0, CopyTime: 0, FixState: 0, Errors: 0, All: 39869
2026-09-28 05:30:38: Left to Right: Copy File: 2955 
2026-09-28 05:30:38: == Sync Started by On Schedule Min=30 Hour=5 
2026-09-28 05:30:39: ConnectCloned connected to file:///C:/rock/bannister
2026-09-28 05:30:39: ConnectCloned connected to file:///C:/rock/bannister
2026-09-28 05:30:39: ConnectCloned connected to file:///C:/rock/bannister
2026-09-28 05:30:39: GsConnectAndSetRoot1 connected to goodrive://www.googleapis.com/:personal:/bannister
2026-09-28 05:30:39: GsConnectAndSetRoot1 connected to goodrive://www.googleapis.com/:personal:/bannister
2026-09-28 05:30:39: GsConnectAndSetRoot1 connected to goodrive://www.googleapis.com/:personal:/bannister
2026-09-28 05:30:39: > Copy Over 'C:/rock/bannister/Bannister/bin/x64/Debug/net8.0-android/Bannister.dll' -> 'goodrive://www.googleapis.com/:personal:/bannister/bannister/bin/x64/Debug/net8.0-android/Bannister.dll' (8,246,272)
2026-09-28 05:30:39: > Copy Over 'C:/rock/bannister/Bannister/bin/x64/Debug/net8.0-android/Bannister.pdb' -> 'goodrive://www.googleapis.com/:personal:/bannister/bannister/bin/x64/Debug/net8.0-android/Bannister.pdb' (1,767,908)
2026-09-28 05:30:46: Copy Over 'C:/rock/bannister/BannisterTools/obj/BannisterTools.csproj.nuget.dgspec.json' -> 'goodrive://www.googleapis.com/:personal:/bannister/BannisterTools/obj/BannisterTools.csproj.nuget.dgspec.json' (6,349)
2026-09-28 05:30:47: < Copy Over 'C:/rock/bannister/Bannister/bin/x64/Debug/net8.0-android/Bannister.pdb' -> 'goodrive://www.googleapis.com/:personal:/bannister/bannister/bin/x64/Debug/net8.0-android/Bannister.pdb' (1,767,908)
2026-09-28 05:30:47: < Copy Over 'C:/rock/bannister/Bannister/bin/x64/Debug/net8.0-android/Bannister.dll' -> 'goodrive://www.googleapis.com/:personal:/bannister/bannister/bin/x64/Debug/net8.0-android/Bannister.dll' (8,246,272)
2026-09-28 05:30:50: Copy Over 'C:/rock/bannister/Bannister/bin/x64/Debug/net8.0-windows10.0.19041.0/AppX/AppxManifest.xml' -> 'goodrive://www.googleapis.com/:personal:/bannister/bannister/bin/x64/Debug/net8.0-windows10.0.19041.0/AppX/AppxManifest.xml' (2,821)
2026-09-28 05:30:50: > Copy Over 'C:/rock/bannister/Bannister/bin/x64/Debug/net8.0-windows10.0.19041.0/AppX/Bannister.dll' -> 'goodrive://www.googleapis.com/:personal:/bannister/bannister/bin/x64/Debug/net8.0-windows10.0.19041.0/AppX/Bannister.dll' (8,574,464)
2026-09-28 05:30:50: Copy Over 'C:/rock/bannister/Bannister/bin/x64/Debug/net8.0-windows10.0.19041.0/AppxManifest.xml' -> 'goodrive://www.googleapis.com/:personal:/bannister/bannister/bin/x64/Debug/net8.0-windows10.0.19041.0/AppxManifest.xml' (2,821)
2026-09-28 05:30:51: Copy Over 'C:/rock/bannister/Bannister/bin/x64/Debug/net8.0-windows10.0.19041.0/AppX/Bannister.deps.json' -> 'goodrive://www.googleapis.com/:personal:/bannister/bannister/bin/x64/Debug/net8.0-windows10.0.19041.0/AppX/Bannister.deps.json' (72,297)
2026-09-28 05:30:54: Copy Over 'C:/rock/bannister/Bannister/bin/x64/Debug/net8.0-windows10.0.19041.0/AppX/Bannister.exe' -> 'goodrive://www.googleapis.com/:personal:/bannister/bannister/bin/x64/Debug/net8.0-windows10.0.19041.0/AppX/Bannister.exe' (153,088)
2026-09-28 05:30:55: Copy Over 'C:/rock/bannister/Bannister/bin/x64/Debug/net8.0-windows10.0.19041.0/AppX/Bannister.runtimeconfig.json' -> 'goodrive://www.googleapis.com/:personal:/bannister/bannister/bin/x64/Debug/net8.0-windows10.0.19041.0/AppX/Bannister.runtimeconfig.json' (385)
2026-09-28 05:30:55: < Copy Over 'C:/rock/bannister/Bannister/bin/x64/Debug/net8.0-windows10.0.19041.0/AppX/Bannister.dll' -> 'goodrive://www.googleapis.com/:personal:/bannister/bannister/bin/x64/Debug/net8.0-windows10.0.19041.0/AppX/Bannister.dll' (8,574,464)
2026-09-28 05:30:57: Copy Over 'C:/rock/bannister/Bannister/bin/x64/Debug/net8.0-windows10.0.19041.0/AppX/resources.pri' -> 'goodrive://www.googleapis.com/:personal:/bannister/bannister/bin/x64/Debug/net8.0-windows10.0.19041.0/AppX/resources.pri' (140,744)
2026-09-28 05:30:59: Copy Over 'C:/rock/bannister/Bannister/bin/x64/Debug/net8.0-windows10.0.19041.0/AppX/vs.appxrecipe' -> 'goodrive://www.googleapis.com/:personal:/bannister/bannister/bin/x64/Debug/net8.0-windows10.0.19041.0/AppX/vs.appxrecipe' (72,682)
2026-09-28 05:30:59: > Copy Over 'C:/rock/bannister/Bannister/bin/x64/Debug/net8.0-windows10.0.19041.0/Bannister.dll' -> 'goodrive://www.googleapis.com/:personal:/bannister/bannister/bin/x64/Debug/net8.0-windows10.0.19041.0/Bannister.dll' (8,574,464)
2026-09-28 05:30:59: Copy Over 'C:/rock/bannister/Bannister/bin/x64/Debug/net8.0-windows10.0.19041.0/Bannister.build.appxrecipe' -> 'goodrive://www.googleapis.com/:personal:/bannister/bannister/bin/x64/Debug/net8.0-windows10.0.19041.0/Bannister.build.appxrecipe' (60,573)
2026-09-28 05:31:01: Copy Over 'C:/rock/bannister/Bannister/bin/x64/Debug/net8.0-windows10.0.19041.0/Bannister.deps.json' -> 'goodrive://www.googleapis.com/:personal:/bannister/bannister/bin/x64/Debug/net8.0-windows10.0.19041.0/Bannister.deps.json' (72,297)
2026-09-28 05:31:01: > Copy Over 'C:/rock/bannister/Bannister/bin/x64/Debug/net8.0-windows10.0.19041.0/Bannister.pdb' -> 'goodrive://www.googleapis.com/:personal:/bannister/bannister/bin/x64/Debug/net8.0-windows10.0.19041.0/Bannister.pdb' (1,810,040)
2026-09-28 05:31:02: Copy Over 'C:/rock/bannister/Bannister/bin/x64/Debug/net8.0-windows10.0.19041.0/Bannister.exe' -> 'goodrive://www.googleapis.com/:personal:/bannister/bannister/bin/x64/Debug/net8.0-windows10.0.19041.0/Bannister.exe' (153,088)
2026-09-28 05:31:03: < Copy Over 'C:/rock/bannister/Bannister/bin/x64/Debug/net8.0-windows10.0.19041.0/Bannister.dll' -> 'goodrive://www.googleapis.com/:personal:/bannister/bannister/bin/x64/Debug/net8.0-windows10.0.19041.0/Bannister.dll' (8,574,464)
2026-09-28 05:31:05: < Copy Over 'C:/rock/bannister/Bannister/bin/x64/Debug/net8.0-windows10.0.19041.0/Bannister.pdb' -> 'goodrive://www.googleapis.com/:personal:/bannister/bannister/bin/x64/Debug/net8.0-windows10.0.19041.0/Bannister.pdb' (1,810,040)
2026-09-28 05:31:05: Copy Over 'C:/rock/bannister/Bannister/bin/x64/Debug/net8.0-windows10.0.19041.0/Bannister.runtimeconfig.json' -> 'goodrive://www.googleapis.com/:personal:/bannister/bannister/bin/x64/Debug/net8.0-windows10.0.19041.0/Bannister.runtimeconfig.json' (385)
2026-09-28 05:31:07: Copy Over 'C:/rock/bannister/Bannister/bin/x64/Debug/net8.0-windows10.0.19041.0/resources.pri' -> 'goodrive://www.googleapis.com/:personal:/bannister/bannister/bin/x64/Debug/net8.0-windows10.0.19041.0/resources.pri' (140,744)
2026-09-28 05:31:09: Copy Over 'C:/rock/bannister/Bannister/bin/x64/Debug/net8.0-android/Bannister.runtimeconfig.json' -> 'goodrive://www.googleapis.com/:personal:/bannister/bannister/bin/x64/Debug/net8.0-android/Bannister.runtimeconfig.json' (1,423)
2026-09-28 05:31:09: Copy Over 'C:/rock/bannister/Bannister/bin/x64/Debug/net8.0-android/Bannister.xml' -> 'goodrive://www.googleapis.com/:personal:/bannister/bannister/bin/x64/Debug/net8.0-android/Bannister.xml' (235,343)
2026-09-28 05:31:11: Copy Over 'C:/rock/bannister/Bannister/obj/Bannister.csproj.nuget.dgspec.json' -> 'goodrive://www.googleapis.com/:personal:/bannister/bannister/obj/Bannister.csproj.nuget.dgspec.json' (7,559)
2026-09-28 05:31:11: > Copy Over 'C:/rock/bannister/Bannister/bin/x64/Release/net8.0-windows10.0.19041.0/win-x64/Bannister.dll' -> 'goodrive://www.googleapis.com/:personal:/bannister/bannister/bin/x64/Release/net8.0-windows10.0.19041.0/win-x64/Bannister.dll' (7,581,696)
2026-09-28 05:31:12: Copy Over 'C:/rock/bannister/Bannister/obj/Bannister.csproj.nuget.g.props' -> 'goodrive://www.googleapis.com/:personal:/bannister/bannister/obj/Bannister.csproj.nuget.g.props' (5,005)
2026-09-28 05:31:13: Copy Over 'C:/rock/bannister/Bannister/bin/x64/Release/net8.0-windows10.0.19041.0/win-x64/Bannister.deps.json' -> 'goodrive://www.googleapis.com/:personal:/bannister/bannister/bin/x64/Release/net8.0-windows10.0.19041.0/win-x64/Bannister.deps.json' (100,548)
2026-09-28 05:31:13: > Copy Over 'C:/rock/bannister/Bannister/bin/x64/Release/net8.0-windows10.0.19041.0/win-x64/Bannister.pdb' -> 'goodrive://www.googleapis.com/:personal:/bannister/bannister/bin/x64/Release/net8.0-windows10.0.19041.0/win-x64/Bannister.pdb' (1,378,520)
2026-09-28 05:31:15: < Copy Over 'C:/rock/bannister/Bannister/bin/x64/Release/net8.0-windows10.0.19041.0/win-x64/Bannister.dll' -> 'goodrive://www.googleapis.com/:personal:/bannister/bannister/bin/x64/Release/net8.0-windows10.0.19041.0/win-x64/Bannister.dll' (7,581,696)
2026-09-28 05:31:16: Copy Over 'C:/rock/bannister/Bannister/bin/x64/Release/net8.0-windows10.0.19041.0/win-x64/Bannister.exe' -> 'goodrive://www.googleapis.com/:personal:/bannister/bannister/bin/x64/Release/net8.0-windows10.0.19041.0/win-x64/Bannister.exe' (271,872)
2026-09-28 05:31:16: > Copy Over 'C:/rock/bannister/Bannister/bin/x64/Release/net8.0-windows10.0.19041.0/win-x64/resources.pri' -> 'goodrive://www.googleapis.com/:personal:/bannister/bannister/bin/x64/Release/net8.0-windows10.0.19041.0/win-x64/resources.pri' (1,369,768)
2026-09-28 05:31:17: < Copy Over 'C:/rock/bannister/Bannister/bin/x64/Release/net8.0-windows10.0.19041.0/win-x64/Bannister.pdb' -> 'goodrive://www.googleapis.com/:personal:/bannister/bannister/bin/x64/Release/net8.0-windows10.0.19041.0/win-x64/Bannister.pdb' (1,378,520)
2026-09-28 05:31:17: > Copy Over 'C:/rock/bannister/Bannister/obj/project.assets.json' -> 'goodrive://www.googleapis.com/:personal:/bannister/bannister/obj/project.assets.json' (1,266,805)
2026-09-28 05:31:19: Copy Over 'C:/rock/bannister/Bannister/bin/x64/Release/net8.0-windows10.0.19041.0/win-x64/Bannister.runtimeconfig.json' -> 'goodrive://www.googleapis.com/:personal:/bannister/bannister/bin/x64/Release/net8.0-windows10.0.19041.0/win-x64/Bannister.runtimeconfig.json' (489)
2026-09-28 05:31:19: < Copy Over 'C:/rock/bannister/Bannister/bin/x64/Release/net8.0-windows10.0.19041.0/win-x64/resources.pri' -> 'goodrive://www.googleapis.com/:personal:/bannister/bannister/bin/x64/Release/net8.0-windows10.0.19041.0/win-x64/resources.pri' (1,369,768)
2026-09-28 05:31:22: < Copy Over 'C:/rock/bannister/Bannister/obj/project.assets.json' -> 'goodrive://www.googleapis.com/:personal:/bannister/bannister/obj/project.assets.json' (1,266,805)
2026-09-28 05:31:23: Copy Over 'C:/rock/bannister/BannisterTools/obj/BannisterTools.csproj.nuget.g.props' -> 'goodrive://www.googleapis.com/:personal:/bannister/BannisterTools/obj/BannisterTools.csproj.nuget.g.props' (4,717)
2026-09-28 05:31:23: Copy Over 'C:/rock/bannister/Bannister/obj/project.nuget.cache' -> 'goodrive://www.googleapis.com/:personal:/bannister/bannister/obj/project.nuget.cache' (27,012)
2026-09-28 05:31:26: Copy Over 'C:/rock/bannister/Bannister/obj/x64/Release/net8.0-windows10.0.19041.0/win-x64/apphost.exe' -> 'goodrive://www.googleapis.com/:personal:/bannister/bannister/obj/x64/Release/net8.0-windows10.0.19041.0/win-x64/apphost.exe' (271,872)
2026-09-28 05:31:26: Copy Over 'C:/rock/bannister/Bannister/obj/x64/Debug/net8.0-android/android/AndroidManifest.xml' -> 'goodrive://www.googleapis.com/:personal:/bannister/bannister/obj/x64/Debug/net8.0-android/android/AndroidManifest.xml' (4,994)
2026-09-28 05:31:29: Copy Over 'C:/rock/bannister/Bannister/obj/x64/Release/net8.0-windows10.0.19041.0/win-x64/Bannister.AssemblyInfo.cs' -> 'goodrive://www.googleapis.com/:personal:/bannister/bannister/obj/x64/Release/net8.0-windows10.0.19041.0/win-x64/Bannister.AssemblyInfo.cs' (1,675)
2026-09-28 05:31:29: Copy Over 'C:/rock/bannister/Bannister/obj/x64/Release/net8.0-windows10.0.19041.0/win-x64/Bannister.assets.cache' -> 'goodrive://www.googleapis.com/:personal:/bannister/bannister/obj/x64/Release/net8.0-windows10.0.19041.0/win-x64/Bannister.assets.cache' (62,951)
2026-09-28 05:31:29: > Copy Over 'C:/rock/bannister/Bannister/obj/x64/Release/net8.0-windows10.0.19041.0/win-x64/Bannister.dll' -> 'goodrive://www.googleapis.com/:personal:/bannister/bannister/obj/x64/Release/net8.0-windows10.0.19041.0/win-x64/Bannister.dll' (7,581,696)
2026-09-28 05:31:30: Copy Over 'C:/rock/bannister/Bannister/obj/x64/Release/net8.0-windows10.0.19041.0/win-x64/Bannister.AssemblyInfoInputs.cache' -> 'goodrive://www.googleapis.com/:personal:/bannister/bannister/obj/x64/Release/net8.0-windows10.0.19041.0/win-x64/Bannister.AssemblyInfoInputs.cache' (66)
2026-09-28 05:31:30: > Copy Over 'C:/rock/bannister/Bannister/obj/x64/Release/net8.0-windows10.0.19041.0/win-x64/Bannister.pdb' -> 'goodrive://www.googleapis.com/:personal:/bannister/bannister/obj/x64/Release/net8.0-windows10.0.19041.0/win-x64/Bannister.pdb' (1,378,520)
2026-09-28 05:31:34: Copy Over 'C:/rock/bannister/Bannister/obj/x64/Release/net8.0-windows10.0.19041.0/win-x64/Bannister.csproj.Up2Date' -> 'goodrive://www.googleapis.com/:personal:/bannister/bannister/obj/x64/Release/net8.0-windows10.0.19041.0/win-x64/Bannister.csproj.Up2Date' (0)
2026-09-28 05:31:34: < Copy Over 'C:/rock/bannister/Bannister/obj/x64/Release/net8.0-windows10.0.19041.0/win-x64/Bannister.dll' -> 'goodrive://www.googleapis.com/:personal:/bannister/bannister/obj/x64/Release/net8.0-windows10.0.19041.0/win-x64/Bannister.dll' (7,581,696)
2026-09-28 05:31:35: < Copy Over 'C:/rock/bannister/Bannister/obj/x64/Release/net8.0-windows10.0.19041.0/win-x64/Bannister.pdb' -> 'goodrive://www.googleapis.com/:personal:/bannister/bannister/obj/x64/Release/net8.0-windows10.0.19041.0/win-x64/Bannister.pdb' (1,378,520)
2026-09-28 05:31:38: Copy Over 'C:/rock/bannister/Bannister/obj/x64/Release/net8.0-windows10.0.19041.0/win-x64/excluded.layout.resfiles.intermediate' -> 'goodrive://www.googleapis.com/:personal:/bannister/bannister/obj/x64/Release/net8.0-windows10.0.19041.0/win-x64/excluded.layout.resfiles.intermediate' (0)
2026-09-28 05:31:39: Copy Over 'C:/rock/bannister/Bannister/obj/x64/Release/net8.0-windows10.0.19041.0/win-x64/embed/embed.resfiles.intermediate' -> 'goodrive://www.googleapis.com/:personal:/bannister/bannister/obj/x64/Release/net8.0-windows10.0.19041.0/win-x64/embed/embed.resfiles.intermediate' (27)
2026-09-28 05:31:40: Copy Over 'C:/rock/bannister/Bannister/obj/x64/Release/net8.0-windows10.0.19041.0/win-x64/Bannister.sourcelink.json' -> 'goodrive://www.googleapis.com/:personal:/bannister/bannister/obj/x64/Release/net8.0-windows10.0.19041.0/win-x64/Bannister.sourcelink.json' (141)
2026-09-28 05:31:41: Copy Over 'C:/rock/bannister/Bannister/obj/x64/Release/net8.0-windows10.0.19041.0/win-x64/filtered.layout.resfiles.intermediate' -> 'goodrive://www.googleapis.com/:personal:/bannister/bannister/obj/x64/Release/net8.0-windows10.0.19041.0/win-x64/filtered.layout.resfiles.intermediate' (2,329)
2026-09-28 05:31:41: > Copy Over 'C:/rock/bannister/Bannister/obj/x64/Release/net8.0-windows10.0.19041.0/win-x64/intermediatexaml/Bannister.dll' -> 'goodrive://www.googleapis.com/:personal:/bannister/bannister/obj/x64/Release/net8.0-windows10.0.19041.0/win-x64/intermediatexaml/Bannister.dll' (7,280,640)
2026-09-28 05:31:43: Copy Over 'C:/rock/bannister/Bannister/obj/x64/Release/net8.0-windows10.0.19041.0/win-x64/input.json' -> 'goodrive://www.googleapis.com/:personal:/bannister/bannister/obj/x64/Release/net8.0-windows10.0.19041.0/win-x64/input.json' (104,283)
2026-09-28 05:31:43: > Copy Over 'C:/rock/bannister/Bannister/obj/x64/Release/net8.0-windows10.0.19041.0/win-x64/intermediatexaml/Bannister.pdb' -> 'goodrive://www.googleapis.com/:personal:/bannister/bannister/obj/x64/Release/net8.0-windows10.0.19041.0/win-x64/intermediatexaml/Bannister.pdb' (1,355,000)
2026-09-28 05:31:43: Copy Over 'C:/rock/bannister/Bannister/obj/x64/Release/net8.0-windows10.0.19041.0/win-x64/output.json' -> 'goodrive://www.googleapis.com/:personal:/bannister/bannister/obj/x64/Release/net8.0-windows10.0.19041.0/win-x64/output.json' (8,889)
2026-09-28 05:31:46: < Copy Over 'C:/rock/bannister/Bannister/obj/x64/Release/net8.0-windows10.0.19041.0/win-x64/intermediatexaml/Bannister.dll' -> 'goodrive://www.googleapis.com/:personal:/bannister/bannister/obj/x64/Release/net8.0-windows10.0.19041.0/win-x64/intermediatexaml/Bannister.dll' (7,280,640)
2026-09-28 05:31:47: < Copy Over 'C:/rock/bannister/Bannister/obj/x64/Release/net8.0-windows10.0.19041.0/win-x64/intermediatexaml/Bannister.pdb' -> 'goodrive://www.googleapis.com/:personal:/bannister/bannister/obj/x64/Release/net8.0-windows10.0.19041.0/win-x64/intermediatexaml/Bannister.pdb' (1,355,000)
2026-09-28 05:31:47: Copy Over 'C:/rock/bannister/Bannister/obj/x64/Release/net8.0-windows10.0.19041.0/win-x64/pri.resfiles.intermediate' -> 'goodrive://www.googleapis.com/:personal:/bannister/bannister/obj/x64/Release/net8.0-windows10.0.19041.0/win-x64/pri.resfiles.intermediate' (509)
2026-09-28 05:31:50: Copy Over 'C:/rock/bannister/Bannister/obj/x64/Release/net8.0-windows10.0.19041.0/win-x64/priconfig.xml.intermediate' -> 'goodrive://www.googleapis.com/:personal:/bannister/bannister/obj/x64/Release/net8.0-windows10.0.19041.0/win-x64/priconfig.xml.intermediate' (3,194)
2026-09-28 05:31:50: Copy New 'C:/rock/bannister/Bannister/obj/x64/Release/net8.0-windows10.0.19041.0/win-x64/PublishOutputs.88c0a46674.txt' -> 'goodrive://www.googleapis.com/:personal:/bannister/bannister/obj/x64/Release/net8.0-windows10.0.19041.0/win-x64/PublishOutputs.88c0a46674.txt' (40,099)
2026-09-28 05:31:50: > Copy Over 'C:/rock/bannister/Bannister/obj/x64/Release/net8.0-windows10.0.19041.0/win-x64/R2R/Bannister.dll' -> 'goodrive://www.googleapis.com/:personal:/bannister/bannister/obj/x64/Release/net8.0-windows10.0.19041.0/win-x64/R2R/Bannister.dll' (19,648,512)
2026-09-28 05:31:51: Copy Over 'C:/rock/bannister/Bannister/obj/x64/Release/net8.0-windows10.0.19041.0/win-x64/Platforms/Windows/App.xaml' -> 'goodrive://www.googleapis.com/:personal:/bannister/bannister/obj/x64/Release/net8.0-windows10.0.19041.0/win-x64/Platforms/Windows/App.xaml' (304)
2026-09-28 05:31:51: > Copy Over 'C:/rock/bannister/Bannister/obj/x64/Release/net8.0-windows10.0.19041.0/win-x64/ref/Bannister.dll' -> 'goodrive://www.googleapis.com/:personal:/bannister/bannister/obj/x64/Release/net8.0-windows10.0.19041.0/win-x64/ref/Bannister.dll' (2,016,256)
2026-09-28 05:31:55: Copy Over 'C:/rock/bannister/Bannister/obj/x64/Release/net8.0-windows10.0.19041.0/win-x64/qualifiers.txt.intermediate' -> 'goodrive://www.googleapis.com/:personal:/bannister/bannister/obj/x64/Release/net8.0-windows10.0.19041.0/win-x64/qualifiers.txt.intermediate' (184)
2026-09-28 05:31:55: < Copy Over 'C:/rock/bannister/Bannister/obj/x64/Release/net8.0-windows10.0.19041.0/win-x64/ref/Bannister.dll' -> 'goodrive://www.googleapis.com/:personal:/bannister/bannister/obj/x64/Release/net8.0-windows10.0.19041.0/win-x64/ref/Bannister.dll' (2,016,256)
2026-09-28 05:31:56: < Copy Over 'C:/rock/bannister/Bannister/obj/x64/Release/net8.0-windows10.0.19041.0/win-x64/R2R/Bannister.dll' -> 'goodrive://www.googleapis.com/:personal:/bannister/bannister/obj/x64/Release/net8.0-windows10.0.19041.0/win-x64/R2R/Bannister.dll' (19,648,512)
2026-09-28 05:31:58: Copy Over 'C:/rock/bannister/Bannister/obj/x64/Release/net8.0-windows10.0.19041.0/win-x64/R2R/CommunityToolkit.Maui.Core.dll' -> 'goodrive://www.googleapis.com/:personal:/bannister/bannister/obj/x64/Release/net8.0-windows10.0.19041.0/win-x64/R2R/CommunityToolkit.Maui.Core.dll' (241,664)
2026-09-28 05:31:58: Copy Over 'C:/rock/bannister/Bannister/obj/x64/Release/net8.0-windows10.0.19041.0/win-x64/R2R/CommunityToolkit.Maui.dll' -> 'goodrive://www.googleapis.com/:personal:/bannister/bannister/obj/x64/Release/net8.0-windows10.0.19041.0/win-x64/R2R/CommunityToolkit.Maui.dll' (684,032)
2026-09-28 05:31:59: Copy Over 'C:/rock/bannister/Bannister/obj/x64/Release/net8.0-windows10.0.19041.0/win-x64/R2R/CommunityToolkit.Mvvm.dll' -> 'goodrive://www.googleapis.com/:personal:/bannister/bannister/obj/x64/Release/net8.0-windows10.0.19041.0/win-x64/R2R/CommunityToolkit.Mvvm.dll' (344,064)
2026-09-28 05:32:02: Copy Over 'C:/rock/bannister/Bannister/obj/x64/Release/net8.0-windows10.0.19041.0/win-x64/R2R/Microsoft.Extensions.Configuration.dll' -> 'goodrive://www.googleapis.com/:personal:/bannister/bannister/obj/x64/Release/net8.0-windows10.0.19041.0/win-x64/R2R/Microsoft.Extensions.Configuration.dll' (81,920)
2026-09-28 05:32:02: Copy Over 'C:/rock/bannister/Bannister/obj/x64/Release/net8.0-windows10.0.19041.0/win-x64/R2R/Microsoft.Extensions.Configuration.Abstractions.dll' -> 'goodrive://www.googleapis.com/:personal:/bannister/bannister/obj/x64/Release/net8.0-windows10.0.19041.0/win-x64/R2R/Microsoft.Extensions.Configuration.Abstractions.dll' (36,864)
2026-09-28 05:32:03: Copy Over 'C:/rock/bannister/Bannister/obj/x64/Release/net8.0-windows10.0.19041.0/win-x64/R2R/Microsoft.Extensions.DependencyInjection.Abstractions.dll' -> 'goodrive://www.googleapis.com/:personal:/bannister/bannister/obj/x64/Release/net8.0-windows10.0.19041.0/win-x64/R2R/Microsoft.Extensions.DependencyInjection.Abstractions.dll' (131,072)
2026-09-28 05:32:06: Copy Over 'C:/rock/bannister/Bannister/obj/x64/Release/net8.0-windows10.0.19041.0/win-x64/R2R/Microsoft.Extensions.DependencyInjection.dll' -> 'goodrive://www.googleapis.com/:personal:/bannister/bannister/obj/x64/Release/net8.0-windows10.0.19041.0/win-x64/R2R/Microsoft.Extensions.DependencyInjection.dll' (204,800)
2026-09-28 05:32:07: Copy Over 'C:/rock/bannister/Bannister/obj/x64/Release/net8.0-windows10.0.19041.0/win-x64/R2R/Microsoft.Extensions.Logging.Abstractions.dll' -> 'goodrive://www.googleapis.com/:personal:/bannister/bannister/obj/x64/Release/net8.0-windows10.0.19041.0/win-x64/R2R/Microsoft.Extensions.Logging.Abstractions.dll' (135,168)
2026-09-28 05:32:07: Copy Over 'C:/rock/bannister/Bannister/obj/x64/Release/net8.0-windows10.0.19041.0/win-x64/R2R/Microsoft.Extensions.Logging.Debug.dll' -> 'goodrive://www.googleapis.com/:personal:/bannister/bannister/obj/x64/Release/net8.0-windows10.0.19041.0/win-x64/R2R/Microsoft.Extensions.Logging.Debug.dll' (24,576)
2026-09-28 05:32:10: Copy Over 'C:/rock/bannister/Bannister/obj/x64/Release/net8.0-windows10.0.19041.0/win-x64/R2R/Microsoft.Extensions.Logging.dll' -> 'goodrive://www.googleapis.com/:personal:/bannister/bannister/obj/x64/Release/net8.0-windows10.0.19041.0/win-x64/R2R/Microsoft.Extensions.Logging.dll' (86,016)
2026-09-28 05:32:10: > Copy Over 'C:/rock/bannister/Bannister/obj/x64/Release/net8.0-windows10.0.19041.0/win-x64/R2R/Microsoft.Graphics.Canvas.Interop.dll' -> 'goodrive://www.googleapis.com/:personal:/bannister/bannister/obj/x64/Release/net8.0-windows10.0.19041.0/win-x64/R2R/Microsoft.Graphics.Canvas.Interop.dll' (2,269,184)
2026-09-28 05:32:10: Copy Over 'C:/rock/bannister/Bannister/obj/x64/Release/net8.0-windows10.0.19041.0/win-x64/R2R/Microsoft.Extensions.Options.dll' -> 'goodrive://www.googleapis.com/:personal:/bannister/bannister/obj/x64/Release/net8.0-windows10.0.19041.0/win-x64/R2R/Microsoft.Extensions.Options.dll' (126,976)
2026-09-28 05:32:10: > Copy Over 'C:/rock/bannister/Bannister/obj/x64/Release/net8.0-windows10.0.19041.0/win-x64/R2R/Microsoft.InteractiveExperiences.Projection.dll' -> 'goodrive://www.googleapis.com/:personal:/bannister/bannister/obj/x64/Release/net8.0-windows10.0.19041.0/win-x64/R2R/Microsoft.InteractiveExperiences.Projection.dll' (2,576,384)
2026-09-28 05:32:11: Copy Over 'C:/rock/bannister/Bannister/obj/x64/Release/net8.0-windows10.0.19041.0/win-x64/R2R/Microsoft.Extensions.Primitives.dll' -> 'goodrive://www.googleapis.com/:personal:/bannister/bannister/obj/x64/Release/net8.0-windows10.0.19041.0/win-x64/R2R/Microsoft.Extensions.Primitives.dll' (73,728)
2026-09-28 05:32:14: Copy Over 'C:/rock/bannister/Bannister/obj/x64/Release/net8.0-windows10.0.19041.0/win-x64/R2R/Microsoft.IO.RecyclableMemoryStream.dll' -> 'goodrive://www.googleapis.com/:personal:/bannister/bannister/obj/x64/Release/net8.0-windows10.0.19041.0/win-x64/R2R/Microsoft.IO.RecyclableMemoryStream.dll' (118,784)
2026-09-28 05:32:14: < Copy Over 'C:/rock/bannister/Bannister/obj/x64/Release/net8.0-windows10.0.19041.0/win-x64/R2R/Microsoft.InteractiveExperiences.Projection.dll' -> 'goodrive://www.googleapis.com/:personal:/bannister/bannister/obj/x64/Release/net8.0-windows10.0.19041.0/win-x64/R2R/Microsoft.InteractiveExperiences.Projection.dll' (2,576,384)
2026-09-28 05:32:14: > Copy Over 'C:/rock/bannister/Bannister/obj/x64/Release/net8.0-windows10.0.19041.0/win-x64/R2R/Microsoft.Maui.Controls.Compatibility.dll' -> 'goodrive://www.googleapis.com/:personal:/bannister/bannister/obj/x64/Release/net8.0-windows10.0.19041.0/win-x64/R2R/Microsoft.Maui.Controls.Compatibility.dll' (1,163,264)
2026-09-28 05:32:14: < Copy Over 'C:/rock/bannister/Bannister/obj/x64/Release/net8.0-windows10.0.19041.0/win-x64/R2R/Microsoft.Graphics.Canvas.Interop.dll' -> 'goodrive://www.googleapis.com/:personal:/bannister/bannister/obj/x64/Release/net8.0-windows10.0.19041.0/win-x64/R2R/Microsoft.Graphics.Canvas.Interop.dll' (2,269,184)
2026-09-28 05:32:14: > Copy Over 'C:/rock/bannister/Bannister/obj/x64/Release/net8.0-windows10.0.19041.0/win-x64/R2R/Microsoft.Maui.Controls.dll' -> 'goodrive://www.googleapis.com/:personal:/bannister/bannister/obj/x64/Release/net8.0-windows10.0.19041.0/win-x64/R2R/Microsoft.Maui.Controls.dll' (4,317,184)
2026-09-28 05:32:18: Copy Over 'C:/rock/bannister/Bannister/obj/x64/Release/net8.0-windows10.0.19041.0/win-x64/R2R/Microsoft.Maui.Controls.Xaml.dll' -> 'goodrive://www.googleapis.com/:personal:/bannister/bannister/obj/x64/Release/net8.0-windows10.0.19041.0/win-x64/R2R/Microsoft.Maui.Controls.Xaml.dll' (294,912)
2026-09-28 05:32:18: > Copy Over 'C:/rock/bannister/Bannister/obj/x64/Release/net8.0-windows10.0.19041.0/win-x64/R2R/Microsoft.Maui.dll' -> 'goodrive://www.googleapis.com/:personal:/bannister/bannister/obj/x64/Release/net8.0-windows10.0.19041.0/win-x64/R2R/Microsoft.Maui.dll' (1,609,728)
2026-09-28 05:32:19: < Copy Over 'C:/rock/bannister/Bannister/obj/x64/Release/net8.0-windows10.0.19041.0/win-x64/R2R/Microsoft.Maui.Controls.dll' -> 'goodrive://www.googleapis.com/:personal:/bannister/bannister/obj/x64/Release/net8.0-windows10.0.19041.0/win-x64/R2R/Microsoft.Maui.Controls.dll' (4,317,184)
2026-09-28 05:32:19: < Copy Over 'C:/rock/bannister/Bannister/obj/x64/Release/net8.0-windows10.0.19041.0/win-x64/R2R/Microsoft.Maui.Controls.Compatibility.dll' -> 'goodrive://www.googleapis.com/:personal:/bannister/bannister/obj/x64/Release/net8.0-windows10.0.19041.0/win-x64/R2R/Microsoft.Maui.Controls.Compatibility.dll' (1,163,264)
2026-09-28 05:32:22: < Copy Over 'C:/rock/bannister/Bannister/obj/x64/Release/net8.0-windows10.0.19041.0/win-x64/R2R/Microsoft.Maui.dll' -> 'goodrive://www.googleapis.com/:personal:/bannister/bannister/obj/x64/Release/net8.0-windows10.0.19041.0/win-x64/R2R/Microsoft.Maui.dll' (1,609,728)
2026-09-28 05:32:23: Copy Over 'C:/rock/bannister/Bannister/obj/x64/Release/net8.0-windows10.0.19041.0/win-x64/R2R/Microsoft.Maui.Graphics.dll' -> 'goodrive://www.googleapis.com/:personal:/bannister/bannister/obj/x64/Release/net8.0-windows10.0.19041.0/win-x64/R2R/Microsoft.Maui.Graphics.dll' (536,576)
2026-09-28 05:32:25: Copy Over 'C:/rock/bannister/Bannister/obj/x64/Release/net8.0-windows10.0.19041.0/win-x64/R2R/Microsoft.Maui.Essentials.dll' -> 'goodrive://www.googleapis.com/:personal:/bannister/bannister/obj/x64/Release/net8.0-windows10.0.19041.0/win-x64/R2R/Microsoft.Maui.Essentials.dll' (544,768)
2026-09-28 05:32:26: Copy Over 'C:/rock/bannister/Bannister/obj/x64/Release/net8.0-windows10.0.19041.0/win-x64/R2R/Microsoft.Maui.Graphics.Win2D.WinUI.Desktop.dll' -> 'goodrive://www.googleapis.com/:personal:/bannister/bannister/obj/x64/Release/net8.0-windows10.0.19041.0/win-x64/R2R/Microsoft.Maui.Graphics.Win2D.WinUI.Desktop.dll' (126,976)
2026-09-28 05:32:27: Copy Over 'C:/rock/bannister/Bannister/obj/x64/Release/net8.0-windows10.0.19041.0/win-x64/R2R/Microsoft.Windows.ApplicationModel.DynamicDependency.Projection.dll' -> 'goodrive://www.googleapis.com/:personal:/bannister/bannister/obj/x64/Release/net8.0-windows10.0.19041.0/win-x64/R2R/Microsoft.Windows.ApplicationModel.DynamicDependency.Projection.dll' (102,400)
2026-09-28 05:32:29: Copy Over 'C:/rock/bannister/Bannister/obj/x64/Release/net8.0-windows10.0.19041.0/win-x64/R2R/Microsoft.Windows.ApplicationModel.Resources.Projection.dll' -> 'goodrive://www.googleapis.com/:personal:/bannister/bannister/obj/x64/Release/net8.0-windows10.0.19041.0/win-x64/R2R/Microsoft.Windows.ApplicationModel.Resources.Projection.dll' (135,168)
2026-09-28 05:32:29: Copy Over 'C:/rock/bannister/Bannister/obj/x64/Release/net8.0-windows10.0.19041.0/win-x64/R2R/Microsoft.Windows.ApplicationModel.WindowsAppRuntime.Projection.dll' -> 'goodrive://www.googleapis.com/:personal:/bannister/bannister/obj/x64/Release/net8.0-windows10.0.19041.0/win-x64/R2R/Microsoft.Windows.ApplicationModel.WindowsAppRuntime.Projection.dll' (81,920)
2026-09-28 05:32:31: Copy Over 'C:/rock/bannister/Bannister/obj/x64/Release/net8.0-windows10.0.19041.0/win-x64/R2R/Microsoft.Windows.AppLifecycle.Projection.dll' -> 'goodrive://www.googleapis.com/:personal:/bannister/bannister/obj/x64/Release/net8.0-windows10.0.19041.0/win-x64/R2R/Microsoft.Windows.AppLifecycle.Projection.dll' (90,112)
2026-09-28 05:32:33: Copy Over 'C:/rock/bannister/Bannister/obj/x64/Release/net8.0-windows10.0.19041.0/win-x64/R2R/Microsoft.Windows.AppNotifications.Builder.Projection.dll' -> 'goodrive://www.googleapis.com/:personal:/bannister/bannister/obj/x64/Release/net8.0-windows10.0.19041.0/win-x64/R2R/Microsoft.Windows.AppNotifications.Builder.Projection.dll' (131,072)
2026-09-28 05:32:33: Copy Over 'C:/rock/bannister/Bannister/obj/x64/Release/net8.0-windows10.0.19041.0/win-x64/R2R/Microsoft.Windows.AppNotifications.Projection.dll' -> 'goodrive://www.googleapis.com/:personal:/bannister/bannister/obj/x64/Release/net8.0-windows10.0.19041.0/win-x64/R2R/Microsoft.Windows.AppNotifications.Projection.dll' (118,784)
2026-09-28 05:32:33: > Copy Over 'C:/rock/bannister/Bannister/obj/x64/Release/net8.0-windows10.0.19041.0/win-x64/R2R/Microsoft.Windows.SDK.NET.dll' -> 'goodrive://www.googleapis.com/:personal:/bannister/bannister/obj/x64/Release/net8.0-windows10.0.19041.0/win-x64/R2R/Microsoft.Windows.SDK.NET.dll' (56,717,312)
2026-09-28 05:32:35: Copy Over 'C:/rock/bannister/Bannister/obj/x64/Release/net8.0-windows10.0.19041.0/win-x64/R2R/Microsoft.Windows.Management.Deployment.Projection.dll' -> 'goodrive://www.googleapis.com/:personal:/bannister/bannister/obj/x64/Release/net8.0-windows10.0.19041.0/win-x64/R2R/Microsoft.Windows.Management.Deployment.Projection.dll' (217,088)
2026-09-28 05:32:36: Copy Over 'C:/rock/bannister/Bannister/obj/x64/Release/net8.0-windows10.0.19041.0/win-x64/R2R/Microsoft.Windows.PushNotifications.Projection.dll' -> 'goodrive://www.googleapis.com/:personal:/bannister/bannister/obj/x64/Release/net8.0-windows10.0.19041.0/win-x64/R2R/Microsoft.Windows.PushNotifications.Projection.dll' (102,400)
2026-09-28 05:32:38: Copy Over 'C:/rock/bannister/Bannister/obj/x64/Release/net8.0-windows10.0.19041.0/win-x64/R2R/Microsoft.Windows.Security.AccessControl.Projection.dll' -> 'goodrive://www.googleapis.com/:personal:/bannister/bannister/obj/x64/Release/net8.0-windows10.0.19041.0/win-x64/R2R/Microsoft.Windows.Security.AccessControl.Projection.dll' (61,440)
2026-09-28 05:32:40: Copy Over 'C:/rock/bannister/Bannister/obj/x64/Release/net8.0-windows10.0.19041.0/win-x64/R2R/Microsoft.Windows.System.Power.Projection.dll' -> 'goodrive://www.googleapis.com/:personal:/bannister/bannister/obj/x64/Release/net8.0-windows10.0.19041.0/win-x64/R2R/Microsoft.Windows.System.Power.Projection.dll' (81,920)
2026-09-28 05:32:42: < Copy Over 'C:/rock/bannister/Bannister/obj/x64/Release/net8.0-windows10.0.19041.0/win-x64/R2R/Microsoft.Windows.SDK.NET.dll' -> 'goodrive://www.googleapis.com/:personal:/bannister/bannister/obj/x64/Release/net8.0-windows10.0.19041.0/win-x64/R2R/Microsoft.Windows.SDK.NET.dll' (56,717,312)
2026-09-28 05:32:42: Copy Over 'C:/rock/bannister/Bannister/obj/x64/Release/net8.0-windows10.0.19041.0/win-x64/R2R/Microsoft.Windows.System.Projection.dll' -> 'goodrive://www.googleapis.com/:personal:/bannister/bannister/obj/x64/Release/net8.0-windows10.0.19041.0/win-x64/R2R/Microsoft.Windows.System.Projection.dll' (69,632)
2026-09-28 05:32:42: > Copy Over 'C:/rock/bannister/Bannister/obj/x64/Release/net8.0-windows10.0.19041.0/win-x64/R2R/Microsoft.WinUI.dll' -> 'goodrive://www.googleapis.com/:personal:/bannister/bannister/obj/x64/Release/net8.0-windows10.0.19041.0/win-x64/R2R/Microsoft.WinUI.dll' (14,249,984)
2026-09-28 05:32:44: Copy Over 'C:/rock/bannister/Bannister/obj/x64/Release/net8.0-windows10.0.19041.0/win-x64/R2R/Microsoft.Windows.Widgets.Projection.dll' -> 'goodrive://www.googleapis.com/:personal:/bannister/bannister/obj/x64/Release/net8.0-windows10.0.19041.0/win-x64/R2R/Microsoft.Windows.Widgets.Projection.dll' (315,392)
2026-09-28 05:32:44: > Copy Over 'C:/rock/bannister/Bannister/obj/x64/Release/net8.0-windows10.0.19041.0/win-x64/R2R/Newtonsoft.Json.dll' -> 'goodrive://www.googleapis.com/:personal:/bannister/bannister/obj/x64/Release/net8.0-windows10.0.19041.0/win-x64/R2R/Newtonsoft.Json.dll' (1,294,336)
2026-09-28 05:32:46: Copy Over 'C:/rock/bannister/Bannister/obj/x64/Release/net8.0-windows10.0.19041.0/win-x64/R2R/Microsoft.WindowsAppRuntime.Bootstrap.Net.dll' -> 'goodrive://www.googleapis.com/:personal:/bannister/bannister/obj/x64/Release/net8.0-windows10.0.19041.0/win-x64/R2R/Microsoft.WindowsAppRuntime.Bootstrap.Net.dll' (20,480)
2026-09-28 05:32:46: > Copy Over 'C:/rock/bannister/Bannister/obj/x64/Release/net8.0-windows10.0.19041.0/win-x64/R2R/SkiaSharp.dll' -> 'goodrive://www.googleapis.com/:personal:/bannister/bannister/obj/x64/Release/net8.0-windows10.0.19041.0/win-x64/R2R/SkiaSharp.dll' (1,277,952)
2026-09-28 05:32:47: < Copy Over 'C:/rock/bannister/Bannister/obj/x64/Release/net8.0-windows10.0.19041.0/win-x64/R2R/Newtonsoft.Json.dll' -> 'goodrive://www.googleapis.com/:personal:/bannister/bannister/obj/x64/Release/net8.0-windows10.0.19041.0/win-x64/R2R/Newtonsoft.Json.dll' (1,294,336)
2026-09-28 05:32:48: < Copy Over 'C:/rock/bannister/Bannister/obj/x64/Release/net8.0-windows10.0.19041.0/win-x64/R2R/Microsoft.WinUI.dll' -> 'goodrive://www.googleapis.com/:personal:/bannister/bannister/obj/x64/Release/net8.0-windows10.0.19041.0/win-x64/R2R/Microsoft.WinUI.dll' (14,249,984)
2026-09-28 05:32:50: < Copy Over 'C:/rock/bannister/Bannister/obj/x64/Release/net8.0-windows10.0.19041.0/win-x64/R2R/SkiaSharp.dll' -> 'goodrive://www.googleapis.com/:personal:/bannister/bannister/obj/x64/Release/net8.0-windows10.0.19041.0/win-x64/R2R/SkiaSharp.dll' (1,277,952)
2026-09-28 05:32:51: Copy Over 'C:/rock/bannister/Bannister/obj/x64/Release/net8.0-windows10.0.19041.0/win-x64/R2R/SQLite-net.dll' -> 'goodrive://www.googleapis.com/:personal:/bannister/bannister/obj/x64/Release/net8.0-windows10.0.19041.0/win-x64/R2R/SQLite-net.dll' (290,816)
2026-09-28 05:32:51: Copy Over 'C:/rock/bannister/Bannister/obj/x64/Release/net8.0-windows10.0.19041.0/win-x64/R2R/SQLitePCLRaw.batteries_v2.dll' -> 'goodrive://www.googleapis.com/:personal:/bannister/bannister/obj/x64/Release/net8.0-windows10.0.19041.0/win-x64/R2R/SQLitePCLRaw.batteries_v2.dll' (20,480)
2026-09-28 05:32:53: Copy Over 'C:/rock/bannister/Bannister/obj/x64/Release/net8.0-windows10.0.19041.0/win-x64/R2R/SQLitePCLRaw.core.dll' -> 'goodrive://www.googleapis.com/:personal:/bannister/bannister/obj/x64/Release/net8.0-windows10.0.19041.0/win-x64/R2R/SQLitePCLRaw.core.dll' (110,592)
2026-09-28 05:32:53: > Copy Over 'C:/rock/bannister/Bannister/obj/x64/Release/net8.0-windows10.0.19041.0/win-x64/R2R/System.Speech.dll' -> 'goodrive://www.googleapis.com/:personal:/bannister/bannister/obj/x64/Release/net8.0-windows10.0.19041.0/win-x64/R2R/System.Speech.dll' (1,425,408)
2026-09-28 05:32:54: Copy Over 'C:/rock/bannister/Bannister/obj/x64/Release/net8.0-windows10.0.19041.0/win-x64/R2R/SQLitePCLRaw.provider.e_sqlcipher.dll' -> 'goodrive://www.googleapis.com/:personal:/bannister/bannister/obj/x64/Release/net8.0-windows10.0.19041.0/win-x64/R2R/SQLitePCLRaw.provider.e_sqlcipher.dll' (90,112)
2026-09-28 05:32:54: > Copy Over 'C:/rock/bannister/Bannister/obj/x64/Release/net8.0-windows10.0.19041.0/win-x64/R2R/WinRT.Runtime.dll' -> 'goodrive://www.googleapis.com/:personal:/bannister/bannister/obj/x64/Release/net8.0-windows10.0.19041.0/win-x64/R2R/WinRT.Runtime.dll' (1,392,640)
2026-09-28 05:32:55: Copy Over 'C:/rock/bannister/Bannister/obj/x64/Release/net8.0-windows10.0.19041.0/win-x64/R2R/SQLitePCLRaw.provider.e_sqlite3.dll' -> 'goodrive://www.googleapis.com/:personal:/bannister/bannister/obj/x64/Release/net8.0-windows10.0.19041.0/win-x64/R2R/SQLitePCLRaw.provider.e_sqlite3.dll' (86,016)
2026-09-28 05:32:57: < Copy Over 'C:/rock/bannister/Bannister/obj/x64/Release/net8.0-windows10.0.19041.0/win-x64/R2R/System.Speech.dll' -> 'goodrive://www.googleapis.com/:personal:/bannister/bannister/obj/x64/Release/net8.0-windows10.0.19041.0/win-x64/R2R/System.Speech.dll' (1,425,408)
2026-09-28 05:32:58: < Copy Over 'C:/rock/bannister/Bannister/obj/x64/Release/net8.0-windows10.0.19041.0/win-x64/R2R/WinRT.Runtime.dll' -> 'goodrive://www.googleapis.com/:personal:/bannister/bannister/obj/x64/Release/net8.0-windows10.0.19041.0/win-x64/R2R/WinRT.Runtime.dll' (1,392,640)
2026-09-28 05:32:59: Copy Over 'C:/rock/bannister/Bannister/obj/x64/Release/net8.0-windows10.0.19041.0/win-x64/R2R/Xabe.FFmpeg.dll' -> 'goodrive://www.googleapis.com/:personal:/bannister/bannister/obj/x64/Release/net8.0-windows10.0.19041.0/win-x64/R2R/Xabe.FFmpeg.dll' (331,776)
2026-09-28 05:32:59: > Copy Over 'C:/rock/bannister/Bannister/obj/x64/Release/net8.0-windows10.0.19041.0/win-x64/refint/Bannister.dll' -> 'goodrive://www.googleapis.com/:personal:/bannister/bannister/obj/x64/Release/net8.0-windows10.0.19041.0/win-x64/refint/Bannister.dll' (2,016,256)
2026-09-28 05:33:01: Copy Over 'C:/rock/bannister/Bannister/obj/x64/Release/net8.0-windows10.0.19041.0/win-x64/R2R/Xabe.FFmpeg.Downloader.dll' -> 'goodrive://www.googleapis.com/:personal:/bannister/bannister/obj/x64/Release/net8.0-windows10.0.19041.0/win-x64/R2R/Xabe.FFmpeg.Downloader.dll' (65,536)
2026-09-28 05:33:02: Copy Over 'C:/rock/bannister/Bannister/obj/x64/Release/net8.0-windows10.0.19041.0/win-x64/resources.resfiles.intermediate' -> 'goodrive://www.googleapis.com/:personal:/bannister/bannister/obj/x64/Release/net8.0-windows10.0.19041.0/win-x64/resources.resfiles.intermediate' (0)
2026-09-28 05:33:02: < Copy Over 'C:/rock/bannister/Bannister/obj/x64/Release/net8.0-windows10.0.19041.0/win-x64/refint/Bannister.dll' -> 'goodrive://www.googleapis.com/:personal:/bannister/bannister/obj/x64/Release/net8.0-windows10.0.19041.0/win-x64/refint/Bannister.dll' (2,016,256)
2026-09-28 05:33:05: Copy Over 'C:/rock/bannister/Bannister/obj/x64/Release/net8.0-windows10.0.19041.0/win-x64/unfiltered.layout.resfiles.intermediate' -> 'goodrive://www.googleapis.com/:personal:/bannister/bannister/obj/x64/Release/net8.0-windows10.0.19041.0/win-x64/unfiltered.layout.resfiles.intermediate' (2,329)
2026-09-28 05:33:05: > Copy Over 'C:/rock/bannister/Bannister/obj/x64/Debug/net8.0-android/android/assets/Bannister.dll' -> 'goodrive://www.googleapis.com/:personal:/bannister/bannister/obj/x64/Debug/net8.0-android/android/assets/Bannister.dll' (8,246,272)
2026-09-28 05:33:05: Copy Over 'C:/rock/bannister/Bannister/obj/x64/Release/net8.0-windows10.0.19041.0/win-x64/XamlC.stamp' -> 'goodrive://www.googleapis.com/:personal:/bannister/bannister/obj/x64/Release/net8.0-windows10.0.19041.0/win-x64/XamlC.stamp' (0)
2026-09-28 05:33:05: > Copy Over 'C:/rock/bannister/Bannister/obj/x64/Debug/net8.0-android/android/bin/classes.dex' -> 'goodrive://www.googleapis.com/:personal:/bannister/bannister/obj/x64/Debug/net8.0-android/android/bin/classes.dex' (8,171,880)
2026-09-28 05:33:06: Copy Over 'C:/rock/bannister/Bannister/obj/x64/Release/net8.0-windows10.0.19041.0/win-x64/XamlSaveStateFile.xml' -> 'goodrive://www.googleapis.com/:personal:/bannister/bannister/obj/x64/Release/net8.0-windows10.0.19041.0/win-x64/XamlSaveStateFile.xml' (809)
2026-09-28 05:33:09: < Copy Over 'C:/rock/bannister/Bannister/obj/x64/Debug/net8.0-android/android/assets/Bannister.dll' -> 'goodrive://www.googleapis.com/:personal:/bannister/bannister/obj/x64/Debug/net8.0-android/android/assets/Bannister.dll' (8,246,272)
2026-09-28 05:33:10: < Copy Over 'C:/rock/bannister/Bannister/obj/x64/Debug/net8.0-android/android/bin/classes.dex' -> 'goodrive://www.googleapis.com/:personal:/bannister/bannister/obj/x64/Debug/net8.0-android/android/bin/classes.dex' (8,171,880)
2026-09-28 05:33:10: Copy Over 'C:/rock/bannister/Bannister/obj/x64/Debug/net8.0-android/android/bin/classes/androidx/activity/ktx/R.class' -> 'goodrive://www.googleapis.com/:personal:/bannister/bannister/obj/x64/Debug/net8.0-android/android/bin/classes/androidx/activity/ktx/R.class' (198)
2026-09-28 05:33:13: Copy Over 'C:/rock/bannister/Bannister/obj/x64/Debug/net8.0-android/android/bin/classes/com/bannister/app/R$anim.class' -> 'goodrive://www.googleapis.com/:personal:/bannister/bannister/obj/x64/Debug/net8.0-android/android/bin/classes/com/bannister/app/R$anim.class' (2,906)
2026-09-28 05:33:13: Copy Over 'C:/rock/bannister/Bannister/obj/x64/Debug/net8.0-android/android/bin/classes/com/bannister/app/R$animator.class' -> 'goodrive://www.googleapis.com/:personal:/bannister/bannister/obj/x64/Debug/net8.0-android/android/bin/classes/com/bannister/app/R$animator.class' (2,331)
2026-09-28 05:33:13: Copy Over 'C:/rock/bannister/Bannister/obj/x64/Debug/net8.0-android/android/bin/classes/com/bannister/app/R$attr.class' -> 'goodrive://www.googleapis.com/:personal:/bannister/bannister/obj/x64/Debug/net8.0-android/android/bin/classes/com/bannister/app/R$attr.class' (54,839)
2026-09-28 05:33:16: Copy Over 'C:/rock/bannister/Bannister/obj/x64/Debug/net8.0-android/android/bin/classes/com/bannister/app/R$bool.class' -> 'goodrive://www.googleapis.com/:personal:/bannister/bannister/obj/x64/Debug/net8.0-android/android/bin/classes/com/bannister/app/R$bool.class' (443)
2026-09-28 05:33:17: Copy Over 'C:/rock/bannister/Bannister/obj/x64/Debug/net8.0-android/android/bin/classes/com/bannister/app/R$color.class' -> 'goodrive://www.googleapis.com/:personal:/bannister/bannister/obj/x64/Debug/net8.0-android/android/bin/classes/com/bannister/app/R$color.class' (42,362)
2026-09-28 05:33:17: Copy Over 'C:/rock/bannister/Bannister/obj/x64/Debug/net8.0-android/android/bin/classes/com/bannister/app/R$dimen.class' -> 'goodrive://www.googleapis.com/:personal:/bannister/bannister/obj/x64/Debug/net8.0-android/android/bin/classes/com/bannister/app/R$dimen.class' (46,419)
2026-09-28 05:33:20: Copy Over 'C:/rock/bannister/Bannister/obj/x64/Debug/net8.0-android/android/bin/classes/com/bannister/app/R$id.class' -> 'goodrive://www.googleapis.com/:personal:/bannister/bannister/obj/x64/Debug/net8.0-android/android/bin/classes/com/bannister/app/R$id.class' (20,962)
2026-09-28 05:33:20: Copy Over 'C:/rock/bannister/Bannister/obj/x64/Debug/net8.0-android/android/bin/classes/com/bannister/app/R$drawable.class' -> 'goodrive://www.googleapis.com/:personal:/bannister/bannister/obj/x64/Debug/net8.0-android/android/bin/classes/com/bannister/app/R$drawable.class' (10,686)
2026-09-28 05:33:22: Copy Over 'C:/rock/bannister/Bannister/obj/x64/Debug/net8.0-android/android/bin/classes/com/bannister/app/R$integer.class' -> 'goodrive://www.googleapis.com/:personal:/bannister/bannister/obj/x64/Debug/net8.0-android/android/bin/classes/com/bannister/app/R$integer.class' (3,932)
2026-09-28 05:33:23: Copy Over 'C:/rock/bannister/Bannister/obj/x64/Debug/net8.0-android/android/bin/classes/com/bannister/app/R$interpolator.class' -> 'goodrive://www.googleapis.com/:personal:/bannister/bannister/obj/x64/Debug/net8.0-android/android/bin/classes/com/bannister/app/R$interpolator.class' (1,370)
2026-09-28 05:33:23: Copy Over 'C:/rock/bannister/Bannister/obj/x64/Debug/net8.0-android/android/bin/classes/com/bannister/app/R$layout.class' -> 'goodrive://www.googleapis.com/:personal:/bannister/bannister/obj/x64/Debug/net8.0-android/android/bin/classes/com/bannister/app/R$layout.class' (5,883)
2026-09-28 05:33:25: Copy Over 'C:/rock/bannister/Bannister/obj/x64/Debug/net8.0-android/android/bin/classes/com/bannister/app/R$mipmap.class' -> 'goodrive://www.googleapis.com/:personal:/bannister/bannister/obj/x64/Debug/net8.0-android/android/bin/classes/com/bannister/app/R$mipmap.class' (438)
2026-09-28 05:33:27: Copy Over 'C:/rock/bannister/Bannister/obj/x64/Debug/net8.0-android/android/bin/classes/com/bannister/app/R$plurals.class' -> 'goodrive://www.googleapis.com/:personal:/bannister/bannister/obj/x64/Debug/net8.0-android/android/bin/classes/com/bannister/app/R$plurals.class' (342)
2026-09-28 05:33:27: Copy Over 'C:/rock/bannister/Bannister/obj/x64/Debug/net8.0-android/android/bin/classes/com/bannister/app/R$string.class' -> 'goodrive://www.googleapis.com/:personal:/bannister/bannister/obj/x64/Debug/net8.0-android/android/bin/classes/com/bannister/app/R$string.class' (9,918)
2026-09-28 05:33:29: Copy Over 'C:/rock/bannister/Bannister/obj/x64/Debug/net8.0-android/android/bin/classes/com/bannister/app/R$style.class' -> 'goodrive://www.googleapis.com/:personal:/bannister/bannister/obj/x64/Debug/net8.0-android/android/bin/classes/com/bannister/app/R$style.class' (73,620)
2026-09-28 05:33:30: Copy Over 'C:/rock/bannister/Bannister/obj/x64/Debug/net8.0-android/android/bin/classes/com/bannister/app/R$xml.class' -> 'goodrive://www.googleapis.com/:personal:/bannister/bannister/obj/x64/Debug/net8.0-android/android/bin/classes/com/bannister/app/R$xml.class' (398)
2026-09-28 05:33:33: Copy Over 'C:/rock/bannister/Bannister/obj/x64/Debug/net8.0-android/android/bin/classes/com/bannister/app/R$styleable.class' -> 'goodrive://www.googleapis.com/:personal:/bannister/bannister/obj/x64/Debug/net8.0-android/android/bin/classes/com/bannister/app/R$styleable.class' (130,989)
2026-09-28 05:33:33: Copy Over 'C:/rock/bannister/Bannister/obj/x64/Debug/net8.0-android/android/bin/classes/com/bannister/app/R.class' -> 'goodrive://www.googleapis.com/:personal:/bannister/bannister/obj/x64/Debug/net8.0-android/android/bin/classes/com/bannister/app/R.class' (1,048)
2026-09-28 05:33:35: Copy Over 'C:/rock/bannister/Bannister/obj/x64/Debug/net8.0-android/android/bin/classes/androidx/activity/R$id.class' -> 'goodrive://www.googleapis.com/:personal:/bannister/bannister/obj/x64/Debug/net8.0-android/android/bin/classes/androidx/activity/R$id.class' (380)
2026-09-28 05:33:36: Copy Over 'C:/rock/bannister/Bannister/obj/x64/Debug/net8.0-android/android/bin/classes/androidx/activity/R.class' -> 'goodrive://www.googleapis.com/:personal:/bannister/bannister/obj/x64/Debug/net8.0-android/android/bin/classes/androidx/activity/R.class' (258)
2026-09-28 05:33:37: Copy Over 'C:/rock/bannister/Bannister/obj/x64/Debug/net8.0-android/android/bin/classes/com/bumptech/glide/gifdecoder/R.class' -> 'goodrive://www.googleapis.com/:personal:/bannister/bannister/obj/x64/Debug/net8.0-android/android/bin/classes/com/bumptech/glide/gifdecoder/R.class' (206)
2026-09-28 05:33:38: Copy Over 'C:/rock/bannister/Bannister/obj/x64/Debug/net8.0-android/android/bin/classes/com/google/android/material/R$anim.class' -> 'goodrive://www.googleapis.com/:personal:/bannister/bannister/obj/x64/Debug/net8.0-android/android/bin/classes/com/google/android/material/R$anim.class' (2,592)
2026-09-28 05:33:39: Copy Over 'C:/rock/bannister/Bannister/obj/x64/Debug/net8.0-android/android/bin/classes/com/google/android/material/R$animator.class' -> 'goodrive://www.googleapis.com/:personal:/bannister/bannister/obj/x64/Debug/net8.0-android/android/bin/classes/com/google/android/material/R$animator.class' (2,161)
2026-09-28 05:33:41: Copy Over 'C:/rock/bannister/Bannister/obj/x64/Debug/net8.0-android/android/bin/classes/com/google/android/material/R$attr.class' -> 'goodrive://www.googleapis.com/:personal:/bannister/bannister/obj/x64/Debug/net8.0-android/android/bin/classes/com/google/android/material/R$attr.class' (49,187)
2026-09-28 05:33:41: Copy Over 'C:/rock/bannister/Bannister/obj/x64/Debug/net8.0-android/android/bin/classes/com/google/android/material/R$bool.class' -> 'goodrive://www.googleapis.com/:personal:/bannister/bannister/obj/x64/Debug/net8.0-android/android/bin/classes/com/google/android/material/R$bool.class' (463)
2026-09-28 05:33:43: Copy Over 'C:/rock/bannister/Bannister/obj/x64/Debug/net8.0-android/android/bin/classes/com/google/android/material/R$color.class' -> 'goodrive://www.googleapis.com/:personal:/bannister/bannister/obj/x64/Debug/net8.0-android/android/bin/classes/com/google/android/material/R$color.class' (41,872)
2026-09-28 05:33:44: Copy Over 'C:/rock/bannister/Bannister/obj/x64/Debug/net8.0-android/android/bin/classes/com/google/android/material/R$dimen.class' -> 'goodrive://www.googleapis.com/:personal:/bannister/bannister/obj/x64/Debug/net8.0-android/android/bin/classes/com/google/android/material/R$dimen.class' (46,259)
2026-09-28 05:33:45: Copy Over 'C:/rock/bannister/Bannister/obj/x64/Debug/net8.0-android/android/bin/classes/com/google/android/material/R$drawable.class' -> 'goodrive://www.googleapis.com/:personal:/bannister/bannister/obj/x64/Debug/net8.0-android/android/bin/classes/com/google/android/material/R$drawable.class' (9,708)
2026-09-28 05:33:48: Copy Over 'C:/rock/bannister/Bannister/obj/x64/Debug/net8.0-android/android/bin/classes/com/google/android/material/R$integer.class' -> 'goodrive://www.googleapis.com/:personal:/bannister/bannister/obj/x64/Debug/net8.0-android/android/bin/classes/com/google/android/material/R$integer.class' (3,910)
2026-09-28 05:33:48: Copy Over 'C:/rock/bannister/Bannister/obj/x64/Debug/net8.0-android/android/bin/classes/com/google/android/material/R$interpolator.class' -> 'goodrive://www.googleapis.com/:personal:/bannister/bannister/obj/x64/Debug/net8.0-android/android/bin/classes/com/google/android/material/R$interpolator.class' (1,390)
2026-09-28 05:33:49: Copy Over 'C:/rock/bannister/Bannister/obj/x64/Debug/net8.0-android/android/bin/classes/com/google/android/material/R$id.class' -> 'goodrive://www.googleapis.com/:personal:/bannister/bannister/obj/x64/Debug/net8.0-android/android/bin/classes/com/google/android/material/R$id.class' (16,168)
2026-09-28 05:33:52: Copy Over 'C:/rock/bannister/Bannister/obj/x64/Debug/net8.0-android/android/bin/classes/com/google/android/material/R$plurals.class' -> 'goodrive://www.googleapis.com/:personal:/bannister/bannister/obj/x64/Debug/net8.0-android/android/bin/classes/com/google/android/material/R$plurals.class' (362)
2026-09-28 05:33:52: Copy Over 'C:/rock/bannister/Bannister/obj/x64/Debug/net8.0-android/android/bin/classes/com/google/android/material/R$layout.class' -> 'goodrive://www.googleapis.com/:personal:/bannister/bannister/obj/x64/Debug/net8.0-android/android/bin/classes/com/google/android/material/R$layout.class' (5,537)
2026-09-28 05:33:54: Copy Over 'C:/rock/bannister/Bannister/obj/x64/Debug/net8.0-android/android/bin/classes/com/google/android/material/R$string.class' -> 'goodrive://www.googleapis.com/:personal:/bannister/bannister/obj/x64/Debug/net8.0-android/android/bin/classes/com/google/android/material/R$string.class' (9,069)
2026-09-28 05:33:55: Copy Over 'C:/rock/bannister/Bannister/obj/x64/Debug/net8.0-android/android/bin/classes/com/google/android/material/R$style.class' -> 'goodrive://www.googleapis.com/:personal:/bannister/bannister/obj/x64/Debug/net8.0-android/android/bin/classes/com/google/android/material/R$style.class' (73,038)
2026-09-28 05:33:55: Copy Over 'C:/rock/bannister/Bannister/obj/x64/Debug/net8.0-android/android/bin/classes/com/google/android/material/R$styleable.class' -> 'goodrive://www.googleapis.com/:personal:/bannister/bannister/obj/x64/Debug/net8.0-android/android/bin/classes/com/google/android/material/R$styleable.class' (109,039)
2026-09-28 05:33:57: Copy Over 'C:/rock/bannister/Bannister/obj/x64/Debug/net8.0-android/android/bin/classes/com/google/android/material/R.class' -> 'goodrive://www.googleapis.com/:personal:/bannister/bannister/obj/x64/Debug/net8.0-android/android/bin/classes/com/google/android/material/R.class' (1,116)
2026-09-28 05:33:59: Copy Over 'C:/rock/bannister/Bannister/obj/x64/Debug/net8.0-android/android/bin/classes/com/bumptech/glide/R$anim.class' -> 'goodrive://www.googleapis.com/:personal:/bannister/bannister/obj/x64/Debug/net8.0-android/android/bin/classes/com/bumptech/glide/R$anim.class' (1,681)
2026-09-28 05:33:59: Copy Over 'C:/rock/bannister/Bannister/obj/x64/Debug/net8.0-android/android/bin/classes/com/google/android/material/snackbar/Snackbar_SnackbarActionClickImplementor.class' -> 'goodrive://www.googleapis.com/:personal:/bannister/bannister/obj/x64/Debug/net8.0-android/android/bin/classes/com/google/android/material/snackbar/Snackbar_SnackbarActionClickImplementor.class' (1,698)
2026-09-28 05:34:01: Copy Over 'C:/rock/bannister/Bannister/obj/x64/Debug/net8.0-android/android/bin/classes/com/bumptech/glide/R$animator.class' -> 'goodrive://www.googleapis.com/:personal:/bannister/bannister/obj/x64/Debug/net8.0-android/android/bin/classes/com/bumptech/glide/R$animator.class' (549)
2026-09-28 05:34:02: Copy Over 'C:/rock/bannister/Bannister/obj/x64/Debug/net8.0-android/android/bin/classes/com/bumptech/glide/R$attr.class' -> 'goodrive://www.googleapis.com/:personal:/bannister/bannister/obj/x64/Debug/net8.0-android/android/bin/classes/com/bumptech/glide/R$attr.class' (11,893)
2026-09-28 05:34:02: Copy Over 'C:/rock/bannister/Bannister/obj/x64/Debug/net8.0-android/android/bin/classes/com/bumptech/glide/R$bool.class' -> 'goodrive://www.googleapis.com/:personal:/bannister/bannister/obj/x64/Debug/net8.0-android/android/bin/classes/com/bumptech/glide/R$bool.class' (389)
2026-09-28 05:34:04: Copy Over 'C:/rock/bannister/Bannister/obj/x64/Debug/net8.0-android/android/bin/classes/com/bumptech/glide/R$color.class' -> 'goodrive://www.googleapis.com/:personal:/bannister/bannister/obj/x64/Debug/net8.0-android/android/bin/classes/com/bumptech/glide/R$color.class' (4,868)
2026-09-28 05:34:05: Copy Over 'C:/rock/bannister/Bannister/obj/x64/Debug/net8.0-android/android/bin/classes/com/bumptech/glide/R$dimen.class' -> 'goodrive://www.googleapis.com/:personal:/bannister/bannister/obj/x64/Debug/net8.0-android/android/bin/classes/com/bumptech/glide/R$dimen.class' (7,012)
2026-09-28 05:34:06: Copy Over 'C:/rock/bannister/Bannister/obj/x64/Debug/net8.0-android/android/bin/classes/com/bumptech/glide/R$drawable.class' -> 'goodrive://www.googleapis.com/:personal:/bannister/bannister/obj/x64/Debug/net8.0-android/android/bin/classes/com/bumptech/glide/R$drawable.class' (5,651)
2026-09-28 05:34:08: Copy Over 'C:/rock/bannister/Bannister/obj/x64/Debug/net8.0-android/android/bin/classes/com/bumptech/glide/R$id.class' -> 'goodrive://www.googleapis.com/:personal:/bannister/bannister/obj/x64/Debug/net8.0-android/android/bin/classes/com/bumptech/glide/R$id.class' (6,760)
2026-09-28 05:34:08: Copy Over 'C:/rock/bannister/Bannister/obj/x64/Debug/net8.0-android/android/bin/classes/com/bumptech/glide/R$integer.class' -> 'goodrive://www.googleapis.com/:personal:/bannister/bannister/obj/x64/Debug/net8.0-android/android/bin/classes/com/bumptech/glide/R$integer.class' (548)
2026-09-28 05:34:10: Copy Over 'C:/rock/bannister/Bannister/obj/x64/Debug/net8.0-android/android/bin/classes/com/bumptech/glide/R$interpolator.class' -> 'goodrive://www.googleapis.com/:personal:/bannister/bannister/obj/x64/Debug/net8.0-android/android/bin/classes/com/bumptech/glide/R$interpolator.class' (779)
2026-09-28 05:34:11: Copy Over 'C:/rock/bannister/Bannister/obj/x64/Debug/net8.0-android/android/bin/classes/com/bumptech/glide/R$layout.class' -> 'goodrive://www.googleapis.com/:personal:/bannister/bannister/obj/x64/Debug/net8.0-android/android/bin/classes/com/bumptech/glide/R$layout.class' (2,280)
2026-09-28 05:34:12: Copy Over 'C:/rock/bannister/Bannister/obj/x64/Debug/net8.0-android/android/bin/classes/com/bumptech/glide/R$string.class' -> 'goodrive://www.googleapis.com/:personal:/bannister/bannister/obj/x64/Debug/net8.0-android/android/bin/classes/com/bumptech/glide/R$string.class' (1,832)
2026-09-28 05:34:14: Copy Over 'C:/rock/bannister/Bannister/obj/x64/Debug/net8.0-android/android/bin/classes/com/bumptech/glide/R$style.class' -> 'goodrive://www.googleapis.com/:personal:/bannister/bannister/obj/x64/Debug/net8.0-android/android/bin/classes/com/bumptech/glide/R$style.class' (21,850)
2026-09-28 05:34:14: Copy Over 'C:/rock/bannister/Bannister/obj/x64/Debug/net8.0-android/android/bin/classes/com/bumptech/glide/R$styleable.class' -> 'goodrive://www.googleapis.com/:personal:/bannister/bannister/obj/x64/Debug/net8.0-android/android/bin/classes/com/bumptech/glide/R$styleable.class' (29,637)
2026-09-28 05:34:16: Copy Over 'C:/rock/bannister/Bannister/obj/x64/Debug/net8.0-android/android/bin/classes/com/bumptech/glide/R.class' -> 'goodrive://www.googleapis.com/:personal:/bannister/bannister/obj/x64/Debug/net8.0-android/android/bin/classes/com/bumptech/glide/R.class' (920)
2026-09-28 05:34:18: Copy Over 'C:/rock/bannister/Bannister/obj/x64/Debug/net8.0-android/android/bin/classes/com/microsoft/maui/R$anim.class' -> 'goodrive://www.googleapis.com/:personal:/bannister/bannister/obj/x64/Debug/net8.0-android/android/bin/classes/com/microsoft/maui/R$anim.class' (2,574)
2026-09-28 05:34:18: Copy Over 'C:/rock/bannister/Bannister/obj/x64/Debug/net8.0-android/android/bin/classes/androidx/annotation/experimental/R.class' -> 'goodrive://www.googleapis.com/:personal:/bannister/bannister/obj/x64/Debug/net8.0-android/android/bin/classes/androidx/annotation/experimental/R.class' (209)
2026-09-28 05:34:20: Copy Over 'C:/rock/bannister/Bannister/obj/x64/Debug/net8.0-android/android/bin/classes/com/microsoft/maui/R$animator.class' -> 'goodrive://www.googleapis.com/:personal:/bannister/bannister/obj/x64/Debug/net8.0-android/android/bin/classes/com/microsoft/maui/R$animator.class' (2,143)
2026-09-28 05:34:22: Copy Over 'C:/rock/bannister/Bannister/obj/x64/Debug/net8.0-android/android/bin/classes/com/microsoft/maui/R$bool.class' -> 'goodrive://www.googleapis.com/:personal:/bannister/bannister/obj/x64/Debug/net8.0-android/android/bin/classes/com/microsoft/maui/R$bool.class' (445)
2026-09-28 05:34:22: Copy Over 'C:/rock/bannister/Bannister/obj/x64/Debug/net8.0-android/android/bin/classes/com/microsoft/maui/R$attr.class' -> 'goodrive://www.googleapis.com/:personal:/bannister/bannister/obj/x64/Debug/net8.0-android/android/bin/classes/com/microsoft/maui/R$attr.class' (50,072)
2026-09-28 05:34:23: Copy Over 'C:/rock/bannister/Bannister/obj/x64/Debug/net8.0-android/android/bin/classes/com/microsoft/maui/R$color.class' -> 'goodrive://www.googleapis.com/:personal:/bannister/bannister/obj/x64/Debug/net8.0-android/android/bin/classes/com/microsoft/maui/R$color.class' (41,854)
2026-09-28 05:34:25: Copy Over 'C:/rock/bannister/Bannister/obj/x64/Debug/net8.0-android/android/bin/classes/com/microsoft/maui/R$dimen.class' -> 'goodrive://www.googleapis.com/:personal:/bannister/bannister/obj/x64/Debug/net8.0-android/android/bin/classes/com/microsoft/maui/R$dimen.class' (46,241)
2026-09-28 05:34:26: Copy Over 'C:/rock/bannister/Bannister/obj/x64/Debug/net8.0-android/android/bin/classes/com/microsoft/maui/R$drawable.class' -> 'goodrive://www.googleapis.com/:personal:/bannister/bannister/obj/x64/Debug/net8.0-android/android/bin/classes/com/microsoft/maui/R$drawable.class' (9,690)
2026-09-28 05:34:27: Copy Over 'C:/rock/bannister/Bannister/obj/x64/Debug/net8.0-android/android/bin/classes/com/microsoft/maui/R$id.class' -> 'goodrive://www.googleapis.com/:personal:/bannister/bannister/obj/x64/Debug/net8.0-android/android/bin/classes/com/microsoft/maui/R$id.class' (16,574)
2026-09-28 05:34:29: Copy Over 'C:/rock/bannister/Bannister/obj/x64/Debug/net8.0-android/android/bin/classes/com/microsoft/maui/R$integer.class' -> 'goodrive://www.googleapis.com/:personal:/bannister/bannister/obj/x64/Debug/net8.0-android/android/bin/classes/com/microsoft/maui/R$integer.class' (3,892)
2026-09-28 05:34:29: Copy Over 'C:/rock/bannister/Bannister/obj/x64/Debug/net8.0-android/android/bin/classes/com/microsoft/maui/R$interpolator.class' -> 'goodrive://www.googleapis.com/:personal:/bannister/bannister/obj/x64/Debug/net8.0-android/android/bin/classes/com/microsoft/maui/R$interpolator.class' (1,372)
2026-09-28 05:34:30: Copy Over 'C:/rock/bannister/Bannister/obj/x64/Debug/net8.0-android/android/bin/classes/com/microsoft/maui/R$layout.class' -> 'goodrive://www.googleapis.com/:personal:/bannister/bannister/obj/x64/Debug/net8.0-android/android/bin/classes/com/microsoft/maui/R$layout.class' (5,519)
2026-09-28 05:34:32: Copy Over 'C:/rock/bannister/Bannister/obj/x64/Debug/net8.0-android/android/bin/classes/com/microsoft/maui/R$plurals.class' -> 'goodrive://www.googleapis.com/:personal:/bannister/bannister/obj/x64/Debug/net8.0-android/android/bin/classes/com/microsoft/maui/R$plurals.class' (344)
2026-09-28 05:34:33: Copy Over 'C:/rock/bannister/Bannister/obj/x64/Debug/net8.0-android/android/bin/classes/com/microsoft/maui/R$string.class' -> 'goodrive://www.googleapis.com/:personal:/bannister/bannister/obj/x64/Debug/net8.0-android/android/bin/classes/com/microsoft/maui/R$string.class' (9,092)
2026-09-28 05:34:35: Copy Over 'C:/rock/bannister/Bannister/obj/x64/Debug/net8.0-android/android/bin/classes/com/microsoft/maui/R$style.class' -> 'goodrive://www.googleapis.com/:personal:/bannister/bannister/obj/x64/Debug/net8.0-android/android/bin/classes/com/microsoft/maui/R$style.class' (73,020)
2026-09-28 05:34:36: Copy Over 'C:/rock/bannister/Bannister/obj/x64/Debug/net8.0-android/android/bin/classes/com/microsoft/maui/R$styleable.class' -> 'goodrive://www.googleapis.com/:personal:/bannister/bannister/obj/x64/Debug/net8.0-android/android/bin/classes/com/microsoft/maui/R$styleable.class' (111,244)
2026-09-28 05:34:37: Copy Over 'C:/rock/bannister/Bannister/obj/x64/Debug/net8.0-android/android/bin/classes/com/microsoft/maui/R.class' -> 'goodrive://www.googleapis.com/:personal:/bannister/bannister/obj/x64/Debug/net8.0-android/android/bin/classes/com/microsoft/maui/R.class' (972)
2026-09-28 05:34:38: Copy Over 'C:/rock/bannister/Bannister/obj/x64/Debug/net8.0-android/android/bin/classes/androidx/appcompat/app/AlertDialog_IDialogInterfaceOnCancelListenerImplementor.class' -> 'goodrive://www.googleapis.com/:personal:/bannister/bannister/obj/x64/Debug/net8.0-android/android/bin/classes/androidx/appcompat/app/AlertDialog_IDialogInterfaceOnCancelListenerImplementor.class' (1,806)
2026-09-28 05:34:40: Copy Over 'C:/rock/bannister/Bannister/obj/x64/Debug/net8.0-android/android/bin/classes/androidx/arch/core/R.class' -> 'goodrive://www.googleapis.com/:personal:/bannister/bannister/obj/x64/Debug/net8.0-android/android/bin/classes/androidx/arch/core/R.class' (195)
2026-09-28 05:34:41: Copy Over 'C:/rock/bannister/Bannister/obj/x64/Debug/net8.0-android/android/bin/classes/androidx/appcompat/app/AlertDialog_IDialogInterfaceOnClickListenerImplementor.class' -> 'goodrive://www.googleapis.com/:personal:/bannister/bannister/obj/x64/Debug/net8.0-android/android/bin/classes/androidx/appcompat/app/AlertDialog_IDialogInterfaceOnClickListenerImplementor.class' (1,800)
2026-09-28 05:34:42: Copy Over 'C:/rock/bannister/Bannister/obj/x64/Debug/net8.0-android/android/bin/classes/androidx/appcompat/app/AlertDialog_IDialogInterfaceOnMultiChoiceClickListenerImplementor.class' -> 'goodrive://www.googleapis.com/:personal:/bannister/bannister/obj/x64/Debug/net8.0-android/android/bin/classes/androidx/appcompat/app/AlertDialog_IDialogInterfaceOnMultiChoiceClickListenerImplementor.class' (1,870)
2026-09-28 05:34:43: Copy Over 'C:/rock/bannister/Bannister/obj/x64/Debug/net8.0-android/android/bin/classes/androidx/appcompat/R$anim.class' -> 'goodrive://www.googleapis.com/:personal:/bannister/bannister/obj/x64/Debug/net8.0-android/android/bin/classes/androidx/appcompat/R$anim.class' (1,626)
2026-09-28 05:34:44: Copy Over 'C:/rock/bannister/Bannister/obj/x64/Debug/net8.0-android/android/bin/classes/androidx/appcompat/R$attr.class' -> 'goodrive://www.googleapis.com/:personal:/bannister/bannister/obj/x64/Debug/net8.0-android/android/bin/classes/androidx/appcompat/R$attr.class' (11,577)
2026-09-28 05:34:46: Copy Over 'C:/rock/bannister/Bannister/obj/x64/Debug/net8.0-android/android/bin/classes/androidx/appcompat/R$bool.class' -> 'goodrive://www.googleapis.com/:personal:/bannister/bannister/obj/x64/Debug/net8.0-android/android/bin/classes/androidx/appcompat/R$bool.class' (389)
2026-09-28 05:34:47: Copy Over 'C:/rock/bannister/Bannister/obj/x64/Debug/net8.0-android/android/bin/classes/androidx/appcompat/R$color.class' -> 'goodrive://www.googleapis.com/:personal:/bannister/bannister/obj/x64/Debug/net8.0-android/android/bin/classes/androidx/appcompat/R$color.class' (4,628)
2026-09-28 05:34:47: Copy Over 'C:/rock/bannister/Bannister/obj/x64/Debug/net8.0-android/android/bin/classes/androidx/appcompat/R$dimen.class' -> 'goodrive://www.googleapis.com/:personal:/bannister/bannister/obj/x64/Debug/net8.0-android/android/bin/classes/androidx/appcompat/R$dimen.class' (5,751)
2026-09-28 05:34:50: Copy Over 'C:/rock/bannister/Bannister/obj/x64/Debug/net8.0-android/android/bin/classes/androidx/appcompat/R$drawable.class' -> 'goodrive://www.googleapis.com/:personal:/bannister/bannister/obj/x64/Debug/net8.0-android/android/bin/classes/androidx/appcompat/R$drawable.class' (5,055)
2026-09-28 05:34:50: Copy Over 'C:/rock/bannister/Bannister/obj/x64/Debug/net8.0-android/android/bin/classes/androidx/appcompat/R$id.class' -> 'goodrive://www.googleapis.com/:personal:/bannister/bannister/obj/x64/Debug/net8.0-android/android/bin/classes/androidx/appcompat/R$id.class' (3,121)
2026-09-28 05:34:50: Copy Over 'C:/rock/bannister/Bannister/obj/x64/Debug/net8.0-android/android/bin/classes/androidx/appcompat/R$integer.class' -> 'goodrive://www.googleapis.com/:personal:/bannister/bannister/obj/x64/Debug/net8.0-android/android/bin/classes/androidx/appcompat/R$integer.class' (489)
2026-09-28 05:34:53: Copy Over 'C:/rock/bannister/Bannister/obj/x64/Debug/net8.0-android/android/bin/classes/androidx/appcompat/R$layout.class' -> 'goodrive://www.googleapis.com/:personal:/bannister/bannister/obj/x64/Debug/net8.0-android/android/bin/classes/androidx/appcompat/R$layout.class' (1,918)
2026-09-28 05:34:53: Copy Over 'C:/rock/bannister/Bannister/obj/x64/Debug/net8.0-android/android/bin/classes/androidx/appcompat/R$interpolator.class' -> 'goodrive://www.googleapis.com/:personal:/bannister/bannister/obj/x64/Debug/net8.0-android/android/bin/classes/androidx/appcompat/R$interpolator.class' (779)
2026-09-28 05:34:54: Copy Over 'C:/rock/bannister/Bannister/obj/x64/Debug/net8.0-android/android/bin/classes/androidx/appcompat/R$string.class' -> 'goodrive://www.googleapis.com/:personal:/bannister/bannister/obj/x64/Debug/net8.0-android/android/bin/classes/androidx/appcompat/R$string.class' (1,771)
2026-09-28 05:34:56: Copy Over 'C:/rock/bannister/Bannister/obj/x64/Debug/net8.0-android/android/bin/classes/androidx/appcompat/R$style.class' -> 'goodrive://www.googleapis.com/:personal:/bannister/bannister/obj/x64/Debug/net8.0-android/android/bin/classes/androidx/appcompat/R$style.class' (21,413)
2026-09-28 05:34:57: Copy Over 'C:/rock/bannister/Bannister/obj/x64/Debug/net8.0-android/android/bin/classes/androidx/appcompat/R$styleable.class' -> 'goodrive://www.googleapis.com/:personal:/bannister/bannister/obj/x64/Debug/net8.0-android/android/bin/classes/androidx/appcompat/R$styleable.class' (25,717)
2026-09-28 05:34:58: Copy Over 'C:/rock/bannister/Bannister/obj/x64/Debug/net8.0-android/android/bin/classes/androidx/appcompat/R.class' -> 'goodrive://www.googleapis.com/:personal:/bannister/bannister/obj/x64/Debug/net8.0-android/android/bin/classes/androidx/appcompat/R.class' (866)
2026-09-28 05:35:00: Copy Over 'C:/rock/bannister/Bannister/obj/x64/Debug/net8.0-android/android/bin/classes/androidx/appcompat/resources/R$drawable.class' -> 'goodrive://www.googleapis.com/:personal:/bannister/bannister/obj/x64/Debug/net8.0-android/android/bin/classes/androidx/appcompat/resources/R$drawable.class' (351)
2026-09-28 05:35:01: Copy Over 'C:/rock/bannister/Bannister/obj/x64/Debug/net8.0-android/android/bin/classes/androidx/appcompat/widget/Toolbar_NavigationOnClickEventDispatcher.class' -> 'goodrive://www.googleapis.com/:personal:/bannister/bannister/obj/x64/Debug/net8.0-android/android/bin/classes/androidx/appcompat/widget/Toolbar_NavigationOnClickEventDispatcher.class' (1,926)
2026-09-28 05:35:02: Copy Over 'C:/rock/bannister/Bannister/obj/x64/Debug/net8.0-android/android/bin/classes/androidx/appcompat/resources/R$styleable.class' -> 'goodrive://www.googleapis.com/:personal:/bannister/bannister/obj/x64/Debug/net8.0-android/android/bin/classes/androidx/appcompat/resources/R$styleable.class' (2,066)
2026-09-28 05:35:03: Copy Over 'C:/rock/bannister/Bannister/obj/x64/Debug/net8.0-android/android/bin/classes/androidx/appcompat/resources/R.class' -> 'goodrive://www.googleapis.com/:personal:/bannister/bannister/obj/x64/Debug/net8.0-android/android/bin/classes/androidx/appcompat/resources/R.class' (358)
2026-09-28 05:35:05: Copy Over 'C:/rock/bannister/Bannister/obj/x64/Debug/net8.0-android/android/bin/classes/androidx/cardview/R$attr.class' -> 'goodrive://www.googleapis.com/:personal:/bannister/bannister/obj/x64/Debug/net8.0-android/android/bin/classes/androidx/cardview/R$attr.class' (779)
2026-09-28 05:35:05: Copy Over 'C:/rock/bannister/Bannister/obj/x64/Debug/net8.0-android/android/bin/classes/androidx/browser/customtabs/CustomTabsClient_CustomTabsCallbackImpl.class' -> 'goodrive://www.googleapis.com/:personal:/bannister/bannister/obj/x64/Debug/net8.0-android/android/bin/classes/androidx/browser/customtabs/CustomTabsClient_CustomTabsCallbackImpl.class' (1,811)
2026-09-28 05:35:07: Copy Over 'C:/rock/bannister/Bannister/obj/x64/Debug/net8.0-android/android/bin/classes/androidx/cardview/R$color.class' -> 'goodrive://www.googleapis.com/:personal:/bannister/bannister/obj/x64/Debug/net8.0-android/android/bin/classes/androidx/cardview/R$color.class' (481)
2026-09-28 05:35:08: Copy Over 'C:/rock/bannister/Bannister/obj/x64/Debug/net8.0-android/android/bin/classes/androidx/cardview/R$style.class' -> 'goodrive://www.googleapis.com/:personal:/bannister/bannister/obj/x64/Debug/net8.0-android/android/bin/classes/androidx/cardview/R$style.class' (428)
2026-09-28 05:35:09: Copy Over 'C:/rock/bannister/Bannister/obj/x64/Debug/net8.0-android/android/bin/classes/androidx/cardview/R$dimen.class' -> 'goodrive://www.googleapis.com/:personal:/bannister/bannister/obj/x64/Debug/net8.0-android/android/bin/classes/androidx/cardview/R$dimen.class' (433)
2026-09-28 05:35:11: Copy Over 'C:/rock/bannister/Bannister/obj/x64/Debug/net8.0-android/android/bin/classes/androidx/cardview/R$styleable.class' -> 'goodrive://www.googleapis.com/:personal:/bannister/bannister/obj/x64/Debug/net8.0-android/android/bin/classes/androidx/cardview/R$styleable.class' (1,178)
2026-09-28 05:35:11: Copy Over 'C:/rock/bannister/Bannister/obj/x64/Debug/net8.0-android/android/bin/classes/androidx/cardview/R.class' -> 'goodrive://www.googleapis.com/:personal:/bannister/bannister/obj/x64/Debug/net8.0-android/android/bin/classes/androidx/cardview/R.class' (458)
2026-09-28 05:35:12: Copy Over 'C:/rock/bannister/Bannister/obj/x64/Debug/net8.0-android/android/bin/classes/androidx/browser/R$color.class' -> 'goodrive://www.googleapis.com/:personal:/bannister/bannister/obj/x64/Debug/net8.0-android/android/bin/classes/androidx/browser/R$color.class' (483)
2026-09-28 05:35:14: Copy Over 'C:/rock/bannister/Bannister/obj/x64/Debug/net8.0-android/android/bin/classes/androidx/browser/R$dimen.class' -> 'goodrive://www.googleapis.com/:personal:/bannister/bannister/obj/x64/Debug/net8.0-android/android/bin/classes/androidx/browser/R$dimen.class' (408)
2026-09-28 05:35:15: Copy Over 'C:/rock/bannister/Bannister/obj/x64/Debug/net8.0-android/android/bin/classes/androidx/browser/R$id.class' -> 'goodrive://www.googleapis.com/:personal:/bannister/bannister/obj/x64/Debug/net8.0-android/android/bin/classes/androidx/browser/R$id.class' (534)
2026-09-28 05:35:16: Copy Over 'C:/rock/bannister/Bannister/obj/x64/Debug/net8.0-android/android/bin/classes/androidx/browser/R$layout.class' -> 'goodrive://www.googleapis.com/:personal:/bannister/bannister/obj/x64/Debug/net8.0-android/android/bin/classes/androidx/browser/R$layout.class' (397)
2026-09-28 05:35:18: Copy Over 'C:/rock/bannister/Bannister/obj/x64/Debug/net8.0-android/android/bin/classes/androidx/browser/R$string.class' -> 'goodrive://www.googleapis.com/:personal:/bannister/bannister/obj/x64/Debug/net8.0-android/android/bin/classes/androidx/browser/R$string.class' (485)
2026-09-28 05:35:19: Copy Over 'C:/rock/bannister/Bannister/obj/x64/Debug/net8.0-android/android/bin/classes/androidx/browser/R.class' -> 'goodrive://www.googleapis.com/:personal:/bannister/bannister/obj/x64/Debug/net8.0-android/android/bin/classes/androidx/browser/R.class' (486)
2026-09-28 05:35:19: Copy Over 'C:/rock/bannister/Bannister/obj/x64/Debug/net8.0-android/android/bin/classes/androidx/browser/R$xml.class' -> 'goodrive://www.googleapis.com/:personal:/bannister/bannister/obj/x64/Debug/net8.0-android/android/bin/classes/androidx/browser/R$xml.class' (323)
2026-09-28 05:35:21: Copy Over 'C:/rock/bannister/Bannister/obj/x64/Debug/net8.0-android/android/bin/classes/androidx/coordinatorlayout/R$attr.class' -> 'goodrive://www.googleapis.com/:personal:/bannister/bannister/obj/x64/Debug/net8.0-android/android/bin/classes/androidx/coordinatorlayout/R$attr.class' (665)
2026-09-28 05:35:23: Copy Over 'C:/rock/bannister/Bannister/obj/x64/Debug/net8.0-android/android/bin/classes/androidx/constraintlayout/widget/R$anim.class' -> 'goodrive://www.googleapis.com/:personal:/bannister/bannister/obj/x64/Debug/net8.0-android/android/bin/classes/androidx/constraintlayout/widget/R$anim.class' (1,654)
2026-09-28 05:35:23: Copy Over 'C:/rock/bannister/Bannister/obj/x64/Debug/net8.0-android/android/bin/classes/androidx/constraintlayout/widget/R$attr.class' -> 'goodrive://www.googleapis.com/:personal:/bannister/bannister/obj/x64/Debug/net8.0-android/android/bin/classes/androidx/constraintlayout/widget/R$attr.class' (23,341)
2026-09-28 05:35:25: Copy Over 'C:/rock/bannister/Bannister/obj/x64/Debug/net8.0-android/android/bin/classes/androidx/constraintlayout/widget/R$bool.class' -> 'goodrive://www.googleapis.com/:personal:/bannister/bannister/obj/x64/Debug/net8.0-android/android/bin/classes/androidx/constraintlayout/widget/R$bool.class' (417)
2026-09-28 05:35:26: Copy Over 'C:/rock/bannister/Bannister/obj/x64/Debug/net8.0-android/android/bin/classes/androidx/constraintlayout/widget/R$color.class' -> 'goodrive://www.googleapis.com/:personal:/bannister/bannister/obj/x64/Debug/net8.0-android/android/bin/classes/androidx/constraintlayout/widget/R$color.class' (4,896)
2026-09-28 05:35:26: Copy Over 'C:/rock/bannister/Bannister/obj/x64/Debug/net8.0-android/android/bin/classes/androidx/constraintlayout/widget/R$dimen.class' -> 'goodrive://www.googleapis.com/:personal:/bannister/bannister/obj/x64/Debug/net8.0-android/android/bin/classes/androidx/constraintlayout/widget/R$dimen.class' (6,927)
2026-09-28 05:35:29: Copy Over 'C:/rock/bannister/Bannister/obj/x64/Debug/net8.0-android/android/bin/classes/androidx/constraintlayout/widget/R$drawable.class' -> 'goodrive://www.googleapis.com/:personal:/bannister/bannister/obj/x64/Debug/net8.0-android/android/bin/classes/androidx/constraintlayout/widget/R$drawable.class' (5,417)
2026-09-28 05:35:30: Copy Over 'C:/rock/bannister/Bannister/obj/x64/Debug/net8.0-android/android/bin/classes/androidx/constraintlayout/widget/R$id.class' -> 'goodrive://www.googleapis.com/:personal:/bannister/bannister/obj/x64/Debug/net8.0-android/android/bin/classes/androidx/constraintlayout/widget/R$id.class' (9,913)
2026-09-28 05:35:30: Copy Over 'C:/rock/bannister/Bannister/obj/x64/Debug/net8.0-android/android/bin/classes/androidx/constraintlayout/widget/R$integer.class' -> 'goodrive://www.googleapis.com/:personal:/bannister/bannister/obj/x64/Debug/net8.0-android/android/bin/classes/androidx/constraintlayout/widget/R$integer.class' (576)
2026-09-28 05:35:32: Copy Over 'C:/rock/bannister/Bannister/obj/x64/Debug/net8.0-android/android/bin/classes/androidx/constraintlayout/widget/R$interpolator.class' -> 'goodrive://www.googleapis.com/:personal:/bannister/bannister/obj/x64/Debug/net8.0-android/android/bin/classes/androidx/constraintlayout/widget/R$interpolator.class' (807)
2026-09-28 05:35:34: Copy Over 'C:/rock/bannister/Bannister/obj/x64/Debug/net8.0-android/android/bin/classes/androidx/constraintlayout/widget/R$string.class' -> 'goodrive://www.googleapis.com/:personal:/bannister/bannister/obj/x64/Debug/net8.0-android/android/bin/classes/androidx/constraintlayout/widget/R$string.class' (1,860)
2026-09-28 05:35:34: Copy Over 'C:/rock/bannister/Bannister/obj/x64/Debug/net8.0-android/android/bin/classes/androidx/constraintlayout/widget/R$layout.class' -> 'goodrive://www.googleapis.com/:personal:/bannister/bannister/obj/x64/Debug/net8.0-android/android/bin/classes/androidx/constraintlayout/widget/R$layout.class' (2,308)
2026-09-28 05:35:35: Copy Over 'C:/rock/bannister/Bannister/obj/x64/Debug/net8.0-android/android/bin/classes/androidx/constraintlayout/widget/R$style.class' -> 'goodrive://www.googleapis.com/:personal:/bannister/bannister/obj/x64/Debug/net8.0-android/android/bin/classes/androidx/constraintlayout/widget/R$style.class' (21,878)
2026-09-28 05:35:37: Copy Over 'C:/rock/bannister/Bannister/obj/x64/Debug/net8.0-android/android/bin/classes/androidx/constraintlayout/widget/R$styleable.class' -> 'goodrive://www.googleapis.com/:personal:/bannister/bannister/obj/x64/Debug/net8.0-android/android/bin/classes/androidx/constraintlayout/widget/R$styleable.class' (82,207)
2026-09-28 05:35:39: Copy Over 'C:/rock/bannister/Bannister/obj/x64/Debug/net8.0-android/android/bin/classes/androidx/coordinatorlayout/R$id.class' -> 'goodrive://www.googleapis.com/:personal:/bannister/bannister/obj/x64/Debug/net8.0-android/android/bin/classes/androidx/coordinatorlayout/R$id.class' (494)
2026-09-28 05:35:40: Copy Over 'C:/rock/bannister/Bannister/obj/x64/Debug/net8.0-android/android/bin/classes/androidx/constraintlayout/widget/R.class' -> 'goodrive://www.googleapis.com/:personal:/bannister/bannister/obj/x64/Debug/net8.0-android/android/bin/classes/androidx/constraintlayout/widget/R.class' (1,062)
2026-09-28 05:35:41: Copy Over 'C:/rock/bannister/Bannister/obj/x64/Debug/net8.0-android/android/bin/classes/androidx/coordinatorlayout/R$style.class' -> 'goodrive://www.googleapis.com/:personal:/bannister/bannister/obj/x64/Debug/net8.0-android/android/bin/classes/androidx/coordinatorlayout/R$style.class' (358)
2026-09-28 05:35:43: Copy Over 'C:/rock/bannister/Bannister/obj/x64/Debug/net8.0-android/android/bin/classes/androidx/coordinatorlayout/R$styleable.class' -> 'goodrive://www.googleapis.com/:personal:/bannister/bannister/obj/x64/Debug/net8.0-android/android/bin/classes/androidx/coordinatorlayout/R$styleable.class' (1,122)
2026-09-28 05:35:44: Copy Over 'C:/rock/bannister/Bannister/obj/x64/Debug/net8.0-android/android/bin/classes/androidx/coordinatorlayout/R.class' -> 'goodrive://www.googleapis.com/:personal:/bannister/bannister/obj/x64/Debug/net8.0-android/android/bin/classes/androidx/coordinatorlayout/R.class' (450)
2026-09-28 05:35:44: Copy Over 'C:/rock/bannister/Bannister/obj/x64/Debug/net8.0-android/android/bin/classes/androidx/cursoradapter/R.class' -> 'goodrive://www.googleapis.com/:personal:/bannister/bannister/obj/x64/Debug/net8.0-android/android/bin/classes/androidx/cursoradapter/R.class' (199)
2026-09-28 05:35:47: Copy Over 'C:/rock/bannister/Bannister/obj/x64/Debug/net8.0-android/android/bin/classes/androidx/core/ktx/R.class' -> 'goodrive://www.googleapis.com/:personal:/bannister/bannister/obj/x64/Debug/net8.0-android/android/bin/classes/androidx/core/ktx/R.class' (194)
2026-09-28 05:35:47: Copy Over 'C:/rock/bannister/Bannister/obj/x64/Debug/net8.0-android/android/bin/classes/androidx/core/R$attr.class' -> 'goodrive://www.googleapis.com/:personal:/bannister/bannister/obj/x64/Debug/net8.0-android/android/bin/classes/androidx/core/R$attr.class' (950)
2026-09-28 05:35:47: Copy Over 'C:/rock/bannister/Bannister/obj/x64/Debug/net8.0-android/android/bin/classes/androidx/core/R$color.class' -> 'goodrive://www.googleapis.com/:personal:/bannister/bannister/obj/x64/Debug/net8.0-android/android/bin/classes/androidx/core/R$color.class' (625)
2026-09-28 05:35:50: Copy Over 'C:/rock/bannister/Bannister/obj/x64/Debug/net8.0-android/android/bin/classes/androidx/core/R$dimen.class' -> 'goodrive://www.googleapis.com/:personal:/bannister/bannister/obj/x64/Debug/net8.0-android/android/bin/classes/androidx/core/R$dimen.class' (1,537)
2026-09-28 05:35:51: Copy Over 'C:/rock/bannister/Bannister/obj/x64/Debug/net8.0-android/android/bin/classes/androidx/core/R$drawable.class' -> 'goodrive://www.googleapis.com/:personal:/bannister/bannister/obj/x64/Debug/net8.0-android/android/bin/classes/androidx/core/R$drawable.class' (1,136)
2026-09-28 05:35:51: Copy Over 'C:/rock/bannister/Bannister/obj/x64/Debug/net8.0-android/android/bin/classes/androidx/core/R$id.class' -> 'goodrive://www.googleapis.com/:personal:/bannister/bannister/obj/x64/Debug/net8.0-android/android/bin/classes/androidx/core/R$id.class' (3,611)
2026-09-28 05:35:53: Copy Over 'C:/rock/bannister/Bannister/obj/x64/Debug/net8.0-android/android/bin/classes/androidx/core/R$integer.class' -> 'goodrive://www.googleapis.com/:personal:/bannister/bannister/obj/x64/Debug/net8.0-android/android/bin/classes/androidx/core/R$integer.class' (339)
2026-09-28 05:35:54: Copy Over 'C:/rock/bannister/Bannister/obj/x64/Debug/net8.0-android/android/bin/classes/androidx/core/R$layout.class' -> 'goodrive://www.googleapis.com/:personal:/bannister/bannister/obj/x64/Debug/net8.0-android/android/bin/classes/androidx/core/R$layout.class' (640)
2026-09-28 05:35:56: Copy Over 'C:/rock/bannister/Bannister/obj/x64/Debug/net8.0-android/android/bin/classes/androidx/core/R$string.class' -> 'goodrive://www.googleapis.com/:personal:/bannister/bannister/obj/x64/Debug/net8.0-android/android/bin/classes/androidx/core/R$string.class' (732)
2026-09-28 05:35:57: Copy Over 'C:/rock/bannister/Bannister/obj/x64/Debug/net8.0-android/android/bin/classes/androidx/core/R$style.class' -> 'goodrive://www.googleapis.com/:personal:/bannister/bannister/obj/x64/Debug/net8.0-android/android/bin/classes/androidx/core/R$style.class' (713)
2026-09-28 05:35:58: Copy Over 'C:/rock/bannister/Bannister/obj/x64/Debug/net8.0-android/android/bin/classes/androidx/core/R$styleable.class' -> 'goodrive://www.googleapis.com/:personal:/bannister/bannister/obj/x64/Debug/net8.0-android/android/bin/classes/androidx/core/R$styleable.class' (2,912)
2026-09-28 05:35:59: Copy Over 'C:/rock/bannister/Bannister/obj/x64/Debug/net8.0-android/android/bin/classes/androidx/core/R.class' -> 'goodrive://www.googleapis.com/:personal:/bannister/bannister/obj/x64/Debug/net8.0-android/android/bin/classes/androidx/core/R.class' (657)
2026-09-28 05:36:02: Copy Over 'C:/rock/bannister/Bannister/obj/x64/Debug/net8.0-android/android/bin/classes/androidx/customview/poolingcontainer/R$id.class' -> 'goodrive://www.googleapis.com/:personal:/bannister/bannister/obj/x64/Debug/net8.0-android/android/bin/classes/androidx/customview/poolingcontainer/R$id.class' (425)
2026-09-28 05:36:02: Copy Over 'C:/rock/bannister/Bannister/obj/x64/Debug/net8.0-android/android/bin/classes/androidx/documentfile/R.class' -> 'goodrive://www.googleapis.com/:personal:/bannister/bannister/obj/x64/Debug/net8.0-android/android/bin/classes/androidx/documentfile/R.class' (198)
2026-09-28 05:36:02: Copy Over 'C:/rock/bannister/Bannister/obj/x64/Debug/net8.0-android/android/bin/classes/androidx/customview/poolingcontainer/R.class' -> 'goodrive://www.googleapis.com/:personal:/bannister/bannister/obj/x64/Debug/net8.0-android/android/bin/classes/androidx/customview/poolingcontainer/R.class' (296)
2026-09-28 05:36:05: Copy Over 'C:/rock/bannister/Bannister/obj/x64/Debug/net8.0-android/android/bin/classes/androidx/customview/R$color.class' -> 'goodrive://www.googleapis.com/:personal:/bannister/bannister/obj/x64/Debug/net8.0-android/android/bin/classes/androidx/customview/R$color.class' (528)
2026-09-28 05:36:06: Copy Over 'C:/rock/bannister/Bannister/obj/x64/Debug/net8.0-android/android/bin/classes/androidx/customview/R$dimen.class' -> 'goodrive://www.googleapis.com/:personal:/bannister/bannister/obj/x64/Debug/net8.0-android/android/bin/classes/androidx/customview/R$dimen.class' (1,549)
2026-09-28 05:36:06: Copy Over 'C:/rock/bannister/Bannister/obj/x64/Debug/net8.0-android/android/bin/classes/androidx/customview/R$attr.class' -> 'goodrive://www.googleapis.com/:personal:/bannister/bannister/obj/x64/Debug/net8.0-android/android/bin/classes/androidx/customview/R$attr.class' (754)
2026-09-28 05:36:08: Copy Over 'C:/rock/bannister/Bannister/obj/x64/Debug/net8.0-android/android/bin/classes/androidx/customview/R$drawable.class' -> 'goodrive://www.googleapis.com/:personal:/bannister/bannister/obj/x64/Debug/net8.0-android/android/bin/classes/androidx/customview/R$drawable.class' (894)
2026-09-28 05:36:09: Copy Over 'C:/rock/bannister/Bannister/obj/x64/Debug/net8.0-android/android/bin/classes/androidx/customview/R$integer.class' -> 'goodrive://www.googleapis.com/:personal:/bannister/bannister/obj/x64/Debug/net8.0-android/android/bin/classes/androidx/customview/R$integer.class' (351)
2026-09-28 05:36:09: Copy Over 'C:/rock/bannister/Bannister/obj/x64/Debug/net8.0-android/android/bin/classes/androidx/customview/R$id.class' -> 'goodrive://www.googleapis.com/:personal:/bannister/bannister/obj/x64/Debug/net8.0-android/android/bin/classes/androidx/customview/R$id.class' (3,354)
2026-09-28 05:36:12: Copy Over 'C:/rock/bannister/Bannister/obj/x64/Debug/net8.0-android/android/bin/classes/androidx/customview/R$layout.class' -> 'goodrive://www.googleapis.com/:personal:/bannister/bannister/obj/x64/Debug/net8.0-android/android/bin/classes/androidx/customview/R$layout.class' (652)
2026-09-28 05:36:14: Copy Over 'C:/rock/bannister/Bannister/obj/x64/Debug/net8.0-android/android/bin/classes/androidx/customview/R$style.class' -> 'goodrive://www.googleapis.com/:personal:/bannister/bannister/obj/x64/Debug/net8.0-android/android/bin/classes/androidx/customview/R$style.class' (725)
2026-09-28 05:36:14: Copy Over 'C:/rock/bannister/Bannister/obj/x64/Debug/net8.0-android/android/bin/classes/androidx/customview/R$string.class' -> 'goodrive://www.googleapis.com/:personal:/bannister/bannister/obj/x64/Debug/net8.0-android/android/bin/classes/androidx/customview/R$string.class' (351)
2026-09-28 05:36:17: Copy Over 'C:/rock/bannister/Bannister/obj/x64/Debug/net8.0-android/android/bin/classes/androidx/customview/R$styleable.class' -> 'goodrive://www.googleapis.com/:personal:/bannister/bannister/obj/x64/Debug/net8.0-android/android/bin/classes/androidx/customview/R$styleable.class' (2,617)
2026-09-28 05:36:18: Copy Over 'C:/rock/bannister/Bannister/obj/x64/Debug/net8.0-android/android/bin/classes/androidx/customview/R.class' -> 'goodrive://www.googleapis.com/:personal:/bannister/bannister/obj/x64/Debug/net8.0-android/android/bin/classes/androidx/customview/R.class' (723)
2026-09-28 05:36:18: Copy Over 'C:/rock/bannister/Bannister/obj/x64/Debug/net8.0-android/android/bin/classes/androidx/drawerlayout/R$attr.class' -> 'goodrive://www.googleapis.com/:personal:/bannister/bannister/obj/x64/Debug/net8.0-android/android/bin/classes/androidx/drawerlayout/R$attr.class' (364)
2026-09-28 05:36:21: Copy Over 'C:/rock/bannister/Bannister/obj/x64/Debug/net8.0-android/android/bin/classes/androidx/dynamicanimation/R$attr.class' -> 'goodrive://www.googleapis.com/:personal:/bannister/bannister/obj/x64/Debug/net8.0-android/android/bin/classes/androidx/dynamicanimation/R$attr.class' (766)
2026-09-28 05:36:21: Copy Over 'C:/rock/bannister/Bannister/obj/x64/Debug/net8.0-android/android/bin/classes/androidx/dynamicanimation/R$color.class' -> 'goodrive://www.googleapis.com/:personal:/bannister/bannister/obj/x64/Debug/net8.0-android/android/bin/classes/androidx/dynamicanimation/R$color.class' (512)
2026-09-28 05:36:21: Copy Over 'C:/rock/bannister/Bannister/obj/x64/Debug/net8.0-android/android/bin/classes/androidx/dynamicanimation/R$dimen.class' -> 'goodrive://www.googleapis.com/:personal:/bannister/bannister/obj/x64/Debug/net8.0-android/android/bin/classes/androidx/dynamicanimation/R$dimen.class' (1,561)
2026-09-28 05:36:24: Copy Over 'C:/rock/bannister/Bannister/obj/x64/Debug/net8.0-android/android/bin/classes/androidx/dynamicanimation/R$drawable.class' -> 'goodrive://www.googleapis.com/:personal:/bannister/bannister/obj/x64/Debug/net8.0-android/android/bin/classes/androidx/dynamicanimation/R$drawable.class' (906)
2026-09-28 05:36:24: Copy Over 'C:/rock/bannister/Bannister/obj/x64/Debug/net8.0-android/android/bin/classes/androidx/dynamicanimation/R$id.class' -> 'goodrive://www.googleapis.com/:personal:/bannister/bannister/obj/x64/Debug/net8.0-android/android/bin/classes/androidx/dynamicanimation/R$id.class' (1,294)
2026-09-28 05:36:26: Copy Over 'C:/rock/bannister/Bannister/obj/x64/Debug/net8.0-android/android/bin/classes/androidx/dynamicanimation/R$integer.class' -> 'goodrive://www.googleapis.com/:personal:/bannister/bannister/obj/x64/Debug/net8.0-android/android/bin/classes/androidx/dynamicanimation/R$integer.class' (363)
2026-09-28 05:36:28: Copy Over 'C:/rock/bannister/Bannister/obj/x64/Debug/net8.0-android/android/bin/classes/androidx/dynamicanimation/R$layout.class' -> 'goodrive://www.googleapis.com/:personal:/bannister/bannister/obj/x64/Debug/net8.0-android/android/bin/classes/androidx/dynamicanimation/R$layout.class' (627)
2026-09-28 05:36:28: Copy Over 'C:/rock/bannister/Bannister/obj/x64/Debug/net8.0-android/android/bin/classes/androidx/dynamicanimation/R$string.class' -> 'goodrive://www.googleapis.com/:personal:/bannister/bannister/obj/x64/Debug/net8.0-android/android/bin/classes/androidx/dynamicanimation/R$string.class' (363)
2026-09-28 05:36:29: Copy Over 'C:/rock/bannister/Bannister/obj/x64/Debug/net8.0-android/android/bin/classes/androidx/dynamicanimation/R$style.class' -> 'goodrive://www.googleapis.com/:personal:/bannister/bannister/obj/x64/Debug/net8.0-android/android/bin/classes/androidx/dynamicanimation/R$style.class' (737)
2026-09-28 05:36:31: Copy Over 'C:/rock/bannister/Bannister/obj/x64/Debug/net8.0-android/android/bin/classes/androidx/dynamicanimation/R$styleable.class' -> 'goodrive://www.googleapis.com/:personal:/bannister/bannister/obj/x64/Debug/net8.0-android/android/bin/classes/androidx/dynamicanimation/R$styleable.class' (2,629)
2026-09-28 05:36:32: Copy Over 'C:/rock/bannister/Bannister/obj/x64/Debug/net8.0-android/android/bin/classes/androidx/dynamicanimation/R.class' -> 'goodrive://www.googleapis.com/:personal:/bannister/bannister/obj/x64/Debug/net8.0-android/android/bin/classes/androidx/dynamicanimation/R.class' (789)
2026-09-28 05:36:33: Copy Over 'C:/rock/bannister/Bannister/obj/x64/Debug/net8.0-android/android/bin/classes/androidx/drawerlayout/R$dimen.class' -> 'goodrive://www.googleapis.com/:personal:/bannister/bannister/obj/x64/Debug/net8.0-android/android/bin/classes/androidx/drawerlayout/R$dimen.class' (336)
2026-09-28 05:36:35: Copy Over 'C:/rock/bannister/Bannister/obj/x64/Debug/net8.0-android/android/bin/classes/androidx/drawerlayout/R$styleable.class' -> 'goodrive://www.googleapis.com/:personal:/bannister/bannister/obj/x64/Debug/net8.0-android/android/bin/classes/androidx/drawerlayout/R$styleable.class' (450)
2026-09-28 05:36:36: Copy Over 'C:/rock/bannister/Bannister/obj/x64/Debug/net8.0-android/android/bin/classes/androidx/drawerlayout/R.class' -> 'goodrive://www.googleapis.com/:personal:/bannister/bannister/obj/x64/Debug/net8.0-android/android/bin/classes/androidx/drawerlayout/R.class' (380)
2026-09-28 05:36:37: Copy Over 'C:/rock/bannister/Bannister/obj/x64/Debug/net8.0-android/android/bin/classes/androidx/emoji2/R.class' -> 'goodrive://www.googleapis.com/:personal:/bannister/bannister/obj/x64/Debug/net8.0-android/android/bin/classes/androidx/emoji2/R.class' (192)
2026-09-28 05:36:39: Copy Over 'C:/rock/bannister/Bannister/obj/x64/Debug/net8.0-android/android/bin/classes/androidx/exifinterface/R.class' -> 'goodrive://www.googleapis.com/:personal:/bannister/bannister/obj/x64/Debug/net8.0-android/android/bin/classes/androidx/exifinterface/R.class' (199)
2026-09-28 05:36:40: Copy Over 'C:/rock/bannister/Bannister/obj/x64/Debug/net8.0-android/android/bin/classes/androidx/emoji2/viewsintegration/R.class' -> 'goodrive://www.googleapis.com/:personal:/bannister/bannister/obj/x64/Debug/net8.0-android/android/bin/classes/androidx/emoji2/viewsintegration/R.class' (209)
2026-09-28 05:36:40: Copy Over 'C:/rock/bannister/Bannister/obj/x64/Debug/net8.0-android/android/bin/classes/androidx/fragment/R$anim.class' -> 'goodrive://www.googleapis.com/:personal:/bannister/bannister/obj/x64/Debug/net8.0-android/android/bin/classes/androidx/fragment/R$anim.class' (337)
2026-09-28 05:36:43: Copy Over 'C:/rock/bannister/Bannister/obj/x64/Debug/net8.0-android/android/bin/classes/androidx/fragment/ktx/R.class' -> 'goodrive://www.googleapis.com/:personal:/bannister/bannister/obj/x64/Debug/net8.0-android/android/bin/classes/androidx/fragment/ktx/R.class' (198)
2026-09-28 05:36:43: Copy Over 'C:/rock/bannister/Bannister/obj/x64/Debug/net8.0-android/android/bin/classes/androidx/fragment/R$animator.class' -> 'goodrive://www.googleapis.com/:personal:/bannister/bannister/obj/x64/Debug/net8.0-android/android/bin/classes/androidx/fragment/R$animator.class' (547)
2026-09-28 05:36:44: Copy Over 'C:/rock/bannister/Bannister/obj/x64/Debug/net8.0-android/android/bin/classes/androidx/fragment/R$id.class' -> 'goodrive://www.googleapis.com/:personal:/bannister/bannister/obj/x64/Debug/net8.0-android/android/bin/classes/androidx/fragment/R$id.class' (446)
2026-09-28 05:36:46: Copy Over 'C:/rock/bannister/Bannister/obj/x64/Debug/net8.0-android/android/bin/classes/androidx/fragment/R.class' -> 'goodrive://www.googleapis.com/:personal:/bannister/bannister/obj/x64/Debug/net8.0-android/android/bin/classes/androidx/fragment/R.class' (411)
2026-09-28 05:36:47: Copy Over 'C:/rock/bannister/Bannister/obj/x64/Debug/net8.0-android/android/bin/classes/androidx/fragment/R$styleable.class' -> 'goodrive://www.googleapis.com/:personal:/bannister/bannister/obj/x64/Debug/net8.0-android/android/bin/classes/androidx/fragment/R$styleable.class' (711)
2026-09-28 05:36:47: Copy Over 'C:/rock/bannister/Bannister/obj/x64/Debug/net8.0-android/android/bin/classes/androidx/interpolator/R.class' -> 'goodrive://www.googleapis.com/:personal:/bannister/bannister/obj/x64/Debug/net8.0-android/android/bin/classes/androidx/interpolator/R.class' (198)
2026-09-28 05:36:50: Copy Over 'C:/rock/bannister/Bannister/obj/x64/Debug/net8.0-android/android/bin/classes/androidx/legacy/coreutils/R$attr.class' -> 'goodrive://www.googleapis.com/:personal:/bannister/bannister/obj/x64/Debug/net8.0-android/android/bin/classes/androidx/legacy/coreutils/R$attr.class' (766)
2026-09-28 05:36:50: Copy Over 'C:/rock/bannister/Bannister/obj/x64/Debug/net8.0-android/android/bin/classes/androidx/lifecycle/process/R.class' -> 'goodrive://www.googleapis.com/:personal:/bannister/bannister/obj/x64/Debug/net8.0-android/android/bin/classes/androidx/lifecycle/process/R.class' (203)
2026-09-28 05:36:50: Copy Over 'C:/rock/bannister/Bannister/obj/x64/Debug/net8.0-android/android/bin/classes/androidx/lifecycle/ktx/R.class' -> 'goodrive://www.googleapis.com/:personal:/bannister/bannister/obj/x64/Debug/net8.0-android/android/bin/classes/androidx/lifecycle/ktx/R.class' (199)
2026-09-28 05:36:53: Copy Over 'C:/rock/bannister/Bannister/obj/x64/Debug/net8.0-android/android/bin/classes/androidx/lifecycle/livedata/R.class' -> 'goodrive://www.googleapis.com/:personal:/bannister/bannister/obj/x64/Debug/net8.0-android/android/bin/classes/androidx/lifecycle/livedata/R.class' (204)
2026-09-28 05:36:54: Copy Over 'C:/rock/bannister/Bannister/obj/x64/Debug/net8.0-android/android/bin/classes/androidx/lifecycle/livedata/core/R.class' -> 'goodrive://www.googleapis.com/:personal:/bannister/bannister/obj/x64/Debug/net8.0-android/android/bin/classes/androidx/lifecycle/livedata/core/R.class' (209)
2026-09-28 05:36:54: Copy Over 'C:/rock/bannister/Bannister/obj/x64/Debug/net8.0-android/android/bin/classes/androidx/lifecycle/livedata/core/ktx/R.class' -> 'goodrive://www.googleapis.com/:personal:/bannister/bannister/obj/x64/Debug/net8.0-android/android/bin/classes/androidx/lifecycle/livedata/core/ktx/R.class' (213)
2026-09-28 05:36:56: Copy Over 'C:/rock/bannister/Bannister/obj/x64/Debug/net8.0-android/android/bin/classes/androidx/lifecycle/runtime/R$id.class' -> 'goodrive://www.googleapis.com/:personal:/bannister/bannister/obj/x64/Debug/net8.0-android/android/bin/classes/androidx/lifecycle/runtime/R$id.class' (345)
2026-09-28 05:36:57: Copy Over 'C:/rock/bannister/Bannister/obj/x64/Debug/net8.0-android/android/bin/classes/androidx/lifecycle/viewmodel/ktx/R.class' -> 'goodrive://www.googleapis.com/:personal:/bannister/bannister/obj/x64/Debug/net8.0-android/android/bin/classes/androidx/lifecycle/viewmodel/ktx/R.class' (209)
2026-09-28 05:36:58: Copy Over 'C:/rock/bannister/Bannister/obj/x64/Debug/net8.0-android/android/bin/classes/androidx/lifecycle/viewmodel/R$id.class' -> 'goodrive://www.googleapis.com/:personal:/bannister/bannister/obj/x64/Debug/net8.0-android/android/bin/classes/androidx/lifecycle/viewmodel/R$id.class' (356)
2026-09-28 05:37:00: Copy Over 'C:/rock/bannister/Bannister/obj/x64/Debug/net8.0-android/android/bin/classes/androidx/lifecycle/viewmodel/R.class' -> 'goodrive://www.googleapis.com/:personal:/bannister/bannister/obj/x64/Debug/net8.0-android/android/bin/classes/androidx/lifecycle/viewmodel/R.class' (280)
2026-09-28 05:37:01: Copy Over 'C:/rock/bannister/Bannister/obj/x64/Debug/net8.0-android/android/bin/classes/androidx/lifecycle/runtime/R.class' -> 'goodrive://www.googleapis.com/:personal:/bannister/bannister/obj/x64/Debug/net8.0-android/android/bin/classes/androidx/lifecycle/runtime/R.class' (276)
2026-09-28 05:37:01: Copy Over 'C:/rock/bannister/Bannister/obj/x64/Debug/net8.0-android/android/bin/classes/androidx/lifecycle/viewmodel/savedstate/R.class' -> 'goodrive://www.googleapis.com/:personal:/bannister/bannister/obj/x64/Debug/net8.0-android/android/bin/classes/androidx/lifecycle/viewmodel/savedstate/R.class' (216)
2026-09-28 05:37:05: Copy Over 'C:/rock/bannister/Bannister/obj/x64/Debug/net8.0-android/android/bin/classes/androidx/legacy/coreutils/R$color.class' -> 'goodrive://www.googleapis.com/:personal:/bannister/bannister/obj/x64/Debug/net8.0-android/android/bin/classes/androidx/legacy/coreutils/R$color.class' (512)
2026-09-28 05:37:05: Copy Over 'C:/rock/bannister/Bannister/obj/x64/Debug/net8.0-android/android/bin/classes/androidx/legacy/coreutils/R$dimen.class' -> 'goodrive://www.googleapis.com/:personal:/bannister/bannister/obj/x64/Debug/net8.0-android/android/bin/classes/androidx/legacy/coreutils/R$dimen.class' (1,561)
2026-09-28 05:37:05: Copy Over 'C:/rock/bannister/Bannister/obj/x64/Debug/net8.0-android/android/bin/classes/androidx/legacy/coreutils/R$drawable.class' -> 'goodrive://www.googleapis.com/:personal:/bannister/bannister/obj/x64/Debug/net8.0-android/android/bin/classes/androidx/legacy/coreutils/R$drawable.class' (906)
2026-09-28 05:37:08: Copy Over 'C:/rock/bannister/Bannister/obj/x64/Debug/net8.0-android/android/bin/classes/androidx/legacy/coreutils/R$id.class' -> 'goodrive://www.googleapis.com/:personal:/bannister/bannister/obj/x64/Debug/net8.0-android/android/bin/classes/androidx/legacy/coreutils/R$id.class' (1,294)
2026-09-28 05:37:08: Copy Over 'C:/rock/bannister/Bannister/obj/x64/Debug/net8.0-android/android/bin/classes/androidx/legacy/coreutils/R$integer.class' -> 'goodrive://www.googleapis.com/:personal:/bannister/bannister/obj/x64/Debug/net8.0-android/android/bin/classes/androidx/legacy/coreutils/R$integer.class' (363)
2026-09-28 05:37:08: Copy Over 'C:/rock/bannister/Bannister/obj/x64/Debug/net8.0-android/android/bin/classes/androidx/legacy/coreutils/R$layout.class' -> 'goodrive://www.googleapis.com/:personal:/bannister/bannister/obj/x64/Debug/net8.0-android/android/bin/classes/androidx/legacy/coreutils/R$layout.class' (627)
2026-09-28 05:37:12: Copy Over 'C:/rock/bannister/Bannister/obj/x64/Debug/net8.0-android/android/bin/classes/androidx/legacy/coreutils/R$string.class' -> 'goodrive://www.googleapis.com/:personal:/bannister/bannister/obj/x64/Debug/net8.0-android/android/bin/classes/androidx/legacy/coreutils/R$string.class' (363)
2026-09-28 05:37:12: Copy Over 'C:/rock/bannister/Bannister/obj/x64/Debug/net8.0-android/android/bin/classes/androidx/legacy/coreutils/R$style.class' -> 'goodrive://www.googleapis.com/:personal:/bannister/bannister/obj/x64/Debug/net8.0-android/android/bin/classes/androidx/legacy/coreutils/R$style.class' (737)
2026-09-28 05:37:12: Copy Over 'C:/rock/bannister/Bannister/obj/x64/Debug/net8.0-android/android/bin/classes/androidx/legacy/coreutils/R$styleable.class' -> 'goodrive://www.googleapis.com/:personal:/bannister/bannister/obj/x64/Debug/net8.0-android/android/bin/classes/androidx/legacy/coreutils/R$styleable.class' (2,629)
2026-09-28 05:37:15: Copy Over 'C:/rock/bannister/Bannister/obj/x64/Debug/net8.0-android/android/bin/classes/androidx/loader/R$attr.class' -> 'goodrive://www.googleapis.com/:personal:/bannister/bannister/obj/x64/Debug/net8.0-android/android/bin/classes/androidx/loader/R$attr.class' (746)
2026-09-28 05:37:15: Copy Over 'C:/rock/bannister/Bannister/obj/x64/Debug/net8.0-android/android/bin/classes/androidx/legacy/coreutils/R.class' -> 'goodrive://www.googleapis.com/:personal:/bannister/bannister/obj/x64/Debug/net8.0-android/android/bin/classes/androidx/legacy/coreutils/R.class' (789)
2026-09-28 05:37:15: Copy Over 'C:/rock/bannister/Bannister/obj/x64/Debug/net8.0-android/android/bin/classes/androidx/localbroadcastmanager/R.class' -> 'goodrive://www.googleapis.com/:personal:/bannister/bannister/obj/x64/Debug/net8.0-android/android/bin/classes/androidx/localbroadcastmanager/R.class' (207)
2026-09-28 05:37:18: Copy Over 'C:/rock/bannister/Bannister/obj/x64/Debug/net8.0-android/android/bin/classes/androidx/loader/R$dimen.class' -> 'goodrive://www.googleapis.com/:personal:/bannister/bannister/obj/x64/Debug/net8.0-android/android/bin/classes/androidx/loader/R$dimen.class' (1,541)
2026-09-28 05:37:18: Copy Over 'C:/rock/bannister/Bannister/obj/x64/Debug/net8.0-android/android/bin/classes/androidx/loader/R$color.class' -> 'goodrive://www.googleapis.com/:personal:/bannister/bannister/obj/x64/Debug/net8.0-android/android/bin/classes/androidx/loader/R$color.class' (492)
2026-09-28 05:37:19: Copy Over 'C:/rock/bannister/Bannister/obj/x64/Debug/net8.0-android/android/bin/classes/androidx/loader/R$drawable.class' -> 'goodrive://www.googleapis.com/:personal:/bannister/bannister/obj/x64/Debug/net8.0-android/android/bin/classes/androidx/loader/R$drawable.class' (886)
2026-09-28 05:37:22: Copy Over 'C:/rock/bannister/Bannister/obj/x64/Debug/net8.0-android/android/bin/classes/androidx/loader/R$id.class' -> 'goodrive://www.googleapis.com/:personal:/bannister/bannister/obj/x64/Debug/net8.0-android/android/bin/classes/androidx/loader/R$id.class' (1,274)
2026-09-28 05:37:22: Copy Over 'C:/rock/bannister/Bannister/obj/x64/Debug/net8.0-android/android/bin/classes/androidx/loader/R$integer.class' -> 'goodrive://www.googleapis.com/:personal:/bannister/bannister/obj/x64/Debug/net8.0-android/android/bin/classes/androidx/loader/R$integer.class' (343)
2026-09-28 05:37:22: Copy Over 'C:/rock/bannister/Bannister/obj/x64/Debug/net8.0-android/android/bin/classes/androidx/loader/R$layout.class' -> 'goodrive://www.googleapis.com/:personal:/bannister/bannister/obj/x64/Debug/net8.0-android/android/bin/classes/androidx/loader/R$layout.class' (607)
2026-09-28 05:37:25: Copy Over 'C:/rock/bannister/Bannister/obj/x64/Debug/net8.0-android/android/bin/classes/androidx/loader/R$string.class' -> 'goodrive://www.googleapis.com/:personal:/bannister/bannister/obj/x64/Debug/net8.0-android/android/bin/classes/androidx/loader/R$string.class' (343)
2026-09-28 05:37:25: Copy Over 'C:/rock/bannister/Bannister/obj/x64/Debug/net8.0-android/android/bin/classes/androidx/loader/R$style.class' -> 'goodrive://www.googleapis.com/:personal:/bannister/bannister/obj/x64/Debug/net8.0-android/android/bin/classes/androidx/loader/R$style.class' (717)
2026-09-28 05:37:26: Copy Over 'C:/rock/bannister/Bannister/obj/x64/Debug/net8.0-android/android/bin/classes/androidx/loader/R$styleable.class' -> 'goodrive://www.googleapis.com/:personal:/bannister/bannister/obj/x64/Debug/net8.0-android/android/bin/classes/androidx/loader/R$styleable.class' (2,609)
2026-09-28 05:37:28: Copy Over 'C:/rock/bannister/Bannister/obj/x64/Debug/net8.0-android/android/bin/classes/androidx/loader/R.class' -> 'goodrive://www.googleapis.com/:personal:/bannister/bannister/obj/x64/Debug/net8.0-android/android/bin/classes/androidx/loader/R.class' (679)
2026-09-28 05:37:29: Copy Over 'C:/rock/bannister/Bannister/obj/x64/Debug/net8.0-android/android/bin/classes/androidx/print/R.class' -> 'goodrive://www.googleapis.com/:personal:/bannister/bannister/obj/x64/Debug/net8.0-android/android/bin/classes/androidx/print/R.class' (191)
2026-09-28 05:37:29: Copy Over 'C:/rock/bannister/Bannister/obj/x64/Debug/net8.0-android/android/bin/classes/androidx/navigation/common/R$attr.class' -> 'goodrive://www.googleapis.com/:personal:/bannister/bannister/obj/x64/Debug/net8.0-android/android/bin/classes/androidx/navigation/common/R$attr.class' (878)
2026-09-28 05:37:32: Copy Over 'C:/rock/bannister/Bannister/obj/x64/Debug/net8.0-android/android/bin/classes/androidx/navigation/common/R$styleable.class' -> 'goodrive://www.googleapis.com/:personal:/bannister/bannister/obj/x64/Debug/net8.0-android/android/bin/classes/androidx/navigation/common/R$styleable.class' (1,803)
2026-09-28 05:37:32: Copy Over 'C:/rock/bannister/Bannister/obj/x64/Debug/net8.0-android/android/bin/classes/androidx/navigation/common/R.class' -> 'goodrive://www.googleapis.com/:personal:/bannister/bannister/obj/x64/Debug/net8.0-android/android/bin/classes/androidx/navigation/common/R.class' (344)
2026-09-28 05:37:33: Copy Over 'C:/rock/bannister/Bannister/obj/x64/Debug/net8.0-android/android/bin/classes/androidx/navigation/R$attr.class' -> 'goodrive://www.googleapis.com/:personal:/bannister/bannister/obj/x64/Debug/net8.0-android/android/bin/classes/androidx/navigation/R$attr.class' (477)
2026-09-28 05:37:36: Copy Over 'C:/rock/bannister/Bannister/obj/x64/Debug/net8.0-android/android/bin/classes/androidx/navigation/fragment/R$dimen.class' -> 'goodrive://www.googleapis.com/:personal:/bannister/bannister/obj/x64/Debug/net8.0-android/android/bin/classes/androidx/navigation/fragment/R$dimen.class' (360)
2026-09-28 05:37:36: Copy Over 'C:/rock/bannister/Bannister/obj/x64/Debug/net8.0-android/android/bin/classes/androidx/navigation/fragment/R$attr.class' -> 'goodrive://www.googleapis.com/:personal:/bannister/bannister/obj/x64/Debug/net8.0-android/android/bin/classes/androidx/navigation/fragment/R$attr.class' (342)
2026-09-28 05:37:36: Copy Over 'C:/rock/bannister/Bannister/obj/x64/Debug/net8.0-android/android/bin/classes/androidx/navigation/fragment/R$id.class' -> 'goodrive://www.googleapis.com/:personal:/bannister/bannister/obj/x64/Debug/net8.0-android/android/bin/classes/androidx/navigation/fragment/R$id.class' (447)
2026-09-28 05:37:39: Copy Over 'C:/rock/bannister/Bannister/obj/x64/Debug/net8.0-android/android/bin/classes/androidx/navigation/R$id.class' -> 'goodrive://www.googleapis.com/:personal:/bannister/bannister/obj/x64/Debug/net8.0-android/android/bin/classes/androidx/navigation/R$id.class' (329)
2026-09-28 05:37:39: Copy Over 'C:/rock/bannister/Bannister/obj/x64/Debug/net8.0-android/android/bin/classes/androidx/navigation/fragment/R$styleable.class' -> 'goodrive://www.googleapis.com/:personal:/bannister/bannister/obj/x64/Debug/net8.0-android/android/bin/classes/androidx/navigation/fragment/R$styleable.class' (696)
2026-09-28 05:37:39: Copy Over 'C:/rock/bannister/Bannister/obj/x64/Debug/net8.0-android/android/bin/classes/androidx/navigation/fragment/R.class' -> 'goodrive://www.googleapis.com/:personal:/bannister/bannister/obj/x64/Debug/net8.0-android/android/bin/classes/androidx/navigation/fragment/R.class' (460)
2026-09-28 05:37:43: Copy Over 'C:/rock/bannister/Bannister/obj/x64/Debug/net8.0-android/android/bin/classes/androidx/navigation/R$styleable.class' -> 'goodrive://www.googleapis.com/:personal:/bannister/bannister/obj/x64/Debug/net8.0-android/android/bin/classes/androidx/navigation/R$styleable.class' (870)
2026-09-28 05:37:43: Copy Over 'C:/rock/bannister/Bannister/obj/x64/Debug/net8.0-android/android/bin/classes/androidx/navigation/R.class' -> 'goodrive://www.googleapis.com/:personal:/bannister/bannister/obj/x64/Debug/net8.0-android/android/bin/classes/androidx/navigation/R.class' (366)
2026-09-28 05:37:43: Copy Over 'C:/rock/bannister/Bannister/obj/x64/Debug/net8.0-android/android/bin/classes/androidx/navigation/ui/R$anim.class' -> 'goodrive://www.googleapis.com/:personal:/bannister/bannister/obj/x64/Debug/net8.0-android/android/bin/classes/androidx/navigation/ui/R$anim.class' (482)
2026-09-28 05:37:46: Copy Over 'C:/rock/bannister/Bannister/obj/x64/Debug/net8.0-android/android/bin/classes/androidx/navigation/ui/R$animator.class' -> 'goodrive://www.googleapis.com/:personal:/bannister/bannister/obj/x64/Debug/net8.0-android/android/bin/classes/androidx/navigation/ui/R$animator.class' (490)
2026-09-28 05:37:46: Copy Over 'C:/rock/bannister/Bannister/obj/x64/Debug/net8.0-android/android/bin/classes/androidx/navigation/ui/R$integer.class' -> 'goodrive://www.googleapis.com/:personal:/bannister/bannister/obj/x64/Debug/net8.0-android/android/bin/classes/androidx/navigation/ui/R$integer.class' (340)
2026-09-28 05:37:46: Copy Over 'C:/rock/bannister/Bannister/obj/x64/Debug/net8.0-android/android/bin/classes/androidx/profileinstaller/R.class' -> 'goodrive://www.googleapis.com/:personal:/bannister/bannister/obj/x64/Debug/net8.0-android/android/bin/classes/androidx/profileinstaller/R.class' (202)
2026-09-28 05:37:49: Copy Over 'C:/rock/bannister/Bannister/obj/x64/Debug/net8.0-android/android/bin/classes/androidx/navigation/ui/R$string.class' -> 'goodrive://www.googleapis.com/:personal:/bannister/bannister/obj/x64/Debug/net8.0-android/android/bin/classes/androidx/navigation/ui/R$string.class' (448)
2026-09-28 05:37:50: Copy Over 'C:/rock/bannister/Bannister/obj/x64/Debug/net8.0-android/android/bin/classes/androidx/recyclerview/R$attr.class' -> 'goodrive://www.googleapis.com/:personal:/bannister/bannister/obj/x64/Debug/net8.0-android/android/bin/classes/androidx/recyclerview/R$attr.class' (739)
2026-09-28 05:37:50: Copy Over 'C:/rock/bannister/Bannister/obj/x64/Debug/net8.0-android/android/bin/classes/androidx/navigation/ui/R.class' -> 'goodrive://www.googleapis.com/:personal:/bannister/bannister/obj/x64/Debug/net8.0-android/android/bin/classes/androidx/navigation/ui/R.class' (440)
2026-09-28 05:37:53: Copy Over 'C:/rock/bannister/Bannister/obj/x64/Debug/net8.0-android/android/bin/classes/androidx/savedstate/R$id.class' -> 'goodrive://www.googleapis.com/:personal:/bannister/bannister/obj/x64/Debug/net8.0-android/android/bin/classes/androidx/savedstate/R$id.class' (342)
2026-09-28 05:37:53: Copy Over 'C:/rock/bannister/Bannister/obj/x64/Debug/net8.0-android/android/bin/classes/androidx/savedstate/R.class' -> 'goodrive://www.googleapis.com/:personal:/bannister/bannister/obj/x64/Debug/net8.0-android/android/bin/classes/androidx/savedstate/R.class' (262)
2026-09-28 05:37:53: Copy Over 'C:/rock/bannister/Bannister/obj/x64/Debug/net8.0-android/android/bin/classes/androidx/savedstate/ktx/R.class' -> 'goodrive://www.googleapis.com/:personal:/bannister/bannister/obj/x64/Debug/net8.0-android/android/bin/classes/androidx/savedstate/ktx/R.class' (200)
2026-09-28 05:37:56: Copy Over 'C:/rock/bannister/Bannister/obj/x64/Debug/net8.0-android/android/bin/classes/androidx/recyclerview/R$dimen.class' -> 'goodrive://www.googleapis.com/:personal:/bannister/bannister/obj/x64/Debug/net8.0-android/android/bin/classes/androidx/recyclerview/R$dimen.class' (630)
2026-09-28 05:37:57: Copy Over 'C:/rock/bannister/Bannister/obj/x64/Debug/net8.0-android/android/bin/classes/androidx/recyclerview/R$id.class' -> 'goodrive://www.googleapis.com/:personal:/bannister/bannister/obj/x64/Debug/net8.0-android/android/bin/classes/androidx/recyclerview/R$id.class' (346)
2026-09-28 05:37:58: Copy Over 'C:/rock/bannister/Bannister/obj/x64/Debug/net8.0-android/android/bin/classes/androidx/recyclerview/R$styleable.class' -> 'goodrive://www.googleapis.com/:personal:/bannister/bannister/obj/x64/Debug/net8.0-android/android/bin/classes/androidx/recyclerview/R$styleable.class' (1,227)
2026-09-28 05:38:00: Copy Over 'C:/rock/bannister/Bannister/obj/x64/Debug/net8.0-android/android/bin/classes/androidx/recyclerview/R.class' -> 'goodrive://www.googleapis.com/:personal:/bannister/bannister/obj/x64/Debug/net8.0-android/android/bin/classes/androidx/recyclerview/R.class' (425)
2026-09-28 05:38:01: Copy Over 'C:/rock/bannister/Bannister/obj/x64/Debug/net8.0-android/android/bin/classes/androidx/security/R.class' -> 'goodrive://www.googleapis.com/:personal:/bannister/bannister/obj/x64/Debug/net8.0-android/android/bin/classes/androidx/security/R.class' (194)
2026-09-28 05:38:01: Copy Over 'C:/rock/bannister/Bannister/obj/x64/Debug/net8.0-android/android/bin/classes/androidx/slidingpanelayout/R.class' -> 'goodrive://www.googleapis.com/:personal:/bannister/bannister/obj/x64/Debug/net8.0-android/android/bin/classes/androidx/slidingpanelayout/R.class' (203)
2026-09-28 05:38:03: Copy Over 'C:/rock/bannister/Bannister/obj/x64/Debug/net8.0-android/android/bin/classes/androidx/startup/R$string.class' -> 'goodrive://www.googleapis.com/:personal:/bannister/bannister/obj/x64/Debug/net8.0-android/android/bin/classes/androidx/startup/R$string.class' (324)
2026-09-28 05:38:05: Copy Over 'C:/rock/bannister/Bannister/obj/x64/Debug/net8.0-android/android/bin/classes/androidx/swiperefreshlayout/R$attr.class' -> 'goodrive://www.googleapis.com/:personal:/bannister/bannister/obj/x64/Debug/net8.0-android/android/bin/classes/androidx/swiperefreshlayout/R$attr.class' (842)
2026-09-28 05:38:05: Copy Over 'C:/rock/bannister/Bannister/obj/x64/Debug/net8.0-android/android/bin/classes/androidx/swiperefreshlayout/R$color.class' -> 'goodrive://www.googleapis.com/:personal:/bannister/bannister/obj/x64/Debug/net8.0-android/android/bin/classes/androidx/swiperefreshlayout/R$color.class' (516)
2026-09-28 05:38:07: Copy Over 'C:/rock/bannister/Bannister/obj/x64/Debug/net8.0-android/android/bin/classes/androidx/swiperefreshlayout/R$dimen.class' -> 'goodrive://www.googleapis.com/:personal:/bannister/bannister/obj/x64/Debug/net8.0-android/android/bin/classes/androidx/swiperefreshlayout/R$dimen.class' (1,565)
2026-09-28 05:38:08: Copy Over 'C:/rock/bannister/Bannister/obj/x64/Debug/net8.0-android/android/bin/classes/androidx/swiperefreshlayout/R$drawable.class' -> 'goodrive://www.googleapis.com/:personal:/bannister/bannister/obj/x64/Debug/net8.0-android/android/bin/classes/androidx/swiperefreshlayout/R$drawable.class' (910)
2026-09-28 05:38:10: Copy Over 'C:/rock/bannister/Bannister/obj/x64/Debug/net8.0-android/android/bin/classes/androidx/swiperefreshlayout/R$id.class' -> 'goodrive://www.googleapis.com/:personal:/bannister/bannister/obj/x64/Debug/net8.0-android/android/bin/classes/androidx/swiperefreshlayout/R$id.class' (3,370)
2026-09-28 05:38:11: Copy Over 'C:/rock/bannister/Bannister/obj/x64/Debug/net8.0-android/android/bin/classes/androidx/swiperefreshlayout/R$layout.class' -> 'goodrive://www.googleapis.com/:personal:/bannister/bannister/obj/x64/Debug/net8.0-android/android/bin/classes/androidx/swiperefreshlayout/R$layout.class' (668)
2026-09-28 05:38:12: Copy Over 'C:/rock/bannister/Bannister/obj/x64/Debug/net8.0-android/android/bin/classes/androidx/swiperefreshlayout/R$integer.class' -> 'goodrive://www.googleapis.com/:personal:/bannister/bannister/obj/x64/Debug/net8.0-android/android/bin/classes/androidx/swiperefreshlayout/R$integer.class' (367)
2026-09-28 05:38:14: Copy Over 'C:/rock/bannister/Bannister/obj/x64/Debug/net8.0-android/android/bin/classes/androidx/swiperefreshlayout/R$string.class' -> 'goodrive://www.googleapis.com/:personal:/bannister/bannister/obj/x64/Debug/net8.0-android/android/bin/classes/androidx/swiperefreshlayout/R$string.class' (367)
2026-09-28 05:38:14: Copy Over 'C:/rock/bannister/Bannister/obj/x64/Debug/net8.0-android/android/bin/classes/androidx/swiperefreshlayout/R$style.class' -> 'goodrive://www.googleapis.com/:personal:/bannister/bannister/obj/x64/Debug/net8.0-android/android/bin/classes/androidx/swiperefreshlayout/R$style.class' (741)
2026-09-28 05:38:15: Copy Over 'C:/rock/bannister/Bannister/obj/x64/Debug/net8.0-android/android/bin/classes/androidx/swiperefreshlayout/R$styleable.class' -> 'goodrive://www.googleapis.com/:personal:/bannister/bannister/obj/x64/Debug/net8.0-android/android/bin/classes/androidx/swiperefreshlayout/R$styleable.class' (2,778)
2026-09-28 05:38:17: Copy Over 'C:/rock/bannister/Bannister/obj/x64/Debug/net8.0-android/android/bin/classes/androidx/swiperefreshlayout/R.class' -> 'goodrive://www.googleapis.com/:personal:/bannister/bannister/obj/x64/Debug/net8.0-android/android/bin/classes/androidx/swiperefreshlayout/R.class' (811)
2026-09-28 05:38:18: Copy Over 'C:/rock/bannister/Bannister/obj/x64/Debug/net8.0-android/android/bin/classes/androidx/startup/R.class' -> 'goodrive://www.googleapis.com/:personal:/bannister/bannister/obj/x64/Debug/net8.0-android/android/bin/classes/androidx/startup/R.class' (264)
2026-09-28 05:38:19: Copy Over 'C:/rock/bannister/Bannister/obj/x64/Debug/net8.0-android/android/bin/classes/androidx/tracing/R.class' -> 'goodrive://www.googleapis.com/:personal:/bannister/bannister/obj/x64/Debug/net8.0-android/android/bin/classes/androidx/tracing/R.class' (193)
2026-09-28 05:38:20: Copy Over 'C:/rock/bannister/Bannister/obj/x64/Debug/net8.0-android/android/bin/classes/androidx/transition/R$anim.class' -> 'goodrive://www.googleapis.com/:personal:/bannister/bannister/obj/x64/Debug/net8.0-android/android/bin/classes/androidx/transition/R$anim.class' (845)
2026-09-28 05:38:22: Copy Over 'C:/rock/bannister/Bannister/obj/x64/Debug/net8.0-android/android/bin/classes/androidx/transition/R$attr.class' -> 'goodrive://www.googleapis.com/:personal:/bannister/bannister/obj/x64/Debug/net8.0-android/android/bin/classes/androidx/transition/R$attr.class' (11,464)
2026-09-28 05:38:23: Copy Over 'C:/rock/bannister/Bannister/obj/x64/Debug/net8.0-android/android/bin/classes/androidx/transition/R$bool.class' -> 'goodrive://www.googleapis.com/:personal:/bannister/bannister/obj/x64/Debug/net8.0-android/android/bin/classes/androidx/transition/R$bool.class' (391)
2026-09-28 05:38:24: Copy Over 'C:/rock/bannister/Bannister/obj/x64/Debug/net8.0-android/android/bin/classes/androidx/transition/R$color.class' -> 'goodrive://www.googleapis.com/:personal:/bannister/bannister/obj/x64/Debug/net8.0-android/android/bin/classes/androidx/transition/R$color.class' (4,628)
2026-09-28 05:38:25: Copy Over 'C:/rock/bannister/Bannister/obj/x64/Debug/net8.0-android/android/bin/classes/androidx/transition/R$dimen.class' -> 'goodrive://www.googleapis.com/:personal:/bannister/bannister/obj/x64/Debug/net8.0-android/android/bin/classes/androidx/transition/R$dimen.class' (6,730)
2026-09-28 05:38:26: Copy Over 'C:/rock/bannister/Bannister/obj/x64/Debug/net8.0-android/android/bin/classes/androidx/transition/R$drawable.class' -> 'goodrive://www.googleapis.com/:personal:/bannister/bannister/obj/x64/Debug/net8.0-android/android/bin/classes/androidx/transition/R$drawable.class' (4,846)
2026-09-28 05:38:28: Copy Over 'C:/rock/bannister/Bannister/obj/x64/Debug/net8.0-android/android/bin/classes/androidx/transition/R$id.class' -> 'goodrive://www.googleapis.com/:personal:/bannister/bannister/obj/x64/Debug/net8.0-android/android/bin/classes/androidx/transition/R$id.class' (6,708)
2026-09-28 05:38:29: Copy Over 'C:/rock/bannister/Bannister/obj/x64/Debug/net8.0-android/android/bin/classes/androidx/transition/R$integer.class' -> 'goodrive://www.googleapis.com/:personal:/bannister/bannister/obj/x64/Debug/net8.0-android/android/bin/classes/androidx/transition/R$integer.class' (550)
2026-09-28 05:38:29: Copy Over 'C:/rock/bannister/Bannister/obj/x64/Debug/net8.0-android/android/bin/classes/androidx/transition/R$layout.class' -> 'goodrive://www.googleapis.com/:personal:/bannister/bannister/obj/x64/Debug/net8.0-android/android/bin/classes/androidx/transition/R$layout.class' (2,282)
2026-09-28 05:38:32: Copy Over 'C:/rock/bannister/Bannister/obj/x64/Debug/net8.0-android/android/bin/classes/androidx/transition/R$string.class' -> 'goodrive://www.googleapis.com/:personal:/bannister/bannister/obj/x64/Debug/net8.0-android/android/bin/classes/androidx/transition/R$string.class' (1,834)
2026-09-28 05:38:32: Copy Over 'C:/rock/bannister/Bannister/obj/x64/Debug/net8.0-android/android/bin/classes/androidx/transition/R$styleable.class' -> 'goodrive://www.googleapis.com/:personal:/bannister/bannister/obj/x64/Debug/net8.0-android/android/bin/classes/androidx/transition/R$styleable.class' (29,138)
2026-09-28 05:38:33: Copy Over 'C:/rock/bannister/Bannister/obj/x64/Debug/net8.0-android/android/bin/classes/androidx/transition/R$style.class' -> 'goodrive://www.googleapis.com/:personal:/bannister/bannister/obj/x64/Debug/net8.0-android/android/bin/classes/androidx/transition/R$style.class' (21,640)
2026-09-28 05:38:35: Copy Over 'C:/rock/bannister/Bannister/obj/x64/Debug/net8.0-android/android/bin/classes/androidx/transition/R.class' -> 'goodrive://www.googleapis.com/:personal:/bannister/bannister/obj/x64/Debug/net8.0-android/android/bin/classes/androidx/transition/R.class' (817)
2026-09-28 05:38:37: Copy Over 'C:/rock/bannister/Bannister/obj/x64/Debug/net8.0-android/android/bin/classes/androidx/versionedparcelable/R.class' -> 'goodrive://www.googleapis.com/:personal:/bannister/bannister/obj/x64/Debug/net8.0-android/android/bin/classes/androidx/versionedparcelable/R.class' (205)
2026-09-28 05:38:37: Copy Over 'C:/rock/bannister/Bannister/obj/x64/Debug/net8.0-android/android/bin/classes/androidx/vectordrawable/animated/R$attr.class' -> 'goodrive://www.googleapis.com/:personal:/bannister/bannister/obj/x64/Debug/net8.0-android/android/bin/classes/androidx/vectordrawable/animated/R$attr.class' (780)
2026-09-28 05:38:39: Copy Over 'C:/rock/bannister/Bannister/obj/x64/Debug/net8.0-android/android/bin/classes/androidx/vectordrawable/animated/R$color.class' -> 'goodrive://www.googleapis.com/:personal:/bannister/bannister/obj/x64/Debug/net8.0-android/android/bin/classes/androidx/vectordrawable/animated/R$color.class' (526)
2026-09-28 05:38:40: Copy Over 'C:/rock/bannister/Bannister/obj/x64/Debug/net8.0-android/android/bin/classes/androidx/vectordrawable/animated/R$dimen.class' -> 'goodrive://www.googleapis.com/:personal:/bannister/bannister/obj/x64/Debug/net8.0-android/android/bin/classes/androidx/vectordrawable/animated/R$dimen.class' (1,575)
2026-09-28 05:38:40: Copy Over 'C:/rock/bannister/Bannister/obj/x64/Debug/net8.0-android/android/bin/classes/androidx/vectordrawable/animated/R$drawable.class' -> 'goodrive://www.googleapis.com/:personal:/bannister/bannister/obj/x64/Debug/net8.0-android/android/bin/classes/androidx/vectordrawable/animated/R$drawable.class' (920)
2026-09-28 05:38:43: Copy Over 'C:/rock/bannister/Bannister/obj/x64/Debug/net8.0-android/android/bin/classes/androidx/vectordrawable/animated/R$id.class' -> 'goodrive://www.googleapis.com/:personal:/bannister/bannister/obj/x64/Debug/net8.0-android/android/bin/classes/androidx/vectordrawable/animated/R$id.class' (3,380)
2026-09-28 05:38:44: Copy Over 'C:/rock/bannister/Bannister/obj/x64/Debug/net8.0-android/android/bin/classes/androidx/vectordrawable/animated/R$integer.class' -> 'goodrive://www.googleapis.com/:personal:/bannister/bannister/obj/x64/Debug/net8.0-android/android/bin/classes/androidx/vectordrawable/animated/R$integer.class' (377)
2026-09-28 05:38:44: Copy Over 'C:/rock/bannister/Bannister/obj/x64/Debug/net8.0-android/android/bin/classes/androidx/vectordrawable/animated/R$layout.class' -> 'goodrive://www.googleapis.com/:personal:/bannister/bannister/obj/x64/Debug/net8.0-android/android/bin/classes/androidx/vectordrawable/animated/R$layout.class' (678)
2026-09-28 05:38:47: Copy Over 'C:/rock/bannister/Bannister/obj/x64/Debug/net8.0-android/android/bin/classes/androidx/vectordrawable/animated/R$string.class' -> 'goodrive://www.googleapis.com/:personal:/bannister/bannister/obj/x64/Debug/net8.0-android/android/bin/classes/androidx/vectordrawable/animated/R$string.class' (377)
2026-09-28 05:38:47: Copy Over 'C:/rock/bannister/Bannister/obj/x64/Debug/net8.0-android/android/bin/classes/androidx/vectordrawable/animated/R$style.class' -> 'goodrive://www.googleapis.com/:personal:/bannister/bannister/obj/x64/Debug/net8.0-android/android/bin/classes/androidx/vectordrawable/animated/R$style.class' (751)
2026-09-28 05:38:47: Copy Over 'C:/rock/bannister/Bannister/obj/x64/Debug/net8.0-android/android/bin/classes/androidx/vectordrawable/animated/R$styleable.class' -> 'goodrive://www.googleapis.com/:personal:/bannister/bannister/obj/x64/Debug/net8.0-android/android/bin/classes/androidx/vectordrawable/animated/R$styleable.class' (2,643)
2026-09-28 05:38:50: Copy Over 'C:/rock/bannister/Bannister/obj/x64/Debug/net8.0-android/android/bin/classes/androidx/vectordrawable/animated/R.class' -> 'goodrive://www.googleapis.com/:personal:/bannister/bannister/obj/x64/Debug/net8.0-android/android/bin/classes/androidx/vectordrawable/animated/R.class' (866)
2026-09-28 05:38:50: Copy Over 'C:/rock/bannister/Bannister/obj/x64/Debug/net8.0-android/android/bin/classes/androidx/vectordrawable/R$color.class' -> 'goodrive://www.googleapis.com/:personal:/bannister/bannister/obj/x64/Debug/net8.0-android/android/bin/classes/androidx/vectordrawable/R$color.class' (508)
2026-09-28 05:38:50: Copy Over 'C:/rock/bannister/Bannister/obj/x64/Debug/net8.0-android/android/bin/classes/androidx/vectordrawable/R$attr.class' -> 'goodrive://www.googleapis.com/:personal:/bannister/bannister/obj/x64/Debug/net8.0-android/android/bin/classes/androidx/vectordrawable/R$attr.class' (762)
2026-09-28 05:38:54: Copy Over 'C:/rock/bannister/Bannister/obj/x64/Debug/net8.0-android/android/bin/classes/androidx/vectordrawable/R$drawable.class' -> 'goodrive://www.googleapis.com/:personal:/bannister/bannister/obj/x64/Debug/net8.0-android/android/bin/classes/androidx/vectordrawable/R$drawable.class' (902)
2026-09-28 05:38:54: Copy Over 'C:/rock/bannister/Bannister/obj/x64/Debug/net8.0-android/android/bin/classes/androidx/vectordrawable/R$dimen.class' -> 'goodrive://www.googleapis.com/:personal:/bannister/bannister/obj/x64/Debug/net8.0-android/android/bin/classes/androidx/vectordrawable/R$dimen.class' (1,557)
2026-09-28 05:38:54: Copy Over 'C:/rock/bannister/Bannister/obj/x64/Debug/net8.0-android/android/bin/classes/androidx/vectordrawable/R$id.class' -> 'goodrive://www.googleapis.com/:personal:/bannister/bannister/obj/x64/Debug/net8.0-android/android/bin/classes/androidx/vectordrawable/R$id.class' (3,362)
2026-09-28 05:38:57: Copy Over 'C:/rock/bannister/Bannister/obj/x64/Debug/net8.0-android/android/bin/classes/androidx/vectordrawable/R$layout.class' -> 'goodrive://www.googleapis.com/:personal:/bannister/bannister/obj/x64/Debug/net8.0-android/android/bin/classes/androidx/vectordrawable/R$layout.class' (660)
2026-09-28 05:38:57: Copy Over 'C:/rock/bannister/Bannister/obj/x64/Debug/net8.0-android/android/bin/classes/androidx/vectordrawable/R$integer.class' -> 'goodrive://www.googleapis.com/:personal:/bannister/bannister/obj/x64/Debug/net8.0-android/android/bin/classes/androidx/vectordrawable/R$integer.class' (359)
2026-09-28 05:38:57: Copy Over 'C:/rock/bannister/Bannister/obj/x64/Debug/net8.0-android/android/bin/classes/androidx/vectordrawable/R$string.class' -> 'goodrive://www.googleapis.com/:personal:/bannister/bannister/obj/x64/Debug/net8.0-android/android/bin/classes/androidx/vectordrawable/R$string.class' (359)
2026-09-28 05:39:01: Copy Over 'C:/rock/bannister/Bannister/obj/x64/Debug/net8.0-android/android/bin/classes/androidx/vectordrawable/R$style.class' -> 'goodrive://www.googleapis.com/:personal:/bannister/bannister/obj/x64/Debug/net8.0-android/android/bin/classes/androidx/vectordrawable/R$style.class' (733)
2026-09-28 05:39:01: Copy Over 'C:/rock/bannister/Bannister/obj/x64/Debug/net8.0-android/android/bin/classes/androidx/vectordrawable/R$styleable.class' -> 'goodrive://www.googleapis.com/:personal:/bannister/bannister/obj/x64/Debug/net8.0-android/android/bin/classes/androidx/vectordrawable/R$styleable.class' (2,625)
2026-09-28 05:39:01: Copy Over 'C:/rock/bannister/Bannister/obj/x64/Debug/net8.0-android/android/bin/classes/androidx/vectordrawable/R.class' -> 'goodrive://www.googleapis.com/:personal:/bannister/bannister/obj/x64/Debug/net8.0-android/android/bin/classes/androidx/vectordrawable/R.class' (767)
2026-09-28 05:39:04: Copy Over 'C:/rock/bannister/Bannister/obj/x64/Debug/net8.0-android/android/bin/classes/androidx/viewpager/R$attr.class' -> 'goodrive://www.googleapis.com/:personal:/bannister/bannister/obj/x64/Debug/net8.0-android/android/bin/classes/androidx/viewpager/R$attr.class' (752)
2026-09-28 05:39:05: Copy Over 'C:/rock/bannister/Bannister/obj/x64/Debug/net8.0-android/android/bin/classes/androidx/viewpager2/R$color.class' -> 'goodrive://www.googleapis.com/:personal:/bannister/bannister/obj/x64/Debug/net8.0-android/android/bin/classes/androidx/viewpager2/R$color.class' (500)
2026-09-28 05:39:06: Copy Over 'C:/rock/bannister/Bannister/obj/x64/Debug/net8.0-android/android/bin/classes/androidx/viewpager2/R$attr.class' -> 'goodrive://www.googleapis.com/:personal:/bannister/bannister/obj/x64/Debug/net8.0-android/android/bin/classes/androidx/viewpager2/R$attr.class' (1,203)
2026-09-28 05:39:07: Copy Over 'C:/rock/bannister/Bannister/obj/x64/Debug/net8.0-android/android/bin/classes/androidx/viewpager2/R$dimen.class' -> 'goodrive://www.googleapis.com/:personal:/bannister/bannister/obj/x64/Debug/net8.0-android/android/bin/classes/androidx/viewpager2/R$dimen.class' (1,887)
2026-09-28 05:39:08: Copy Over 'C:/rock/bannister/Bannister/obj/x64/Debug/net8.0-android/android/bin/classes/androidx/viewpager2/R$drawable.class' -> 'goodrive://www.googleapis.com/:personal:/bannister/bannister/obj/x64/Debug/net8.0-android/android/bin/classes/androidx/viewpager2/R$drawable.class' (894)
2026-09-28 05:39:12: Copy Over 'C:/rock/bannister/Bannister/obj/x64/Debug/net8.0-android/android/bin/classes/androidx/viewpager2/R$integer.class' -> 'goodrive://www.googleapis.com/:personal:/bannister/bannister/obj/x64/Debug/net8.0-android/android/bin/classes/androidx/viewpager2/R$integer.class' (351)
2026-09-28 05:39:12: Copy Over 'C:/rock/bannister/Bannister/obj/x64/Debug/net8.0-android/android/bin/classes/androidx/viewpager2/R$layout.class' -> 'goodrive://www.googleapis.com/:personal:/bannister/bannister/obj/x64/Debug/net8.0-android/android/bin/classes/androidx/viewpager2/R$layout.class' (652)
2026-09-28 05:39:15: Copy Over 'C:/rock/bannister/Bannister/obj/x64/Debug/net8.0-android/android/bin/classes/androidx/viewpager2/R$style.class' -> 'goodrive://www.googleapis.com/:personal:/bannister/bannister/obj/x64/Debug/net8.0-android/android/bin/classes/androidx/viewpager2/R$style.class' (725)
2026-09-28 05:39:16: Copy Over 'C:/rock/bannister/Bannister/obj/x64/Debug/net8.0-android/android/bin/classes/androidx/viewpager2/R$string.class' -> 'goodrive://www.googleapis.com/:personal:/bannister/bannister/obj/x64/Debug/net8.0-android/android/bin/classes/androidx/viewpager2/R$string.class' (351)
2026-09-28 05:39:19: Copy Over 'C:/rock/bannister/Bannister/obj/x64/Debug/net8.0-android/android/bin/classes/androidx/viewpager2/R.class' -> 'goodrive://www.googleapis.com/:personal:/bannister/bannister/obj/x64/Debug/net8.0-android/android/bin/classes/androidx/viewpager2/R.class' (723)
2026-09-28 05:39:20: Copy Over 'C:/rock/bannister/Bannister/obj/x64/Debug/net8.0-android/android/bin/classes/androidx/viewpager2/R$styleable.class' -> 'goodrive://www.googleapis.com/:personal:/bannister/bannister/obj/x64/Debug/net8.0-android/android/bin/classes/androidx/viewpager2/R$styleable.class' (3,528)
2026-09-28 05:39:23: Copy Over 'C:/rock/bannister/Bannister/obj/x64/Debug/net8.0-android/android/bin/classes/androidx/viewpager2/R$id.class' -> 'goodrive://www.googleapis.com/:personal:/bannister/bannister/obj/x64/Debug/net8.0-android/android/bin/classes/androidx/viewpager2/R$id.class' (3,414)
2026-09-28 05:39:23: Copy Over 'C:/rock/bannister/Bannister/obj/x64/Debug/net8.0-android/android/bin/classes/androidx/viewpager/R$dimen.class' -> 'goodrive://www.googleapis.com/:personal:/bannister/bannister/obj/x64/Debug/net8.0-android/android/bin/classes/androidx/viewpager/R$dimen.class' (1,547)
2026-09-28 05:39:23: Copy Over 'C:/rock/bannister/Bannister/obj/x64/Debug/net8.0-android/android/bin/classes/androidx/viewpager/R$color.class' -> 'goodrive://www.googleapis.com/:personal:/bannister/bannister/obj/x64/Debug/net8.0-android/android/bin/classes/androidx/viewpager/R$color.class' (498)
2026-09-28 05:39:27: Copy Over 'C:/rock/bannister/Bannister/obj/x64/Debug/net8.0-android/android/bin/classes/androidx/viewpager/R$id.class' -> 'goodrive://www.googleapis.com/:personal:/bannister/bannister/obj/x64/Debug/net8.0-android/android/bin/classes/androidx/viewpager/R$id.class' (1,280)
2026-09-28 05:39:28: Copy Over 'C:/rock/bannister/Bannister/obj/x64/Debug/net8.0-android/android/bin/classes/androidx/viewpager/R$drawable.class' -> 'goodrive://www.googleapis.com/:personal:/bannister/bannister/obj/x64/Debug/net8.0-android/android/bin/classes/androidx/viewpager/R$drawable.class' (892)
2026-09-28 05:39:28: Copy Over 'C:/rock/bannister/Bannister/obj/x64/Debug/net8.0-android/android/bin/classes/androidx/viewpager/R$integer.class' -> 'goodrive://www.googleapis.com/:personal:/bannister/bannister/obj/x64/Debug/net8.0-android/android/bin/classes/androidx/viewpager/R$integer.class' (349)
2026-09-28 05:39:30: Copy Over 'C:/rock/bannister/Bannister/obj/x64/Debug/net8.0-android/android/bin/classes/androidx/viewpager/R$layout.class' -> 'goodrive://www.googleapis.com/:personal:/bannister/bannister/obj/x64/Debug/net8.0-android/android/bin/classes/androidx/viewpager/R$layout.class' (613)
2026-09-28 05:39:31: Copy Over 'C:/rock/bannister/Bannister/obj/x64/Debug/net8.0-android/android/bin/classes/androidx/viewpager/R$string.class' -> 'goodrive://www.googleapis.com/:personal:/bannister/bannister/obj/x64/Debug/net8.0-android/android/bin/classes/androidx/viewpager/R$string.class' (349)
2026-09-28 05:39:32: Copy Over 'C:/rock/bannister/Bannister/obj/x64/Debug/net8.0-android/android/bin/classes/androidx/viewpager/R$style.class' -> 'goodrive://www.googleapis.com/:personal:/bannister/bannister/obj/x64/Debug/net8.0-android/android/bin/classes/androidx/viewpager/R$style.class' (723)
2026-09-28 05:39:34: Copy Over 'C:/rock/bannister/Bannister/obj/x64/Debug/net8.0-android/android/bin/classes/androidx/viewpager/R$styleable.class' -> 'goodrive://www.googleapis.com/:personal:/bannister/bannister/obj/x64/Debug/net8.0-android/android/bin/classes/androidx/viewpager/R$styleable.class' (2,615)
2026-09-28 05:39:35: Copy Over 'C:/rock/bannister/Bannister/obj/x64/Debug/net8.0-android/android/bin/classes/androidx/viewpager/R.class' -> 'goodrive://www.googleapis.com/:personal:/bannister/bannister/obj/x64/Debug/net8.0-android/android/bin/classes/androidx/viewpager/R.class' (712)
2026-09-28 05:39:36: Copy Over 'C:/rock/bannister/Bannister/obj/x64/Debug/net8.0-android/android/bin/classes/crc640a1f4d108c17e3f1/ClipboardChangeListener.class' -> 'goodrive://www.googleapis.com/:personal:/bannister/bannister/obj/x64/Debug/net8.0-android/android/bin/classes/crc640a1f4d108c17e3f1/ClipboardChangeListener.class' (1,711)
2026-09-28 05:39:37: Copy Over 'C:/rock/bannister/Bannister/obj/x64/Debug/net8.0-android/android/bin/classes/androidx/window/R$attr.class' -> 'goodrive://www.googleapis.com/:personal:/bannister/bannister/obj/x64/Debug/net8.0-android/android/bin/classes/androidx/window/R$attr.class' (1,181)
2026-09-28 05:39:39: Copy Over 'C:/rock/bannister/Bannister/obj/x64/Debug/net8.0-android/android/bin/classes/androidx/window/extensions/core/R.class' -> 'goodrive://www.googleapis.com/:personal:/bannister/bannister/obj/x64/Debug/net8.0-android/android/bin/classes/androidx/window/extensions/core/R.class' (208)
2026-09-28 05:39:39: Copy Over 'C:/rock/bannister/Bannister/obj/x64/Debug/net8.0-android/android/bin/classes/androidx/window/R$id.class' -> 'goodrive://www.googleapis.com/:personal:/bannister/bannister/obj/x64/Debug/net8.0-android/android/bin/classes/androidx/window/R$id.class' (646)
2026-09-28 05:39:41: Copy Over 'C:/rock/bannister/Bannister/obj/x64/Debug/net8.0-android/android/bin/classes/androidx/window/R$styleable.class' -> 'goodrive://www.googleapis.com/:personal:/bannister/bannister/obj/x64/Debug/net8.0-android/android/bin/classes/androidx/window/R$styleable.class' (2,587)
2026-09-28 05:39:42: Copy Over 'C:/rock/bannister/Bannister/obj/x64/Debug/net8.0-android/android/bin/classes/androidx/window/R.class' -> 'goodrive://www.googleapis.com/:personal:/bannister/bannister/obj/x64/Debug/net8.0-android/android/bin/classes/androidx/window/R.class' (350)
2026-09-28 05:39:43: Copy Over 'C:/rock/bannister/Bannister/obj/x64/Debug/net8.0-android/android/bin/classes/crc640a8d9a12ddbf2cf2/BatteryBroadcastReceiver.class' -> 'goodrive://www.googleapis.com/:personal:/bannister/bannister/obj/x64/Debug/net8.0-android/android/bin/classes/crc640a8d9a12ddbf2cf2/BatteryBroadcastReceiver.class' (1,535)
2026-09-28 05:39:45: Copy Over 'C:/rock/bannister/Bannister/obj/x64/Debug/net8.0-android/android/bin/classes/crc640ec207abc449b2ca/ContainerView.class' -> 'goodrive://www.googleapis.com/:personal:/bannister/bannister/obj/x64/Debug/net8.0-android/android/bin/classes/crc640ec207abc449b2ca/ContainerView.class' (2,662)
2026-09-28 05:39:46: Copy Over 'C:/rock/bannister/Bannister/obj/x64/Debug/net8.0-android/android/bin/classes/crc640ec207abc449b2ca/CustomFrameLayout.class' -> 'goodrive://www.googleapis.com/:personal:/bannister/bannister/obj/x64/Debug/net8.0-android/android/bin/classes/crc640ec207abc449b2ca/CustomFrameLayout.class' (2,688)
2026-09-28 05:39:47: Copy Over 'C:/rock/bannister/Bannister/obj/x64/Debug/net8.0-android/android/bin/classes/crc640ec207abc449b2ca/RecyclerViewContainer.class' -> 'goodrive://www.googleapis.com/:personal:/bannister/bannister/obj/x64/Debug/net8.0-android/android/bin/classes/crc640ec207abc449b2ca/RecyclerViewContainer.class' (2,053)
2026-09-28 05:39:48: Copy Over 'C:/rock/bannister/Bannister/obj/x64/Debug/net8.0-android/android/bin/classes/crc640ec207abc449b2ca/ScrollLayoutManager.class' -> 'goodrive://www.googleapis.com/:personal:/bannister/bannister/obj/x64/Debug/net8.0-android/android/bin/classes/crc640ec207abc449b2ca/ScrollLayoutManager.class' (2,350)
2026-09-28 05:39:50: Copy Over 'C:/rock/bannister/Bannister/obj/x64/Debug/net8.0-android/android/bin/classes/crc640ec207abc449b2ca/ShellContentFragment.class' -> 'goodrive://www.googleapis.com/:personal:/bannister/bannister/obj/x64/Debug/net8.0-android/android/bin/classes/crc640ec207abc449b2ca/ShellContentFragment.class' (3,624)
2026-09-28 05:39:50: Copy Over 'C:/rock/bannister/Bannister/obj/x64/Debug/net8.0-android/android/bin/classes/crc640ec207abc449b2ca/ShellFlyoutLayout.class' -> 'goodrive://www.googleapis.com/:personal:/bannister/bannister/obj/x64/Debug/net8.0-android/android/bin/classes/crc640ec207abc449b2ca/ShellFlyoutLayout.class' (2,203)
2026-09-28 05:39:53: Copy Over 'C:/rock/bannister/Bannister/obj/x64/Debug/net8.0-android/android/bin/classes/crc640ec207abc449b2ca/ShellFlyoutRecyclerAdapter.class' -> 'goodrive://www.googleapis.com/:personal:/bannister/bannister/obj/x64/Debug/net8.0-android/android/bin/classes/crc640ec207abc449b2ca/ShellFlyoutRecyclerAdapter.class' (2,757)
2026-09-28 05:39:53: Copy Over 'C:/rock/bannister/Bannister/obj/x64/Debug/net8.0-android/android/bin/classes/crc640ec207abc449b2ca/ShellFlyoutRecyclerAdapter_ElementViewHolder.class' -> 'goodrive://www.googleapis.com/:personal:/bannister/bannister/obj/x64/Debug/net8.0-android/android/bin/classes/crc640ec207abc449b2ca/ShellFlyoutRecyclerAdapter_ElementViewHolder.class' (1,537)
2026-09-28 05:39:54: Copy Over 'C:/rock/bannister/Bannister/obj/x64/Debug/net8.0-android/android/bin/classes/crc640ec207abc449b2ca/ShellFlyoutRecyclerAdapter_ShellLinearLayout.class' -> 'goodrive://www.googleapis.com/:personal:/bannister/bannister/obj/x64/Debug/net8.0-android/android/bin/classes/crc640ec207abc449b2ca/ShellFlyoutRecyclerAdapter_ShellLinearLayout.class' (2,466)
2026-09-28 05:39:58: Copy Over 'C:/rock/bannister/Bannister/obj/x64/Debug/net8.0-android/android/bin/classes/crc640ec207abc449b2ca/ShellFlyoutRenderer.class' -> 'goodrive://www.googleapis.com/:personal:/bannister/bannister/obj/x64/Debug/net8.0-android/android/bin/classes/crc640ec207abc449b2ca/ShellFlyoutRenderer.class' (2,572)
2026-09-28 05:39:58: Copy Over 'C:/rock/bannister/Bannister/obj/x64/Debug/net8.0-android/android/bin/classes/crc640ec207abc449b2ca/ShellFlyoutTemplatedContentRenderer.class' -> 'goodrive://www.googleapis.com/:personal:/bannister/bannister/obj/x64/Debug/net8.0-android/android/bin/classes/crc640ec207abc449b2ca/ShellFlyoutTemplatedContentRenderer.class' (1,876)
2026-09-28 05:40:00: Copy Over 'C:/rock/bannister/Bannister/obj/x64/Debug/net8.0-android/android/bin/classes/crc640ec207abc449b2ca/ShellFlyoutTemplatedContentRenderer_HeaderContainer.class' -> 'goodrive://www.googleapis.com/:personal:/bannister/bannister/obj/x64/Debug/net8.0-android/android/bin/classes/crc640ec207abc449b2ca/ShellFlyoutTemplatedContentRenderer_HeaderContainer.class' (2,789)
2026-09-28 05:40:01: Copy Over 'C:/rock/bannister/Bannister/obj/x64/Debug/net8.0-android/android/bin/classes/crc640ec207abc449b2ca/ShellFragmentStateAdapter.class' -> 'goodrive://www.googleapis.com/:personal:/bannister/bannister/obj/x64/Debug/net8.0-android/android/bin/classes/crc640ec207abc449b2ca/ShellFragmentStateAdapter.class' (2,752)
2026-09-28 05:40:03: Copy Over 'C:/rock/bannister/Bannister/obj/x64/Debug/net8.0-android/android/bin/classes/crc640ec207abc449b2ca/ShellItemRenderer.class' -> 'goodrive://www.googleapis.com/:personal:/bannister/bannister/obj/x64/Debug/net8.0-android/android/bin/classes/crc640ec207abc449b2ca/ShellItemRenderer.class' (2,599)
2026-09-28 05:40:04: Copy Over 'C:/rock/bannister/Bannister/obj/x64/Debug/net8.0-android/android/bin/classes/crc640ec207abc449b2ca/ShellFragmentContainer.class' -> 'goodrive://www.googleapis.com/:personal:/bannister/bannister/obj/x64/Debug/net8.0-android/android/bin/classes/crc640ec207abc449b2ca/ShellFragmentContainer.class' (2,162)
2026-09-28 05:40:05: Copy Over 'C:/rock/bannister/Bannister/obj/x64/Debug/net8.0-android/android/bin/classes/crc640ec207abc449b2ca/ShellItemRendererBase.class' -> 'goodrive://www.googleapis.com/:personal:/bannister/bannister/obj/x64/Debug/net8.0-android/android/bin/classes/crc640ec207abc449b2ca/ShellItemRendererBase.class' (1,619)
2026-09-28 05:40:07: Copy Over 'C:/rock/bannister/Bannister/obj/x64/Debug/net8.0-android/android/bin/classes/crc640ec207abc449b2ca/ShellSearchView.class' -> 'goodrive://www.googleapis.com/:personal:/bannister/bannister/obj/x64/Debug/net8.0-android/android/bin/classes/crc640ec207abc449b2ca/ShellSearchView.class' (4,454)
2026-09-28 05:40:07: Copy Over 'C:/rock/bannister/Bannister/obj/x64/Debug/net8.0-android/android/bin/classes/crc640ec207abc449b2ca/ShellPageContainer.class' -> 'goodrive://www.googleapis.com/:personal:/bannister/bannister/obj/x64/Debug/net8.0-android/android/bin/classes/crc640ec207abc449b2ca/ShellPageContainer.class' (2,677)
2026-09-28 05:40:09: Copy Over 'C:/rock/bannister/Bannister/obj/x64/Debug/net8.0-android/android/bin/classes/crc640ec207abc449b2ca/ShellSearchView_ClipDrawableWrapper.class' -> 'goodrive://www.googleapis.com/:personal:/bannister/bannister/obj/x64/Debug/net8.0-android/android/bin/classes/crc640ec207abc449b2ca/ShellSearchView_ClipDrawableWrapper.class' (1,666)
2026-09-28 05:40:10: Copy Over 'C:/rock/bannister/Bannister/obj/x64/Debug/net8.0-android/android/bin/classes/crc640ec207abc449b2ca/ShellSearchViewAdapter.class' -> 'goodrive://www.googleapis.com/:personal:/bannister/bannister/obj/x64/Debug/net8.0-android/android/bin/classes/crc640ec207abc449b2ca/ShellSearchViewAdapter.class' (2,282)
2026-09-28 05:40:11: Copy Over 'C:/rock/bannister/Bannister/obj/x64/Debug/net8.0-android/android/bin/classes/crc640ec207abc449b2ca/ShellSearchViewAdapter_CustomFilter.class' -> 'goodrive://www.googleapis.com/:personal:/bannister/bannister/obj/x64/Debug/net8.0-android/android/bin/classes/crc640ec207abc449b2ca/ShellSearchViewAdapter_CustomFilter.class' (2,238)
2026-09-28 05:40:12: Copy Over 'C:/rock/bannister/Bannister/obj/x64/Debug/net8.0-android/android/bin/classes/crc640ec207abc449b2ca/ShellSearchViewAdapter_ObjectWrapper.class' -> 'goodrive://www.googleapis.com/:personal:/bannister/bannister/obj/x64/Debug/net8.0-android/android/bin/classes/crc640ec207abc449b2ca/ShellSearchViewAdapter_ObjectWrapper.class' (1,430)
2026-09-28 05:40:14: Copy Over 'C:/rock/bannister/Bannister/obj/x64/Debug/net8.0-android/android/bin/classes/crc640ec207abc449b2ca/ShellSectionRenderer.class' -> 'goodrive://www.googleapis.com/:personal:/bannister/bannister/obj/x64/Debug/net8.0-android/android/bin/classes/crc640ec207abc449b2ca/ShellSectionRenderer.class' (3,126)
2026-09-28 05:40:15: Copy Over 'C:/rock/bannister/Bannister/obj/x64/Debug/net8.0-android/android/bin/classes/crc640ec207abc449b2ca/ShellToolbarTracker.class' -> 'goodrive://www.googleapis.com/:personal:/bannister/bannister/obj/x64/Debug/net8.0-android/android/bin/classes/crc640ec207abc449b2ca/ShellToolbarTracker.class' (1,629)
2026-09-28 05:40:16: Copy Over 'C:/rock/bannister/Bannister/obj/x64/Debug/net8.0-android/android/bin/classes/crc640ec207abc449b2ca/ShellSectionRenderer_ViewPagerPageChanged.class' -> 'goodrive://www.googleapis.com/:personal:/bannister/bannister/obj/x64/Debug/net8.0-android/android/bin/classes/crc640ec207abc449b2ca/ShellSectionRenderer_ViewPagerPageChanged.class' (1,902)
2026-09-28 05:40:18: Copy Over 'C:/rock/bannister/Bannister/obj/x64/Debug/net8.0-android/android/bin/classes/crc640ec207abc449b2ca/ShellToolbarTracker_FlyoutIconDrawerDrawable.class' -> 'goodrive://www.googleapis.com/:personal:/bannister/bannister/obj/x64/Debug/net8.0-android/android/bin/classes/crc640ec207abc449b2ca/ShellToolbarTracker_FlyoutIconDrawerDrawable.class' (1,657)
2026-09-28 05:40:19: Copy Over 'C:/rock/bannister/Bannister/obj/x64/Debug/net8.0-android/android/bin/classes/crc640a8d9a12ddbf2cf2/DeviceDisplayImplementation_Listener.class' -> 'goodrive://www.googleapis.com/:personal:/bannister/bannister/obj/x64/Debug/net8.0-android/android/bin/classes/crc640a8d9a12ddbf2cf2/DeviceDisplayImplementation_Listener.class' (1,891)
2026-09-28 05:40:20: Copy Over 'C:/rock/bannister/Bannister/obj/x64/Debug/net8.0-android/android/bin/classes/crc640a8d9a12ddbf2cf2/EnergySaverBroadcastReceiver.class' -> 'goodrive://www.googleapis.com/:personal:/bannister/bannister/obj/x64/Debug/net8.0-android/android/bin/classes/crc640a8d9a12ddbf2cf2/EnergySaverBroadcastReceiver.class' (1,547)
2026-09-28 05:40:21: Copy Over 'C:/rock/bannister/Bannister/obj/x64/Debug/net8.0-android/android/bin/classes/crc640fd0ddb16fe433d4/TouchBehavior_AccessibilityListener.class' -> 'goodrive://www.googleapis.com/:personal:/bannister/bannister/obj/x64/Debug/net8.0-android/android/bin/classes/crc640fd0ddb16fe433d4/TouchBehavior_AccessibilityListener.class' (2,341)
2026-09-28 05:40:22: Copy Over 'C:/rock/bannister/Bannister/obj/x64/Debug/net8.0-android/android/bin/classes/crc64124e178812aeed4c/ButtonRenderer.class' -> 'goodrive://www.googleapis.com/:personal:/bannister/bannister/obj/x64/Debug/net8.0-android/android/bin/classes/crc64124e178812aeed4c/ButtonRenderer.class' (4,672)
2026-09-28 05:40:24: Copy Over 'C:/rock/bannister/Bannister/obj/x64/Debug/net8.0-android/android/bin/classes/crc64124e178812aeed4c/FrameRenderer.class' -> 'goodrive://www.googleapis.com/:personal:/bannister/bannister/obj/x64/Debug/net8.0-android/android/bin/classes/crc64124e178812aeed4c/FrameRenderer.class' (2,787)
2026-09-28 05:40:24: Copy Over 'C:/rock/bannister/Bannister/obj/x64/Debug/net8.0-android/android/bin/classes/crc64124e178812aeed4c/ImageRenderer.class' -> 'goodrive://www.googleapis.com/:personal:/bannister/bannister/obj/x64/Debug/net8.0-android/android/bin/classes/crc64124e178812aeed4c/ImageRenderer.class' (3,100)
2026-09-28 05:40:26: Copy Over 'C:/rock/bannister/Bannister/obj/x64/Debug/net8.0-android/android/bin/classes/crc64124e178812aeed4c/LabelRenderer.class' -> 'goodrive://www.googleapis.com/:personal:/bannister/bannister/obj/x64/Debug/net8.0-android/android/bin/classes/crc64124e178812aeed4c/LabelRenderer.class' (2,432)
2026-09-28 05:40:27: Copy Over 'C:/rock/bannister/Bannister/obj/x64/Debug/net8.0-android/android/bin/classes/crc6413a2ffd8f229512a/CarouselViewAdapter_2.class' -> 'goodrive://www.googleapis.com/:personal:/bannister/bannister/obj/x64/Debug/net8.0-android/android/bin/classes/crc6413a2ffd8f229512a/CarouselViewAdapter_2.class' (1,928)
2026-09-28 05:40:28: Copy Over 'C:/rock/bannister/Bannister/obj/x64/Debug/net8.0-android/android/bin/classes/crc64159f3caeb1269279/MauiDrawingView.class' -> 'goodrive://www.googleapis.com/:personal:/bannister/bannister/obj/x64/Debug/net8.0-android/android/bin/classes/crc64159f3caeb1269279/MauiDrawingView.class' (2,609)
2026-09-28 05:40:29: Copy Over 'C:/rock/bannister/Bannister/obj/x64/Debug/net8.0-android/android/bin/classes/crc64159f3caeb1269279/MauiPopup.class' -> 'goodrive://www.googleapis.com/:personal:/bannister/bannister/obj/x64/Debug/net8.0-android/android/bin/classes/crc64159f3caeb1269279/MauiPopup.class' (2,633)
2026-09-28 05:40:31: Copy Over 'C:/rock/bannister/Bannister/obj/x64/Debug/net8.0-android/android/bin/classes/crc64159f3caeb1269279/MauiSemanticOrderView.class' -> 'goodrive://www.googleapis.com/:personal:/bannister/bannister/obj/x64/Debug/net8.0-android/android/bin/classes/crc64159f3caeb1269279/MauiSemanticOrderView.class' (2,549)
2026-09-28 05:40:32: Copy Over 'C:/rock/bannister/Bannister/obj/x64/Debug/net8.0-android/android/bin/classes/crc6413a2ffd8f229512a/RecyclerViewScrollListener_2.class' -> 'goodrive://www.googleapis.com/:personal:/bannister/bannister/obj/x64/Debug/net8.0-android/android/bin/classes/crc6413a2ffd8f229512a/RecyclerViewScrollListener_2.class' (1,721)
2026-09-28 05:40:34: Copy Over 'C:/rock/bannister/Bannister/obj/x64/Debug/net8.0-android/android/bin/classes/crc64338477404e88479c/ColorChangeRevealDrawable.class' -> 'goodrive://www.googleapis.com/:personal:/bannister/bannister/obj/x64/Debug/net8.0-android/android/bin/classes/crc64338477404e88479c/ColorChangeRevealDrawable.class' (1,463)
2026-09-28 05:40:34: Copy Over 'C:/rock/bannister/Bannister/obj/x64/Debug/net8.0-android/android/bin/classes/crc64396a3fe5f8138e3f/CustomTabsServiceConnectionImpl.class' -> 'goodrive://www.googleapis.com/:personal:/bannister/bannister/obj/x64/Debug/net8.0-android/android/bin/classes/crc64396a3fe5f8138e3f/CustomTabsServiceConnectionImpl.class' (2,018)
2026-09-28 05:40:36: Copy Over 'C:/rock/bannister/Bannister/obj/x64/Debug/net8.0-android/android/bin/classes/crc64396a3fe5f8138e3f/KeepAliveService.class' -> 'goodrive://www.googleapis.com/:personal:/bannister/bannister/obj/x64/Debug/net8.0-android/android/bin/classes/crc64396a3fe5f8138e3f/KeepAliveService.class' (1,447)
2026-09-28 05:40:38: Copy Over 'C:/rock/bannister/Bannister/obj/x64/Debug/net8.0-android/android/bin/classes/crc64338477404e88479c/ControlsAccessibilityDelegate.class' -> 'goodrive://www.googleapis.com/:personal:/bannister/bannister/obj/x64/Debug/net8.0-android/android/bin/classes/crc64338477404e88479c/ControlsAccessibilityDelegate.class' (2,397)
2026-09-28 05:40:38: Copy Over 'C:/rock/bannister/Bannister/obj/x64/Debug/net8.0-android/android/bin/classes/crc64338477404e88479c/DragAndDropGestureHandler.class' -> 'goodrive://www.googleapis.com/:personal:/bannister/bannister/obj/x64/Debug/net8.0-android/android/bin/classes/crc64338477404e88479c/DragAndDropGestureHandler.class' (1,695)
2026-09-28 05:40:39: Copy Over 'C:/rock/bannister/Bannister/obj/x64/Debug/net8.0-android/android/bin/classes/crc64338477404e88479c/DragAndDropGestureHandler_CustomLocalStateData.class' -> 'goodrive://www.googleapis.com/:personal:/bannister/bannister/obj/x64/Debug/net8.0-android/android/bin/classes/crc64338477404e88479c/DragAndDropGestureHandler_CustomLocalStateData.class' (1,281)
2026-09-28 05:40:41: Copy Over 'C:/rock/bannister/Bannister/obj/x64/Debug/net8.0-android/android/bin/classes/crc64338477404e88479c/GenericAnimatorListener.class' -> 'goodrive://www.googleapis.com/:personal:/bannister/bannister/obj/x64/Debug/net8.0-android/android/bin/classes/crc64338477404e88479c/GenericAnimatorListener.class' (2,065)
2026-09-28 05:40:42: Copy Over 'C:/rock/bannister/Bannister/obj/x64/Debug/net8.0-android/android/bin/classes/crc64338477404e88479c/FragmentContainer.class' -> 'goodrive://www.googleapis.com/:personal:/bannister/bannister/obj/x64/Debug/net8.0-android/android/bin/classes/crc64338477404e88479c/FragmentContainer.class' (2,113)
2026-09-28 05:40:42: Copy Over 'C:/rock/bannister/Bannister/obj/x64/Debug/net8.0-android/android/bin/classes/crc64338477404e88479c/GenericGlobalLayoutListener.class' -> 'goodrive://www.googleapis.com/:personal:/bannister/bannister/obj/x64/Debug/net8.0-android/android/bin/classes/crc64338477404e88479c/GenericGlobalLayoutListener.class' (1,659)
2026-09-28 05:40:45: Copy Over 'C:/rock/bannister/Bannister/obj/x64/Debug/net8.0-android/android/bin/classes/crc64338477404e88479c/GenericMenuClickListener.class' -> 'goodrive://www.googleapis.com/:personal:/bannister/bannister/obj/x64/Debug/net8.0-android/android/bin/classes/crc64338477404e88479c/GenericMenuClickListener.class' (1,705)
2026-09-28 05:40:45: Copy Over 'C:/rock/bannister/Bannister/obj/x64/Debug/net8.0-android/android/bin/classes/crc64338477404e88479c/InnerGestureListener.class' -> 'goodrive://www.googleapis.com/:personal:/bannister/bannister/obj/x64/Debug/net8.0-android/android/bin/classes/crc64338477404e88479c/InnerGestureListener.class' (4,498)
2026-09-28 05:40:46: Copy Over 'C:/rock/bannister/Bannister/obj/x64/Debug/net8.0-android/android/bin/classes/crc64338477404e88479c/GradientStrokeDrawable.class' -> 'goodrive://www.googleapis.com/:personal:/bannister/bannister/obj/x64/Debug/net8.0-android/android/bin/classes/crc64338477404e88479c/GradientStrokeDrawable.class' (1,882)
2026-09-28 05:40:48: Copy Over 'C:/rock/bannister/Bannister/obj/x64/Debug/net8.0-android/android/bin/classes/crc64338477404e88479c/InnerScaleListener.class' -> 'goodrive://www.googleapis.com/:personal:/bannister/bannister/obj/x64/Debug/net8.0-android/android/bin/classes/crc64338477404e88479c/InnerScaleListener.class' (2,051)
2026-09-28 05:40:49: Copy Over 'C:/rock/bannister/Bannister/obj/x64/Debug/net8.0-android/android/bin/classes/crc64338477404e88479c/ModalNavigationManager_ModalContainer.class' -> 'goodrive://www.googleapis.com/:personal:/bannister/bannister/obj/x64/Debug/net8.0-android/android/bin/classes/crc64338477404e88479c/ModalNavigationManager_ModalContainer.class' (3,275)
2026-09-28 05:40:50: Copy Over 'C:/rock/bannister/Bannister/obj/x64/Debug/net8.0-android/android/bin/classes/crc64338477404e88479c/MauiViewPager.class' -> 'goodrive://www.googleapis.com/:personal:/bannister/bannister/obj/x64/Debug/net8.0-android/android/bin/classes/crc64338477404e88479c/MauiViewPager.class' (2,078)
2026-09-28 05:40:52: Copy Over 'C:/rock/bannister/Bannister/obj/x64/Debug/net8.0-android/android/bin/classes/crc64338477404e88479c/ModalNavigationManager_ModalContainer_ModalFragment.class' -> 'goodrive://www.googleapis.com/:personal:/bannister/bannister/obj/x64/Debug/net8.0-android/android/bin/classes/crc64338477404e88479c/ModalNavigationManager_ModalContainer_ModalFragment.class' (1,965)
2026-09-28 05:40:54: Copy Over 'C:/rock/bannister/Bannister/obj/x64/Debug/net8.0-android/android/bin/classes/crc64338477404e88479c/PointerGestureHandler.class' -> 'goodrive://www.googleapis.com/:personal:/bannister/bannister/obj/x64/Debug/net8.0-android/android/bin/classes/crc64338477404e88479c/PointerGestureHandler.class' (1,696)
2026-09-28 05:40:54: Copy Over 'C:/rock/bannister/Bannister/obj/x64/Debug/net8.0-android/android/bin/classes/crc64338477404e88479c/MultiPageFragmentStateAdapter_1.class' -> 'goodrive://www.googleapis.com/:personal:/bannister/bannister/obj/x64/Debug/net8.0-android/android/bin/classes/crc64338477404e88479c/MultiPageFragmentStateAdapter_1.class' (2,756)
2026-09-28 05:40:55: Copy Over 'C:/rock/bannister/Bannister/obj/x64/Debug/net8.0-android/android/bin/classes/crc64338477404e88479c/TapAndPanGestureDetector.class' -> 'goodrive://www.googleapis.com/:personal:/bannister/bannister/obj/x64/Debug/net8.0-android/android/bin/classes/crc64338477404e88479c/TapAndPanGestureDetector.class' (3,212)
2026-09-28 05:40:57: Copy Over 'C:/rock/bannister/Bannister/obj/x64/Debug/net8.0-android/android/bin/classes/crc64338477404e88479c/ToolbarExtensions_ToolbarTitleIconImageView.class' -> 'goodrive://www.googleapis.com/:personal:/bannister/bannister/obj/x64/Debug/net8.0-android/android/bin/classes/crc64338477404e88479c/ToolbarExtensions_ToolbarTitleIconImageView.class' (2,108)
2026-09-28 05:40:57: Copy Over 'C:/rock/bannister/Bannister/obj/x64/Debug/net8.0-android/android/bin/classes/crc643f2b18b2570eaa5a/PlatformGraphicsView.class' -> 'goodrive://www.googleapis.com/:personal:/bannister/bannister/obj/x64/Debug/net8.0-android/android/bin/classes/crc643f2b18b2570eaa5a/PlatformGraphicsView.class' (2,727)
2026-09-28 05:41:00: Copy Over 'C:/rock/bannister/Bannister/obj/x64/Debug/net8.0-android/android/bin/classes/crc6452ffdc5b34af3a0f/AccessibilityDelegateCompatWrapper.class' -> 'goodrive://www.googleapis.com/:personal:/bannister/bannister/obj/x64/Debug/net8.0-android/android/bin/classes/crc6452ffdc5b34af3a0f/AccessibilityDelegateCompatWrapper.class' (5,319)
2026-09-28 05:41:00: Copy Over 'C:/rock/bannister/Bannister/obj/x64/Debug/net8.0-android/android/bin/classes/crc6452ffdc5b34af3a0f/ContainerView.class' -> 'goodrive://www.googleapis.com/:personal:/bannister/bannister/obj/x64/Debug/net8.0-android/android/bin/classes/crc6452ffdc5b34af3a0f/ContainerView.class' (2,341)
2026-09-28 05:41:01: Copy Over 'C:/rock/bannister/Bannister/obj/x64/Debug/net8.0-android/android/bin/classes/crc6452ffdc5b34af3a0f/BorderDrawable.class' -> 'goodrive://www.googleapis.com/:personal:/bannister/bannister/obj/x64/Debug/net8.0-android/android/bin/classes/crc6452ffdc5b34af3a0f/BorderDrawable.class' (2,268)
2026-09-28 05:41:03: Copy Over 'C:/rock/bannister/Bannister/obj/x64/Debug/net8.0-android/android/bin/classes/crc6452ffdc5b34af3a0f/ContentViewGroup.class' -> 'goodrive://www.googleapis.com/:personal:/bannister/bannister/obj/x64/Debug/net8.0-android/android/bin/classes/crc6452ffdc5b34af3a0f/ContentViewGroup.class' (2,850)
2026-09-28 05:41:04: Copy Over 'C:/rock/bannister/Bannister/obj/x64/Debug/net8.0-android/android/bin/classes/crc6452ffdc5b34af3a0f/FragmentManagerExtensions_CallBacks.class' -> 'goodrive://www.googleapis.com/:personal:/bannister/bannister/obj/x64/Debug/net8.0-android/android/bin/classes/crc6452ffdc5b34af3a0f/FragmentManagerExtensions_CallBacks.class' (2,102)
2026-09-28 05:41:04: Copy Over 'C:/rock/bannister/Bannister/obj/x64/Debug/net8.0-android/android/bin/classes/crc6452ffdc5b34af3a0f/LayoutViewGroup.class' -> 'goodrive://www.googleapis.com/:personal:/bannister/bannister/obj/x64/Debug/net8.0-android/android/bin/classes/crc6452ffdc5b34af3a0f/LayoutViewGroup.class' (2,857)
2026-09-28 05:41:07: Copy Over 'C:/rock/bannister/Bannister/obj/x64/Debug/net8.0-android/android/bin/classes/crc6452ffdc5b34af3a0f/LocalizedDigitsKeyListener.class' -> 'goodrive://www.googleapis.com/:personal:/bannister/bannister/obj/x64/Debug/net8.0-android/android/bin/classes/crc6452ffdc5b34af3a0f/LocalizedDigitsKeyListener.class' (2,202)
2026-09-28 05:41:08: Copy Over 'C:/rock/bannister/Bannister/obj/x64/Debug/net8.0-android/android/bin/classes/crc6452ffdc5b34af3a0f/MauiAccessibilityDelegateCompat.class' -> 'goodrive://www.googleapis.com/:personal:/bannister/bannister/obj/x64/Debug/net8.0-android/android/bin/classes/crc6452ffdc5b34af3a0f/MauiAccessibilityDelegateCompat.class' (2,385)
2026-09-28 05:41:08: Copy Over 'C:/rock/bannister/Bannister/obj/x64/Debug/net8.0-android/android/bin/classes/crc6452ffdc5b34af3a0f/MauiAppCompatEditText.class' -> 'goodrive://www.googleapis.com/:personal:/bannister/bannister/obj/x64/Debug/net8.0-android/android/bin/classes/crc6452ffdc5b34af3a0f/MauiAppCompatEditText.class' (2,201)
2026-09-28 05:41:10: Copy Over 'C:/rock/bannister/Bannister/obj/x64/Debug/net8.0-android/android/bin/classes/crc6452ffdc5b34af3a0f/MauiBoxView.class' -> 'goodrive://www.googleapis.com/:personal:/bannister/bannister/obj/x64/Debug/net8.0-android/android/bin/classes/crc6452ffdc5b34af3a0f/MauiBoxView.class' (2,350)
2026-09-28 05:41:11: Copy Over 'C:/rock/bannister/Bannister/obj/x64/Debug/net8.0-android/android/bin/classes/crc6452ffdc5b34af3a0f/MauiDatePicker.class' -> 'goodrive://www.googleapis.com/:personal:/bannister/bannister/obj/x64/Debug/net8.0-android/android/bin/classes/crc6452ffdc5b34af3a0f/MauiDatePicker.class' (2,411)
2026-09-28 05:41:11: Copy Over 'C:/rock/bannister/Bannister/obj/x64/Debug/net8.0-android/android/bin/classes/crc6452ffdc5b34af3a0f/MauiHorizontalScrollView.class' -> 'goodrive://www.googleapis.com/:personal:/bannister/bannister/obj/x64/Debug/net8.0-android/android/bin/classes/crc6452ffdc5b34af3a0f/MauiHorizontalScrollView.class' (3,616)
2026-09-28 05:41:14: Copy Over 'C:/rock/bannister/Bannister/obj/x64/Debug/net8.0-android/android/bin/classes/crc6452ffdc5b34af3a0f/MauiLayerDrawable.class' -> 'goodrive://www.googleapis.com/:personal:/bannister/bannister/obj/x64/Debug/net8.0-android/android/bin/classes/crc6452ffdc5b34af3a0f/MauiLayerDrawable.class' (1,377)
2026-09-28 05:41:15: Copy Over 'C:/rock/bannister/Bannister/obj/x64/Debug/net8.0-android/android/bin/classes/crc6452ffdc5b34af3a0f/MauiMaterialButton_MauiResizableDrawable.class' -> 'goodrive://www.googleapis.com/:personal:/bannister/bannister/obj/x64/Debug/net8.0-android/android/bin/classes/crc6452ffdc5b34af3a0f/MauiMaterialButton_MauiResizableDrawable.class' (1,446)
2026-09-28 05:41:15: Copy Over 'C:/rock/bannister/Bannister/obj/x64/Debug/net8.0-android/android/bin/classes/crc6452ffdc5b34af3a0f/MauiMaterialButton.class' -> 'goodrive://www.googleapis.com/:personal:/bannister/bannister/obj/x64/Debug/net8.0-android/android/bin/classes/crc6452ffdc5b34af3a0f/MauiMaterialButton.class' (2,621)
2026-09-28 05:41:17: Copy Over 'C:/rock/bannister/Bannister/obj/x64/Debug/net8.0-android/android/bin/classes/crc6452ffdc5b34af3a0f/MauiPageControl.class' -> 'goodrive://www.googleapis.com/:personal:/bannister/bannister/obj/x64/Debug/net8.0-android/android/bin/classes/crc6452ffdc5b34af3a0f/MauiPageControl.class' (2,347)
2026-09-28 05:41:18: Copy Over 'C:/rock/bannister/Bannister/obj/x64/Debug/net8.0-android/android/bin/classes/crc6452ffdc5b34af3a0f/MauiPageControl_TEditClickListener.class' -> 'goodrive://www.googleapis.com/:personal:/bannister/bannister/obj/x64/Debug/net8.0-android/android/bin/classes/crc6452ffdc5b34af3a0f/MauiPageControl_TEditClickListener.class' (1,642)
2026-09-28 05:41:18: Copy Over 'C:/rock/bannister/Bannister/obj/x64/Debug/net8.0-android/android/bin/classes/crc6452ffdc5b34af3a0f/MauiPicker.class' -> 'goodrive://www.googleapis.com/:personal:/bannister/bannister/obj/x64/Debug/net8.0-android/android/bin/classes/crc6452ffdc5b34af3a0f/MauiPicker.class' (2,436)
2026-09-28 05:41:21: Copy Over 'C:/rock/bannister/Bannister/obj/x64/Debug/net8.0-android/android/bin/classes/crc6452ffdc5b34af3a0f/MauiScrollView.class' -> 'goodrive://www.googleapis.com/:personal:/bannister/bannister/obj/x64/Debug/net8.0-android/android/bin/classes/crc6452ffdc5b34af3a0f/MauiScrollView.class' (3,242)
2026-09-28 05:41:21: Copy Over 'C:/rock/bannister/Bannister/obj/x64/Debug/net8.0-android/android/bin/classes/crc6452ffdc5b34af3a0f/MauiPickerBase.class' -> 'goodrive://www.googleapis.com/:personal:/bannister/bannister/obj/x64/Debug/net8.0-android/android/bin/classes/crc6452ffdc5b34af3a0f/MauiPickerBase.class' (2,002)
2026-09-28 05:41:21: Copy Over 'C:/rock/bannister/Bannister/obj/x64/Debug/net8.0-android/android/bin/classes/crc6452ffdc5b34af3a0f/MauiSearchView.class' -> 'goodrive://www.googleapis.com/:personal:/bannister/bannister/obj/x64/Debug/net8.0-android/android/bin/classes/crc6452ffdc5b34af3a0f/MauiSearchView.class' (1,995)
2026-09-28 05:41:25: Copy Over 'C:/rock/bannister/Bannister/obj/x64/Debug/net8.0-android/android/bin/classes/crc6452ffdc5b34af3a0f/MauiShapeView.class' -> 'goodrive://www.googleapis.com/:personal:/bannister/bannister/obj/x64/Debug/net8.0-android/android/bin/classes/crc6452ffdc5b34af3a0f/MauiShapeView.class' (2,356)
2026-09-28 05:41:25: Copy Over 'C:/rock/bannister/Bannister/obj/x64/Debug/net8.0-android/android/bin/classes/crc6452ffdc5b34af3a0f/MauiStepper.class' -> 'goodrive://www.googleapis.com/:personal:/bannister/bannister/obj/x64/Debug/net8.0-android/android/bin/classes/crc6452ffdc5b34af3a0f/MauiStepper.class' (2,335)
2026-09-28 05:41:25: Copy Over 'C:/rock/bannister/Bannister/obj/x64/Debug/net8.0-android/android/bin/classes/crc6452ffdc5b34af3a0f/MauiSwipeRefreshLayout.class' -> 'goodrive://www.googleapis.com/:personal:/bannister/bannister/obj/x64/Debug/net8.0-android/android/bin/classes/crc6452ffdc5b34af3a0f/MauiSwipeRefreshLayout.class' (1,816)
2026-09-28 05:41:28: Copy Over 'C:/rock/bannister/Bannister/obj/x64/Debug/net8.0-android/android/bin/classes/crc6452ffdc5b34af3a0f/MauiSwipeView.class' -> 'goodrive://www.googleapis.com/:personal:/bannister/bannister/obj/x64/Debug/net8.0-android/android/bin/classes/crc6452ffdc5b34af3a0f/MauiSwipeView.class' (3,174)
2026-09-28 05:41:28: Copy Over 'C:/rock/bannister/Bannister/obj/x64/Debug/net8.0-android/android/bin/classes/crc6452ffdc5b34af3a0f/MauiTextView.class' -> 'goodrive://www.googleapis.com/:personal:/bannister/bannister/obj/x64/Debug/net8.0-android/android/bin/classes/crc6452ffdc5b34af3a0f/MauiTextView.class' (1,515)
2026-09-28 05:41:28: Copy Over 'C:/rock/bannister/Bannister/obj/x64/Debug/net8.0-android/android/bin/classes/crc6452ffdc5b34af3a0f/MauiTimePicker.class' -> 'goodrive://www.googleapis.com/:personal:/bannister/bannister/obj/x64/Debug/net8.0-android/android/bin/classes/crc6452ffdc5b34af3a0f/MauiTimePicker.class' (2,411)
2026-09-28 05:41:31: Copy Over 'C:/rock/bannister/Bannister/obj/x64/Debug/net8.0-android/android/bin/classes/crc6452ffdc5b34af3a0f/MauiWebChromeClient.class' -> 'goodrive://www.googleapis.com/:personal:/bannister/bannister/obj/x64/Debug/net8.0-android/android/bin/classes/crc6452ffdc5b34af3a0f/MauiWebChromeClient.class' (1,806)
2026-09-28 05:41:31: Copy Over 'C:/rock/bannister/Bannister/obj/x64/Debug/net8.0-android/android/bin/classes/crc6452ffdc5b34af3a0f/MauiWebView.class' -> 'goodrive://www.googleapis.com/:personal:/bannister/bannister/obj/x64/Debug/net8.0-android/android/bin/classes/crc6452ffdc5b34af3a0f/MauiWebView.class' (2,748)
2026-09-28 05:41:32: Copy Over 'C:/rock/bannister/Bannister/obj/x64/Debug/net8.0-android/android/bin/classes/crc6452ffdc5b34af3a0f/MauiWebViewClient.class' -> 'goodrive://www.googleapis.com/:personal:/bannister/bannister/obj/x64/Debug/net8.0-android/android/bin/classes/crc6452ffdc5b34af3a0f/MauiWebViewClient.class' (2,658)
2026-09-28 05:41:35: Copy Over 'C:/rock/bannister/Bannister/obj/x64/Debug/net8.0-android/android/bin/classes/crc6452ffdc5b34af3a0f/NavigationViewFragment.class' -> 'goodrive://www.googleapis.com/:personal:/bannister/bannister/obj/x64/Debug/net8.0-android/android/bin/classes/crc6452ffdc5b34af3a0f/NavigationViewFragment.class' (2,350)
2026-09-28 05:41:35: Copy Over 'C:/rock/bannister/Bannister/obj/x64/Debug/net8.0-android/android/bin/classes/crc6452ffdc5b34af3a0f/NavigationRootManager_ElementBasedFragment.class' -> 'goodrive://www.googleapis.com/:personal:/bannister/bannister/obj/x64/Debug/net8.0-android/android/bin/classes/crc6452ffdc5b34af3a0f/NavigationRootManager_ElementBasedFragment.class' (1,795)
2026-09-28 05:41:36: Copy Over 'C:/rock/bannister/Bannister/obj/x64/Debug/net8.0-android/android/bin/classes/crc6452ffdc5b34af3a0f/PlatformTouchGraphicsView.class' -> 'goodrive://www.googleapis.com/:personal:/bannister/bannister/obj/x64/Debug/net8.0-android/android/bin/classes/crc6452ffdc5b34af3a0f/PlatformTouchGraphicsView.class' (2,954)
2026-09-28 05:41:39: Copy Over 'C:/rock/bannister/Bannister/obj/x64/Debug/net8.0-android/android/bin/classes/crc6452ffdc5b34af3a0f/ScopedFragment.class' -> 'goodrive://www.googleapis.com/:personal:/bannister/bannister/obj/x64/Debug/net8.0-android/android/bin/classes/crc6452ffdc5b34af3a0f/ScopedFragment.class' (2,195)
2026-09-28 05:41:39: Copy Over 'C:/rock/bannister/Bannister/obj/x64/Debug/net8.0-android/android/bin/classes/crc6452ffdc5b34af3a0f/StackNavigationManager_Callbacks.class' -> 'goodrive://www.googleapis.com/:personal:/bannister/bannister/obj/x64/Debug/net8.0-android/android/bin/classes/crc6452ffdc5b34af3a0f/StackNavigationManager_Callbacks.class' (5,643)
2026-09-28 05:41:40: Copy Over 'C:/rock/bannister/Bannister/obj/x64/Debug/net8.0-android/android/bin/classes/crc6452ffdc5b34af3a0f/StepperHandlerHolder.class' -> 'goodrive://www.googleapis.com/:personal:/bannister/bannister/obj/x64/Debug/net8.0-android/android/bin/classes/crc6452ffdc5b34af3a0f/StepperHandlerHolder.class' (1,185)
2026-09-28 05:41:43: Copy Over 'C:/rock/bannister/Bannister/obj/x64/Debug/net8.0-android/android/bin/classes/crc6452ffdc5b34af3a0f/StepperHandlerManager_StepperListener.class' -> 'goodrive://www.googleapis.com/:personal:/bannister/bannister/obj/x64/Debug/net8.0-android/android/bin/classes/crc6452ffdc5b34af3a0f/StepperHandlerManager_StepperListener.class' (1,651)
2026-09-28 05:41:43: Copy Over 'C:/rock/bannister/Bannister/obj/x64/Debug/net8.0-android/android/bin/classes/crc6452ffdc5b34af3a0f/SwipeViewPager.class' -> 'goodrive://www.googleapis.com/:personal:/bannister/bannister/obj/x64/Debug/net8.0-android/android/bin/classes/crc6452ffdc5b34af3a0f/SwipeViewPager.class' (2,063)
2026-09-28 05:41:43: Copy Over 'C:/rock/bannister/Bannister/obj/x64/Debug/net8.0-android/android/bin/classes/crc6452ffdc5b34af3a0f/ViewFragment.class' -> 'goodrive://www.googleapis.com/:personal:/bannister/bannister/obj/x64/Debug/net8.0-android/android/bin/classes/crc6452ffdc5b34af3a0f/ViewFragment.class' (2,017)
2026-09-28 05:41:46: Copy Over 'C:/rock/bannister/Bannister/obj/x64/Debug/net8.0-android/android/bin/classes/crc6452ffdc5b34af3a0f/WebViewExtensions_JavascriptResult.class' -> 'goodrive://www.googleapis.com/:personal:/bannister/bannister/obj/x64/Debug/net8.0-android/android/bin/classes/crc6452ffdc5b34af3a0f/WebViewExtensions_JavascriptResult.class' (1,560)
2026-09-28 05:41:46: Copy Over 'C:/rock/bannister/Bannister/obj/x64/Debug/net8.0-android/android/bin/classes/crc6452ffdc5b34af3a0f/WrapperView.class' -> 'goodrive://www.googleapis.com/:personal:/bannister/bannister/obj/x64/Debug/net8.0-android/android/bin/classes/crc6452ffdc5b34af3a0f/WrapperView.class' (2,740)
2026-09-28 05:41:47: Copy Over 'C:/rock/bannister/Bannister/obj/x64/Debug/net8.0-android/android/bin/classes/crc645d80431ce5f73f11/CarouselSpacingItemDecoration.class' -> 'goodrive://www.googleapis.com/:personal:/bannister/bannister/obj/x64/Debug/net8.0-android/android/bin/classes/crc645d80431ce5f73f11/CarouselSpacingItemDecoration.class' (2,029)
2026-09-28 05:41:49: Copy Over 'C:/rock/bannister/Bannister/obj/x64/Debug/net8.0-android/android/bin/classes/crc6468b6408a11370c2f/WebAuthenticatorCallbackActivity.class' -> 'goodrive://www.googleapis.com/:personal:/bannister/bannister/obj/x64/Debug/net8.0-android/android/bin/classes/crc6468b6408a11370c2f/WebAuthenticatorCallbackActivity.class' (1,458)
2026-09-28 05:41:49: Copy Over 'C:/rock/bannister/Bannister/obj/x64/Debug/net8.0-android/android/bin/classes/crc6468b6408a11370c2f/WebAuthenticatorIntermediateActivity.class' -> 'goodrive://www.googleapis.com/:personal:/bannister/bannister/obj/x64/Debug/net8.0-android/android/bin/classes/crc6468b6408a11370c2f/WebAuthenticatorIntermediateActivity.class' (2,015)
2026-09-28 05:41:51: Copy Over 'C:/rock/bannister/Bannister/obj/x64/Debug/net8.0-android/android/bin/classes/crc645d80431ce5f73f11/CarouselViewAdapter_2.class' -> 'goodrive://www.googleapis.com/:personal:/bannister/bannister/obj/x64/Debug/net8.0-android/android/bin/classes/crc645d80431ce5f73f11/CarouselViewAdapter_2.class' (2,041)
2026-09-28 05:41:52: Copy Over 'C:/rock/bannister/Bannister/obj/x64/Debug/net8.0-android/android/bin/classes/crc645d80431ce5f73f11/CarouselViewOnScrollListener.class' -> 'goodrive://www.googleapis.com/:personal:/bannister/bannister/obj/x64/Debug/net8.0-android/android/bin/classes/crc645d80431ce5f73f11/CarouselViewOnScrollListener.class' (1,883)
2026-09-28 05:41:53: Copy Over 'C:/rock/bannister/Bannister/obj/x64/Debug/net8.0-android/android/bin/classes/crc645d80431ce5f73f11/CenterSnapHelper.class' -> 'goodrive://www.googleapis.com/:personal:/bannister/bannister/obj/x64/Debug/net8.0-android/android/bin/classes/crc645d80431ce5f73f11/CenterSnapHelper.class' (1,755)
2026-09-28 05:41:54: Copy Over 'C:/rock/bannister/Bannister/obj/x64/Debug/net8.0-android/android/bin/classes/crc645d80431ce5f73f11/DataChangeObserver.class' -> 'goodrive://www.googleapis.com/:personal:/bannister/bannister/obj/x64/Debug/net8.0-android/android/bin/classes/crc645d80431ce5f73f11/DataChangeObserver.class' (2,388)
2026-09-28 05:41:56: Copy Over 'C:/rock/bannister/Bannister/obj/x64/Debug/net8.0-android/android/bin/classes/crc645d80431ce5f73f11/EdgeSnapHelper.class' -> 'goodrive://www.googleapis.com/:personal:/bannister/bannister/obj/x64/Debug/net8.0-android/android/bin/classes/crc645d80431ce5f73f11/EdgeSnapHelper.class' (1,238)
2026-09-28 05:41:57: Copy Over 'C:/rock/bannister/Bannister/obj/x64/Debug/net8.0-android/android/bin/classes/crc645d80431ce5f73f11/EmptyViewAdapter.class' -> 'goodrive://www.googleapis.com/:personal:/bannister/bannister/obj/x64/Debug/net8.0-android/android/bin/classes/crc645d80431ce5f73f11/EmptyViewAdapter.class' (2,719)
2026-09-28 05:41:58: Copy Over 'C:/rock/bannister/Bannister/obj/x64/Debug/net8.0-android/android/bin/classes/crc645d80431ce5f73f11/EndSingleSnapHelper.class' -> 'goodrive://www.googleapis.com/:personal:/bannister/bannister/obj/x64/Debug/net8.0-android/android/bin/classes/crc645d80431ce5f73f11/EndSingleSnapHelper.class' (1,849)
2026-09-28 05:41:59: Copy Over 'C:/rock/bannister/Bannister/obj/x64/Debug/net8.0-android/android/bin/classes/crc645d80431ce5f73f11/EndSnapHelper.class' -> 'goodrive://www.googleapis.com/:personal:/bannister/bannister/obj/x64/Debug/net8.0-android/android/bin/classes/crc645d80431ce5f73f11/EndSnapHelper.class' (2,179)
2026-09-28 05:42:00: Copy Over 'C:/rock/bannister/Bannister/obj/x64/Debug/net8.0-android/android/bin/classes/crc645d80431ce5f73f11/GridLayoutSpanSizeLookup.class' -> 'goodrive://www.googleapis.com/:personal:/bannister/bannister/obj/x64/Debug/net8.0-android/android/bin/classes/crc645d80431ce5f73f11/GridLayoutSpanSizeLookup.class' (1,536)
2026-09-28 05:42:01: Copy Over 'C:/rock/bannister/Bannister/obj/x64/Debug/net8.0-android/android/bin/classes/crc645d80431ce5f73f11/GroupableItemsViewAdapter_2.class' -> 'goodrive://www.googleapis.com/:personal:/bannister/bannister/obj/x64/Debug/net8.0-android/android/bin/classes/crc645d80431ce5f73f11/GroupableItemsViewAdapter_2.class' (2,277)
2026-09-28 05:42:03: Copy Over 'C:/rock/bannister/Bannister/obj/x64/Debug/net8.0-android/android/bin/classes/crc645d80431ce5f73f11/ItemContentView.class' -> 'goodrive://www.googleapis.com/:personal:/bannister/bannister/obj/x64/Debug/net8.0-android/android/bin/classes/crc645d80431ce5f73f11/ItemContentView.class' (2,660)
2026-09-28 05:42:04: Copy Over 'C:/rock/bannister/Bannister/obj/x64/Debug/net8.0-android/android/bin/classes/crc645d80431ce5f73f11/ItemsViewAdapter_2.class' -> 'goodrive://www.googleapis.com/:personal:/bannister/bannister/obj/x64/Debug/net8.0-android/android/bin/classes/crc645d80431ce5f73f11/ItemsViewAdapter_2.class' (2,859)
2026-09-28 05:42:05: Copy Over 'C:/rock/bannister/Bannister/obj/x64/Debug/net8.0-android/android/bin/classes/crc645d80431ce5f73f11/MauiCarouselRecyclerView.class' -> 'goodrive://www.googleapis.com/:personal:/bannister/bannister/obj/x64/Debug/net8.0-android/android/bin/classes/crc645d80431ce5f73f11/MauiCarouselRecyclerView.class' (2,975)
2026-09-28 05:42:07: Copy Over 'C:/rock/bannister/Bannister/obj/x64/Debug/net8.0-android/android/bin/classes/crc645d80431ce5f73f11/MauiCarouselRecyclerView_CarouselViewOnGlobalLayoutListener.class' -> 'goodrive://www.googleapis.com/:personal:/bannister/bannister/obj/x64/Debug/net8.0-android/android/bin/classes/crc645d80431ce5f73f11/MauiCarouselRecyclerView_CarouselViewOnGlobalLayoutListener.class' (2,062)
2026-09-28 05:42:07: Copy Over 'C:/rock/bannister/Bannister/obj/x64/Debug/net8.0-android/android/bin/classes/crc645d80431ce5f73f11/MauiRecyclerView_3.class' -> 'goodrive://www.googleapis.com/:personal:/bannister/bannister/obj/x64/Debug/net8.0-android/android/bin/classes/crc645d80431ce5f73f11/MauiRecyclerView_3.class' (2,188)
2026-09-28 05:42:09: Copy Over 'C:/rock/bannister/Bannister/obj/x64/Debug/net8.0-android/android/bin/classes/crc645d80431ce5f73f11/NongreedySnapHelper.class' -> 'goodrive://www.googleapis.com/:personal:/bannister/bannister/obj/x64/Debug/net8.0-android/android/bin/classes/crc645d80431ce5f73f11/NongreedySnapHelper.class' (1,571)
2026-09-28 05:42:10: Copy Over 'C:/rock/bannister/Bannister/obj/x64/Debug/net8.0-android/android/bin/classes/crc645d80431ce5f73f11/NongreedySnapHelper_InitialScrollListener.class' -> 'goodrive://www.googleapis.com/:personal:/bannister/bannister/obj/x64/Debug/net8.0-android/android/bin/classes/crc645d80431ce5f73f11/NongreedySnapHelper_InitialScrollListener.class' (2,001)
2026-09-28 05:42:11: Copy Over 'C:/rock/bannister/Bannister/obj/x64/Debug/net8.0-android/android/bin/classes/crc645d80431ce5f73f11/PositionalSmoothScroller.class' -> 'goodrive://www.googleapis.com/:personal:/bannister/bannister/obj/x64/Debug/net8.0-android/android/bin/classes/crc645d80431ce5f73f11/PositionalSmoothScroller.class' (1,960)
2026-09-28 05:42:13: Copy Over 'C:/rock/bannister/Bannister/obj/x64/Debug/net8.0-android/android/bin/classes/crc645d80431ce5f73f11/RecyclerViewScrollListener_2.class' -> 'goodrive://www.googleapis.com/:personal:/bannister/bannister/obj/x64/Debug/net8.0-android/android/bin/classes/crc645d80431ce5f73f11/RecyclerViewScrollListener_2.class' (1,676)
2026-09-28 05:42:13: Copy Over 'C:/rock/bannister/Bannister/obj/x64/Debug/net8.0-android/android/bin/classes/crc645d80431ce5f73f11/ReorderableItemsViewAdapter_2.class' -> 'goodrive://www.googleapis.com/:personal:/bannister/bannister/obj/x64/Debug/net8.0-android/android/bin/classes/crc645d80431ce5f73f11/ReorderableItemsViewAdapter_2.class' (1,291)
2026-09-28 05:42:14: Copy Over 'C:/rock/bannister/Bannister/obj/x64/Debug/net8.0-android/android/bin/classes/crc645d80431ce5f73f11/ScrollHelper.class' -> 'goodrive://www.googleapis.com/:personal:/bannister/bannister/obj/x64/Debug/net8.0-android/android/bin/classes/crc645d80431ce5f73f11/ScrollHelper.class' (1,856)
2026-09-28 05:42:16: Copy Over 'C:/rock/bannister/Bannister/obj/x64/Debug/net8.0-android/android/bin/classes/crc645d80431ce5f73f11/SelectableItemsViewAdapter_2.class' -> 'goodrive://www.googleapis.com/:personal:/bannister/bannister/obj/x64/Debug/net8.0-android/android/bin/classes/crc645d80431ce5f73f11/SelectableItemsViewAdapter_2.class' (2,090)
2026-09-28 05:42:16: Copy Over 'C:/rock/bannister/Bannister/obj/x64/Debug/net8.0-android/android/bin/classes/crc645d80431ce5f73f11/SelectableViewHolder.class' -> 'goodrive://www.googleapis.com/:personal:/bannister/bannister/obj/x64/Debug/net8.0-android/android/bin/classes/crc645d80431ce5f73f11/SelectableViewHolder.class' (1,795)
2026-09-28 05:42:18: Copy Over 'C:/rock/bannister/Bannister/obj/x64/Debug/net8.0-android/android/bin/classes/crc645d80431ce5f73f11/SimpleItemTouchHelperCallback.class' -> 'goodrive://www.googleapis.com/:personal:/bannister/bannister/obj/x64/Debug/net8.0-android/android/bin/classes/crc645d80431ce5f73f11/SimpleItemTouchHelperCallback.class' (3,022)
2026-09-28 05:42:19: Copy Over 'C:/rock/bannister/Bannister/obj/x64/Debug/net8.0-android/android/bin/classes/crc645d80431ce5f73f11/SimpleViewHolder.class' -> 'goodrive://www.googleapis.com/:personal:/bannister/bannister/obj/x64/Debug/net8.0-android/android/bin/classes/crc645d80431ce5f73f11/SimpleViewHolder.class' (1,445)
2026-09-28 05:42:20: Copy Over 'C:/rock/bannister/Bannister/obj/x64/Debug/net8.0-android/android/bin/classes/crc645d80431ce5f73f11/SingleSnapHelper.class' -> 'goodrive://www.googleapis.com/:personal:/bannister/bannister/obj/x64/Debug/net8.0-android/android/bin/classes/crc645d80431ce5f73f11/SingleSnapHelper.class' (2,120)
2026-09-28 05:42:21: Copy Over 'C:/rock/bannister/Bannister/obj/x64/Debug/net8.0-android/android/bin/classes/crc645d80431ce5f73f11/SizedItemContentView.class' -> 'goodrive://www.googleapis.com/:personal:/bannister/bannister/obj/x64/Debug/net8.0-android/android/bin/classes/crc645d80431ce5f73f11/SizedItemContentView.class' (2,538)
2026-09-28 05:42:23: Copy Over 'C:/rock/bannister/Bannister/obj/x64/Debug/net8.0-android/android/bin/classes/crc645d80431ce5f73f11/SpacingItemDecoration.class' -> 'goodrive://www.googleapis.com/:personal:/bannister/bannister/obj/x64/Debug/net8.0-android/android/bin/classes/crc645d80431ce5f73f11/SpacingItemDecoration.class' (2,005)
2026-09-28 05:42:23: Copy Over 'C:/rock/bannister/Bannister/obj/x64/Debug/net8.0-android/android/bin/classes/crc645d80431ce5f73f11/StartSingleSnapHelper.class' -> 'goodrive://www.googleapis.com/:personal:/bannister/bannister/obj/x64/Debug/net8.0-android/android/bin/classes/crc645d80431ce5f73f11/StartSingleSnapHelper.class' (1,855)
2026-09-28 05:42:26: Copy Over 'C:/rock/bannister/Bannister/obj/x64/Debug/net8.0-android/android/bin/classes/crc645d80431ce5f73f11/StartSnapHelper.class' -> 'goodrive://www.googleapis.com/:personal:/bannister/bannister/obj/x64/Debug/net8.0-android/android/bin/classes/crc645d80431ce5f73f11/StartSnapHelper.class' (2,185)
2026-09-28 05:42:27: Copy Over 'C:/rock/bannister/Bannister/obj/x64/Debug/net8.0-android/android/bin/classes/crc645d80431ce5f73f11/StructuredItemsViewAdapter_2.class' -> 'goodrive://www.googleapis.com/:personal:/bannister/bannister/obj/x64/Debug/net8.0-android/android/bin/classes/crc645d80431ce5f73f11/StructuredItemsViewAdapter_2.class' (2,270)
2026-09-28 05:42:29: Copy Over 'C:/rock/bannister/Bannister/obj/x64/Debug/net8.0-android/android/bin/classes/crc645d80431ce5f73f11/TemplatedItemViewHolder.class' -> 'goodrive://www.googleapis.com/:personal:/bannister/bannister/obj/x64/Debug/net8.0-android/android/bin/classes/crc645d80431ce5f73f11/TemplatedItemViewHolder.class' (1,365)
2026-09-28 05:42:29: Copy Over 'C:/rock/bannister/Bannister/obj/x64/Debug/net8.0-android/android/bin/classes/crc645d80431ce5f73f11/TextViewHolder.class' -> 'goodrive://www.googleapis.com/:personal:/bannister/bannister/obj/x64/Debug/net8.0-android/android/bin/classes/crc645d80431ce5f73f11/TextViewHolder.class' (1,338)
2026-09-28 05:42:30: Copy Over 'C:/rock/bannister/Bannister/obj/x64/Debug/net8.0-android/android/bin/classes/crc6477f0d89a9cfd64b1/ActivityIndicatorRenderer.class' -> 'goodrive://www.googleapis.com/:personal:/bannister/bannister/obj/x64/Debug/net8.0-android/android/bin/classes/crc6477f0d89a9cfd64b1/ActivityIndicatorRenderer.class' (2,082)
2026-09-28 05:42:32: Copy Over 'C:/rock/bannister/Bannister/obj/x64/Debug/net8.0-android/android/bin/classes/crc6488302ad6e9e4df1a/ImageLoaderCallback.class' -> 'goodrive://www.googleapis.com/:personal:/bannister/bannister/obj/x64/Debug/net8.0-android/android/bin/classes/crc6488302ad6e9e4df1a/ImageLoaderCallback.class' (1,226)
2026-09-28 05:42:32: Copy Over 'C:/rock/bannister/Bannister/obj/x64/Debug/net8.0-android/android/bin/classes/crc6488302ad6e9e4df1a/ImageLoaderCallbackBase_1.class' -> 'goodrive://www.googleapis.com/:personal:/bannister/bannister/obj/x64/Debug/net8.0-android/android/bin/classes/crc6488302ad6e9e4df1a/ImageLoaderCallbackBase_1.class' (1,668)
2026-09-28 05:42:34: Copy Over 'C:/rock/bannister/Bannister/obj/x64/Debug/net8.0-android/android/bin/classes/crc6488302ad6e9e4df1a/ImageLoaderResultCallback.class' -> 'goodrive://www.googleapis.com/:personal:/bannister/bannister/obj/x64/Debug/net8.0-android/android/bin/classes/crc6488302ad6e9e4df1a/ImageLoaderResultCallback.class' (1,244)
2026-09-28 05:42:35: Copy Over 'C:/rock/bannister/Bannister/obj/x64/Debug/net8.0-android/android/bin/classes/crc6488302ad6e9e4df1a/MauiAppCompatActivity.class' -> 'goodrive://www.googleapis.com/:personal:/bannister/bannister/obj/x64/Debug/net8.0-android/android/bin/classes/crc6488302ad6e9e4df1a/MauiAppCompatActivity.class' (3,730)
2026-09-28 05:42:36: Copy Over 'C:/rock/bannister/Bannister/obj/x64/Debug/net8.0-android/android/bin/classes/crc6488302ad6e9e4df1a/MauiApplication.class' -> 'goodrive://www.googleapis.com/:personal:/bannister/bannister/obj/x64/Debug/net8.0-android/android/bin/classes/crc6488302ad6e9e4df1a/MauiApplication.class' (1,567)
2026-09-28 05:42:37: Copy Over 'C:/rock/bannister/Bannister/obj/x64/Debug/net8.0-android/android/bin/classes/crc6488302ad6e9e4df1a/MauiApplication_ActivityLifecycleCallbacks.class' -> 'goodrive://www.googleapis.com/:personal:/bannister/bannister/obj/x64/Debug/net8.0-android/android/bin/classes/crc6488302ad6e9e4df1a/MauiApplication_ActivityLifecycleCallbacks.class' (8,927)
2026-09-28 05:42:39: Copy Over 'C:/rock/bannister/Bannister/obj/x64/Debug/net8.0-android/android/bin/classes/crc6477f0d89a9cfd64b1/AHorizontalScrollView.class' -> 'goodrive://www.googleapis.com/:personal:/bannister/bannister/obj/x64/Debug/net8.0-android/android/bin/classes/crc6477f0d89a9cfd64b1/AHorizontalScrollView.class' (3,661)
2026-09-28 05:42:40: Copy Over 'C:/rock/bannister/Bannister/obj/x64/Debug/net8.0-android/android/bin/classes/crc6477f0d89a9cfd64b1/BorderDrawable.class' -> 'goodrive://www.googleapis.com/:personal:/bannister/bannister/obj/x64/Debug/net8.0-android/android/bin/classes/crc6477f0d89a9cfd64b1/BorderDrawable.class' (2,259)
2026-09-28 05:42:41: Copy Over 'C:/rock/bannister/Bannister/obj/x64/Debug/net8.0-android/android/bin/classes/crc6477f0d89a9cfd64b1/BoxRenderer.class' -> 'goodrive://www.googleapis.com/:personal:/bannister/bannister/obj/x64/Debug/net8.0-android/android/bin/classes/crc6477f0d89a9cfd64b1/BoxRenderer.class' (2,270)
2026-09-28 05:42:43: Copy Over 'C:/rock/bannister/Bannister/obj/x64/Debug/net8.0-android/android/bin/classes/crc6477f0d89a9cfd64b1/CarouselPageAdapter.class' -> 'goodrive://www.googleapis.com/:personal:/bannister/bannister/obj/x64/Debug/net8.0-android/android/bin/classes/crc6477f0d89a9cfd64b1/CarouselPageAdapter.class' (3,383)
2026-09-28 05:42:44: Copy Over 'C:/rock/bannister/Bannister/obj/x64/Debug/net8.0-android/android/bin/classes/crc6477f0d89a9cfd64b1/CarouselSpacingItemDecoration.class' -> 'goodrive://www.googleapis.com/:personal:/bannister/bannister/obj/x64/Debug/net8.0-android/android/bin/classes/crc6477f0d89a9cfd64b1/CarouselSpacingItemDecoration.class' (2,059)
2026-09-28 05:42:44: Copy Over 'C:/rock/bannister/Bannister/obj/x64/Debug/net8.0-android/android/bin/classes/crc6477f0d89a9cfd64b1/CarouselViewRenderer.class' -> 'goodrive://www.googleapis.com/:personal:/bannister/bannister/obj/x64/Debug/net8.0-android/android/bin/classes/crc6477f0d89a9cfd64b1/CarouselViewRenderer.class' (2,518)
2026-09-28 05:42:46: Copy Over 'C:/rock/bannister/Bannister/obj/x64/Debug/net8.0-android/android/bin/classes/crc6477f0d89a9cfd64b1/CarouselViewRenderer_CarouselViewOnScrollListener.class' -> 'goodrive://www.googleapis.com/:personal:/bannister/bannister/obj/x64/Debug/net8.0-android/android/bin/classes/crc6477f0d89a9cfd64b1/CarouselViewRenderer_CarouselViewOnScrollListener.class' (1,976)
2026-09-28 05:42:47: Copy Over 'C:/rock/bannister/Bannister/obj/x64/Debug/net8.0-android/android/bin/classes/crc6477f0d89a9cfd64b1/CarouselViewRenderer_CarouselViewwOnGlobalLayoutListener.class' -> 'goodrive://www.googleapis.com/:personal:/bannister/bannister/obj/x64/Debug/net8.0-android/android/bin/classes/crc6477f0d89a9cfd64b1/CarouselViewRenderer_CarouselViewwOnGlobalLayoutListener.class' (1,782)
2026-09-28 05:42:48: Copy Over 'C:/rock/bannister/Bannister/obj/x64/Debug/net8.0-android/android/bin/classes/crc6477f0d89a9cfd64b1/CellRenderer_RendererHolder.class' -> 'goodrive://www.googleapis.com/:personal:/bannister/bannister/obj/x64/Debug/net8.0-android/android/bin/classes/crc6477f0d89a9cfd64b1/CellRenderer_RendererHolder.class' (1,260)
2026-09-28 05:42:50: Copy Over 'C:/rock/bannister/Bannister/obj/x64/Debug/net8.0-android/android/bin/classes/crc6477f0d89a9cfd64b1/CenterSnapHelper.class' -> 'goodrive://www.googleapis.com/:personal:/bannister/bannister/obj/x64/Debug/net8.0-android/android/bin/classes/crc6477f0d89a9cfd64b1/CenterSnapHelper.class' (1,785)
2026-09-28 05:42:50: Copy Over 'C:/rock/bannister/Bannister/obj/x64/Debug/net8.0-android/android/bin/classes/crc6477f0d89a9cfd64b1/CheckBoxRenderer.class' -> 'goodrive://www.googleapis.com/:personal:/bannister/bannister/obj/x64/Debug/net8.0-android/android/bin/classes/crc6477f0d89a9cfd64b1/CheckBoxRenderer.class' (2,061)
2026-09-28 05:42:51: Copy Over 'C:/rock/bannister/Bannister/obj/x64/Debug/net8.0-android/android/bin/classes/crc6477f0d89a9cfd64b1/CheckBoxRendererBase.class' -> 'goodrive://www.googleapis.com/:personal:/bannister/bannister/obj/x64/Debug/net8.0-android/android/bin/classes/crc6477f0d89a9cfd64b1/CheckBoxRendererBase.class' (3,050)
2026-09-28 05:42:53: Copy Over 'C:/rock/bannister/Bannister/obj/x64/Debug/net8.0-android/android/bin/classes/crc6477f0d89a9cfd64b1/CircularProgress.class' -> 'goodrive://www.googleapis.com/:personal:/bannister/bannister/obj/x64/Debug/net8.0-android/android/bin/classes/crc6477f0d89a9cfd64b1/CircularProgress.class' (2,732)
2026-09-28 05:42:54: Copy Over 'C:/rock/bannister/Bannister/obj/x64/Debug/net8.0-android/android/bin/classes/crc6477f0d89a9cfd64b1/CollectionViewRenderer.class' -> 'goodrive://www.googleapis.com/:personal:/bannister/bannister/obj/x64/Debug/net8.0-android/android/bin/classes/crc6477f0d89a9cfd64b1/CollectionViewRenderer.class' (2,087)
2026-09-28 05:42:55: Copy Over 'C:/rock/bannister/Bannister/obj/x64/Debug/net8.0-android/android/bin/classes/crc6477f0d89a9cfd64b1/DataChangeObserver.class' -> 'goodrive://www.googleapis.com/:personal:/bannister/bannister/obj/x64/Debug/net8.0-android/android/bin/classes/crc6477f0d89a9cfd64b1/DataChangeObserver.class' (2,418)
2026-09-28 05:42:57: Copy Over 'C:/rock/bannister/Bannister/obj/x64/Debug/net8.0-android/android/bin/classes/crc6477f0d89a9cfd64b1/DatePickerRenderer.class' -> 'goodrive://www.googleapis.com/:personal:/bannister/bannister/obj/x64/Debug/net8.0-android/android/bin/classes/crc6477f0d89a9cfd64b1/DatePickerRenderer.class' (2,071)
2026-09-28 05:42:58: Copy Over 'C:/rock/bannister/Bannister/obj/x64/Debug/net8.0-android/android/bin/classes/crc6477f0d89a9cfd64b1/DatePickerRendererBase_1.class' -> 'goodrive://www.googleapis.com/:personal:/bannister/bannister/obj/x64/Debug/net8.0-android/android/bin/classes/crc6477f0d89a9cfd64b1/DatePickerRendererBase_1.class' (2,079)
2026-09-28 05:42:59: Copy Over 'C:/rock/bannister/Bannister/obj/x64/Debug/net8.0-android/android/bin/classes/crc6477f0d89a9cfd64b1/DragAndDropGestureHandler.class' -> 'goodrive://www.googleapis.com/:personal:/bannister/bannister/obj/x64/Debug/net8.0-android/android/bin/classes/crc6477f0d89a9cfd64b1/DragAndDropGestureHandler.class' (1,731)
2026-09-28 05:43:01: Copy Over 'C:/rock/bannister/Bannister/obj/x64/Debug/net8.0-android/android/bin/classes/crc6477f0d89a9cfd64b1/DragAndDropGestureHandler_CustomLocalStateData.class' -> 'goodrive://www.googleapis.com/:personal:/bannister/bannister/obj/x64/Debug/net8.0-android/android/bin/classes/crc6477f0d89a9cfd64b1/DragAndDropGestureHandler_CustomLocalStateData.class' (1,317)
2026-09-28 05:43:01: Copy Over 'C:/rock/bannister/Bannister/obj/x64/Debug/net8.0-android/android/bin/classes/crc6477f0d89a9cfd64b1/EdgeSnapHelper.class' -> 'goodrive://www.googleapis.com/:personal:/bannister/bannister/obj/x64/Debug/net8.0-android/android/bin/classes/crc6477f0d89a9cfd64b1/EdgeSnapHelper.class' (1,268)
2026-09-28 05:43:02: Copy Over 'C:/rock/bannister/Bannister/obj/x64/Debug/net8.0-android/android/bin/classes/crc6477f0d89a9cfd64b1/EditorRenderer.class' -> 'goodrive://www.googleapis.com/:personal:/bannister/bannister/obj/x64/Debug/net8.0-android/android/bin/classes/crc6477f0d89a9cfd64b1/EditorRenderer.class' (2,218)
2026-09-28 05:43:05: Copy Over 'C:/rock/bannister/Bannister/obj/x64/Debug/net8.0-android/android/bin/classes/crc6477f0d89a9cfd64b1/EllipseRenderer.class' -> 'goodrive://www.googleapis.com/:personal:/bannister/bannister/obj/x64/Debug/net8.0-android/android/bin/classes/crc6477f0d89a9cfd64b1/EllipseRenderer.class' (2,053)
2026-09-28 05:43:05: Copy Over 'C:/rock/bannister/Bannister/obj/x64/Debug/net8.0-android/android/bin/classes/crc6477f0d89a9cfd64b1/EditorRendererBase_1.class' -> 'goodrive://www.googleapis.com/:personal:/bannister/bannister/obj/x64/Debug/net8.0-android/android/bin/classes/crc6477f0d89a9cfd64b1/EditorRendererBase_1.class' (3,123)
2026-09-28 05:43:05: Copy Over 'C:/rock/bannister/Bannister/obj/x64/Debug/net8.0-android/android/bin/classes/crc6477f0d89a9cfd64b1/EllipseView.class' -> 'goodrive://www.googleapis.com/:personal:/bannister/bannister/obj/x64/Debug/net8.0-android/android/bin/classes/crc6477f0d89a9cfd64b1/EllipseView.class' (2,393)
2026-09-28 05:43:08: Copy Over 'C:/rock/bannister/Bannister/obj/x64/Debug/net8.0-android/android/bin/classes/crc6477f0d89a9cfd64b1/EmptyViewAdapter.class' -> 'goodrive://www.googleapis.com/:personal:/bannister/bannister/obj/x64/Debug/net8.0-android/android/bin/classes/crc6477f0d89a9cfd64b1/EmptyViewAdapter.class' (2,749)
2026-09-28 05:43:08: Copy Over 'C:/rock/bannister/Bannister/obj/x64/Debug/net8.0-android/android/bin/classes/crc6477f0d89a9cfd64b1/EndSingleSnapHelper.class' -> 'goodrive://www.googleapis.com/:personal:/bannister/bannister/obj/x64/Debug/net8.0-android/android/bin/classes/crc6477f0d89a9cfd64b1/EndSingleSnapHelper.class' (1,879)
2026-09-28 05:43:09: Copy Over 'C:/rock/bannister/Bannister/obj/x64/Debug/net8.0-android/android/bin/classes/crc6477f0d89a9cfd64b1/EndSnapHelper.class' -> 'goodrive://www.googleapis.com/:personal:/bannister/bannister/obj/x64/Debug/net8.0-android/android/bin/classes/crc6477f0d89a9cfd64b1/EndSnapHelper.class' (2,209)
2026-09-28 05:43:11: Copy Over 'C:/rock/bannister/Bannister/obj/x64/Debug/net8.0-android/android/bin/classes/crc6477f0d89a9cfd64b1/EntryAccessibilityDelegate.class' -> 'goodrive://www.googleapis.com/:personal:/bannister/bannister/obj/x64/Debug/net8.0-android/android/bin/classes/crc6477f0d89a9cfd64b1/EntryAccessibilityDelegate.class' (1,825)
2026-09-28 05:43:12: Copy Over 'C:/rock/bannister/Bannister/obj/x64/Debug/net8.0-android/android/bin/classes/crc6477f0d89a9cfd64b1/EntryRenderer.class' -> 'goodrive://www.googleapis.com/:personal:/bannister/bannister/obj/x64/Debug/net8.0-android/android/bin/classes/crc6477f0d89a9cfd64b1/EntryRenderer.class' (2,051)
2026-09-28 05:43:12: Copy Over 'C:/rock/bannister/Bannister/obj/x64/Debug/net8.0-android/android/bin/classes/crc6477f0d89a9cfd64b1/EntryRendererBase_1.class' -> 'goodrive://www.googleapis.com/:personal:/bannister/bannister/obj/x64/Debug/net8.0-android/android/bin/classes/crc6477f0d89a9cfd64b1/EntryRendererBase_1.class' (3,683)
2026-09-28 05:43:15: Copy Over 'C:/rock/bannister/Bannister/obj/x64/Debug/net8.0-android/android/bin/classes/crc6477f0d89a9cfd64b1/FlyoutPageContainer.class' -> 'goodrive://www.googleapis.com/:personal:/bannister/bannister/obj/x64/Debug/net8.0-android/android/bin/classes/crc6477f0d89a9cfd64b1/FlyoutPageContainer.class' (2,980)
2026-09-28 05:43:15: Copy Over 'C:/rock/bannister/Bannister/obj/x64/Debug/net8.0-android/android/bin/classes/crc6477f0d89a9cfd64b1/FlyoutPageRenderer.class' -> 'goodrive://www.googleapis.com/:personal:/bannister/bannister/obj/x64/Debug/net8.0-android/android/bin/classes/crc6477f0d89a9cfd64b1/FlyoutPageRenderer.class' (3,841)
2026-09-28 05:43:16: Copy Over 'C:/rock/bannister/Bannister/obj/x64/Debug/net8.0-android/android/bin/classes/crc6477f0d89a9cfd64b1/FormsAnimationDrawable.class' -> 'goodrive://www.googleapis.com/:personal:/bannister/bannister/obj/x64/Debug/net8.0-android/android/bin/classes/crc6477f0d89a9cfd64b1/FormsAnimationDrawable.class' (1,801)
2026-09-28 05:43:19: Copy Over 'C:/rock/bannister/Bannister/obj/x64/Debug/net8.0-android/android/bin/classes/crc6477f0d89a9cfd64b1/FormsAppCompatActivity.class' -> 'goodrive://www.googleapis.com/:personal:/bannister/bannister/obj/x64/Debug/net8.0-android/android/bin/classes/crc6477f0d89a9cfd64b1/FormsAppCompatActivity.class' (3,586)
2026-09-28 05:43:20: Copy Over 'C:/rock/bannister/Bannister/obj/x64/Debug/net8.0-android/android/bin/classes/crc6477f0d89a9cfd64b1/FormsEditTextBase.class' -> 'goodrive://www.googleapis.com/:personal:/bannister/bannister/obj/x64/Debug/net8.0-android/android/bin/classes/crc6477f0d89a9cfd64b1/FormsEditTextBase.class' (2,281)
2026-09-28 05:43:20: Copy Over 'C:/rock/bannister/Bannister/obj/x64/Debug/net8.0-android/android/bin/classes/crc6477f0d89a9cfd64b1/FormsEditText.class' -> 'goodrive://www.googleapis.com/:personal:/bannister/bannister/obj/x64/Debug/net8.0-android/android/bin/classes/crc6477f0d89a9cfd64b1/FormsEditText.class' (2,439)
2026-09-28 05:43:22: Copy Over 'C:/rock/bannister/Bannister/obj/x64/Debug/net8.0-android/android/bin/classes/crc6477f0d89a9cfd64b1/FormsImageView.class' -> 'goodrive://www.googleapis.com/:personal:/bannister/bannister/obj/x64/Debug/net8.0-android/android/bin/classes/crc6477f0d89a9cfd64b1/FormsImageView.class' (2,526)
2026-09-28 05:43:24: Copy Over 'C:/rock/bannister/Bannister/obj/x64/Debug/net8.0-android/android/bin/classes/crc6477f0d89a9cfd64b1/FormsSeekBar.class' -> 'goodrive://www.googleapis.com/:personal:/bannister/bannister/obj/x64/Debug/net8.0-android/android/bin/classes/crc6477f0d89a9cfd64b1/FormsSeekBar.class' (2,879)
2026-09-28 05:43:24: Copy Over 'C:/rock/bannister/Bannister/obj/x64/Debug/net8.0-android/android/bin/classes/crc6477f0d89a9cfd64b1/FormsTextView.class' -> 'goodrive://www.googleapis.com/:personal:/bannister/bannister/obj/x64/Debug/net8.0-android/android/bin/classes/crc6477f0d89a9cfd64b1/FormsTextView.class' (2,053)
2026-09-28 05:43:27: Copy Over 'C:/rock/bannister/Bannister/obj/x64/Debug/net8.0-android/android/bin/classes/crc6477f0d89a9cfd64b1/FormsWebChromeClient.class' -> 'goodrive://www.googleapis.com/:personal:/bannister/bannister/obj/x64/Debug/net8.0-android/android/bin/classes/crc6477f0d89a9cfd64b1/FormsWebChromeClient.class' (1,863)
2026-09-28 05:43:27: Copy Over 'C:/rock/bannister/Bannister/obj/x64/Debug/net8.0-android/android/bin/classes/crc6477f0d89a9cfd64b1/FormsVideoView.class' -> 'goodrive://www.googleapis.com/:personal:/bannister/bannister/obj/x64/Debug/net8.0-android/android/bin/classes/crc6477f0d89a9cfd64b1/FormsVideoView.class' (3,000)
2026-09-28 05:43:27: Copy Over 'C:/rock/bannister/Bannister/obj/x64/Debug/net8.0-android/android/bin/classes/crc6477f0d89a9cfd64b1/FormsWebViewClient.class' -> 'goodrive://www.googleapis.com/:personal:/bannister/bannister/obj/x64/Debug/net8.0-android/android/bin/classes/crc6477f0d89a9cfd64b1/FormsWebViewClient.class' (3,589)
2026-09-28 05:43:31: Copy Over 'C:/rock/bannister/Bannister/obj/x64/Debug/net8.0-android/android/bin/classes/crc6477f0d89a9cfd64b1/GroupableItemsViewAdapter_2.class' -> 'goodrive://www.googleapis.com/:personal:/bannister/bannister/obj/x64/Debug/net8.0-android/android/bin/classes/crc6477f0d89a9cfd64b1/GroupableItemsViewAdapter_2.class' (2,307)
2026-09-28 05:43:31: Copy Over 'C:/rock/bannister/Bannister/obj/x64/Debug/net8.0-android/android/bin/classes/crc6477f0d89a9cfd64b1/GroupableItemsViewRenderer_3.class' -> 'goodrive://www.googleapis.com/:personal:/bannister/bannister/obj/x64/Debug/net8.0-android/android/bin/classes/crc6477f0d89a9cfd64b1/GroupableItemsViewRenderer_3.class' (2,106)
2026-09-28 05:43:31: Copy Over 'C:/rock/bannister/Bannister/obj/x64/Debug/net8.0-android/android/bin/classes/crc6477f0d89a9cfd64b1/GridLayoutSpanSizeLookup.class' -> 'goodrive://www.googleapis.com/:personal:/bannister/bannister/obj/x64/Debug/net8.0-android/android/bin/classes/crc6477f0d89a9cfd64b1/GridLayoutSpanSizeLookup.class' (1,566)
2026-09-28 05:43:34: Copy Over 'C:/rock/bannister/Bannister/obj/x64/Debug/net8.0-android/android/bin/classes/crc6477f0d89a9cfd64b1/ImageButtonRenderer.class' -> 'goodrive://www.googleapis.com/:personal:/bannister/bannister/obj/x64/Debug/net8.0-android/android/bin/classes/crc6477f0d89a9cfd64b1/ImageButtonRenderer.class' (4,024)
2026-09-28 05:43:35: Copy Over 'C:/rock/bannister/Bannister/obj/x64/Debug/net8.0-android/android/bin/classes/crc6477f0d89a9cfd64b1/GroupedListViewAdapter.class' -> 'goodrive://www.googleapis.com/:personal:/bannister/bannister/obj/x64/Debug/net8.0-android/android/bin/classes/crc6477f0d89a9cfd64b1/GroupedListViewAdapter.class' (2,386)
2026-09-28 05:43:35: Copy Over 'C:/rock/bannister/Bannister/obj/x64/Debug/net8.0-android/android/bin/classes/crc6477f0d89a9cfd64b1/ImageCache_CacheEntry.class' -> 'goodrive://www.googleapis.com/:personal:/bannister/bannister/obj/x64/Debug/net8.0-android/android/bin/classes/crc6477f0d89a9cfd64b1/ImageCache_CacheEntry.class' (1,242)
2026-09-28 05:43:38: Copy Over 'C:/rock/bannister/Bannister/obj/x64/Debug/net8.0-android/android/bin/classes/crc6477f0d89a9cfd64b1/ImageCache_FormsLruCache.class' -> 'goodrive://www.googleapis.com/:personal:/bannister/bannister/obj/x64/Debug/net8.0-android/android/bin/classes/crc6477f0d89a9cfd64b1/ImageCache_FormsLruCache.class' (1,637)
2026-09-28 05:43:38: Copy Over 'C:/rock/bannister/Bannister/obj/x64/Debug/net8.0-android/android/bin/classes/crc6477f0d89a9cfd64b1/IndicatorViewRenderer.class' -> 'goodrive://www.googleapis.com/:personal:/bannister/bannister/obj/x64/Debug/net8.0-android/android/bin/classes/crc6477f0d89a9cfd64b1/IndicatorViewRenderer.class' (2,419)
2026-09-28 05:43:38: Copy Over 'C:/rock/bannister/Bannister/obj/x64/Debug/net8.0-android/android/bin/classes/crc6477f0d89a9cfd64b1/ImageRenderer.class' -> 'goodrive://www.googleapis.com/:personal:/bannister/bannister/obj/x64/Debug/net8.0-android/android/bin/classes/crc6477f0d89a9cfd64b1/ImageRenderer.class' (2,267)
2026-09-28 05:43:41: Copy Over 'C:/rock/bannister/Bannister/obj/x64/Debug/net8.0-android/android/bin/classes/crc6477f0d89a9cfd64b1/ItemsViewAdapter_2.class' -> 'goodrive://www.googleapis.com/:personal:/bannister/bannister/obj/x64/Debug/net8.0-android/android/bin/classes/crc6477f0d89a9cfd64b1/ItemsViewAdapter_2.class' (2,755)
2026-09-28 05:43:42: Copy Over 'C:/rock/bannister/Bannister/obj/x64/Debug/net8.0-android/android/bin/classes/crc6477f0d89a9cfd64b1/ItemContentView.class' -> 'goodrive://www.googleapis.com/:personal:/bannister/bannister/obj/x64/Debug/net8.0-android/android/bin/classes/crc6477f0d89a9cfd64b1/ItemContentView.class' (2,690)
2026-09-28 05:43:42: Copy Over 'C:/rock/bannister/Bannister/obj/x64/Debug/net8.0-android/android/bin/classes/crc6477f0d89a9cfd64b1/ItemsViewRenderer_3.class' -> 'goodrive://www.googleapis.com/:personal:/bannister/bannister/obj/x64/Debug/net8.0-android/android/bin/classes/crc6477f0d89a9cfd64b1/ItemsViewRenderer_3.class' (2,221)
2026-09-28 05:43:45: Copy Over 'C:/rock/bannister/Bannister/obj/x64/Debug/net8.0-android/android/bin/classes/crc6477f0d89a9cfd64b1/LineRenderer.class' -> 'goodrive://www.googleapis.com/:personal:/bannister/bannister/obj/x64/Debug/net8.0-android/android/bin/classes/crc6477f0d89a9cfd64b1/LineRenderer.class' (2,044)
2026-09-28 05:43:45: Copy Over 'C:/rock/bannister/Bannister/obj/x64/Debug/net8.0-android/android/bin/classes/crc6477f0d89a9cfd64b1/LineView.class' -> 'goodrive://www.googleapis.com/:personal:/bannister/bannister/obj/x64/Debug/net8.0-android/android/bin/classes/crc6477f0d89a9cfd64b1/LineView.class' (2,384)
2026-09-28 05:43:45: Copy Over 'C:/rock/bannister/Bannister/obj/x64/Debug/net8.0-android/android/bin/classes/crc6477f0d89a9cfd64b1/LabelRenderer.class' -> 'goodrive://www.googleapis.com/:personal:/bannister/bannister/obj/x64/Debug/net8.0-android/android/bin/classes/crc6477f0d89a9cfd64b1/LabelRenderer.class' (2,419)
2026-09-28 05:43:48: Copy Over 'C:/rock/bannister/Bannister/obj/x64/Debug/net8.0-android/android/bin/classes/crc6477f0d89a9cfd64b1/ListViewRenderer.class' -> 'goodrive://www.googleapis.com/:personal:/bannister/bannister/obj/x64/Debug/net8.0-android/android/bin/classes/crc6477f0d89a9cfd64b1/ListViewRenderer.class' (2,974)
2026-09-28 05:43:48: Copy Over 'C:/rock/bannister/Bannister/obj/x64/Debug/net8.0-android/android/bin/classes/crc6477f0d89a9cfd64b1/ListViewAdapter.class' -> 'goodrive://www.googleapis.com/:personal:/bannister/bannister/obj/x64/Debug/net8.0-android/android/bin/classes/crc6477f0d89a9cfd64b1/ListViewAdapter.class' (2,928)
2026-09-28 05:43:48: Copy Over 'C:/rock/bannister/Bannister/obj/x64/Debug/net8.0-android/android/bin/classes/crc6477f0d89a9cfd64b1/ListViewRenderer_Container.class' -> 'goodrive://www.googleapis.com/:personal:/bannister/bannister/obj/x64/Debug/net8.0-android/android/bin/classes/crc6477f0d89a9cfd64b1/ListViewRenderer_Container.class' (2,723)
2026-09-28 05:43:52: Copy Over 'C:/rock/bannister/Bannister/obj/x64/Debug/net8.0-android/android/bin/classes/crc6477f0d89a9cfd64b1/ListViewRenderer_ListViewScrollDetector.class' -> 'goodrive://www.googleapis.com/:personal:/bannister/bannister/obj/x64/Debug/net8.0-android/android/bin/classes/crc6477f0d89a9cfd64b1/ListViewRenderer_ListViewScrollDetector.class' (2,479)
2026-09-28 05:43:52: Copy Over 'C:/rock/bannister/Bannister/obj/x64/Debug/net8.0-android/android/bin/classes/crc6477f0d89a9cfd64b1/NativeViewWrapperRenderer.class' -> 'goodrive://www.googleapis.com/:personal:/bannister/bannister/obj/x64/Debug/net8.0-android/android/bin/classes/crc6477f0d89a9cfd64b1/NativeViewWrapperRenderer.class' (2,376)
2026-09-28 05:43:52: Copy Over 'C:/rock/bannister/Bannister/obj/x64/Debug/net8.0-android/android/bin/classes/crc6477f0d89a9cfd64b1/ListViewRenderer_SwipeRefreshLayoutWithFixedNestedScrolling.class' -> 'goodrive://www.googleapis.com/:personal:/bannister/bannister/obj/x64/Debug/net8.0-android/android/bin/classes/crc6477f0d89a9cfd64b1/ListViewRenderer_SwipeRefreshLayoutWithFixedNestedScrolling.class' (2,845)
2026-09-28 05:43:55: Copy Over 'C:/rock/bannister/Bannister/obj/x64/Debug/net8.0-android/android/bin/classes/crc6477f0d89a9cfd64b1/NongreedySnapHelper.class' -> 'goodrive://www.googleapis.com/:personal:/bannister/bannister/obj/x64/Debug/net8.0-android/android/bin/classes/crc6477f0d89a9cfd64b1/NongreedySnapHelper.class' (1,601)
2026-09-28 05:43:55: Copy Over 'C:/rock/bannister/Bannister/obj/x64/Debug/net8.0-android/android/bin/classes/crc6477f0d89a9cfd64b1/NongreedySnapHelper_InitialScrollListener.class' -> 'goodrive://www.googleapis.com/:personal:/bannister/bannister/obj/x64/Debug/net8.0-android/android/bin/classes/crc6477f0d89a9cfd64b1/NongreedySnapHelper_InitialScrollListener.class' (2,061)
2026-09-28 05:43:56: Copy Over 'C:/rock/bannister/Bannister/obj/x64/Debug/net8.0-android/android/bin/classes/crc6477f0d89a9cfd64b1/ObjectJavaBox_1.class' -> 'goodrive://www.googleapis.com/:personal:/bannister/bannister/obj/x64/Debug/net8.0-android/android/bin/classes/crc6477f0d89a9cfd64b1/ObjectJavaBox_1.class' (1,224)
2026-09-28 05:43:58: Copy Over 'C:/rock/bannister/Bannister/obj/x64/Debug/net8.0-android/android/bin/classes/crc6477f0d89a9cfd64b1/PageExtensions_EmbeddedFragment.class' -> 'goodrive://www.googleapis.com/:personal:/bannister/bannister/obj/x64/Debug/net8.0-android/android/bin/classes/crc6477f0d89a9cfd64b1/PageExtensions_EmbeddedFragment.class' (1,941)
2026-09-28 05:43:58: Copy Over 'C:/rock/bannister/Bannister/obj/x64/Debug/net8.0-android/android/bin/classes/crc6477f0d89a9cfd64b1/PageContainer.class' -> 'goodrive://www.googleapis.com/:personal:/bannister/bannister/obj/x64/Debug/net8.0-android/android/bin/classes/crc6477f0d89a9cfd64b1/PageContainer.class' (2,684)
2026-09-28 05:44:00: Copy Over 'C:/rock/bannister/Bannister/obj/x64/Debug/net8.0-android/android/bin/classes/crc6477f0d89a9cfd64b1/PageExtensions_EmbeddedSupportFragment.class' -> 'goodrive://www.googleapis.com/:personal:/bannister/bannister/obj/x64/Debug/net8.0-android/android/bin/classes/crc6477f0d89a9cfd64b1/PageExtensions_EmbeddedSupportFragment.class' (1,962)
2026-09-28 05:44:01: Copy Over 'C:/rock/bannister/Bannister/obj/x64/Debug/net8.0-android/android/bin/classes/crc6477f0d89a9cfd64b1/PageRenderer.class' -> 'goodrive://www.googleapis.com/:personal:/bannister/bannister/obj/x64/Debug/net8.0-android/android/bin/classes/crc6477f0d89a9cfd64b1/PageRenderer.class' (2,759)
2026-09-28 05:44:02: Copy Over 'C:/rock/bannister/Bannister/obj/x64/Debug/net8.0-android/android/bin/classes/crc6477f0d89a9cfd64b1/PathRenderer.class' -> 'goodrive://www.googleapis.com/:personal:/bannister/bannister/obj/x64/Debug/net8.0-android/android/bin/classes/crc6477f0d89a9cfd64b1/PathRenderer.class' (2,044)
2026-09-28 05:44:03: Copy Over 'C:/rock/bannister/Bannister/obj/x64/Debug/net8.0-android/android/bin/classes/crc6477f0d89a9cfd64b1/PathView.class' -> 'goodrive://www.googleapis.com/:personal:/bannister/bannister/obj/x64/Debug/net8.0-android/android/bin/classes/crc6477f0d89a9cfd64b1/PathView.class' (2,384)
2026-09-28 05:44:05: Copy Over 'C:/rock/bannister/Bannister/obj/x64/Debug/net8.0-android/android/bin/classes/crc6477f0d89a9cfd64b1/PickerManager_PickerListener.class' -> 'goodrive://www.googleapis.com/:personal:/bannister/bannister/obj/x64/Debug/net8.0-android/android/bin/classes/crc6477f0d89a9cfd64b1/PickerManager_PickerListener.class' (1,678)
2026-09-28 05:44:05: Copy Over 'C:/rock/bannister/Bannister/obj/x64/Debug/net8.0-android/android/bin/classes/crc6477f0d89a9cfd64b1/PickerEditText.class' -> 'goodrive://www.googleapis.com/:personal:/bannister/bannister/obj/x64/Debug/net8.0-android/android/bin/classes/crc6477f0d89a9cfd64b1/PickerEditText.class' (2,505)
2026-09-28 05:44:06: Copy Over 'C:/rock/bannister/Bannister/obj/x64/Debug/net8.0-android/android/bin/classes/crc6477f0d89a9cfd64b1/Platform_DefaultRenderer.class' -> 'goodrive://www.googleapis.com/:personal:/bannister/bannister/obj/x64/Debug/net8.0-android/android/bin/classes/crc6477f0d89a9cfd64b1/Platform_DefaultRenderer.class' (3,061)
2026-09-28 05:44:09: Copy Over 'C:/rock/bannister/Bannister/obj/x64/Debug/net8.0-android/android/bin/classes/crc6477f0d89a9cfd64b1/Platform_ModalContainer.class' -> 'goodrive://www.googleapis.com/:personal:/bannister/bannister/obj/x64/Debug/net8.0-android/android/bin/classes/crc6477f0d89a9cfd64b1/Platform_ModalContainer.class' (2,572)
2026-09-28 05:44:09: Copy Over 'C:/rock/bannister/Bannister/obj/x64/Debug/net8.0-android/android/bin/classes/crc6477f0d89a9cfd64b1/PlatformRenderer.class' -> 'goodrive://www.googleapis.com/:personal:/bannister/bannister/obj/x64/Debug/net8.0-android/android/bin/classes/crc6477f0d89a9cfd64b1/PlatformRenderer.class' (2,938)
2026-09-28 05:44:11: Copy Over 'C:/rock/bannister/Bannister/obj/x64/Debug/net8.0-android/android/bin/classes/crc6477f0d89a9cfd64b1/PolygonRenderer.class' -> 'goodrive://www.googleapis.com/:personal:/bannister/bannister/obj/x64/Debug/net8.0-android/android/bin/classes/crc6477f0d89a9cfd64b1/PolygonRenderer.class' (2,053)
2026-09-28 05:44:12: Copy Over 'C:/rock/bannister/Bannister/obj/x64/Debug/net8.0-android/android/bin/classes/crc6477f0d89a9cfd64b1/PolygonView.class' -> 'goodrive://www.googleapis.com/:personal:/bannister/bannister/obj/x64/Debug/net8.0-android/android/bin/classes/crc6477f0d89a9cfd64b1/PolygonView.class' (2,393)
2026-09-28 05:44:13: Copy Over 'C:/rock/bannister/Bannister/obj/x64/Debug/net8.0-android/android/bin/classes/crc6477f0d89a9cfd64b1/PolylineRenderer.class' -> 'goodrive://www.googleapis.com/:personal:/bannister/bannister/obj/x64/Debug/net8.0-android/android/bin/classes/crc6477f0d89a9cfd64b1/PolylineRenderer.class' (2,056)
2026-09-28 05:44:14: Copy Over 'C:/rock/bannister/Bannister/obj/x64/Debug/net8.0-android/android/bin/classes/crc6477f0d89a9cfd64b1/PolylineView.class' -> 'goodrive://www.googleapis.com/:personal:/bannister/bannister/obj/x64/Debug/net8.0-android/android/bin/classes/crc6477f0d89a9cfd64b1/PolylineView.class' (2,396)
2026-09-28 05:44:16: Copy Over 'C:/rock/bannister/Bannister/obj/x64/Debug/net8.0-android/android/bin/classes/crc6477f0d89a9cfd64b1/PositionalSmoothScroller.class' -> 'goodrive://www.googleapis.com/:personal:/bannister/bannister/obj/x64/Debug/net8.0-android/android/bin/classes/crc6477f0d89a9cfd64b1/PositionalSmoothScroller.class' (1,990)
2026-09-28 05:44:17: Copy Over 'C:/rock/bannister/Bannister/obj/x64/Debug/net8.0-android/android/bin/classes/crc6477f0d89a9cfd64b1/ProgressBarRenderer.class' -> 'goodrive://www.googleapis.com/:personal:/bannister/bannister/obj/x64/Debug/net8.0-android/android/bin/classes/crc6477f0d89a9cfd64b1/ProgressBarRenderer.class' (2,064)
2026-09-28 05:44:17: Copy Over 'C:/rock/bannister/Bannister/obj/x64/Debug/net8.0-android/android/bin/classes/crc6477f0d89a9cfd64b1/RadioButtonRenderer.class' -> 'goodrive://www.googleapis.com/:personal:/bannister/bannister/obj/x64/Debug/net8.0-android/android/bin/classes/crc6477f0d89a9cfd64b1/RadioButtonRenderer.class' (3,271)
2026-09-28 05:44:20: Copy Over 'C:/rock/bannister/Bannister/obj/x64/Debug/net8.0-android/android/bin/classes/crc6477f0d89a9cfd64b1/RectangleRenderer.class' -> 'goodrive://www.googleapis.com/:personal:/bannister/bannister/obj/x64/Debug/net8.0-android/android/bin/classes/crc6477f0d89a9cfd64b1/RectangleRenderer.class' (2,059)
2026-09-28 05:44:20: Copy Over 'C:/rock/bannister/Bannister/obj/x64/Debug/net8.0-android/android/bin/classes/crc6477f0d89a9cfd64b1/RectView.class' -> 'goodrive://www.googleapis.com/:personal:/bannister/bannister/obj/x64/Debug/net8.0-android/android/bin/classes/crc6477f0d89a9cfd64b1/RectView.class' (2,384)
2026-09-28 05:44:21: Copy Over 'C:/rock/bannister/Bannister/obj/x64/Debug/net8.0-android/android/bin/classes/crc6477f0d89a9cfd64b1/RefreshViewRenderer.class' -> 'goodrive://www.googleapis.com/:personal:/bannister/bannister/obj/x64/Debug/net8.0-android/android/bin/classes/crc6477f0d89a9cfd64b1/RefreshViewRenderer.class' (2,676)
2026-09-28 05:44:23: Copy Over 'C:/rock/bannister/Bannister/obj/x64/Debug/net8.0-android/android/bin/classes/crc6477f0d89a9cfd64b1/ScrollViewContainer.class' -> 'goodrive://www.googleapis.com/:personal:/bannister/bannister/obj/x64/Debug/net8.0-android/android/bin/classes/crc6477f0d89a9cfd64b1/ScrollViewContainer.class' (2,702)
2026-09-28 05:44:23: Copy Over 'C:/rock/bannister/Bannister/obj/x64/Debug/net8.0-android/android/bin/classes/crc6477f0d89a9cfd64b1/ScrollHelper.class' -> 'goodrive://www.googleapis.com/:personal:/bannister/bannister/obj/x64/Debug/net8.0-android/android/bin/classes/crc6477f0d89a9cfd64b1/ScrollHelper.class' (1,886)
2026-09-28 05:44:25: Copy Over 'C:/rock/bannister/Bannister/obj/x64/Debug/net8.0-android/android/bin/classes/crc6477f0d89a9cfd64b1/ScrollViewRenderer.class' -> 'goodrive://www.googleapis.com/:personal:/bannister/bannister/obj/x64/Debug/net8.0-android/android/bin/classes/crc6477f0d89a9cfd64b1/ScrollViewRenderer.class' (3,359)
2026-09-28 05:44:27: Copy Over 'C:/rock/bannister/Bannister/obj/x64/Debug/net8.0-android/android/bin/classes/crc6477f0d89a9cfd64b1/SearchBarRenderer.class' -> 'goodrive://www.googleapis.com/:personal:/bannister/bannister/obj/x64/Debug/net8.0-android/android/bin/classes/crc6477f0d89a9cfd64b1/SearchBarRenderer.class' (2,813)
2026-09-28 05:44:27: Copy Over 'C:/rock/bannister/Bannister/obj/x64/Debug/net8.0-android/android/bin/classes/crc6477f0d89a9cfd64b1/SelectableItemsViewAdapter_2.class' -> 'goodrive://www.googleapis.com/:personal:/bannister/bannister/obj/x64/Debug/net8.0-android/android/bin/classes/crc6477f0d89a9cfd64b1/SelectableItemsViewAdapter_2.class' (2,120)
2026-09-28 05:44:28: Copy Over 'C:/rock/bannister/Bannister/obj/x64/Debug/net8.0-android/android/bin/classes/crc6477f0d89a9cfd64b1/SelectableItemsViewRenderer_3.class' -> 'goodrive://www.googleapis.com/:personal:/bannister/bannister/obj/x64/Debug/net8.0-android/android/bin/classes/crc6477f0d89a9cfd64b1/SelectableItemsViewRenderer_3.class' (2,109)
2026-09-28 05:44:30: Copy Over 'C:/rock/bannister/Bannister/obj/x64/Debug/net8.0-android/android/bin/classes/crc6477f0d89a9cfd64b1/SelectableViewHolder.class' -> 'goodrive://www.googleapis.com/:personal:/bannister/bannister/obj/x64/Debug/net8.0-android/android/bin/classes/crc6477f0d89a9cfd64b1/SelectableViewHolder.class' (1,825)
2026-09-28 05:44:30: Copy Over 'C:/rock/bannister/Bannister/obj/x64/Debug/net8.0-android/android/bin/classes/crc6477f0d89a9cfd64b1/ShapeRenderer_2.class' -> 'goodrive://www.googleapis.com/:personal:/bannister/bannister/obj/x64/Debug/net8.0-android/android/bin/classes/crc6477f0d89a9cfd64b1/ShapeRenderer_2.class' (2,052)
2026-09-28 05:44:32: Copy Over 'C:/rock/bannister/Bannister/obj/x64/Debug/net8.0-android/android/bin/classes/crc6477f0d89a9cfd64b1/ShapeView.class' -> 'goodrive://www.googleapis.com/:personal:/bannister/bannister/obj/x64/Debug/net8.0-android/android/bin/classes/crc6477f0d89a9cfd64b1/ShapeView.class' (2,571)
2026-09-28 05:44:33: Copy Over 'C:/rock/bannister/Bannister/obj/x64/Debug/net8.0-android/android/bin/classes/crc6477f0d89a9cfd64b1/SimpleViewHolder.class' -> 'goodrive://www.googleapis.com/:personal:/bannister/bannister/obj/x64/Debug/net8.0-android/android/bin/classes/crc6477f0d89a9cfd64b1/SimpleViewHolder.class' (1,475)
2026-09-28 05:44:34: Copy Over 'C:/rock/bannister/Bannister/obj/x64/Debug/net8.0-android/android/bin/classes/crc6477f0d89a9cfd64b1/SingleSnapHelper.class' -> 'goodrive://www.googleapis.com/:personal:/bannister/bannister/obj/x64/Debug/net8.0-android/android/bin/classes/crc6477f0d89a9cfd64b1/SingleSnapHelper.class' (2,150)
2026-09-28 05:44:35: Copy Over 'C:/rock/bannister/Bannister/obj/x64/Debug/net8.0-android/android/bin/classes/crc6477f0d89a9cfd64b1/SizedItemContentView.class' -> 'goodrive://www.googleapis.com/:personal:/bannister/bannister/obj/x64/Debug/net8.0-android/android/bin/classes/crc6477f0d89a9cfd64b1/SizedItemContentView.class' (2,568)
2026-09-28 05:44:37: Copy Over 'C:/rock/bannister/Bannister/obj/x64/Debug/net8.0-android/android/bin/classes/crc6477f0d89a9cfd64b1/SliderRenderer.class' -> 'goodrive://www.googleapis.com/:personal:/bannister/bannister/obj/x64/Debug/net8.0-android/android/bin/classes/crc6477f0d89a9cfd64b1/SliderRenderer.class' (3,427)
2026-09-28 05:44:37: Copy Over 'C:/rock/bannister/Bannister/obj/x64/Debug/net8.0-android/android/bin/classes/crc6477f0d89a9cfd64b1/SpacingItemDecoration.class' -> 'goodrive://www.googleapis.com/:personal:/bannister/bannister/obj/x64/Debug/net8.0-android/android/bin/classes/crc6477f0d89a9cfd64b1/SpacingItemDecoration.class' (2,035)
2026-09-28 05:44:38: Copy Over 'C:/rock/bannister/Bannister/obj/x64/Debug/net8.0-android/android/bin/classes/crc6477f0d89a9cfd64b1/StartSingleSnapHelper.class' -> 'goodrive://www.googleapis.com/:personal:/bannister/bannister/obj/x64/Debug/net8.0-android/android/bin/classes/crc6477f0d89a9cfd64b1/StartSingleSnapHelper.class' (1,885)
2026-09-28 05:44:41: Copy Over 'C:/rock/bannister/Bannister/obj/x64/Debug/net8.0-android/android/bin/classes/crc6477f0d89a9cfd64b1/StartSnapHelper.class' -> 'goodrive://www.googleapis.com/:personal:/bannister/bannister/obj/x64/Debug/net8.0-android/android/bin/classes/crc6477f0d89a9cfd64b1/StartSnapHelper.class' (2,215)
2026-09-28 05:44:41: Copy Over 'C:/rock/bannister/Bannister/obj/x64/Debug/net8.0-android/android/bin/classes/crc6477f0d89a9cfd64b1/StepperRenderer.class' -> 'goodrive://www.googleapis.com/:personal:/bannister/bannister/obj/x64/Debug/net8.0-android/android/bin/classes/crc6477f0d89a9cfd64b1/StepperRenderer.class' (2,052)
2026-09-28 05:44:42: Copy Over 'C:/rock/bannister/Bannister/obj/x64/Debug/net8.0-android/android/bin/classes/crc6477f0d89a9cfd64b1/StepperRendererManager_StepperListener.class' -> 'goodrive://www.googleapis.com/:personal:/bannister/bannister/obj/x64/Debug/net8.0-android/android/bin/classes/crc6477f0d89a9cfd64b1/StepperRendererManager_StepperListener.class' (1,708)
2026-09-28 05:44:44: Copy Over 'C:/rock/bannister/Bannister/obj/x64/Debug/net8.0-android/android/bin/classes/crc6477f0d89a9cfd64b1/StructuredItemsViewRenderer_3.class' -> 'goodrive://www.googleapis.com/:personal:/bannister/bannister/obj/x64/Debug/net8.0-android/android/bin/classes/crc6477f0d89a9cfd64b1/StructuredItemsViewRenderer_3.class' (2,099)
2026-09-28 05:44:44: Copy Over 'C:/rock/bannister/Bannister/obj/x64/Debug/net8.0-android/android/bin/classes/crc6477f0d89a9cfd64b1/StructuredItemsViewAdapter_2.class' -> 'goodrive://www.googleapis.com/:personal:/bannister/bannister/obj/x64/Debug/net8.0-android/android/bin/classes/crc6477f0d89a9cfd64b1/StructuredItemsViewAdapter_2.class' (2,300)
2026-09-28 05:44:46: Copy Over 'C:/rock/bannister/Bannister/obj/x64/Debug/net8.0-android/android/bin/classes/crc6477f0d89a9cfd64b1/SwipeViewRenderer.class' -> 'goodrive://www.googleapis.com/:personal:/bannister/bannister/obj/x64/Debug/net8.0-android/android/bin/classes/crc6477f0d89a9cfd64b1/SwipeViewRenderer.class' (2,880)
2026-09-28 05:44:47: Copy Over 'C:/rock/bannister/Bannister/obj/x64/Debug/net8.0-android/android/bin/classes/crc6477f0d89a9cfd64b1/TableViewModelRenderer.class' -> 'goodrive://www.googleapis.com/:personal:/bannister/bannister/obj/x64/Debug/net8.0-android/android/bin/classes/crc6477f0d89a9cfd64b1/TableViewModelRenderer.class' (2,656)
2026-09-28 05:44:47: Copy Over 'C:/rock/bannister/Bannister/obj/x64/Debug/net8.0-android/android/bin/classes/crc6477f0d89a9cfd64b1/TableViewRenderer.class' -> 'goodrive://www.googleapis.com/:personal:/bannister/bannister/obj/x64/Debug/net8.0-android/android/bin/classes/crc6477f0d89a9cfd64b1/TableViewRenderer.class' (2,221)
2026-09-28 05:44:50: Copy Over 'C:/rock/bannister/Bannister/obj/x64/Debug/net8.0-android/android/bin/classes/crc6477f0d89a9cfd64b1/TemplatedItemViewHolder.class' -> 'goodrive://www.googleapis.com/:personal:/bannister/bannister/obj/x64/Debug/net8.0-android/android/bin/classes/crc6477f0d89a9cfd64b1/TemplatedItemViewHolder.class' (1,395)
2026-09-28 05:44:50: Copy Over 'C:/rock/bannister/Bannister/obj/x64/Debug/net8.0-android/android/bin/classes/crc6477f0d89a9cfd64b1/TextCellRenderer_TextCellView.class' -> 'goodrive://www.googleapis.com/:personal:/bannister/bannister/obj/x64/Debug/net8.0-android/android/bin/classes/crc6477f0d89a9cfd64b1/TextCellRenderer_TextCellView.class' (2,450)
2026-09-28 05:44:51: Copy Over 'C:/rock/bannister/Bannister/obj/x64/Debug/net8.0-android/android/bin/classes/crc6477f0d89a9cfd64b1/TextViewHolder.class' -> 'goodrive://www.googleapis.com/:personal:/bannister/bannister/obj/x64/Debug/net8.0-android/android/bin/classes/crc6477f0d89a9cfd64b1/TextViewHolder.class' (1,368)
2026-09-28 05:44:53: Copy Over 'C:/rock/bannister/Bannister/obj/x64/Debug/net8.0-android/android/bin/classes/crc6477f0d89a9cfd64b1/TimePickerRenderer.class' -> 'goodrive://www.googleapis.com/:personal:/bannister/bannister/obj/x64/Debug/net8.0-android/android/bin/classes/crc6477f0d89a9cfd64b1/TimePickerRenderer.class' (2,071)
2026-09-28 05:44:54: Copy Over 'C:/rock/bannister/Bannister/obj/x64/Debug/net8.0-android/android/bin/classes/crc6477f0d89a9cfd64b1/TimePickerRendererBase_1.class' -> 'goodrive://www.googleapis.com/:personal:/bannister/bannister/obj/x64/Debug/net8.0-android/android/bin/classes/crc6477f0d89a9cfd64b1/TimePickerRendererBase_1.class' (2,566)
2026-09-28 05:44:54: Copy Over 'C:/rock/bannister/Bannister/obj/x64/Debug/net8.0-android/android/bin/classes/crc6477f0d89a9cfd64b1/ViewCellRenderer_ViewCellContainer.class' -> 'goodrive://www.googleapis.com/:personal:/bannister/bannister/obj/x64/Debug/net8.0-android/android/bin/classes/crc6477f0d89a9cfd64b1/ViewCellRenderer_ViewCellContainer.class' (3,217)
2026-09-28 05:44:56: Copy Over 'C:/rock/bannister/Bannister/obj/x64/Debug/net8.0-android/android/bin/classes/crc6477f0d89a9cfd64b1/ViewCellRenderer_ViewCellContainer_LongPressGestureListener.class' -> 'goodrive://www.googleapis.com/:personal:/bannister/bannister/obj/x64/Debug/net8.0-android/android/bin/classes/crc6477f0d89a9cfd64b1/ViewCellRenderer_ViewCellContainer_LongPressGestureListener.class' (3,573)
2026-09-28 05:44:57: Copy Over 'C:/rock/bannister/Bannister/obj/x64/Debug/net8.0-android/android/bin/classes/crc6477f0d89a9cfd64b1/ViewCellRenderer_ViewCellContainer_TapGestureListener.class' -> 'goodrive://www.googleapis.com/:personal:/bannister/bannister/obj/x64/Debug/net8.0-android/android/bin/classes/crc6477f0d89a9cfd64b1/ViewCellRenderer_ViewCellContainer_TapGestureListener.class' (3,555)
2026-09-28 05:44:58: Copy Over 'C:/rock/bannister/Bannister/obj/x64/Debug/net8.0-android/android/bin/classes/crc6477f0d89a9cfd64b1/ViewRenderer.class' -> 'goodrive://www.googleapis.com/:personal:/bannister/bannister/obj/x64/Debug/net8.0-android/android/bin/classes/crc6477f0d89a9cfd64b1/ViewRenderer.class' (2,043)
2026-09-28 05:44:59: Copy Over 'C:/rock/bannister/Bannister/obj/x64/Debug/net8.0-android/android/bin/classes/crc6477f0d89a9cfd64b1/ViewRenderer_2.class' -> 'goodrive://www.googleapis.com/:personal:/bannister/bannister/obj/x64/Debug/net8.0-android/android/bin/classes/crc6477f0d89a9cfd64b1/ViewRenderer_2.class' (2,665)
2026-09-28 05:45:01: Copy Over 'C:/rock/bannister/Bannister/obj/x64/Debug/net8.0-android/android/bin/classes/crc6477f0d89a9cfd64b1/VisualElementRenderer_1.class' -> 'goodrive://www.googleapis.com/:personal:/bannister/bannister/obj/x64/Debug/net8.0-android/android/bin/classes/crc6477f0d89a9cfd64b1/VisualElementRenderer_1.class' (3,176)
2026-09-28 05:45:02: Copy Over 'C:/rock/bannister/Bannister/obj/x64/Debug/net8.0-android/android/bin/classes/crc6477f0d89a9cfd64b1/VisualElementTracker_AttachTracker.class' -> 'goodrive://www.googleapis.com/:personal:/bannister/bannister/obj/x64/Debug/net8.0-android/android/bin/classes/crc6477f0d89a9cfd64b1/VisualElementTracker_AttachTracker.class' (2,143)
2026-09-28 05:45:03: Copy Over 'C:/rock/bannister/Bannister/obj/x64/Debug/net8.0-android/android/bin/classes/crc6477f0d89a9cfd64b1/WebViewRenderer.class' -> 'goodrive://www.googleapis.com/:personal:/bannister/bannister/obj/x64/Debug/net8.0-android/android/bin/classes/crc6477f0d89a9cfd64b1/WebViewRenderer.class' (2,052)
2026-09-28 05:45:05: Copy Over 'C:/rock/bannister/Bannister/obj/x64/Debug/net8.0-android/android/bin/classes/crc6477f0d89a9cfd64b1/WebViewRenderer_JavascriptResult.class' -> 'goodrive://www.googleapis.com/:personal:/bannister/bannister/obj/x64/Debug/net8.0-android/android/bin/classes/crc6477f0d89a9cfd64b1/WebViewRenderer_JavascriptResult.class' (1,608)
2026-09-28 05:45:05: Copy Over 'C:/rock/bannister/Bannister/obj/x64/Debug/net8.0-android/android/bin/classes/crc648afdc667cfb0dccb/ButtonRenderer.class' -> 'goodrive://www.googleapis.com/:personal:/bannister/bannister/obj/x64/Debug/net8.0-android/android/bin/classes/crc648afdc667cfb0dccb/ButtonRenderer.class' (3,843)
2026-09-28 05:45:06: Copy Over 'C:/rock/bannister/Bannister/obj/x64/Debug/net8.0-android/android/bin/classes/crc648fc34c62be8fbbff/Snackbar_SnackbarCallback.class' -> 'goodrive://www.googleapis.com/:personal:/bannister/bannister/obj/x64/Debug/net8.0-android/android/bin/classes/crc648fc34c62be8fbbff/Snackbar_SnackbarCallback.class' (1,765)
2026-09-28 05:45:08: Copy Over 'C:/rock/bannister/Bannister/obj/x64/Debug/net8.0-android/android/bin/classes/crc648afdc667cfb0dccb/CarouselPageRenderer.class' -> 'goodrive://www.googleapis.com/:personal:/bannister/bannister/obj/x64/Debug/net8.0-android/android/bin/classes/crc648afdc667cfb0dccb/CarouselPageRenderer.class' (3,525)
2026-09-28 05:45:09: Copy Over 'C:/rock/bannister/Bannister/obj/x64/Debug/net8.0-android/android/bin/classes/crc648afdc667cfb0dccb/FormsFragmentPagerAdapter_1.class' -> 'goodrive://www.googleapis.com/:personal:/bannister/bannister/obj/x64/Debug/net8.0-android/android/bin/classes/crc648afdc667cfb0dccb/FormsFragmentPagerAdapter_1.class' (2,965)
2026-09-28 05:45:10: Copy Over 'C:/rock/bannister/Bannister/obj/x64/Debug/net8.0-android/android/bin/classes/crc648afdc667cfb0dccb/FormsViewPager.class' -> 'goodrive://www.googleapis.com/:personal:/bannister/bannister/obj/x64/Debug/net8.0-android/android/bin/classes/crc648afdc667cfb0dccb/FormsViewPager.class' (1,681)
2026-09-28 05:45:12: Copy Over 'C:/rock/bannister/Bannister/obj/x64/Debug/net8.0-android/android/bin/classes/crc648afdc667cfb0dccb/FragmentContainer.class' -> 'goodrive://www.googleapis.com/:personal:/bannister/bannister/obj/x64/Debug/net8.0-android/android/bin/classes/crc648afdc667cfb0dccb/FragmentContainer.class' (2,456)
2026-09-28 05:45:13: Copy Over 'C:/rock/bannister/Bannister/obj/x64/Debug/net8.0-android/android/bin/classes/crc648afdc667cfb0dccb/FrameRenderer.class' -> 'goodrive://www.googleapis.com/:personal:/bannister/bannister/obj/x64/Debug/net8.0-android/android/bin/classes/crc648afdc667cfb0dccb/FrameRenderer.class' (2,055)
2026-09-28 05:45:14: Copy Over 'C:/rock/bannister/Bannister/obj/x64/Debug/net8.0-android/android/bin/classes/crc648afdc667cfb0dccb/NavigationPageRenderer.class' -> 'goodrive://www.googleapis.com/:personal:/bannister/bannister/obj/x64/Debug/net8.0-android/android/bin/classes/crc648afdc667cfb0dccb/NavigationPageRenderer.class' (2,987)
2026-09-28 05:45:15: Copy Over 'C:/rock/bannister/Bannister/obj/x64/Debug/net8.0-android/android/bin/classes/crc648afdc667cfb0dccb/NavigationPageRenderer_ClickListener.class' -> 'goodrive://www.googleapis.com/:personal:/bannister/bannister/obj/x64/Debug/net8.0-android/android/bin/classes/crc648afdc667cfb0dccb/NavigationPageRenderer_ClickListener.class' (1,712)
2026-09-28 05:45:17: Copy Over 'C:/rock/bannister/Bannister/obj/x64/Debug/net8.0-android/android/bin/classes/crc648afdc667cfb0dccb/NavigationPageRenderer_Container.class' -> 'goodrive://www.googleapis.com/:personal:/bannister/bannister/obj/x64/Debug/net8.0-android/android/bin/classes/crc648afdc667cfb0dccb/NavigationPageRenderer_Container.class' (2,751)
2026-09-28 05:45:17: Copy Over 'C:/rock/bannister/Bannister/obj/x64/Debug/net8.0-android/android/bin/classes/crc648afdc667cfb0dccb/NavigationPageRenderer_DrawerMultiplexedListener.class' -> 'goodrive://www.googleapis.com/:personal:/bannister/bannister/obj/x64/Debug/net8.0-android/android/bin/classes/crc648afdc667cfb0dccb/NavigationPageRenderer_DrawerMultiplexedListener.class' (2,675)
2026-09-28 05:45:19: Copy Over 'C:/rock/bannister/Bannister/obj/x64/Debug/net8.0-android/android/bin/classes/crc648afdc667cfb0dccb/PickerRenderer.class' -> 'goodrive://www.googleapis.com/:personal:/bannister/bannister/obj/x64/Debug/net8.0-android/android/bin/classes/crc648afdc667cfb0dccb/PickerRenderer.class' (2,065)
2026-09-28 05:45:20: Copy Over 'C:/rock/bannister/Bannister/obj/x64/Debug/net8.0-android/android/bin/classes/crc648afdc667cfb0dccb/SwitchRenderer.class' -> 'goodrive://www.googleapis.com/:personal:/bannister/bannister/obj/x64/Debug/net8.0-android/android/bin/classes/crc648afdc667cfb0dccb/SwitchRenderer.class' (2,603)
2026-09-28 05:45:20: Copy Over 'C:/rock/bannister/Bannister/obj/x64/Debug/net8.0-android/android/bin/classes/crc648afdc667cfb0dccb/PickerRendererBase_1.class' -> 'goodrive://www.googleapis.com/:personal:/bannister/bannister/obj/x64/Debug/net8.0-android/android/bin/classes/crc648afdc667cfb0dccb/PickerRendererBase_1.class' (2,077)
2026-09-28 05:45:23: Copy Over 'C:/rock/bannister/Bannister/obj/x64/Debug/net8.0-android/android/bin/classes/crc648afdc667cfb0dccb/TabbedPageRenderer.class' -> 'goodrive://www.googleapis.com/:personal:/bannister/bannister/obj/x64/Debug/net8.0-android/android/bin/classes/crc648afdc667cfb0dccb/TabbedPageRenderer.class' (5,403)
2026-09-28 05:45:24: Copy Over 'C:/rock/bannister/Bannister/obj/x64/Debug/net8.0-android/android/bin/classes/crc648afdc667cfb0dccb/ViewRenderer_2.class' -> 'goodrive://www.googleapis.com/:personal:/bannister/bannister/obj/x64/Debug/net8.0-android/android/bin/classes/crc648afdc667cfb0dccb/ViewRenderer_2.class' (2,059)
2026-09-28 05:45:25: Copy Over 'C:/rock/bannister/Bannister/obj/x64/Debug/net8.0-android/android/bin/classes/crc6493855b22b6fa0721/TextToSpeechInternalImplementation.class' -> 'goodrive://www.googleapis.com/:personal:/bannister/bannister/obj/x64/Debug/net8.0-android/android/bin/classes/crc6493855b22b6fa0721/TextToSpeechInternalImplementation.class' (2,108)
2026-09-28 05:45:26: Copy Over 'C:/rock/bannister/Bannister/obj/x64/Debug/net8.0-android/android/bin/classes/crc649ff77a65592e7d55/TabbedPageManager_Listeners.class' -> 'goodrive://www.googleapis.com/:personal:/bannister/bannister/obj/x64/Debug/net8.0-android/android/bin/classes/crc649ff77a65592e7d55/TabbedPageManager_Listeners.class' (4,023)
2026-09-28 05:45:27: Copy Over 'C:/rock/bannister/Bannister/obj/x64/Debug/net8.0-android/android/bin/classes/crc649ff77a65592e7d55/TabbedPageManager_TempView.class' -> 'goodrive://www.googleapis.com/:personal:/bannister/bannister/obj/x64/Debug/net8.0-android/android/bin/classes/crc649ff77a65592e7d55/TabbedPageManager_TempView.class' (2,388)
2026-09-28 05:45:29: Copy Over 'C:/rock/bannister/Bannister/obj/x64/Debug/net8.0-android/android/bin/classes/crc64a096dc44ad241142/PlatformTicker_DurationScaleListener.class' -> 'goodrive://www.googleapis.com/:personal:/bannister/bannister/obj/x64/Debug/net8.0-android/android/bin/classes/crc64a096dc44ad241142/PlatformTicker_DurationScaleListener.class' (1,681)
2026-09-28 05:45:30: Copy Over 'C:/rock/bannister/Bannister/obj/x64/Debug/net8.0-android/android/bin/classes/crc64a25b61d9f8ee364f/FloatArrayEvaluator.class' -> 'goodrive://www.googleapis.com/:personal:/bannister/bannister/obj/x64/Debug/net8.0-android/android/bin/classes/crc64a25b61d9f8ee364f/FloatArrayEvaluator.class' (1,620)
2026-09-28 05:45:31: Copy Over 'C:/rock/bannister/Bannister/obj/x64/Debug/net8.0-android/android/bin/classes/crc64a25b61d9f8ee364f/RectEvaluator.class' -> 'goodrive://www.googleapis.com/:personal:/bannister/bannister/obj/x64/Debug/net8.0-android/android/bin/classes/crc64a25b61d9f8ee364f/RectEvaluator.class' (1,602)
2026-09-28 05:45:32: Copy Over 'C:/rock/bannister/Bannister/obj/x64/Debug/net8.0-android/android/bin/classes/crc64a25b61d9f8ee364f/TransitionUtils.class' -> 'goodrive://www.googleapis.com/:personal:/bannister/bannister/obj/x64/Debug/net8.0-android/android/bin/classes/crc64a25b61d9f8ee364f/TransitionUtils.class' (1,180)
2026-09-28 05:45:33: Copy Over 'C:/rock/bannister/Bannister/obj/x64/Debug/net8.0-android/android/bin/classes/crc64a25b61d9f8ee364f/TransitionUtils_MatrixEvaluator.class' -> 'goodrive://www.googleapis.com/:personal:/bannister/bannister/obj/x64/Debug/net8.0-android/android/bin/classes/crc64a25b61d9f8ee364f/TransitionUtils_MatrixEvaluator.class' (1,656)
2026-09-28 05:45:35: Copy Over 'C:/rock/bannister/Bannister/obj/x64/Debug/net8.0-android/android/bin/classes/crc64b5e713d400f589b7/LinearGradientShaderFactory.class' -> 'goodrive://www.googleapis.com/:personal:/bannister/bannister/obj/x64/Debug/net8.0-android/android/bin/classes/crc64b5e713d400f589b7/LinearGradientShaderFactory.class' (1,537)
2026-09-28 05:45:36: Copy Over 'C:/rock/bannister/Bannister/obj/x64/Debug/net8.0-android/android/bin/classes/crc64ba438d8f48cf7e75/ActivityLifecycleContextListener.class' -> 'goodrive://www.googleapis.com/:personal:/bannister/bannister/obj/x64/Debug/net8.0-android/android/bin/classes/crc64ba438d8f48cf7e75/ActivityLifecycleContextListener.class' (8,925)
2026-09-28 05:45:37: Copy Over 'C:/rock/bannister/Bannister/obj/x64/Debug/net8.0-android/android/bin/classes/crc64ba438d8f48cf7e75/IntermediateActivity.class' -> 'goodrive://www.googleapis.com/:personal:/bannister/bannister/obj/x64/Debug/net8.0-android/android/bin/classes/crc64ba438d8f48cf7e75/IntermediateActivity.class' (1,874)
2026-09-28 05:45:38: Copy Over 'C:/rock/bannister/Bannister/obj/x64/Debug/net8.0-android/android/bin/classes/crc64b5e713d400f589b7/MauiDrawable.class' -> 'goodrive://www.googleapis.com/:personal:/bannister/bannister/obj/x64/Debug/net8.0-android/android/bin/classes/crc64b5e713d400f589b7/MauiDrawable.class' (2,262)
2026-09-28 05:45:40: Copy Over 'C:/rock/bannister/Bannister/obj/x64/Debug/net8.0-android/android/bin/classes/crc64b5e713d400f589b7/RadialGradientShaderFactory.class' -> 'goodrive://www.googleapis.com/:personal:/bannister/bannister/obj/x64/Debug/net8.0-android/android/bin/classes/crc64b5e713d400f589b7/RadialGradientShaderFactory.class' (1,537)
2026-09-28 05:45:41: Copy Over 'C:/rock/bannister/Bannister/obj/x64/Debug/net8.0-android/android/bin/classes/crc64d6358e7bf64fbac4/SpeechToTextImplementation_SpeechRecognitionListener.class' -> 'goodrive://www.googleapis.com/:personal:/bannister/bannister/obj/x64/Debug/net8.0-android/android/bin/classes/crc64d6358e7bf64fbac4/SpeechToTextImplementation_SpeechRecognitionListener.class' (4,786)
2026-09-28 05:45:42: Copy Over 'C:/rock/bannister/Bannister/obj/x64/Debug/net8.0-android/android/bin/classes/crc64e1fb321c08285b90/BaseCellView.class' -> 'goodrive://www.googleapis.com/:personal:/bannister/bannister/obj/x64/Debug/net8.0-android/android/bin/classes/crc64e1fb321c08285b90/BaseCellView.class' (2,370)
2026-09-28 05:45:44: Copy Over 'C:/rock/bannister/Bannister/obj/x64/Debug/net8.0-android/android/bin/classes/crc64e1fb321c08285b90/CellAdapter.class' -> 'goodrive://www.googleapis.com/:personal:/bannister/bannister/obj/x64/Debug/net8.0-android/android/bin/classes/crc64e1fb321c08285b90/CellAdapter.class' (5,645)
2026-09-28 05:45:44: Copy Over 'C:/rock/bannister/Bannister/obj/x64/Debug/net8.0-android/android/bin/classes/crc64e1fb321c08285b90/CellRenderer_RendererHolder.class' -> 'goodrive://www.googleapis.com/:personal:/bannister/bannister/obj/x64/Debug/net8.0-android/android/bin/classes/crc64e1fb321c08285b90/CellRenderer_RendererHolder.class' (1,238)
2026-09-28 05:45:45: Copy Over 'C:/rock/bannister/Bannister/obj/x64/Debug/net8.0-android/android/bin/classes/crc64e1fb321c08285b90/ConditionalFocusLayout.class' -> 'goodrive://www.googleapis.com/:personal:/bannister/bannister/obj/x64/Debug/net8.0-android/android/bin/classes/crc64e1fb321c08285b90/ConditionalFocusLayout.class' (2,884)
2026-09-28 05:45:47: Copy Over 'C:/rock/bannister/Bannister/obj/x64/Debug/net8.0-android/android/bin/classes/crc64e1fb321c08285b90/EntryCellEditText.class' -> 'goodrive://www.googleapis.com/:personal:/bannister/bannister/obj/x64/Debug/net8.0-android/android/bin/classes/crc64e1fb321c08285b90/EntryCellEditText.class' (2,487)
2026-09-28 05:45:47: Copy Over 'C:/rock/bannister/Bannister/obj/x64/Debug/net8.0-android/android/bin/classes/crc64e1fb321c08285b90/EntryCellView.class' -> 'goodrive://www.googleapis.com/:personal:/bannister/bannister/obj/x64/Debug/net8.0-android/android/bin/classes/crc64e1fb321c08285b90/EntryCellView.class' (4,424)
2026-09-28 05:45:49: Copy Over 'C:/rock/bannister/Bannister/obj/x64/Debug/net8.0-android/android/bin/classes/crc64e1fb321c08285b90/FrameRenderer.class' -> 'goodrive://www.googleapis.com/:personal:/bannister/bannister/obj/x64/Debug/net8.0-android/android/bin/classes/crc64e1fb321c08285b90/FrameRenderer.class' (2,893)
2026-09-28 05:45:50: Copy Over 'C:/rock/bannister/Bannister/obj/x64/Debug/net8.0-android/android/bin/classes/crc64e1fb321c08285b90/GroupedListViewAdapter.class' -> 'goodrive://www.googleapis.com/:personal:/bannister/bannister/obj/x64/Debug/net8.0-android/android/bin/classes/crc64e1fb321c08285b90/GroupedListViewAdapter.class' (2,364)
2026-09-28 05:45:50: Copy Over 'C:/rock/bannister/Bannister/obj/x64/Debug/net8.0-android/android/bin/classes/crc64e1fb321c08285b90/ListViewAdapter.class' -> 'goodrive://www.googleapis.com/:personal:/bannister/bannister/obj/x64/Debug/net8.0-android/android/bin/classes/crc64e1fb321c08285b90/ListViewAdapter.class' (2,906)
2026-09-28 05:45:53: Copy Over 'C:/rock/bannister/Bannister/obj/x64/Debug/net8.0-android/android/bin/classes/crc64e1fb321c08285b90/ListViewRenderer.class' -> 'goodrive://www.googleapis.com/:personal:/bannister/bannister/obj/x64/Debug/net8.0-android/android/bin/classes/crc64e1fb321c08285b90/ListViewRenderer.class' (2,877)
2026-09-28 05:45:54: Copy Over 'C:/rock/bannister/Bannister/obj/x64/Debug/net8.0-android/android/bin/classes/crc64e1fb321c08285b90/ListViewRenderer_Container.class' -> 'goodrive://www.googleapis.com/:personal:/bannister/bannister/obj/x64/Debug/net8.0-android/android/bin/classes/crc64e1fb321c08285b90/ListViewRenderer_Container.class' (2,701)
2026-09-28 05:45:54: Copy Over 'C:/rock/bannister/Bannister/obj/x64/Debug/net8.0-android/android/bin/classes/crc64e1fb321c08285b90/ListViewRenderer_ListViewScrollDetector.class' -> 'goodrive://www.googleapis.com/:personal:/bannister/bannister/obj/x64/Debug/net8.0-android/android/bin/classes/crc64e1fb321c08285b90/ListViewRenderer_ListViewScrollDetector.class' (2,435)
2026-09-28 05:45:56: Copy Over 'C:/rock/bannister/Bannister/obj/x64/Debug/net8.0-android/android/bin/classes/crc64e1fb321c08285b90/ListViewRenderer_ListViewSwipeRefreshLayoutListener.class' -> 'goodrive://www.googleapis.com/:personal:/bannister/bannister/obj/x64/Debug/net8.0-android/android/bin/classes/crc64e1fb321c08285b90/ListViewRenderer_ListViewSwipeRefreshLayoutListener.class' (2,034)
2026-09-28 05:45:57: Copy Over 'C:/rock/bannister/Bannister/obj/x64/Debug/net8.0-android/android/bin/classes/crc64e1fb321c08285b90/ListViewRenderer_SwipeRefreshLayoutWithFixedNestedScrolling.class' -> 'goodrive://www.googleapis.com/:personal:/bannister/bannister/obj/x64/Debug/net8.0-android/android/bin/classes/crc64e1fb321c08285b90/ListViewRenderer_SwipeRefreshLayoutWithFixedNestedScrolling.class' (2,823)
2026-09-28 05:45:58: Copy Over 'C:/rock/bannister/Bannister/obj/x64/Debug/net8.0-android/android/bin/classes/crc64e1fb321c08285b90/SwitchCellView.class' -> 'goodrive://www.googleapis.com/:personal:/bannister/bannister/obj/x64/Debug/net8.0-android/android/bin/classes/crc64e1fb321c08285b90/SwitchCellView.class' (2,927)
2026-09-28 05:45:59: Copy Over 'C:/rock/bannister/Bannister/obj/x64/Debug/net8.0-android/android/bin/classes/crc64e1fb321c08285b90/TableViewModelRenderer.class' -> 'goodrive://www.googleapis.com/:personal:/bannister/bannister/obj/x64/Debug/net8.0-android/android/bin/classes/crc64e1fb321c08285b90/TableViewModelRenderer.class' (2,792)
2026-09-28 05:46:01: Copy Over 'C:/rock/bannister/Bannister/obj/x64/Debug/net8.0-android/android/bin/classes/crc64e1fb321c08285b90/TableViewRenderer.class' -> 'goodrive://www.googleapis.com/:personal:/bannister/bannister/obj/x64/Debug/net8.0-android/android/bin/classes/crc64e1fb321c08285b90/TableViewRenderer.class' (2,699)
2026-09-28 05:46:02: Copy Over 'C:/rock/bannister/Bannister/obj/x64/Debug/net8.0-android/android/bin/classes/crc64e1fb321c08285b90/TextCellRenderer_TextCellView.class' -> 'goodrive://www.googleapis.com/:personal:/bannister/bannister/obj/x64/Debug/net8.0-android/android/bin/classes/crc64e1fb321c08285b90/TextCellRenderer_TextCellView.class' (2,428)
2026-09-28 05:46:02: Copy Over 'C:/rock/bannister/Bannister/obj/x64/Debug/net8.0-android/android/bin/classes/crc64e1fb321c08285b90/ViewCellRenderer_ViewCellContainer.class' -> 'goodrive://www.googleapis.com/:personal:/bannister/bannister/obj/x64/Debug/net8.0-android/android/bin/classes/crc64e1fb321c08285b90/ViewCellRenderer_ViewCellContainer.class' (3,379)
2026-09-28 05:46:05: Copy Over 'C:/rock/bannister/Bannister/obj/x64/Debug/net8.0-android/android/bin/classes/crc64e1fb321c08285b90/ViewCellRenderer_ViewCellContainer_LongPressGestureListener.class' -> 'goodrive://www.googleapis.com/:personal:/bannister/bannister/obj/x64/Debug/net8.0-android/android/bin/classes/crc64e1fb321c08285b90/ViewCellRenderer_ViewCellContainer_LongPressGestureListener.class' (3,551)
2026-09-28 05:46:05: Copy Over 'C:/rock/bannister/Bannister/obj/x64/Debug/net8.0-android/android/bin/classes/crc64e1fb321c08285b90/ViewCellRenderer_ViewCellContainer_TapGestureListener.class' -> 'goodrive://www.googleapis.com/:personal:/bannister/bannister/obj/x64/Debug/net8.0-android/android/bin/classes/crc64e1fb321c08285b90/ViewCellRenderer_ViewCellContainer_TapGestureListener.class' (3,533)
2026-09-28 05:46:06: Copy Over 'C:/rock/bannister/Bannister/obj/x64/Debug/net8.0-android/android/bin/classes/crc64e1fb321c08285b90/ViewRenderer.class' -> 'goodrive://www.googleapis.com/:personal:/bannister/bannister/obj/x64/Debug/net8.0-android/android/bin/classes/crc64e1fb321c08285b90/ViewRenderer.class' (2,379)
2026-09-28 05:46:08: Copy Over 'C:/rock/bannister/Bannister/obj/x64/Debug/net8.0-android/android/bin/classes/crc64e1fb321c08285b90/ViewRenderer_2.class' -> 'goodrive://www.googleapis.com/:personal:/bannister/bannister/obj/x64/Debug/net8.0-android/android/bin/classes/crc64e1fb321c08285b90/ViewRenderer_2.class' (2,394)
2026-09-28 05:46:09: Copy Over 'C:/rock/bannister/Bannister/obj/x64/Debug/net8.0-android/android/bin/classes/crc64e1fb321c08285b90/VisualElementRenderer_1.class' -> 'goodrive://www.googleapis.com/:personal:/bannister/bannister/obj/x64/Debug/net8.0-android/android/bin/classes/crc64e1fb321c08285b90/VisualElementRenderer_1.class' (2,692)
2026-09-28 05:46:09: Copy Over 'C:/rock/bannister/Bannister/obj/x64/Debug/net8.0-android/android/bin/classes/crc64e53d2f592022988e/ConnectivityBroadcastReceiver.class' -> 'goodrive://www.googleapis.com/:personal:/bannister/bannister/obj/x64/Debug/net8.0-android/android/bin/classes/crc64e53d2f592022988e/ConnectivityBroadcastReceiver.class' (1,553)
2026-09-28 05:46:11: Copy Over 'C:/rock/bannister/Bannister/obj/x64/Debug/net8.0-android/android/bin/classes/crc64f62664462a8937a9/AccelerometerListener.class' -> 'goodrive://www.googleapis.com/:personal:/bannister/bannister/obj/x64/Debug/net8.0-android/android/bin/classes/crc64f62664462a8937a9/AccelerometerListener.class' (1,979)
2026-09-28 05:46:12: Copy Over 'C:/rock/bannister/Bannister/obj/x64/Debug/net8.0-android/android/bin/classes/crc64f62664462a8937a9/BarometerListener.class' -> 'goodrive://www.googleapis.com/:personal:/bannister/bannister/obj/x64/Debug/net8.0-android/android/bin/classes/crc64f62664462a8937a9/BarometerListener.class' (1,967)
2026-09-28 05:46:14: Copy Over 'C:/rock/bannister/Bannister/obj/x64/Debug/net8.0-android/android/bin/classes/crc64f62664462a8937a9/ContinuousLocationListener.class' -> 'goodrive://www.googleapis.com/:personal:/bannister/bannister/obj/x64/Debug/net8.0-android/android/bin/classes/crc64f62664462a8937a9/ContinuousLocationListener.class' (2,928)
2026-09-28 05:46:15: Copy Over 'C:/rock/bannister/Bannister/obj/x64/Debug/net8.0-android/android/bin/classes/crc64f62664462a8937a9/GyroscopeListener.class' -> 'goodrive://www.googleapis.com/:personal:/bannister/bannister/obj/x64/Debug/net8.0-android/android/bin/classes/crc64f62664462a8937a9/GyroscopeListener.class' (1,967)
2026-09-28 05:46:16: Copy Over 'C:/rock/bannister/Bannister/obj/x64/Debug/net8.0-android/android/bin/classes/crc64f62664462a8937a9/MagnetometerListener.class' -> 'goodrive://www.googleapis.com/:personal:/bannister/bannister/obj/x64/Debug/net8.0-android/android/bin/classes/crc64f62664462a8937a9/MagnetometerListener.class' (1,976)
2026-09-28 05:46:17: Copy Over 'C:/rock/bannister/Bannister/obj/x64/Debug/net8.0-android/android/bin/classes/crc64f62664462a8937a9/OrientationSensorListener.class' -> 'goodrive://www.googleapis.com/:personal:/bannister/bannister/obj/x64/Debug/net8.0-android/android/bin/classes/crc64f62664462a8937a9/OrientationSensorListener.class' (1,991)
2026-09-28 05:46:18: Copy Over 'C:/rock/bannister/Bannister/obj/x64/Debug/net8.0-android/android/bin/classes/crc64f62664462a8937a9/SensorListener.class' -> 'goodrive://www.googleapis.com/:personal:/bannister/bannister/obj/x64/Debug/net8.0-android/android/bin/classes/crc64f62664462a8937a9/SensorListener.class' (1,958)
2026-09-28 05:46:20: Copy Over 'C:/rock/bannister/Bannister/obj/x64/Debug/net8.0-android/android/bin/classes/crc64f62664462a8937a9/SingleLocationListener.class' -> 'goodrive://www.googleapis.com/:personal:/bannister/bannister/obj/x64/Debug/net8.0-android/android/bin/classes/crc64f62664462a8937a9/SingleLocationListener.class' (2,916)
2026-09-28 05:46:20: Copy Over 'C:/rock/bannister/Bannister/obj/x64/Debug/net8.0-android/android/bin/classes/crc64e53d2f592022988e/ConnectivityImplementation_EssentialsNetworkCallback.class' -> 'goodrive://www.googleapis.com/:personal:/bannister/bannister/obj/x64/Debug/net8.0-android/android/bin/classes/crc64e53d2f592022988e/ConnectivityImplementation_EssentialsNetworkCallback.class' (3,060)
2026-09-28 05:46:22: Copy Over 'C:/rock/bannister/Bannister/obj/x64/Debug/net8.0-android/android/bin/classes/crc64f6cd8863fe06af2a/AppMain_AndroidUncaughtHandler.class' -> 'goodrive://www.googleapis.com/:personal:/bannister/bannister/obj/x64/Debug/net8.0-android/android/bin/classes/crc64f6cd8863fe06af2a/AppMain_AndroidUncaughtHandler.class' (1,735)
2026-09-28 05:46:23: Copy Over 'C:/rock/bannister/Bannister/obj/x64/Debug/net8.0-android/android/bin/classes/crc64f728827fec74e9c3/TapWindowTracker_GestureListener.class' -> 'goodrive://www.googleapis.com/:personal:/bannister/bannister/obj/x64/Debug/net8.0-android/android/bin/classes/crc64f728827fec74e9c3/TapWindowTracker_GestureListener.class' (3,634)
2026-09-28 05:46:24: Copy Over 'C:/rock/bannister/Bannister/obj/x64/Debug/net8.0-android/android/bin/classes/crc64f728827fec74e9c3/Toolbar_Container.class' -> 'goodrive://www.googleapis.com/:personal:/bannister/bannister/obj/x64/Debug/net8.0-android/android/bin/classes/crc64f728827fec74e9c3/Toolbar_Container.class' (2,651)
2026-09-28 05:46:26: Copy Over 'C:/rock/bannister/Bannister/obj/x64/Debug/net8.0-android/android/bin/classes/crc64f6cd8863fe06af2a/MainActivity.class' -> 'goodrive://www.googleapis.com/:personal:/bannister/bannister/obj/x64/Debug/net8.0-android/android/bin/classes/crc64f6cd8863fe06af2a/MainActivity.class' (1,421)
2026-09-28 05:46:27: Copy Over 'C:/rock/bannister/Bannister/obj/x64/Debug/net8.0-android/android/bin/classes/crc64f6cd8863fe06af2a/MainApplication.class' -> 'goodrive://www.googleapis.com/:personal:/bannister/bannister/obj/x64/Debug/net8.0-android/android/bin/classes/crc64f6cd8863fe06af2a/MainApplication.class' (881)
2026-09-28 05:46:28: Copy Over 'C:/rock/bannister/Bannister/obj/x64/Debug/net8.0-android/android/bin/classes/crc64fcf28c0e24b4cc31/ButtonHandler_ButtonClickListener.class' -> 'goodrive://www.googleapis.com/:personal:/bannister/bannister/obj/x64/Debug/net8.0-android/android/bin/classes/crc64fcf28c0e24b4cc31/ButtonHandler_ButtonClickListener.class' (1,639)
2026-09-28 05:46:29: Copy Over 'C:/rock/bannister/Bannister/obj/x64/Debug/net8.0-android/android/bin/classes/crc64fcf28c0e24b4cc31/ButtonHandler_ButtonTouchListener.class' -> 'goodrive://www.googleapis.com/:personal:/bannister/bannister/obj/x64/Debug/net8.0-android/android/bin/classes/crc64fcf28c0e24b4cc31/ButtonHandler_ButtonTouchListener.class' (1,714)
2026-09-28 05:46:30: Copy Over 'C:/rock/bannister/Bannister/obj/x64/Debug/net8.0-android/android/bin/classes/microsoft/maui/essentials/fileProvider.class' -> 'goodrive://www.googleapis.com/:personal:/bannister/bannister/obj/x64/Debug/net8.0-android/android/bin/classes/microsoft/maui/essentials/fileProvider.class' (1,445)
2026-09-28 05:46:31: Copy Over 'C:/rock/bannister/Bannister/obj/x64/Debug/net8.0-android/android/bin/classes/microsoft/maui/platform/MauiNavHostFragment.class' -> 'goodrive://www.googleapis.com/:personal:/bannister/bannister/obj/x64/Debug/net8.0-android/android/bin/classes/microsoft/maui/platform/MauiNavHostFragment.class' (1,234)
2026-09-28 05:46:33: Copy Over 'C:/rock/bannister/Bannister/obj/x64/Debug/net8.0-android/android/bin/classes/crc64fcf28c0e24b4cc31/SearchBarHandler_FocusChangeListener.class' -> 'goodrive://www.googleapis.com/:personal:/bannister/bannister/obj/x64/Debug/net8.0-android/android/bin/classes/crc64fcf28c0e24b4cc31/SearchBarHandler_FocusChangeListener.class' (1,694)
2026-09-28 05:46:34: Copy Over 'C:/rock/bannister/Bannister/obj/x64/Debug/net8.0-android/android/bin/classes/crc64fcf28c0e24b4cc31/SliderHandler_SeekBarChangeListener.class' -> 'goodrive://www.googleapis.com/:personal:/bannister/bannister/obj/x64/Debug/net8.0-android/android/bin/classes/crc64fcf28c0e24b4cc31/SliderHandler_SeekBarChangeListener.class' (2,462)
2026-09-28 05:46:34: > Copy Over 'C:/rock/bannister/Bannister/obj/x64/Debug/net8.0-android/android/bin/classes.zip' -> 'goodrive://www.googleapis.com/:personal:/bannister/bannister/obj/x64/Debug/net8.0-android/android/bin/classes.zip' (2,906,126)
2026-09-28 05:46:35: Copy Over 'C:/rock/bannister/Bannister/obj/x64/Debug/net8.0-android/android/bin/classes/crc64fcf28c0e24b4cc31/SwitchHandler_CheckedChangeListener.class' -> 'goodrive://www.googleapis.com/:personal:/bannister/bannister/obj/x64/Debug/net8.0-android/android/bin/classes/crc64fcf28c0e24b4cc31/SwitchHandler_CheckedChangeListener.class' (1,780)
2026-09-28 05:46:36: Copy Over 'C:/rock/bannister/Bannister/obj/x64/Debug/net8.0-android/android/bin/classes/crc64fcf28c0e24b4cc31/ToolbarHandler_ProcessBackClick.class' -> 'goodrive://www.googleapis.com/:personal:/bannister/bannister/obj/x64/Debug/net8.0-android/android/bin/classes/crc64fcf28c0e24b4cc31/ToolbarHandler_ProcessBackClick.class' (1,633)
2026-09-28 05:46:38: < Copy Over 'C:/rock/bannister/Bannister/obj/x64/Debug/net8.0-android/android/bin/classes.zip' -> 'goodrive://www.googleapis.com/:personal:/bannister/bannister/obj/x64/Debug/net8.0-android/android/bin/classes.zip' (2,906,126)
2026-09-28 05:46:38: Copy Over 'C:/rock/bannister/Bannister/obj/x64/Debug/net8.0-android/android/bin/classes/mono/android/app/ApplicationRegistration.class' -> 'goodrive://www.googleapis.com/:personal:/bannister/bannister/obj/x64/Debug/net8.0-android/android/bin/classes/mono/android/app/ApplicationRegistration.class' (774)
2026-09-28 05:46:40: Copy Over 'C:/rock/bannister/Bannister/obj/x64/Debug/net8.0-android/android/bin/classes/mono/androidx/activity/contextaware/OnContextAvailableListenerImplementor.class' -> 'goodrive://www.googleapis.com/:personal:/bannister/bannister/obj/x64/Debug/net8.0-android/android/bin/classes/mono/androidx/activity/contextaware/OnContextAvailableListenerImplementor.class' (1,679)
2026-09-28 05:46:41: Copy Over 'C:/rock/bannister/Bannister/obj/x64/Debug/net8.0-android/android/bin/classes/mono/androidx/appcompat/app/ActionBar_OnMenuVisibilityListenerImplementor.class' -> 'goodrive://www.googleapis.com/:personal:/bannister/bannister/obj/x64/Debug/net8.0-android/android/bin/classes/mono/androidx/appcompat/app/ActionBar_OnMenuVisibilityListenerImplementor.class' (1,733)
2026-09-28 05:46:41: Copy Over 'C:/rock/bannister/Bannister/obj/x64/Debug/net8.0-android/android/bin/classes/mono/androidx/appcompat/widget/ActionMenuView_OnMenuItemClickListenerImplementor.class' -> 'goodrive://www.googleapis.com/:personal:/bannister/bannister/obj/x64/Debug/net8.0-android/android/bin/classes/mono/androidx/appcompat/widget/ActionMenuView_OnMenuItemClickListenerImplementor.class' (1,802)
2026-09-28 05:46:44: Copy Over 'C:/rock/bannister/Bannister/obj/x64/Debug/net8.0-android/android/bin/classes/mono/androidx/appcompat/widget/ContentFrameLayout_OnAttachListenerImplementor.class' -> 'goodrive://www.googleapis.com/:personal:/bannister/bannister/obj/x64/Debug/net8.0-android/android/bin/classes/mono/androidx/appcompat/widget/ContentFrameLayout_OnAttachListenerImplementor.class' (2,000)
2026-09-28 05:46:45: Copy Over 'C:/rock/bannister/Bannister/obj/x64/Debug/net8.0-android/android/bin/classes/mono/androidx/appcompat/widget/FitWindowsViewGroup_OnFitSystemWindowsListenerImplementor.class' -> 'goodrive://www.googleapis.com/:personal:/bannister/bannister/obj/x64/Debug/net8.0-android/android/bin/classes/mono/androidx/appcompat/widget/FitWindowsViewGroup_OnFitSystemWindowsListenerImplementor.class' (1,864)
2026-09-28 05:46:45: Copy Over 'C:/rock/bannister/Bannister/obj/x64/Debug/net8.0-android/android/bin/classes/mono/androidx/appcompat/widget/MenuItemHoverListenerImplementor.class' -> 'goodrive://www.googleapis.com/:personal:/bannister/bannister/obj/x64/Debug/net8.0-android/android/bin/classes/mono/androidx/appcompat/widget/MenuItemHoverListenerImplementor.class' (2,117)
2026-09-28 05:46:47: Copy Over 'C:/rock/bannister/Bannister/obj/x64/Debug/net8.0-android/android/bin/classes/mono/androidx/appcompat/widget/PopupMenu_OnDismissListenerImplementor.class' -> 'goodrive://www.googleapis.com/:personal:/bannister/bannister/obj/x64/Debug/net8.0-android/android/bin/classes/mono/androidx/appcompat/widget/PopupMenu_OnDismissListenerImplementor.class' (1,758)
2026-09-28 05:46:48: Copy Over 'C:/rock/bannister/Bannister/obj/x64/Debug/net8.0-android/android/bin/classes/mono/androidx/appcompat/widget/SearchView_OnCloseListenerImplementor.class' -> 'goodrive://www.googleapis.com/:personal:/bannister/bannister/obj/x64/Debug/net8.0-android/android/bin/classes/mono/androidx/appcompat/widget/SearchView_OnCloseListenerImplementor.class' (1,627)
2026-09-28 05:46:49: Copy Over 'C:/rock/bannister/Bannister/obj/x64/Debug/net8.0-android/android/bin/classes/mono/androidx/appcompat/widget/PopupMenu_OnMenuItemClickListenerImplementor.class' -> 'goodrive://www.googleapis.com/:personal:/bannister/bannister/obj/x64/Debug/net8.0-android/android/bin/classes/mono/androidx/appcompat/widget/PopupMenu_OnMenuItemClickListenerImplementor.class' (1,772)
2026-09-28 05:46:50: Copy Over 'C:/rock/bannister/Bannister/obj/x64/Debug/net8.0-android/android/bin/classes/mono/androidx/appcompat/widget/SearchView_OnQueryTextListenerImplementor.class' -> 'goodrive://www.googleapis.com/:personal:/bannister/bannister/obj/x64/Debug/net8.0-android/android/bin/classes/mono/androidx/appcompat/widget/SearchView_OnQueryTextListenerImplementor.class' (2,033)
2026-09-28 05:46:52: Copy Over 'C:/rock/bannister/Bannister/obj/x64/Debug/net8.0-android/android/bin/classes/mono/androidx/appcompat/widget/SearchView_OnSuggestionListenerImplementor.class' -> 'goodrive://www.googleapis.com/:personal:/bannister/bannister/obj/x64/Debug/net8.0-android/android/bin/classes/mono/androidx/appcompat/widget/SearchView_OnSuggestionListenerImplementor.class' (1,959)
2026-09-28 05:46:53: Copy Over 'C:/rock/bannister/Bannister/obj/x64/Debug/net8.0-android/android/bin/classes/mono/androidx/appcompat/widget/ShareActionProvider_OnShareTargetSelectedListenerImplementor.class' -> 'goodrive://www.googleapis.com/:personal:/bannister/bannister/obj/x64/Debug/net8.0-android/android/bin/classes/mono/androidx/appcompat/widget/ShareActionProvider_OnShareTargetSelectedListenerImplementor.class' (2,037)
2026-09-28 05:46:54: Copy Over 'C:/rock/bannister/Bannister/obj/x64/Debug/net8.0-android/android/bin/classes/mono/androidx/appcompat/widget/Toolbar_OnMenuItemClickListenerImplementor.class' -> 'goodrive://www.googleapis.com/:personal:/bannister/bannister/obj/x64/Debug/net8.0-android/android/bin/classes/mono/androidx/appcompat/widget/Toolbar_OnMenuItemClickListenerImplementor.class' (1,760)
2026-09-28 05:46:56: Copy Over 'C:/rock/bannister/Bannister/obj/x64/Debug/net8.0-android/android/bin/classes/mono/androidx/appcompat/app/ActionBar_OnNavigationListenerImplementor.class' -> 'goodrive://www.googleapis.com/:personal:/bannister/bannister/obj/x64/Debug/net8.0-android/android/bin/classes/mono/androidx/appcompat/app/ActionBar_OnNavigationListenerImplementor.class' (1,713)
2026-09-28 05:46:56: Copy Over 'C:/rock/bannister/Bannister/obj/x64/Debug/net8.0-android/android/bin/classes/mono/androidx/appcompat/widget/ViewStubCompat_OnInflateListenerImplementor.class' -> 'goodrive://www.googleapis.com/:personal:/bannister/bannister/obj/x64/Debug/net8.0-android/android/bin/classes/mono/androidx/appcompat/widget/ViewStubCompat_OnInflateListenerImplementor.class' (1,861)
2026-09-28 05:46:59: Copy Over 'C:/rock/bannister/Bannister/obj/x64/Debug/net8.0-android/android/bin/classes/mono/androidx/core/app/SharedElementCallback_OnSharedElementsReadyListenerImplementor.class' -> 'goodrive://www.googleapis.com/:personal:/bannister/bannister/obj/x64/Debug/net8.0-android/android/bin/classes/mono/androidx/core/app/SharedElementCallback_OnSharedElementsReadyListenerImplementor.class' (1,781)
2026-09-28 05:46:59: Copy Over 'C:/rock/bannister/Bannister/obj/x64/Debug/net8.0-android/android/bin/classes/mono/androidx/constraintlayout/motion/widget/MotionLayout_TransitionListenerImplementor.class' -> 'goodrive://www.googleapis.com/:personal:/bannister/bannister/obj/x64/Debug/net8.0-android/android/bin/classes/mono/androidx/constraintlayout/motion/widget/MotionLayout_TransitionListenerImplementor.class' (3,355)
2026-09-28 05:46:59: Copy Over 'C:/rock/bannister/Bannister/obj/x64/Debug/net8.0-android/android/bin/classes/mono/androidx/appcompat/app/ActionBar_TabListenerImplementor.class' -> 'goodrive://www.googleapis.com/:personal:/bannister/bannister/obj/x64/Debug/net8.0-android/android/bin/classes/mono/androidx/appcompat/app/ActionBar_TabListenerImplementor.class' (2,706)
2026-09-28 05:47:03: Copy Over 'C:/rock/bannister/Bannister/obj/x64/Debug/net8.0-android/android/bin/classes/mono/androidx/core/os/CancellationSignal_OnCancelListenerImplementor.class' -> 'goodrive://www.googleapis.com/:personal:/bannister/bannister/obj/x64/Debug/net8.0-android/android/bin/classes/mono/androidx/core/os/CancellationSignal_OnCancelListenerImplementor.class' (1,628)
2026-09-28 05:47:03: Copy Over 'C:/rock/bannister/Bannister/obj/x64/Debug/net8.0-android/android/bin/classes/mono/androidx/core/view/accessibility/AccessibilityManagerCompat_AccessibilityStateChangeListenerImplementor.class' -> 'goodrive://www.googleapis.com/:personal:/bannister/bannister/obj/x64/Debug/net8.0-android/android/bin/classes/mono/androidx/core/view/accessibility/AccessibilityManagerCompat_AccessibilityStateChangeListenerImplementor.class' (1,939)
2026-09-28 05:47:03: Copy Over 'C:/rock/bannister/Bannister/obj/x64/Debug/net8.0-android/android/bin/classes/mono/androidx/core/view/ActionProvider_SubUiVisibilityListenerImplementor.class' -> 'goodrive://www.googleapis.com/:personal:/bannister/bannister/obj/x64/Debug/net8.0-android/android/bin/classes/mono/androidx/core/view/ActionProvider_SubUiVisibilityListenerImplementor.class' (1,731)
2026-09-28 05:47:06: Copy Over 'C:/rock/bannister/Bannister/obj/x64/Debug/net8.0-android/android/bin/classes/mono/androidx/core/view/DragStartHelper_OnDragStartListenerImplementor.class' -> 'goodrive://www.googleapis.com/:personal:/bannister/bannister/obj/x64/Debug/net8.0-android/android/bin/classes/mono/androidx/core/view/DragStartHelper_OnDragStartListenerImplementor.class' (1,820)
2026-09-28 05:47:06: Copy Over 'C:/rock/bannister/Bannister/obj/x64/Debug/net8.0-android/android/bin/classes/mono/androidx/core/view/accessibility/AccessibilityManagerCompat_TouchExplorationStateChangeListenerImplementor.class' -> 'goodrive://www.googleapis.com/:personal:/bannister/bannister/obj/x64/Debug/net8.0-android/android/bin/classes/mono/androidx/core/view/accessibility/AccessibilityManagerCompat_TouchExplorationStateChangeListenerImplementor.class' (1,969)
2026-09-28 05:47:06: Copy Over 'C:/rock/bannister/Bannister/obj/x64/Debug/net8.0-android/android/bin/classes/mono/androidx/core/view/ActionProvider_VisibilityListenerImplementor.class' -> 'goodrive://www.googleapis.com/:personal:/bannister/bannister/obj/x64/Debug/net8.0-android/android/bin/classes/mono/androidx/core/view/ActionProvider_VisibilityListenerImplementor.class' (1,737)
2026-09-28 05:47:10: Copy Over 'C:/rock/bannister/Bannister/obj/x64/Debug/net8.0-android/android/bin/classes/mono/androidx/core/view/MenuItemCompat_OnActionExpandListenerImplementor.class' -> 'goodrive://www.googleapis.com/:personal:/bannister/bannister/obj/x64/Debug/net8.0-android/android/bin/classes/mono/androidx/core/view/MenuItemCompat_OnActionExpandListenerImplementor.class' (2,098)
2026-09-28 05:47:10: Copy Over 'C:/rock/bannister/Bannister/obj/x64/Debug/net8.0-android/android/bin/classes/mono/androidx/core/view/inputmethod/InputConnectionCompat_OnCommitContentListenerImplementor.class' -> 'goodrive://www.googleapis.com/:personal:/bannister/bannister/obj/x64/Debug/net8.0-android/android/bin/classes/mono/androidx/core/view/inputmethod/InputConnectionCompat_OnCommitContentListenerImplementor.class' (2,017)
2026-09-28 05:47:10: Copy Over 'C:/rock/bannister/Bannister/obj/x64/Debug/net8.0-android/android/bin/classes/mono/androidx/core/view/OnApplyWindowInsetsListenerImplementor.class' -> 'goodrive://www.googleapis.com/:personal:/bannister/bannister/obj/x64/Debug/net8.0-android/android/bin/classes/mono/androidx/core/view/OnApplyWindowInsetsListenerImplementor.class' (1,804)
2026-09-28 05:47:13: Copy Over 'C:/rock/bannister/Bannister/obj/x64/Debug/net8.0-android/android/bin/classes/mono/androidx/core/view/ViewPropertyAnimatorListenerImplementor.class' -> 'goodrive://www.googleapis.com/:personal:/bannister/bannister/obj/x64/Debug/net8.0-android/android/bin/classes/mono/androidx/core/view/ViewPropertyAnimatorListenerImplementor.class' (2,151)
2026-09-28 05:47:13: Copy Over 'C:/rock/bannister/Bannister/obj/x64/Debug/net8.0-android/android/bin/classes/mono/androidx/core/view/OnReceiveContentListenerImplementor.class' -> 'goodrive://www.googleapis.com/:personal:/bannister/bannister/obj/x64/Debug/net8.0-android/android/bin/classes/mono/androidx/core/view/OnReceiveContentListenerImplementor.class' (1,772)
2026-09-28 05:47:13: Copy Over 'C:/rock/bannister/Bannister/obj/x64/Debug/net8.0-android/android/bin/classes/mono/androidx/core/view/ViewPropertyAnimatorUpdateListenerImplementor.class' -> 'goodrive://www.googleapis.com/:personal:/bannister/bannister/obj/x64/Debug/net8.0-android/android/bin/classes/mono/androidx/core/view/ViewPropertyAnimatorUpdateListenerImplementor.class' (1,641)
2026-09-28 05:47:17: Copy Over 'C:/rock/bannister/Bannister/obj/x64/Debug/net8.0-android/android/bin/classes/mono/androidx/core/widget/NestedScrollView_OnScrollChangeListenerImplementor.class' -> 'goodrive://www.googleapis.com/:personal:/bannister/bannister/obj/x64/Debug/net8.0-android/android/bin/classes/mono/androidx/core/widget/NestedScrollView_OnScrollChangeListenerImplementor.class' (1,839)
2026-09-28 05:47:17: Copy Over 'C:/rock/bannister/Bannister/obj/x64/Debug/net8.0-android/android/bin/classes/mono/androidx/core/view/WindowInsetsControllerCompat_OnControllableInsetsChangedListenerImplementor.class' -> 'goodrive://www.googleapis.com/:personal:/bannister/bannister/obj/x64/Debug/net8.0-android/android/bin/classes/mono/androidx/core/view/WindowInsetsControllerCompat_OnControllableInsetsChangedListenerImplementor.class' (2,047)
2026-09-28 05:47:17: Copy Over 'C:/rock/bannister/Bannister/obj/x64/Debug/net8.0-android/android/bin/classes/mono/androidx/constraintlayout/widget/SharedValues_SharedValuesListenerImplementor.class' -> 'goodrive://www.googleapis.com/:personal:/bannister/bannister/obj/x64/Debug/net8.0-android/android/bin/classes/mono/androidx/constraintlayout/widget/SharedValues_SharedValuesListenerImplementor.class' (1,747)
2026-09-28 05:47:20: Copy Over 'C:/rock/bannister/Bannister/obj/x64/Debug/net8.0-android/android/bin/classes/mono/androidx/drawerlayout/widget/DrawerLayout_DrawerListenerImplementor.class' -> 'goodrive://www.googleapis.com/:personal:/bannister/bannister/obj/x64/Debug/net8.0-android/android/bin/classes/mono/androidx/drawerlayout/widget/DrawerLayout_DrawerListenerImplementor.class' (2,614)
2026-09-28 05:47:20: Copy Over 'C:/rock/bannister/Bannister/obj/x64/Debug/net8.0-android/android/bin/classes/mono/androidx/dynamicanimation/animation/DynamicAnimation_OnAnimationEndListenerImplementor.class' -> 'goodrive://www.googleapis.com/:personal:/bannister/bannister/obj/x64/Debug/net8.0-android/android/bin/classes/mono/androidx/dynamicanimation/animation/DynamicAnimation_OnAnimationEndListenerImplementor.class' (1,958)
2026-09-28 05:47:20: Copy Over 'C:/rock/bannister/Bannister/obj/x64/Debug/net8.0-android/android/bin/classes/mono/androidx/customview/poolingcontainer/PoolingContainerListenerImplementor.class' -> 'goodrive://www.googleapis.com/:personal:/bannister/bannister/obj/x64/Debug/net8.0-android/android/bin/classes/mono/androidx/customview/poolingcontainer/PoolingContainerListenerImplementor.class' (1,612)
2026-09-28 05:47:24: Copy Over 'C:/rock/bannister/Bannister/obj/x64/Debug/net8.0-android/android/bin/classes/mono/androidx/fragment/app/FragmentResultListenerImplementor.class' -> 'goodrive://www.googleapis.com/:personal:/bannister/bannister/obj/x64/Debug/net8.0-android/android/bin/classes/mono/androidx/fragment/app/FragmentResultListenerImplementor.class' (1,652)
2026-09-28 05:47:24: Copy Over 'C:/rock/bannister/Bannister/obj/x64/Debug/net8.0-android/android/bin/classes/mono/androidx/fragment/app/FragmentOnAttachListenerImplementor.class' -> 'goodrive://www.googleapis.com/:personal:/bannister/bannister/obj/x64/Debug/net8.0-android/android/bin/classes/mono/androidx/fragment/app/FragmentOnAttachListenerImplementor.class' (1,764)
2026-09-28 05:47:24: Copy Over 'C:/rock/bannister/Bannister/obj/x64/Debug/net8.0-android/android/bin/classes/mono/androidx/fragment/app/FragmentManager_OnBackStackChangedListenerImplementor.class' -> 'goodrive://www.googleapis.com/:personal:/bannister/bannister/obj/x64/Debug/net8.0-android/android/bin/classes/mono/androidx/fragment/app/FragmentManager_OnBackStackChangedListenerImplementor.class' (2,488)
2026-09-28 05:47:27: Copy Over 'C:/rock/bannister/Bannister/obj/x64/Debug/net8.0-android/android/bin/classes/mono/androidx/fragment/app/strictmode/FragmentStrictMode_OnViolationListenerImplementor.class' -> 'goodrive://www.googleapis.com/:personal:/bannister/bannister/obj/x64/Debug/net8.0-android/android/bin/classes/mono/androidx/fragment/app/strictmode/FragmentStrictMode_OnViolationListenerImplementor.class' (1,886)
2026-09-28 05:47:27: Copy Over 'C:/rock/bannister/Bannister/obj/x64/Debug/net8.0-android/android/bin/classes/mono/androidx/dynamicanimation/animation/DynamicAnimation_OnAnimationUpdateListenerImplementor.class' -> 'goodrive://www.googleapis.com/:personal:/bannister/bannister/obj/x64/Debug/net8.0-android/android/bin/classes/mono/androidx/dynamicanimation/animation/DynamicAnimation_OnAnimationUpdateListenerImplementor.class' (1,983)
2026-09-28 05:47:27: Copy Over 'C:/rock/bannister/Bannister/obj/x64/Debug/net8.0-android/android/bin/classes/mono/androidx/navigation/NavController_OnDestinationChangedListenerImplementor.class' -> 'goodrive://www.googleapis.com/:personal:/bannister/bannister/obj/x64/Debug/net8.0-android/android/bin/classes/mono/androidx/navigation/NavController_OnDestinationChangedListenerImplementor.class' (2,041)
2026-09-28 05:47:31: Copy Over 'C:/rock/bannister/Bannister/obj/x64/Debug/net8.0-android/android/bin/classes/mono/androidx/loader/content/Loader_OnLoadCompleteListenerImplementor.class' -> 'goodrive://www.googleapis.com/:personal:/bannister/bannister/obj/x64/Debug/net8.0-android/android/bin/classes/mono/androidx/loader/content/Loader_OnLoadCompleteListenerImplementor.class' (1,814)
2026-09-28 05:47:31: Copy Over 'C:/rock/bannister/Bannister/obj/x64/Debug/net8.0-android/android/bin/classes/mono/androidx/navigation/ui/AppBarConfiguration_OnNavigateUpListenerImplementor.class' -> 'goodrive://www.googleapis.com/:personal:/bannister/bannister/obj/x64/Debug/net8.0-android/android/bin/classes/mono/androidx/navigation/ui/AppBarConfiguration_OnNavigateUpListenerImplementor.class' (1,724)
2026-09-28 05:47:31: Copy Over 'C:/rock/bannister/Bannister/obj/x64/Debug/net8.0-android/android/bin/classes/mono/androidx/loader/content/Loader_OnLoadCanceledListenerImplementor.class' -> 'goodrive://www.googleapis.com/:personal:/bannister/bannister/obj/x64/Debug/net8.0-android/android/bin/classes/mono/androidx/loader/content/Loader_OnLoadCanceledListenerImplementor.class' (1,759)
2026-09-28 05:47:34: Copy Over 'C:/rock/bannister/Bannister/obj/x64/Debug/net8.0-android/android/bin/classes/mono/androidx/recyclerview/widget/AsyncListDiffer_ListListenerImplementor.class' -> 'goodrive://www.googleapis.com/:personal:/bannister/bannister/obj/x64/Debug/net8.0-android/android/bin/classes/mono/androidx/recyclerview/widget/AsyncListDiffer_ListListenerImplementor.class' (1,815)
2026-09-28 05:47:34: Copy Over 'C:/rock/bannister/Bannister/obj/x64/Debug/net8.0-android/android/bin/classes/mono/androidx/slidingpanelayout/widget/SlidingPaneLayout_PanelSlideListenerImplementor.class' -> 'goodrive://www.googleapis.com/:personal:/bannister/bannister/obj/x64/Debug/net8.0-android/android/bin/classes/mono/androidx/slidingpanelayout/widget/SlidingPaneLayout_PanelSlideListenerImplementor.class' (2,451)
2026-09-28 05:47:34: Copy Over 'C:/rock/bannister/Bannister/obj/x64/Debug/net8.0-android/android/bin/classes/mono/androidx/recyclerview/widget/RecyclerView_ItemAnimator_ItemAnimatorFinishedListenerImplementor.class' -> 'goodrive://www.googleapis.com/:personal:/bannister/bannister/obj/x64/Debug/net8.0-android/android/bin/classes/mono/androidx/recyclerview/widget/RecyclerView_ItemAnimator_ItemAnimatorFinishedListenerImplementor.class' (1,936)
2026-09-28 05:47:38: Copy Over 'C:/rock/bannister/Bannister/obj/x64/Debug/net8.0-android/android/bin/classes/mono/androidx/recyclerview/widget/RecyclerView_OnItemTouchListenerImplementor.class' -> 'goodrive://www.googleapis.com/:personal:/bannister/bannister/obj/x64/Debug/net8.0-android/android/bin/classes/mono/androidx/recyclerview/widget/RecyclerView_OnItemTouchListenerImplementor.class' (2,753)
2026-09-28 05:47:38: Copy Over 'C:/rock/bannister/Bannister/obj/x64/Debug/net8.0-android/android/bin/classes/mono/androidx/recyclerview/widget/RecyclerView_OnChildAttachStateChangeListenerImplementor.class' -> 'goodrive://www.googleapis.com/:personal:/bannister/bannister/obj/x64/Debug/net8.0-android/android/bin/classes/mono/androidx/recyclerview/widget/RecyclerView_OnChildAttachStateChangeListenerImplementor.class' (2,266)
2026-09-28 05:47:38: Copy Over 'C:/rock/bannister/Bannister/obj/x64/Debug/net8.0-android/android/bin/classes/mono/androidx/recyclerview/widget/RecyclerView_RecyclerListenerImplementor.class' -> 'goodrive://www.googleapis.com/:personal:/bannister/bannister/obj/x64/Debug/net8.0-android/android/bin/classes/mono/androidx/recyclerview/widget/RecyclerView_RecyclerListenerImplementor.class' (1,941)
2026-09-28 05:47:41: Copy Over 'C:/rock/bannister/Bannister/obj/x64/Debug/net8.0-android/android/bin/classes/mono/androidx/swiperefreshlayout/widget/SwipeRefreshLayout_OnRefreshListenerImplementor.class' -> 'goodrive://www.googleapis.com/:personal:/bannister/bannister/obj/x64/Debug/net8.0-android/android/bin/classes/mono/androidx/swiperefreshlayout/widget/SwipeRefreshLayout_OnRefreshListenerImplementor.class' (1,756)
2026-09-28 05:47:41: Copy Over 'C:/rock/bannister/Bannister/obj/x64/Debug/net8.0-android/android/bin/classes/mono/androidx/viewpager/widget/ViewPager_OnAdapterChangeListenerImplementor.class' -> 'goodrive://www.googleapis.com/:personal:/bannister/bannister/obj/x64/Debug/net8.0-android/android/bin/classes/mono/androidx/viewpager/widget/ViewPager_OnAdapterChangeListenerImplementor.class' (2,064)
2026-09-28 05:47:41: Copy Over 'C:/rock/bannister/Bannister/obj/x64/Debug/net8.0-android/android/bin/classes/mono/androidx/transition/Transition_TransitionListenerImplementor.class' -> 'goodrive://www.googleapis.com/:personal:/bannister/bannister/obj/x64/Debug/net8.0-android/android/bin/classes/mono/androidx/transition/Transition_TransitionListenerImplementor.class' (3,013)
2026-09-28 05:47:45: Copy Over 'C:/rock/bannister/Bannister/obj/x64/Debug/net8.0-android/android/bin/classes/mono/com/bumptech/glide/manager/ConnectivityMonitor_ConnectivityListenerImplementor.class' -> 'goodrive://www.googleapis.com/:personal:/bannister/bannister/obj/x64/Debug/net8.0-android/android/bin/classes/mono/com/bumptech/glide/manager/ConnectivityMonitor_ConnectivityListenerImplementor.class' (1,761)
2026-09-28 05:47:45: Copy Over 'C:/rock/bannister/Bannister/obj/x64/Debug/net8.0-android/android/bin/classes/mono/com/bumptech/glide/manager/LifecycleListenerImplementor.class' -> 'goodrive://www.googleapis.com/:personal:/bannister/bannister/obj/x64/Debug/net8.0-android/android/bin/classes/mono/com/bumptech/glide/manager/LifecycleListenerImplementor.class' (1,861)
2026-09-28 05:47:45: Copy Over 'C:/rock/bannister/Bannister/obj/x64/Debug/net8.0-android/android/bin/classes/mono/androidx/viewpager/widget/ViewPager_OnPageChangeListenerImplementor.class' -> 'goodrive://www.googleapis.com/:personal:/bannister/bannister/obj/x64/Debug/net8.0-android/android/bin/classes/mono/androidx/viewpager/widget/ViewPager_OnPageChangeListenerImplementor.class' (2,231)
2026-09-28 05:47:49: Copy Over 'C:/rock/bannister/Bannister/obj/x64/Debug/net8.0-android/android/bin/classes/mono/com/bumptech/glide/load/engine/cache/MemoryCache_ResourceRemovedListenerImplementor.class' -> 'goodrive://www.googleapis.com/:personal:/bannister/bannister/obj/x64/Debug/net8.0-android/android/bin/classes/mono/com/bumptech/glide/load/engine/cache/MemoryCache_ResourceRemovedListenerImplementor.class' (1,885)
2026-09-28 05:47:49: Copy Over 'C:/rock/bannister/Bannister/obj/x64/Debug/net8.0-android/android/bin/classes/mono/com/bumptech/glide/request/RequestListenerImplementor.class' -> 'goodrive://www.googleapis.com/:personal:/bannister/bannister/obj/x64/Debug/net8.0-android/android/bin/classes/mono/com/bumptech/glide/request/RequestListenerImplementor.class' (2,393)
2026-09-28 05:47:49: Copy Over 'C:/rock/bannister/Bannister/obj/x64/Debug/net8.0-android/android/bin/classes/mono/MonoPackageManager_Resources.class' -> 'goodrive://www.googleapis.com/:personal:/bannister/bannister/obj/x64/Debug/net8.0-android/android/bin/classes/mono/MonoPackageManager_Resources.class' (6,057)
2026-09-28 05:47:52: Copy Over 'C:/rock/bannister/Bannister/obj/x64/Debug/net8.0-android/android/bin/classes/mono/com/google/android/material/animation/AnimatableView_ListenerImplementor.class' -> 'goodrive://www.googleapis.com/:personal:/bannister/bannister/obj/x64/Debug/net8.0-android/android/bin/classes/mono/com/google/android/material/animation/AnimatableView_ListenerImplementor.class' (1,695)
2026-09-28 05:47:52: Copy Over 'C:/rock/bannister/Bannister/obj/x64/Debug/net8.0-android/android/bin/classes/mono/com/google/android/material/appbar/AppBarLayout_LiftOnScrollListenerImplementor.class' -> 'goodrive://www.googleapis.com/:personal:/bannister/bannister/obj/x64/Debug/net8.0-android/android/bin/classes/mono/com/google/android/material/appbar/AppBarLayout_LiftOnScrollListenerImplementor.class' (1,733)
2026-09-28 05:47:53: Copy Over 'C:/rock/bannister/Bannister/obj/x64/Debug/net8.0-android/android/bin/classes/mono/com/google/android/material/appbar/AppBarLayout_OnOffsetChangedListenerImplementor.class' -> 'goodrive://www.googleapis.com/:personal:/bannister/bannister/obj/x64/Debug/net8.0-android/android/bin/classes/mono/com/google/android/material/appbar/AppBarLayout_OnOffsetChangedListenerImplementor.class' (1,923)
2026-09-28 05:47:55: Copy Over 'C:/rock/bannister/Bannister/obj/x64/Debug/net8.0-android/android/bin/classes/mono/com/google/android/material/behavior/HideBottomViewOnScrollBehavior_OnScrollStateChangedListenerImplementor.class' -> 'goodrive://www.googleapis.com/:personal:/bannister/bannister/obj/x64/Debug/net8.0-android/android/bin/classes/mono/com/google/android/material/behavior/HideBottomViewOnScrollBehavior_OnScrollStateChangedListenerImplementor.class' (1,977)
2026-09-28 05:47:55: Copy Over 'C:/rock/bannister/Bannister/obj/x64/Debug/net8.0-android/android/bin/classes/mono/com/google/android/material/button/MaterialButton_OnCheckedChangeListenerImplementor.class' -> 'goodrive://www.googleapis.com/:personal:/bannister/bannister/obj/x64/Debug/net8.0-android/android/bin/classes/mono/com/google/android/material/button/MaterialButton_OnCheckedChangeListenerImplementor.class' (1,945)
2026-09-28 05:47:57: Copy Over 'C:/rock/bannister/Bannister/obj/x64/Debug/net8.0-android/android/bin/classes/mono/com/google/android/material/button/MaterialButtonToggleGroup_OnButtonCheckedListenerImplementor.class' -> 'goodrive://www.googleapis.com/:personal:/bannister/bannister/obj/x64/Debug/net8.0-android/android/bin/classes/mono/com/google/android/material/button/MaterialButtonToggleGroup_OnButtonCheckedListenerImplementor.class' (2,044)
2026-09-28 05:47:58: Copy Over 'C:/rock/bannister/Bannister/obj/x64/Debug/net8.0-android/android/bin/classes/mono/com/google/android/material/behavior/SwipeDismissBehavior_OnDismissListenerImplementor.class' -> 'goodrive://www.googleapis.com/:personal:/bannister/bannister/obj/x64/Debug/net8.0-android/android/bin/classes/mono/com/google/android/material/behavior/SwipeDismissBehavior_OnDismissListenerImplementor.class' (2,114)
2026-09-28 05:47:59: Copy Over 'C:/rock/bannister/Bannister/obj/x64/Debug/net8.0-android/android/bin/classes/mono/com/google/android/material/card/MaterialCardView_OnCheckedChangeListenerImplementor.class' -> 'goodrive://www.googleapis.com/:personal:/bannister/bannister/obj/x64/Debug/net8.0-android/android/bin/classes/mono/com/google/android/material/card/MaterialCardView_OnCheckedChangeListenerImplementor.class' (1,947)
2026-09-28 05:48:00: Copy Over 'C:/rock/bannister/Bannister/obj/x64/Debug/net8.0-android/android/bin/classes/mono/com/google/android/material/carousel/OnMaskChangedListenerImplementor.class' -> 'goodrive://www.googleapis.com/:personal:/bannister/bannister/obj/x64/Debug/net8.0-android/android/bin/classes/mono/com/google/android/material/carousel/OnMaskChangedListenerImplementor.class' (1,659)
2026-09-28 05:48:02: Copy Over 'C:/rock/bannister/Bannister/obj/x64/Debug/net8.0-android/android/bin/classes/mono/com/google/android/material/checkbox/MaterialCheckBox_OnCheckedStateChangedListenerImplementor.class' -> 'goodrive://www.googleapis.com/:personal:/bannister/bannister/obj/x64/Debug/net8.0-android/android/bin/classes/mono/com/google/android/material/checkbox/MaterialCheckBox_OnCheckedStateChangedListenerImplementor.class' (2,067)
2026-09-28 05:48:02: Copy Over 'C:/rock/bannister/Bannister/obj/x64/Debug/net8.0-android/android/bin/classes/mono/com/google/android/material/chip/ChipGroup_OnCheckedChangeListenerImplementor.class' -> 'goodrive://www.googleapis.com/:personal:/bannister/bannister/obj/x64/Debug/net8.0-android/android/bin/classes/mono/com/google/android/material/chip/ChipGroup_OnCheckedChangeListenerImplementor.class' (1,884)
2026-09-28 05:48:04: Copy Over 'C:/rock/bannister/Bannister/obj/x64/Debug/net8.0-android/android/bin/classes/mono/com/google/android/material/chip/ChipGroup_OnCheckedStateChangeListenerImplementor.class' -> 'goodrive://www.googleapis.com/:personal:/bannister/bannister/obj/x64/Debug/net8.0-android/android/bin/classes/mono/com/google/android/material/chip/ChipGroup_OnCheckedStateChangeListenerImplementor.class' (1,959)
2026-09-28 05:48:05: Copy Over 'C:/rock/bannister/Bannister/obj/x64/Debug/net8.0-android/android/bin/classes/mono/com/google/android/material/checkbox/MaterialCheckBox_OnErrorChangedListenerImplementor.class' -> 'goodrive://www.googleapis.com/:personal:/bannister/bannister/obj/x64/Debug/net8.0-android/android/bin/classes/mono/com/google/android/material/checkbox/MaterialCheckBox_OnErrorChangedListenerImplementor.class' (1,965)
2026-09-28 05:48:06: Copy Over 'C:/rock/bannister/Bannister/obj/x64/Debug/net8.0-android/android/bin/classes/mono/com/google/android/material/datepicker/MaterialPickerOnPositiveButtonClickListenerImplementor.class' -> 'goodrive://www.googleapis.com/:personal:/bannister/bannister/obj/x64/Debug/net8.0-android/android/bin/classes/mono/com/google/android/material/datepicker/MaterialPickerOnPositiveButtonClickListenerImplementor.class' (1,767)
2026-09-28 05:48:07: Copy Over 'C:/rock/bannister/Bannister/obj/x64/Debug/net8.0-android/android/bin/classes/mono/com/google/android/material/internal/CheckableGroup_OnCheckedStateChangeListenerImplementor.class' -> 'goodrive://www.googleapis.com/:personal:/bannister/bannister/obj/x64/Debug/net8.0-android/android/bin/classes/mono/com/google/android/material/internal/CheckableGroup_OnCheckedStateChangeListenerImplementor.class' (1,893)
2026-09-28 05:48:09: Copy Over 'C:/rock/bannister/Bannister/obj/x64/Debug/net8.0-android/android/bin/classes/mono/com/google/android/material/internal/MaterialCheckable_OnCheckedChangeListenerImplementor.class' -> 'goodrive://www.googleapis.com/:personal:/bannister/bannister/obj/x64/Debug/net8.0-android/android/bin/classes/mono/com/google/android/material/internal/MaterialCheckable_OnCheckedChangeListenerImplementor.class' (1,872)
2026-09-28 05:48:10: Copy Over 'C:/rock/bannister/Bannister/obj/x64/Debug/net8.0-android/android/bin/classes/mono/com/google/android/material/internal/ViewUtils_OnApplyWindowInsetsListenerImplementor.class' -> 'goodrive://www.googleapis.com/:personal:/bannister/bannister/obj/x64/Debug/net8.0-android/android/bin/classes/mono/com/google/android/material/internal/ViewUtils_OnApplyWindowInsetsListenerImplementor.class' (2,338)
2026-09-28 05:48:11: Copy Over 'C:/rock/bannister/Bannister/obj/x64/Debug/net8.0-android/android/bin/classes/mono/com/google/android/material/navigation/NavigationBarView_OnItemReselectedListenerImplementor.class' -> 'goodrive://www.googleapis.com/:personal:/bannister/bannister/obj/x64/Debug/net8.0-android/android/bin/classes/mono/com/google/android/material/navigation/NavigationBarView_OnItemReselectedListenerImplementor.class' (1,941)
2026-09-28 05:48:13: Copy Over 'C:/rock/bannister/Bannister/obj/x64/Debug/net8.0-android/android/bin/classes/mono/com/google/android/material/search/SearchView_TransitionListenerImplementor.class' -> 'goodrive://www.googleapis.com/:personal:/bannister/bannister/obj/x64/Debug/net8.0-android/android/bin/classes/mono/com/google/android/material/search/SearchView_TransitionListenerImplementor.class' (2,340)
2026-09-28 05:48:13: Copy Over 'C:/rock/bannister/Bannister/obj/x64/Debug/net8.0-android/android/bin/classes/mono/com/google/android/material/navigation/NavigationBarView_OnItemSelectedListenerImplementor.class' -> 'goodrive://www.googleapis.com/:personal:/bannister/bannister/obj/x64/Debug/net8.0-android/android/bin/classes/mono/com/google/android/material/navigation/NavigationBarView_OnItemSelectedListenerImplementor.class' (1,917)
2026-09-28 05:48:15: Copy Over 'C:/rock/bannister/Bannister/obj/x64/Debug/net8.0-android/android/bin/classes/mono/com/google/android/material/navigation/NavigationView_OnNavigationItemSelectedListenerImplementor.class' -> 'goodrive://www.googleapis.com/:personal:/bannister/bannister/obj/x64/Debug/net8.0-android/android/bin/classes/mono/com/google/android/material/navigation/NavigationView_OnNavigationItemSelectedListenerImplementor.class' (1,959)
2026-09-28 05:48:16: Copy Over 'C:/rock/bannister/Bannister/obj/x64/Debug/net8.0-android/android/bin/classes/mono/com/google/android/material/shape/ShapeAppearancePathProvider_PathListenerImplementor.class' -> 'goodrive://www.googleapis.com/:personal:/bannister/bannister/obj/x64/Debug/net8.0-android/android/bin/classes/mono/com/google/android/material/shape/ShapeAppearancePathProvider_PathListenerImplementor.class' (2,439)
2026-09-28 05:48:16: Copy Over 'C:/rock/bannister/Bannister/obj/x64/Debug/net8.0-android/android/bin/classes/mono/com/google/android/material/slider/BaseOnChangeListenerImplementor.class' -> 'goodrive://www.googleapis.com/:personal:/bannister/bannister/obj/x64/Debug/net8.0-android/android/bin/classes/mono/com/google/android/material/slider/BaseOnChangeListenerImplementor.class' (1,636)
2026-09-28 05:48:19: Copy Over 'C:/rock/bannister/Bannister/obj/x64/Debug/net8.0-android/android/bin/classes/mono/com/google/android/material/slider/BaseOnSliderTouchListenerImplementor.class' -> 'goodrive://www.googleapis.com/:personal:/bannister/bannister/obj/x64/Debug/net8.0-android/android/bin/classes/mono/com/google/android/material/slider/BaseOnSliderTouchListenerImplementor.class' (1,960)
2026-09-28 05:48:19: Copy Over 'C:/rock/bannister/Bannister/obj/x64/Debug/net8.0-android/android/bin/classes/mono/com/google/android/material/tabs/TabLayout_BaseOnTabSelectedListenerImplementor.class' -> 'goodrive://www.googleapis.com/:personal:/bannister/bannister/obj/x64/Debug/net8.0-android/android/bin/classes/mono/com/google/android/material/tabs/TabLayout_BaseOnTabSelectedListenerImplementor.class' (2,652)
2026-09-28 05:48:20: Copy Over 'C:/rock/bannister/Bannister/obj/x64/Debug/net8.0-android/android/bin/classes/mono/com/google/android/material/textfield/TextInputLayout_OnEditTextAttachedListenerImplementor.class' -> 'goodrive://www.googleapis.com/:personal:/bannister/bannister/obj/x64/Debug/net8.0-android/android/bin/classes/mono/com/google/android/material/textfield/TextInputLayout_OnEditTextAttachedListenerImplementor.class' (2,000)
2026-09-28 05:48:20: > Copy Over 'C:/rock/bannister/Bannister/obj/x64/Debug/net8.0-android/android/bin/classes2.dex' -> 'goodrive://www.googleapis.com/:personal:/bannister/bannister/obj/x64/Debug/net8.0-android/android/bin/classes2.dex' (7,168,352)
2026-09-28 05:48:22: Copy Over 'C:/rock/bannister/Bannister/obj/x64/Debug/net8.0-android/android/bin/classes/mono/com/google/android/material/textfield/TextInputLayout_OnEndIconChangedListenerImplementor.class' -> 'goodrive://www.googleapis.com/:personal:/bannister/bannister/obj/x64/Debug/net8.0-android/android/bin/classes/mono/com/google/android/material/textfield/TextInputLayout_OnEndIconChangedListenerImplementor.class' (1,984)
2026-09-28 05:48:22: > Copy Over 'C:/rock/bannister/Bannister/obj/x64/Debug/net8.0-android/android/bin/packaged_resources' -> 'goodrive://www.googleapis.com/:personal:/bannister/bannister/obj/x64/Debug/net8.0-android/android/bin/packaged_resources' (28,115,731)
2026-09-28 05:48:23: Copy Over 'C:/rock/bannister/Bannister/obj/x64/Debug/net8.0-android/android/bin/classes/mono/MonoRuntimeProvider.class' -> 'goodrive://www.googleapis.com/:personal:/bannister/bannister/obj/x64/Debug/net8.0-android/android/bin/classes/mono/MonoRuntimeProvider.class' (1,980)
2026-09-28 05:48:23: > Copy Over 'C:/rock/bannister/Bannister/obj/x64/Debug/net8.0-android/android/assets/Bannister.pdb' -> 'goodrive://www.googleapis.com/:personal:/bannister/bannister/obj/x64/Debug/net8.0-android/android/assets/Bannister.pdb' (1,767,908)
2026-09-28 05:48:24: < Copy Over 'C:/rock/bannister/Bannister/obj/x64/Debug/net8.0-android/android/bin/classes2.dex' -> 'goodrive://www.googleapis.com/:personal:/bannister/bannister/obj/x64/Debug/net8.0-android/android/bin/classes2.dex' (7,168,352)
2026-09-28 05:48:26: < Copy Over 'C:/rock/bannister/Bannister/obj/x64/Debug/net8.0-android/android/assets/Bannister.pdb' -> 'goodrive://www.googleapis.com/:personal:/bannister/bannister/obj/x64/Debug/net8.0-android/android/assets/Bannister.pdb' (1,767,908)
2026-09-28 05:48:28: Copy Over 'C:/rock/bannister/Bannister/obj/x64/Debug/net8.0-android/android/compressed_assemblies.arm64-v8a.o' -> 'goodrive://www.googleapis.com/:personal:/bannister/bannister/obj/x64/Debug/net8.0-android/android/compressed_assemblies.arm64-v8a.o' (848)
2026-09-28 05:48:29: < Copy Over 'C:/rock/bannister/Bannister/obj/x64/Debug/net8.0-android/android/bin/packaged_resources' -> 'goodrive://www.googleapis.com/:personal:/bannister/bannister/obj/x64/Debug/net8.0-android/android/bin/packaged_resources' (28,115,731)
2026-09-28 05:48:30: Copy Over 'C:/rock/bannister/Bannister/obj/x64/Debug/net8.0-android/android/compressed_assemblies.armeabi-v7a.o' -> 'goodrive://www.googleapis.com/:personal:/bannister/bannister/obj/x64/Debug/net8.0-android/android/compressed_assemblies.armeabi-v7a.o' (700)
2026-09-28 05:48:31: Copy Over 'C:/rock/bannister/Bannister/obj/x64/Debug/net8.0-android/android/compressed_assemblies.x86.o' -> 'goodrive://www.googleapis.com/:personal:/bannister/bannister/obj/x64/Debug/net8.0-android/android/compressed_assemblies.x86.o' (576)
2026-09-28 05:48:33: Copy Over 'C:/rock/bannister/Bannister/obj/x64/Debug/net8.0-android/android/compressed_assemblies.x86_64.o' -> 'goodrive://www.googleapis.com/:personal:/bannister/bannister/obj/x64/Debug/net8.0-android/android/compressed_assemblies.x86_64.o' (792)
2026-09-28 05:48:34: Copy Over 'C:/rock/bannister/Bannister/obj/x64/Debug/net8.0-android/android/environment.arm64-v8a.ll' -> 'goodrive://www.googleapis.com/:personal:/bannister/bannister/obj/x64/Debug/net8.0-android/android/environment.arm64-v8a.ll' (154,586)
2026-09-28 05:48:35: Copy Over 'C:/rock/bannister/Bannister/obj/x64/Debug/net8.0-android/android/environment.arm64-v8a.o' -> 'goodrive://www.googleapis.com/:personal:/bannister/bannister/obj/x64/Debug/net8.0-android/android/environment.arm64-v8a.o' (47,800)
2026-09-28 05:48:37: Copy Over 'C:/rock/bannister/Bannister/obj/x64/Debug/net8.0-android/android/environment.armeabi-v7a.ll' -> 'goodrive://www.googleapis.com/:personal:/bannister/bannister/obj/x64/Debug/net8.0-android/android/environment.armeabi-v7a.ll' (153,561)
2026-09-28 05:48:38: Copy Over 'C:/rock/bannister/Bannister/obj/x64/Debug/net8.0-android/android/environment.armeabi-v7a.o' -> 'goodrive://www.googleapis.com/:personal:/bannister/bannister/obj/x64/Debug/net8.0-android/android/environment.armeabi-v7a.o' (32,924)
2026-09-28 05:48:39: Copy Over 'C:/rock/bannister/Bannister/obj/x64/Debug/net8.0-android/android/environment.x86.ll' -> 'goodrive://www.googleapis.com/:personal:/bannister/bannister/obj/x64/Debug/net8.0-android/android/environment.x86.ll' (153,578)
2026-09-28 05:48:40: Copy Over 'C:/rock/bannister/Bannister/obj/x64/Debug/net8.0-android/android/environment.x86.o' -> 'goodrive://www.googleapis.com/:personal:/bannister/bannister/obj/x64/Debug/net8.0-android/android/environment.x86.o' (32,608)
2026-09-28 05:48:41: Copy Over 'C:/rock/bannister/Bannister/obj/x64/Debug/net8.0-android/android/environment.x86_64.ll' -> 'goodrive://www.googleapis.com/:personal:/bannister/bannister/obj/x64/Debug/net8.0-android/android/environment.x86_64.ll' (154,724)
2026-09-28 05:48:43: Copy Over 'C:/rock/bannister/Bannister/obj/x64/Debug/net8.0-android/android/environment.x86_64.o' -> 'goodrive://www.googleapis.com/:personal:/bannister/bannister/obj/x64/Debug/net8.0-android/android/environment.x86_64.o' (47,904)
2026-09-28 05:48:44: Copy Over 'C:/rock/bannister/Bannister/obj/x64/Debug/net8.0-android/android/jni_remap.arm64-v8a.o' -> 'goodrive://www.googleapis.com/:personal:/bannister/bannister/obj/x64/Debug/net8.0-android/android/jni_remap.arm64-v8a.o' (968)
2026-09-28 05:48:45: Copy Over 'C:/rock/bannister/Bannister/obj/x64/Debug/net8.0-android/android/jni_remap.armeabi-v7a.o' -> 'goodrive://www.googleapis.com/:personal:/bannister/bannister/obj/x64/Debug/net8.0-android/android/jni_remap.armeabi-v7a.o' (784)
2026-09-28 05:48:47: Copy Over 'C:/rock/bannister/Bannister/obj/x64/Debug/net8.0-android/android/jni_remap.x86.o' -> 'goodrive://www.googleapis.com/:personal:/bannister/bannister/obj/x64/Debug/net8.0-android/android/jni_remap.x86.o' (660)
2026-09-28 05:48:47: Copy Over 'C:/rock/bannister/Bannister/obj/x64/Debug/net8.0-android/android/jni_remap.x86_64.o' -> 'goodrive://www.googleapis.com/:personal:/bannister/bannister/obj/x64/Debug/net8.0-android/android/jni_remap.x86_64.o' (912)
2026-09-28 05:48:49: Copy Over 'C:/rock/bannister/Bannister/obj/x64/Debug/net8.0-android/android/marshal_methods.arm64-v8a.o' -> 'goodrive://www.googleapis.com/:personal:/bannister/bannister/obj/x64/Debug/net8.0-android/android/marshal_methods.arm64-v8a.o' (10,056)
2026-09-28 05:48:51: Copy Over 'C:/rock/bannister/Bannister/obj/x64/Debug/net8.0-android/android/manifest/AndroidManifest.xml' -> 'goodrive://www.googleapis.com/:personal:/bannister/bannister/obj/x64/Debug/net8.0-android/android/manifest/AndroidManifest.xml' (4,994)
2026-09-28 05:48:52: Copy Over 'C:/rock/bannister/Bannister/obj/x64/Debug/net8.0-android/android/marshal_methods.armeabi-v7a.o' -> 'goodrive://www.googleapis.com/:personal:/bannister/bannister/obj/x64/Debug/net8.0-android/android/marshal_methods.armeabi-v7a.o' (6,792)
2026-09-28 05:48:52: > Copy Over 'C:/rock/bannister/Bannister/obj/x64/Debug/net8.0-android/android/typemaps.arm64-v8a.o' -> 'goodrive://www.googleapis.com/:personal:/bannister/bannister/obj/x64/Debug/net8.0-android/android/typemaps.arm64-v8a.o' (3,181,888)
2026-09-28 05:48:53: Copy Over 'C:/rock/bannister/Bannister/obj/x64/Debug/net8.0-android/android/marshal_methods.x86.o' -> 'goodrive://www.googleapis.com/:personal:/bannister/bannister/obj/x64/Debug/net8.0-android/android/marshal_methods.x86.o' (6,760)
2026-09-28 05:48:53: > Copy Over 'C:/rock/bannister/Bannister/obj/x64/Debug/net8.0-android/android/typemaps.armeabi-v7a.o' -> 'goodrive://www.googleapis.com/:personal:/bannister/bannister/obj/x64/Debug/net8.0-android/android/typemaps.armeabi-v7a.o' (2,100,812)
2026-09-28 05:48:54: Copy Over 'C:/rock/bannister/Bannister/obj/x64/Debug/net8.0-android/android/marshal_methods.x86_64.o' -> 'goodrive://www.googleapis.com/:personal:/bannister/bannister/obj/x64/Debug/net8.0-android/android/marshal_methods.x86_64.o' (9,912)
2026-09-28 05:48:54: > Copy Over 'C:/rock/bannister/Bannister/obj/x64/Debug/net8.0-android/android/typemaps.x86.o' -> 'goodrive://www.googleapis.com/:personal:/bannister/bannister/obj/x64/Debug/net8.0-android/android/typemaps.x86.o' (2,100,688)
2026-09-28 05:48:56: < Copy Over 'C:/rock/bannister/Bannister/obj/x64/Debug/net8.0-android/android/typemaps.armeabi-v7a.o' -> 'goodrive://www.googleapis.com/:personal:/bannister/bannister/obj/x64/Debug/net8.0-android/android/typemaps.armeabi-v7a.o' (2,100,812)
2026-09-28 05:48:56: > Copy Over 'C:/rock/bannister/Bannister/obj/x64/Debug/net8.0-android/android/typemaps.x86_64.o' -> 'goodrive://www.googleapis.com/:personal:/bannister/bannister/obj/x64/Debug/net8.0-android/android/typemaps.x86_64.o' (3,370,672)
2026-09-28 05:48:57: < Copy Over 'C:/rock/bannister/Bannister/obj/x64/Debug/net8.0-android/android/typemaps.arm64-v8a.o' -> 'goodrive://www.googleapis.com/:personal:/bannister/bannister/obj/x64/Debug/net8.0-android/android/typemaps.arm64-v8a.o' (3,181,888)
2026-09-28 05:48:58: < Copy Over 'C:/rock/bannister/Bannister/obj/x64/Debug/net8.0-android/android/typemaps.x86.o' -> 'goodrive://www.googleapis.com/:personal:/bannister/bannister/obj/x64/Debug/net8.0-android/android/typemaps.x86.o' (2,100,688)
2026-09-28 05:49:01: Copy Over 'C:/rock/bannister/Bannister/obj/x64/Debug/net8.0-android/android-arm/Bannister.assets.cache' -> 'goodrive://www.googleapis.com/:personal:/bannister/bannister/obj/x64/Debug/net8.0-android/android-arm/Bannister.assets.cache' (101,437)
2026-09-28 05:49:01: < Copy Over 'C:/rock/bannister/Bannister/obj/x64/Debug/net8.0-android/android/typemaps.x86_64.o' -> 'goodrive://www.googleapis.com/:personal:/bannister/bannister/obj/x64/Debug/net8.0-android/android/typemaps.x86_64.o' (3,370,672)
2026-09-28 05:49:02: Copy Over 'C:/rock/bannister/Bannister/obj/x64/Debug/net8.0-android/android-arm64/Bannister.assets.cache' -> 'goodrive://www.googleapis.com/:personal:/bannister/bannister/obj/x64/Debug/net8.0-android/android-arm64/Bannister.assets.cache' (101,441)
2026-09-28 05:49:04: Copy Over 'C:/rock/bannister/Bannister/obj/x64/Debug/net8.0-android/android-x64/Bannister.assets.cache' -> 'goodrive://www.googleapis.com/:personal:/bannister/bannister/obj/x64/Debug/net8.0-android/android-x64/Bannister.assets.cache' (101,437)
2026-09-28 05:49:04: > Copy Over 'C:/rock/bannister/Bannister/obj/x64/Debug/net8.0-android/app_shared_libraries/arm64-v8a/libxamarin-app.so' -> 'goodrive://www.googleapis.com/:personal:/bannister/bannister/obj/x64/Debug/net8.0-android/app_shared_libraries/arm64-v8a/libxamarin-app.so' (3,240,856)
2026-09-28 05:49:04: Copy Over 'C:/rock/bannister/Bannister/obj/x64/Debug/net8.0-android/android-x86/Bannister.assets.cache' -> 'goodrive://www.googleapis.com/:personal:/bannister/bannister/obj/x64/Debug/net8.0-android/android-x86/Bannister.assets.cache' (101,437)
2026-09-28 05:49:05: Copy Over 'C:/rock/bannister/Bannister/obj/x64/Debug/net8.0-android/assets/AboutAssets.txt' -> 'goodrive://www.googleapis.com/:personal:/bannister/bannister/obj/x64/Debug/net8.0-android/assets/AboutAssets.txt' (642)
2026-09-28 05:49:08: < Copy Over 'C:/rock/bannister/Bannister/obj/x64/Debug/net8.0-android/app_shared_libraries/arm64-v8a/libxamarin-app.so' -> 'goodrive://www.googleapis.com/:personal:/bannister/bannister/obj/x64/Debug/net8.0-android/app_shared_libraries/arm64-v8a/libxamarin-app.so' (3,240,856)
2026-09-28 05:49:08: > Copy Over 'C:/rock/bannister/Bannister/obj/x64/Debug/net8.0-android/app_shared_libraries/armeabi-v7a/libxamarin-app.so' -> 'goodrive://www.googleapis.com/:personal:/bannister/bannister/obj/x64/Debug/net8.0-android/app_shared_libraries/armeabi-v7a/libxamarin-app.so' (2,141,372)
2026-09-28 05:49:08: Copy Over 'C:/rock/bannister/Bannister/obj/x64/Debug/net8.0-android/assets/OpenSans-Regular.ttf' -> 'goodrive://www.googleapis.com/:personal:/bannister/bannister/obj/x64/Debug/net8.0-android/assets/OpenSans-Regular.ttf' (107,276)
2026-09-28 05:49:08: > Copy Over 'C:/rock/bannister/Bannister/obj/x64/Debug/net8.0-android/app_shared_libraries/x86/libxamarin-app.so' -> 'goodrive://www.googleapis.com/:personal:/bannister/bannister/obj/x64/Debug/net8.0-android/app_shared_libraries/x86/libxamarin-app.so' (2,140,920)
2026-09-28 05:49:10: Copy Over 'C:/rock/bannister/Bannister/obj/x64/Debug/net8.0-android/assets/OpenSans-Semibold.ttf' -> 'goodrive://www.googleapis.com/:personal:/bannister/bannister/obj/x64/Debug/net8.0-android/assets/OpenSans-Semibold.ttf' (111,184)
2026-09-28 05:49:12: < Copy Over 'C:/rock/bannister/Bannister/obj/x64/Debug/net8.0-android/app_shared_libraries/armeabi-v7a/libxamarin-app.so' -> 'goodrive://www.googleapis.com/:personal:/bannister/bannister/obj/x64/Debug/net8.0-android/app_shared_libraries/armeabi-v7a/libxamarin-app.so' (2,141,372)
2026-09-28 05:49:13: < Copy Over 'C:/rock/bannister/Bannister/obj/x64/Debug/net8.0-android/app_shared_libraries/x86/libxamarin-app.so' -> 'goodrive://www.googleapis.com/:personal:/bannister/bannister/obj/x64/Debug/net8.0-android/app_shared_libraries/x86/libxamarin-app.so' (2,140,920)
2026-09-28 05:49:13: > Copy Over 'C:/rock/bannister/Bannister/obj/x64/Debug/net8.0-android/app_shared_libraries/x86_64/libxamarin-app.so' -> 'goodrive://www.googleapis.com/:personal:/bannister/bannister/obj/x64/Debug/net8.0-android/app_shared_libraries/x86_64/libxamarin-app.so' (3,429,200)
2026-09-28 05:49:13: Copy Over 'C:/rock/bannister/Bannister/obj/x64/Debug/net8.0-android/Bannister.AssemblyInfo.cs' -> 'goodrive://www.googleapis.com/:personal:/bannister/bannister/obj/x64/Debug/net8.0-android/Bannister.AssemblyInfo.cs' (1,200)
2026-09-28 05:49:16: Copy Over 'C:/rock/bannister/Bannister/obj/x64/Debug/net8.0-android/Bannister.AssemblyInfoInputs.cache' -> 'goodrive://www.googleapis.com/:personal:/bannister/bannister/obj/x64/Debug/net8.0-android/Bannister.AssemblyInfoInputs.cache' (66)
2026-09-28 05:49:16: < Copy Over 'C:/rock/bannister/Bannister/obj/x64/Debug/net8.0-android/app_shared_libraries/x86_64/libxamarin-app.so' -> 'goodrive://www.googleapis.com/:personal:/bannister/bannister/obj/x64/Debug/net8.0-android/app_shared_libraries/x86_64/libxamarin-app.so' (3,429,200)
2026-09-28 05:49:16: > Copy Over 'C:/rock/bannister/Bannister/obj/x64/Debug/net8.0-android/Bannister.dll' -> 'goodrive://www.googleapis.com/:personal:/bannister/bannister/obj/x64/Debug/net8.0-android/Bannister.dll' (8,246,272)
2026-09-28 05:49:16: Copy Over 'C:/rock/bannister/Bannister/obj/x64/Debug/net8.0-android/Bannister.assets.cache' -> 'goodrive://www.googleapis.com/:personal:/bannister/bannister/obj/x64/Debug/net8.0-android/Bannister.assets.cache' (102,483)
2026-09-28 05:49:16: > Copy Over 'C:/rock/bannister/Bannister/obj/x64/Debug/net8.0-android/Bannister.pdb' -> 'goodrive://www.googleapis.com/:personal:/bannister/bannister/obj/x64/Debug/net8.0-android/Bannister.pdb' (1,767,908)
2026-09-28 05:49:20: Copy Over 'C:/rock/bannister/Bannister/obj/x64/Debug/net8.0-android/Bannister.csproj.BuildWithSkipAnalyzers' -> 'goodrive://www.googleapis.com/:personal:/bannister/bannister/obj/x64/Debug/net8.0-android/Bannister.csproj.BuildWithSkipAnalyzers' (0)
2026-09-28 05:49:20: < Copy Over 'C:/rock/bannister/Bannister/obj/x64/Debug/net8.0-android/Bannister.pdb' -> 'goodrive://www.googleapis.com/:personal:/bannister/bannister/obj/x64/Debug/net8.0-android/Bannister.pdb' (1,767,908)
2026-09-28 05:49:21: < Copy Over 'C:/rock/bannister/Bannister/obj/x64/Debug/net8.0-android/Bannister.dll' -> 'goodrive://www.googleapis.com/:personal:/bannister/bannister/obj/x64/Debug/net8.0-android/Bannister.dll' (8,246,272)
2026-09-28 05:49:23: Copy Over 'C:/rock/bannister/Bannister/obj/x64/Debug/net8.0-android/Bannister.sourcelink.json' -> 'goodrive://www.googleapis.com/:personal:/bannister/bannister/obj/x64/Debug/net8.0-android/Bannister.sourcelink.json' (141)
2026-09-28 05:49:23: Copy Over 'C:/rock/bannister/Bannister/obj/x64/Debug/net8.0-android/Bannister.runtimeconfig.json.bin' -> 'goodrive://www.googleapis.com/:personal:/bannister/bannister/obj/x64/Debug/net8.0-android/Bannister.runtimeconfig.json.bin' (953)
2026-09-28 05:49:24: Copy Over 'C:/rock/bannister/Bannister/obj/x64/Debug/net8.0-android/buildid.txt' -> 'goodrive://www.googleapis.com/:personal:/bannister/bannister/obj/x64/Debug/net8.0-android/buildid.txt' (38)
2026-09-28 05:49:27: Copy Over 'C:/rock/bannister/Bannister/obj/x64/Debug/net8.0-android/designtime/build.props' -> 'goodrive://www.googleapis.com/:personal:/bannister/bannister/obj/x64/Debug/net8.0-android/designtime/build.props' (999)
2026-09-28 05:49:27: Copy Over 'C:/rock/bannister/Bannister/obj/x64/Debug/net8.0-android/flat/values_colors.arsc.flat' -> 'goodrive://www.googleapis.com/:personal:/bannister/bannister/obj/x64/Debug/net8.0-android/flat/values_colors.arsc.flat' (352)
2026-09-28 05:49:28: Copy Over 'C:/rock/bannister/Bannister/obj/x64/Debug/net8.0-android/designtime/stamp/_ResolveLibraryProjectImports.stamp' -> 'goodrive://www.googleapis.com/:personal:/bannister/bannister/obj/x64/Debug/net8.0-android/designtime/stamp/_ResolveLibraryProjectImports.stamp' (0)
2026-09-28 05:49:30: Copy Over 'C:/rock/bannister/Bannister/obj/x64/Debug/net8.0-android/lp/101/jl/flat/101.flata' -> 'goodrive://www.googleapis.com/:personal:/bannister/bannister/obj/x64/Debug/net8.0-android/lp/101/jl/flat/101.flata' (352)
2026-09-28 05:49:30: Copy Over 'C:/rock/bannister/Bannister/obj/x64/Debug/net8.0-android/lp/100/jl/flat/100.flata' -> 'goodrive://www.googleapis.com/:personal:/bannister/bannister/obj/x64/Debug/net8.0-android/lp/100/jl/flat/100.flata' (256)
2026-09-28 05:49:31: Copy Over 'C:/rock/bannister/Bannister/obj/x64/Debug/net8.0-android/lp/103/jl/flat/103.flata' -> 'goodrive://www.googleapis.com/:personal:/bannister/bannister/obj/x64/Debug/net8.0-android/lp/103/jl/flat/103.flata' (256)
2026-09-28 05:49:33: Copy Over 'C:/rock/bannister/Bannister/obj/x64/Debug/net8.0-android/lp/104/jl/flat/104.flata' -> 'goodrive://www.googleapis.com/:personal:/bannister/bannister/obj/x64/Debug/net8.0-android/lp/104/jl/flat/104.flata' (178,876)
2026-09-28 05:49:34: Copy Over 'C:/rock/bannister/Bannister/obj/x64/Debug/net8.0-android/lp/107/jl/flat/107.flata' -> 'goodrive://www.googleapis.com/:personal:/bannister/bannister/obj/x64/Debug/net8.0-android/lp/107/jl/flat/107.flata' (364)
2026-09-28 05:49:35: Copy Over 'C:/rock/bannister/Bannister/obj/x64/Debug/net8.0-android/lp/108/jl/flat/108.flata' -> 'goodrive://www.googleapis.com/:personal:/bannister/bannister/obj/x64/Debug/net8.0-android/lp/108/jl/flat/108.flata' (256)
2026-09-28 05:49:38: Copy Over 'C:/rock/bannister/Bannister/obj/x64/Debug/net8.0-android/lp/109/jl/flat/109.flata' -> 'goodrive://www.googleapis.com/:personal:/bannister/bannister/obj/x64/Debug/net8.0-android/lp/109/jl/flat/109.flata' (416)
2026-09-28 05:49:38: Copy Over 'C:/rock/bannister/Bannister/obj/x64/Debug/net8.0-android/lp/110/jl/flat/110.flata' -> 'goodrive://www.googleapis.com/:personal:/bannister/bannister/obj/x64/Debug/net8.0-android/lp/110/jl/flat/110.flata' (1,984)
2026-09-28 05:49:39: Copy Over 'C:/rock/bannister/Bannister/obj/x64/Debug/net8.0-android/lp/111/jl/flat/111.flata' -> 'goodrive://www.googleapis.com/:personal:/bannister/bannister/obj/x64/Debug/net8.0-android/lp/111/jl/flat/111.flata' (360)
2026-09-28 05:49:42: Copy Over 'C:/rock/bannister/Bannister/obj/x64/Debug/net8.0-android/lp/114/jl/flat/114.flata' -> 'goodrive://www.googleapis.com/:personal:/bannister/bannister/obj/x64/Debug/net8.0-android/lp/114/jl/flat/114.flata' (256)
2026-09-28 05:49:42: Copy Over 'C:/rock/bannister/Bannister/obj/x64/Debug/net8.0-android/lp/112/jl/flat/112.flata' -> 'goodrive://www.googleapis.com/:personal:/bannister/bannister/obj/x64/Debug/net8.0-android/lp/112/jl/flat/112.flata' (256)
2026-09-28 05:49:42: Copy Over 'C:/rock/bannister/Bannister/obj/x64/Debug/net8.0-android/lp/115/jl/flat/115.flata' -> 'goodrive://www.googleapis.com/:personal:/bannister/bannister/obj/x64/Debug/net8.0-android/lp/115/jl/flat/115.flata' (408)
2026-09-28 05:49:45: Copy Over 'C:/rock/bannister/Bannister/obj/x64/Debug/net8.0-android/lp/117/jl/flat/117.flata' -> 'goodrive://www.googleapis.com/:personal:/bannister/bannister/obj/x64/Debug/net8.0-android/lp/117/jl/flat/117.flata' (376)
2026-09-28 05:49:45: Copy Over 'C:/rock/bannister/Bannister/obj/x64/Debug/net8.0-android/lp/116/jl/flat/116.flata' -> 'goodrive://www.googleapis.com/:personal:/bannister/bannister/obj/x64/Debug/net8.0-android/lp/116/jl/flat/116.flata' (11,094)
2026-09-28 05:49:45: Copy Over 'C:/rock/bannister/Bannister/obj/x64/Debug/net8.0-android/lp/120/jl/flat/120.flata' -> 'goodrive://www.googleapis.com/:personal:/bannister/bannister/obj/x64/Debug/net8.0-android/lp/120/jl/flat/120.flata' (780)
2026-09-28 05:49:49: Copy Over 'C:/rock/bannister/Bannister/obj/x64/Debug/net8.0-android/lp/122/jl/flat/122.flata' -> 'goodrive://www.googleapis.com/:personal:/bannister/bannister/obj/x64/Debug/net8.0-android/lp/122/jl/flat/122.flata' (256)
2026-09-28 05:49:49: Copy Over 'C:/rock/bannister/Bannister/obj/x64/Debug/net8.0-android/lp/123/jl/flat/123.flata' -> 'goodrive://www.googleapis.com/:personal:/bannister/bannister/obj/x64/Debug/net8.0-android/lp/123/jl/flat/123.flata' (256)
2026-09-28 05:49:51: Copy Over 'C:/rock/bannister/Bannister/obj/x64/Debug/net8.0-android/lp/126/jl/flat/126.flata' -> 'goodrive://www.googleapis.com/:personal:/bannister/bannister/obj/x64/Debug/net8.0-android/lp/126/jl/flat/126.flata' (256)
2026-09-28 05:49:53: Copy Over 'C:/rock/bannister/Bannister/obj/x64/Debug/net8.0-android/lp/127/jl/flat/127.flata' -> 'goodrive://www.googleapis.com/:personal:/bannister/bannister/obj/x64/Debug/net8.0-android/lp/127/jl/flat/127.flata' (256)
2026-09-28 05:49:53: Copy Over 'C:/rock/bannister/Bannister/obj/x64/Debug/net8.0-android/lp/129/jl/flat/129.flata' -> 'goodrive://www.googleapis.com/:personal:/bannister/bannister/obj/x64/Debug/net8.0-android/lp/129/jl/flat/129.flata' (564)
2026-09-28 05:49:55: Copy Over 'C:/rock/bannister/Bannister/obj/x64/Debug/net8.0-android/lp/131/jl/flat/131.flata' -> 'goodrive://www.googleapis.com/:personal:/bannister/bannister/obj/x64/Debug/net8.0-android/lp/131/jl/flat/131.flata' (6,976)
2026-09-28 05:49:56: Copy Over 'C:/rock/bannister/Bannister/obj/x64/Debug/net8.0-android/lp/132/jl/flat/132.flata' -> 'goodrive://www.googleapis.com/:personal:/bannister/bannister/obj/x64/Debug/net8.0-android/lp/132/jl/flat/132.flata' (2,082)
2026-09-28 05:49:56: Copy Over 'C:/rock/bannister/Bannister/obj/x64/Debug/net8.0-android/lp/133/jl/flat/133.flata' -> 'goodrive://www.googleapis.com/:personal:/bannister/bannister/obj/x64/Debug/net8.0-android/lp/133/jl/flat/133.flata' (765,520)
2026-09-28 05:49:56: > Copy Over 'C:/rock/bannister/Bannister/obj/x64/Debug/net8.0-android/lp/136/jl/flat/136.flata' -> 'goodrive://www.googleapis.com/:personal:/bannister/bannister/obj/x64/Debug/net8.0-android/lp/136/jl/flat/136.flata' (1,757,158)
2026-09-28 05:49:58: Copy Over 'C:/rock/bannister/Bannister/obj/x64/Debug/net8.0-android/lp/134/jl/flat/134.flata' -> 'goodrive://www.googleapis.com/:personal:/bannister/bannister/obj/x64/Debug/net8.0-android/lp/134/jl/flat/134.flata' (74,480)
2026-09-28 05:50:00: Copy Over 'C:/rock/bannister/Bannister/obj/x64/Debug/net8.0-android/lp/135/jl/flat/135.flata' -> 'goodrive://www.googleapis.com/:personal:/bannister/bannister/obj/x64/Debug/net8.0-android/lp/135/jl/flat/135.flata' (4,742)
2026-09-28 05:50:00: < Copy Over 'C:/rock/bannister/Bannister/obj/x64/Debug/net8.0-android/lp/136/jl/flat/136.flata' -> 'goodrive://www.googleapis.com/:personal:/bannister/bannister/obj/x64/Debug/net8.0-android/lp/136/jl/flat/136.flata' (1,757,158)
2026-09-28 05:50:02: Copy Over 'C:/rock/bannister/Bannister/obj/x64/Debug/net8.0-android/lp/137/jl/flat/137.flata' -> 'goodrive://www.googleapis.com/:personal:/bannister/bannister/obj/x64/Debug/net8.0-android/lp/137/jl/flat/137.flata' (256)
2026-09-28 05:50:03: Copy Over 'C:/rock/bannister/Bannister/obj/x64/Debug/net8.0-android/lp/138/jl/flat/138.flata' -> 'goodrive://www.googleapis.com/:personal:/bannister/bannister/obj/x64/Debug/net8.0-android/lp/138/jl/flat/138.flata' (4,032)
2026-09-28 05:50:04: Copy Over 'C:/rock/bannister/Bannister/obj/x64/Debug/net8.0-android/lp/139/jl/flat/139.flata' -> 'goodrive://www.googleapis.com/:personal:/bannister/bannister/obj/x64/Debug/net8.0-android/lp/139/jl/flat/139.flata' (656)
2026-09-28 05:50:05: Copy Over 'C:/rock/bannister/Bannister/obj/x64/Debug/net8.0-android/lp/140/jl/flat/140.flata' -> 'goodrive://www.googleapis.com/:personal:/bannister/bannister/obj/x64/Debug/net8.0-android/lp/140/jl/flat/140.flata' (256)
2026-09-28 05:50:07: Copy Over 'C:/rock/bannister/Bannister/obj/x64/Debug/net8.0-android/lp/141/jl/flat/141.flata' -> 'goodrive://www.googleapis.com/:personal:/bannister/bannister/obj/x64/Debug/net8.0-android/lp/141/jl/flat/141.flata' (256)
2026-09-28 05:50:08: Copy Over 'C:/rock/bannister/Bannister/obj/x64/Debug/net8.0-android/lp/142/jl/flat/142.flata' -> 'goodrive://www.googleapis.com/:personal:/bannister/bannister/obj/x64/Debug/net8.0-android/lp/142/jl/flat/142.flata' (256)
2026-09-28 05:50:09: Copy Over 'C:/rock/bannister/Bannister/obj/x64/Debug/net8.0-android/lp/143/jl/flat/143.flata' -> 'goodrive://www.googleapis.com/:personal:/bannister/bannister/obj/x64/Debug/net8.0-android/lp/143/jl/flat/143.flata' (256)
2026-09-28 05:50:10: Copy Over 'C:/rock/bannister/Bannister/obj/x64/Debug/net8.0-android/lp/144/jl/flat/144.flata' -> 'goodrive://www.googleapis.com/:personal:/bannister/bannister/obj/x64/Debug/net8.0-android/lp/144/jl/flat/144.flata' (256)
2026-09-28 05:50:11: Copy Over 'C:/rock/bannister/Bannister/obj/x64/Debug/net8.0-android/lp/145/jl/flat/145.flata' -> 'goodrive://www.googleapis.com/:personal:/bannister/bannister/obj/x64/Debug/net8.0-android/lp/145/jl/flat/145.flata' (2,212)
2026-09-28 05:50:12: Copy Over 'C:/rock/bannister/Bannister/obj/x64/Debug/net8.0-android/lp/146/jl/flat/146.flata' -> 'goodrive://www.googleapis.com/:personal:/bannister/bannister/obj/x64/Debug/net8.0-android/lp/146/jl/flat/146.flata' (256)
2026-09-28 05:50:14: Copy Over 'C:/rock/bannister/Bannister/obj/x64/Debug/net8.0-android/lp/147/jl/flat/147.flata' -> 'goodrive://www.googleapis.com/:personal:/bannister/bannister/obj/x64/Debug/net8.0-android/lp/147/jl/flat/147.flata' (1,036)
2026-09-28 05:50:14: Copy Over 'C:/rock/bannister/Bannister/obj/x64/Debug/net8.0-android/lp/148/jl/flat/148.flata' -> 'goodrive://www.googleapis.com/:personal:/bannister/bannister/obj/x64/Debug/net8.0-android/lp/148/jl/flat/148.flata' (47,854)
2026-09-28 05:50:16: Copy Over 'C:/rock/bannister/Bannister/obj/x64/Debug/net8.0-android/lp/149/jl/flat/149.flata' -> 'goodrive://www.googleapis.com/:personal:/bannister/bannister/obj/x64/Debug/net8.0-android/lp/149/jl/flat/149.flata' (256)
2026-09-28 05:50:17: Copy Over 'C:/rock/bannister/Bannister/obj/x64/Debug/net8.0-android/lp/150/jl/flat/150.flata' -> 'goodrive://www.googleapis.com/:personal:/bannister/bannister/obj/x64/Debug/net8.0-android/lp/150/jl/flat/150.flata' (256)
2026-09-28 05:50:18: Copy Over 'C:/rock/bannister/Bannister/obj/x64/Debug/net8.0-android/lp/151/jl/flat/151.flata' -> 'goodrive://www.googleapis.com/:personal:/bannister/bannister/obj/x64/Debug/net8.0-android/lp/151/jl/flat/151.flata' (864)
2026-09-28 05:50:20: Copy Over 'C:/rock/bannister/Bannister/obj/x64/Debug/net8.0-android/lp/152/jl/flat/152.flata' -> 'goodrive://www.googleapis.com/:personal:/bannister/bannister/obj/x64/Debug/net8.0-android/lp/152/jl/flat/152.flata' (256)
2026-09-28 05:50:21: Copy Over 'C:/rock/bannister/Bannister/obj/x64/Debug/net8.0-android/lp/154/jl/flat/154.flata' -> 'goodrive://www.googleapis.com/:personal:/bannister/bannister/obj/x64/Debug/net8.0-android/lp/154/jl/flat/154.flata' (64,320)
2026-09-28 05:50:21: Copy Over 'C:/rock/bannister/Bannister/obj/x64/Debug/net8.0-android/lp/156/jl/flat/156.flata' -> 'goodrive://www.googleapis.com/:personal:/bannister/bannister/obj/x64/Debug/net8.0-android/lp/156/jl/flat/156.flata' (356)
2026-09-28 05:50:23: Copy Over 'C:/rock/bannister/Bannister/obj/x64/Debug/net8.0-android/lp/159/jl/flat/layout_tabbar.xml.flat' -> 'goodrive://www.googleapis.com/:personal:/bannister/bannister/obj/x64/Debug/net8.0-android/lp/159/jl/flat/layout_tabbar.xml.flat' (932)
2026-09-28 05:50:24: Copy Over 'C:/rock/bannister/Bannister/obj/x64/Debug/net8.0-android/lp/160/jl/flat/anim_enterfromleft.xml.flat' -> 'goodrive://www.googleapis.com/:personal:/bannister/bannister/obj/x64/Debug/net8.0-android/lp/160/jl/flat/anim_enterfromleft.xml.flat' (708)
2026-09-28 05:50:25: Copy Over 'C:/rock/bannister/Bannister/obj/x64/Debug/net8.0-android/lp/160/jl/flat/anim_enterfromright.xml.flat' -> 'goodrive://www.googleapis.com/:personal:/bannister/bannister/obj/x64/Debug/net8.0-android/lp/160/jl/flat/anim_enterfromright.xml.flat' (512)
2026-09-28 05:50:27: Copy Over 'C:/rock/bannister/Bannister/obj/x64/Debug/net8.0-android/lp/160/jl/flat/anim_exittoleft.xml.flat' -> 'goodrive://www.googleapis.com/:personal:/bannister/bannister/obj/x64/Debug/net8.0-android/lp/160/jl/flat/anim_exittoleft.xml.flat' (704)
2026-09-28 05:50:27: Copy Over 'C:/rock/bannister/Bannister/obj/x64/Debug/net8.0-android/lp/160/jl/flat/anim_exittoright.xml.flat' -> 'goodrive://www.googleapis.com/:personal:/bannister/bannister/obj/x64/Debug/net8.0-android/lp/160/jl/flat/anim_exittoright.xml.flat' (504)
2026-09-28 05:50:28: Copy Over 'C:/rock/bannister/Bannister/obj/x64/Debug/net8.0-android/lp/160/jl/flat/layout_flyoutcontent.xml.flat' -> 'goodrive://www.googleapis.com/:personal:/bannister/bannister/obj/x64/Debug/net8.0-android/lp/160/jl/flat/layout_flyoutcontent.xml.flat' (1,104)
2026-09-28 05:50:31: Copy Over 'C:/rock/bannister/Bannister/obj/x64/Debug/net8.0-android/lp/160/jl/flat/values_strings.arsc.flat' -> 'goodrive://www.googleapis.com/:personal:/bannister/bannister/obj/x64/Debug/net8.0-android/lp/160/jl/flat/values_strings.arsc.flat' (280)
2026-09-28 05:50:31: Copy Over 'C:/rock/bannister/Bannister/obj/x64/Debug/net8.0-android/lp/160/jl/flat/layout_shellcontent.xml.flat' -> 'goodrive://www.googleapis.com/:personal:/bannister/bannister/obj/x64/Debug/net8.0-android/lp/160/jl/flat/layout_shellcontent.xml.flat' (896)
2026-09-28 05:50:32: Copy Over 'C:/rock/bannister/Bannister/obj/x64/Debug/net8.0-android/lp/159/jl/flat/layout_toolbar.xml.flat' -> 'goodrive://www.googleapis.com/:personal:/bannister/bannister/obj/x64/Debug/net8.0-android/lp/159/jl/flat/layout_toolbar.xml.flat' (772)
2026-09-28 05:50:34: Copy Over 'C:/rock/bannister/Bannister/obj/x64/Debug/net8.0-android/lp/159/jl/flat/values_attrs.arsc.flat' -> 'goodrive://www.googleapis.com/:personal:/bannister/bannister/obj/x64/Debug/net8.0-android/lp/159/jl/flat/values_attrs.arsc.flat' (860)
2026-09-28 05:50:35: Copy Over 'C:/rock/bannister/Bannister/obj/x64/Debug/net8.0-android/lp/159/jl/flat/values_styles.arsc.flat' -> 'goodrive://www.googleapis.com/:personal:/bannister/bannister/obj/x64/Debug/net8.0-android/lp/159/jl/flat/values_styles.arsc.flat' (1,240)
2026-09-28 05:50:35: Copy Over 'C:/rock/bannister/Bannister/obj/x64/Debug/net8.0-android/lp/161/jl/flat/values_values.arsc.flat' -> 'goodrive://www.googleapis.com/:personal:/bannister/bannister/obj/x64/Debug/net8.0-android/lp/161/jl/flat/values_values.arsc.flat' (272)
2026-09-28 05:50:38: Copy Over 'C:/rock/bannister/Bannister/obj/x64/Debug/net8.0-android/lp/162/jl/flat/anim_nav_default_enter_anim.xml.flat' -> 'goodrive://www.googleapis.com/:personal:/bannister/bannister/obj/x64/Debug/net8.0-android/lp/162/jl/flat/anim_nav_default_enter_anim.xml.flat' (732)
2026-09-28 05:50:38: Copy Over 'C:/rock/bannister/Bannister/obj/x64/Debug/net8.0-android/lp/162/jl/flat/anim_nav_default_exit_anim.xml.flat' -> 'goodrive://www.googleapis.com/:personal:/bannister/bannister/obj/x64/Debug/net8.0-android/lp/162/jl/flat/anim_nav_default_exit_anim.xml.flat' (728)
2026-09-28 05:50:38: Copy Over 'C:/rock/bannister/Bannister/obj/x64/Debug/net8.0-android/lp/162/jl/flat/anim_nav_default_pop_enter_anim.xml.flat' -> 'goodrive://www.googleapis.com/:personal:/bannister/bannister/obj/x64/Debug/net8.0-android/lp/162/jl/flat/anim_nav_default_pop_enter_anim.xml.flat' (740)
2026-09-28 05:50:41: Copy Over 'C:/rock/bannister/Bannister/obj/x64/Debug/net8.0-android/lp/162/jl/flat/drawable_maui_splash_image.xml.flat' -> 'goodrive://www.googleapis.com/:personal:/bannister/bannister/obj/x64/Debug/net8.0-android/lp/162/jl/flat/drawable_maui_splash_image.xml.flat' (192)
2026-09-28 05:50:41: Copy Over 'C:/rock/bannister/Bannister/obj/x64/Debug/net8.0-android/lp/162/jl/flat/anim_nav_default_pop_exit_anim.xml.flat' -> 'goodrive://www.googleapis.com/:personal:/bannister/bannister/obj/x64/Debug/net8.0-android/lp/162/jl/flat/anim_nav_default_pop_exit_anim.xml.flat' (736)
2026-09-28 05:50:41: Copy Over 'C:/rock/bannister/Bannister/obj/x64/Debug/net8.0-android/lp/162/jl/flat/drawable_maui_splash.xml.flat' -> 'goodrive://www.googleapis.com/:personal:/bannister/bannister/obj/x64/Debug/net8.0-android/lp/162/jl/flat/drawable_maui_splash.xml.flat' (568)
2026-09-28 05:50:44: Copy Over 'C:/rock/bannister/Bannister/obj/x64/Debug/net8.0-android/lp/162/jl/flat/layout_drawer_layout.xml.flat' -> 'goodrive://www.googleapis.com/:personal:/bannister/bannister/obj/x64/Debug/net8.0-android/lp/162/jl/flat/layout_drawer_layout.xml.flat' (472)
2026-09-28 05:50:44: Copy Over 'C:/rock/bannister/Bannister/obj/x64/Debug/net8.0-android/lp/162/jl/flat/layout_fragment_backstack.xml.flat' -> 'goodrive://www.googleapis.com/:personal:/bannister/bannister/obj/x64/Debug/net8.0-android/lp/162/jl/flat/layout_fragment_backstack.xml.flat' (828)
2026-09-28 05:50:45: Copy Over 'C:/rock/bannister/Bannister/obj/x64/Debug/net8.0-android/lp/162/jl/flat/layout_navigationlayout.xml.flat' -> 'goodrive://www.googleapis.com/:personal:/bannister/bannister/obj/x64/Debug/net8.0-android/lp/162/jl/flat/layout_navigationlayout.xml.flat' (2,236)
2026-09-28 05:50:47: Copy Over 'C:/rock/bannister/Bannister/obj/x64/Debug/net8.0-android/lp/162/jl/flat/values_attr.arsc.flat' -> 'goodrive://www.googleapis.com/:personal:/bannister/bannister/obj/x64/Debug/net8.0-android/lp/162/jl/flat/values_attr.arsc.flat' (1,044)
2026-09-28 05:50:48: Copy Over 'C:/rock/bannister/Bannister/obj/x64/Debug/net8.0-android/lp/162/jl/flat/values_colors.arsc.flat' -> 'goodrive://www.googleapis.com/:personal:/bannister/bannister/obj/x64/Debug/net8.0-android/lp/162/jl/flat/values_colors.arsc.flat' (488)
2026-09-28 05:50:48: Copy Over 'C:/rock/bannister/Bannister/obj/x64/Debug/net8.0-android/lp/162/jl/flat/values_styles.arsc.flat' -> 'goodrive://www.googleapis.com/:personal:/bannister/bannister/obj/x64/Debug/net8.0-android/lp/162/jl/flat/values_styles.arsc.flat' (4,336)
2026-09-28 05:50:51: Copy Over 'C:/rock/bannister/Bannister/obj/x64/Debug/net8.0-android/lp/163/jl/flat/xml_microsoft_maui_essentials_fileprovider_file_paths.xml.flat' -> 'goodrive://www.googleapis.com/:personal:/bannister/bannister/obj/x64/Debug/net8.0-android/lp/163/jl/flat/xml_microsoft_maui_essentials_fileprovider_file_paths.xml.flat' (428)
2026-09-28 05:50:51: Copy Over 'C:/rock/bannister/Bannister/obj/x64/Debug/net8.0-android/lp/98/jl/flat/98.flata' -> 'goodrive://www.googleapis.com/:personal:/bannister/bannister/obj/x64/Debug/net8.0-android/lp/98/jl/flat/98.flata' (364)
2026-09-28 05:50:52: Copy Over 'C:/rock/bannister/Bannister/obj/x64/Debug/net8.0-android/lp/97/jl/flat/97.flata' -> 'goodrive://www.googleapis.com/:personal:/bannister/bannister/obj/x64/Debug/net8.0-android/lp/97/jl/flat/97.flata' (256)
2026-09-28 05:50:54: Copy Over 'C:/rock/bannister/Bannister/obj/x64/Debug/net8.0-android/lp/99/jl/flat/99.flata' -> 'goodrive://www.googleapis.com/:personal:/bannister/bannister/obj/x64/Debug/net8.0-android/lp/99/jl/flat/99.flata' (256)
2026-09-28 05:50:55: Copy Over 'C:/rock/bannister/Bannister/obj/x64/Debug/net8.0-android/lp/map.cache' -> 'goodrive://www.googleapis.com/:personal:/bannister/bannister/obj/x64/Debug/net8.0-android/lp/map.cache' (6,351)
2026-09-28 05:50:56: Copy Over 'C:/rock/bannister/Bannister/obj/x64/Debug/net8.0-android/R.cs.flag' -> 'goodrive://www.googleapis.com/:personal:/bannister/bannister/obj/x64/Debug/net8.0-android/R.cs.flag' (0)
2026-09-28 05:50:58: Copy Over 'C:/rock/bannister/Bannister/obj/x64/Debug/net8.0-android/stamp/_CompileJava.stamp' -> 'goodrive://www.googleapis.com/:personal:/bannister/bannister/obj/x64/Debug/net8.0-android/stamp/_CompileJava.stamp' (0)
2026-09-28 05:50:59: Copy Over 'C:/rock/bannister/Bannister/obj/x64/Debug/net8.0-android/resizetizer/flat/drawable-hdpi_splash.png.flat' -> 'goodrive://www.googleapis.com/:personal:/bannister/bannister/obj/x64/Debug/net8.0-android/resizetizer/flat/drawable-hdpi_splash.png.flat' (1,592)
2026-09-28 05:50:59: Copy Over 'C:/rock/bannister/Bannister/obj/x64/Debug/net8.0-android/resizetizer/flat/drawable-mdpi_splash.png.flat' -> 'goodrive://www.googleapis.com/:personal:/bannister/bannister/obj/x64/Debug/net8.0-android/resizetizer/flat/drawable-mdpi_splash.png.flat' (1,008)
2026-09-28 05:51:02: Copy Over 'C:/rock/bannister/Bannister/obj/x64/Debug/net8.0-android/resizetizer/flat/drawable-v31_maui_splash_image.xml.flat' -> 'goodrive://www.googleapis.com/:personal:/bannister/bannister/obj/x64/Debug/net8.0-android/resizetizer/flat/drawable-v31_maui_splash_image.xml.flat' (676)
2026-09-28 05:51:02: Copy Over 'C:/rock/bannister/Bannister/obj/x64/Debug/net8.0-android/resizetizer/flat/drawable-xhdpi_splash.png.flat' -> 'goodrive://www.googleapis.com/:personal:/bannister/bannister/obj/x64/Debug/net8.0-android/resizetizer/flat/drawable-xhdpi_splash.png.flat' (1,568)
2026-09-28 05:51:02: > Copy Over 'C:/rock/bannister/Bannister/obj/x64/Debug/net8.0-android/resizetizer/flat/drawable_diet_dragon_default.png.flat' -> 'goodrive://www.googleapis.com/:personal:/bannister/bannister/obj/x64/Debug/net8.0-android/resizetizer/flat/drawable_diet_dragon_default.png.flat' (2,489,496)
2026-09-28 05:51:02: Copy Over 'C:/rock/bannister/Bannister/obj/x64/Debug/net8.0-android/resizetizer/flat/drawable-xxhdpi_splash.png.flat' -> 'goodrive://www.googleapis.com/:personal:/bannister/bannister/obj/x64/Debug/net8.0-android/resizetizer/flat/drawable-xxhdpi_splash.png.flat' (2,556)
2026-09-28 05:51:02: > Copy Over 'C:/rock/bannister/Bannister/obj/x64/Debug/net8.0-android/resizetizer/flat/drawable_dragon_1.png.flat' -> 'goodrive://www.googleapis.com/:personal:/bannister/bannister/obj/x64/Debug/net8.0-android/resizetizer/flat/drawable_dragon_1.png.flat' (1,880,152)
2026-09-28 05:51:06: Copy Over 'C:/rock/bannister/Bannister/obj/x64/Debug/net8.0-android/resizetizer/flat/drawable-xxxhdpi_splash.png.flat' -> 'goodrive://www.googleapis.com/:personal:/bannister/bannister/obj/x64/Debug/net8.0-android/resizetizer/flat/drawable-xxxhdpi_splash.png.flat' (2,692)
2026-09-28 05:51:06: < Copy Over 'C:/rock/bannister/Bannister/obj/x64/Debug/net8.0-android/resizetizer/flat/drawable_dragon_1.png.flat' -> 'goodrive://www.googleapis.com/:personal:/bannister/bannister/obj/x64/Debug/net8.0-android/resizetizer/flat/drawable_dragon_1.png.flat' (1,880,152)
2026-09-28 05:51:06: < Copy Over 'C:/rock/bannister/Bannister/obj/x64/Debug/net8.0-android/resizetizer/flat/drawable_diet_dragon_default.png.flat' -> 'goodrive://www.googleapis.com/:personal:/bannister/bannister/obj/x64/Debug/net8.0-android/resizetizer/flat/drawable_diet_dragon_default.png.flat' (2,489,496)
2026-09-28 05:51:06: > Copy Over 'C:/rock/bannister/Bannister/obj/x64/Debug/net8.0-android/resizetizer/flat/drawable_dragon_12.png.flat' -> 'goodrive://www.googleapis.com/:personal:/bannister/bannister/obj/x64/Debug/net8.0-android/resizetizer/flat/drawable_dragon_12.png.flat' (2,530,220)
2026-09-28 05:51:09: Copy Over 'C:/rock/bannister/Bannister/obj/x64/Debug/net8.0-android/resizetizer/flat/drawable_dragon_10.jpg.flat' -> 'goodrive://www.googleapis.com/:personal:/bannister/bannister/obj/x64/Debug/net8.0-android/resizetizer/flat/drawable_dragon_10.jpg.flat' (237,428)
2026-09-28 05:51:12: Copy Over 'C:/rock/bannister/Bannister/obj/x64/Debug/net8.0-android/resizetizer/flat/drawable_dragon_11.jpg.flat' -> 'goodrive://www.googleapis.com/:personal:/bannister/bannister/obj/x64/Debug/net8.0-android/resizetizer/flat/drawable_dragon_11.jpg.flat' (198,316)
2026-09-28 05:51:12: < Copy Over 'C:/rock/bannister/Bannister/obj/x64/Debug/net8.0-android/resizetizer/flat/drawable_dragon_12.png.flat' -> 'goodrive://www.googleapis.com/:personal:/bannister/bannister/obj/x64/Debug/net8.0-android/resizetizer/flat/drawable_dragon_12.png.flat' (2,530,220)
2026-09-28 05:51:13: Copy Over 'C:/rock/bannister/Bannister/obj/x64/Debug/net8.0-android/resizetizer/flat/drawable_dragon_13.jpg.flat' -> 'goodrive://www.googleapis.com/:personal:/bannister/bannister/obj/x64/Debug/net8.0-android/resizetizer/flat/drawable_dragon_13.jpg.flat' (198,068)
2026-09-28 05:51:13: > Copy Over 'C:/rock/bannister/Bannister/obj/x64/Debug/net8.0-android/resizetizer/flat/drawable_dragon_16.png.flat' -> 'goodrive://www.googleapis.com/:personal:/bannister/bannister/obj/x64/Debug/net8.0-android/resizetizer/flat/drawable_dragon_16.png.flat' (2,775,824)
2026-09-28 05:51:16: Copy Over 'C:/rock/bannister/Bannister/obj/x64/Debug/net8.0-android/resizetizer/flat/drawable_dragon_14.jpg.flat' -> 'goodrive://www.googleapis.com/:personal:/bannister/bannister/obj/x64/Debug/net8.0-android/resizetizer/flat/drawable_dragon_14.jpg.flat' (246,652)
2026-09-28 05:51:16: > Copy Over 'C:/rock/bannister/Bannister/obj/x64/Debug/net8.0-android/resizetizer/flat/drawable_dragon_2.png.flat' -> 'goodrive://www.googleapis.com/:personal:/bannister/bannister/obj/x64/Debug/net8.0-android/resizetizer/flat/drawable_dragon_2.png.flat' (2,136,584)
2026-09-28 05:51:16: Copy Over 'C:/rock/bannister/Bannister/obj/x64/Debug/net8.0-android/resizetizer/flat/drawable_dragon_15.jpg.flat' -> 'goodrive://www.googleapis.com/:personal:/bannister/bannister/obj/x64/Debug/net8.0-android/resizetizer/flat/drawable_dragon_15.jpg.flat' (183,060)
2026-09-28 05:51:16: > Copy Over 'C:/rock/bannister/Bannister/obj/x64/Debug/net8.0-android/resizetizer/flat/drawable_dragon_3.png.flat' -> 'goodrive://www.googleapis.com/:personal:/bannister/bannister/obj/x64/Debug/net8.0-android/resizetizer/flat/drawable_dragon_3.png.flat' (2,059,100)
2026-09-28 05:51:16: < Copy Over 'C:/rock/bannister/Bannister/obj/x64/Debug/net8.0-android/resizetizer/flat/drawable_dragon_16.png.flat' -> 'goodrive://www.googleapis.com/:personal:/bannister/bannister/obj/x64/Debug/net8.0-android/resizetizer/flat/drawable_dragon_16.png.flat' (2,775,824)
2026-09-28 05:51:16: > Copy Over 'C:/rock/bannister/Bannister/obj/x64/Debug/net8.0-android/resizetizer/flat/drawable_dragon_4.png.flat' -> 'goodrive://www.googleapis.com/:personal:/bannister/bannister/obj/x64/Debug/net8.0-android/resizetizer/flat/drawable_dragon_4.png.flat' (1,772,876)
2026-09-28 05:51:19: < Copy Over 'C:/rock/bannister/Bannister/obj/x64/Debug/net8.0-android/resizetizer/flat/drawable_dragon_2.png.flat' -> 'goodrive://www.googleapis.com/:personal:/bannister/bannister/obj/x64/Debug/net8.0-android/resizetizer/flat/drawable_dragon_2.png.flat' (2,136,584)
2026-09-28 05:51:19: < Copy Over 'C:/rock/bannister/Bannister/obj/x64/Debug/net8.0-android/resizetizer/flat/drawable_dragon_3.png.flat' -> 'goodrive://www.googleapis.com/:personal:/bannister/bannister/obj/x64/Debug/net8.0-android/resizetizer/flat/drawable_dragon_3.png.flat' (2,059,100)
2026-09-28 05:51:19: > Copy Over 'C:/rock/bannister/Bannister/obj/x64/Debug/net8.0-android/resizetizer/flat/drawable_dragon_5.png.flat' -> 'goodrive://www.googleapis.com/:personal:/bannister/bannister/obj/x64/Debug/net8.0-android/resizetizer/flat/drawable_dragon_5.png.flat' (1,837,536)
2026-09-28 05:51:19: > Copy Over 'C:/rock/bannister/Bannister/obj/x64/Debug/net8.0-android/resizetizer/flat/drawable_dragon_6.png.flat' -> 'goodrive://www.googleapis.com/:personal:/bannister/bannister/obj/x64/Debug/net8.0-android/resizetizer/flat/drawable_dragon_6.png.flat' (1,817,364)
2026-09-28 05:51:20: < Copy Over 'C:/rock/bannister/Bannister/obj/x64/Debug/net8.0-android/resizetizer/flat/drawable_dragon_4.png.flat' -> 'goodrive://www.googleapis.com/:personal:/bannister/bannister/obj/x64/Debug/net8.0-android/resizetizer/flat/drawable_dragon_4.png.flat' (1,772,876)
2026-09-28 05:51:20: > Copy Over 'C:/rock/bannister/Bannister/obj/x64/Debug/net8.0-android/resizetizer/flat/drawable_dragon_7.png.flat' -> 'goodrive://www.googleapis.com/:personal:/bannister/bannister/obj/x64/Debug/net8.0-android/resizetizer/flat/drawable_dragon_7.png.flat' (1,579,764)
2026-09-28 05:51:23: < Copy Over 'C:/rock/bannister/Bannister/obj/x64/Debug/net8.0-android/resizetizer/flat/drawable_dragon_5.png.flat' -> 'goodrive://www.googleapis.com/:personal:/bannister/bannister/obj/x64/Debug/net8.0-android/resizetizer/flat/drawable_dragon_5.png.flat' (1,837,536)
2026-09-28 05:51:23: > Copy Over 'C:/rock/bannister/Bannister/obj/x64/Debug/net8.0-android/resizetizer/flat/drawable_dragon_8.png.flat' -> 'goodrive://www.googleapis.com/:personal:/bannister/bannister/obj/x64/Debug/net8.0-android/resizetizer/flat/drawable_dragon_8.png.flat' (1,832,208)
2026-09-28 05:51:23: < Copy Over 'C:/rock/bannister/Bannister/obj/x64/Debug/net8.0-android/resizetizer/flat/drawable_dragon_6.png.flat' -> 'goodrive://www.googleapis.com/:personal:/bannister/bannister/obj/x64/Debug/net8.0-android/resizetizer/flat/drawable_dragon_6.png.flat' (1,817,364)
2026-09-28 05:51:24: < Copy Over 'C:/rock/bannister/Bannister/obj/x64/Debug/net8.0-android/resizetizer/flat/drawable_dragon_7.png.flat' -> 'goodrive://www.googleapis.com/:personal:/bannister/bannister/obj/x64/Debug/net8.0-android/resizetizer/flat/drawable_dragon_7.png.flat' (1,579,764)
2026-09-28 05:51:24: > Copy Over 'C:/rock/bannister/Bannister/obj/x64/Debug/net8.0-android/resizetizer/flat/drawable_dragon_slayer_1.png.flat' -> 'goodrive://www.googleapis.com/:personal:/bannister/bannister/obj/x64/Debug/net8.0-android/resizetizer/flat/drawable_dragon_slayer_1.png.flat' (1,562,628)
2026-09-28 05:51:27: < Copy Over 'C:/rock/bannister/Bannister/obj/x64/Debug/net8.0-android/resizetizer/flat/drawable_dragon_8.png.flat' -> 'goodrive://www.googleapis.com/:personal:/bannister/bannister/obj/x64/Debug/net8.0-android/resizetizer/flat/drawable_dragon_8.png.flat' (1,832,208)
2026-09-28 05:51:27: Copy Over 'C:/rock/bannister/Bannister/obj/x64/Debug/net8.0-android/resizetizer/flat/drawable_dragon_9.jpg.flat' -> 'goodrive://www.googleapis.com/:personal:/bannister/bannister/obj/x64/Debug/net8.0-android/resizetizer/flat/drawable_dragon_9.jpg.flat' (149,620)
2026-09-28 05:51:28: < Copy Over 'C:/rock/bannister/Bannister/obj/x64/Debug/net8.0-android/resizetizer/flat/drawable_dragon_slayer_1.png.flat' -> 'goodrive://www.googleapis.com/:personal:/bannister/bannister/obj/x64/Debug/net8.0-android/resizetizer/flat/drawable_dragon_slayer_1.png.flat' (1,562,628)
2026-09-28 05:51:30: Copy Over 'C:/rock/bannister/Bannister/obj/x64/Debug/net8.0-android/resizetizer/flat/drawable_maui_splash_image.xml.flat' -> 'goodrive://www.googleapis.com/:personal:/bannister/bannister/obj/x64/Debug/net8.0-android/resizetizer/flat/drawable_maui_splash_image.xml.flat' (484)
2026-09-28 05:51:31: Copy Over 'C:/rock/bannister/Bannister/obj/x64/Debug/net8.0-android/resizetizer/flat/drawable_scold_default.png.flat' -> 'goodrive://www.googleapis.com/:personal:/bannister/bannister/obj/x64/Debug/net8.0-android/resizetizer/flat/drawable_scold_default.png.flat' (946,356)
2026-09-28 05:51:32: Copy Over 'C:/rock/bannister/Bannister/obj/x64/Debug/net8.0-android/resizetizer/flat/mipmap-anydpi-v26_appicon.xml.flat' -> 'goodrive://www.googleapis.com/:personal:/bannister/bannister/obj/x64/Debug/net8.0-android/resizetizer/flat/mipmap-anydpi-v26_appicon.xml.flat' (572)
2026-09-28 05:51:34: Copy Over 'C:/rock/bannister/Bannister/obj/x64/Debug/net8.0-android/resizetizer/flat/mipmap-anydpi-v26_appicon_round.xml.flat' -> 'goodrive://www.googleapis.com/:personal:/bannister/bannister/obj/x64/Debug/net8.0-android/resizetizer/flat/mipmap-anydpi-v26_appicon_round.xml.flat' (584)
2026-09-28 05:51:35: Copy Over 'C:/rock/bannister/Bannister/obj/x64/Debug/net8.0-android/resizetizer/flat/mipmap-hdpi_appicon.png.flat' -> 'goodrive://www.googleapis.com/:personal:/bannister/bannister/obj/x64/Debug/net8.0-android/resizetizer/flat/mipmap-hdpi_appicon.png.flat' (1,112)
2026-09-28 05:51:35: Copy Over 'C:/rock/bannister/Bannister/obj/x64/Debug/net8.0-android/resizetizer/flat/mipmap-hdpi_appicon_background.png.flat' -> 'goodrive://www.googleapis.com/:personal:/bannister/bannister/obj/x64/Debug/net8.0-android/resizetizer/flat/mipmap-hdpi_appicon_background.png.flat' (304)
2026-09-28 05:51:37: Copy Over 'C:/rock/bannister/Bannister/obj/x64/Debug/net8.0-android/resizetizer/flat/mipmap-hdpi_appicon_foreground.png.flat' -> 'goodrive://www.googleapis.com/:personal:/bannister/bannister/obj/x64/Debug/net8.0-android/resizetizer/flat/mipmap-hdpi_appicon_foreground.png.flat' (1,568)
2026-09-28 05:51:38: Copy Over 'C:/rock/bannister/Bannister/obj/x64/Debug/net8.0-android/resizetizer/flat/mipmap-hdpi_appicon_round.png.flat' -> 'goodrive://www.googleapis.com/:personal:/bannister/bannister/obj/x64/Debug/net8.0-android/resizetizer/flat/mipmap-hdpi_appicon_round.png.flat' (1,752)
2026-09-28 05:51:39: Copy Over 'C:/rock/bannister/Bannister/obj/x64/Debug/net8.0-android/resizetizer/flat/mipmap-mdpi_appicon.png.flat' -> 'goodrive://www.googleapis.com/:personal:/bannister/bannister/obj/x64/Debug/net8.0-android/resizetizer/flat/mipmap-mdpi_appicon.png.flat' (908)
2026-09-28 05:51:40: Copy Over 'C:/rock/bannister/Bannister/obj/x64/Debug/net8.0-android/resizetizer/flat/mipmap-mdpi_appicon_background.png.flat' -> 'goodrive://www.googleapis.com/:personal:/bannister/bannister/obj/x64/Debug/net8.0-android/resizetizer/flat/mipmap-mdpi_appicon_background.png.flat' (292)
2026-09-28 05:51:42: Copy Over 'C:/rock/bannister/Bannister/obj/x64/Debug/net8.0-android/resizetizer/flat/mipmap-mdpi_appicon_foreground.png.flat' -> 'goodrive://www.googleapis.com/:personal:/bannister/bannister/obj/x64/Debug/net8.0-android/resizetizer/flat/mipmap-mdpi_appicon_foreground.png.flat' (1,452)
2026-09-28 05:51:43: Copy Over 'C:/rock/bannister/Bannister/obj/x64/Debug/net8.0-android/resizetizer/flat/mipmap-mdpi_appicon_round.png.flat' -> 'goodrive://www.googleapis.com/:personal:/bannister/bannister/obj/x64/Debug/net8.0-android/resizetizer/flat/mipmap-mdpi_appicon_round.png.flat' (1,764)
2026-09-28 05:51:44: Copy Over 'C:/rock/bannister/Bannister/obj/x64/Debug/net8.0-android/resizetizer/flat/mipmap-xhdpi_appicon.png.flat' -> 'goodrive://www.googleapis.com/:personal:/bannister/bannister/obj/x64/Debug/net8.0-android/resizetizer/flat/mipmap-xhdpi_appicon.png.flat' (1,032)
2026-09-28 05:51:46: Copy Over 'C:/rock/bannister/Bannister/obj/x64/Debug/net8.0-android/resizetizer/flat/mipmap-xhdpi_appicon_background.png.flat' -> 'goodrive://www.googleapis.com/:personal:/bannister/bannister/obj/x64/Debug/net8.0-android/resizetizer/flat/mipmap-xhdpi_appicon_background.png.flat' (324)
2026-09-28 05:51:46: Copy Over 'C:/rock/bannister/Bannister/obj/x64/Debug/net8.0-android/resizetizer/flat/mipmap-xhdpi_appicon_foreground.png.flat' -> 'goodrive://www.googleapis.com/:personal:/bannister/bannister/obj/x64/Debug/net8.0-android/resizetizer/flat/mipmap-xhdpi_appicon_foreground.png.flat' (2,168)
2026-09-28 05:51:48: Copy Over 'C:/rock/bannister/Bannister/obj/x64/Debug/net8.0-android/resizetizer/flat/mipmap-xhdpi_appicon_round.png.flat' -> 'goodrive://www.googleapis.com/:personal:/bannister/bannister/obj/x64/Debug/net8.0-android/resizetizer/flat/mipmap-xhdpi_appicon_round.png.flat' (2,252)
2026-09-28 05:51:49: Copy Over 'C:/rock/bannister/Bannister/obj/x64/Debug/net8.0-android/resizetizer/flat/mipmap-xxhdpi_appicon_background.png.flat' -> 'goodrive://www.googleapis.com/:personal:/bannister/bannister/obj/x64/Debug/net8.0-android/resizetizer/flat/mipmap-xxhdpi_appicon_background.png.flat' (384)
2026-09-28 05:51:49: Copy Over 'C:/rock/bannister/Bannister/obj/x64/Debug/net8.0-android/resizetizer/flat/mipmap-xxhdpi_appicon.png.flat' -> 'goodrive://www.googleapis.com/:personal:/bannister/bannister/obj/x64/Debug/net8.0-android/resizetizer/flat/mipmap-xxhdpi_appicon.png.flat' (1,232)
2026-09-28 05:51:52: Copy Over 'C:/rock/bannister/Bannister/obj/x64/Debug/net8.0-android/resizetizer/flat/mipmap-xxhdpi_appicon_foreground.png.flat' -> 'goodrive://www.googleapis.com/:personal:/bannister/bannister/obj/x64/Debug/net8.0-android/resizetizer/flat/mipmap-xxhdpi_appicon_foreground.png.flat' (2,412)
2026-09-28 05:51:52: Copy Over 'C:/rock/bannister/Bannister/obj/x64/Debug/net8.0-android/resizetizer/flat/mipmap-xxxhdpi_appicon.png.flat' -> 'goodrive://www.googleapis.com/:personal:/bannister/bannister/obj/x64/Debug/net8.0-android/resizetizer/flat/mipmap-xxxhdpi_appicon.png.flat' (1,592)
2026-09-28 05:51:52: Copy Over 'C:/rock/bannister/Bannister/obj/x64/Debug/net8.0-android/resizetizer/flat/mipmap-xxhdpi_appicon_round.png.flat' -> 'goodrive://www.googleapis.com/:personal:/bannister/bannister/obj/x64/Debug/net8.0-android/resizetizer/flat/mipmap-xxhdpi_appicon_round.png.flat' (4,392)
2026-09-28 05:51:55: Copy Over 'C:/rock/bannister/Bannister/obj/x64/Debug/net8.0-android/resizetizer/flat/mipmap-xxxhdpi_appicon_background.png.flat' -> 'goodrive://www.googleapis.com/:personal:/bannister/bannister/obj/x64/Debug/net8.0-android/resizetizer/flat/mipmap-xxxhdpi_appicon_background.png.flat' (460)
2026-09-28 05:51:56: Copy Over 'C:/rock/bannister/Bannister/obj/x64/Debug/net8.0-android/resizetizer/flat/mipmap-xxxhdpi_appicon_foreground.png.flat' -> 'goodrive://www.googleapis.com/:personal:/bannister/bannister/obj/x64/Debug/net8.0-android/resizetizer/flat/mipmap-xxxhdpi_appicon_foreground.png.flat' (3,504)
2026-09-28 05:51:56: Copy Over 'C:/rock/bannister/Bannister/obj/x64/Debug/net8.0-android/resizetizer/flat/mipmap-xxxhdpi_appicon_round.png.flat' -> 'goodrive://www.googleapis.com/:personal:/bannister/bannister/obj/x64/Debug/net8.0-android/resizetizer/flat/mipmap-xxxhdpi_appicon_round.png.flat' (6,068)
2026-09-28 05:51:59: Copy Over 'C:/rock/bannister/Bannister/obj/x64/Debug/net8.0-android/resizetizer/flat/values_maui_colors.arsc.flat' -> 'goodrive://www.googleapis.com/:personal:/bannister/bannister/obj/x64/Debug/net8.0-android/resizetizer/flat/values_maui_colors.arsc.flat' (280)
2026-09-28 05:51:59: Copy Over 'C:/rock/bannister/Bannister/obj/x64/Debug/net8.0-android/stamp/_CompileToDalvik.stamp' -> 'goodrive://www.googleapis.com/:personal:/bannister/bannister/obj/x64/Debug/net8.0-android/stamp/_CompileToDalvik.stamp' (0)
2026-09-28 05:52:00: Copy Over 'C:/rock/bannister/Bannister/obj/x64/Debug/net8.0-android/stamp/_ConvertResourcesCases.stamp' -> 'goodrive://www.googleapis.com/:personal:/bannister/bannister/obj/x64/Debug/net8.0-android/stamp/_ConvertResourcesCases.stamp' (0)
2026-09-28 05:52:02: Copy Over 'C:/rock/bannister/Bannister/obj/x64/Debug/net8.0-android/stamp/_GeneratePackageManagerJava.stamp' -> 'goodrive://www.googleapis.com/:personal:/bannister/bannister/obj/x64/Debug/net8.0-android/stamp/_GeneratePackageManagerJava.stamp' (0)
2026-09-28 05:52:02: Copy Over 'C:/rock/bannister/Bannister/obj/x64/Debug/net8.0-android/stamp/_GenerateJavaStubs.stamp' -> 'goodrive://www.googleapis.com/:personal:/bannister/bannister/obj/x64/Debug/net8.0-android/stamp/_GenerateJavaStubs.stamp' (0)
2026-09-28 05:52:04: Copy Over 'C:/rock/bannister/Bannister/obj/x64/Debug/net8.0-android/stamp/_ResolveLibraryProjectImports.stamp' -> 'goodrive://www.googleapis.com/:personal:/bannister/bannister/obj/x64/Debug/net8.0-android/stamp/_ResolveLibraryProjectImports.stamp' (0)
2026-09-28 05:52:05: Copy Over 'C:/rock/bannister/BannisterTools/obj/project.assets.json' -> 'goodrive://www.googleapis.com/:personal:/bannister/BannisterTools/obj/project.assets.json' (926,241)
2026-09-28 05:52:06: Copy Over 'C:/rock/bannister/Bannister/obj/x64/Debug/net8.0-android/XamlC.stamp' -> 'goodrive://www.googleapis.com/:personal:/bannister/bannister/obj/x64/Debug/net8.0-android/XamlC.stamp' (0)
2026-09-28 05:52:07: Copy Over 'C:/rock/bannister/Bannister/obj/x64/Debug/net8.0-windows10.0.19041.0/apphost.exe' -> 'goodrive://www.googleapis.com/:personal:/bannister/bannister/obj/x64/Debug/net8.0-windows10.0.19041.0/apphost.exe' (153,088)
2026-09-28 05:52:09: Copy Over 'C:/rock/bannister/Bannister/obj/x64/Debug/net8.0-windows10.0.19041.0/Bannister.AssemblyInfo.cs' -> 'goodrive://www.googleapis.com/:personal:/bannister/bannister/obj/x64/Debug/net8.0-windows10.0.19041.0/Bannister.AssemblyInfo.cs' (1,713)
2026-09-28 05:52:09: Copy Over 'C:/rock/bannister/Bannister/obj/x64/Debug/net8.0-windows10.0.19041.0/Bannister.AssemblyInfoInputs.cache' -> 'goodrive://www.googleapis.com/:personal:/bannister/bannister/obj/x64/Debug/net8.0-windows10.0.19041.0/Bannister.AssemblyInfoInputs.cache' (66)
2026-09-28 05:52:09: > Copy Over 'C:/rock/bannister/Bannister/obj/x64/Debug/net8.0-windows10.0.19041.0/Bannister.dll' -> 'goodrive://www.googleapis.com/:personal:/bannister/bannister/obj/x64/Debug/net8.0-windows10.0.19041.0/Bannister.dll' (8,574,464)
2026-09-28 05:52:10: Copy Over 'C:/rock/bannister/Bannister/obj/x64/Debug/net8.0-windows10.0.19041.0/Bannister.assets.cache' -> 'goodrive://www.googleapis.com/:personal:/bannister/bannister/obj/x64/Debug/net8.0-windows10.0.19041.0/Bannister.assets.cache' (73,605)
2026-09-28 05:52:10: > Copy Over 'C:/rock/bannister/Bannister/obj/x64/Debug/net8.0-windows10.0.19041.0/Bannister.pdb' -> 'goodrive://www.googleapis.com/:personal:/bannister/bannister/obj/x64/Debug/net8.0-windows10.0.19041.0/Bannister.pdb' (1,810,040)
2026-09-28 05:52:13: Copy Over 'C:/rock/bannister/Bannister/obj/x64/Debug/net8.0-windows10.0.19041.0/Bannister.csproj.BuildWithSkipAnalyzers' -> 'goodrive://www.googleapis.com/:personal:/bannister/bannister/obj/x64/Debug/net8.0-windows10.0.19041.0/Bannister.csproj.BuildWithSkipAnalyzers' (0)
2026-09-28 05:52:14: < Copy Over 'C:/rock/bannister/Bannister/obj/x64/Debug/net8.0-windows10.0.19041.0/Bannister.pdb' -> 'goodrive://www.googleapis.com/:personal:/bannister/bannister/obj/x64/Debug/net8.0-windows10.0.19041.0/Bannister.pdb' (1,810,040)
2026-09-28 05:52:14: < Copy Over 'C:/rock/bannister/Bannister/obj/x64/Debug/net8.0-windows10.0.19041.0/Bannister.dll' -> 'goodrive://www.googleapis.com/:personal:/bannister/bannister/obj/x64/Debug/net8.0-windows10.0.19041.0/Bannister.dll' (8,574,464)
2026-09-28 05:52:16: Copy Over 'C:/rock/bannister/Bannister/obj/x64/Debug/net8.0-windows10.0.19041.0/Bannister.sourcelink.json' -> 'goodrive://www.googleapis.com/:personal:/bannister/bannister/obj/x64/Debug/net8.0-windows10.0.19041.0/Bannister.sourcelink.json' (141)
2026-09-28 05:52:17: Copy Over 'C:/rock/bannister/Bannister/obj/x64/Debug/net8.0-windows10.0.19041.0/excluded.layout.resfiles.intermediate' -> 'goodrive://www.googleapis.com/:personal:/bannister/bannister/obj/x64/Debug/net8.0-windows10.0.19041.0/excluded.layout.resfiles.intermediate' (0)
2026-09-28 05:52:17: > Copy Over 'C:/rock/bannister/Bannister/obj/x64/Debug/net8.0-windows10.0.19041.0/intermediatexaml/Bannister.dll' -> 'goodrive://www.googleapis.com/:personal:/bannister/bannister/obj/x64/Debug/net8.0-windows10.0.19041.0/intermediatexaml/Bannister.dll' (8,432,128)
2026-09-28 05:52:17: Copy Over 'C:/rock/bannister/Bannister/obj/x64/Debug/net8.0-windows10.0.19041.0/embed/embed.resfiles.intermediate' -> 'goodrive://www.googleapis.com/:personal:/bannister/bannister/obj/x64/Debug/net8.0-windows10.0.19041.0/embed/embed.resfiles.intermediate' (27)
2026-09-28 05:52:19: Copy Over 'C:/rock/bannister/Bannister/obj/x64/Debug/net8.0-windows10.0.19041.0/filtered.layout.resfiles.intermediate' -> 'goodrive://www.googleapis.com/:personal:/bannister/bannister/obj/x64/Debug/net8.0-windows10.0.19041.0/filtered.layout.resfiles.intermediate' (2,329)
2026-09-28 05:52:20: Copy Over 'C:/rock/bannister/Bannister/obj/x64/Debug/net8.0-windows10.0.19041.0/pri.resfiles.intermediate' -> 'goodrive://www.googleapis.com/:personal:/bannister/bannister/obj/x64/Debug/net8.0-windows10.0.19041.0/pri.resfiles.intermediate' (386)
2026-09-28 05:52:22: < Copy Over 'C:/rock/bannister/Bannister/obj/x64/Debug/net8.0-windows10.0.19041.0/intermediatexaml/Bannister.dll' -> 'goodrive://www.googleapis.com/:personal:/bannister/bannister/obj/x64/Debug/net8.0-windows10.0.19041.0/intermediatexaml/Bannister.dll' (8,432,128)
2026-09-28 05:52:23: Copy Over 'C:/rock/bannister/Bannister/obj/x64/Debug/net8.0-windows10.0.19041.0/Platforms/Windows/App.xaml' -> 'goodrive://www.googleapis.com/:personal:/bannister/bannister/obj/x64/Debug/net8.0-windows10.0.19041.0/Platforms/Windows/App.xaml' (304)
2026-09-28 05:52:23: > Copy Over 'C:/rock/bannister/Bannister/obj/x64/Debug/net8.0-windows10.0.19041.0/ref/Bannister.dll' -> 'goodrive://www.googleapis.com/:personal:/bannister/bannister/obj/x64/Debug/net8.0-windows10.0.19041.0/ref/Bannister.dll' (1,798,656)
2026-09-28 05:52:24: Copy Over 'C:/rock/bannister/Bannister/obj/x64/Debug/net8.0-windows10.0.19041.0/priconfig.xml.intermediate' -> 'goodrive://www.googleapis.com/:personal:/bannister/bannister/obj/x64/Debug/net8.0-windows10.0.19041.0/priconfig.xml.intermediate' (3,154)
2026-09-28 05:52:24: > Copy Over 'C:/rock/bannister/Bannister/obj/x64/Debug/net8.0-windows10.0.19041.0/refint/Bannister.dll' -> 'goodrive://www.googleapis.com/:personal:/bannister/bannister/obj/x64/Debug/net8.0-windows10.0.19041.0/refint/Bannister.dll' (1,798,656)
2026-09-28 05:52:25: Copy Over 'C:/rock/bannister/Bannister/obj/x64/Debug/net8.0-windows10.0.19041.0/qualifiers.txt.intermediate' -> 'goodrive://www.googleapis.com/:personal:/bannister/bannister/obj/x64/Debug/net8.0-windows10.0.19041.0/qualifiers.txt.intermediate' (184)
2026-09-28 05:52:27: < Copy Over 'C:/rock/bannister/Bannister/obj/x64/Debug/net8.0-windows10.0.19041.0/ref/Bannister.dll' -> 'goodrive://www.googleapis.com/:personal:/bannister/bannister/obj/x64/Debug/net8.0-windows10.0.19041.0/ref/Bannister.dll' (1,798,656)
2026-09-28 05:52:28: Copy Over 'C:/rock/bannister/Bannister/obj/x64/Debug/net8.0-windows10.0.19041.0/resources.resfiles.intermediate' -> 'goodrive://www.googleapis.com/:personal:/bannister/bannister/obj/x64/Debug/net8.0-windows10.0.19041.0/resources.resfiles.intermediate' (0)
2026-09-28 05:52:28: < Copy Over 'C:/rock/bannister/Bannister/obj/x64/Debug/net8.0-windows10.0.19041.0/refint/Bannister.dll' -> 'goodrive://www.googleapis.com/:personal:/bannister/bannister/obj/x64/Debug/net8.0-windows10.0.19041.0/refint/Bannister.dll' (1,798,656)
2026-09-28 05:52:31: Copy Over 'C:/rock/bannister/Bannister/obj/x64/Debug/net8.0-windows10.0.19041.0/unfiltered.layout.resfiles.intermediate' -> 'goodrive://www.googleapis.com/:personal:/bannister/bannister/obj/x64/Debug/net8.0-windows10.0.19041.0/unfiltered.layout.resfiles.intermediate' (2,329)
2026-09-28 05:52:31: Copy Over 'C:/rock/bannister/Bannister/obj/x64/Debug/net8.0-windows10.0.19041.0/XamlC.stamp' -> 'goodrive://www.googleapis.com/:personal:/bannister/bannister/obj/x64/Debug/net8.0-windows10.0.19041.0/XamlC.stamp' (0)
2026-09-28 05:52:32: Copy Over 'C:/rock/bannister/Bannister/obj/x64/Debug/net8.0-windows10.0.19041.0/XamlSaveStateFile.xml' -> 'goodrive://www.googleapis.com/:personal:/bannister/bannister/obj/x64/Debug/net8.0-windows10.0.19041.0/XamlSaveStateFile.xml' (813)
2026-09-28 05:52:37: Copy Over 'C:/rock/bannister/BannisterTools/obj/project.nuget.cache' -> 'goodrive://www.googleapis.com/:personal:/bannister/BannisterTools/obj/project.nuget.cache' (17,922)
2026-09-28 05:52:41: Copy Over 'C:/rock/bannister/BannisterTools/bin/x64/Debug/net8.0-android/BannisterTools.dll' -> 'goodrive://www.googleapis.com/:personal:/bannister/BannisterTools/bin/x64/Debug/net8.0-android/BannisterTools.dll' (299,008)
2026-09-28 05:52:41: > Copy Over 'C:/rock/bannister/BannisterTools/obj/x64/Debug/net8.0-android/android/bin/classes.dex' -> 'goodrive://www.googleapis.com/:personal:/bannister/BannisterTools/obj/x64/Debug/net8.0-android/android/bin/classes.dex' (8,170,976)
2026-09-28 05:52:42: Copy Over 'C:/rock/bannister/BannisterTools/obj/x64/Debug/net8.0-android/android/AndroidManifest.xml' -> 'goodrive://www.googleapis.com/:personal:/bannister/BannisterTools/obj/x64/Debug/net8.0-android/android/AndroidManifest.xml' (4,577)
2026-09-28 05:52:43: Copy Over 'C:/rock/bannister/BannisterTools/obj/x64/Debug/net8.0-android/android/assets/BannisterTools.dll' -> 'goodrive://www.googleapis.com/:personal:/bannister/BannisterTools/obj/x64/Debug/net8.0-android/android/assets/BannisterTools.dll' (299,008)
2026-09-28 05:52:50: < Copy Over 'C:/rock/bannister/BannisterTools/obj/x64/Debug/net8.0-android/android/bin/classes.dex' -> 'goodrive://www.googleapis.com/:personal:/bannister/BannisterTools/obj/x64/Debug/net8.0-android/android/bin/classes.dex' (8,170,976)
2026-09-28 05:52:51: Copy Over 'C:/rock/bannister/BannisterTools/obj/x64/Debug/net8.0-android/android/bin/classes/androidx/activity/ktx/R.class' -> 'goodrive://www.googleapis.com/:personal:/bannister/BannisterTools/obj/x64/Debug/net8.0-android/android/bin/classes/androidx/activity/ktx/R.class' (198)
2026-09-28 05:52:53: Copy Over 'C:/rock/bannister/BannisterTools/obj/x64/Debug/net8.0-android/android/bin/classes/com/bannister/tools/R$anim.class' -> 'goodrive://www.googleapis.com/:personal:/bannister/BannisterTools/obj/x64/Debug/net8.0-android/android/bin/classes/com/bannister/tools/R$anim.class' (2,910)
2026-09-28 05:52:53: Copy Over 'C:/rock/bannister/BannisterTools/obj/x64/Debug/net8.0-android/android/bin/classes/com/bannister/tools/R$animator.class' -> 'goodrive://www.googleapis.com/:personal:/bannister/BannisterTools/obj/x64/Debug/net8.0-android/android/bin/classes/com/bannister/tools/R$animator.class' (2,335)
2026-09-28 05:52:55: Copy Over 'C:/rock/bannister/BannisterTools/obj/x64/Debug/net8.0-android/android/bin/classes/com/bannister/tools/R$attr.class' -> 'goodrive://www.googleapis.com/:personal:/bannister/BannisterTools/obj/x64/Debug/net8.0-android/android/bin/classes/com/bannister/tools/R$attr.class' (54,843)
2026-09-28 05:52:56: Copy Over 'C:/rock/bannister/BannisterTools/obj/x64/Debug/net8.0-android/android/bin/classes/com/bannister/tools/R$bool.class' -> 'goodrive://www.googleapis.com/:personal:/bannister/BannisterTools/obj/x64/Debug/net8.0-android/android/bin/classes/com/bannister/tools/R$bool.class' (447)
2026-09-28 05:52:56: Copy Over 'C:/rock/bannister/BannisterTools/obj/x64/Debug/net8.0-android/android/bin/classes/com/bannister/tools/R$color.class' -> 'goodrive://www.googleapis.com/:personal:/bannister/BannisterTools/obj/x64/Debug/net8.0-android/android/bin/classes/com/bannister/tools/R$color.class' (42,366)
2026-09-28 05:52:58: Copy Over 'C:/rock/bannister/BannisterTools/obj/x64/Debug/net8.0-android/android/bin/classes/com/bannister/tools/R$dimen.class' -> 'goodrive://www.googleapis.com/:personal:/bannister/BannisterTools/obj/x64/Debug/net8.0-android/android/bin/classes/com/bannister/tools/R$dimen.class' (46,423)
2026-09-28 05:52:59: Copy Over 'C:/rock/bannister/BannisterTools/obj/x64/Debug/net8.0-android/android/bin/classes/com/bannister/tools/R$drawable.class' -> 'goodrive://www.googleapis.com/:personal:/bannister/BannisterTools/obj/x64/Debug/net8.0-android/android/bin/classes/com/bannister/tools/R$drawable.class' (10,022)
2026-09-28 05:52:59: Copy Over 'C:/rock/bannister/BannisterTools/obj/x64/Debug/net8.0-android/android/bin/classes/com/bannister/tools/R$id.class' -> 'goodrive://www.googleapis.com/:personal:/bannister/BannisterTools/obj/x64/Debug/net8.0-android/android/bin/classes/com/bannister/tools/R$id.class' (20,966)
2026-09-28 05:53:00: Copy Over 'C:/rock/bannister/BannisterTools/obj/x64/Debug/net8.0-android/android/bin/classes/com/bannister/tools/R$integer.class' -> 'goodrive://www.googleapis.com/:personal:/bannister/BannisterTools/obj/x64/Debug/net8.0-android/android/bin/classes/com/bannister/tools/R$integer.class' (3,936)
2026-09-28 05:53:02: Copy Over 'C:/rock/bannister/BannisterTools/obj/x64/Debug/net8.0-android/android/bin/classes/com/bannister/tools/R$layout.class' -> 'goodrive://www.googleapis.com/:personal:/bannister/BannisterTools/obj/x64/Debug/net8.0-android/android/bin/classes/com/bannister/tools/R$layout.class' (5,887)
2026-09-28 05:53:02: Copy Over 'C:/rock/bannister/BannisterTools/obj/x64/Debug/net8.0-android/android/bin/classes/com/bannister/tools/R$interpolator.class' -> 'goodrive://www.googleapis.com/:personal:/bannister/BannisterTools/obj/x64/Debug/net8.0-android/android/bin/classes/com/bannister/tools/R$interpolator.class' (1,374)
2026-09-28 05:53:04: Copy Over 'C:/rock/bannister/BannisterTools/obj/x64/Debug/net8.0-android/android/bin/classes/com/bannister/tools/R$plurals.class' -> 'goodrive://www.googleapis.com/:personal:/bannister/BannisterTools/obj/x64/Debug/net8.0-android/android/bin/classes/com/bannister/tools/R$plurals.class' (346)
2026-09-28 05:53:05: Copy Over 'C:/rock/bannister/BannisterTools/obj/x64/Debug/net8.0-android/android/bin/classes/com/bannister/tools/R$string.class' -> 'goodrive://www.googleapis.com/:personal:/bannister/BannisterTools/obj/x64/Debug/net8.0-android/android/bin/classes/com/bannister/tools/R$string.class' (9,922)
2026-09-28 05:53:05: Copy Over 'C:/rock/bannister/BannisterTools/obj/x64/Debug/net8.0-android/android/bin/classes/com/bannister/tools/R$style.class' -> 'goodrive://www.googleapis.com/:personal:/bannister/BannisterTools/obj/x64/Debug/net8.0-android/android/bin/classes/com/bannister/tools/R$style.class' (73,624)
2026-09-28 05:53:07: Copy Over 'C:/rock/bannister/BannisterTools/obj/x64/Debug/net8.0-android/android/bin/classes/com/bannister/tools/R$styleable.class' -> 'goodrive://www.googleapis.com/:personal:/bannister/BannisterTools/obj/x64/Debug/net8.0-android/android/bin/classes/com/bannister/tools/R$styleable.class' (130,993)
2026-09-28 05:53:08: Copy Over 'C:/rock/bannister/BannisterTools/obj/x64/Debug/net8.0-android/android/bin/classes/com/bannister/tools/R.class' -> 'goodrive://www.googleapis.com/:personal:/bannister/BannisterTools/obj/x64/Debug/net8.0-android/android/bin/classes/com/bannister/tools/R.class' (1,033)
2026-09-28 05:53:08: Copy Over 'C:/rock/bannister/BannisterTools/obj/x64/Debug/net8.0-android/android/bin/classes/com/bannister/tools/R$xml.class' -> 'goodrive://www.googleapis.com/:personal:/bannister/BannisterTools/obj/x64/Debug/net8.0-android/android/bin/classes/com/bannister/tools/R$xml.class' (402)
2026-09-28 05:53:13: Copy Over 'C:/rock/bannister/BannisterTools/obj/x64/Debug/net8.0-android/android/bin/classes/androidx/activity/R.class' -> 'goodrive://www.googleapis.com/:personal:/bannister/BannisterTools/obj/x64/Debug/net8.0-android/android/bin/classes/androidx/activity/R.class' (258)
2026-09-28 05:53:14: Copy Over 'C:/rock/bannister/BannisterTools/obj/x64/Debug/net8.0-android/android/bin/classes/androidx/activity/R$id.class' -> 'goodrive://www.googleapis.com/:personal:/bannister/BannisterTools/obj/x64/Debug/net8.0-android/android/bin/classes/androidx/activity/R$id.class' (380)
2026-09-28 05:53:14: Copy Over 'C:/rock/bannister/BannisterTools/obj/x64/Debug/net8.0-android/android/bin/classes/com/bumptech/glide/gifdecoder/R.class' -> 'goodrive://www.googleapis.com/:personal:/bannister/BannisterTools/obj/x64/Debug/net8.0-android/android/bin/classes/com/bumptech/glide/gifdecoder/R.class' (206)
2026-09-28 05:53:19: Copy Over 'C:/rock/bannister/BannisterTools/obj/x64/Debug/net8.0-android/android/bin/classes/com/google/android/material/R$anim.class' -> 'goodrive://www.googleapis.com/:personal:/bannister/BannisterTools/obj/x64/Debug/net8.0-android/android/bin/classes/com/google/android/material/R$anim.class' (2,592)
2026-09-28 05:53:19: Copy Over 'C:/rock/bannister/BannisterTools/obj/x64/Debug/net8.0-android/android/bin/classes/com/google/android/material/R$animator.class' -> 'goodrive://www.googleapis.com/:personal:/bannister/BannisterTools/obj/x64/Debug/net8.0-android/android/bin/classes/com/google/android/material/R$animator.class' (2,161)
2026-09-28 05:53:20: Copy Over 'C:/rock/bannister/BannisterTools/obj/x64/Debug/net8.0-android/android/bin/classes/com/google/android/material/R$attr.class' -> 'goodrive://www.googleapis.com/:personal:/bannister/BannisterTools/obj/x64/Debug/net8.0-android/android/bin/classes/com/google/android/material/R$attr.class' (49,187)
2026-09-28 05:53:22: Copy Over 'C:/rock/bannister/BannisterTools/obj/x64/Debug/net8.0-android/android/bin/classes/com/google/android/material/R$color.class' -> 'goodrive://www.googleapis.com/:personal:/bannister/BannisterTools/obj/x64/Debug/net8.0-android/android/bin/classes/com/google/android/material/R$color.class' (41,872)
2026-09-28 05:53:22: Copy Over 'C:/rock/bannister/BannisterTools/obj/x64/Debug/net8.0-android/android/bin/classes/com/google/android/material/R$bool.class' -> 'goodrive://www.googleapis.com/:personal:/bannister/BannisterTools/obj/x64/Debug/net8.0-android/android/bin/classes/com/google/android/material/R$bool.class' (463)
2026-09-28 05:53:22: Copy Over 'C:/rock/bannister/BannisterTools/obj/x64/Debug/net8.0-android/android/bin/classes/com/google/android/material/R$dimen.class' -> 'goodrive://www.googleapis.com/:personal:/bannister/BannisterTools/obj/x64/Debug/net8.0-android/android/bin/classes/com/google/android/material/R$dimen.class' (46,259)
2026-09-28 05:53:25: Copy Over 'C:/rock/bannister/BannisterTools/obj/x64/Debug/net8.0-android/android/bin/classes/com/google/android/material/R$drawable.class' -> 'goodrive://www.googleapis.com/:personal:/bannister/BannisterTools/obj/x64/Debug/net8.0-android/android/bin/classes/com/google/android/material/R$drawable.class' (9,708)
2026-09-28 05:53:25: Copy Over 'C:/rock/bannister/BannisterTools/obj/x64/Debug/net8.0-android/android/bin/classes/com/google/android/material/R$id.class' -> 'goodrive://www.googleapis.com/:personal:/bannister/BannisterTools/obj/x64/Debug/net8.0-android/android/bin/classes/com/google/android/material/R$id.class' (16,168)
2026-09-28 05:53:25: Copy Over 'C:/rock/bannister/BannisterTools/obj/x64/Debug/net8.0-android/android/bin/classes/com/google/android/material/R$integer.class' -> 'goodrive://www.googleapis.com/:personal:/bannister/BannisterTools/obj/x64/Debug/net8.0-android/android/bin/classes/com/google/android/material/R$integer.class' (3,910)
2026-09-28 05:53:28: Copy Over 'C:/rock/bannister/BannisterTools/obj/x64/Debug/net8.0-android/android/bin/classes/com/google/android/material/R$interpolator.class' -> 'goodrive://www.googleapis.com/:personal:/bannister/BannisterTools/obj/x64/Debug/net8.0-android/android/bin/classes/com/google/android/material/R$interpolator.class' (1,390)
2026-09-28 05:53:28: Copy Over 'C:/rock/bannister/BannisterTools/obj/x64/Debug/net8.0-android/android/bin/classes/com/google/android/material/R$layout.class' -> 'goodrive://www.googleapis.com/:personal:/bannister/BannisterTools/obj/x64/Debug/net8.0-android/android/bin/classes/com/google/android/material/R$layout.class' (5,537)
2026-09-28 05:53:28: Copy Over 'C:/rock/bannister/BannisterTools/obj/x64/Debug/net8.0-android/android/bin/classes/com/google/android/material/R$plurals.class' -> 'goodrive://www.googleapis.com/:personal:/bannister/BannisterTools/obj/x64/Debug/net8.0-android/android/bin/classes/com/google/android/material/R$plurals.class' (362)
2026-09-28 05:53:31: Copy Over 'C:/rock/bannister/BannisterTools/obj/x64/Debug/net8.0-android/android/bin/classes/com/google/android/material/R$string.class' -> 'goodrive://www.googleapis.com/:personal:/bannister/BannisterTools/obj/x64/Debug/net8.0-android/android/bin/classes/com/google/android/material/R$string.class' (9,069)
2026-09-28 05:53:31: Copy Over 'C:/rock/bannister/BannisterTools/obj/x64/Debug/net8.0-android/android/bin/classes/com/google/android/material/R$style.class' -> 'goodrive://www.googleapis.com/:personal:/bannister/BannisterTools/obj/x64/Debug/net8.0-android/android/bin/classes/com/google/android/material/R$style.class' (73,038)
2026-09-28 05:53:32: Copy Over 'C:/rock/bannister/BannisterTools/obj/x64/Debug/net8.0-android/android/bin/classes/com/google/android/material/R$styleable.class' -> 'goodrive://www.googleapis.com/:personal:/bannister/BannisterTools/obj/x64/Debug/net8.0-android/android/bin/classes/com/google/android/material/R$styleable.class' (109,039)
2026-09-28 05:53:35: Copy Over 'C:/rock/bannister/BannisterTools/obj/x64/Debug/net8.0-android/android/bin/classes/com/bumptech/glide/R$anim.class' -> 'goodrive://www.googleapis.com/:personal:/bannister/BannisterTools/obj/x64/Debug/net8.0-android/android/bin/classes/com/bumptech/glide/R$anim.class' (1,681)
2026-09-28 05:53:35: Copy Over 'C:/rock/bannister/BannisterTools/obj/x64/Debug/net8.0-android/android/bin/classes/com/google/android/material/R.class' -> 'goodrive://www.googleapis.com/:personal:/bannister/BannisterTools/obj/x64/Debug/net8.0-android/android/bin/classes/com/google/android/material/R.class' (1,116)
2026-09-28 05:53:35: Copy Over 'C:/rock/bannister/BannisterTools/obj/x64/Debug/net8.0-android/android/bin/classes/com/google/android/material/snackbar/Snackbar_SnackbarActionClickImplementor.class' -> 'goodrive://www.googleapis.com/:personal:/bannister/BannisterTools/obj/x64/Debug/net8.0-android/android/bin/classes/com/google/android/material/snackbar/Snackbar_SnackbarActionClickImplementor.class' (1,698)
2026-09-28 05:53:38: Copy Over 'C:/rock/bannister/BannisterTools/obj/x64/Debug/net8.0-android/android/bin/classes/com/bumptech/glide/R$animator.class' -> 'goodrive://www.googleapis.com/:personal:/bannister/BannisterTools/obj/x64/Debug/net8.0-android/android/bin/classes/com/bumptech/glide/R$animator.class' (549)
2026-09-28 05:53:38: Copy Over 'C:/rock/bannister/BannisterTools/obj/x64/Debug/net8.0-android/android/bin/classes/com/bumptech/glide/R$attr.class' -> 'goodrive://www.googleapis.com/:personal:/bannister/BannisterTools/obj/x64/Debug/net8.0-android/android/bin/classes/com/bumptech/glide/R$attr.class' (11,893)
2026-09-28 05:53:38: Copy Over 'C:/rock/bannister/BannisterTools/obj/x64/Debug/net8.0-android/android/bin/classes/com/bumptech/glide/R$bool.class' -> 'goodrive://www.googleapis.com/:personal:/bannister/BannisterTools/obj/x64/Debug/net8.0-android/android/bin/classes/com/bumptech/glide/R$bool.class' (389)
2026-09-28 05:53:41: Copy Over 'C:/rock/bannister/BannisterTools/obj/x64/Debug/net8.0-android/android/bin/classes/com/bumptech/glide/R$color.class' -> 'goodrive://www.googleapis.com/:personal:/bannister/BannisterTools/obj/x64/Debug/net8.0-android/android/bin/classes/com/bumptech/glide/R$color.class' (4,868)
2026-09-28 05:53:41: Copy Over 'C:/rock/bannister/BannisterTools/obj/x64/Debug/net8.0-android/android/bin/classes/com/bumptech/glide/R$drawable.class' -> 'goodrive://www.googleapis.com/:personal:/bannister/BannisterTools/obj/x64/Debug/net8.0-android/android/bin/classes/com/bumptech/glide/R$drawable.class' (5,651)
2026-09-28 05:53:41: Copy Over 'C:/rock/bannister/BannisterTools/obj/x64/Debug/net8.0-android/android/bin/classes/com/bumptech/glide/R$dimen.class' -> 'goodrive://www.googleapis.com/:personal:/bannister/BannisterTools/obj/x64/Debug/net8.0-android/android/bin/classes/com/bumptech/glide/R$dimen.class' (7,012)
2026-09-28 05:53:44: Copy Over 'C:/rock/bannister/BannisterTools/obj/x64/Debug/net8.0-android/android/bin/classes/com/bumptech/glide/R$id.class' -> 'goodrive://www.googleapis.com/:personal:/bannister/BannisterTools/obj/x64/Debug/net8.0-android/android/bin/classes/com/bumptech/glide/R$id.class' (6,760)
2026-09-28 05:53:44: Copy Over 'C:/rock/bannister/BannisterTools/obj/x64/Debug/net8.0-android/android/bin/classes/com/bumptech/glide/R$interpolator.class' -> 'goodrive://www.googleapis.com/:personal:/bannister/BannisterTools/obj/x64/Debug/net8.0-android/android/bin/classes/com/bumptech/glide/R$interpolator.class' (779)
2026-09-28 05:53:44: Copy Over 'C:/rock/bannister/BannisterTools/obj/x64/Debug/net8.0-android/android/bin/classes/com/bumptech/glide/R$integer.class' -> 'goodrive://www.googleapis.com/:personal:/bannister/BannisterTools/obj/x64/Debug/net8.0-android/android/bin/classes/com/bumptech/glide/R$integer.class' (548)
2026-09-28 05:53:47: Copy Over 'C:/rock/bannister/BannisterTools/obj/x64/Debug/net8.0-android/android/bin/classes/com/bumptech/glide/R$string.class' -> 'goodrive://www.googleapis.com/:personal:/bannister/BannisterTools/obj/x64/Debug/net8.0-android/android/bin/classes/com/bumptech/glide/R$string.class' (1,832)
2026-09-28 05:53:47: Copy Over 'C:/rock/bannister/BannisterTools/obj/x64/Debug/net8.0-android/android/bin/classes/com/bumptech/glide/R$layout.class' -> 'goodrive://www.googleapis.com/:personal:/bannister/BannisterTools/obj/x64/Debug/net8.0-android/android/bin/classes/com/bumptech/glide/R$layout.class' (2,280)
2026-09-28 05:53:47: Copy Over 'C:/rock/bannister/BannisterTools/obj/x64/Debug/net8.0-android/android/bin/classes/com/bumptech/glide/R$style.class' -> 'goodrive://www.googleapis.com/:personal:/bannister/BannisterTools/obj/x64/Debug/net8.0-android/android/bin/classes/com/bumptech/glide/R$style.class' (21,850)
2026-09-28 05:53:51: Copy Over 'C:/rock/bannister/BannisterTools/obj/x64/Debug/net8.0-android/android/bin/classes/com/bumptech/glide/R.class' -> 'goodrive://www.googleapis.com/:personal:/bannister/BannisterTools/obj/x64/Debug/net8.0-android/android/bin/classes/com/bumptech/glide/R.class' (920)
2026-09-28 05:53:51: Copy Over 'C:/rock/bannister/BannisterTools/obj/x64/Debug/net8.0-android/android/bin/classes/com/bumptech/glide/R$styleable.class' -> 'goodrive://www.googleapis.com/:personal:/bannister/BannisterTools/obj/x64/Debug/net8.0-android/android/bin/classes/com/bumptech/glide/R$styleable.class' (29,637)
2026-09-28 05:53:52: Copy Over 'C:/rock/bannister/BannisterTools/obj/x64/Debug/net8.0-android/android/bin/classes/com/microsoft/maui/R$anim.class' -> 'goodrive://www.googleapis.com/:personal:/bannister/BannisterTools/obj/x64/Debug/net8.0-android/android/bin/classes/com/microsoft/maui/R$anim.class' (2,574)
2026-09-28 05:53:56: Copy Over 'C:/rock/bannister/BannisterTools/obj/x64/Debug/net8.0-android/android/bin/classes/com/microsoft/maui/R$attr.class' -> 'goodrive://www.googleapis.com/:personal:/bannister/BannisterTools/obj/x64/Debug/net8.0-android/android/bin/classes/com/microsoft/maui/R$attr.class' (50,072)
2026-09-28 05:53:56: Copy Over 'C:/rock/bannister/BannisterTools/obj/x64/Debug/net8.0-android/android/bin/classes/androidx/annotation/experimental/R.class' -> 'goodrive://www.googleapis.com/:personal:/bannister/BannisterTools/obj/x64/Debug/net8.0-android/android/bin/classes/androidx/annotation/experimental/R.class' (209)
2026-09-28 05:53:56: Copy Over 'C:/rock/bannister/BannisterTools/obj/x64/Debug/net8.0-android/android/bin/classes/com/microsoft/maui/R$animator.class' -> 'goodrive://www.googleapis.com/:personal:/bannister/BannisterTools/obj/x64/Debug/net8.0-android/android/bin/classes/com/microsoft/maui/R$animator.class' (2,143)
2026-09-28 05:53:59: Copy Over 'C:/rock/bannister/BannisterTools/obj/x64/Debug/net8.0-android/android/bin/classes/com/microsoft/maui/R$color.class' -> 'goodrive://www.googleapis.com/:personal:/bannister/BannisterTools/obj/x64/Debug/net8.0-android/android/bin/classes/com/microsoft/maui/R$color.class' (41,854)
2026-09-28 05:53:59: Copy Over 'C:/rock/bannister/BannisterTools/obj/x64/Debug/net8.0-android/android/bin/classes/com/microsoft/maui/R$dimen.class' -> 'goodrive://www.googleapis.com/:personal:/bannister/BannisterTools/obj/x64/Debug/net8.0-android/android/bin/classes/com/microsoft/maui/R$dimen.class' (46,241)
2026-09-28 05:53:59: Copy Over 'C:/rock/bannister/BannisterTools/obj/x64/Debug/net8.0-android/android/bin/classes/com/microsoft/maui/R$bool.class' -> 'goodrive://www.googleapis.com/:personal:/bannister/BannisterTools/obj/x64/Debug/net8.0-android/android/bin/classes/com/microsoft/maui/R$bool.class' (445)
2026-09-28 05:54:02: Copy Over 'C:/rock/bannister/BannisterTools/obj/x64/Debug/net8.0-android/android/bin/classes/com/microsoft/maui/R$id.class' -> 'goodrive://www.googleapis.com/:personal:/bannister/BannisterTools/obj/x64/Debug/net8.0-android/android/bin/classes/com/microsoft/maui/R$id.class' (16,574)
2026-09-28 05:54:02: Copy Over 'C:/rock/bannister/BannisterTools/obj/x64/Debug/net8.0-android/android/bin/classes/com/microsoft/maui/R$drawable.class' -> 'goodrive://www.googleapis.com/:personal:/bannister/BannisterTools/obj/x64/Debug/net8.0-android/android/bin/classes/com/microsoft/maui/R$drawable.class' (9,690)
2026-09-28 05:54:02: Copy Over 'C:/rock/bannister/BannisterTools/obj/x64/Debug/net8.0-android/android/bin/classes/com/microsoft/maui/R$integer.class' -> 'goodrive://www.googleapis.com/:personal:/bannister/BannisterTools/obj/x64/Debug/net8.0-android/android/bin/classes/com/microsoft/maui/R$integer.class' (3,892)
2026-09-28 05:54:05: Copy Over 'C:/rock/bannister/BannisterTools/obj/x64/Debug/net8.0-android/android/bin/classes/com/microsoft/maui/R$layout.class' -> 'goodrive://www.googleapis.com/:personal:/bannister/BannisterTools/obj/x64/Debug/net8.0-android/android/bin/classes/com/microsoft/maui/R$layout.class' (5,519)
2026-09-28 05:54:05: Copy Over 'C:/rock/bannister/BannisterTools/obj/x64/Debug/net8.0-android/android/bin/classes/com/microsoft/maui/R$interpolator.class' -> 'goodrive://www.googleapis.com/:personal:/bannister/BannisterTools/obj/x64/Debug/net8.0-android/android/bin/classes/com/microsoft/maui/R$interpolator.class' (1,372)
2026-09-28 05:54:05: Copy Over 'C:/rock/bannister/BannisterTools/obj/x64/Debug/net8.0-android/android/bin/classes/com/microsoft/maui/R$plurals.class' -> 'goodrive://www.googleapis.com/:personal:/bannister/BannisterTools/obj/x64/Debug/net8.0-android/android/bin/classes/com/microsoft/maui/R$plurals.class' (344)
2026-09-28 05:54:08: Copy Over 'C:/rock/bannister/BannisterTools/obj/x64/Debug/net8.0-android/android/bin/classes/com/microsoft/maui/R$string.class' -> 'goodrive://www.googleapis.com/:personal:/bannister/BannisterTools/obj/x64/Debug/net8.0-android/android/bin/classes/com/microsoft/maui/R$string.class' (9,092)
2026-09-28 05:54:08: Copy Over 'C:/rock/bannister/BannisterTools/obj/x64/Debug/net8.0-android/android/bin/classes/com/microsoft/maui/R$style.class' -> 'goodrive://www.googleapis.com/:personal:/bannister/BannisterTools/obj/x64/Debug/net8.0-android/android/bin/classes/com/microsoft/maui/R$style.class' (73,020)
2026-09-28 05:54:08: Copy Over 'C:/rock/bannister/BannisterTools/obj/x64/Debug/net8.0-android/android/bin/classes/com/microsoft/maui/R$styleable.class' -> 'goodrive://www.googleapis.com/:personal:/bannister/BannisterTools/obj/x64/Debug/net8.0-android/android/bin/classes/com/microsoft/maui/R$styleable.class' (111,244)
2026-09-28 05:54:14: Copy Over 'C:/rock/bannister/BannisterTools/obj/x64/Debug/net8.0-android/android/bin/classes/com/microsoft/maui/R.class' -> 'goodrive://www.googleapis.com/:personal:/bannister/BannisterTools/obj/x64/Debug/net8.0-android/android/bin/classes/com/microsoft/maui/R.class' (972)
2026-09-28 05:54:14: Copy Over 'C:/rock/bannister/BannisterTools/obj/x64/Debug/net8.0-android/android/bin/classes/androidx/appcompat/app/AlertDialog_IDialogInterfaceOnCancelListenerImplementor.class' -> 'goodrive://www.googleapis.com/:personal:/bannister/BannisterTools/obj/x64/Debug/net8.0-android/android/bin/classes/androidx/appcompat/app/AlertDialog_IDialogInterfaceOnCancelListenerImplementor.class' (1,806)
2026-09-28 05:54:14: Copy Over 'C:/rock/bannister/BannisterTools/obj/x64/Debug/net8.0-android/android/bin/classes/androidx/arch/core/R.class' -> 'goodrive://www.googleapis.com/:personal:/bannister/BannisterTools/obj/x64/Debug/net8.0-android/android/bin/classes/androidx/arch/core/R.class' (195)
2026-09-28 05:54:17: Copy Over 'C:/rock/bannister/BannisterTools/obj/x64/Debug/net8.0-android/android/bin/classes/androidx/appcompat/app/AlertDialog_IDialogInterfaceOnMultiChoiceClickListenerImplementor.class' -> 'goodrive://www.googleapis.com/:personal:/bannister/BannisterTools/obj/x64/Debug/net8.0-android/android/bin/classes/androidx/appcompat/app/AlertDialog_IDialogInterfaceOnMultiChoiceClickListenerImplementor.class' (1,870)
2026-09-28 05:54:17: Copy Over 'C:/rock/bannister/BannisterTools/obj/x64/Debug/net8.0-android/android/bin/classes/androidx/appcompat/R$anim.class' -> 'goodrive://www.googleapis.com/:personal:/bannister/BannisterTools/obj/x64/Debug/net8.0-android/android/bin/classes/androidx/appcompat/R$anim.class' (1,626)
2026-09-28 05:54:18: Copy Over 'C:/rock/bannister/BannisterTools/obj/x64/Debug/net8.0-android/android/bin/classes/androidx/appcompat/app/AlertDialog_IDialogInterfaceOnClickListenerImplementor.class' -> 'goodrive://www.googleapis.com/:personal:/bannister/BannisterTools/obj/x64/Debug/net8.0-android/android/bin/classes/androidx/appcompat/app/AlertDialog_IDialogInterfaceOnClickListenerImplementor.class' (1,800)
2026-09-28 05:54:20: Copy Over 'C:/rock/bannister/BannisterTools/obj/x64/Debug/net8.0-android/android/bin/classes/androidx/appcompat/R$attr.class' -> 'goodrive://www.googleapis.com/:personal:/bannister/BannisterTools/obj/x64/Debug/net8.0-android/android/bin/classes/androidx/appcompat/R$attr.class' (11,577)
2026-09-28 05:54:20: Copy Over 'C:/rock/bannister/BannisterTools/obj/x64/Debug/net8.0-android/android/bin/classes/androidx/appcompat/R$bool.class' -> 'goodrive://www.googleapis.com/:personal:/bannister/BannisterTools/obj/x64/Debug/net8.0-android/android/bin/classes/androidx/appcompat/R$bool.class' (389)
2026-09-28 05:54:21: Copy Over 'C:/rock/bannister/BannisterTools/obj/x64/Debug/net8.0-android/android/bin/classes/androidx/appcompat/R$color.class' -> 'goodrive://www.googleapis.com/:personal:/bannister/BannisterTools/obj/x64/Debug/net8.0-android/android/bin/classes/androidx/appcompat/R$color.class' (4,628)
2026-09-28 05:54:23: Copy Over 'C:/rock/bannister/BannisterTools/obj/x64/Debug/net8.0-android/android/bin/classes/androidx/appcompat/R$drawable.class' -> 'goodrive://www.googleapis.com/:personal:/bannister/BannisterTools/obj/x64/Debug/net8.0-android/android/bin/classes/androidx/appcompat/R$drawable.class' (5,055)
2026-09-28 05:54:23: Copy Over 'C:/rock/bannister/BannisterTools/obj/x64/Debug/net8.0-android/android/bin/classes/androidx/appcompat/R$dimen.class' -> 'goodrive://www.googleapis.com/:personal:/bannister/BannisterTools/obj/x64/Debug/net8.0-android/android/bin/classes/androidx/appcompat/R$dimen.class' (5,751)
2026-09-28 05:54:24: Copy Over 'C:/rock/bannister/BannisterTools/obj/x64/Debug/net8.0-android/android/bin/classes/androidx/appcompat/R$id.class' -> 'goodrive://www.googleapis.com/:personal:/bannister/BannisterTools/obj/x64/Debug/net8.0-android/android/bin/classes/androidx/appcompat/R$id.class' (3,121)
2026-09-28 05:54:25: Copy Over 'C:/rock/bannister/BannisterTools/obj/x64/Debug/net8.0-android/android/bin/classes/androidx/appcompat/R$integer.class' -> 'goodrive://www.googleapis.com/:personal:/bannister/BannisterTools/obj/x64/Debug/net8.0-android/android/bin/classes/androidx/appcompat/R$integer.class' (489)
2026-09-28 05:54:26: Copy Over 'C:/rock/bannister/BannisterTools/obj/x64/Debug/net8.0-android/android/bin/classes/androidx/appcompat/R$interpolator.class' -> 'goodrive://www.googleapis.com/:personal:/bannister/BannisterTools/obj/x64/Debug/net8.0-android/android/bin/classes/androidx/appcompat/R$interpolator.class' (779)
2026-09-28 05:54:27: Copy Over 'C:/rock/bannister/BannisterTools/obj/x64/Debug/net8.0-android/android/bin/classes/androidx/appcompat/R$layout.class' -> 'goodrive://www.googleapis.com/:personal:/bannister/BannisterTools/obj/x64/Debug/net8.0-android/android/bin/classes/androidx/appcompat/R$layout.class' (1,918)
2026-09-28 05:54:28: Copy Over 'C:/rock/bannister/BannisterTools/obj/x64/Debug/net8.0-android/android/bin/classes/androidx/appcompat/R$string.class' -> 'goodrive://www.googleapis.com/:personal:/bannister/BannisterTools/obj/x64/Debug/net8.0-android/android/bin/classes/androidx/appcompat/R$string.class' (1,771)
2026-09-28 05:54:29: Copy Over 'C:/rock/bannister/BannisterTools/obj/x64/Debug/net8.0-android/android/bin/classes/androidx/appcompat/R$style.class' -> 'goodrive://www.googleapis.com/:personal:/bannister/BannisterTools/obj/x64/Debug/net8.0-android/android/bin/classes/androidx/appcompat/R$style.class' (21,413)
2026-09-28 05:54:30: Copy Over 'C:/rock/bannister/BannisterTools/obj/x64/Debug/net8.0-android/android/bin/classes/androidx/appcompat/R$styleable.class' -> 'goodrive://www.googleapis.com/:personal:/bannister/BannisterTools/obj/x64/Debug/net8.0-android/android/bin/classes/androidx/appcompat/R$styleable.class' (25,717)
2026-09-28 05:54:31: Copy Over 'C:/rock/bannister/BannisterTools/obj/x64/Debug/net8.0-android/android/bin/classes/androidx/appcompat/R.class' -> 'goodrive://www.googleapis.com/:personal:/bannister/BannisterTools/obj/x64/Debug/net8.0-android/android/bin/classes/androidx/appcompat/R.class' (866)
2026-09-28 05:54:33: Copy Over 'C:/rock/bannister/BannisterTools/obj/x64/Debug/net8.0-android/android/bin/classes/androidx/appcompat/resources/R$drawable.class' -> 'goodrive://www.googleapis.com/:personal:/bannister/BannisterTools/obj/x64/Debug/net8.0-android/android/bin/classes/androidx/appcompat/resources/R$drawable.class' (351)
2026-09-28 05:54:34: Copy Over 'C:/rock/bannister/BannisterTools/obj/x64/Debug/net8.0-android/android/bin/classes/androidx/appcompat/widget/Toolbar_NavigationOnClickEventDispatcher.class' -> 'goodrive://www.googleapis.com/:personal:/bannister/BannisterTools/obj/x64/Debug/net8.0-android/android/bin/classes/androidx/appcompat/widget/Toolbar_NavigationOnClickEventDispatcher.class' (1,926)
2026-09-28 05:54:34: Copy Over 'C:/rock/bannister/BannisterTools/obj/x64/Debug/net8.0-android/android/bin/classes/androidx/appcompat/resources/R$styleable.class' -> 'goodrive://www.googleapis.com/:personal:/bannister/BannisterTools/obj/x64/Debug/net8.0-android/android/bin/classes/androidx/appcompat/resources/R$styleable.class' (2,066)
2026-09-28 05:54:36: Copy Over 'C:/rock/bannister/BannisterTools/obj/x64/Debug/net8.0-android/android/bin/classes/androidx/appcompat/resources/R.class' -> 'goodrive://www.googleapis.com/:personal:/bannister/BannisterTools/obj/x64/Debug/net8.0-android/android/bin/classes/androidx/appcompat/resources/R.class' (358)
2026-09-28 05:54:39: Copy Over 'C:/rock/bannister/BannisterTools/obj/x64/Debug/net8.0-android/android/bin/classes/androidx/cardview/R$attr.class' -> 'goodrive://www.googleapis.com/:personal:/bannister/BannisterTools/obj/x64/Debug/net8.0-android/android/bin/classes/androidx/cardview/R$attr.class' (779)
2026-09-28 05:54:40: Copy Over 'C:/rock/bannister/BannisterTools/obj/x64/Debug/net8.0-android/android/bin/classes/androidx/cardview/R$color.class' -> 'goodrive://www.googleapis.com/:personal:/bannister/BannisterTools/obj/x64/Debug/net8.0-android/android/bin/classes/androidx/cardview/R$color.class' (481)
2026-09-28 05:54:40: Copy Over 'C:/rock/bannister/BannisterTools/obj/x64/Debug/net8.0-android/android/bin/classes/androidx/browser/customtabs/CustomTabsClient_CustomTabsCallbackImpl.class' -> 'goodrive://www.googleapis.com/:personal:/bannister/BannisterTools/obj/x64/Debug/net8.0-android/android/bin/classes/androidx/browser/customtabs/CustomTabsClient_CustomTabsCallbackImpl.class' (1,811)
2026-09-28 05:54:42: Copy Over 'C:/rock/bannister/BannisterTools/obj/x64/Debug/net8.0-android/android/bin/classes/androidx/cardview/R$dimen.class' -> 'goodrive://www.googleapis.com/:personal:/bannister/BannisterTools/obj/x64/Debug/net8.0-android/android/bin/classes/androidx/cardview/R$dimen.class' (433)
2026-09-28 05:54:43: Copy Over 'C:/rock/bannister/BannisterTools/obj/x64/Debug/net8.0-android/android/bin/classes/androidx/cardview/R$style.class' -> 'goodrive://www.googleapis.com/:personal:/bannister/BannisterTools/obj/x64/Debug/net8.0-android/android/bin/classes/androidx/cardview/R$style.class' (428)
2026-09-28 05:54:43: Copy Over 'C:/rock/bannister/BannisterTools/obj/x64/Debug/net8.0-android/android/bin/classes/androidx/cardview/R$styleable.class' -> 'goodrive://www.googleapis.com/:personal:/bannister/BannisterTools/obj/x64/Debug/net8.0-android/android/bin/classes/androidx/cardview/R$styleable.class' (1,178)
2026-09-28 05:54:45: Copy Over 'C:/rock/bannister/BannisterTools/obj/x64/Debug/net8.0-android/android/bin/classes/androidx/cardview/R.class' -> 'goodrive://www.googleapis.com/:personal:/bannister/BannisterTools/obj/x64/Debug/net8.0-android/android/bin/classes/androidx/cardview/R.class' (458)
2026-09-28 05:54:46: Copy Over 'C:/rock/bannister/BannisterTools/obj/x64/Debug/net8.0-android/android/bin/classes/androidx/browser/R$dimen.class' -> 'goodrive://www.googleapis.com/:personal:/bannister/BannisterTools/obj/x64/Debug/net8.0-android/android/bin/classes/androidx/browser/R$dimen.class' (408)
2026-09-28 05:54:46: Copy Over 'C:/rock/bannister/BannisterTools/obj/x64/Debug/net8.0-android/android/bin/classes/androidx/browser/R$color.class' -> 'goodrive://www.googleapis.com/:personal:/bannister/BannisterTools/obj/x64/Debug/net8.0-android/android/bin/classes/androidx/browser/R$color.class' (483)
2026-09-28 05:54:49: Copy Over 'C:/rock/bannister/BannisterTools/obj/x64/Debug/net8.0-android/android/bin/classes/androidx/browser/R$id.class' -> 'goodrive://www.googleapis.com/:personal:/bannister/BannisterTools/obj/x64/Debug/net8.0-android/android/bin/classes/androidx/browser/R$id.class' (534)
2026-09-28 05:54:49: Copy Over 'C:/rock/bannister/BannisterTools/obj/x64/Debug/net8.0-android/android/bin/classes/androidx/browser/R$string.class' -> 'goodrive://www.googleapis.com/:personal:/bannister/BannisterTools/obj/x64/Debug/net8.0-android/android/bin/classes/androidx/browser/R$string.class' (485)
2026-09-28 05:54:51: Copy Over 'C:/rock/bannister/BannisterTools/obj/x64/Debug/net8.0-android/android/bin/classes/androidx/browser/R$layout.class' -> 'goodrive://www.googleapis.com/:personal:/bannister/BannisterTools/obj/x64/Debug/net8.0-android/android/bin/classes/androidx/browser/R$layout.class' (397)
2026-09-28 05:54:51: Copy Over 'C:/rock/bannister/BannisterTools/obj/x64/Debug/net8.0-android/android/bin/classes/androidx/browser/R$xml.class' -> 'goodrive://www.googleapis.com/:personal:/bannister/BannisterTools/obj/x64/Debug/net8.0-android/android/bin/classes/androidx/browser/R$xml.class' (323)
2026-09-28 05:54:52: Copy Over 'C:/rock/bannister/BannisterTools/obj/x64/Debug/net8.0-android/android/bin/classes/androidx/browser/R.class' -> 'goodrive://www.googleapis.com/:personal:/bannister/BannisterTools/obj/x64/Debug/net8.0-android/android/bin/classes/androidx/browser/R.class' (486)
2026-09-28 05:54:56: Copy Over 'C:/rock/bannister/BannisterTools/obj/x64/Debug/net8.0-android/android/bin/classes/androidx/coordinatorlayout/R$attr.class' -> 'goodrive://www.googleapis.com/:personal:/bannister/BannisterTools/obj/x64/Debug/net8.0-android/android/bin/classes/androidx/coordinatorlayout/R$attr.class' (665)
2026-09-28 05:54:57: Copy Over 'C:/rock/bannister/BannisterTools/obj/x64/Debug/net8.0-android/android/bin/classes/androidx/constraintlayout/widget/R$attr.class' -> 'goodrive://www.googleapis.com/:personal:/bannister/BannisterTools/obj/x64/Debug/net8.0-android/android/bin/classes/androidx/constraintlayout/widget/R$attr.class' (23,341)
2026-09-28 05:54:58: Copy Over 'C:/rock/bannister/BannisterTools/obj/x64/Debug/net8.0-android/android/bin/classes/androidx/constraintlayout/widget/R$anim.class' -> 'goodrive://www.googleapis.com/:personal:/bannister/BannisterTools/obj/x64/Debug/net8.0-android/android/bin/classes/androidx/constraintlayout/widget/R$anim.class' (1,654)
2026-09-28 05:54:59: Copy Over 'C:/rock/bannister/BannisterTools/obj/x64/Debug/net8.0-android/android/bin/classes/androidx/constraintlayout/widget/R$bool.class' -> 'goodrive://www.googleapis.com/:personal:/bannister/BannisterTools/obj/x64/Debug/net8.0-android/android/bin/classes/androidx/constraintlayout/widget/R$bool.class' (417)
2026-09-28 05:55:00: Copy Over 'C:/rock/bannister/BannisterTools/obj/x64/Debug/net8.0-android/android/bin/classes/androidx/constraintlayout/widget/R$color.class' -> 'goodrive://www.googleapis.com/:personal:/bannister/BannisterTools/obj/x64/Debug/net8.0-android/android/bin/classes/androidx/constraintlayout/widget/R$color.class' (4,896)
2026-09-28 05:55:01: Copy Over 'C:/rock/bannister/BannisterTools/obj/x64/Debug/net8.0-android/android/bin/classes/androidx/constraintlayout/widget/R$dimen.class' -> 'goodrive://www.googleapis.com/:personal:/bannister/BannisterTools/obj/x64/Debug/net8.0-android/android/bin/classes/androidx/constraintlayout/widget/R$dimen.class' (6,927)
2026-09-28 05:55:02: Copy Over 'C:/rock/bannister/BannisterTools/obj/x64/Debug/net8.0-android/android/bin/classes/androidx/constraintlayout/widget/R$drawable.class' -> 'goodrive://www.googleapis.com/:personal:/bannister/BannisterTools/obj/x64/Debug/net8.0-android/android/bin/classes/androidx/constraintlayout/widget/R$drawable.class' (5,417)
2026-09-28 05:55:03: Copy Over 'C:/rock/bannister/BannisterTools/obj/x64/Debug/net8.0-android/android/bin/classes/androidx/constraintlayout/widget/R$id.class' -> 'goodrive://www.googleapis.com/:personal:/bannister/BannisterTools/obj/x64/Debug/net8.0-android/android/bin/classes/androidx/constraintlayout/widget/R$id.class' (9,913)
2026-09-28 05:55:04: Copy Over 'C:/rock/bannister/BannisterTools/obj/x64/Debug/net8.0-android/android/bin/classes/androidx/constraintlayout/widget/R$integer.class' -> 'goodrive://www.googleapis.com/:personal:/bannister/BannisterTools/obj/x64/Debug/net8.0-android/android/bin/classes/androidx/constraintlayout/widget/R$integer.class' (576)
2026-09-28 05:55:05: Copy Over 'C:/rock/bannister/BannisterTools/obj/x64/Debug/net8.0-android/android/bin/classes/androidx/constraintlayout/widget/R$interpolator.class' -> 'goodrive://www.googleapis.com/:personal:/bannister/BannisterTools/obj/x64/Debug/net8.0-android/android/bin/classes/androidx/constraintlayout/widget/R$interpolator.class' (807)
2026-09-28 05:55:06: Copy Over 'C:/rock/bannister/BannisterTools/obj/x64/Debug/net8.0-android/android/bin/classes/androidx/constraintlayout/widget/R$layout.class' -> 'goodrive://www.googleapis.com/:personal:/bannister/BannisterTools/obj/x64/Debug/net8.0-android/android/bin/classes/androidx/constraintlayout/widget/R$layout.class' (2,308)
2026-09-28 05:55:06: Copy Over 'C:/rock/bannister/BannisterTools/obj/x64/Debug/net8.0-android/android/bin/classes/androidx/constraintlayout/widget/R$string.class' -> 'goodrive://www.googleapis.com/:personal:/bannister/BannisterTools/obj/x64/Debug/net8.0-android/android/bin/classes/androidx/constraintlayout/widget/R$string.class' (1,860)
2026-09-28 05:55:08: Copy Over 'C:/rock/bannister/BannisterTools/obj/x64/Debug/net8.0-android/android/bin/classes/androidx/constraintlayout/widget/R$style.class' -> 'goodrive://www.googleapis.com/:personal:/bannister/BannisterTools/obj/x64/Debug/net8.0-android/android/bin/classes/androidx/constraintlayout/widget/R$style.class' (21,878)
2026-09-28 05:55:09: Copy Over 'C:/rock/bannister/BannisterTools/obj/x64/Debug/net8.0-android/android/bin/classes/androidx/constraintlayout/widget/R$styleable.class' -> 'goodrive://www.googleapis.com/:personal:/bannister/BannisterTools/obj/x64/Debug/net8.0-android/android/bin/classes/androidx/constraintlayout/widget/R$styleable.class' (82,207)
2026-09-28 05:55:09: Copy Over 'C:/rock/bannister/BannisterTools/obj/x64/Debug/net8.0-android/android/bin/classes/androidx/constraintlayout/widget/R.class' -> 'goodrive://www.googleapis.com/:personal:/bannister/BannisterTools/obj/x64/Debug/net8.0-android/android/bin/classes/androidx/constraintlayout/widget/R.class' (1,062)
2026-09-28 05:55:11: Copy Over 'C:/rock/bannister/BannisterTools/obj/x64/Debug/net8.0-android/android/bin/classes/androidx/coordinatorlayout/R$id.class' -> 'goodrive://www.googleapis.com/:personal:/bannister/BannisterTools/obj/x64/Debug/net8.0-android/android/bin/classes/androidx/coordinatorlayout/R$id.class' (494)
2026-09-28 05:55:12: Copy Over 'C:/rock/bannister/BannisterTools/obj/x64/Debug/net8.0-android/android/bin/classes/androidx/coordinatorlayout/R$styleable.class' -> 'goodrive://www.googleapis.com/:personal:/bannister/BannisterTools/obj/x64/Debug/net8.0-android/android/bin/classes/androidx/coordinatorlayout/R$styleable.class' (1,122)
2026-09-28 05:55:12: Copy Over 'C:/rock/bannister/BannisterTools/obj/x64/Debug/net8.0-android/android/bin/classes/androidx/coordinatorlayout/R$style.class' -> 'goodrive://www.googleapis.com/:personal:/bannister/BannisterTools/obj/x64/Debug/net8.0-android/android/bin/classes/androidx/coordinatorlayout/R$style.class' (358)
2026-09-28 05:55:16: Copy Over 'C:/rock/bannister/BannisterTools/obj/x64/Debug/net8.0-android/android/bin/classes/androidx/coordinatorlayout/R.class' -> 'goodrive://www.googleapis.com/:personal:/bannister/BannisterTools/obj/x64/Debug/net8.0-android/android/bin/classes/androidx/coordinatorlayout/R.class' (450)
2026-09-28 05:55:17: Copy Over 'C:/rock/bannister/BannisterTools/obj/x64/Debug/net8.0-android/android/bin/classes/androidx/cursoradapter/R.class' -> 'goodrive://www.googleapis.com/:personal:/bannister/BannisterTools/obj/x64/Debug/net8.0-android/android/bin/classes/androidx/cursoradapter/R.class' (199)
2026-09-28 05:55:17: Copy Over 'C:/rock/bannister/BannisterTools/obj/x64/Debug/net8.0-android/android/bin/classes/androidx/core/ktx/R.class' -> 'goodrive://www.googleapis.com/:personal:/bannister/BannisterTools/obj/x64/Debug/net8.0-android/android/bin/classes/androidx/core/ktx/R.class' (194)
2026-09-28 05:55:20: Copy Over 'C:/rock/bannister/BannisterTools/obj/x64/Debug/net8.0-android/android/bin/classes/androidx/core/R$attr.class' -> 'goodrive://www.googleapis.com/:personal:/bannister/BannisterTools/obj/x64/Debug/net8.0-android/android/bin/classes/androidx/core/R$attr.class' (950)
2026-09-28 05:55:20: Copy Over 'C:/rock/bannister/BannisterTools/obj/x64/Debug/net8.0-android/android/bin/classes/androidx/core/R$color.class' -> 'goodrive://www.googleapis.com/:personal:/bannister/BannisterTools/obj/x64/Debug/net8.0-android/android/bin/classes/androidx/core/R$color.class' (625)
2026-09-28 05:55:20: Copy Over 'C:/rock/bannister/BannisterTools/obj/x64/Debug/net8.0-android/android/bin/classes/androidx/core/R$dimen.class' -> 'goodrive://www.googleapis.com/:personal:/bannister/BannisterTools/obj/x64/Debug/net8.0-android/android/bin/classes/androidx/core/R$dimen.class' (1,537)
2026-09-28 05:55:23: Copy Over 'C:/rock/bannister/BannisterTools/obj/x64/Debug/net8.0-android/android/bin/classes/androidx/core/R$id.class' -> 'goodrive://www.googleapis.com/:personal:/bannister/BannisterTools/obj/x64/Debug/net8.0-android/android/bin/classes/androidx/core/R$id.class' (3,611)
2026-09-28 05:55:23: Copy Over 'C:/rock/bannister/BannisterTools/obj/x64/Debug/net8.0-android/android/bin/classes/androidx/core/R$drawable.class' -> 'goodrive://www.googleapis.com/:personal:/bannister/BannisterTools/obj/x64/Debug/net8.0-android/android/bin/classes/androidx/core/R$drawable.class' (1,136)
2026-09-28 05:55:24: Copy Over 'C:/rock/bannister/BannisterTools/obj/x64/Debug/net8.0-android/android/bin/classes/androidx/core/R$integer.class' -> 'goodrive://www.googleapis.com/:personal:/bannister/BannisterTools/obj/x64/Debug/net8.0-android/android/bin/classes/androidx/core/R$integer.class' (339)
2026-09-28 05:55:25: Copy Over 'C:/rock/bannister/BannisterTools/obj/x64/Debug/net8.0-android/android/bin/classes/androidx/core/R$string.class' -> 'goodrive://www.googleapis.com/:personal:/bannister/BannisterTools/obj/x64/Debug/net8.0-android/android/bin/classes/androidx/core/R$string.class' (732)
2026-09-28 05:55:26: Copy Over 'C:/rock/bannister/BannisterTools/obj/x64/Debug/net8.0-android/android/bin/classes/androidx/core/R$layout.class' -> 'goodrive://www.googleapis.com/:personal:/bannister/BannisterTools/obj/x64/Debug/net8.0-android/android/bin/classes/androidx/core/R$layout.class' (640)
2026-09-28 05:55:26: Copy Over 'C:/rock/bannister/BannisterTools/obj/x64/Debug/net8.0-android/android/bin/classes/androidx/core/R$style.class' -> 'goodrive://www.googleapis.com/:personal:/bannister/BannisterTools/obj/x64/Debug/net8.0-android/android/bin/classes/androidx/core/R$style.class' (713)
2026-09-28 05:55:28: Copy Over 'C:/rock/bannister/BannisterTools/obj/x64/Debug/net8.0-android/android/bin/classes/androidx/core/R$styleable.class' -> 'goodrive://www.googleapis.com/:personal:/bannister/BannisterTools/obj/x64/Debug/net8.0-android/android/bin/classes/androidx/core/R$styleable.class' (2,912)
2026-09-28 05:55:30: Copy Over 'C:/rock/bannister/BannisterTools/obj/x64/Debug/net8.0-android/android/bin/classes/androidx/core/R.class' -> 'goodrive://www.googleapis.com/:personal:/bannister/BannisterTools/obj/x64/Debug/net8.0-android/android/bin/classes/androidx/core/R.class' (657)
2026-09-28 05:55:31: Copy Over 'C:/rock/bannister/BannisterTools/obj/x64/Debug/net8.0-android/android/bin/classes/androidx/documentfile/R.class' -> 'goodrive://www.googleapis.com/:personal:/bannister/BannisterTools/obj/x64/Debug/net8.0-android/android/bin/classes/androidx/documentfile/R.class' (198)
2026-09-28 05:55:33: Copy Over 'C:/rock/bannister/BannisterTools/obj/x64/Debug/net8.0-android/android/bin/classes/androidx/customview/poolingcontainer/R.class' -> 'goodrive://www.googleapis.com/:personal:/bannister/BannisterTools/obj/x64/Debug/net8.0-android/android/bin/classes/androidx/customview/poolingcontainer/R.class' (296)
2026-09-28 05:55:33: Copy Over 'C:/rock/bannister/BannisterTools/obj/x64/Debug/net8.0-android/android/bin/classes/androidx/customview/R$attr.class' -> 'goodrive://www.googleapis.com/:personal:/bannister/BannisterTools/obj/x64/Debug/net8.0-android/android/bin/classes/androidx/customview/R$attr.class' (754)
2026-09-28 05:55:34: Copy Over 'C:/rock/bannister/BannisterTools/obj/x64/Debug/net8.0-android/android/bin/classes/androidx/customview/poolingcontainer/R$id.class' -> 'goodrive://www.googleapis.com/:personal:/bannister/BannisterTools/obj/x64/Debug/net8.0-android/android/bin/classes/androidx/customview/poolingcontainer/R$id.class' (425)
2026-09-28 05:55:36: Copy Over 'C:/rock/bannister/BannisterTools/obj/x64/Debug/net8.0-android/android/bin/classes/androidx/customview/R$dimen.class' -> 'goodrive://www.googleapis.com/:personal:/bannister/BannisterTools/obj/x64/Debug/net8.0-android/android/bin/classes/androidx/customview/R$dimen.class' (1,549)
2026-09-28 05:55:36: Copy Over 'C:/rock/bannister/BannisterTools/obj/x64/Debug/net8.0-android/android/bin/classes/androidx/customview/R$color.class' -> 'goodrive://www.googleapis.com/:personal:/bannister/BannisterTools/obj/x64/Debug/net8.0-android/android/bin/classes/androidx/customview/R$color.class' (528)
2026-09-28 05:55:36: Copy Over 'C:/rock/bannister/BannisterTools/obj/x64/Debug/net8.0-android/android/bin/classes/androidx/customview/R$drawable.class' -> 'goodrive://www.googleapis.com/:personal:/bannister/BannisterTools/obj/x64/Debug/net8.0-android/android/bin/classes/androidx/customview/R$drawable.class' (894)
2026-09-28 05:55:39: Copy Over 'C:/rock/bannister/BannisterTools/obj/x64/Debug/net8.0-android/android/bin/classes/androidx/customview/R$id.class' -> 'goodrive://www.googleapis.com/:personal:/bannister/BannisterTools/obj/x64/Debug/net8.0-android/android/bin/classes/androidx/customview/R$id.class' (3,354)
2026-09-28 05:55:39: Copy Over 'C:/rock/bannister/BannisterTools/obj/x64/Debug/net8.0-android/android/bin/classes/androidx/customview/R$integer.class' -> 'goodrive://www.googleapis.com/:personal:/bannister/BannisterTools/obj/x64/Debug/net8.0-android/android/bin/classes/androidx/customview/R$integer.class' (351)
2026-09-28 05:55:39: Copy Over 'C:/rock/bannister/BannisterTools/obj/x64/Debug/net8.0-android/android/bin/classes/androidx/customview/R$layout.class' -> 'goodrive://www.googleapis.com/:personal:/bannister/BannisterTools/obj/x64/Debug/net8.0-android/android/bin/classes/androidx/customview/R$layout.class' (652)
2026-09-28 05:55:42: Copy Over 'C:/rock/bannister/BannisterTools/obj/x64/Debug/net8.0-android/android/bin/classes/androidx/customview/R$styleable.class' -> 'goodrive://www.googleapis.com/:personal:/bannister/BannisterTools/obj/x64/Debug/net8.0-android/android/bin/classes/androidx/customview/R$styleable.class' (2,617)
2026-09-28 05:55:42: Copy Over 'C:/rock/bannister/BannisterTools/obj/x64/Debug/net8.0-android/android/bin/classes/androidx/customview/R$style.class' -> 'goodrive://www.googleapis.com/:personal:/bannister/BannisterTools/obj/x64/Debug/net8.0-android/android/bin/classes/androidx/customview/R$style.class' (725)
2026-09-28 05:55:43: Copy Over 'C:/rock/bannister/BannisterTools/obj/x64/Debug/net8.0-android/android/bin/classes/androidx/customview/R$string.class' -> 'goodrive://www.googleapis.com/:personal:/bannister/BannisterTools/obj/x64/Debug/net8.0-android/android/bin/classes/androidx/customview/R$string.class' (351)
2026-09-28 05:55:45: Copy Over 'C:/rock/bannister/BannisterTools/obj/x64/Debug/net8.0-android/android/bin/classes/androidx/customview/R.class' -> 'goodrive://www.googleapis.com/:personal:/bannister/BannisterTools/obj/x64/Debug/net8.0-android/android/bin/classes/androidx/customview/R.class' (723)
2026-09-28 05:55:46: Copy Over 'C:/rock/bannister/BannisterTools/obj/x64/Debug/net8.0-android/android/bin/classes/androidx/drawerlayout/R$attr.class' -> 'goodrive://www.googleapis.com/:personal:/bannister/BannisterTools/obj/x64/Debug/net8.0-android/android/bin/classes/androidx/drawerlayout/R$attr.class' (364)
2026-09-28 05:55:47: Copy Over 'C:/rock/bannister/BannisterTools/obj/x64/Debug/net8.0-android/android/bin/classes/androidx/dynamicanimation/R$attr.class' -> 'goodrive://www.googleapis.com/:personal:/bannister/BannisterTools/obj/x64/Debug/net8.0-android/android/bin/classes/androidx/dynamicanimation/R$attr.class' (766)
2026-09-28 05:55:48: Copy Over 'C:/rock/bannister/BannisterTools/obj/x64/Debug/net8.0-android/android/bin/classes/androidx/dynamicanimation/R$color.class' -> 'goodrive://www.googleapis.com/:personal:/bannister/BannisterTools/obj/x64/Debug/net8.0-android/android/bin/classes/androidx/dynamicanimation/R$color.class' (512)
2026-09-28 05:55:50: Copy Over 'C:/rock/bannister/BannisterTools/obj/x64/Debug/net8.0-android/android/bin/classes/androidx/dynamicanimation/R$dimen.class' -> 'goodrive://www.googleapis.com/:personal:/bannister/BannisterTools/obj/x64/Debug/net8.0-android/android/bin/classes/androidx/dynamicanimation/R$dimen.class' (1,561)
2026-09-28 05:55:50: Copy Over 'C:/rock/bannister/BannisterTools/obj/x64/Debug/net8.0-android/android/bin/classes/androidx/dynamicanimation/R$drawable.class' -> 'goodrive://www.googleapis.com/:personal:/bannister/BannisterTools/obj/x64/Debug/net8.0-android/android/bin/classes/androidx/dynamicanimation/R$drawable.class' (906)
2026-09-28 05:55:51: Copy Over 'C:/rock/bannister/BannisterTools/obj/x64/Debug/net8.0-android/android/bin/classes/androidx/dynamicanimation/R$id.class' -> 'goodrive://www.googleapis.com/:personal:/bannister/BannisterTools/obj/x64/Debug/net8.0-android/android/bin/classes/androidx/dynamicanimation/R$id.class' (1,294)
2026-09-28 05:55:53: Copy Over 'C:/rock/bannister/BannisterTools/obj/x64/Debug/net8.0-android/android/bin/classes/androidx/dynamicanimation/R$layout.class' -> 'goodrive://www.googleapis.com/:personal:/bannister/BannisterTools/obj/x64/Debug/net8.0-android/android/bin/classes/androidx/dynamicanimation/R$layout.class' (627)
2026-09-28 05:55:53: Copy Over 'C:/rock/bannister/BannisterTools/obj/x64/Debug/net8.0-android/android/bin/classes/androidx/dynamicanimation/R$integer.class' -> 'goodrive://www.googleapis.com/:personal:/bannister/BannisterTools/obj/x64/Debug/net8.0-android/android/bin/classes/androidx/dynamicanimation/R$integer.class' (363)
2026-09-28 05:55:54: Copy Over 'C:/rock/bannister/BannisterTools/obj/x64/Debug/net8.0-android/android/bin/classes/androidx/dynamicanimation/R$string.class' -> 'goodrive://www.googleapis.com/:personal:/bannister/BannisterTools/obj/x64/Debug/net8.0-android/android/bin/classes/androidx/dynamicanimation/R$string.class' (363)
2026-09-28 05:55:56: Copy Over 'C:/rock/bannister/BannisterTools/obj/x64/Debug/net8.0-android/android/bin/classes/androidx/dynamicanimation/R$styleable.class' -> 'goodrive://www.googleapis.com/:personal:/bannister/BannisterTools/obj/x64/Debug/net8.0-android/android/bin/classes/androidx/dynamicanimation/R$styleable.class' (2,629)
2026-09-28 05:55:56: Copy Over 'C:/rock/bannister/BannisterTools/obj/x64/Debug/net8.0-android/android/bin/classes/androidx/dynamicanimation/R$style.class' -> 'goodrive://www.googleapis.com/:personal:/bannister/BannisterTools/obj/x64/Debug/net8.0-android/android/bin/classes/androidx/dynamicanimation/R$style.class' (737)
2026-09-28 05:55:57: Copy Over 'C:/rock/bannister/BannisterTools/obj/x64/Debug/net8.0-android/android/bin/classes/androidx/dynamicanimation/R.class' -> 'goodrive://www.googleapis.com/:personal:/bannister/BannisterTools/obj/x64/Debug/net8.0-android/android/bin/classes/androidx/dynamicanimation/R.class' (789)
2026-09-28 05:55:59: Copy Over 'C:/rock/bannister/BannisterTools/obj/x64/Debug/net8.0-android/android/bin/classes/androidx/drawerlayout/R$dimen.class' -> 'goodrive://www.googleapis.com/:personal:/bannister/BannisterTools/obj/x64/Debug/net8.0-android/android/bin/classes/androidx/drawerlayout/R$dimen.class' (336)
2026-09-28 05:55:59: Copy Over 'C:/rock/bannister/BannisterTools/obj/x64/Debug/net8.0-android/android/bin/classes/androidx/drawerlayout/R$styleable.class' -> 'goodrive://www.googleapis.com/:personal:/bannister/BannisterTools/obj/x64/Debug/net8.0-android/android/bin/classes/androidx/drawerlayout/R$styleable.class' (450)
2026-09-28 05:56:00: Copy Over 'C:/rock/bannister/BannisterTools/obj/x64/Debug/net8.0-android/android/bin/classes/androidx/drawerlayout/R.class' -> 'goodrive://www.googleapis.com/:personal:/bannister/BannisterTools/obj/x64/Debug/net8.0-android/android/bin/classes/androidx/drawerlayout/R.class' (380)
2026-09-28 05:56:04: Copy Over 'C:/rock/bannister/BannisterTools/obj/x64/Debug/net8.0-android/android/bin/classes/androidx/emoji2/R.class' -> 'goodrive://www.googleapis.com/:personal:/bannister/BannisterTools/obj/x64/Debug/net8.0-android/android/bin/classes/androidx/emoji2/R.class' (192)
2026-09-28 05:56:04: Copy Over 'C:/rock/bannister/BannisterTools/obj/x64/Debug/net8.0-android/android/bin/classes/androidx/exifinterface/R.class' -> 'goodrive://www.googleapis.com/:personal:/bannister/BannisterTools/obj/x64/Debug/net8.0-android/android/bin/classes/androidx/exifinterface/R.class' (199)
2026-09-28 05:56:05: Copy Over 'C:/rock/bannister/BannisterTools/obj/x64/Debug/net8.0-android/android/bin/classes/androidx/emoji2/viewsintegration/R.class' -> 'goodrive://www.googleapis.com/:personal:/bannister/BannisterTools/obj/x64/Debug/net8.0-android/android/bin/classes/androidx/emoji2/viewsintegration/R.class' (209)
2026-09-28 05:56:08: Copy Over 'C:/rock/bannister/BannisterTools/obj/x64/Debug/net8.0-android/android/bin/classes/androidx/fragment/R$anim.class' -> 'goodrive://www.googleapis.com/:personal:/bannister/BannisterTools/obj/x64/Debug/net8.0-android/android/bin/classes/androidx/fragment/R$anim.class' (337)
2026-09-28 05:56:09: Copy Over 'C:/rock/bannister/BannisterTools/obj/x64/Debug/net8.0-android/android/bin/classes/androidx/fragment/ktx/R.class' -> 'goodrive://www.googleapis.com/:personal:/bannister/BannisterTools/obj/x64/Debug/net8.0-android/android/bin/classes/androidx/fragment/ktx/R.class' (198)
2026-09-28 05:56:09: Copy Over 'C:/rock/bannister/BannisterTools/obj/x64/Debug/net8.0-android/android/bin/classes/androidx/fragment/R$animator.class' -> 'goodrive://www.googleapis.com/:personal:/bannister/BannisterTools/obj/x64/Debug/net8.0-android/android/bin/classes/androidx/fragment/R$animator.class' (547)
2026-09-28 05:56:11: Copy Over 'C:/rock/bannister/BannisterTools/obj/x64/Debug/net8.0-android/android/bin/classes/androidx/fragment/R$id.class' -> 'goodrive://www.googleapis.com/:personal:/bannister/BannisterTools/obj/x64/Debug/net8.0-android/android/bin/classes/androidx/fragment/R$id.class' (446)
2026-09-28 05:56:12: Copy Over 'C:/rock/bannister/BannisterTools/obj/x64/Debug/net8.0-android/android/bin/classes/androidx/fragment/R$styleable.class' -> 'goodrive://www.googleapis.com/:personal:/bannister/BannisterTools/obj/x64/Debug/net8.0-android/android/bin/classes/androidx/fragment/R$styleable.class' (711)
2026-09-28 05:56:12: Copy Over 'C:/rock/bannister/BannisterTools/obj/x64/Debug/net8.0-android/android/bin/classes/androidx/fragment/R.class' -> 'goodrive://www.googleapis.com/:personal:/bannister/BannisterTools/obj/x64/Debug/net8.0-android/android/bin/classes/androidx/fragment/R.class' (411)
2026-09-28 05:56:18: Copy Over 'C:/rock/bannister/BannisterTools/obj/x64/Debug/net8.0-android/android/bin/classes/androidx/legacy/coreutils/R$attr.class' -> 'goodrive://www.googleapis.com/:personal:/bannister/BannisterTools/obj/x64/Debug/net8.0-android/android/bin/classes/androidx/legacy/coreutils/R$attr.class' (766)
2026-09-28 05:56:18: Copy Over 'C:/rock/bannister/BannisterTools/obj/x64/Debug/net8.0-android/android/bin/classes/androidx/interpolator/R.class' -> 'goodrive://www.googleapis.com/:personal:/bannister/BannisterTools/obj/x64/Debug/net8.0-android/android/bin/classes/androidx/interpolator/R.class' (198)
2026-09-28 05:56:20: Copy Over 'C:/rock/bannister/BannisterTools/obj/x64/Debug/net8.0-android/android/bin/classes/androidx/lifecycle/ktx/R.class' -> 'goodrive://www.googleapis.com/:personal:/bannister/BannisterTools/obj/x64/Debug/net8.0-android/android/bin/classes/androidx/lifecycle/ktx/R.class' (199)
2026-09-28 05:56:22: Copy Over 'C:/rock/bannister/BannisterTools/obj/x64/Debug/net8.0-android/android/bin/classes/androidx/lifecycle/livedata/R.class' -> 'goodrive://www.googleapis.com/:personal:/bannister/BannisterTools/obj/x64/Debug/net8.0-android/android/bin/classes/androidx/lifecycle/livedata/R.class' (204)
2026-09-28 05:56:24: Copy Over 'C:/rock/bannister/BannisterTools/obj/x64/Debug/net8.0-android/android/bin/classes/androidx/lifecycle/livedata/core/R.class' -> 'goodrive://www.googleapis.com/:personal:/bannister/BannisterTools/obj/x64/Debug/net8.0-android/android/bin/classes/androidx/lifecycle/livedata/core/R.class' (209)
2026-09-28 05:56:24: Copy Over 'C:/rock/bannister/BannisterTools/obj/x64/Debug/net8.0-android/android/bin/classes/androidx/lifecycle/livedata/core/ktx/R.class' -> 'goodrive://www.googleapis.com/:personal:/bannister/BannisterTools/obj/x64/Debug/net8.0-android/android/bin/classes/androidx/lifecycle/livedata/core/ktx/R.class' (213)
2026-09-28 05:56:27: Copy Over 'C:/rock/bannister/BannisterTools/obj/x64/Debug/net8.0-android/android/bin/classes/androidx/lifecycle/process/R.class' -> 'goodrive://www.googleapis.com/:personal:/bannister/BannisterTools/obj/x64/Debug/net8.0-android/android/bin/classes/androidx/lifecycle/process/R.class' (203)
2026-09-28 05:56:27: Copy Over 'C:/rock/bannister/BannisterTools/obj/x64/Debug/net8.0-android/android/bin/classes/androidx/lifecycle/runtime/R$id.class' -> 'goodrive://www.googleapis.com/:personal:/bannister/BannisterTools/obj/x64/Debug/net8.0-android/android/bin/classes/androidx/lifecycle/runtime/R$id.class' (345)
2026-09-28 05:56:28: Copy Over 'C:/rock/bannister/BannisterTools/obj/x64/Debug/net8.0-android/android/bin/classes/androidx/lifecycle/runtime/R.class' -> 'goodrive://www.googleapis.com/:personal:/bannister/BannisterTools/obj/x64/Debug/net8.0-android/android/bin/classes/androidx/lifecycle/runtime/R.class' (276)
2026-09-28 05:56:31: Copy Over 'C:/rock/bannister/BannisterTools/obj/x64/Debug/net8.0-android/android/bin/classes/androidx/legacy/coreutils/R$color.class' -> 'goodrive://www.googleapis.com/:personal:/bannister/BannisterTools/obj/x64/Debug/net8.0-android/android/bin/classes/androidx/legacy/coreutils/R$color.class' (512)
2026-09-28 05:56:32: Copy Over 'C:/rock/bannister/BannisterTools/obj/x64/Debug/net8.0-android/android/bin/classes/androidx/lifecycle/viewmodel/R$id.class' -> 'goodrive://www.googleapis.com/:personal:/bannister/BannisterTools/obj/x64/Debug/net8.0-android/android/bin/classes/androidx/lifecycle/viewmodel/R$id.class' (356)
2026-09-28 05:56:33: Copy Over 'C:/rock/bannister/BannisterTools/obj/x64/Debug/net8.0-android/android/bin/classes/androidx/lifecycle/viewmodel/ktx/R.class' -> 'goodrive://www.googleapis.com/:personal:/bannister/BannisterTools/obj/x64/Debug/net8.0-android/android/bin/classes/androidx/lifecycle/viewmodel/ktx/R.class' (209)
2026-09-28 05:56:33: Copy Over 'C:/rock/bannister/BannisterTools/obj/x64/Debug/net8.0-android/android/bin/classes/androidx/lifecycle/viewmodel/R.class' -> 'goodrive://www.googleapis.com/:personal:/bannister/BannisterTools/obj/x64/Debug/net8.0-android/android/bin/classes/androidx/lifecycle/viewmodel/R.class' (280)
2026-09-28 05:56:36: Copy Over 'C:/rock/bannister/BannisterTools/obj/x64/Debug/net8.0-android/android/bin/classes/androidx/legacy/coreutils/R$dimen.class' -> 'goodrive://www.googleapis.com/:personal:/bannister/BannisterTools/obj/x64/Debug/net8.0-android/android/bin/classes/androidx/legacy/coreutils/R$dimen.class' (1,561)
2026-09-28 05:56:36: Copy Over 'C:/rock/bannister/BannisterTools/obj/x64/Debug/net8.0-android/android/bin/classes/androidx/lifecycle/viewmodel/savedstate/R.class' -> 'goodrive://www.googleapis.com/:personal:/bannister/BannisterTools/obj/x64/Debug/net8.0-android/android/bin/classes/androidx/lifecycle/viewmodel/savedstate/R.class' (216)
2026-09-28 05:56:36: Copy Over 'C:/rock/bannister/BannisterTools/obj/x64/Debug/net8.0-android/android/bin/classes/androidx/legacy/coreutils/R$drawable.class' -> 'goodrive://www.googleapis.com/:personal:/bannister/BannisterTools/obj/x64/Debug/net8.0-android/android/bin/classes/androidx/legacy/coreutils/R$drawable.class' (906)
2026-09-28 05:56:39: Copy Over 'C:/rock/bannister/BannisterTools/obj/x64/Debug/net8.0-android/android/bin/classes/androidx/legacy/coreutils/R$id.class' -> 'goodrive://www.googleapis.com/:personal:/bannister/BannisterTools/obj/x64/Debug/net8.0-android/android/bin/classes/androidx/legacy/coreutils/R$id.class' (1,294)
2026-09-28 05:56:39: Copy Over 'C:/rock/bannister/BannisterTools/obj/x64/Debug/net8.0-android/android/bin/classes/androidx/legacy/coreutils/R$integer.class' -> 'goodrive://www.googleapis.com/:personal:/bannister/BannisterTools/obj/x64/Debug/net8.0-android/android/bin/classes/androidx/legacy/coreutils/R$integer.class' (363)
2026-09-28 05:56:39: Copy Over 'C:/rock/bannister/BannisterTools/obj/x64/Debug/net8.0-android/android/bin/classes/androidx/legacy/coreutils/R$layout.class' -> 'goodrive://www.googleapis.com/:personal:/bannister/BannisterTools/obj/x64/Debug/net8.0-android/android/bin/classes/androidx/legacy/coreutils/R$layout.class' (627)
2026-09-28 05:56:42: Copy Over 'C:/rock/bannister/BannisterTools/obj/x64/Debug/net8.0-android/android/bin/classes/androidx/legacy/coreutils/R$styleable.class' -> 'goodrive://www.googleapis.com/:personal:/bannister/BannisterTools/obj/x64/Debug/net8.0-android/android/bin/classes/androidx/legacy/coreutils/R$styleable.class' (2,629)
2026-09-28 05:56:42: Copy Over 'C:/rock/bannister/BannisterTools/obj/x64/Debug/net8.0-android/android/bin/classes/androidx/legacy/coreutils/R$string.class' -> 'goodrive://www.googleapis.com/:personal:/bannister/BannisterTools/obj/x64/Debug/net8.0-android/android/bin/classes/androidx/legacy/coreutils/R$string.class' (363)
2026-09-28 05:56:42: Copy Over 'C:/rock/bannister/BannisterTools/obj/x64/Debug/net8.0-android/android/bin/classes/androidx/legacy/coreutils/R$style.class' -> 'goodrive://www.googleapis.com/:personal:/bannister/BannisterTools/obj/x64/Debug/net8.0-android/android/bin/classes/androidx/legacy/coreutils/R$style.class' (737)
2026-09-28 05:56:46: Copy Over 'C:/rock/bannister/BannisterTools/obj/x64/Debug/net8.0-android/android/bin/classes/androidx/loader/R$attr.class' -> 'goodrive://www.googleapis.com/:personal:/bannister/BannisterTools/obj/x64/Debug/net8.0-android/android/bin/classes/androidx/loader/R$attr.class' (746)
2026-09-28 05:56:46: Copy Over 'C:/rock/bannister/BannisterTools/obj/x64/Debug/net8.0-android/android/bin/classes/androidx/legacy/coreutils/R.class' -> 'goodrive://www.googleapis.com/:personal:/bannister/BannisterTools/obj/x64/Debug/net8.0-android/android/bin/classes/androidx/legacy/coreutils/R.class' (789)
2026-09-28 05:56:48: Copy Over 'C:/rock/bannister/BannisterTools/obj/x64/Debug/net8.0-android/android/bin/classes/androidx/localbroadcastmanager/R.class' -> 'goodrive://www.googleapis.com/:personal:/bannister/BannisterTools/obj/x64/Debug/net8.0-android/android/bin/classes/androidx/localbroadcastmanager/R.class' (207)
2026-09-28 05:56:49: Copy Over 'C:/rock/bannister/BannisterTools/obj/x64/Debug/net8.0-android/android/bin/classes/androidx/loader/R$color.class' -> 'goodrive://www.googleapis.com/:personal:/bannister/BannisterTools/obj/x64/Debug/net8.0-android/android/bin/classes/androidx/loader/R$color.class' (492)
2026-09-28 05:56:49: Copy Over 'C:/rock/bannister/BannisterTools/obj/x64/Debug/net8.0-android/android/bin/classes/androidx/loader/R$dimen.class' -> 'goodrive://www.googleapis.com/:personal:/bannister/BannisterTools/obj/x64/Debug/net8.0-android/android/bin/classes/androidx/loader/R$dimen.class' (1,541)
2026-09-28 05:56:51: Copy Over 'C:/rock/bannister/BannisterTools/obj/x64/Debug/net8.0-android/android/bin/classes/androidx/loader/R$drawable.class' -> 'goodrive://www.googleapis.com/:personal:/bannister/BannisterTools/obj/x64/Debug/net8.0-android/android/bin/classes/androidx/loader/R$drawable.class' (886)
2026-09-28 05:56:52: Copy Over 'C:/rock/bannister/BannisterTools/obj/x64/Debug/net8.0-android/android/bin/classes/androidx/loader/R$id.class' -> 'goodrive://www.googleapis.com/:personal:/bannister/BannisterTools/obj/x64/Debug/net8.0-android/android/bin/classes/androidx/loader/R$id.class' (1,274)
2026-09-28 05:56:52: Copy Over 'C:/rock/bannister/BannisterTools/obj/x64/Debug/net8.0-android/android/bin/classes/androidx/loader/R$integer.class' -> 'goodrive://www.googleapis.com/:personal:/bannister/BannisterTools/obj/x64/Debug/net8.0-android/android/bin/classes/androidx/loader/R$integer.class' (343)
2026-09-28 05:56:54: Copy Over 'C:/rock/bannister/BannisterTools/obj/x64/Debug/net8.0-android/android/bin/classes/androidx/loader/R$layout.class' -> 'goodrive://www.googleapis.com/:personal:/bannister/BannisterTools/obj/x64/Debug/net8.0-android/android/bin/classes/androidx/loader/R$layout.class' (607)
2026-09-28 05:56:55: Copy Over 'C:/rock/bannister/BannisterTools/obj/x64/Debug/net8.0-android/android/bin/classes/androidx/loader/R$string.class' -> 'goodrive://www.googleapis.com/:personal:/bannister/BannisterTools/obj/x64/Debug/net8.0-android/android/bin/classes/androidx/loader/R$string.class' (343)
2026-09-28 05:56:55: Copy Over 'C:/rock/bannister/BannisterTools/obj/x64/Debug/net8.0-android/android/bin/classes/androidx/loader/R$style.class' -> 'goodrive://www.googleapis.com/:personal:/bannister/BannisterTools/obj/x64/Debug/net8.0-android/android/bin/classes/androidx/loader/R$style.class' (717)
2026-09-28 05:56:57: Copy Over 'C:/rock/bannister/BannisterTools/obj/x64/Debug/net8.0-android/android/bin/classes/androidx/loader/R$styleable.class' -> 'goodrive://www.googleapis.com/:personal:/bannister/BannisterTools/obj/x64/Debug/net8.0-android/android/bin/classes/androidx/loader/R$styleable.class' (2,609)
2026-09-28 05:56:58: Copy Over 'C:/rock/bannister/BannisterTools/obj/x64/Debug/net8.0-android/android/bin/classes/androidx/loader/R.class' -> 'goodrive://www.googleapis.com/:personal:/bannister/BannisterTools/obj/x64/Debug/net8.0-android/android/bin/classes/androidx/loader/R.class' (679)
2026-09-28 05:56:59: Copy Over 'C:/rock/bannister/BannisterTools/obj/x64/Debug/net8.0-android/android/bin/classes/androidx/print/R.class' -> 'goodrive://www.googleapis.com/:personal:/bannister/BannisterTools/obj/x64/Debug/net8.0-android/android/bin/classes/androidx/print/R.class' (191)
2026-09-28 05:57:02: Copy Over 'C:/rock/bannister/BannisterTools/obj/x64/Debug/net8.0-android/android/bin/classes/androidx/navigation/common/R$attr.class' -> 'goodrive://www.googleapis.com/:personal:/bannister/BannisterTools/obj/x64/Debug/net8.0-android/android/bin/classes/androidx/navigation/common/R$attr.class' (878)
2026-09-28 05:57:02: Copy Over 'C:/rock/bannister/BannisterTools/obj/x64/Debug/net8.0-android/android/bin/classes/androidx/navigation/common/R$styleable.class' -> 'goodrive://www.googleapis.com/:personal:/bannister/BannisterTools/obj/x64/Debug/net8.0-android/android/bin/classes/androidx/navigation/common/R$styleable.class' (1,803)
2026-09-28 05:57:02: Copy Over 'C:/rock/bannister/BannisterTools/obj/x64/Debug/net8.0-android/android/bin/classes/androidx/navigation/common/R.class' -> 'goodrive://www.googleapis.com/:personal:/bannister/BannisterTools/obj/x64/Debug/net8.0-android/android/bin/classes/androidx/navigation/common/R.class' (344)
2026-09-28 05:57:05: Copy Over 'C:/rock/bannister/BannisterTools/obj/x64/Debug/net8.0-android/android/bin/classes/androidx/navigation/R$attr.class' -> 'goodrive://www.googleapis.com/:personal:/bannister/BannisterTools/obj/x64/Debug/net8.0-android/android/bin/classes/androidx/navigation/R$attr.class' (477)
2026-09-28 05:57:06: Copy Over 'C:/rock/bannister/BannisterTools/obj/x64/Debug/net8.0-android/android/bin/classes/androidx/navigation/fragment/R$dimen.class' -> 'goodrive://www.googleapis.com/:personal:/bannister/BannisterTools/obj/x64/Debug/net8.0-android/android/bin/classes/androidx/navigation/fragment/R$dimen.class' (360)
2026-09-28 05:57:06: Copy Over 'C:/rock/bannister/BannisterTools/obj/x64/Debug/net8.0-android/android/bin/classes/androidx/navigation/fragment/R$attr.class' -> 'goodrive://www.googleapis.com/:personal:/bannister/BannisterTools/obj/x64/Debug/net8.0-android/android/bin/classes/androidx/navigation/fragment/R$attr.class' (342)
2026-09-28 05:57:08: Copy Over 'C:/rock/bannister/BannisterTools/obj/x64/Debug/net8.0-android/android/bin/classes/androidx/navigation/fragment/R$id.class' -> 'goodrive://www.googleapis.com/:personal:/bannister/BannisterTools/obj/x64/Debug/net8.0-android/android/bin/classes/androidx/navigation/fragment/R$id.class' (447)
2026-09-28 05:57:09: Copy Over 'C:/rock/bannister/BannisterTools/obj/x64/Debug/net8.0-android/android/bin/classes/androidx/navigation/fragment/R$styleable.class' -> 'goodrive://www.googleapis.com/:personal:/bannister/BannisterTools/obj/x64/Debug/net8.0-android/android/bin/classes/androidx/navigation/fragment/R$styleable.class' (696)
2026-09-28 05:57:09: Copy Over 'C:/rock/bannister/BannisterTools/obj/x64/Debug/net8.0-android/android/bin/classes/androidx/navigation/fragment/R.class' -> 'goodrive://www.googleapis.com/:personal:/bannister/BannisterTools/obj/x64/Debug/net8.0-android/android/bin/classes/androidx/navigation/fragment/R.class' (460)
2026-09-28 05:57:11: Copy Over 'C:/rock/bannister/BannisterTools/obj/x64/Debug/net8.0-android/android/bin/classes/androidx/navigation/R$id.class' -> 'goodrive://www.googleapis.com/:personal:/bannister/BannisterTools/obj/x64/Debug/net8.0-android/android/bin/classes/androidx/navigation/R$id.class' (329)
2026-09-28 05:57:12: Copy Over 'C:/rock/bannister/BannisterTools/obj/x64/Debug/net8.0-android/android/bin/classes/androidx/navigation/R$styleable.class' -> 'goodrive://www.googleapis.com/:personal:/bannister/BannisterTools/obj/x64/Debug/net8.0-android/android/bin/classes/androidx/navigation/R$styleable.class' (870)
2026-09-28 05:57:12: Copy Over 'C:/rock/bannister/BannisterTools/obj/x64/Debug/net8.0-android/android/bin/classes/androidx/navigation/R.class' -> 'goodrive://www.googleapis.com/:personal:/bannister/BannisterTools/obj/x64/Debug/net8.0-android/android/bin/classes/androidx/navigation/R.class' (366)
2026-09-28 05:57:15: Copy Over 'C:/rock/bannister/BannisterTools/obj/x64/Debug/net8.0-android/android/bin/classes/androidx/navigation/ui/R$anim.class' -> 'goodrive://www.googleapis.com/:personal:/bannister/BannisterTools/obj/x64/Debug/net8.0-android/android/bin/classes/androidx/navigation/ui/R$anim.class' (482)
2026-09-28 05:57:16: Copy Over 'C:/rock/bannister/BannisterTools/obj/x64/Debug/net8.0-android/android/bin/classes/androidx/navigation/ui/R$animator.class' -> 'goodrive://www.googleapis.com/:personal:/bannister/BannisterTools/obj/x64/Debug/net8.0-android/android/bin/classes/androidx/navigation/ui/R$animator.class' (490)
2026-09-28 05:57:16: Copy Over 'C:/rock/bannister/BannisterTools/obj/x64/Debug/net8.0-android/android/bin/classes/androidx/profileinstaller/R.class' -> 'goodrive://www.googleapis.com/:personal:/bannister/BannisterTools/obj/x64/Debug/net8.0-android/android/bin/classes/androidx/profileinstaller/R.class' (202)
2026-09-28 05:57:18: Copy Over 'C:/rock/bannister/BannisterTools/obj/x64/Debug/net8.0-android/android/bin/classes/androidx/navigation/ui/R$integer.class' -> 'goodrive://www.googleapis.com/:personal:/bannister/BannisterTools/obj/x64/Debug/net8.0-android/android/bin/classes/androidx/navigation/ui/R$integer.class' (340)
2026-09-28 05:57:19: Copy Over 'C:/rock/bannister/BannisterTools/obj/x64/Debug/net8.0-android/android/bin/classes/androidx/navigation/ui/R$string.class' -> 'goodrive://www.googleapis.com/:personal:/bannister/BannisterTools/obj/x64/Debug/net8.0-android/android/bin/classes/androidx/navigation/ui/R$string.class' (448)
2026-09-28 05:57:19: Copy Over 'C:/rock/bannister/BannisterTools/obj/x64/Debug/net8.0-android/android/bin/classes/androidx/navigation/ui/R.class' -> 'goodrive://www.googleapis.com/:personal:/bannister/BannisterTools/obj/x64/Debug/net8.0-android/android/bin/classes/androidx/navigation/ui/R.class' (440)
2026-09-28 05:57:24: Copy Over 'C:/rock/bannister/BannisterTools/obj/x64/Debug/net8.0-android/android/bin/classes/androidx/recyclerview/R$attr.class' -> 'goodrive://www.googleapis.com/:personal:/bannister/BannisterTools/obj/x64/Debug/net8.0-android/android/bin/classes/androidx/recyclerview/R$attr.class' (739)
2026-09-28 05:57:24: Copy Over 'C:/rock/bannister/BannisterTools/obj/x64/Debug/net8.0-android/android/bin/classes/androidx/savedstate/R$id.class' -> 'goodrive://www.googleapis.com/:personal:/bannister/BannisterTools/obj/x64/Debug/net8.0-android/android/bin/classes/androidx/savedstate/R$id.class' (342)
2026-09-28 05:57:24: Copy Over 'C:/rock/bannister/BannisterTools/obj/x64/Debug/net8.0-android/android/bin/classes/androidx/savedstate/ktx/R.class' -> 'goodrive://www.googleapis.com/:personal:/bannister/BannisterTools/obj/x64/Debug/net8.0-android/android/bin/classes/androidx/savedstate/ktx/R.class' (200)
2026-09-28 05:57:27: Copy Over 'C:/rock/bannister/BannisterTools/obj/x64/Debug/net8.0-android/android/bin/classes/androidx/savedstate/R.class' -> 'goodrive://www.googleapis.com/:personal:/bannister/BannisterTools/obj/x64/Debug/net8.0-android/android/bin/classes/androidx/savedstate/R.class' (262)
2026-09-28 05:57:27: Copy Over 'C:/rock/bannister/BannisterTools/obj/x64/Debug/net8.0-android/android/bin/classes/androidx/recyclerview/R$id.class' -> 'goodrive://www.googleapis.com/:personal:/bannister/BannisterTools/obj/x64/Debug/net8.0-android/android/bin/classes/androidx/recyclerview/R$id.class' (346)
2026-09-28 05:57:27: Copy Over 'C:/rock/bannister/BannisterTools/obj/x64/Debug/net8.0-android/android/bin/classes/androidx/recyclerview/R$dimen.class' -> 'goodrive://www.googleapis.com/:personal:/bannister/BannisterTools/obj/x64/Debug/net8.0-android/android/bin/classes/androidx/recyclerview/R$dimen.class' (630)
2026-09-28 05:57:30: Copy Over 'C:/rock/bannister/BannisterTools/obj/x64/Debug/net8.0-android/android/bin/classes/androidx/recyclerview/R$styleable.class' -> 'goodrive://www.googleapis.com/:personal:/bannister/BannisterTools/obj/x64/Debug/net8.0-android/android/bin/classes/androidx/recyclerview/R$styleable.class' (1,227)
2026-09-28 05:57:30: Copy Over 'C:/rock/bannister/BannisterTools/obj/x64/Debug/net8.0-android/android/bin/classes/androidx/recyclerview/R.class' -> 'goodrive://www.googleapis.com/:personal:/bannister/BannisterTools/obj/x64/Debug/net8.0-android/android/bin/classes/androidx/recyclerview/R.class' (425)
2026-09-28 05:57:30: Copy Over 'C:/rock/bannister/BannisterTools/obj/x64/Debug/net8.0-android/android/bin/classes/androidx/security/R.class' -> 'goodrive://www.googleapis.com/:personal:/bannister/BannisterTools/obj/x64/Debug/net8.0-android/android/bin/classes/androidx/security/R.class' (194)
2026-09-28 05:57:34: Copy Over 'C:/rock/bannister/BannisterTools/obj/x64/Debug/net8.0-android/android/bin/classes/androidx/slidingpanelayout/R.class' -> 'goodrive://www.googleapis.com/:personal:/bannister/BannisterTools/obj/x64/Debug/net8.0-android/android/bin/classes/androidx/slidingpanelayout/R.class' (203)
2026-09-28 05:57:35: Copy Over 'C:/rock/bannister/BannisterTools/obj/x64/Debug/net8.0-android/android/bin/classes/androidx/startup/R$string.class' -> 'goodrive://www.googleapis.com/:personal:/bannister/BannisterTools/obj/x64/Debug/net8.0-android/android/bin/classes/androidx/startup/R$string.class' (324)
2026-09-28 05:57:36: Copy Over 'C:/rock/bannister/BannisterTools/obj/x64/Debug/net8.0-android/android/bin/classes/androidx/swiperefreshlayout/R$attr.class' -> 'goodrive://www.googleapis.com/:personal:/bannister/BannisterTools/obj/x64/Debug/net8.0-android/android/bin/classes/androidx/swiperefreshlayout/R$attr.class' (842)
2026-09-28 05:57:37: Copy Over 'C:/rock/bannister/BannisterTools/obj/x64/Debug/net8.0-android/android/bin/classes/androidx/swiperefreshlayout/R$color.class' -> 'goodrive://www.googleapis.com/:personal:/bannister/BannisterTools/obj/x64/Debug/net8.0-android/android/bin/classes/androidx/swiperefreshlayout/R$color.class' (516)
2026-09-28 05:57:38: Copy Over 'C:/rock/bannister/BannisterTools/obj/x64/Debug/net8.0-android/android/bin/classes/androidx/swiperefreshlayout/R$dimen.class' -> 'goodrive://www.googleapis.com/:personal:/bannister/BannisterTools/obj/x64/Debug/net8.0-android/android/bin/classes/androidx/swiperefreshlayout/R$dimen.class' (1,565)
2026-09-28 05:57:40: Copy Over 'C:/rock/bannister/BannisterTools/obj/x64/Debug/net8.0-android/android/bin/classes/androidx/swiperefreshlayout/R$drawable.class' -> 'goodrive://www.googleapis.com/:personal:/bannister/BannisterTools/obj/x64/Debug/net8.0-android/android/bin/classes/androidx/swiperefreshlayout/R$drawable.class' (910)
2026-09-28 05:57:40: Copy Over 'C:/rock/bannister/BannisterTools/obj/x64/Debug/net8.0-android/android/bin/classes/androidx/swiperefreshlayout/R$id.class' -> 'goodrive://www.googleapis.com/:personal:/bannister/BannisterTools/obj/x64/Debug/net8.0-android/android/bin/classes/androidx/swiperefreshlayout/R$id.class' (3,370)
2026-09-28 05:57:42: Copy Over 'C:/rock/bannister/BannisterTools/obj/x64/Debug/net8.0-android/android/bin/classes/androidx/swiperefreshlayout/R$integer.class' -> 'goodrive://www.googleapis.com/:personal:/bannister/BannisterTools/obj/x64/Debug/net8.0-android/android/bin/classes/androidx/swiperefreshlayout/R$integer.class' (367)
2026-09-28 05:57:43: Copy Over 'C:/rock/bannister/BannisterTools/obj/x64/Debug/net8.0-android/android/bin/classes/androidx/swiperefreshlayout/R$layout.class' -> 'goodrive://www.googleapis.com/:personal:/bannister/BannisterTools/obj/x64/Debug/net8.0-android/android/bin/classes/androidx/swiperefreshlayout/R$layout.class' (668)
2026-09-28 05:57:43: Copy Over 'C:/rock/bannister/BannisterTools/obj/x64/Debug/net8.0-android/android/bin/classes/androidx/swiperefreshlayout/R$string.class' -> 'goodrive://www.googleapis.com/:personal:/bannister/BannisterTools/obj/x64/Debug/net8.0-android/android/bin/classes/androidx/swiperefreshlayout/R$string.class' (367)
2026-09-28 05:57:45: Copy Over 'C:/rock/bannister/BannisterTools/obj/x64/Debug/net8.0-android/android/bin/classes/androidx/swiperefreshlayout/R$style.class' -> 'goodrive://www.googleapis.com/:personal:/bannister/BannisterTools/obj/x64/Debug/net8.0-android/android/bin/classes/androidx/swiperefreshlayout/R$style.class' (741)
2026-09-28 05:57:46: Copy Over 'C:/rock/bannister/BannisterTools/obj/x64/Debug/net8.0-android/android/bin/classes/androidx/swiperefreshlayout/R.class' -> 'goodrive://www.googleapis.com/:personal:/bannister/BannisterTools/obj/x64/Debug/net8.0-android/android/bin/classes/androidx/swiperefreshlayout/R.class' (811)
2026-09-28 05:57:46: Copy Over 'C:/rock/bannister/BannisterTools/obj/x64/Debug/net8.0-android/android/bin/classes/androidx/swiperefreshlayout/R$styleable.class' -> 'goodrive://www.googleapis.com/:personal:/bannister/BannisterTools/obj/x64/Debug/net8.0-android/android/bin/classes/androidx/swiperefreshlayout/R$styleable.class' (2,778)
2026-09-28 05:57:48: Copy Over 'C:/rock/bannister/BannisterTools/obj/x64/Debug/net8.0-android/android/bin/classes/androidx/startup/R.class' -> 'goodrive://www.googleapis.com/:personal:/bannister/BannisterTools/obj/x64/Debug/net8.0-android/android/bin/classes/androidx/startup/R.class' (264)
2026-09-28 05:57:50: Copy Over 'C:/rock/bannister/BannisterTools/obj/x64/Debug/net8.0-android/android/bin/classes/androidx/tracing/R.class' -> 'goodrive://www.googleapis.com/:personal:/bannister/BannisterTools/obj/x64/Debug/net8.0-android/android/bin/classes/androidx/tracing/R.class' (193)
2026-09-28 05:57:51: Copy Over 'C:/rock/bannister/BannisterTools/obj/x64/Debug/net8.0-android/android/bin/classes/androidx/transition/R$anim.class' -> 'goodrive://www.googleapis.com/:personal:/bannister/BannisterTools/obj/x64/Debug/net8.0-android/android/bin/classes/androidx/transition/R$anim.class' (845)
2026-09-28 05:57:51: Copy Over 'C:/rock/bannister/BannisterTools/obj/x64/Debug/net8.0-android/android/bin/classes/androidx/transition/R$attr.class' -> 'goodrive://www.googleapis.com/:personal:/bannister/BannisterTools/obj/x64/Debug/net8.0-android/android/bin/classes/androidx/transition/R$attr.class' (11,464)
2026-09-28 05:57:54: Copy Over 'C:/rock/bannister/BannisterTools/obj/x64/Debug/net8.0-android/android/bin/classes/androidx/transition/R$bool.class' -> 'goodrive://www.googleapis.com/:personal:/bannister/BannisterTools/obj/x64/Debug/net8.0-android/android/bin/classes/androidx/transition/R$bool.class' (391)
2026-09-28 05:57:54: Copy Over 'C:/rock/bannister/BannisterTools/obj/x64/Debug/net8.0-android/android/bin/classes/androidx/transition/R$color.class' -> 'goodrive://www.googleapis.com/:personal:/bannister/BannisterTools/obj/x64/Debug/net8.0-android/android/bin/classes/androidx/transition/R$color.class' (4,628)
2026-09-28 05:57:54: Copy Over 'C:/rock/bannister/BannisterTools/obj/x64/Debug/net8.0-android/android/bin/classes/androidx/transition/R$dimen.class' -> 'goodrive://www.googleapis.com/:personal:/bannister/BannisterTools/obj/x64/Debug/net8.0-android/android/bin/classes/androidx/transition/R$dimen.class' (6,730)
2026-09-28 05:57:56: Copy Over 'C:/rock/bannister/BannisterTools/obj/x64/Debug/net8.0-android/android/bin/classes/androidx/transition/R$drawable.class' -> 'goodrive://www.googleapis.com/:personal:/bannister/BannisterTools/obj/x64/Debug/net8.0-android/android/bin/classes/androidx/transition/R$drawable.class' (4,846)
2026-09-28 05:57:57: Copy Over 'C:/rock/bannister/BannisterTools/obj/x64/Debug/net8.0-android/android/bin/classes/androidx/transition/R$id.class' -> 'goodrive://www.googleapis.com/:personal:/bannister/BannisterTools/obj/x64/Debug/net8.0-android/android/bin/classes/androidx/transition/R$id.class' (6,708)
2026-09-28 05:57:57: Copy Over 'C:/rock/bannister/BannisterTools/obj/x64/Debug/net8.0-android/android/bin/classes/androidx/transition/R$integer.class' -> 'goodrive://www.googleapis.com/:personal:/bannister/BannisterTools/obj/x64/Debug/net8.0-android/android/bin/classes/androidx/transition/R$integer.class' (550)
2026-09-28 05:57:59: Copy Over 'C:/rock/bannister/BannisterTools/obj/x64/Debug/net8.0-android/android/bin/classes/androidx/transition/R$layout.class' -> 'goodrive://www.googleapis.com/:personal:/bannister/BannisterTools/obj/x64/Debug/net8.0-android/android/bin/classes/androidx/transition/R$layout.class' (2,282)
2026-09-28 05:58:00: Copy Over 'C:/rock/bannister/BannisterTools/obj/x64/Debug/net8.0-android/android/bin/classes/androidx/transition/R$string.class' -> 'goodrive://www.googleapis.com/:personal:/bannister/BannisterTools/obj/x64/Debug/net8.0-android/android/bin/classes/androidx/transition/R$string.class' (1,834)
2026-09-28 05:58:00: Copy Over 'C:/rock/bannister/BannisterTools/obj/x64/Debug/net8.0-android/android/bin/classes/androidx/transition/R$style.class' -> 'goodrive://www.googleapis.com/:personal:/bannister/BannisterTools/obj/x64/Debug/net8.0-android/android/bin/classes/androidx/transition/R$style.class' (21,640)
2026-09-28 05:58:03: Copy Over 'C:/rock/bannister/BannisterTools/obj/x64/Debug/net8.0-android/android/bin/classes/androidx/transition/R$styleable.class' -> 'goodrive://www.googleapis.com/:personal:/bannister/BannisterTools/obj/x64/Debug/net8.0-android/android/bin/classes/androidx/transition/R$styleable.class' (29,138)
2026-09-28 05:58:03: Copy Over 'C:/rock/bannister/BannisterTools/obj/x64/Debug/net8.0-android/android/bin/classes/androidx/transition/R.class' -> 'goodrive://www.googleapis.com/:personal:/bannister/BannisterTools/obj/x64/Debug/net8.0-android/android/bin/classes/androidx/transition/R.class' (817)
2026-09-28 05:58:04: Copy Over 'C:/rock/bannister/BannisterTools/obj/x64/Debug/net8.0-android/android/bin/classes/androidx/versionedparcelable/R.class' -> 'goodrive://www.googleapis.com/:personal:/bannister/BannisterTools/obj/x64/Debug/net8.0-android/android/bin/classes/androidx/versionedparcelable/R.class' (205)
2026-09-28 05:58:08: Copy Over 'C:/rock/bannister/BannisterTools/obj/x64/Debug/net8.0-android/android/bin/classes/androidx/vectordrawable/animated/R$attr.class' -> 'goodrive://www.googleapis.com/:personal:/bannister/BannisterTools/obj/x64/Debug/net8.0-android/android/bin/classes/androidx/vectordrawable/animated/R$attr.class' (780)
2026-09-28 05:58:09: Copy Over 'C:/rock/bannister/BannisterTools/obj/x64/Debug/net8.0-android/android/bin/classes/androidx/vectordrawable/animated/R$color.class' -> 'goodrive://www.googleapis.com/:personal:/bannister/BannisterTools/obj/x64/Debug/net8.0-android/android/bin/classes/androidx/vectordrawable/animated/R$color.class' (526)
2026-09-28 05:58:09: Copy Over 'C:/rock/bannister/BannisterTools/obj/x64/Debug/net8.0-android/android/bin/classes/androidx/vectordrawable/animated/R$dimen.class' -> 'goodrive://www.googleapis.com/:personal:/bannister/BannisterTools/obj/x64/Debug/net8.0-android/android/bin/classes/androidx/vectordrawable/animated/R$dimen.class' (1,575)
2026-09-28 05:58:11: Copy Over 'C:/rock/bannister/BannisterTools/obj/x64/Debug/net8.0-android/android/bin/classes/androidx/vectordrawable/animated/R$drawable.class' -> 'goodrive://www.googleapis.com/:personal:/bannister/BannisterTools/obj/x64/Debug/net8.0-android/android/bin/classes/androidx/vectordrawable/animated/R$drawable.class' (920)
2026-09-28 05:58:12: Copy Over 'C:/rock/bannister/BannisterTools/obj/x64/Debug/net8.0-android/android/bin/classes/androidx/vectordrawable/animated/R$id.class' -> 'goodrive://www.googleapis.com/:personal:/bannister/BannisterTools/obj/x64/Debug/net8.0-android/android/bin/classes/androidx/vectordrawable/animated/R$id.class' (3,380)
2026-09-28 05:58:12: Copy Over 'C:/rock/bannister/BannisterTools/obj/x64/Debug/net8.0-android/android/bin/classes/androidx/vectordrawable/animated/R$integer.class' -> 'goodrive://www.googleapis.com/:personal:/bannister/BannisterTools/obj/x64/Debug/net8.0-android/android/bin/classes/androidx/vectordrawable/animated/R$integer.class' (377)
2026-09-28 05:58:15: Copy Over 'C:/rock/bannister/BannisterTools/obj/x64/Debug/net8.0-android/android/bin/classes/androidx/vectordrawable/animated/R$style.class' -> 'goodrive://www.googleapis.com/:personal:/bannister/BannisterTools/obj/x64/Debug/net8.0-android/android/bin/classes/androidx/vectordrawable/animated/R$style.class' (751)
2026-09-28 05:58:15: Copy Over 'C:/rock/bannister/BannisterTools/obj/x64/Debug/net8.0-android/android/bin/classes/androidx/vectordrawable/animated/R$layout.class' -> 'goodrive://www.googleapis.com/:personal:/bannister/BannisterTools/obj/x64/Debug/net8.0-android/android/bin/classes/androidx/vectordrawable/animated/R$layout.class' (678)
2026-09-28 05:58:15: Copy Over 'C:/rock/bannister/BannisterTools/obj/x64/Debug/net8.0-android/android/bin/classes/androidx/vectordrawable/animated/R$string.class' -> 'goodrive://www.googleapis.com/:personal:/bannister/BannisterTools/obj/x64/Debug/net8.0-android/android/bin/classes/androidx/vectordrawable/animated/R$string.class' (377)
2026-09-28 05:58:18: Copy Over 'C:/rock/bannister/BannisterTools/obj/x64/Debug/net8.0-android/android/bin/classes/androidx/vectordrawable/animated/R$styleable.class' -> 'goodrive://www.googleapis.com/:personal:/bannister/BannisterTools/obj/x64/Debug/net8.0-android/android/bin/classes/androidx/vectordrawable/animated/R$styleable.class' (2,643)
2026-09-28 05:58:18: Copy Over 'C:/rock/bannister/BannisterTools/obj/x64/Debug/net8.0-android/android/bin/classes/androidx/vectordrawable/R$attr.class' -> 'goodrive://www.googleapis.com/:personal:/bannister/BannisterTools/obj/x64/Debug/net8.0-android/android/bin/classes/androidx/vectordrawable/R$attr.class' (762)
2026-09-28 05:58:19: Copy Over 'C:/rock/bannister/BannisterTools/obj/x64/Debug/net8.0-android/android/bin/classes/androidx/vectordrawable/animated/R.class' -> 'goodrive://www.googleapis.com/:personal:/bannister/BannisterTools/obj/x64/Debug/net8.0-android/android/bin/classes/androidx/vectordrawable/animated/R.class' (866)
2026-09-28 05:58:21: Copy Over 'C:/rock/bannister/BannisterTools/obj/x64/Debug/net8.0-android/android/bin/classes/androidx/vectordrawable/R$color.class' -> 'goodrive://www.googleapis.com/:personal:/bannister/BannisterTools/obj/x64/Debug/net8.0-android/android/bin/classes/androidx/vectordrawable/R$color.class' (508)
2026-09-28 05:58:21: Copy Over 'C:/rock/bannister/BannisterTools/obj/x64/Debug/net8.0-android/android/bin/classes/androidx/vectordrawable/R$drawable.class' -> 'goodrive://www.googleapis.com/:personal:/bannister/BannisterTools/obj/x64/Debug/net8.0-android/android/bin/classes/androidx/vectordrawable/R$drawable.class' (902)
2026-09-28 05:58:22: Copy Over 'C:/rock/bannister/BannisterTools/obj/x64/Debug/net8.0-android/android/bin/classes/androidx/vectordrawable/R$dimen.class' -> 'goodrive://www.googleapis.com/:personal:/bannister/BannisterTools/obj/x64/Debug/net8.0-android/android/bin/classes/androidx/vectordrawable/R$dimen.class' (1,557)
2026-09-28 05:58:24: Copy Over 'C:/rock/bannister/BannisterTools/obj/x64/Debug/net8.0-android/android/bin/classes/androidx/vectordrawable/R$id.class' -> 'goodrive://www.googleapis.com/:personal:/bannister/BannisterTools/obj/x64/Debug/net8.0-android/android/bin/classes/androidx/vectordrawable/R$id.class' (3,362)
2026-09-28 05:58:24: Copy Over 'C:/rock/bannister/BannisterTools/obj/x64/Debug/net8.0-android/android/bin/classes/androidx/vectordrawable/R$integer.class' -> 'goodrive://www.googleapis.com/:personal:/bannister/BannisterTools/obj/x64/Debug/net8.0-android/android/bin/classes/androidx/vectordrawable/R$integer.class' (359)
2026-09-28 05:58:24: Copy Over 'C:/rock/bannister/BannisterTools/obj/x64/Debug/net8.0-android/android/bin/classes/androidx/vectordrawable/R$layout.class' -> 'goodrive://www.googleapis.com/:personal:/bannister/BannisterTools/obj/x64/Debug/net8.0-android/android/bin/classes/androidx/vectordrawable/R$layout.class' (660)
2026-09-28 05:58:27: Copy Over 'C:/rock/bannister/BannisterTools/obj/x64/Debug/net8.0-android/android/bin/classes/androidx/vectordrawable/R$string.class' -> 'goodrive://www.googleapis.com/:personal:/bannister/BannisterTools/obj/x64/Debug/net8.0-android/android/bin/classes/androidx/vectordrawable/R$string.class' (359)
2026-09-28 05:58:27: Copy Over 'C:/rock/bannister/BannisterTools/obj/x64/Debug/net8.0-android/android/bin/classes/androidx/vectordrawable/R$styleable.class' -> 'goodrive://www.googleapis.com/:personal:/bannister/BannisterTools/obj/x64/Debug/net8.0-android/android/bin/classes/androidx/vectordrawable/R$styleable.class' (2,625)
2026-09-28 05:58:27: Copy Over 'C:/rock/bannister/BannisterTools/obj/x64/Debug/net8.0-android/android/bin/classes/androidx/vectordrawable/R$style.class' -> 'goodrive://www.googleapis.com/:personal:/bannister/BannisterTools/obj/x64/Debug/net8.0-android/android/bin/classes/androidx/vectordrawable/R$style.class' (733)
2026-09-28 05:58:31: Copy Over 'C:/rock/bannister/BannisterTools/obj/x64/Debug/net8.0-android/android/bin/classes/androidx/vectordrawable/R.class' -> 'goodrive://www.googleapis.com/:personal:/bannister/BannisterTools/obj/x64/Debug/net8.0-android/android/bin/classes/androidx/vectordrawable/R.class' (767)
2026-09-28 05:58:31: Copy Over 'C:/rock/bannister/BannisterTools/obj/x64/Debug/net8.0-android/android/bin/classes/androidx/viewpager/R$attr.class' -> 'goodrive://www.googleapis.com/:personal:/bannister/BannisterTools/obj/x64/Debug/net8.0-android/android/bin/classes/androidx/viewpager/R$attr.class' (752)
2026-09-28 05:58:32: Copy Over 'C:/rock/bannister/BannisterTools/obj/x64/Debug/net8.0-android/android/bin/classes/androidx/viewpager2/R$attr.class' -> 'goodrive://www.googleapis.com/:personal:/bannister/BannisterTools/obj/x64/Debug/net8.0-android/android/bin/classes/androidx/viewpager2/R$attr.class' (1,203)
2026-09-28 05:58:34: Copy Over 'C:/rock/bannister/BannisterTools/obj/x64/Debug/net8.0-android/android/bin/classes/androidx/viewpager2/R$dimen.class' -> 'goodrive://www.googleapis.com/:personal:/bannister/BannisterTools/obj/x64/Debug/net8.0-android/android/bin/classes/androidx/viewpager2/R$dimen.class' (1,887)
2026-09-28 05:58:34: Copy Over 'C:/rock/bannister/BannisterTools/obj/x64/Debug/net8.0-android/android/bin/classes/androidx/viewpager2/R$color.class' -> 'goodrive://www.googleapis.com/:personal:/bannister/BannisterTools/obj/x64/Debug/net8.0-android/android/bin/classes/androidx/viewpager2/R$color.class' (500)
2026-09-28 05:58:35: Copy Over 'C:/rock/bannister/BannisterTools/obj/x64/Debug/net8.0-android/android/bin/classes/androidx/viewpager2/R$drawable.class' -> 'goodrive://www.googleapis.com/:personal:/bannister/BannisterTools/obj/x64/Debug/net8.0-android/android/bin/classes/androidx/viewpager2/R$drawable.class' (894)
2026-09-28 05:58:37: Copy Over 'C:/rock/bannister/BannisterTools/obj/x64/Debug/net8.0-android/android/bin/classes/androidx/viewpager2/R$integer.class' -> 'goodrive://www.googleapis.com/:personal:/bannister/BannisterTools/obj/x64/Debug/net8.0-android/android/bin/classes/androidx/viewpager2/R$integer.class' (351)
2026-09-28 05:58:37: Copy Over 'C:/rock/bannister/BannisterTools/obj/x64/Debug/net8.0-android/android/bin/classes/androidx/viewpager2/R$id.class' -> 'goodrive://www.googleapis.com/:personal:/bannister/BannisterTools/obj/x64/Debug/net8.0-android/android/bin/classes/androidx/viewpager2/R$id.class' (3,414)
2026-09-28 05:58:38: Copy Over 'C:/rock/bannister/BannisterTools/obj/x64/Debug/net8.0-android/android/bin/classes/androidx/viewpager2/R$layout.class' -> 'goodrive://www.googleapis.com/:personal:/bannister/BannisterTools/obj/x64/Debug/net8.0-android/android/bin/classes/androidx/viewpager2/R$layout.class' (652)
2026-09-28 05:58:40: Copy Over 'C:/rock/bannister/BannisterTools/obj/x64/Debug/net8.0-android/android/bin/classes/androidx/viewpager2/R$style.class' -> 'goodrive://www.googleapis.com/:personal:/bannister/BannisterTools/obj/x64/Debug/net8.0-android/android/bin/classes/androidx/viewpager2/R$style.class' (725)
2026-09-28 05:58:40: Copy Over 'C:/rock/bannister/BannisterTools/obj/x64/Debug/net8.0-android/android/bin/classes/androidx/viewpager2/R$string.class' -> 'goodrive://www.googleapis.com/:personal:/bannister/BannisterTools/obj/x64/Debug/net8.0-android/android/bin/classes/androidx/viewpager2/R$string.class' (351)
2026-09-28 05:58:41: Copy Over 'C:/rock/bannister/BannisterTools/obj/x64/Debug/net8.0-android/android/bin/classes/androidx/viewpager2/R$styleable.class' -> 'goodrive://www.googleapis.com/:personal:/bannister/BannisterTools/obj/x64/Debug/net8.0-android/android/bin/classes/androidx/viewpager2/R$styleable.class' (3,528)
2026-09-28 05:58:43: Copy Over 'C:/rock/bannister/BannisterTools/obj/x64/Debug/net8.0-android/android/bin/classes/androidx/viewpager/R$color.class' -> 'goodrive://www.googleapis.com/:personal:/bannister/BannisterTools/obj/x64/Debug/net8.0-android/android/bin/classes/androidx/viewpager/R$color.class' (498)
2026-09-28 05:58:43: Copy Over 'C:/rock/bannister/BannisterTools/obj/x64/Debug/net8.0-android/android/bin/classes/androidx/viewpager2/R.class' -> 'goodrive://www.googleapis.com/:personal:/bannister/BannisterTools/obj/x64/Debug/net8.0-android/android/bin/classes/androidx/viewpager2/R.class' (723)
2026-09-28 05:58:45: Copy Over 'C:/rock/bannister/BannisterTools/obj/x64/Debug/net8.0-android/android/bin/classes/androidx/viewpager/R$dimen.class' -> 'goodrive://www.googleapis.com/:personal:/bannister/BannisterTools/obj/x64/Debug/net8.0-android/android/bin/classes/androidx/viewpager/R$dimen.class' (1,547)
2026-09-28 05:58:46: Copy Over 'C:/rock/bannister/BannisterTools/obj/x64/Debug/net8.0-android/android/bin/classes/androidx/viewpager/R$drawable.class' -> 'goodrive://www.googleapis.com/:personal:/bannister/BannisterTools/obj/x64/Debug/net8.0-android/android/bin/classes/androidx/viewpager/R$drawable.class' (892)
2026-09-28 05:58:46: Copy Over 'C:/rock/bannister/BannisterTools/obj/x64/Debug/net8.0-android/android/bin/classes/androidx/viewpager/R$id.class' -> 'goodrive://www.googleapis.com/:personal:/bannister/BannisterTools/obj/x64/Debug/net8.0-android/android/bin/classes/androidx/viewpager/R$id.class' (1,280)
2026-09-28 05:58:48: Copy Over 'C:/rock/bannister/BannisterTools/obj/x64/Debug/net8.0-android/android/bin/classes/androidx/viewpager/R$integer.class' -> 'goodrive://www.googleapis.com/:personal:/bannister/BannisterTools/obj/x64/Debug/net8.0-android/android/bin/classes/androidx/viewpager/R$integer.class' (349)
2026-09-28 05:58:48: Copy Over 'C:/rock/bannister/BannisterTools/obj/x64/Debug/net8.0-android/android/bin/classes/androidx/viewpager/R$layout.class' -> 'goodrive://www.googleapis.com/:personal:/bannister/BannisterTools/obj/x64/Debug/net8.0-android/android/bin/classes/androidx/viewpager/R$layout.class' (613)
2026-09-28 05:58:48: Copy Over 'C:/rock/bannister/BannisterTools/obj/x64/Debug/net8.0-android/android/bin/classes/androidx/viewpager/R$string.class' -> 'goodrive://www.googleapis.com/:personal:/bannister/BannisterTools/obj/x64/Debug/net8.0-android/android/bin/classes/androidx/viewpager/R$string.class' (349)
2026-09-28 05:58:51: Copy Over 'C:/rock/bannister/BannisterTools/obj/x64/Debug/net8.0-android/android/bin/classes/androidx/viewpager/R$style.class' -> 'goodrive://www.googleapis.com/:personal:/bannister/BannisterTools/obj/x64/Debug/net8.0-android/android/bin/classes/androidx/viewpager/R$style.class' (723)
2026-09-28 05:58:51: Copy Over 'C:/rock/bannister/BannisterTools/obj/x64/Debug/net8.0-android/android/bin/classes/androidx/viewpager/R.class' -> 'goodrive://www.googleapis.com/:personal:/bannister/BannisterTools/obj/x64/Debug/net8.0-android/android/bin/classes/androidx/viewpager/R.class' (712)
2026-09-28 05:58:52: Copy Over 'C:/rock/bannister/BannisterTools/obj/x64/Debug/net8.0-android/android/bin/classes/androidx/viewpager/R$styleable.class' -> 'goodrive://www.googleapis.com/:personal:/bannister/BannisterTools/obj/x64/Debug/net8.0-android/android/bin/classes/androidx/viewpager/R$styleable.class' (2,615)
2026-09-28 05:58:55: Copy Over 'C:/rock/bannister/BannisterTools/obj/x64/Debug/net8.0-android/android/bin/classes/crc640a1f4d108c17e3f1/ClipboardChangeListener.class' -> 'goodrive://www.googleapis.com/:personal:/bannister/BannisterTools/obj/x64/Debug/net8.0-android/android/bin/classes/crc640a1f4d108c17e3f1/ClipboardChangeListener.class' (1,711)
2026-09-28 05:58:56: Copy Over 'C:/rock/bannister/BannisterTools/obj/x64/Debug/net8.0-android/android/bin/classes/androidx/window/R$id.class' -> 'goodrive://www.googleapis.com/:personal:/bannister/BannisterTools/obj/x64/Debug/net8.0-android/android/bin/classes/androidx/window/R$id.class' (646)
2026-09-28 05:58:56: Copy Over 'C:/rock/bannister/BannisterTools/obj/x64/Debug/net8.0-android/android/bin/classes/androidx/window/R$attr.class' -> 'goodrive://www.googleapis.com/:personal:/bannister/BannisterTools/obj/x64/Debug/net8.0-android/android/bin/classes/androidx/window/R$attr.class' (1,181)
2026-09-28 05:59:00: Copy Over 'C:/rock/bannister/BannisterTools/obj/x64/Debug/net8.0-android/android/bin/classes/androidx/window/R$styleable.class' -> 'goodrive://www.googleapis.com/:personal:/bannister/BannisterTools/obj/x64/Debug/net8.0-android/android/bin/classes/androidx/window/R$styleable.class' (2,587)
2026-09-28 05:59:00: Copy Over 'C:/rock/bannister/BannisterTools/obj/x64/Debug/net8.0-android/android/bin/classes/androidx/window/extensions/core/R.class' -> 'goodrive://www.googleapis.com/:personal:/bannister/BannisterTools/obj/x64/Debug/net8.0-android/android/bin/classes/androidx/window/extensions/core/R.class' (208)
2026-09-28 05:59:01: Copy Over 'C:/rock/bannister/BannisterTools/obj/x64/Debug/net8.0-android/android/bin/classes/androidx/window/R.class' -> 'goodrive://www.googleapis.com/:personal:/bannister/BannisterTools/obj/x64/Debug/net8.0-android/android/bin/classes/androidx/window/R.class' (350)
2026-09-28 05:59:04: Copy Over 'C:/rock/bannister/BannisterTools/obj/x64/Debug/net8.0-android/android/bin/classes/crc640a8d9a12ddbf2cf2/BatteryBroadcastReceiver.class' -> 'goodrive://www.googleapis.com/:personal:/bannister/BannisterTools/obj/x64/Debug/net8.0-android/android/bin/classes/crc640a8d9a12ddbf2cf2/BatteryBroadcastReceiver.class' (1,535)
2026-09-28 05:59:05: Copy Over 'C:/rock/bannister/BannisterTools/obj/x64/Debug/net8.0-android/android/bin/classes/crc640ec207abc449b2ca/CustomFrameLayout.class' -> 'goodrive://www.googleapis.com/:personal:/bannister/BannisterTools/obj/x64/Debug/net8.0-android/android/bin/classes/crc640ec207abc449b2ca/CustomFrameLayout.class' (2,688)
2026-09-28 05:59:06: Copy Over 'C:/rock/bannister/BannisterTools/obj/x64/Debug/net8.0-android/android/bin/classes/crc640ec207abc449b2ca/ContainerView.class' -> 'goodrive://www.googleapis.com/:personal:/bannister/BannisterTools/obj/x64/Debug/net8.0-android/android/bin/classes/crc640ec207abc449b2ca/ContainerView.class' (2,662)
2026-09-28 05:59:07: Copy Over 'C:/rock/bannister/BannisterTools/obj/x64/Debug/net8.0-android/android/bin/classes/crc640ec207abc449b2ca/RecyclerViewContainer.class' -> 'goodrive://www.googleapis.com/:personal:/bannister/BannisterTools/obj/x64/Debug/net8.0-android/android/bin/classes/crc640ec207abc449b2ca/RecyclerViewContainer.class' (2,053)
2026-09-28 05:59:08: Copy Over 'C:/rock/bannister/BannisterTools/obj/x64/Debug/net8.0-android/android/bin/classes/crc640ec207abc449b2ca/ScrollLayoutManager.class' -> 'goodrive://www.googleapis.com/:personal:/bannister/BannisterTools/obj/x64/Debug/net8.0-android/android/bin/classes/crc640ec207abc449b2ca/ScrollLayoutManager.class' (2,350)
2026-09-28 05:59:09: Copy Over 'C:/rock/bannister/BannisterTools/obj/x64/Debug/net8.0-android/android/bin/classes/crc640ec207abc449b2ca/ShellContentFragment.class' -> 'goodrive://www.googleapis.com/:personal:/bannister/BannisterTools/obj/x64/Debug/net8.0-android/android/bin/classes/crc640ec207abc449b2ca/ShellContentFragment.class' (3,624)
2026-09-28 05:59:10: Copy Over 'C:/rock/bannister/BannisterTools/obj/x64/Debug/net8.0-android/android/bin/classes/crc640ec207abc449b2ca/ShellFlyoutLayout.class' -> 'goodrive://www.googleapis.com/:personal:/bannister/BannisterTools/obj/x64/Debug/net8.0-android/android/bin/classes/crc640ec207abc449b2ca/ShellFlyoutLayout.class' (2,203)
2026-09-28 05:59:11: Copy Over 'C:/rock/bannister/BannisterTools/obj/x64/Debug/net8.0-android/android/bin/classes/crc640ec207abc449b2ca/ShellFlyoutRecyclerAdapter.class' -> 'goodrive://www.googleapis.com/:personal:/bannister/BannisterTools/obj/x64/Debug/net8.0-android/android/bin/classes/crc640ec207abc449b2ca/ShellFlyoutRecyclerAdapter.class' (2,757)
2026-09-28 05:59:12: Copy Over 'C:/rock/bannister/BannisterTools/obj/x64/Debug/net8.0-android/android/bin/classes/crc640ec207abc449b2ca/ShellFlyoutRecyclerAdapter_ElementViewHolder.class' -> 'goodrive://www.googleapis.com/:personal:/bannister/BannisterTools/obj/x64/Debug/net8.0-android/android/bin/classes/crc640ec207abc449b2ca/ShellFlyoutRecyclerAdapter_ElementViewHolder.class' (1,537)
2026-09-28 05:59:13: Copy Over 'C:/rock/bannister/BannisterTools/obj/x64/Debug/net8.0-android/android/bin/classes/crc640ec207abc449b2ca/ShellFlyoutRecyclerAdapter_ShellLinearLayout.class' -> 'goodrive://www.googleapis.com/:personal:/bannister/BannisterTools/obj/x64/Debug/net8.0-android/android/bin/classes/crc640ec207abc449b2ca/ShellFlyoutRecyclerAdapter_ShellLinearLayout.class' (2,466)
2026-09-28 05:59:14: Copy Over 'C:/rock/bannister/BannisterTools/obj/x64/Debug/net8.0-android/android/bin/classes/crc640ec207abc449b2ca/ShellFlyoutRenderer.class' -> 'goodrive://www.googleapis.com/:personal:/bannister/BannisterTools/obj/x64/Debug/net8.0-android/android/bin/classes/crc640ec207abc449b2ca/ShellFlyoutRenderer.class' (2,572)
2026-09-28 05:59:15: Copy Over 'C:/rock/bannister/BannisterTools/obj/x64/Debug/net8.0-android/android/bin/classes/crc640ec207abc449b2ca/ShellFlyoutTemplatedContentRenderer.class' -> 'goodrive://www.googleapis.com/:personal:/bannister/BannisterTools/obj/x64/Debug/net8.0-android/android/bin/classes/crc640ec207abc449b2ca/ShellFlyoutTemplatedContentRenderer.class' (1,876)
2026-09-28 05:59:16: Copy Over 'C:/rock/bannister/BannisterTools/obj/x64/Debug/net8.0-android/android/bin/classes/crc640ec207abc449b2ca/ShellFlyoutTemplatedContentRenderer_HeaderContainer.class' -> 'goodrive://www.googleapis.com/:personal:/bannister/BannisterTools/obj/x64/Debug/net8.0-android/android/bin/classes/crc640ec207abc449b2ca/ShellFlyoutTemplatedContentRenderer_HeaderContainer.class' (2,789)
2026-09-28 05:59:17: Copy Over 'C:/rock/bannister/BannisterTools/obj/x64/Debug/net8.0-android/android/bin/classes/crc640ec207abc449b2ca/ShellFragmentContainer.class' -> 'goodrive://www.googleapis.com/:personal:/bannister/BannisterTools/obj/x64/Debug/net8.0-android/android/bin/classes/crc640ec207abc449b2ca/ShellFragmentContainer.class' (2,162)
2026-09-28 05:59:17: Copy Over 'C:/rock/bannister/BannisterTools/obj/x64/Debug/net8.0-android/android/bin/classes/crc640ec207abc449b2ca/ShellFragmentStateAdapter.class' -> 'goodrive://www.googleapis.com/:personal:/bannister/BannisterTools/obj/x64/Debug/net8.0-android/android/bin/classes/crc640ec207abc449b2ca/ShellFragmentStateAdapter.class' (2,752)
2026-09-28 05:59:20: Copy Over 'C:/rock/bannister/BannisterTools/obj/x64/Debug/net8.0-android/android/bin/classes/crc640ec207abc449b2ca/ShellItemRenderer.class' -> 'goodrive://www.googleapis.com/:personal:/bannister/BannisterTools/obj/x64/Debug/net8.0-android/android/bin/classes/crc640ec207abc449b2ca/ShellItemRenderer.class' (2,599)
2026-09-28 05:59:20: Copy Over 'C:/rock/bannister/BannisterTools/obj/x64/Debug/net8.0-android/android/bin/classes/crc640ec207abc449b2ca/ShellItemRendererBase.class' -> 'goodrive://www.googleapis.com/:personal:/bannister/BannisterTools/obj/x64/Debug/net8.0-android/android/bin/classes/crc640ec207abc449b2ca/ShellItemRendererBase.class' (1,619)
2026-09-28 05:59:20: Copy Over 'C:/rock/bannister/BannisterTools/obj/x64/Debug/net8.0-android/android/bin/classes/crc640ec207abc449b2ca/ShellPageContainer.class' -> 'goodrive://www.googleapis.com/:personal:/bannister/BannisterTools/obj/x64/Debug/net8.0-android/android/bin/classes/crc640ec207abc449b2ca/ShellPageContainer.class' (2,677)
2026-09-28 05:59:22: Copy Over 'C:/rock/bannister/BannisterTools/obj/x64/Debug/net8.0-android/android/bin/classes/crc640ec207abc449b2ca/ShellSearchView.class' -> 'goodrive://www.googleapis.com/:personal:/bannister/BannisterTools/obj/x64/Debug/net8.0-android/android/bin/classes/crc640ec207abc449b2ca/ShellSearchView.class' (4,454)
2026-09-28 05:59:23: Copy Over 'C:/rock/bannister/BannisterTools/obj/x64/Debug/net8.0-android/android/bin/classes/crc640ec207abc449b2ca/ShellSearchViewAdapter.class' -> 'goodrive://www.googleapis.com/:personal:/bannister/BannisterTools/obj/x64/Debug/net8.0-android/android/bin/classes/crc640ec207abc449b2ca/ShellSearchViewAdapter.class' (2,282)
2026-09-28 05:59:23: Copy Over 'C:/rock/bannister/BannisterTools/obj/x64/Debug/net8.0-android/android/bin/classes/crc640ec207abc449b2ca/ShellSearchView_ClipDrawableWrapper.class' -> 'goodrive://www.googleapis.com/:personal:/bannister/BannisterTools/obj/x64/Debug/net8.0-android/android/bin/classes/crc640ec207abc449b2ca/ShellSearchView_ClipDrawableWrapper.class' (1,666)
2026-09-28 05:59:26: Copy Over 'C:/rock/bannister/BannisterTools/obj/x64/Debug/net8.0-android/android/bin/classes/crc640ec207abc449b2ca/ShellSearchViewAdapter_ObjectWrapper.class' -> 'goodrive://www.googleapis.com/:personal:/bannister/BannisterTools/obj/x64/Debug/net8.0-android/android/bin/classes/crc640ec207abc449b2ca/ShellSearchViewAdapter_ObjectWrapper.class' (1,430)
2026-09-28 05:59:26: Copy Over 'C:/rock/bannister/BannisterTools/obj/x64/Debug/net8.0-android/android/bin/classes/crc640ec207abc449b2ca/ShellSearchViewAdapter_CustomFilter.class' -> 'goodrive://www.googleapis.com/:personal:/bannister/BannisterTools/obj/x64/Debug/net8.0-android/android/bin/classes/crc640ec207abc449b2ca/ShellSearchViewAdapter_CustomFilter.class' (2,238)
2026-09-28 05:59:27: Copy Over 'C:/rock/bannister/BannisterTools/obj/x64/Debug/net8.0-android/android/bin/classes/crc640ec207abc449b2ca/ShellSectionRenderer.class' -> 'goodrive://www.googleapis.com/:personal:/bannister/BannisterTools/obj/x64/Debug/net8.0-android/android/bin/classes/crc640ec207abc449b2ca/ShellSectionRenderer.class' (3,126)
2026-09-28 05:59:29: Copy Over 'C:/rock/bannister/BannisterTools/obj/x64/Debug/net8.0-android/android/bin/classes/crc640ec207abc449b2ca/ShellToolbarTracker.class' -> 'goodrive://www.googleapis.com/:personal:/bannister/BannisterTools/obj/x64/Debug/net8.0-android/android/bin/classes/crc640ec207abc449b2ca/ShellToolbarTracker.class' (1,629)
2026-09-28 05:59:29: Copy Over 'C:/rock/bannister/BannisterTools/obj/x64/Debug/net8.0-android/android/bin/classes/crc640ec207abc449b2ca/ShellToolbarTracker_FlyoutIconDrawerDrawable.class' -> 'goodrive://www.googleapis.com/:personal:/bannister/BannisterTools/obj/x64/Debug/net8.0-android/android/bin/classes/crc640ec207abc449b2ca/ShellToolbarTracker_FlyoutIconDrawerDrawable.class' (1,657)
2026-09-28 05:59:29: Copy Over 'C:/rock/bannister/BannisterTools/obj/x64/Debug/net8.0-android/android/bin/classes/crc640ec207abc449b2ca/ShellSectionRenderer_ViewPagerPageChanged.class' -> 'goodrive://www.googleapis.com/:personal:/bannister/BannisterTools/obj/x64/Debug/net8.0-android/android/bin/classes/crc640ec207abc449b2ca/ShellSectionRenderer_ViewPagerPageChanged.class' (1,902)
2026-09-28 05:59:33: Copy Over 'C:/rock/bannister/BannisterTools/obj/x64/Debug/net8.0-android/android/bin/classes/crc640a8d9a12ddbf2cf2/DeviceDisplayImplementation_Listener.class' -> 'goodrive://www.googleapis.com/:personal:/bannister/BannisterTools/obj/x64/Debug/net8.0-android/android/bin/classes/crc640a8d9a12ddbf2cf2/DeviceDisplayImplementation_Listener.class' (1,891)
2026-09-28 05:59:33: Copy Over 'C:/rock/bannister/BannisterTools/obj/x64/Debug/net8.0-android/android/bin/classes/crc640a8d9a12ddbf2cf2/EnergySaverBroadcastReceiver.class' -> 'goodrive://www.googleapis.com/:personal:/bannister/BannisterTools/obj/x64/Debug/net8.0-android/android/bin/classes/crc640a8d9a12ddbf2cf2/EnergySaverBroadcastReceiver.class' (1,547)
2026-09-28 05:59:33: Copy Over 'C:/rock/bannister/BannisterTools/obj/x64/Debug/net8.0-android/android/bin/classes/crc64124e178812aeed4c/ButtonRenderer.class' -> 'goodrive://www.googleapis.com/:personal:/bannister/BannisterTools/obj/x64/Debug/net8.0-android/android/bin/classes/crc64124e178812aeed4c/ButtonRenderer.class' (4,672)
2026-09-28 05:59:36: Copy Over 'C:/rock/bannister/BannisterTools/obj/x64/Debug/net8.0-android/android/bin/classes/crc64124e178812aeed4c/FrameRenderer.class' -> 'goodrive://www.googleapis.com/:personal:/bannister/BannisterTools/obj/x64/Debug/net8.0-android/android/bin/classes/crc64124e178812aeed4c/FrameRenderer.class' (2,787)
2026-09-28 05:59:37: Copy Over 'C:/rock/bannister/BannisterTools/obj/x64/Debug/net8.0-android/android/bin/classes/crc6413a2ffd8f229512a/CarouselViewAdapter_2.class' -> 'goodrive://www.googleapis.com/:personal:/bannister/BannisterTools/obj/x64/Debug/net8.0-android/android/bin/classes/crc6413a2ffd8f229512a/CarouselViewAdapter_2.class' (1,928)
2026-09-28 05:59:37: Copy Over 'C:/rock/bannister/BannisterTools/obj/x64/Debug/net8.0-android/android/bin/classes/crc6413a2ffd8f229512a/RecyclerViewScrollListener_2.class' -> 'goodrive://www.googleapis.com/:personal:/bannister/BannisterTools/obj/x64/Debug/net8.0-android/android/bin/classes/crc6413a2ffd8f229512a/RecyclerViewScrollListener_2.class' (1,721)
2026-09-28 05:59:40: Copy Over 'C:/rock/bannister/BannisterTools/obj/x64/Debug/net8.0-android/android/bin/classes/crc64124e178812aeed4c/ImageRenderer.class' -> 'goodrive://www.googleapis.com/:personal:/bannister/BannisterTools/obj/x64/Debug/net8.0-android/android/bin/classes/crc64124e178812aeed4c/ImageRenderer.class' (3,100)
2026-09-28 05:59:40: Copy Over 'C:/rock/bannister/BannisterTools/obj/x64/Debug/net8.0-android/android/bin/classes/crc64124e178812aeed4c/LabelRenderer.class' -> 'goodrive://www.googleapis.com/:personal:/bannister/BannisterTools/obj/x64/Debug/net8.0-android/android/bin/classes/crc64124e178812aeed4c/LabelRenderer.class' (2,432)
2026-09-28 05:59:41: Copy Over 'C:/rock/bannister/BannisterTools/obj/x64/Debug/net8.0-android/android/bin/classes/crc64338477404e88479c/ColorChangeRevealDrawable.class' -> 'goodrive://www.googleapis.com/:personal:/bannister/BannisterTools/obj/x64/Debug/net8.0-android/android/bin/classes/crc64338477404e88479c/ColorChangeRevealDrawable.class' (1,463)
2026-09-28 05:59:44: Copy Over 'C:/rock/bannister/BannisterTools/obj/x64/Debug/net8.0-android/android/bin/classes/crc64396a3fe5f8138e3f/CustomTabsServiceConnectionImpl.class' -> 'goodrive://www.googleapis.com/:personal:/bannister/BannisterTools/obj/x64/Debug/net8.0-android/android/bin/classes/crc64396a3fe5f8138e3f/CustomTabsServiceConnectionImpl.class' (2,018)
2026-09-28 05:59:44: Copy Over 'C:/rock/bannister/BannisterTools/obj/x64/Debug/net8.0-android/android/bin/classes/crc64338477404e88479c/ControlsAccessibilityDelegate.class' -> 'goodrive://www.googleapis.com/:personal:/bannister/BannisterTools/obj/x64/Debug/net8.0-android/android/bin/classes/crc64338477404e88479c/ControlsAccessibilityDelegate.class' (2,397)
2026-09-28 05:59:44: Copy Over 'C:/rock/bannister/BannisterTools/obj/x64/Debug/net8.0-android/android/bin/classes/crc64396a3fe5f8138e3f/KeepAliveService.class' -> 'goodrive://www.googleapis.com/:personal:/bannister/BannisterTools/obj/x64/Debug/net8.0-android/android/bin/classes/crc64396a3fe5f8138e3f/KeepAliveService.class' (1,447)
2026-09-28 05:59:47: Copy Over 'C:/rock/bannister/BannisterTools/obj/x64/Debug/net8.0-android/android/bin/classes/crc64338477404e88479c/DragAndDropGestureHandler_CustomLocalStateData.class' -> 'goodrive://www.googleapis.com/:personal:/bannister/BannisterTools/obj/x64/Debug/net8.0-android/android/bin/classes/crc64338477404e88479c/DragAndDropGestureHandler_CustomLocalStateData.class' (1,281)
2026-09-28 05:59:47: Copy Over 'C:/rock/bannister/BannisterTools/obj/x64/Debug/net8.0-android/android/bin/classes/crc64338477404e88479c/DragAndDropGestureHandler.class' -> 'goodrive://www.googleapis.com/:personal:/bannister/BannisterTools/obj/x64/Debug/net8.0-android/android/bin/classes/crc64338477404e88479c/DragAndDropGestureHandler.class' (1,695)
2026-09-28 05:59:47: Copy Over 'C:/rock/bannister/BannisterTools/obj/x64/Debug/net8.0-android/android/bin/classes/crc64338477404e88479c/FragmentContainer.class' -> 'goodrive://www.googleapis.com/:personal:/bannister/BannisterTools/obj/x64/Debug/net8.0-android/android/bin/classes/crc64338477404e88479c/FragmentContainer.class' (2,113)
2026-09-28 05:59:50: Copy Over 'C:/rock/bannister/BannisterTools/obj/x64/Debug/net8.0-android/android/bin/classes/crc64338477404e88479c/GenericGlobalLayoutListener.class' -> 'goodrive://www.googleapis.com/:personal:/bannister/BannisterTools/obj/x64/Debug/net8.0-android/android/bin/classes/crc64338477404e88479c/GenericGlobalLayoutListener.class' (1,659)
2026-09-28 05:59:50: Copy Over 'C:/rock/bannister/BannisterTools/obj/x64/Debug/net8.0-android/android/bin/classes/crc64338477404e88479c/GenericMenuClickListener.class' -> 'goodrive://www.googleapis.com/:personal:/bannister/BannisterTools/obj/x64/Debug/net8.0-android/android/bin/classes/crc64338477404e88479c/GenericMenuClickListener.class' (1,705)
2026-09-28 05:59:50: Copy Over 'C:/rock/bannister/BannisterTools/obj/x64/Debug/net8.0-android/android/bin/classes/crc64338477404e88479c/GenericAnimatorListener.class' -> 'goodrive://www.googleapis.com/:personal:/bannister/BannisterTools/obj/x64/Debug/net8.0-android/android/bin/classes/crc64338477404e88479c/GenericAnimatorListener.class' (2,065)
2026-09-28 05:59:52: Copy Over 'C:/rock/bannister/BannisterTools/obj/x64/Debug/net8.0-android/android/bin/classes/crc64338477404e88479c/GradientStrokeDrawable.class' -> 'goodrive://www.googleapis.com/:personal:/bannister/BannisterTools/obj/x64/Debug/net8.0-android/android/bin/classes/crc64338477404e88479c/GradientStrokeDrawable.class' (1,882)
2026-09-28 05:59:53: Copy Over 'C:/rock/bannister/BannisterTools/obj/x64/Debug/net8.0-android/android/bin/classes/crc64338477404e88479c/InnerGestureListener.class' -> 'goodrive://www.googleapis.com/:personal:/bannister/BannisterTools/obj/x64/Debug/net8.0-android/android/bin/classes/crc64338477404e88479c/InnerGestureListener.class' (4,498)
2026-09-28 05:59:53: Copy Over 'C:/rock/bannister/BannisterTools/obj/x64/Debug/net8.0-android/android/bin/classes/crc64338477404e88479c/InnerScaleListener.class' -> 'goodrive://www.googleapis.com/:personal:/bannister/BannisterTools/obj/x64/Debug/net8.0-android/android/bin/classes/crc64338477404e88479c/InnerScaleListener.class' (2,051)
2026-09-28 05:59:55: Copy Over 'C:/rock/bannister/BannisterTools/obj/x64/Debug/net8.0-android/android/bin/classes/crc64338477404e88479c/MauiViewPager.class' -> 'goodrive://www.googleapis.com/:personal:/bannister/BannisterTools/obj/x64/Debug/net8.0-android/android/bin/classes/crc64338477404e88479c/MauiViewPager.class' (2,078)
2026-09-28 05:59:55: Copy Over 'C:/rock/bannister/BannisterTools/obj/x64/Debug/net8.0-android/android/bin/classes/crc64338477404e88479c/ModalNavigationManager_ModalContainer_ModalFragment.class' -> 'goodrive://www.googleapis.com/:personal:/bannister/BannisterTools/obj/x64/Debug/net8.0-android/android/bin/classes/crc64338477404e88479c/ModalNavigationManager_ModalContainer_ModalFragment.class' (1,965)
2026-09-28 05:59:56: Copy Over 'C:/rock/bannister/BannisterTools/obj/x64/Debug/net8.0-android/android/bin/classes/crc64338477404e88479c/ModalNavigationManager_ModalContainer.class' -> 'goodrive://www.googleapis.com/:personal:/bannister/BannisterTools/obj/x64/Debug/net8.0-android/android/bin/classes/crc64338477404e88479c/ModalNavigationManager_ModalContainer.class' (3,275)
2026-09-28 05:59:58: Copy Over 'C:/rock/bannister/BannisterTools/obj/x64/Debug/net8.0-android/android/bin/classes/crc64338477404e88479c/MultiPageFragmentStateAdapter_1.class' -> 'goodrive://www.googleapis.com/:personal:/bannister/BannisterTools/obj/x64/Debug/net8.0-android/android/bin/classes/crc64338477404e88479c/MultiPageFragmentStateAdapter_1.class' (2,756)
2026-09-28 05:59:59: Copy Over 'C:/rock/bannister/BannisterTools/obj/x64/Debug/net8.0-android/android/bin/classes/crc64338477404e88479c/TapAndPanGestureDetector.class' -> 'goodrive://www.googleapis.com/:personal:/bannister/BannisterTools/obj/x64/Debug/net8.0-android/android/bin/classes/crc64338477404e88479c/TapAndPanGestureDetector.class' (3,212)
2026-09-28 05:59:59: Copy Over 'C:/rock/bannister/BannisterTools/obj/x64/Debug/net8.0-android/android/bin/classes/crc64338477404e88479c/PointerGestureHandler.class' -> 'goodrive://www.googleapis.com/:personal:/bannister/BannisterTools/obj/x64/Debug/net8.0-android/android/bin/classes/crc64338477404e88479c/PointerGestureHandler.class' (1,696)
2026-09-28 06:00:01: Copy Over 'C:/rock/bannister/BannisterTools/obj/x64/Debug/net8.0-android/android/bin/classes/crc64338477404e88479c/ToolbarExtensions_ToolbarTitleIconImageView.class' -> 'goodrive://www.googleapis.com/:personal:/bannister/BannisterTools/obj/x64/Debug/net8.0-android/android/bin/classes/crc64338477404e88479c/ToolbarExtensions_ToolbarTitleIconImageView.class' (2,108)
2026-09-28 06:00:03: Copy Over 'C:/rock/bannister/BannisterTools/obj/x64/Debug/net8.0-android/android/bin/classes/crc643f2b18b2570eaa5a/PlatformGraphicsView.class' -> 'goodrive://www.googleapis.com/:personal:/bannister/BannisterTools/obj/x64/Debug/net8.0-android/android/bin/classes/crc643f2b18b2570eaa5a/PlatformGraphicsView.class' (2,727)
2026-09-28 06:00:03: Copy Over 'C:/rock/bannister/BannisterTools/obj/x64/Debug/net8.0-android/android/bin/classes/crc6452ffdc5b34af3a0f/AccessibilityDelegateCompatWrapper.class' -> 'goodrive://www.googleapis.com/:personal:/bannister/BannisterTools/obj/x64/Debug/net8.0-android/android/bin/classes/crc6452ffdc5b34af3a0f/AccessibilityDelegateCompatWrapper.class' (5,319)
2026-09-28 06:00:04: Copy Over 'C:/rock/bannister/BannisterTools/obj/x64/Debug/net8.0-android/android/bin/classes/crc6452ffdc5b34af3a0f/BorderDrawable.class' -> 'goodrive://www.googleapis.com/:personal:/bannister/BannisterTools/obj/x64/Debug/net8.0-android/android/bin/classes/crc6452ffdc5b34af3a0f/BorderDrawable.class' (2,268)
2026-09-28 06:00:06: Copy Over 'C:/rock/bannister/BannisterTools/obj/x64/Debug/net8.0-android/android/bin/classes/crc6452ffdc5b34af3a0f/ContainerView.class' -> 'goodrive://www.googleapis.com/:personal:/bannister/BannisterTools/obj/x64/Debug/net8.0-android/android/bin/classes/crc6452ffdc5b34af3a0f/ContainerView.class' (2,341)
2026-09-28 06:00:06: Copy Over 'C:/rock/bannister/BannisterTools/obj/x64/Debug/net8.0-android/android/bin/classes/crc6452ffdc5b34af3a0f/ContentViewGroup.class' -> 'goodrive://www.googleapis.com/:personal:/bannister/BannisterTools/obj/x64/Debug/net8.0-android/android/bin/classes/crc6452ffdc5b34af3a0f/ContentViewGroup.class' (2,850)
2026-09-28 06:00:07: Copy Over 'C:/rock/bannister/BannisterTools/obj/x64/Debug/net8.0-android/android/bin/classes/crc6452ffdc5b34af3a0f/FragmentManagerExtensions_CallBacks.class' -> 'goodrive://www.googleapis.com/:personal:/bannister/BannisterTools/obj/x64/Debug/net8.0-android/android/bin/classes/crc6452ffdc5b34af3a0f/FragmentManagerExtensions_CallBacks.class' (2,102)
2026-09-28 06:00:10: Copy Over 'C:/rock/bannister/BannisterTools/obj/x64/Debug/net8.0-android/android/bin/classes/crc6452ffdc5b34af3a0f/LocalizedDigitsKeyListener.class' -> 'goodrive://www.googleapis.com/:personal:/bannister/BannisterTools/obj/x64/Debug/net8.0-android/android/bin/classes/crc6452ffdc5b34af3a0f/LocalizedDigitsKeyListener.class' (2,202)
2026-09-28 06:00:10: Copy Over 'C:/rock/bannister/BannisterTools/obj/x64/Debug/net8.0-android/android/bin/classes/crc6452ffdc5b34af3a0f/LayoutViewGroup.class' -> 'goodrive://www.googleapis.com/:personal:/bannister/BannisterTools/obj/x64/Debug/net8.0-android/android/bin/classes/crc6452ffdc5b34af3a0f/LayoutViewGroup.class' (2,857)
2026-09-28 06:00:11: Copy Over 'C:/rock/bannister/BannisterTools/obj/x64/Debug/net8.0-android/android/bin/classes/crc6452ffdc5b34af3a0f/MauiAccessibilityDelegateCompat.class' -> 'goodrive://www.googleapis.com/:personal:/bannister/BannisterTools/obj/x64/Debug/net8.0-android/android/bin/classes/crc6452ffdc5b34af3a0f/MauiAccessibilityDelegateCompat.class' (2,385)
2026-09-28 06:00:13: Copy Over 'C:/rock/bannister/BannisterTools/obj/x64/Debug/net8.0-android/android/bin/classes/crc6452ffdc5b34af3a0f/MauiBoxView.class' -> 'goodrive://www.googleapis.com/:personal:/bannister/BannisterTools/obj/x64/Debug/net8.0-android/android/bin/classes/crc6452ffdc5b34af3a0f/MauiBoxView.class' (2,350)
2026-09-28 06:00:13: Copy Over 'C:/rock/bannister/BannisterTools/obj/x64/Debug/net8.0-android/android/bin/classes/crc6452ffdc5b34af3a0f/MauiAppCompatEditText.class' -> 'goodrive://www.googleapis.com/:personal:/bannister/BannisterTools/obj/x64/Debug/net8.0-android/android/bin/classes/crc6452ffdc5b34af3a0f/MauiAppCompatEditText.class' (2,201)
2026-09-28 06:00:14: Copy Over 'C:/rock/bannister/BannisterTools/obj/x64/Debug/net8.0-android/android/bin/classes/crc6452ffdc5b34af3a0f/MauiDatePicker.class' -> 'goodrive://www.googleapis.com/:personal:/bannister/BannisterTools/obj/x64/Debug/net8.0-android/android/bin/classes/crc6452ffdc5b34af3a0f/MauiDatePicker.class' (2,411)
2026-09-28 06:00:16: Copy Over 'C:/rock/bannister/BannisterTools/obj/x64/Debug/net8.0-android/android/bin/classes/crc6452ffdc5b34af3a0f/MauiHorizontalScrollView.class' -> 'goodrive://www.googleapis.com/:personal:/bannister/BannisterTools/obj/x64/Debug/net8.0-android/android/bin/classes/crc6452ffdc5b34af3a0f/MauiHorizontalScrollView.class' (3,616)
2026-09-28 06:00:16: Copy Over 'C:/rock/bannister/BannisterTools/obj/x64/Debug/net8.0-android/android/bin/classes/crc6452ffdc5b34af3a0f/MauiMaterialButton.class' -> 'goodrive://www.googleapis.com/:personal:/bannister/BannisterTools/obj/x64/Debug/net8.0-android/android/bin/classes/crc6452ffdc5b34af3a0f/MauiMaterialButton.class' (2,621)
2026-09-28 06:00:17: Copy Over 'C:/rock/bannister/BannisterTools/obj/x64/Debug/net8.0-android/android/bin/classes/crc6452ffdc5b34af3a0f/MauiLayerDrawable.class' -> 'goodrive://www.googleapis.com/:personal:/bannister/BannisterTools/obj/x64/Debug/net8.0-android/android/bin/classes/crc6452ffdc5b34af3a0f/MauiLayerDrawable.class' (1,377)
2026-09-28 06:00:18: Copy Over 'C:/rock/bannister/BannisterTools/obj/x64/Debug/net8.0-android/android/bin/classes/crc6452ffdc5b34af3a0f/MauiMaterialButton_MauiResizableDrawable.class' -> 'goodrive://www.googleapis.com/:personal:/bannister/BannisterTools/obj/x64/Debug/net8.0-android/android/bin/classes/crc6452ffdc5b34af3a0f/MauiMaterialButton_MauiResizableDrawable.class' (1,446)
2026-09-28 06:00:19: Copy Over 'C:/rock/bannister/BannisterTools/obj/x64/Debug/net8.0-android/android/bin/classes/crc6452ffdc5b34af3a0f/MauiPageControl.class' -> 'goodrive://www.googleapis.com/:personal:/bannister/BannisterTools/obj/x64/Debug/net8.0-android/android/bin/classes/crc6452ffdc5b34af3a0f/MauiPageControl.class' (2,347)
2026-09-28 06:00:20: Copy Over 'C:/rock/bannister/BannisterTools/obj/x64/Debug/net8.0-android/android/bin/classes/crc6452ffdc5b34af3a0f/MauiPageControl_TEditClickListener.class' -> 'goodrive://www.googleapis.com/:personal:/bannister/BannisterTools/obj/x64/Debug/net8.0-android/android/bin/classes/crc6452ffdc5b34af3a0f/MauiPageControl_TEditClickListener.class' (1,642)
2026-09-28 06:00:21: Copy Over 'C:/rock/bannister/BannisterTools/obj/x64/Debug/net8.0-android/android/bin/classes/crc6452ffdc5b34af3a0f/MauiPicker.class' -> 'goodrive://www.googleapis.com/:personal:/bannister/BannisterTools/obj/x64/Debug/net8.0-android/android/bin/classes/crc6452ffdc5b34af3a0f/MauiPicker.class' (2,436)
2026-09-28 06:00:22: Copy Over 'C:/rock/bannister/BannisterTools/obj/x64/Debug/net8.0-android/android/bin/classes/crc6452ffdc5b34af3a0f/MauiPickerBase.class' -> 'goodrive://www.googleapis.com/:personal:/bannister/BannisterTools/obj/x64/Debug/net8.0-android/android/bin/classes/crc6452ffdc5b34af3a0f/MauiPickerBase.class' (2,002)
2026-09-28 06:00:24: Copy Over 'C:/rock/bannister/BannisterTools/obj/x64/Debug/net8.0-android/android/bin/classes/crc6452ffdc5b34af3a0f/MauiScrollView.class' -> 'goodrive://www.googleapis.com/:personal:/bannister/BannisterTools/obj/x64/Debug/net8.0-android/android/bin/classes/crc6452ffdc5b34af3a0f/MauiScrollView.class' (3,242)
2026-09-28 06:00:24: Copy Over 'C:/rock/bannister/BannisterTools/obj/x64/Debug/net8.0-android/android/bin/classes/crc6452ffdc5b34af3a0f/MauiSearchView.class' -> 'goodrive://www.googleapis.com/:personal:/bannister/BannisterTools/obj/x64/Debug/net8.0-android/android/bin/classes/crc6452ffdc5b34af3a0f/MauiSearchView.class' (1,995)
2026-09-28 06:00:27: Copy Over 'C:/rock/bannister/BannisterTools/obj/x64/Debug/net8.0-android/android/bin/classes/crc6452ffdc5b34af3a0f/MauiShapeView.class' -> 'goodrive://www.googleapis.com/:personal:/bannister/BannisterTools/obj/x64/Debug/net8.0-android/android/bin/classes/crc6452ffdc5b34af3a0f/MauiShapeView.class' (2,356)
2026-09-28 06:00:27: Copy Over 'C:/rock/bannister/BannisterTools/obj/x64/Debug/net8.0-android/android/bin/classes/crc6452ffdc5b34af3a0f/MauiStepper.class' -> 'goodrive://www.googleapis.com/:personal:/bannister/BannisterTools/obj/x64/Debug/net8.0-android/android/bin/classes/crc6452ffdc5b34af3a0f/MauiStepper.class' (2,335)
2026-09-28 06:00:28: Copy Over 'C:/rock/bannister/BannisterTools/obj/x64/Debug/net8.0-android/android/bin/classes/crc6452ffdc5b34af3a0f/MauiSwipeRefreshLayout.class' -> 'goodrive://www.googleapis.com/:personal:/bannister/BannisterTools/obj/x64/Debug/net8.0-android/android/bin/classes/crc6452ffdc5b34af3a0f/MauiSwipeRefreshLayout.class' (1,816)
2026-09-28 06:00:30: Copy Over 'C:/rock/bannister/BannisterTools/obj/x64/Debug/net8.0-android/android/bin/classes/crc6452ffdc5b34af3a0f/MauiTextView.class' -> 'goodrive://www.googleapis.com/:personal:/bannister/BannisterTools/obj/x64/Debug/net8.0-android/android/bin/classes/crc6452ffdc5b34af3a0f/MauiTextView.class' (1,515)
2026-09-28 06:00:30: Copy Over 'C:/rock/bannister/BannisterTools/obj/x64/Debug/net8.0-android/android/bin/classes/crc6452ffdc5b34af3a0f/MauiSwipeView.class' -> 'goodrive://www.googleapis.com/:personal:/bannister/BannisterTools/obj/x64/Debug/net8.0-android/android/bin/classes/crc6452ffdc5b34af3a0f/MauiSwipeView.class' (3,174)
2026-09-28 06:00:31: Copy Over 'C:/rock/bannister/BannisterTools/obj/x64/Debug/net8.0-android/android/bin/classes/crc6452ffdc5b34af3a0f/MauiTimePicker.class' -> 'goodrive://www.googleapis.com/:personal:/bannister/BannisterTools/obj/x64/Debug/net8.0-android/android/bin/classes/crc6452ffdc5b34af3a0f/MauiTimePicker.class' (2,411)
2026-09-28 06:00:33: Copy Over 'C:/rock/bannister/BannisterTools/obj/x64/Debug/net8.0-android/android/bin/classes/crc6452ffdc5b34af3a0f/MauiWebChromeClient.class' -> 'goodrive://www.googleapis.com/:personal:/bannister/BannisterTools/obj/x64/Debug/net8.0-android/android/bin/classes/crc6452ffdc5b34af3a0f/MauiWebChromeClient.class' (1,806)
2026-09-28 06:00:33: Copy Over 'C:/rock/bannister/BannisterTools/obj/x64/Debug/net8.0-android/android/bin/classes/crc6452ffdc5b34af3a0f/MauiWebView.class' -> 'goodrive://www.googleapis.com/:personal:/bannister/BannisterTools/obj/x64/Debug/net8.0-android/android/bin/classes/crc6452ffdc5b34af3a0f/MauiWebView.class' (2,748)
2026-09-28 06:00:34: Copy Over 'C:/rock/bannister/BannisterTools/obj/x64/Debug/net8.0-android/android/bin/classes/crc6452ffdc5b34af3a0f/MauiWebViewClient.class' -> 'goodrive://www.googleapis.com/:personal:/bannister/BannisterTools/obj/x64/Debug/net8.0-android/android/bin/classes/crc6452ffdc5b34af3a0f/MauiWebViewClient.class' (2,658)
2026-09-28 06:00:36: Copy Over 'C:/rock/bannister/BannisterTools/obj/x64/Debug/net8.0-android/android/bin/classes/crc6452ffdc5b34af3a0f/NavigationViewFragment.class' -> 'goodrive://www.googleapis.com/:personal:/bannister/BannisterTools/obj/x64/Debug/net8.0-android/android/bin/classes/crc6452ffdc5b34af3a0f/NavigationViewFragment.class' (2,350)
2026-09-28 06:00:36: Copy Over 'C:/rock/bannister/BannisterTools/obj/x64/Debug/net8.0-android/android/bin/classes/crc6452ffdc5b34af3a0f/NavigationRootManager_ElementBasedFragment.class' -> 'goodrive://www.googleapis.com/:personal:/bannister/BannisterTools/obj/x64/Debug/net8.0-android/android/bin/classes/crc6452ffdc5b34af3a0f/NavigationRootManager_ElementBasedFragment.class' (1,795)
2026-09-28 06:00:37: Copy Over 'C:/rock/bannister/BannisterTools/obj/x64/Debug/net8.0-android/android/bin/classes/crc6452ffdc5b34af3a0f/PlatformTouchGraphicsView.class' -> 'goodrive://www.googleapis.com/:personal:/bannister/BannisterTools/obj/x64/Debug/net8.0-android/android/bin/classes/crc6452ffdc5b34af3a0f/PlatformTouchGraphicsView.class' (2,954)
2026-09-28 06:00:38: Copy Over 'C:/rock/bannister/BannisterTools/obj/x64/Debug/net8.0-android/android/bin/classes/crc6452ffdc5b34af3a0f/ScopedFragment.class' -> 'goodrive://www.googleapis.com/:personal:/bannister/BannisterTools/obj/x64/Debug/net8.0-android/android/bin/classes/crc6452ffdc5b34af3a0f/ScopedFragment.class' (2,195)
2026-09-28 06:00:39: Copy Over 'C:/rock/bannister/BannisterTools/obj/x64/Debug/net8.0-android/android/bin/classes/crc6452ffdc5b34af3a0f/StackNavigationManager_Callbacks.class' -> 'goodrive://www.googleapis.com/:personal:/bannister/BannisterTools/obj/x64/Debug/net8.0-android/android/bin/classes/crc6452ffdc5b34af3a0f/StackNavigationManager_Callbacks.class' (5,643)
2026-09-28 06:00:40: Copy Over 'C:/rock/bannister/BannisterTools/obj/x64/Debug/net8.0-android/android/bin/classes/crc6452ffdc5b34af3a0f/StepperHandlerHolder.class' -> 'goodrive://www.googleapis.com/:personal:/bannister/BannisterTools/obj/x64/Debug/net8.0-android/android/bin/classes/crc6452ffdc5b34af3a0f/StepperHandlerHolder.class' (1,185)
2026-09-28 06:00:41: Copy Over 'C:/rock/bannister/BannisterTools/obj/x64/Debug/net8.0-android/android/bin/classes/crc6452ffdc5b34af3a0f/StepperHandlerManager_StepperListener.class' -> 'goodrive://www.googleapis.com/:personal:/bannister/BannisterTools/obj/x64/Debug/net8.0-android/android/bin/classes/crc6452ffdc5b34af3a0f/StepperHandlerManager_StepperListener.class' (1,651)
2026-09-28 06:00:41: Copy Over 'C:/rock/bannister/BannisterTools/obj/x64/Debug/net8.0-android/android/bin/classes/crc6452ffdc5b34af3a0f/SwipeViewPager.class' -> 'goodrive://www.googleapis.com/:personal:/bannister/BannisterTools/obj/x64/Debug/net8.0-android/android/bin/classes/crc6452ffdc5b34af3a0f/SwipeViewPager.class' (2,063)
2026-09-28 06:00:43: Copy Over 'C:/rock/bannister/BannisterTools/obj/x64/Debug/net8.0-android/android/bin/classes/crc6452ffdc5b34af3a0f/ViewFragment.class' -> 'goodrive://www.googleapis.com/:personal:/bannister/BannisterTools/obj/x64/Debug/net8.0-android/android/bin/classes/crc6452ffdc5b34af3a0f/ViewFragment.class' (2,017)
2026-09-28 06:00:45: Copy Over 'C:/rock/bannister/BannisterTools/obj/x64/Debug/net8.0-android/android/bin/classes/crc6452ffdc5b34af3a0f/WebViewExtensions_JavascriptResult.class' -> 'goodrive://www.googleapis.com/:personal:/bannister/BannisterTools/obj/x64/Debug/net8.0-android/android/bin/classes/crc6452ffdc5b34af3a0f/WebViewExtensions_JavascriptResult.class' (1,560)
2026-09-28 06:00:45: Copy Over 'C:/rock/bannister/BannisterTools/obj/x64/Debug/net8.0-android/android/bin/classes/crc6452ffdc5b34af3a0f/WrapperView.class' -> 'goodrive://www.googleapis.com/:personal:/bannister/BannisterTools/obj/x64/Debug/net8.0-android/android/bin/classes/crc6452ffdc5b34af3a0f/WrapperView.class' (2,740)
2026-09-28 06:00:48: Copy Over 'C:/rock/bannister/BannisterTools/obj/x64/Debug/net8.0-android/android/bin/classes/crc645d80431ce5f73f11/CarouselSpacingItemDecoration.class' -> 'goodrive://www.googleapis.com/:personal:/bannister/BannisterTools/obj/x64/Debug/net8.0-android/android/bin/classes/crc645d80431ce5f73f11/CarouselSpacingItemDecoration.class' (2,029)
2026-09-28 06:00:48: Copy Over 'C:/rock/bannister/BannisterTools/obj/x64/Debug/net8.0-android/android/bin/classes/crc6468b6408a11370c2f/WebAuthenticatorIntermediateActivity.class' -> 'goodrive://www.googleapis.com/:personal:/bannister/BannisterTools/obj/x64/Debug/net8.0-android/android/bin/classes/crc6468b6408a11370c2f/WebAuthenticatorIntermediateActivity.class' (2,015)
2026-09-28 06:00:49: Copy Over 'C:/rock/bannister/BannisterTools/obj/x64/Debug/net8.0-android/android/bin/classes/crc6468b6408a11370c2f/WebAuthenticatorCallbackActivity.class' -> 'goodrive://www.googleapis.com/:personal:/bannister/BannisterTools/obj/x64/Debug/net8.0-android/android/bin/classes/crc6468b6408a11370c2f/WebAuthenticatorCallbackActivity.class' (1,458)
2026-09-28 06:00:51: Copy Over 'C:/rock/bannister/BannisterTools/obj/x64/Debug/net8.0-android/android/bin/classes/crc645d80431ce5f73f11/CarouselViewAdapter_2.class' -> 'goodrive://www.googleapis.com/:personal:/bannister/BannisterTools/obj/x64/Debug/net8.0-android/android/bin/classes/crc645d80431ce5f73f11/CarouselViewAdapter_2.class' (2,041)
2026-09-28 06:00:51: Copy Over 'C:/rock/bannister/BannisterTools/obj/x64/Debug/net8.0-android/android/bin/classes/crc645d80431ce5f73f11/CarouselViewOnScrollListener.class' -> 'goodrive://www.googleapis.com/:personal:/bannister/BannisterTools/obj/x64/Debug/net8.0-android/android/bin/classes/crc645d80431ce5f73f11/CarouselViewOnScrollListener.class' (1,883)
2026-09-28 06:00:52: Copy Over 'C:/rock/bannister/BannisterTools/obj/x64/Debug/net8.0-android/android/bin/classes/crc645d80431ce5f73f11/CenterSnapHelper.class' -> 'goodrive://www.googleapis.com/:personal:/bannister/BannisterTools/obj/x64/Debug/net8.0-android/android/bin/classes/crc645d80431ce5f73f11/CenterSnapHelper.class' (1,755)
2026-09-28 06:00:54: Copy Over 'C:/rock/bannister/BannisterTools/obj/x64/Debug/net8.0-android/android/bin/classes/crc645d80431ce5f73f11/DataChangeObserver.class' -> 'goodrive://www.googleapis.com/:personal:/bannister/BannisterTools/obj/x64/Debug/net8.0-android/android/bin/classes/crc645d80431ce5f73f11/DataChangeObserver.class' (2,388)
2026-09-28 06:00:54: Copy Over 'C:/rock/bannister/BannisterTools/obj/x64/Debug/net8.0-android/android/bin/classes/crc645d80431ce5f73f11/EdgeSnapHelper.class' -> 'goodrive://www.googleapis.com/:personal:/bannister/BannisterTools/obj/x64/Debug/net8.0-android/android/bin/classes/crc645d80431ce5f73f11/EdgeSnapHelper.class' (1,238)
2026-09-28 06:00:55: Copy Over 'C:/rock/bannister/BannisterTools/obj/x64/Debug/net8.0-android/android/bin/classes/crc645d80431ce5f73f11/EmptyViewAdapter.class' -> 'goodrive://www.googleapis.com/:personal:/bannister/BannisterTools/obj/x64/Debug/net8.0-android/android/bin/classes/crc645d80431ce5f73f11/EmptyViewAdapter.class' (2,719)
2026-09-28 06:00:57: Copy Over 'C:/rock/bannister/BannisterTools/obj/x64/Debug/net8.0-android/android/bin/classes/crc645d80431ce5f73f11/EndSnapHelper.class' -> 'goodrive://www.googleapis.com/:personal:/bannister/BannisterTools/obj/x64/Debug/net8.0-android/android/bin/classes/crc645d80431ce5f73f11/EndSnapHelper.class' (2,179)
2026-09-28 06:00:57: Copy Over 'C:/rock/bannister/BannisterTools/obj/x64/Debug/net8.0-android/android/bin/classes/crc645d80431ce5f73f11/EndSingleSnapHelper.class' -> 'goodrive://www.googleapis.com/:personal:/bannister/BannisterTools/obj/x64/Debug/net8.0-android/android/bin/classes/crc645d80431ce5f73f11/EndSingleSnapHelper.class' (1,849)
2026-09-28 06:00:58: Copy Over 'C:/rock/bannister/BannisterTools/obj/x64/Debug/net8.0-android/android/bin/classes/crc645d80431ce5f73f11/GridLayoutSpanSizeLookup.class' -> 'goodrive://www.googleapis.com/:personal:/bannister/BannisterTools/obj/x64/Debug/net8.0-android/android/bin/classes/crc645d80431ce5f73f11/GridLayoutSpanSizeLookup.class' (1,536)
2026-09-28 06:00:59: Copy Over 'C:/rock/bannister/BannisterTools/obj/x64/Debug/net8.0-android/android/bin/classes/crc645d80431ce5f73f11/ItemContentView.class' -> 'goodrive://www.googleapis.com/:personal:/bannister/BannisterTools/obj/x64/Debug/net8.0-android/android/bin/classes/crc645d80431ce5f73f11/ItemContentView.class' (2,660)
2026-09-28 06:01:00: Copy Over 'C:/rock/bannister/BannisterTools/obj/x64/Debug/net8.0-android/android/bin/classes/crc645d80431ce5f73f11/GroupableItemsViewAdapter_2.class' -> 'goodrive://www.googleapis.com/:personal:/bannister/BannisterTools/obj/x64/Debug/net8.0-android/android/bin/classes/crc645d80431ce5f73f11/GroupableItemsViewAdapter_2.class' (2,277)
2026-09-28 06:01:01: Copy Over 'C:/rock/bannister/BannisterTools/obj/x64/Debug/net8.0-android/android/bin/classes/crc645d80431ce5f73f11/ItemsViewAdapter_2.class' -> 'goodrive://www.googleapis.com/:personal:/bannister/BannisterTools/obj/x64/Debug/net8.0-android/android/bin/classes/crc645d80431ce5f73f11/ItemsViewAdapter_2.class' (2,859)
2026-09-28 06:01:02: Copy Over 'C:/rock/bannister/BannisterTools/obj/x64/Debug/net8.0-android/android/bin/classes/crc645d80431ce5f73f11/MauiCarouselRecyclerView.class' -> 'goodrive://www.googleapis.com/:personal:/bannister/BannisterTools/obj/x64/Debug/net8.0-android/android/bin/classes/crc645d80431ce5f73f11/MauiCarouselRecyclerView.class' (2,975)
2026-09-28 06:01:03: Copy Over 'C:/rock/bannister/BannisterTools/obj/x64/Debug/net8.0-android/android/bin/classes/crc645d80431ce5f73f11/MauiCarouselRecyclerView_CarouselViewOnGlobalLayoutListener.class' -> 'goodrive://www.googleapis.com/:personal:/bannister/BannisterTools/obj/x64/Debug/net8.0-android/android/bin/classes/crc645d80431ce5f73f11/MauiCarouselRecyclerView_CarouselViewOnGlobalLayoutListener.class' (2,062)
2026-09-28 06:01:04: Copy Over 'C:/rock/bannister/BannisterTools/obj/x64/Debug/net8.0-android/android/bin/classes/crc645d80431ce5f73f11/MauiRecyclerView_3.class' -> 'goodrive://www.googleapis.com/:personal:/bannister/BannisterTools/obj/x64/Debug/net8.0-android/android/bin/classes/crc645d80431ce5f73f11/MauiRecyclerView_3.class' (2,188)
2026-09-28 06:01:05: Copy Over 'C:/rock/bannister/BannisterTools/obj/x64/Debug/net8.0-android/android/bin/classes/crc645d80431ce5f73f11/NongreedySnapHelper.class' -> 'goodrive://www.googleapis.com/:personal:/bannister/BannisterTools/obj/x64/Debug/net8.0-android/android/bin/classes/crc645d80431ce5f73f11/NongreedySnapHelper.class' (1,571)
2026-09-28 06:01:06: Copy Over 'C:/rock/bannister/BannisterTools/obj/x64/Debug/net8.0-android/android/bin/classes/crc645d80431ce5f73f11/NongreedySnapHelper_InitialScrollListener.class' -> 'goodrive://www.googleapis.com/:personal:/bannister/BannisterTools/obj/x64/Debug/net8.0-android/android/bin/classes/crc645d80431ce5f73f11/NongreedySnapHelper_InitialScrollListener.class' (2,001)
2026-09-28 06:01:07: Copy Over 'C:/rock/bannister/BannisterTools/obj/x64/Debug/net8.0-android/android/bin/classes/crc645d80431ce5f73f11/PositionalSmoothScroller.class' -> 'goodrive://www.googleapis.com/:personal:/bannister/BannisterTools/obj/x64/Debug/net8.0-android/android/bin/classes/crc645d80431ce5f73f11/PositionalSmoothScroller.class' (1,960)
2026-09-28 06:01:08: Copy Over 'C:/rock/bannister/BannisterTools/obj/x64/Debug/net8.0-android/android/bin/classes/crc645d80431ce5f73f11/RecyclerViewScrollListener_2.class' -> 'goodrive://www.googleapis.com/:personal:/bannister/BannisterTools/obj/x64/Debug/net8.0-android/android/bin/classes/crc645d80431ce5f73f11/RecyclerViewScrollListener_2.class' (1,676)
2026-09-28 06:01:08: Copy Over 'C:/rock/bannister/BannisterTools/obj/x64/Debug/net8.0-android/android/bin/classes/crc645d80431ce5f73f11/ReorderableItemsViewAdapter_2.class' -> 'goodrive://www.googleapis.com/:personal:/bannister/BannisterTools/obj/x64/Debug/net8.0-android/android/bin/classes/crc645d80431ce5f73f11/ReorderableItemsViewAdapter_2.class' (1,291)
2026-09-28 06:01:10: Copy Over 'C:/rock/bannister/BannisterTools/obj/x64/Debug/net8.0-android/android/bin/classes/crc645d80431ce5f73f11/ScrollHelper.class' -> 'goodrive://www.googleapis.com/:personal:/bannister/BannisterTools/obj/x64/Debug/net8.0-android/android/bin/classes/crc645d80431ce5f73f11/ScrollHelper.class' (1,856)
2026-09-28 06:01:11: Copy Over 'C:/rock/bannister/BannisterTools/obj/x64/Debug/net8.0-android/android/bin/classes/crc645d80431ce5f73f11/SelectableItemsViewAdapter_2.class' -> 'goodrive://www.googleapis.com/:personal:/bannister/BannisterTools/obj/x64/Debug/net8.0-android/android/bin/classes/crc645d80431ce5f73f11/SelectableItemsViewAdapter_2.class' (2,090)
2026-09-28 06:01:11: Copy Over 'C:/rock/bannister/BannisterTools/obj/x64/Debug/net8.0-android/android/bin/classes/crc645d80431ce5f73f11/SelectableViewHolder.class' -> 'goodrive://www.googleapis.com/:personal:/bannister/BannisterTools/obj/x64/Debug/net8.0-android/android/bin/classes/crc645d80431ce5f73f11/SelectableViewHolder.class' (1,795)
2026-09-28 06:01:13: Copy Over 'C:/rock/bannister/BannisterTools/obj/x64/Debug/net8.0-android/android/bin/classes/crc645d80431ce5f73f11/SimpleItemTouchHelperCallback.class' -> 'goodrive://www.googleapis.com/:personal:/bannister/BannisterTools/obj/x64/Debug/net8.0-android/android/bin/classes/crc645d80431ce5f73f11/SimpleItemTouchHelperCallback.class' (3,022)
2026-09-28 06:01:14: Copy Over 'C:/rock/bannister/BannisterTools/obj/x64/Debug/net8.0-android/android/bin/classes/crc645d80431ce5f73f11/SingleSnapHelper.class' -> 'goodrive://www.googleapis.com/:personal:/bannister/BannisterTools/obj/x64/Debug/net8.0-android/android/bin/classes/crc645d80431ce5f73f11/SingleSnapHelper.class' (2,120)
2026-09-28 06:01:14: Copy Over 'C:/rock/bannister/BannisterTools/obj/x64/Debug/net8.0-android/android/bin/classes/crc645d80431ce5f73f11/SimpleViewHolder.class' -> 'goodrive://www.googleapis.com/:personal:/bannister/BannisterTools/obj/x64/Debug/net8.0-android/android/bin/classes/crc645d80431ce5f73f11/SimpleViewHolder.class' (1,445)
2026-09-28 06:01:16: Copy Over 'C:/rock/bannister/BannisterTools/obj/x64/Debug/net8.0-android/android/bin/classes/crc645d80431ce5f73f11/SizedItemContentView.class' -> 'goodrive://www.googleapis.com/:personal:/bannister/BannisterTools/obj/x64/Debug/net8.0-android/android/bin/classes/crc645d80431ce5f73f11/SizedItemContentView.class' (2,538)
2026-09-28 06:01:17: Copy Over 'C:/rock/bannister/BannisterTools/obj/x64/Debug/net8.0-android/android/bin/classes/crc645d80431ce5f73f11/StartSingleSnapHelper.class' -> 'goodrive://www.googleapis.com/:personal:/bannister/BannisterTools/obj/x64/Debug/net8.0-android/android/bin/classes/crc645d80431ce5f73f11/StartSingleSnapHelper.class' (1,855)
2026-09-28 06:01:17: Copy Over 'C:/rock/bannister/BannisterTools/obj/x64/Debug/net8.0-android/android/bin/classes/crc645d80431ce5f73f11/SpacingItemDecoration.class' -> 'goodrive://www.googleapis.com/:personal:/bannister/BannisterTools/obj/x64/Debug/net8.0-android/android/bin/classes/crc645d80431ce5f73f11/SpacingItemDecoration.class' (2,005)
2026-09-28 06:01:19: Copy Over 'C:/rock/bannister/BannisterTools/obj/x64/Debug/net8.0-android/android/bin/classes/crc645d80431ce5f73f11/StartSnapHelper.class' -> 'goodrive://www.googleapis.com/:personal:/bannister/BannisterTools/obj/x64/Debug/net8.0-android/android/bin/classes/crc645d80431ce5f73f11/StartSnapHelper.class' (2,185)
2026-09-28 06:01:20: Copy Over 'C:/rock/bannister/BannisterTools/obj/x64/Debug/net8.0-android/android/bin/classes/crc645d80431ce5f73f11/StructuredItemsViewAdapter_2.class' -> 'goodrive://www.googleapis.com/:personal:/bannister/BannisterTools/obj/x64/Debug/net8.0-android/android/bin/classes/crc645d80431ce5f73f11/StructuredItemsViewAdapter_2.class' (2,270)
2026-09-28 06:01:20: Copy Over 'C:/rock/bannister/BannisterTools/obj/x64/Debug/net8.0-android/android/bin/classes/crc645d80431ce5f73f11/TemplatedItemViewHolder.class' -> 'goodrive://www.googleapis.com/:personal:/bannister/BannisterTools/obj/x64/Debug/net8.0-android/android/bin/classes/crc645d80431ce5f73f11/TemplatedItemViewHolder.class' (1,365)
2026-09-28 06:01:23: Copy Over 'C:/rock/bannister/BannisterTools/obj/x64/Debug/net8.0-android/android/bin/classes/crc645d80431ce5f73f11/TextViewHolder.class' -> 'goodrive://www.googleapis.com/:personal:/bannister/BannisterTools/obj/x64/Debug/net8.0-android/android/bin/classes/crc645d80431ce5f73f11/TextViewHolder.class' (1,338)
2026-09-28 06:01:24: Copy Over 'C:/rock/bannister/BannisterTools/obj/x64/Debug/net8.0-android/android/bin/classes/crc6477f0d89a9cfd64b1/ActivityIndicatorRenderer.class' -> 'goodrive://www.googleapis.com/:personal:/bannister/BannisterTools/obj/x64/Debug/net8.0-android/android/bin/classes/crc6477f0d89a9cfd64b1/ActivityIndicatorRenderer.class' (2,082)
2026-09-28 06:01:25: Copy Over 'C:/rock/bannister/BannisterTools/obj/x64/Debug/net8.0-android/android/bin/classes/crc6488302ad6e9e4df1a/ImageLoaderCallback.class' -> 'goodrive://www.googleapis.com/:personal:/bannister/BannisterTools/obj/x64/Debug/net8.0-android/android/bin/classes/crc6488302ad6e9e4df1a/ImageLoaderCallback.class' (1,226)
2026-09-28 06:01:25: Copy Over 'C:/rock/bannister/BannisterTools/obj/x64/Debug/net8.0-android/android/bin/classes/crc6488302ad6e9e4df1a/ImageLoaderCallbackBase_1.class' -> 'goodrive://www.googleapis.com/:personal:/bannister/BannisterTools/obj/x64/Debug/net8.0-android/android/bin/classes/crc6488302ad6e9e4df1a/ImageLoaderCallbackBase_1.class' (1,668)
2026-09-28 06:01:27: Copy Over 'C:/rock/bannister/BannisterTools/obj/x64/Debug/net8.0-android/android/bin/classes/crc6488302ad6e9e4df1a/ImageLoaderResultCallback.class' -> 'goodrive://www.googleapis.com/:personal:/bannister/BannisterTools/obj/x64/Debug/net8.0-android/android/bin/classes/crc6488302ad6e9e4df1a/ImageLoaderResultCallback.class' (1,244)
2026-09-28 06:01:28: Copy Over 'C:/rock/bannister/BannisterTools/obj/x64/Debug/net8.0-android/android/bin/classes/crc6488302ad6e9e4df1a/MauiAppCompatActivity.class' -> 'goodrive://www.googleapis.com/:personal:/bannister/BannisterTools/obj/x64/Debug/net8.0-android/android/bin/classes/crc6488302ad6e9e4df1a/MauiAppCompatActivity.class' (3,730)
2026-09-28 06:01:28: Copy Over 'C:/rock/bannister/BannisterTools/obj/x64/Debug/net8.0-android/android/bin/classes/crc6488302ad6e9e4df1a/MauiApplication.class' -> 'goodrive://www.googleapis.com/:personal:/bannister/BannisterTools/obj/x64/Debug/net8.0-android/android/bin/classes/crc6488302ad6e9e4df1a/MauiApplication.class' (1,567)
2026-09-28 06:01:30: Copy Over 'C:/rock/bannister/BannisterTools/obj/x64/Debug/net8.0-android/android/bin/classes/crc6488302ad6e9e4df1a/MauiApplication_ActivityLifecycleCallbacks.class' -> 'goodrive://www.googleapis.com/:personal:/bannister/BannisterTools/obj/x64/Debug/net8.0-android/android/bin/classes/crc6488302ad6e9e4df1a/MauiApplication_ActivityLifecycleCallbacks.class' (8,927)
2026-09-28 06:01:31: Copy Over 'C:/rock/bannister/BannisterTools/obj/x64/Debug/net8.0-android/android/bin/classes/crc6477f0d89a9cfd64b1/BorderDrawable.class' -> 'goodrive://www.googleapis.com/:personal:/bannister/BannisterTools/obj/x64/Debug/net8.0-android/android/bin/classes/crc6477f0d89a9cfd64b1/BorderDrawable.class' (2,259)
2026-09-28 06:01:31: Copy Over 'C:/rock/bannister/BannisterTools/obj/x64/Debug/net8.0-android/android/bin/classes/crc6477f0d89a9cfd64b1/AHorizontalScrollView.class' -> 'goodrive://www.googleapis.com/:personal:/bannister/BannisterTools/obj/x64/Debug/net8.0-android/android/bin/classes/crc6477f0d89a9cfd64b1/AHorizontalScrollView.class' (3,661)
2026-09-28 06:01:32: Copy Over 'C:/rock/bannister/BannisterTools/obj/x64/Debug/net8.0-android/android/bin/classes/crc6477f0d89a9cfd64b1/BoxRenderer.class' -> 'goodrive://www.googleapis.com/:personal:/bannister/BannisterTools/obj/x64/Debug/net8.0-android/android/bin/classes/crc6477f0d89a9cfd64b1/BoxRenderer.class' (2,270)
2026-09-28 06:01:34: Copy Over 'C:/rock/bannister/BannisterTools/obj/x64/Debug/net8.0-android/android/bin/classes/crc6477f0d89a9cfd64b1/CarouselPageAdapter.class' -> 'goodrive://www.googleapis.com/:personal:/bannister/BannisterTools/obj/x64/Debug/net8.0-android/android/bin/classes/crc6477f0d89a9cfd64b1/CarouselPageAdapter.class' (3,383)
2026-09-28 06:01:34: Copy Over 'C:/rock/bannister/BannisterTools/obj/x64/Debug/net8.0-android/android/bin/classes/crc6477f0d89a9cfd64b1/CarouselSpacingItemDecoration.class' -> 'goodrive://www.googleapis.com/:personal:/bannister/BannisterTools/obj/x64/Debug/net8.0-android/android/bin/classes/crc6477f0d89a9cfd64b1/CarouselSpacingItemDecoration.class' (2,059)
2026-09-28 06:01:35: Copy Over 'C:/rock/bannister/BannisterTools/obj/x64/Debug/net8.0-android/android/bin/classes/crc6477f0d89a9cfd64b1/CarouselViewRenderer.class' -> 'goodrive://www.googleapis.com/:personal:/bannister/BannisterTools/obj/x64/Debug/net8.0-android/android/bin/classes/crc6477f0d89a9cfd64b1/CarouselViewRenderer.class' (2,518)
2026-09-28 06:01:37: Copy Over 'C:/rock/bannister/BannisterTools/obj/x64/Debug/net8.0-android/android/bin/classes/crc6477f0d89a9cfd64b1/CarouselViewRenderer_CarouselViewOnScrollListener.class' -> 'goodrive://www.googleapis.com/:personal:/bannister/BannisterTools/obj/x64/Debug/net8.0-android/android/bin/classes/crc6477f0d89a9cfd64b1/CarouselViewRenderer_CarouselViewOnScrollListener.class' (1,976)
2026-09-28 06:01:37: Copy Over 'C:/rock/bannister/BannisterTools/obj/x64/Debug/net8.0-android/android/bin/classes/crc6477f0d89a9cfd64b1/CarouselViewRenderer_CarouselViewwOnGlobalLayoutListener.class' -> 'goodrive://www.googleapis.com/:personal:/bannister/BannisterTools/obj/x64/Debug/net8.0-android/android/bin/classes/crc6477f0d89a9cfd64b1/CarouselViewRenderer_CarouselViewwOnGlobalLayoutListener.class' (1,782)
2026-09-28 06:01:38: Copy Over 'C:/rock/bannister/BannisterTools/obj/x64/Debug/net8.0-android/android/bin/classes/crc6477f0d89a9cfd64b1/CellRenderer_RendererHolder.class' -> 'goodrive://www.googleapis.com/:personal:/bannister/BannisterTools/obj/x64/Debug/net8.0-android/android/bin/classes/crc6477f0d89a9cfd64b1/CellRenderer_RendererHolder.class' (1,260)
2026-09-28 06:01:40: Copy Over 'C:/rock/bannister/BannisterTools/obj/x64/Debug/net8.0-android/android/bin/classes/crc6477f0d89a9cfd64b1/CheckBoxRenderer.class' -> 'goodrive://www.googleapis.com/:personal:/bannister/BannisterTools/obj/x64/Debug/net8.0-android/android/bin/classes/crc6477f0d89a9cfd64b1/CheckBoxRenderer.class' (2,061)
2026-09-28 06:01:40: Copy Over 'C:/rock/bannister/BannisterTools/obj/x64/Debug/net8.0-android/android/bin/classes/crc6477f0d89a9cfd64b1/CenterSnapHelper.class' -> 'goodrive://www.googleapis.com/:personal:/bannister/BannisterTools/obj/x64/Debug/net8.0-android/android/bin/classes/crc6477f0d89a9cfd64b1/CenterSnapHelper.class' (1,785)
2026-09-28 06:01:41: Copy Over 'C:/rock/bannister/BannisterTools/obj/x64/Debug/net8.0-android/android/bin/classes/crc6477f0d89a9cfd64b1/CheckBoxRendererBase.class' -> 'goodrive://www.googleapis.com/:personal:/bannister/BannisterTools/obj/x64/Debug/net8.0-android/android/bin/classes/crc6477f0d89a9cfd64b1/CheckBoxRendererBase.class' (3,050)
2026-09-28 06:01:43: Copy Over 'C:/rock/bannister/BannisterTools/obj/x64/Debug/net8.0-android/android/bin/classes/crc6477f0d89a9cfd64b1/CollectionViewRenderer.class' -> 'goodrive://www.googleapis.com/:personal:/bannister/BannisterTools/obj/x64/Debug/net8.0-android/android/bin/classes/crc6477f0d89a9cfd64b1/CollectionViewRenderer.class' (2,087)
2026-09-28 06:01:43: Copy Over 'C:/rock/bannister/BannisterTools/obj/x64/Debug/net8.0-android/android/bin/classes/crc6477f0d89a9cfd64b1/CircularProgress.class' -> 'goodrive://www.googleapis.com/:personal:/bannister/BannisterTools/obj/x64/Debug/net8.0-android/android/bin/classes/crc6477f0d89a9cfd64b1/CircularProgress.class' (2,732)
2026-09-28 06:01:44: Copy Over 'C:/rock/bannister/BannisterTools/obj/x64/Debug/net8.0-android/android/bin/classes/crc6477f0d89a9cfd64b1/DataChangeObserver.class' -> 'goodrive://www.googleapis.com/:personal:/bannister/BannisterTools/obj/x64/Debug/net8.0-android/android/bin/classes/crc6477f0d89a9cfd64b1/DataChangeObserver.class' (2,418)
2026-09-28 06:01:46: Copy Over 'C:/rock/bannister/BannisterTools/obj/x64/Debug/net8.0-android/android/bin/classes/crc6477f0d89a9cfd64b1/DatePickerRendererBase_1.class' -> 'goodrive://www.googleapis.com/:personal:/bannister/BannisterTools/obj/x64/Debug/net8.0-android/android/bin/classes/crc6477f0d89a9cfd64b1/DatePickerRendererBase_1.class' (2,079)
2026-09-28 06:01:46: Copy Over 'C:/rock/bannister/BannisterTools/obj/x64/Debug/net8.0-android/android/bin/classes/crc6477f0d89a9cfd64b1/DatePickerRenderer.class' -> 'goodrive://www.googleapis.com/:personal:/bannister/BannisterTools/obj/x64/Debug/net8.0-android/android/bin/classes/crc6477f0d89a9cfd64b1/DatePickerRenderer.class' (2,071)
2026-09-28 06:01:47: Copy Over 'C:/rock/bannister/BannisterTools/obj/x64/Debug/net8.0-android/android/bin/classes/crc6477f0d89a9cfd64b1/DragAndDropGestureHandler.class' -> 'goodrive://www.googleapis.com/:personal:/bannister/BannisterTools/obj/x64/Debug/net8.0-android/android/bin/classes/crc6477f0d89a9cfd64b1/DragAndDropGestureHandler.class' (1,731)
2026-09-28 06:01:49: Copy Over 'C:/rock/bannister/BannisterTools/obj/x64/Debug/net8.0-android/android/bin/classes/crc6477f0d89a9cfd64b1/DragAndDropGestureHandler_CustomLocalStateData.class' -> 'goodrive://www.googleapis.com/:personal:/bannister/BannisterTools/obj/x64/Debug/net8.0-android/android/bin/classes/crc6477f0d89a9cfd64b1/DragAndDropGestureHandler_CustomLocalStateData.class' (1,317)
2026-09-28 06:01:49: Copy Over 'C:/rock/bannister/BannisterTools/obj/x64/Debug/net8.0-android/android/bin/classes/crc6477f0d89a9cfd64b1/EdgeSnapHelper.class' -> 'goodrive://www.googleapis.com/:personal:/bannister/BannisterTools/obj/x64/Debug/net8.0-android/android/bin/classes/crc6477f0d89a9cfd64b1/EdgeSnapHelper.class' (1,268)
2026-09-28 06:01:50: Copy Over 'C:/rock/bannister/BannisterTools/obj/x64/Debug/net8.0-android/android/bin/classes/crc6477f0d89a9cfd64b1/EditorRenderer.class' -> 'goodrive://www.googleapis.com/:personal:/bannister/BannisterTools/obj/x64/Debug/net8.0-android/android/bin/classes/crc6477f0d89a9cfd64b1/EditorRenderer.class' (2,218)
2026-09-28 06:01:52: Copy Over 'C:/rock/bannister/BannisterTools/obj/x64/Debug/net8.0-android/android/bin/classes/crc6477f0d89a9cfd64b1/EllipseRenderer.class' -> 'goodrive://www.googleapis.com/:personal:/bannister/BannisterTools/obj/x64/Debug/net8.0-android/android/bin/classes/crc6477f0d89a9cfd64b1/EllipseRenderer.class' (2,053)
2026-09-28 06:01:52: Copy Over 'C:/rock/bannister/BannisterTools/obj/x64/Debug/net8.0-android/android/bin/classes/crc6477f0d89a9cfd64b1/EditorRendererBase_1.class' -> 'goodrive://www.googleapis.com/:personal:/bannister/BannisterTools/obj/x64/Debug/net8.0-android/android/bin/classes/crc6477f0d89a9cfd64b1/EditorRendererBase_1.class' (3,123)
2026-09-28 06:01:54: Copy Over 'C:/rock/bannister/BannisterTools/obj/x64/Debug/net8.0-android/android/bin/classes/crc6477f0d89a9cfd64b1/EllipseView.class' -> 'goodrive://www.googleapis.com/:personal:/bannister/BannisterTools/obj/x64/Debug/net8.0-android/android/bin/classes/crc6477f0d89a9cfd64b1/EllipseView.class' (2,393)
2026-09-28 06:01:55: Copy Over 'C:/rock/bannister/BannisterTools/obj/x64/Debug/net8.0-android/android/bin/classes/crc6477f0d89a9cfd64b1/EmptyViewAdapter.class' -> 'goodrive://www.googleapis.com/:personal:/bannister/BannisterTools/obj/x64/Debug/net8.0-android/android/bin/classes/crc6477f0d89a9cfd64b1/EmptyViewAdapter.class' (2,749)
2026-09-28 06:01:55: Copy Over 'C:/rock/bannister/BannisterTools/obj/x64/Debug/net8.0-android/android/bin/classes/crc6477f0d89a9cfd64b1/EndSingleSnapHelper.class' -> 'goodrive://www.googleapis.com/:personal:/bannister/BannisterTools/obj/x64/Debug/net8.0-android/android/bin/classes/crc6477f0d89a9cfd64b1/EndSingleSnapHelper.class' (1,879)
2026-09-28 06:01:57: Copy Over 'C:/rock/bannister/BannisterTools/obj/x64/Debug/net8.0-android/android/bin/classes/crc6477f0d89a9cfd64b1/EndSnapHelper.class' -> 'goodrive://www.googleapis.com/:personal:/bannister/BannisterTools/obj/x64/Debug/net8.0-android/android/bin/classes/crc6477f0d89a9cfd64b1/EndSnapHelper.class' (2,209)
2026-09-28 06:01:58: Copy Over 'C:/rock/bannister/BannisterTools/obj/x64/Debug/net8.0-android/android/bin/classes/crc6477f0d89a9cfd64b1/EntryAccessibilityDelegate.class' -> 'goodrive://www.googleapis.com/:personal:/bannister/BannisterTools/obj/x64/Debug/net8.0-android/android/bin/classes/crc6477f0d89a9cfd64b1/EntryAccessibilityDelegate.class' (1,825)
2026-09-28 06:01:58: Copy Over 'C:/rock/bannister/BannisterTools/obj/x64/Debug/net8.0-android/android/bin/classes/crc6477f0d89a9cfd64b1/EntryRenderer.class' -> 'goodrive://www.googleapis.com/:personal:/bannister/BannisterTools/obj/x64/Debug/net8.0-android/android/bin/classes/crc6477f0d89a9cfd64b1/EntryRenderer.class' (2,051)
2026-09-28 06:02:00: Copy Over 'C:/rock/bannister/BannisterTools/obj/x64/Debug/net8.0-android/android/bin/classes/crc6477f0d89a9cfd64b1/EntryRendererBase_1.class' -> 'goodrive://www.googleapis.com/:personal:/bannister/BannisterTools/obj/x64/Debug/net8.0-android/android/bin/classes/crc6477f0d89a9cfd64b1/EntryRendererBase_1.class' (3,683)
2026-09-28 06:02:01: Copy Over 'C:/rock/bannister/BannisterTools/obj/x64/Debug/net8.0-android/android/bin/classes/crc6477f0d89a9cfd64b1/FlyoutPageRenderer.class' -> 'goodrive://www.googleapis.com/:personal:/bannister/BannisterTools/obj/x64/Debug/net8.0-android/android/bin/classes/crc6477f0d89a9cfd64b1/FlyoutPageRenderer.class' (3,841)
2026-09-28 06:02:01: Copy Over 'C:/rock/bannister/BannisterTools/obj/x64/Debug/net8.0-android/android/bin/classes/crc6477f0d89a9cfd64b1/FlyoutPageContainer.class' -> 'goodrive://www.googleapis.com/:personal:/bannister/BannisterTools/obj/x64/Debug/net8.0-android/android/bin/classes/crc6477f0d89a9cfd64b1/FlyoutPageContainer.class' (2,980)
2026-09-28 06:02:03: Copy Over 'C:/rock/bannister/BannisterTools/obj/x64/Debug/net8.0-android/android/bin/classes/crc6477f0d89a9cfd64b1/FormsAnimationDrawable.class' -> 'goodrive://www.googleapis.com/:personal:/bannister/BannisterTools/obj/x64/Debug/net8.0-android/android/bin/classes/crc6477f0d89a9cfd64b1/FormsAnimationDrawable.class' (1,801)
2026-09-28 06:02:04: Copy Over 'C:/rock/bannister/BannisterTools/obj/x64/Debug/net8.0-android/android/bin/classes/crc6477f0d89a9cfd64b1/FormsAppCompatActivity.class' -> 'goodrive://www.googleapis.com/:personal:/bannister/BannisterTools/obj/x64/Debug/net8.0-android/android/bin/classes/crc6477f0d89a9cfd64b1/FormsAppCompatActivity.class' (3,586)
2026-09-28 06:02:04: Copy Over 'C:/rock/bannister/BannisterTools/obj/x64/Debug/net8.0-android/android/bin/classes/crc6477f0d89a9cfd64b1/FormsEditText.class' -> 'goodrive://www.googleapis.com/:personal:/bannister/BannisterTools/obj/x64/Debug/net8.0-android/android/bin/classes/crc6477f0d89a9cfd64b1/FormsEditText.class' (2,439)
2026-09-28 06:02:06: Copy Over 'C:/rock/bannister/BannisterTools/obj/x64/Debug/net8.0-android/android/bin/classes/crc6477f0d89a9cfd64b1/FormsEditTextBase.class' -> 'goodrive://www.googleapis.com/:personal:/bannister/BannisterTools/obj/x64/Debug/net8.0-android/android/bin/classes/crc6477f0d89a9cfd64b1/FormsEditTextBase.class' (2,281)
2026-09-28 06:02:07: Copy Over 'C:/rock/bannister/BannisterTools/obj/x64/Debug/net8.0-android/android/bin/classes/crc6477f0d89a9cfd64b1/FormsImageView.class' -> 'goodrive://www.googleapis.com/:personal:/bannister/BannisterTools/obj/x64/Debug/net8.0-android/android/bin/classes/crc6477f0d89a9cfd64b1/FormsImageView.class' (2,526)
2026-09-28 06:02:07: Copy Over 'C:/rock/bannister/BannisterTools/obj/x64/Debug/net8.0-android/android/bin/classes/crc6477f0d89a9cfd64b1/FormsSeekBar.class' -> 'goodrive://www.googleapis.com/:personal:/bannister/BannisterTools/obj/x64/Debug/net8.0-android/android/bin/classes/crc6477f0d89a9cfd64b1/FormsSeekBar.class' (2,879)
2026-09-28 06:02:09: Copy Over 'C:/rock/bannister/BannisterTools/obj/x64/Debug/net8.0-android/android/bin/classes/crc6477f0d89a9cfd64b1/FormsTextView.class' -> 'goodrive://www.googleapis.com/:personal:/bannister/BannisterTools/obj/x64/Debug/net8.0-android/android/bin/classes/crc6477f0d89a9cfd64b1/FormsTextView.class' (2,053)
2026-09-28 06:02:09: Copy Over 'C:/rock/bannister/BannisterTools/obj/x64/Debug/net8.0-android/android/bin/classes/crc6477f0d89a9cfd64b1/FormsVideoView.class' -> 'goodrive://www.googleapis.com/:personal:/bannister/BannisterTools/obj/x64/Debug/net8.0-android/android/bin/classes/crc6477f0d89a9cfd64b1/FormsVideoView.class' (3,000)
2026-09-28 06:02:10: Copy Over 'C:/rock/bannister/BannisterTools/obj/x64/Debug/net8.0-android/android/bin/classes/crc6477f0d89a9cfd64b1/FormsWebChromeClient.class' -> 'goodrive://www.googleapis.com/:personal:/bannister/BannisterTools/obj/x64/Debug/net8.0-android/android/bin/classes/crc6477f0d89a9cfd64b1/FormsWebChromeClient.class' (1,863)
2026-09-28 06:02:11: Copy Over 'C:/rock/bannister/BannisterTools/obj/x64/Debug/net8.0-android/android/bin/classes/crc6477f0d89a9cfd64b1/FormsWebViewClient.class' -> 'goodrive://www.googleapis.com/:personal:/bannister/BannisterTools/obj/x64/Debug/net8.0-android/android/bin/classes/crc6477f0d89a9cfd64b1/FormsWebViewClient.class' (3,589)
2026-09-28 06:02:12: Copy Over 'C:/rock/bannister/BannisterTools/obj/x64/Debug/net8.0-android/android/bin/classes/crc6477f0d89a9cfd64b1/GridLayoutSpanSizeLookup.class' -> 'goodrive://www.googleapis.com/:personal:/bannister/BannisterTools/obj/x64/Debug/net8.0-android/android/bin/classes/crc6477f0d89a9cfd64b1/GridLayoutSpanSizeLookup.class' (1,566)
2026-09-28 06:02:14: Copy Over 'C:/rock/bannister/BannisterTools/obj/x64/Debug/net8.0-android/android/bin/classes/crc6477f0d89a9cfd64b1/GroupableItemsViewAdapter_2.class' -> 'goodrive://www.googleapis.com/:personal:/bannister/BannisterTools/obj/x64/Debug/net8.0-android/android/bin/classes/crc6477f0d89a9cfd64b1/GroupableItemsViewAdapter_2.class' (2,307)
2026-09-28 06:02:15: Copy Over 'C:/rock/bannister/BannisterTools/obj/x64/Debug/net8.0-android/android/bin/classes/crc6477f0d89a9cfd64b1/GroupedListViewAdapter.class' -> 'goodrive://www.googleapis.com/:personal:/bannister/BannisterTools/obj/x64/Debug/net8.0-android/android/bin/classes/crc6477f0d89a9cfd64b1/GroupedListViewAdapter.class' (2,386)
2026-09-28 06:02:15: Copy Over 'C:/rock/bannister/BannisterTools/obj/x64/Debug/net8.0-android/android/bin/classes/crc6477f0d89a9cfd64b1/GroupableItemsViewRenderer_3.class' -> 'goodrive://www.googleapis.com/:personal:/bannister/BannisterTools/obj/x64/Debug/net8.0-android/android/bin/classes/crc6477f0d89a9cfd64b1/GroupableItemsViewRenderer_3.class' (2,106)
2026-09-28 06:02:17: Copy Over 'C:/rock/bannister/BannisterTools/obj/x64/Debug/net8.0-android/android/bin/classes/crc6477f0d89a9cfd64b1/ImageButtonRenderer.class' -> 'goodrive://www.googleapis.com/:personal:/bannister/BannisterTools/obj/x64/Debug/net8.0-android/android/bin/classes/crc6477f0d89a9cfd64b1/ImageButtonRenderer.class' (4,024)
2026-09-28 06:02:18: Copy Over 'C:/rock/bannister/BannisterTools/obj/x64/Debug/net8.0-android/android/bin/classes/crc6477f0d89a9cfd64b1/ImageCache_FormsLruCache.class' -> 'goodrive://www.googleapis.com/:personal:/bannister/BannisterTools/obj/x64/Debug/net8.0-android/android/bin/classes/crc6477f0d89a9cfd64b1/ImageCache_FormsLruCache.class' (1,637)
2026-09-28 06:02:18: Copy Over 'C:/rock/bannister/BannisterTools/obj/x64/Debug/net8.0-android/android/bin/classes/crc6477f0d89a9cfd64b1/ImageCache_CacheEntry.class' -> 'goodrive://www.googleapis.com/:personal:/bannister/BannisterTools/obj/x64/Debug/net8.0-android/android/bin/classes/crc6477f0d89a9cfd64b1/ImageCache_CacheEntry.class' (1,242)
2026-09-28 06:02:20: Copy Over 'C:/rock/bannister/BannisterTools/obj/x64/Debug/net8.0-android/android/bin/classes/crc6477f0d89a9cfd64b1/ImageRenderer.class' -> 'goodrive://www.googleapis.com/:personal:/bannister/BannisterTools/obj/x64/Debug/net8.0-android/android/bin/classes/crc6477f0d89a9cfd64b1/ImageRenderer.class' (2,267)
2026-09-28 06:02:21: Copy Over 'C:/rock/bannister/BannisterTools/obj/x64/Debug/net8.0-android/android/bin/classes/crc6477f0d89a9cfd64b1/ItemContentView.class' -> 'goodrive://www.googleapis.com/:personal:/bannister/BannisterTools/obj/x64/Debug/net8.0-android/android/bin/classes/crc6477f0d89a9cfd64b1/ItemContentView.class' (2,690)
2026-09-28 06:02:21: Copy Over 'C:/rock/bannister/BannisterTools/obj/x64/Debug/net8.0-android/android/bin/classes/crc6477f0d89a9cfd64b1/IndicatorViewRenderer.class' -> 'goodrive://www.googleapis.com/:personal:/bannister/BannisterTools/obj/x64/Debug/net8.0-android/android/bin/classes/crc6477f0d89a9cfd64b1/IndicatorViewRenderer.class' (2,419)
2026-09-28 06:02:23: Copy Over 'C:/rock/bannister/BannisterTools/obj/x64/Debug/net8.0-android/android/bin/classes/crc6477f0d89a9cfd64b1/ItemsViewAdapter_2.class' -> 'goodrive://www.googleapis.com/:personal:/bannister/BannisterTools/obj/x64/Debug/net8.0-android/android/bin/classes/crc6477f0d89a9cfd64b1/ItemsViewAdapter_2.class' (2,755)
2026-09-28 06:02:24: Copy Over 'C:/rock/bannister/BannisterTools/obj/x64/Debug/net8.0-android/android/bin/classes/crc6477f0d89a9cfd64b1/LabelRenderer.class' -> 'goodrive://www.googleapis.com/:personal:/bannister/BannisterTools/obj/x64/Debug/net8.0-android/android/bin/classes/crc6477f0d89a9cfd64b1/LabelRenderer.class' (2,419)
2026-09-28 06:02:24: Copy Over 'C:/rock/bannister/BannisterTools/obj/x64/Debug/net8.0-android/android/bin/classes/crc6477f0d89a9cfd64b1/ItemsViewRenderer_3.class' -> 'goodrive://www.googleapis.com/:personal:/bannister/BannisterTools/obj/x64/Debug/net8.0-android/android/bin/classes/crc6477f0d89a9cfd64b1/ItemsViewRenderer_3.class' (2,221)
2026-09-28 06:02:26: Copy Over 'C:/rock/bannister/BannisterTools/obj/x64/Debug/net8.0-android/android/bin/classes/crc6477f0d89a9cfd64b1/ListViewAdapter.class' -> 'goodrive://www.googleapis.com/:personal:/bannister/BannisterTools/obj/x64/Debug/net8.0-android/android/bin/classes/crc6477f0d89a9cfd64b1/ListViewAdapter.class' (2,928)
2026-09-28 06:02:26: Copy Over 'C:/rock/bannister/BannisterTools/obj/x64/Debug/net8.0-android/android/bin/classes/crc6477f0d89a9cfd64b1/LineRenderer.class' -> 'goodrive://www.googleapis.com/:personal:/bannister/BannisterTools/obj/x64/Debug/net8.0-android/android/bin/classes/crc6477f0d89a9cfd64b1/LineRenderer.class' (2,044)
2026-09-28 06:02:27: Copy Over 'C:/rock/bannister/BannisterTools/obj/x64/Debug/net8.0-android/android/bin/classes/crc6477f0d89a9cfd64b1/LineView.class' -> 'goodrive://www.googleapis.com/:personal:/bannister/BannisterTools/obj/x64/Debug/net8.0-android/android/bin/classes/crc6477f0d89a9cfd64b1/LineView.class' (2,384)
2026-09-28 06:02:29: Copy Over 'C:/rock/bannister/BannisterTools/obj/x64/Debug/net8.0-android/android/bin/classes/crc6477f0d89a9cfd64b1/ListViewRenderer.class' -> 'goodrive://www.googleapis.com/:personal:/bannister/BannisterTools/obj/x64/Debug/net8.0-android/android/bin/classes/crc6477f0d89a9cfd64b1/ListViewRenderer.class' (2,974)
2026-09-28 06:02:29: Copy Over 'C:/rock/bannister/BannisterTools/obj/x64/Debug/net8.0-android/android/bin/classes/crc6477f0d89a9cfd64b1/ListViewRenderer_Container.class' -> 'goodrive://www.googleapis.com/:personal:/bannister/BannisterTools/obj/x64/Debug/net8.0-android/android/bin/classes/crc6477f0d89a9cfd64b1/ListViewRenderer_Container.class' (2,723)
2026-09-28 06:02:30: Copy Over 'C:/rock/bannister/BannisterTools/obj/x64/Debug/net8.0-android/android/bin/classes/crc6477f0d89a9cfd64b1/ListViewRenderer_ListViewScrollDetector.class' -> 'goodrive://www.googleapis.com/:personal:/bannister/BannisterTools/obj/x64/Debug/net8.0-android/android/bin/classes/crc6477f0d89a9cfd64b1/ListViewRenderer_ListViewScrollDetector.class' (2,479)
2026-09-28 06:02:32: Copy Over 'C:/rock/bannister/BannisterTools/obj/x64/Debug/net8.0-android/android/bin/classes/crc6477f0d89a9cfd64b1/ListViewRenderer_SwipeRefreshLayoutWithFixedNestedScrolling.class' -> 'goodrive://www.googleapis.com/:personal:/bannister/BannisterTools/obj/x64/Debug/net8.0-android/android/bin/classes/crc6477f0d89a9cfd64b1/ListViewRenderer_SwipeRefreshLayoutWithFixedNestedScrolling.class' (2,845)
2026-09-28 06:02:32: Copy Over 'C:/rock/bannister/BannisterTools/obj/x64/Debug/net8.0-android/android/bin/classes/crc6477f0d89a9cfd64b1/NativeViewWrapperRenderer.class' -> 'goodrive://www.googleapis.com/:personal:/bannister/BannisterTools/obj/x64/Debug/net8.0-android/android/bin/classes/crc6477f0d89a9cfd64b1/NativeViewWrapperRenderer.class' (2,376)
2026-09-28 06:02:33: Copy Over 'C:/rock/bannister/BannisterTools/obj/x64/Debug/net8.0-android/android/bin/classes/crc6477f0d89a9cfd64b1/NongreedySnapHelper.class' -> 'goodrive://www.googleapis.com/:personal:/bannister/BannisterTools/obj/x64/Debug/net8.0-android/android/bin/classes/crc6477f0d89a9cfd64b1/NongreedySnapHelper.class' (1,601)
2026-09-28 06:02:35: Copy Over 'C:/rock/bannister/BannisterTools/obj/x64/Debug/net8.0-android/android/bin/classes/crc6477f0d89a9cfd64b1/NongreedySnapHelper_InitialScrollListener.class' -> 'goodrive://www.googleapis.com/:personal:/bannister/BannisterTools/obj/x64/Debug/net8.0-android/android/bin/classes/crc6477f0d89a9cfd64b1/NongreedySnapHelper_InitialScrollListener.class' (2,061)
2026-09-28 06:02:35: Copy Over 'C:/rock/bannister/BannisterTools/obj/x64/Debug/net8.0-android/android/bin/classes/crc6477f0d89a9cfd64b1/ObjectJavaBox_1.class' -> 'goodrive://www.googleapis.com/:personal:/bannister/BannisterTools/obj/x64/Debug/net8.0-android/android/bin/classes/crc6477f0d89a9cfd64b1/ObjectJavaBox_1.class' (1,224)
2026-09-28 06:02:36: Copy Over 'C:/rock/bannister/BannisterTools/obj/x64/Debug/net8.0-android/android/bin/classes/crc6477f0d89a9cfd64b1/PageContainer.class' -> 'goodrive://www.googleapis.com/:personal:/bannister/BannisterTools/obj/x64/Debug/net8.0-android/android/bin/classes/crc6477f0d89a9cfd64b1/PageContainer.class' (2,684)
2026-09-28 06:02:38: Copy Over 'C:/rock/bannister/BannisterTools/obj/x64/Debug/net8.0-android/android/bin/classes/crc6477f0d89a9cfd64b1/PageExtensions_EmbeddedFragment.class' -> 'goodrive://www.googleapis.com/:personal:/bannister/BannisterTools/obj/x64/Debug/net8.0-android/android/bin/classes/crc6477f0d89a9cfd64b1/PageExtensions_EmbeddedFragment.class' (1,941)
2026-09-28 06:02:38: Copy Over 'C:/rock/bannister/BannisterTools/obj/x64/Debug/net8.0-android/android/bin/classes/crc6477f0d89a9cfd64b1/PageExtensions_EmbeddedSupportFragment.class' -> 'goodrive://www.googleapis.com/:personal:/bannister/BannisterTools/obj/x64/Debug/net8.0-android/android/bin/classes/crc6477f0d89a9cfd64b1/PageExtensions_EmbeddedSupportFragment.class' (1,962)
2026-09-28 06:02:39: Copy Over 'C:/rock/bannister/BannisterTools/obj/x64/Debug/net8.0-android/android/bin/classes/crc6477f0d89a9cfd64b1/PageRenderer.class' -> 'goodrive://www.googleapis.com/:personal:/bannister/BannisterTools/obj/x64/Debug/net8.0-android/android/bin/classes/crc6477f0d89a9cfd64b1/PageRenderer.class' (2,759)
2026-09-28 06:02:41: Copy Over 'C:/rock/bannister/BannisterTools/obj/x64/Debug/net8.0-android/android/bin/classes/crc6477f0d89a9cfd64b1/PathRenderer.class' -> 'goodrive://www.googleapis.com/:personal:/bannister/BannisterTools/obj/x64/Debug/net8.0-android/android/bin/classes/crc6477f0d89a9cfd64b1/PathRenderer.class' (2,044)
2026-09-28 06:02:41: Copy Over 'C:/rock/bannister/BannisterTools/obj/x64/Debug/net8.0-android/android/bin/classes/crc6477f0d89a9cfd64b1/PathView.class' -> 'goodrive://www.googleapis.com/:personal:/bannister/BannisterTools/obj/x64/Debug/net8.0-android/android/bin/classes/crc6477f0d89a9cfd64b1/PathView.class' (2,384)
2026-09-28 06:02:42: Copy Over 'C:/rock/bannister/BannisterTools/obj/x64/Debug/net8.0-android/android/bin/classes/crc6477f0d89a9cfd64b1/PickerEditText.class' -> 'goodrive://www.googleapis.com/:personal:/bannister/BannisterTools/obj/x64/Debug/net8.0-android/android/bin/classes/crc6477f0d89a9cfd64b1/PickerEditText.class' (2,505)
2026-09-28 06:02:44: Copy Over 'C:/rock/bannister/BannisterTools/obj/x64/Debug/net8.0-android/android/bin/classes/crc6477f0d89a9cfd64b1/PickerManager_PickerListener.class' -> 'goodrive://www.googleapis.com/:personal:/bannister/BannisterTools/obj/x64/Debug/net8.0-android/android/bin/classes/crc6477f0d89a9cfd64b1/PickerManager_PickerListener.class' (1,678)
2026-09-28 06:02:45: Copy Over 'C:/rock/bannister/BannisterTools/obj/x64/Debug/net8.0-android/android/bin/classes/crc6477f0d89a9cfd64b1/Platform_ModalContainer.class' -> 'goodrive://www.googleapis.com/:personal:/bannister/BannisterTools/obj/x64/Debug/net8.0-android/android/bin/classes/crc6477f0d89a9cfd64b1/Platform_ModalContainer.class' (2,572)
2026-09-28 06:02:45: Copy Over 'C:/rock/bannister/BannisterTools/obj/x64/Debug/net8.0-android/android/bin/classes/crc6477f0d89a9cfd64b1/Platform_DefaultRenderer.class' -> 'goodrive://www.googleapis.com/:personal:/bannister/BannisterTools/obj/x64/Debug/net8.0-android/android/bin/classes/crc6477f0d89a9cfd64b1/Platform_DefaultRenderer.class' (3,061)
2026-09-28 06:02:47: Copy Over 'C:/rock/bannister/BannisterTools/obj/x64/Debug/net8.0-android/android/bin/classes/crc6477f0d89a9cfd64b1/PolygonRenderer.class' -> 'goodrive://www.googleapis.com/:personal:/bannister/BannisterTools/obj/x64/Debug/net8.0-android/android/bin/classes/crc6477f0d89a9cfd64b1/PolygonRenderer.class' (2,053)
2026-09-28 06:02:48: Copy Over 'C:/rock/bannister/BannisterTools/obj/x64/Debug/net8.0-android/android/bin/classes/crc6477f0d89a9cfd64b1/PlatformRenderer.class' -> 'goodrive://www.googleapis.com/:personal:/bannister/BannisterTools/obj/x64/Debug/net8.0-android/android/bin/classes/crc6477f0d89a9cfd64b1/PlatformRenderer.class' (2,938)
2026-09-28 06:02:48: Copy Over 'C:/rock/bannister/BannisterTools/obj/x64/Debug/net8.0-android/android/bin/classes/crc6477f0d89a9cfd64b1/PolygonView.class' -> 'goodrive://www.googleapis.com/:personal:/bannister/BannisterTools/obj/x64/Debug/net8.0-android/android/bin/classes/crc6477f0d89a9cfd64b1/PolygonView.class' (2,393)
2026-09-28 06:02:50: Copy Over 'C:/rock/bannister/BannisterTools/obj/x64/Debug/net8.0-android/android/bin/classes/crc6477f0d89a9cfd64b1/PolylineRenderer.class' -> 'goodrive://www.googleapis.com/:personal:/bannister/BannisterTools/obj/x64/Debug/net8.0-android/android/bin/classes/crc6477f0d89a9cfd64b1/PolylineRenderer.class' (2,056)
2026-09-28 06:02:51: Copy Over 'C:/rock/bannister/BannisterTools/obj/x64/Debug/net8.0-android/android/bin/classes/crc6477f0d89a9cfd64b1/PolylineView.class' -> 'goodrive://www.googleapis.com/:personal:/bannister/BannisterTools/obj/x64/Debug/net8.0-android/android/bin/classes/crc6477f0d89a9cfd64b1/PolylineView.class' (2,396)
2026-09-28 06:02:51: Copy Over 'C:/rock/bannister/BannisterTools/obj/x64/Debug/net8.0-android/android/bin/classes/crc6477f0d89a9cfd64b1/PositionalSmoothScroller.class' -> 'goodrive://www.googleapis.com/:personal:/bannister/BannisterTools/obj/x64/Debug/net8.0-android/android/bin/classes/crc6477f0d89a9cfd64b1/PositionalSmoothScroller.class' (1,990)
2026-09-28 06:02:54: Copy Over 'C:/rock/bannister/BannisterTools/obj/x64/Debug/net8.0-android/android/bin/classes/crc6477f0d89a9cfd64b1/ProgressBarRenderer.class' -> 'goodrive://www.googleapis.com/:personal:/bannister/BannisterTools/obj/x64/Debug/net8.0-android/android/bin/classes/crc6477f0d89a9cfd64b1/ProgressBarRenderer.class' (2,064)
2026-09-28 06:02:54: Copy Over 'C:/rock/bannister/BannisterTools/obj/x64/Debug/net8.0-android/android/bin/classes/crc6477f0d89a9cfd64b1/RadioButtonRenderer.class' -> 'goodrive://www.googleapis.com/:personal:/bannister/BannisterTools/obj/x64/Debug/net8.0-android/android/bin/classes/crc6477f0d89a9cfd64b1/RadioButtonRenderer.class' (3,271)
2026-09-28 06:02:54: Copy Over 'C:/rock/bannister/BannisterTools/obj/x64/Debug/net8.0-android/android/bin/classes/crc6477f0d89a9cfd64b1/RectangleRenderer.class' -> 'goodrive://www.googleapis.com/:personal:/bannister/BannisterTools/obj/x64/Debug/net8.0-android/android/bin/classes/crc6477f0d89a9cfd64b1/RectangleRenderer.class' (2,059)
2026-09-28 06:02:57: Copy Over 'C:/rock/bannister/BannisterTools/obj/x64/Debug/net8.0-android/android/bin/classes/crc6477f0d89a9cfd64b1/RectView.class' -> 'goodrive://www.googleapis.com/:personal:/bannister/BannisterTools/obj/x64/Debug/net8.0-android/android/bin/classes/crc6477f0d89a9cfd64b1/RectView.class' (2,384)
2026-09-28 06:02:57: Copy Over 'C:/rock/bannister/BannisterTools/obj/x64/Debug/net8.0-android/android/bin/classes/crc6477f0d89a9cfd64b1/RefreshViewRenderer.class' -> 'goodrive://www.googleapis.com/:personal:/bannister/BannisterTools/obj/x64/Debug/net8.0-android/android/bin/classes/crc6477f0d89a9cfd64b1/RefreshViewRenderer.class' (2,676)
2026-09-28 06:02:57: Copy Over 'C:/rock/bannister/BannisterTools/obj/x64/Debug/net8.0-android/android/bin/classes/crc6477f0d89a9cfd64b1/ScrollHelper.class' -> 'goodrive://www.googleapis.com/:personal:/bannister/BannisterTools/obj/x64/Debug/net8.0-android/android/bin/classes/crc6477f0d89a9cfd64b1/ScrollHelper.class' (1,886)
2026-09-28 06:03:00: Copy Over 'C:/rock/bannister/BannisterTools/obj/x64/Debug/net8.0-android/android/bin/classes/crc6477f0d89a9cfd64b1/ScrollViewContainer.class' -> 'goodrive://www.googleapis.com/:personal:/bannister/BannisterTools/obj/x64/Debug/net8.0-android/android/bin/classes/crc6477f0d89a9cfd64b1/ScrollViewContainer.class' (2,702)
2026-09-28 06:03:00: Copy Over 'C:/rock/bannister/BannisterTools/obj/x64/Debug/net8.0-android/android/bin/classes/crc6477f0d89a9cfd64b1/ScrollViewRenderer.class' -> 'goodrive://www.googleapis.com/:personal:/bannister/BannisterTools/obj/x64/Debug/net8.0-android/android/bin/classes/crc6477f0d89a9cfd64b1/ScrollViewRenderer.class' (3,359)
2026-09-28 06:03:00: Copy Over 'C:/rock/bannister/BannisterTools/obj/x64/Debug/net8.0-android/android/bin/classes/crc6477f0d89a9cfd64b1/SearchBarRenderer.class' -> 'goodrive://www.googleapis.com/:personal:/bannister/BannisterTools/obj/x64/Debug/net8.0-android/android/bin/classes/crc6477f0d89a9cfd64b1/SearchBarRenderer.class' (2,813)
2026-09-28 06:03:03: Copy Over 'C:/rock/bannister/BannisterTools/obj/x64/Debug/net8.0-android/android/bin/classes/crc6477f0d89a9cfd64b1/SelectableItemsViewAdapter_2.class' -> 'goodrive://www.googleapis.com/:personal:/bannister/BannisterTools/obj/x64/Debug/net8.0-android/android/bin/classes/crc6477f0d89a9cfd64b1/SelectableItemsViewAdapter_2.class' (2,120)
2026-09-28 06:03:03: Copy Over 'C:/rock/bannister/BannisterTools/obj/x64/Debug/net8.0-android/android/bin/classes/crc6477f0d89a9cfd64b1/SelectableItemsViewRenderer_3.class' -> 'goodrive://www.googleapis.com/:personal:/bannister/BannisterTools/obj/x64/Debug/net8.0-android/android/bin/classes/crc6477f0d89a9cfd64b1/SelectableItemsViewRenderer_3.class' (2,109)
2026-09-28 06:03:03: Copy Over 'C:/rock/bannister/BannisterTools/obj/x64/Debug/net8.0-android/android/bin/classes/crc6477f0d89a9cfd64b1/SelectableViewHolder.class' -> 'goodrive://www.googleapis.com/:personal:/bannister/BannisterTools/obj/x64/Debug/net8.0-android/android/bin/classes/crc6477f0d89a9cfd64b1/SelectableViewHolder.class' (1,825)
2026-09-28 06:03:06: Copy Over 'C:/rock/bannister/BannisterTools/obj/x64/Debug/net8.0-android/android/bin/classes/crc6477f0d89a9cfd64b1/ShapeRenderer_2.class' -> 'goodrive://www.googleapis.com/:personal:/bannister/BannisterTools/obj/x64/Debug/net8.0-android/android/bin/classes/crc6477f0d89a9cfd64b1/ShapeRenderer_2.class' (2,052)
2026-09-28 06:03:06: Copy Over 'C:/rock/bannister/BannisterTools/obj/x64/Debug/net8.0-android/android/bin/classes/crc6477f0d89a9cfd64b1/ShapeView.class' -> 'goodrive://www.googleapis.com/:personal:/bannister/BannisterTools/obj/x64/Debug/net8.0-android/android/bin/classes/crc6477f0d89a9cfd64b1/ShapeView.class' (2,571)
2026-09-28 06:03:07: Copy Over 'C:/rock/bannister/BannisterTools/obj/x64/Debug/net8.0-android/android/bin/classes/crc6477f0d89a9cfd64b1/SimpleViewHolder.class' -> 'goodrive://www.googleapis.com/:personal:/bannister/BannisterTools/obj/x64/Debug/net8.0-android/android/bin/classes/crc6477f0d89a9cfd64b1/SimpleViewHolder.class' (1,475)
2026-09-28 06:03:09: Copy Over 'C:/rock/bannister/BannisterTools/obj/x64/Debug/net8.0-android/android/bin/classes/crc6477f0d89a9cfd64b1/SingleSnapHelper.class' -> 'goodrive://www.googleapis.com/:personal:/bannister/BannisterTools/obj/x64/Debug/net8.0-android/android/bin/classes/crc6477f0d89a9cfd64b1/SingleSnapHelper.class' (2,150)
2026-09-28 06:03:10: Copy Over 'C:/rock/bannister/BannisterTools/obj/x64/Debug/net8.0-android/android/bin/classes/crc6477f0d89a9cfd64b1/SliderRenderer.class' -> 'goodrive://www.googleapis.com/:personal:/bannister/BannisterTools/obj/x64/Debug/net8.0-android/android/bin/classes/crc6477f0d89a9cfd64b1/SliderRenderer.class' (3,427)
2026-09-28 06:03:10: Copy Over 'C:/rock/bannister/BannisterTools/obj/x64/Debug/net8.0-android/android/bin/classes/crc6477f0d89a9cfd64b1/SizedItemContentView.class' -> 'goodrive://www.googleapis.com/:personal:/bannister/BannisterTools/obj/x64/Debug/net8.0-android/android/bin/classes/crc6477f0d89a9cfd64b1/SizedItemContentView.class' (2,568)
2026-09-28 06:03:12: Copy Over 'C:/rock/bannister/BannisterTools/obj/x64/Debug/net8.0-android/android/bin/classes/crc6477f0d89a9cfd64b1/SpacingItemDecoration.class' -> 'goodrive://www.googleapis.com/:personal:/bannister/BannisterTools/obj/x64/Debug/net8.0-android/android/bin/classes/crc6477f0d89a9cfd64b1/SpacingItemDecoration.class' (2,035)
2026-09-28 06:03:13: Copy Over 'C:/rock/bannister/BannisterTools/obj/x64/Debug/net8.0-android/android/bin/classes/crc6477f0d89a9cfd64b1/StartSnapHelper.class' -> 'goodrive://www.googleapis.com/:personal:/bannister/BannisterTools/obj/x64/Debug/net8.0-android/android/bin/classes/crc6477f0d89a9cfd64b1/StartSnapHelper.class' (2,215)
2026-09-28 06:03:13: Copy Over 'C:/rock/bannister/BannisterTools/obj/x64/Debug/net8.0-android/android/bin/classes/crc6477f0d89a9cfd64b1/StartSingleSnapHelper.class' -> 'goodrive://www.googleapis.com/:personal:/bannister/BannisterTools/obj/x64/Debug/net8.0-android/android/bin/classes/crc6477f0d89a9cfd64b1/StartSingleSnapHelper.class' (1,885)
2026-09-28 06:03:15: Copy Over 'C:/rock/bannister/BannisterTools/obj/x64/Debug/net8.0-android/android/bin/classes/crc6477f0d89a9cfd64b1/StepperRenderer.class' -> 'goodrive://www.googleapis.com/:personal:/bannister/BannisterTools/obj/x64/Debug/net8.0-android/android/bin/classes/crc6477f0d89a9cfd64b1/StepperRenderer.class' (2,052)
2026-09-28 06:03:16: Copy Over 'C:/rock/bannister/BannisterTools/obj/x64/Debug/net8.0-android/android/bin/classes/crc6477f0d89a9cfd64b1/StepperRendererManager_StepperListener.class' -> 'goodrive://www.googleapis.com/:personal:/bannister/BannisterTools/obj/x64/Debug/net8.0-android/android/bin/classes/crc6477f0d89a9cfd64b1/StepperRendererManager_StepperListener.class' (1,708)
2026-09-28 06:03:18: Copy Over 'C:/rock/bannister/BannisterTools/obj/x64/Debug/net8.0-android/android/bin/classes/crc6477f0d89a9cfd64b1/StructuredItemsViewRenderer_3.class' -> 'goodrive://www.googleapis.com/:personal:/bannister/BannisterTools/obj/x64/Debug/net8.0-android/android/bin/classes/crc6477f0d89a9cfd64b1/StructuredItemsViewRenderer_3.class' (2,099)
2026-09-28 06:03:18: Copy Over 'C:/rock/bannister/BannisterTools/obj/x64/Debug/net8.0-android/android/bin/classes/crc6477f0d89a9cfd64b1/StructuredItemsViewAdapter_2.class' -> 'goodrive://www.googleapis.com/:personal:/bannister/BannisterTools/obj/x64/Debug/net8.0-android/android/bin/classes/crc6477f0d89a9cfd64b1/StructuredItemsViewAdapter_2.class' (2,300)
2026-09-28 06:03:19: Copy Over 'C:/rock/bannister/BannisterTools/obj/x64/Debug/net8.0-android/android/bin/classes/crc6477f0d89a9cfd64b1/SwipeViewRenderer.class' -> 'goodrive://www.googleapis.com/:personal:/bannister/BannisterTools/obj/x64/Debug/net8.0-android/android/bin/classes/crc6477f0d89a9cfd64b1/SwipeViewRenderer.class' (2,880)
2026-09-28 06:03:21: Copy Over 'C:/rock/bannister/BannisterTools/obj/x64/Debug/net8.0-android/android/bin/classes/crc6477f0d89a9cfd64b1/TableViewRenderer.class' -> 'goodrive://www.googleapis.com/:personal:/bannister/BannisterTools/obj/x64/Debug/net8.0-android/android/bin/classes/crc6477f0d89a9cfd64b1/TableViewRenderer.class' (2,221)
2026-09-28 06:03:21: Copy Over 'C:/rock/bannister/BannisterTools/obj/x64/Debug/net8.0-android/android/bin/classes/crc6477f0d89a9cfd64b1/TableViewModelRenderer.class' -> 'goodrive://www.googleapis.com/:personal:/bannister/BannisterTools/obj/x64/Debug/net8.0-android/android/bin/classes/crc6477f0d89a9cfd64b1/TableViewModelRenderer.class' (2,656)
2026-09-28 06:03:22: Copy Over 'C:/rock/bannister/BannisterTools/obj/x64/Debug/net8.0-android/android/bin/classes/crc6477f0d89a9cfd64b1/TemplatedItemViewHolder.class' -> 'goodrive://www.googleapis.com/:personal:/bannister/BannisterTools/obj/x64/Debug/net8.0-android/android/bin/classes/crc6477f0d89a9cfd64b1/TemplatedItemViewHolder.class' (1,395)
2026-09-28 06:03:24: Copy Over 'C:/rock/bannister/BannisterTools/obj/x64/Debug/net8.0-android/android/bin/classes/crc6477f0d89a9cfd64b1/TextViewHolder.class' -> 'goodrive://www.googleapis.com/:personal:/bannister/BannisterTools/obj/x64/Debug/net8.0-android/android/bin/classes/crc6477f0d89a9cfd64b1/TextViewHolder.class' (1,368)
2026-09-28 06:03:24: Copy Over 'C:/rock/bannister/BannisterTools/obj/x64/Debug/net8.0-android/android/bin/classes/crc6477f0d89a9cfd64b1/TextCellRenderer_TextCellView.class' -> 'goodrive://www.googleapis.com/:personal:/bannister/BannisterTools/obj/x64/Debug/net8.0-android/android/bin/classes/crc6477f0d89a9cfd64b1/TextCellRenderer_TextCellView.class' (2,450)
2026-09-28 06:03:25: Copy Over 'C:/rock/bannister/BannisterTools/obj/x64/Debug/net8.0-android/android/bin/classes/crc6477f0d89a9cfd64b1/TimePickerRenderer.class' -> 'goodrive://www.googleapis.com/:personal:/bannister/BannisterTools/obj/x64/Debug/net8.0-android/android/bin/classes/crc6477f0d89a9cfd64b1/TimePickerRenderer.class' (2,071)
2026-09-28 06:03:27: Copy Over 'C:/rock/bannister/BannisterTools/obj/x64/Debug/net8.0-android/android/bin/classes/crc6477f0d89a9cfd64b1/ViewCellRenderer_ViewCellContainer.class' -> 'goodrive://www.googleapis.com/:personal:/bannister/BannisterTools/obj/x64/Debug/net8.0-android/android/bin/classes/crc6477f0d89a9cfd64b1/ViewCellRenderer_ViewCellContainer.class' (3,217)
2026-09-28 06:03:27: Copy Over 'C:/rock/bannister/BannisterTools/obj/x64/Debug/net8.0-android/android/bin/classes/crc6477f0d89a9cfd64b1/TimePickerRendererBase_1.class' -> 'goodrive://www.googleapis.com/:personal:/bannister/BannisterTools/obj/x64/Debug/net8.0-android/android/bin/classes/crc6477f0d89a9cfd64b1/TimePickerRendererBase_1.class' (2,566)
2026-09-28 06:03:28: Copy Over 'C:/rock/bannister/BannisterTools/obj/x64/Debug/net8.0-android/android/bin/classes/crc6477f0d89a9cfd64b1/ViewCellRenderer_ViewCellContainer_LongPressGestureListener.class' -> 'goodrive://www.googleapis.com/:personal:/bannister/BannisterTools/obj/x64/Debug/net8.0-android/android/bin/classes/crc6477f0d89a9cfd64b1/ViewCellRenderer_ViewCellContainer_LongPressGestureListener.class' (3,573)
2026-09-28 06:03:29: Copy Over 'C:/rock/bannister/BannisterTools/obj/x64/Debug/net8.0-android/android/bin/classes/crc6477f0d89a9cfd64b1/ViewCellRenderer_ViewCellContainer_TapGestureListener.class' -> 'goodrive://www.googleapis.com/:personal:/bannister/BannisterTools/obj/x64/Debug/net8.0-android/android/bin/classes/crc6477f0d89a9cfd64b1/ViewCellRenderer_ViewCellContainer_TapGestureListener.class' (3,555)
2026-09-28 06:03:30: Copy Over 'C:/rock/bannister/BannisterTools/obj/x64/Debug/net8.0-android/android/bin/classes/crc6477f0d89a9cfd64b1/ViewRenderer.class' -> 'goodrive://www.googleapis.com/:personal:/bannister/BannisterTools/obj/x64/Debug/net8.0-android/android/bin/classes/crc6477f0d89a9cfd64b1/ViewRenderer.class' (2,043)
2026-09-28 06:03:31: Copy Over 'C:/rock/bannister/BannisterTools/obj/x64/Debug/net8.0-android/android/bin/classes/crc6477f0d89a9cfd64b1/ViewRenderer_2.class' -> 'goodrive://www.googleapis.com/:personal:/bannister/BannisterTools/obj/x64/Debug/net8.0-android/android/bin/classes/crc6477f0d89a9cfd64b1/ViewRenderer_2.class' (2,665)
2026-09-28 06:03:32: Copy Over 'C:/rock/bannister/BannisterTools/obj/x64/Debug/net8.0-android/android/bin/classes/crc6477f0d89a9cfd64b1/VisualElementRenderer_1.class' -> 'goodrive://www.googleapis.com/:personal:/bannister/BannisterTools/obj/x64/Debug/net8.0-android/android/bin/classes/crc6477f0d89a9cfd64b1/VisualElementRenderer_1.class' (3,176)
2026-09-28 06:03:33: Copy Over 'C:/rock/bannister/BannisterTools/obj/x64/Debug/net8.0-android/android/bin/classes/crc6477f0d89a9cfd64b1/VisualElementTracker_AttachTracker.class' -> 'goodrive://www.googleapis.com/:personal:/bannister/BannisterTools/obj/x64/Debug/net8.0-android/android/bin/classes/crc6477f0d89a9cfd64b1/VisualElementTracker_AttachTracker.class' (2,143)
2026-09-28 06:03:34: Copy Over 'C:/rock/bannister/BannisterTools/obj/x64/Debug/net8.0-android/android/bin/classes/crc6477f0d89a9cfd64b1/WebViewRenderer.class' -> 'goodrive://www.googleapis.com/:personal:/bannister/BannisterTools/obj/x64/Debug/net8.0-android/android/bin/classes/crc6477f0d89a9cfd64b1/WebViewRenderer.class' (2,052)
2026-09-28 06:03:36: Copy Over 'C:/rock/bannister/BannisterTools/obj/x64/Debug/net8.0-android/android/bin/classes/crc6477f0d89a9cfd64b1/WebViewRenderer_JavascriptResult.class' -> 'goodrive://www.googleapis.com/:personal:/bannister/BannisterTools/obj/x64/Debug/net8.0-android/android/bin/classes/crc6477f0d89a9cfd64b1/WebViewRenderer_JavascriptResult.class' (1,608)
2026-09-28 06:03:37: Copy Over 'C:/rock/bannister/BannisterTools/obj/x64/Debug/net8.0-android/android/bin/classes/crc648afdc667cfb0dccb/ButtonRenderer.class' -> 'goodrive://www.googleapis.com/:personal:/bannister/BannisterTools/obj/x64/Debug/net8.0-android/android/bin/classes/crc648afdc667cfb0dccb/ButtonRenderer.class' (3,843)
2026-09-28 06:03:39: Copy Over 'C:/rock/bannister/BannisterTools/obj/x64/Debug/net8.0-android/android/bin/classes/crc6493855b22b6fa0721/TextToSpeechInternalImplementation.class' -> 'goodrive://www.googleapis.com/:personal:/bannister/BannisterTools/obj/x64/Debug/net8.0-android/android/bin/classes/crc6493855b22b6fa0721/TextToSpeechInternalImplementation.class' (2,108)
2026-09-28 06:03:39: Copy Over 'C:/rock/bannister/BannisterTools/obj/x64/Debug/net8.0-android/android/bin/classes/crc648afdc667cfb0dccb/CarouselPageRenderer.class' -> 'goodrive://www.googleapis.com/:personal:/bannister/BannisterTools/obj/x64/Debug/net8.0-android/android/bin/classes/crc648afdc667cfb0dccb/CarouselPageRenderer.class' (3,525)
2026-09-28 06:03:40: Copy Over 'C:/rock/bannister/BannisterTools/obj/x64/Debug/net8.0-android/android/bin/classes/crc648afdc667cfb0dccb/FormsFragmentPagerAdapter_1.class' -> 'goodrive://www.googleapis.com/:personal:/bannister/BannisterTools/obj/x64/Debug/net8.0-android/android/bin/classes/crc648afdc667cfb0dccb/FormsFragmentPagerAdapter_1.class' (2,965)
2026-09-28 06:03:42: Copy Over 'C:/rock/bannister/BannisterTools/obj/x64/Debug/net8.0-android/android/bin/classes/crc648afdc667cfb0dccb/FormsViewPager.class' -> 'goodrive://www.googleapis.com/:personal:/bannister/BannisterTools/obj/x64/Debug/net8.0-android/android/bin/classes/crc648afdc667cfb0dccb/FormsViewPager.class' (1,681)
2026-09-28 06:03:42: Copy Over 'C:/rock/bannister/BannisterTools/obj/x64/Debug/net8.0-android/android/bin/classes/crc648afdc667cfb0dccb/FragmentContainer.class' -> 'goodrive://www.googleapis.com/:personal:/bannister/BannisterTools/obj/x64/Debug/net8.0-android/android/bin/classes/crc648afdc667cfb0dccb/FragmentContainer.class' (2,456)
2026-09-28 06:03:43: Copy Over 'C:/rock/bannister/BannisterTools/obj/x64/Debug/net8.0-android/android/bin/classes/crc648afdc667cfb0dccb/FrameRenderer.class' -> 'goodrive://www.googleapis.com/:personal:/bannister/BannisterTools/obj/x64/Debug/net8.0-android/android/bin/classes/crc648afdc667cfb0dccb/FrameRenderer.class' (2,055)
2026-09-28 06:03:44: Copy Over 'C:/rock/bannister/BannisterTools/obj/x64/Debug/net8.0-android/android/bin/classes/crc648afdc667cfb0dccb/NavigationPageRenderer_ClickListener.class' -> 'goodrive://www.googleapis.com/:personal:/bannister/BannisterTools/obj/x64/Debug/net8.0-android/android/bin/classes/crc648afdc667cfb0dccb/NavigationPageRenderer_ClickListener.class' (1,712)
2026-09-28 06:03:45: Copy Over 'C:/rock/bannister/BannisterTools/obj/x64/Debug/net8.0-android/android/bin/classes/crc648afdc667cfb0dccb/NavigationPageRenderer.class' -> 'goodrive://www.googleapis.com/:personal:/bannister/BannisterTools/obj/x64/Debug/net8.0-android/android/bin/classes/crc648afdc667cfb0dccb/NavigationPageRenderer.class' (2,987)
2026-09-28 06:03:46: Copy Over 'C:/rock/bannister/BannisterTools/obj/x64/Debug/net8.0-android/android/bin/classes/crc648afdc667cfb0dccb/NavigationPageRenderer_Container.class' -> 'goodrive://www.googleapis.com/:personal:/bannister/BannisterTools/obj/x64/Debug/net8.0-android/android/bin/classes/crc648afdc667cfb0dccb/NavigationPageRenderer_Container.class' (2,751)
2026-09-28 06:03:48: Copy Over 'C:/rock/bannister/BannisterTools/obj/x64/Debug/net8.0-android/android/bin/classes/crc648afdc667cfb0dccb/NavigationPageRenderer_DrawerMultiplexedListener.class' -> 'goodrive://www.googleapis.com/:personal:/bannister/BannisterTools/obj/x64/Debug/net8.0-android/android/bin/classes/crc648afdc667cfb0dccb/NavigationPageRenderer_DrawerMultiplexedListener.class' (2,675)
2026-09-28 06:03:48: Copy Over 'C:/rock/bannister/BannisterTools/obj/x64/Debug/net8.0-android/android/bin/classes/crc648afdc667cfb0dccb/PickerRenderer.class' -> 'goodrive://www.googleapis.com/:personal:/bannister/BannisterTools/obj/x64/Debug/net8.0-android/android/bin/classes/crc648afdc667cfb0dccb/PickerRenderer.class' (2,065)
2026-09-28 06:03:50: Copy Over 'C:/rock/bannister/BannisterTools/obj/x64/Debug/net8.0-android/android/bin/classes/crc648afdc667cfb0dccb/PickerRendererBase_1.class' -> 'goodrive://www.googleapis.com/:personal:/bannister/BannisterTools/obj/x64/Debug/net8.0-android/android/bin/classes/crc648afdc667cfb0dccb/PickerRendererBase_1.class' (2,077)
2026-09-28 06:03:50: Copy Over 'C:/rock/bannister/BannisterTools/obj/x64/Debug/net8.0-android/android/bin/classes/crc648afdc667cfb0dccb/SwitchRenderer.class' -> 'goodrive://www.googleapis.com/:personal:/bannister/BannisterTools/obj/x64/Debug/net8.0-android/android/bin/classes/crc648afdc667cfb0dccb/SwitchRenderer.class' (2,603)
2026-09-28 06:03:51: Copy Over 'C:/rock/bannister/BannisterTools/obj/x64/Debug/net8.0-android/android/bin/classes/crc648afdc667cfb0dccb/TabbedPageRenderer.class' -> 'goodrive://www.googleapis.com/:personal:/bannister/BannisterTools/obj/x64/Debug/net8.0-android/android/bin/classes/crc648afdc667cfb0dccb/TabbedPageRenderer.class' (5,403)
2026-09-28 06:03:54: Copy Over 'C:/rock/bannister/BannisterTools/obj/x64/Debug/net8.0-android/android/bin/classes/crc648afdc667cfb0dccb/ViewRenderer_2.class' -> 'goodrive://www.googleapis.com/:personal:/bannister/BannisterTools/obj/x64/Debug/net8.0-android/android/bin/classes/crc648afdc667cfb0dccb/ViewRenderer_2.class' (2,059)
2026-09-28 06:03:54: Copy Over 'C:/rock/bannister/BannisterTools/obj/x64/Debug/net8.0-android/android/bin/classes/crc6498c8aa46acc4bbd7/MainActivity.class' -> 'goodrive://www.googleapis.com/:personal:/bannister/BannisterTools/obj/x64/Debug/net8.0-android/android/bin/classes/crc6498c8aa46acc4bbd7/MainActivity.class' (1,431)
2026-09-28 06:03:55: Copy Over 'C:/rock/bannister/BannisterTools/obj/x64/Debug/net8.0-android/android/bin/classes/crc649ff77a65592e7d55/TabbedPageManager_Listeners.class' -> 'goodrive://www.googleapis.com/:personal:/bannister/BannisterTools/obj/x64/Debug/net8.0-android/android/bin/classes/crc649ff77a65592e7d55/TabbedPageManager_Listeners.class' (4,023)
2026-09-28 06:03:57: Copy Over 'C:/rock/bannister/BannisterTools/obj/x64/Debug/net8.0-android/android/bin/classes/crc6498c8aa46acc4bbd7/MainApplication.class' -> 'goodrive://www.googleapis.com/:personal:/bannister/BannisterTools/obj/x64/Debug/net8.0-android/android/bin/classes/crc6498c8aa46acc4bbd7/MainApplication.class' (881)
2026-09-28 06:03:58: Copy Over 'C:/rock/bannister/BannisterTools/obj/x64/Debug/net8.0-android/android/bin/classes/crc649ff77a65592e7d55/TabbedPageManager_TempView.class' -> 'goodrive://www.googleapis.com/:personal:/bannister/BannisterTools/obj/x64/Debug/net8.0-android/android/bin/classes/crc649ff77a65592e7d55/TabbedPageManager_TempView.class' (2,388)
2026-09-28 06:04:00: Copy Over 'C:/rock/bannister/BannisterTools/obj/x64/Debug/net8.0-android/android/bin/classes/crc64a096dc44ad241142/PlatformTicker_DurationScaleListener.class' -> 'goodrive://www.googleapis.com/:personal:/bannister/BannisterTools/obj/x64/Debug/net8.0-android/android/bin/classes/crc64a096dc44ad241142/PlatformTicker_DurationScaleListener.class' (1,681)
2026-09-28 06:04:01: Copy Over 'C:/rock/bannister/BannisterTools/obj/x64/Debug/net8.0-android/android/bin/classes/crc64a25b61d9f8ee364f/FloatArrayEvaluator.class' -> 'goodrive://www.googleapis.com/:personal:/bannister/BannisterTools/obj/x64/Debug/net8.0-android/android/bin/classes/crc64a25b61d9f8ee364f/FloatArrayEvaluator.class' (1,620)
2026-09-28 06:04:01: Copy Over 'C:/rock/bannister/BannisterTools/obj/x64/Debug/net8.0-android/android/bin/classes/crc64a25b61d9f8ee364f/RectEvaluator.class' -> 'goodrive://www.googleapis.com/:personal:/bannister/BannisterTools/obj/x64/Debug/net8.0-android/android/bin/classes/crc64a25b61d9f8ee364f/RectEvaluator.class' (1,602)
2026-09-28 06:04:04: Copy Over 'C:/rock/bannister/BannisterTools/obj/x64/Debug/net8.0-android/android/bin/classes/crc64a25b61d9f8ee364f/TransitionUtils.class' -> 'goodrive://www.googleapis.com/:personal:/bannister/BannisterTools/obj/x64/Debug/net8.0-android/android/bin/classes/crc64a25b61d9f8ee364f/TransitionUtils.class' (1,180)
2026-09-28 06:04:04: Copy Over 'C:/rock/bannister/BannisterTools/obj/x64/Debug/net8.0-android/android/bin/classes/crc64a25b61d9f8ee364f/TransitionUtils_MatrixEvaluator.class' -> 'goodrive://www.googleapis.com/:personal:/bannister/BannisterTools/obj/x64/Debug/net8.0-android/android/bin/classes/crc64a25b61d9f8ee364f/TransitionUtils_MatrixEvaluator.class' (1,656)
2026-09-28 06:04:06: Copy Over 'C:/rock/bannister/BannisterTools/obj/x64/Debug/net8.0-android/android/bin/classes/crc64b5e713d400f589b7/LinearGradientShaderFactory.class' -> 'goodrive://www.googleapis.com/:personal:/bannister/BannisterTools/obj/x64/Debug/net8.0-android/android/bin/classes/crc64b5e713d400f589b7/LinearGradientShaderFactory.class' (1,537)
2026-09-28 06:04:08: Copy Over 'C:/rock/bannister/BannisterTools/obj/x64/Debug/net8.0-android/android/bin/classes/crc64ba438d8f48cf7e75/ActivityLifecycleContextListener.class' -> 'goodrive://www.googleapis.com/:personal:/bannister/BannisterTools/obj/x64/Debug/net8.0-android/android/bin/classes/crc64ba438d8f48cf7e75/ActivityLifecycleContextListener.class' (8,925)
2026-09-28 06:04:08: Copy Over 'C:/rock/bannister/BannisterTools/obj/x64/Debug/net8.0-android/android/bin/classes/crc64b5e713d400f589b7/MauiDrawable.class' -> 'goodrive://www.googleapis.com/:personal:/bannister/BannisterTools/obj/x64/Debug/net8.0-android/android/bin/classes/crc64b5e713d400f589b7/MauiDrawable.class' (2,262)
2026-09-28 06:04:09: Copy Over 'C:/rock/bannister/BannisterTools/obj/x64/Debug/net8.0-android/android/bin/classes/crc64ba438d8f48cf7e75/IntermediateActivity.class' -> 'goodrive://www.googleapis.com/:personal:/bannister/BannisterTools/obj/x64/Debug/net8.0-android/android/bin/classes/crc64ba438d8f48cf7e75/IntermediateActivity.class' (1,874)
2026-09-28 06:04:12: Copy Over 'C:/rock/bannister/BannisterTools/obj/x64/Debug/net8.0-android/android/bin/classes/crc64b5e713d400f589b7/RadialGradientShaderFactory.class' -> 'goodrive://www.googleapis.com/:personal:/bannister/BannisterTools/obj/x64/Debug/net8.0-android/android/bin/classes/crc64b5e713d400f589b7/RadialGradientShaderFactory.class' (1,537)
2026-09-28 06:04:12: Copy Over 'C:/rock/bannister/BannisterTools/obj/x64/Debug/net8.0-android/android/bin/classes/crc64e1fb321c08285b90/BaseCellView.class' -> 'goodrive://www.googleapis.com/:personal:/bannister/BannisterTools/obj/x64/Debug/net8.0-android/android/bin/classes/crc64e1fb321c08285b90/BaseCellView.class' (2,370)
2026-09-28 06:04:13: Copy Over 'C:/rock/bannister/BannisterTools/obj/x64/Debug/net8.0-android/android/bin/classes/crc64e53d2f592022988e/ConnectivityBroadcastReceiver.class' -> 'goodrive://www.googleapis.com/:personal:/bannister/BannisterTools/obj/x64/Debug/net8.0-android/android/bin/classes/crc64e53d2f592022988e/ConnectivityBroadcastReceiver.class' (1,553)
2026-09-28 06:04:15: Copy Over 'C:/rock/bannister/BannisterTools/obj/x64/Debug/net8.0-android/android/bin/classes/crc64e1fb321c08285b90/CellAdapter.class' -> 'goodrive://www.googleapis.com/:personal:/bannister/BannisterTools/obj/x64/Debug/net8.0-android/android/bin/classes/crc64e1fb321c08285b90/CellAdapter.class' (5,645)
2026-09-28 06:04:16: Copy Over 'C:/rock/bannister/BannisterTools/obj/x64/Debug/net8.0-android/android/bin/classes/crc64e53d2f592022988e/ConnectivityImplementation_EssentialsNetworkCallback.class' -> 'goodrive://www.googleapis.com/:personal:/bannister/BannisterTools/obj/x64/Debug/net8.0-android/android/bin/classes/crc64e53d2f592022988e/ConnectivityImplementation_EssentialsNetworkCallback.class' (3,060)
2026-09-28 06:04:16: Copy Over 'C:/rock/bannister/BannisterTools/obj/x64/Debug/net8.0-android/android/bin/classes/crc64e1fb321c08285b90/CellRenderer_RendererHolder.class' -> 'goodrive://www.googleapis.com/:personal:/bannister/BannisterTools/obj/x64/Debug/net8.0-android/android/bin/classes/crc64e1fb321c08285b90/CellRenderer_RendererHolder.class' (1,238)
2026-09-28 06:04:18: Copy Over 'C:/rock/bannister/BannisterTools/obj/x64/Debug/net8.0-android/android/bin/classes/crc64e1fb321c08285b90/ConditionalFocusLayout.class' -> 'goodrive://www.googleapis.com/:personal:/bannister/BannisterTools/obj/x64/Debug/net8.0-android/android/bin/classes/crc64e1fb321c08285b90/ConditionalFocusLayout.class' (2,884)
2026-09-28 06:04:19: Copy Over 'C:/rock/bannister/BannisterTools/obj/x64/Debug/net8.0-android/android/bin/classes/crc64e1fb321c08285b90/EntryCellEditText.class' -> 'goodrive://www.googleapis.com/:personal:/bannister/BannisterTools/obj/x64/Debug/net8.0-android/android/bin/classes/crc64e1fb321c08285b90/EntryCellEditText.class' (2,487)
2026-09-28 06:04:19: Copy Over 'C:/rock/bannister/BannisterTools/obj/x64/Debug/net8.0-android/android/bin/classes/crc64e1fb321c08285b90/EntryCellView.class' -> 'goodrive://www.googleapis.com/:personal:/bannister/BannisterTools/obj/x64/Debug/net8.0-android/android/bin/classes/crc64e1fb321c08285b90/EntryCellView.class' (4,424)
2026-09-28 06:04:21: Copy Over 'C:/rock/bannister/BannisterTools/obj/x64/Debug/net8.0-android/android/bin/classes/crc64e1fb321c08285b90/FrameRenderer.class' -> 'goodrive://www.googleapis.com/:personal:/bannister/BannisterTools/obj/x64/Debug/net8.0-android/android/bin/classes/crc64e1fb321c08285b90/FrameRenderer.class' (2,893)
2026-09-28 06:04:22: Copy Over 'C:/rock/bannister/BannisterTools/obj/x64/Debug/net8.0-android/android/bin/classes/crc64e1fb321c08285b90/ListViewAdapter.class' -> 'goodrive://www.googleapis.com/:personal:/bannister/BannisterTools/obj/x64/Debug/net8.0-android/android/bin/classes/crc64e1fb321c08285b90/ListViewAdapter.class' (2,906)
2026-09-28 06:04:23: Copy Over 'C:/rock/bannister/BannisterTools/obj/x64/Debug/net8.0-android/android/bin/classes/crc64e1fb321c08285b90/GroupedListViewAdapter.class' -> 'goodrive://www.googleapis.com/:personal:/bannister/BannisterTools/obj/x64/Debug/net8.0-android/android/bin/classes/crc64e1fb321c08285b90/GroupedListViewAdapter.class' (2,364)
2026-09-28 06:04:24: Copy Over 'C:/rock/bannister/BannisterTools/obj/x64/Debug/net8.0-android/android/bin/classes/crc64e1fb321c08285b90/ListViewRenderer.class' -> 'goodrive://www.googleapis.com/:personal:/bannister/BannisterTools/obj/x64/Debug/net8.0-android/android/bin/classes/crc64e1fb321c08285b90/ListViewRenderer.class' (2,877)
2026-09-28 06:04:25: Copy Over 'C:/rock/bannister/BannisterTools/obj/x64/Debug/net8.0-android/android/bin/classes/crc64e1fb321c08285b90/ListViewRenderer_Container.class' -> 'goodrive://www.googleapis.com/:personal:/bannister/BannisterTools/obj/x64/Debug/net8.0-android/android/bin/classes/crc64e1fb321c08285b90/ListViewRenderer_Container.class' (2,701)
2026-09-28 06:04:25: Copy Over 'C:/rock/bannister/BannisterTools/obj/x64/Debug/net8.0-android/android/bin/classes/crc64e1fb321c08285b90/ListViewRenderer_ListViewScrollDetector.class' -> 'goodrive://www.googleapis.com/:personal:/bannister/BannisterTools/obj/x64/Debug/net8.0-android/android/bin/classes/crc64e1fb321c08285b90/ListViewRenderer_ListViewScrollDetector.class' (2,435)
2026-09-28 06:04:26: Copy Over 'C:/rock/bannister/BannisterTools/obj/x64/Debug/net8.0-android/android/bin/classes/crc64e1fb321c08285b90/ListViewRenderer_ListViewSwipeRefreshLayoutListener.class' -> 'goodrive://www.googleapis.com/:personal:/bannister/BannisterTools/obj/x64/Debug/net8.0-android/android/bin/classes/crc64e1fb321c08285b90/ListViewRenderer_ListViewSwipeRefreshLayoutListener.class' (2,034)
2026-09-28 06:04:28: Copy Over 'C:/rock/bannister/BannisterTools/obj/x64/Debug/net8.0-android/android/bin/classes/crc64e1fb321c08285b90/ListViewRenderer_SwipeRefreshLayoutWithFixedNestedScrolling.class' -> 'goodrive://www.googleapis.com/:personal:/bannister/BannisterTools/obj/x64/Debug/net8.0-android/android/bin/classes/crc64e1fb321c08285b90/ListViewRenderer_SwipeRefreshLayoutWithFixedNestedScrolling.class' (2,823)
2026-09-28 06:04:28: Copy Over 'C:/rock/bannister/BannisterTools/obj/x64/Debug/net8.0-android/android/bin/classes/crc64e1fb321c08285b90/SwitchCellView.class' -> 'goodrive://www.googleapis.com/:personal:/bannister/BannisterTools/obj/x64/Debug/net8.0-android/android/bin/classes/crc64e1fb321c08285b90/SwitchCellView.class' (2,927)
2026-09-28 06:04:30: Copy Over 'C:/rock/bannister/BannisterTools/obj/x64/Debug/net8.0-android/android/bin/classes/crc64e1fb321c08285b90/TableViewModelRenderer.class' -> 'goodrive://www.googleapis.com/:personal:/bannister/BannisterTools/obj/x64/Debug/net8.0-android/android/bin/classes/crc64e1fb321c08285b90/TableViewModelRenderer.class' (2,792)
2026-09-28 06:04:31: Copy Over 'C:/rock/bannister/BannisterTools/obj/x64/Debug/net8.0-android/android/bin/classes/crc64e1fb321c08285b90/TableViewRenderer.class' -> 'goodrive://www.googleapis.com/:personal:/bannister/BannisterTools/obj/x64/Debug/net8.0-android/android/bin/classes/crc64e1fb321c08285b90/TableViewRenderer.class' (2,699)
2026-09-28 06:04:31: Copy Over 'C:/rock/bannister/BannisterTools/obj/x64/Debug/net8.0-android/android/bin/classes/crc64e1fb321c08285b90/TextCellRenderer_TextCellView.class' -> 'goodrive://www.googleapis.com/:personal:/bannister/BannisterTools/obj/x64/Debug/net8.0-android/android/bin/classes/crc64e1fb321c08285b90/TextCellRenderer_TextCellView.class' (2,428)
2026-09-28 06:04:33: Copy Over 'C:/rock/bannister/BannisterTools/obj/x64/Debug/net8.0-android/android/bin/classes/crc64e1fb321c08285b90/ViewCellRenderer_ViewCellContainer.class' -> 'goodrive://www.googleapis.com/:personal:/bannister/BannisterTools/obj/x64/Debug/net8.0-android/android/bin/classes/crc64e1fb321c08285b90/ViewCellRenderer_ViewCellContainer.class' (3,379)
2026-09-28 06:04:34: Copy Over 'C:/rock/bannister/BannisterTools/obj/x64/Debug/net8.0-android/android/bin/classes/crc64e1fb321c08285b90/ViewCellRenderer_ViewCellContainer_LongPressGestureListener.class' -> 'goodrive://www.googleapis.com/:personal:/bannister/BannisterTools/obj/x64/Debug/net8.0-android/android/bin/classes/crc64e1fb321c08285b90/ViewCellRenderer_ViewCellContainer_LongPressGestureListener.class' (3,551)
2026-09-28 06:04:34: Copy Over 'C:/rock/bannister/BannisterTools/obj/x64/Debug/net8.0-android/android/bin/classes/crc64e1fb321c08285b90/ViewCellRenderer_ViewCellContainer_TapGestureListener.class' -> 'goodrive://www.googleapis.com/:personal:/bannister/BannisterTools/obj/x64/Debug/net8.0-android/android/bin/classes/crc64e1fb321c08285b90/ViewCellRenderer_ViewCellContainer_TapGestureListener.class' (3,533)
2026-09-28 06:04:35: Copy Over 'C:/rock/bannister/BannisterTools/obj/x64/Debug/net8.0-android/android/bin/classes/crc64e1fb321c08285b90/ViewRenderer.class' -> 'goodrive://www.googleapis.com/:personal:/bannister/BannisterTools/obj/x64/Debug/net8.0-android/android/bin/classes/crc64e1fb321c08285b90/ViewRenderer.class' (2,379)
2026-09-28 06:04:36: Copy Over 'C:/rock/bannister/BannisterTools/obj/x64/Debug/net8.0-android/android/bin/classes/crc64e1fb321c08285b90/ViewRenderer_2.class' -> 'goodrive://www.googleapis.com/:personal:/bannister/BannisterTools/obj/x64/Debug/net8.0-android/android/bin/classes/crc64e1fb321c08285b90/ViewRenderer_2.class' (2,394)
2026-09-28 06:04:37: Copy Over 'C:/rock/bannister/BannisterTools/obj/x64/Debug/net8.0-android/android/bin/classes/crc64e1fb321c08285b90/VisualElementRenderer_1.class' -> 'goodrive://www.googleapis.com/:personal:/bannister/BannisterTools/obj/x64/Debug/net8.0-android/android/bin/classes/crc64e1fb321c08285b90/VisualElementRenderer_1.class' (2,692)
2026-09-28 06:04:40: Copy Over 'C:/rock/bannister/BannisterTools/obj/x64/Debug/net8.0-android/android/bin/classes/crc64f62664462a8937a9/AccelerometerListener.class' -> 'goodrive://www.googleapis.com/:personal:/bannister/BannisterTools/obj/x64/Debug/net8.0-android/android/bin/classes/crc64f62664462a8937a9/AccelerometerListener.class' (1,979)
2026-09-28 06:04:40: Copy Over 'C:/rock/bannister/BannisterTools/obj/x64/Debug/net8.0-android/android/bin/classes/crc64f728827fec74e9c3/TapWindowTracker_GestureListener.class' -> 'goodrive://www.googleapis.com/:personal:/bannister/BannisterTools/obj/x64/Debug/net8.0-android/android/bin/classes/crc64f728827fec74e9c3/TapWindowTracker_GestureListener.class' (3,634)
2026-09-28 06:04:41: Copy Over 'C:/rock/bannister/BannisterTools/obj/x64/Debug/net8.0-android/android/bin/classes/crc64f728827fec74e9c3/Toolbar_Container.class' -> 'goodrive://www.googleapis.com/:personal:/bannister/BannisterTools/obj/x64/Debug/net8.0-android/android/bin/classes/crc64f728827fec74e9c3/Toolbar_Container.class' (2,651)
2026-09-28 06:04:42: Copy Over 'C:/rock/bannister/BannisterTools/obj/x64/Debug/net8.0-android/android/bin/classes/crc64f62664462a8937a9/BarometerListener.class' -> 'goodrive://www.googleapis.com/:personal:/bannister/BannisterTools/obj/x64/Debug/net8.0-android/android/bin/classes/crc64f62664462a8937a9/BarometerListener.class' (1,967)
2026-09-28 06:04:43: Copy Over 'C:/rock/bannister/BannisterTools/obj/x64/Debug/net8.0-android/android/bin/classes/crc64f62664462a8937a9/ContinuousLocationListener.class' -> 'goodrive://www.googleapis.com/:personal:/bannister/BannisterTools/obj/x64/Debug/net8.0-android/android/bin/classes/crc64f62664462a8937a9/ContinuousLocationListener.class' (2,928)
2026-09-28 06:04:44: Copy Over 'C:/rock/bannister/BannisterTools/obj/x64/Debug/net8.0-android/android/bin/classes/crc64f62664462a8937a9/GyroscopeListener.class' -> 'goodrive://www.googleapis.com/:personal:/bannister/BannisterTools/obj/x64/Debug/net8.0-android/android/bin/classes/crc64f62664462a8937a9/GyroscopeListener.class' (1,967)
2026-09-28 06:04:45: Copy Over 'C:/rock/bannister/BannisterTools/obj/x64/Debug/net8.0-android/android/bin/classes/crc64f62664462a8937a9/MagnetometerListener.class' -> 'goodrive://www.googleapis.com/:personal:/bannister/BannisterTools/obj/x64/Debug/net8.0-android/android/bin/classes/crc64f62664462a8937a9/MagnetometerListener.class' (1,976)
2026-09-28 06:04:46: Copy Over 'C:/rock/bannister/BannisterTools/obj/x64/Debug/net8.0-android/android/bin/classes/crc64f62664462a8937a9/OrientationSensorListener.class' -> 'goodrive://www.googleapis.com/:personal:/bannister/BannisterTools/obj/x64/Debug/net8.0-android/android/bin/classes/crc64f62664462a8937a9/OrientationSensorListener.class' (1,991)
2026-09-28 06:04:46: Copy Over 'C:/rock/bannister/BannisterTools/obj/x64/Debug/net8.0-android/android/bin/classes/crc64f62664462a8937a9/SensorListener.class' -> 'goodrive://www.googleapis.com/:personal:/bannister/BannisterTools/obj/x64/Debug/net8.0-android/android/bin/classes/crc64f62664462a8937a9/SensorListener.class' (1,958)
2026-09-28 06:04:50: Copy Over 'C:/rock/bannister/BannisterTools/obj/x64/Debug/net8.0-android/android/bin/classes/crc64f62664462a8937a9/SingleLocationListener.class' -> 'goodrive://www.googleapis.com/:personal:/bannister/BannisterTools/obj/x64/Debug/net8.0-android/android/bin/classes/crc64f62664462a8937a9/SingleLocationListener.class' (2,916)
2026-09-28 06:04:50: Copy Over 'C:/rock/bannister/BannisterTools/obj/x64/Debug/net8.0-android/android/bin/classes/crc64fcf28c0e24b4cc31/ButtonHandler_ButtonClickListener.class' -> 'goodrive://www.googleapis.com/:personal:/bannister/BannisterTools/obj/x64/Debug/net8.0-android/android/bin/classes/crc64fcf28c0e24b4cc31/ButtonHandler_ButtonClickListener.class' (1,639)
2026-09-28 06:04:51: Copy Over 'C:/rock/bannister/BannisterTools/obj/x64/Debug/net8.0-android/android/bin/classes/crc64fcf28c0e24b4cc31/ButtonHandler_ButtonTouchListener.class' -> 'goodrive://www.googleapis.com/:personal:/bannister/BannisterTools/obj/x64/Debug/net8.0-android/android/bin/classes/crc64fcf28c0e24b4cc31/ButtonHandler_ButtonTouchListener.class' (1,714)
2026-09-28 06:04:56: Copy Over 'C:/rock/bannister/BannisterTools/obj/x64/Debug/net8.0-android/android/bin/classes/microsoft/maui/essentials/fileProvider.class' -> 'goodrive://www.googleapis.com/:personal:/bannister/BannisterTools/obj/x64/Debug/net8.0-android/android/bin/classes/microsoft/maui/essentials/fileProvider.class' (1,445)
2026-09-28 06:04:57: Copy Over 'C:/rock/bannister/BannisterTools/obj/x64/Debug/net8.0-android/android/bin/classes/microsoft/maui/platform/MauiNavHostFragment.class' -> 'goodrive://www.googleapis.com/:personal:/bannister/BannisterTools/obj/x64/Debug/net8.0-android/android/bin/classes/microsoft/maui/platform/MauiNavHostFragment.class' (1,234)
2026-09-28 06:04:57: Copy Over 'C:/rock/bannister/BannisterTools/obj/x64/Debug/net8.0-android/android/bin/classes/crc64fcf28c0e24b4cc31/SearchBarHandler_FocusChangeListener.class' -> 'goodrive://www.googleapis.com/:personal:/bannister/BannisterTools/obj/x64/Debug/net8.0-android/android/bin/classes/crc64fcf28c0e24b4cc31/SearchBarHandler_FocusChangeListener.class' (1,694)
2026-09-28 06:04:59: Copy Over 'C:/rock/bannister/BannisterTools/obj/x64/Debug/net8.0-android/android/bin/classes/crc64fcf28c0e24b4cc31/SliderHandler_SeekBarChangeListener.class' -> 'goodrive://www.googleapis.com/:personal:/bannister/BannisterTools/obj/x64/Debug/net8.0-android/android/bin/classes/crc64fcf28c0e24b4cc31/SliderHandler_SeekBarChangeListener.class' (2,462)
2026-09-28 06:04:59: > Copy Over 'C:/rock/bannister/BannisterTools/obj/x64/Debug/net8.0-android/android/bin/classes.zip' -> 'goodrive://www.googleapis.com/:personal:/bannister/BannisterTools/obj/x64/Debug/net8.0-android/android/bin/classes.zip' (2,884,990)
2026-09-28 06:05:00: Copy Over 'C:/rock/bannister/BannisterTools/obj/x64/Debug/net8.0-android/android/bin/classes/crc64fcf28c0e24b4cc31/SwitchHandler_CheckedChangeListener.class' -> 'goodrive://www.googleapis.com/:personal:/bannister/BannisterTools/obj/x64/Debug/net8.0-android/android/bin/classes/crc64fcf28c0e24b4cc31/SwitchHandler_CheckedChangeListener.class' (1,780)
2026-09-28 06:05:00: Copy Over 'C:/rock/bannister/BannisterTools/obj/x64/Debug/net8.0-android/android/bin/classes/crc64fcf28c0e24b4cc31/ToolbarHandler_ProcessBackClick.class' -> 'goodrive://www.googleapis.com/:personal:/bannister/BannisterTools/obj/x64/Debug/net8.0-android/android/bin/classes/crc64fcf28c0e24b4cc31/ToolbarHandler_ProcessBackClick.class' (1,633)
2026-09-28 06:05:08: Copy Over 'C:/rock/bannister/BannisterTools/obj/x64/Debug/net8.0-android/android/bin/classes/mono/android/app/ApplicationRegistration.class' -> 'goodrive://www.googleapis.com/:personal:/bannister/BannisterTools/obj/x64/Debug/net8.0-android/android/bin/classes/mono/android/app/ApplicationRegistration.class' (784)
2026-09-28 06:05:08: < Copy Over 'C:/rock/bannister/BannisterTools/obj/x64/Debug/net8.0-android/android/bin/classes.zip' -> 'goodrive://www.googleapis.com/:personal:/bannister/BannisterTools/obj/x64/Debug/net8.0-android/android/bin/classes.zip' (2,884,990)
2026-09-28 06:05:09: Copy Over 'C:/rock/bannister/BannisterTools/obj/x64/Debug/net8.0-android/android/bin/classes/mono/androidx/activity/contextaware/OnContextAvailableListenerImplementor.class' -> 'goodrive://www.googleapis.com/:personal:/bannister/BannisterTools/obj/x64/Debug/net8.0-android/android/bin/classes/mono/androidx/activity/contextaware/OnContextAvailableListenerImplementor.class' (1,679)
2026-09-28 06:05:13: Copy Over 'C:/rock/bannister/BannisterTools/obj/x64/Debug/net8.0-android/android/bin/classes/mono/androidx/appcompat/app/ActionBar_OnMenuVisibilityListenerImplementor.class' -> 'goodrive://www.googleapis.com/:personal:/bannister/BannisterTools/obj/x64/Debug/net8.0-android/android/bin/classes/mono/androidx/appcompat/app/ActionBar_OnMenuVisibilityListenerImplementor.class' (1,733)
2026-09-28 06:05:14: Copy Over 'C:/rock/bannister/BannisterTools/obj/x64/Debug/net8.0-android/android/bin/classes/mono/androidx/appcompat/widget/ActionMenuView_OnMenuItemClickListenerImplementor.class' -> 'goodrive://www.googleapis.com/:personal:/bannister/BannisterTools/obj/x64/Debug/net8.0-android/android/bin/classes/mono/androidx/appcompat/widget/ActionMenuView_OnMenuItemClickListenerImplementor.class' (1,802)
2026-09-28 06:05:14: Copy Over 'C:/rock/bannister/BannisterTools/obj/x64/Debug/net8.0-android/android/bin/classes/mono/androidx/appcompat/widget/ContentFrameLayout_OnAttachListenerImplementor.class' -> 'goodrive://www.googleapis.com/:personal:/bannister/BannisterTools/obj/x64/Debug/net8.0-android/android/bin/classes/mono/androidx/appcompat/widget/ContentFrameLayout_OnAttachListenerImplementor.class' (2,000)
2026-09-28 06:05:16: Copy Over 'C:/rock/bannister/BannisterTools/obj/x64/Debug/net8.0-android/android/bin/classes/mono/androidx/appcompat/widget/FitWindowsViewGroup_OnFitSystemWindowsListenerImplementor.class' -> 'goodrive://www.googleapis.com/:personal:/bannister/BannisterTools/obj/x64/Debug/net8.0-android/android/bin/classes/mono/androidx/appcompat/widget/FitWindowsViewGroup_OnFitSystemWindowsListenerImplementor.class' (1,864)
2026-09-28 06:05:16: Copy Over 'C:/rock/bannister/BannisterTools/obj/x64/Debug/net8.0-android/android/bin/classes/mono/androidx/appcompat/widget/MenuItemHoverListenerImplementor.class' -> 'goodrive://www.googleapis.com/:personal:/bannister/BannisterTools/obj/x64/Debug/net8.0-android/android/bin/classes/mono/androidx/appcompat/widget/MenuItemHoverListenerImplementor.class' (2,117)
2026-09-28 06:05:16: Copy Over 'C:/rock/bannister/BannisterTools/obj/x64/Debug/net8.0-android/android/bin/classes/mono/androidx/appcompat/widget/PopupMenu_OnDismissListenerImplementor.class' -> 'goodrive://www.googleapis.com/:personal:/bannister/BannisterTools/obj/x64/Debug/net8.0-android/android/bin/classes/mono/androidx/appcompat/widget/PopupMenu_OnDismissListenerImplementor.class' (1,758)
2026-09-28 06:05:19: Copy Over 'C:/rock/bannister/BannisterTools/obj/x64/Debug/net8.0-android/android/bin/classes/mono/androidx/appcompat/widget/PopupMenu_OnMenuItemClickListenerImplementor.class' -> 'goodrive://www.googleapis.com/:personal:/bannister/BannisterTools/obj/x64/Debug/net8.0-android/android/bin/classes/mono/androidx/appcompat/widget/PopupMenu_OnMenuItemClickListenerImplementor.class' (1,772)
2026-09-28 06:05:19: Copy Over 'C:/rock/bannister/BannisterTools/obj/x64/Debug/net8.0-android/android/bin/classes/mono/androidx/appcompat/widget/SearchView_OnQueryTextListenerImplementor.class' -> 'goodrive://www.googleapis.com/:personal:/bannister/BannisterTools/obj/x64/Debug/net8.0-android/android/bin/classes/mono/androidx/appcompat/widget/SearchView_OnQueryTextListenerImplementor.class' (2,033)
2026-09-28 06:05:19: Copy Over 'C:/rock/bannister/BannisterTools/obj/x64/Debug/net8.0-android/android/bin/classes/mono/androidx/appcompat/widget/SearchView_OnCloseListenerImplementor.class' -> 'goodrive://www.googleapis.com/:personal:/bannister/BannisterTools/obj/x64/Debug/net8.0-android/android/bin/classes/mono/androidx/appcompat/widget/SearchView_OnCloseListenerImplementor.class' (1,627)
2026-09-28 06:05:22: Copy Over 'C:/rock/bannister/BannisterTools/obj/x64/Debug/net8.0-android/android/bin/classes/mono/androidx/appcompat/widget/SearchView_OnSuggestionListenerImplementor.class' -> 'goodrive://www.googleapis.com/:personal:/bannister/BannisterTools/obj/x64/Debug/net8.0-android/android/bin/classes/mono/androidx/appcompat/widget/SearchView_OnSuggestionListenerImplementor.class' (1,959)
2026-09-28 06:05:22: Copy Over 'C:/rock/bannister/BannisterTools/obj/x64/Debug/net8.0-android/android/bin/classes/mono/androidx/appcompat/widget/ShareActionProvider_OnShareTargetSelectedListenerImplementor.class' -> 'goodrive://www.googleapis.com/:personal:/bannister/BannisterTools/obj/x64/Debug/net8.0-android/android/bin/classes/mono/androidx/appcompat/widget/ShareActionProvider_OnShareTargetSelectedListenerImplementor.class' (2,037)
2026-09-28 06:05:22: Copy Over 'C:/rock/bannister/BannisterTools/obj/x64/Debug/net8.0-android/android/bin/classes/mono/androidx/appcompat/widget/Toolbar_OnMenuItemClickListenerImplementor.class' -> 'goodrive://www.googleapis.com/:personal:/bannister/BannisterTools/obj/x64/Debug/net8.0-android/android/bin/classes/mono/androidx/appcompat/widget/Toolbar_OnMenuItemClickListenerImplementor.class' (1,760)
2026-09-28 06:05:25: Copy Over 'C:/rock/bannister/BannisterTools/obj/x64/Debug/net8.0-android/android/bin/classes/mono/androidx/appcompat/app/ActionBar_OnNavigationListenerImplementor.class' -> 'goodrive://www.googleapis.com/:personal:/bannister/BannisterTools/obj/x64/Debug/net8.0-android/android/bin/classes/mono/androidx/appcompat/app/ActionBar_OnNavigationListenerImplementor.class' (1,713)
2026-09-28 06:05:25: Copy Over 'C:/rock/bannister/BannisterTools/obj/x64/Debug/net8.0-android/android/bin/classes/mono/androidx/appcompat/widget/ViewStubCompat_OnInflateListenerImplementor.class' -> 'goodrive://www.googleapis.com/:personal:/bannister/BannisterTools/obj/x64/Debug/net8.0-android/android/bin/classes/mono/androidx/appcompat/widget/ViewStubCompat_OnInflateListenerImplementor.class' (1,861)
2026-09-28 06:05:25: Copy Over 'C:/rock/bannister/BannisterTools/obj/x64/Debug/net8.0-android/android/bin/classes/mono/androidx/appcompat/app/ActionBar_TabListenerImplementor.class' -> 'goodrive://www.googleapis.com/:personal:/bannister/BannisterTools/obj/x64/Debug/net8.0-android/android/bin/classes/mono/androidx/appcompat/app/ActionBar_TabListenerImplementor.class' (2,706)
2026-09-28 06:05:33: Copy Over 'C:/rock/bannister/BannisterTools/obj/x64/Debug/net8.0-android/android/bin/classes/mono/androidx/core/app/SharedElementCallback_OnSharedElementsReadyListenerImplementor.class' -> 'goodrive://www.googleapis.com/:personal:/bannister/BannisterTools/obj/x64/Debug/net8.0-android/android/bin/classes/mono/androidx/core/app/SharedElementCallback_OnSharedElementsReadyListenerImplementor.class' (1,781)
2026-09-28 06:05:33: Copy Over 'C:/rock/bannister/BannisterTools/obj/x64/Debug/net8.0-android/android/bin/classes/mono/androidx/constraintlayout/motion/widget/MotionLayout_TransitionListenerImplementor.class' -> 'goodrive://www.googleapis.com/:personal:/bannister/BannisterTools/obj/x64/Debug/net8.0-android/android/bin/classes/mono/androidx/constraintlayout/motion/widget/MotionLayout_TransitionListenerImplementor.class' (3,355)
2026-09-28 06:05:34: Copy Over 'C:/rock/bannister/BannisterTools/obj/x64/Debug/net8.0-android/android/bin/classes/mono/androidx/core/os/CancellationSignal_OnCancelListenerImplementor.class' -> 'goodrive://www.googleapis.com/:personal:/bannister/BannisterTools/obj/x64/Debug/net8.0-android/android/bin/classes/mono/androidx/core/os/CancellationSignal_OnCancelListenerImplementor.class' (1,628)
2026-09-28 06:05:37: Copy Over 'C:/rock/bannister/BannisterTools/obj/x64/Debug/net8.0-android/android/bin/classes/mono/androidx/core/view/ActionProvider_SubUiVisibilityListenerImplementor.class' -> 'goodrive://www.googleapis.com/:personal:/bannister/BannisterTools/obj/x64/Debug/net8.0-android/android/bin/classes/mono/androidx/core/view/ActionProvider_SubUiVisibilityListenerImplementor.class' (1,731)
2026-09-28 06:05:38: Copy Over 'C:/rock/bannister/BannisterTools/obj/x64/Debug/net8.0-android/android/bin/classes/mono/androidx/core/view/accessibility/AccessibilityManagerCompat_AccessibilityStateChangeListenerImplementor.class' -> 'goodrive://www.googleapis.com/:personal:/bannister/BannisterTools/obj/x64/Debug/net8.0-android/android/bin/classes/mono/androidx/core/view/accessibility/AccessibilityManagerCompat_AccessibilityStateChangeListenerImplementor.class' (1,939)
2026-09-28 06:05:39: Copy Over 'C:/rock/bannister/BannisterTools/obj/x64/Debug/net8.0-android/android/bin/classes/mono/androidx/core/view/accessibility/AccessibilityManagerCompat_TouchExplorationStateChangeListenerImplementor.class' -> 'goodrive://www.googleapis.com/:personal:/bannister/BannisterTools/obj/x64/Debug/net8.0-android/android/bin/classes/mono/androidx/core/view/accessibility/AccessibilityManagerCompat_TouchExplorationStateChangeListenerImplementor.class' (1,969)
2026-09-28 06:05:40: Copy Over 'C:/rock/bannister/BannisterTools/obj/x64/Debug/net8.0-android/android/bin/classes/mono/androidx/core/view/ActionProvider_VisibilityListenerImplementor.class' -> 'goodrive://www.googleapis.com/:personal:/bannister/BannisterTools/obj/x64/Debug/net8.0-android/android/bin/classes/mono/androidx/core/view/ActionProvider_VisibilityListenerImplementor.class' (1,737)
2026-09-28 06:05:42: Copy Over 'C:/rock/bannister/BannisterTools/obj/x64/Debug/net8.0-android/android/bin/classes/mono/androidx/core/view/DragStartHelper_OnDragStartListenerImplementor.class' -> 'goodrive://www.googleapis.com/:personal:/bannister/BannisterTools/obj/x64/Debug/net8.0-android/android/bin/classes/mono/androidx/core/view/DragStartHelper_OnDragStartListenerImplementor.class' (1,820)
2026-09-28 06:05:42: Copy Over 'C:/rock/bannister/BannisterTools/obj/x64/Debug/net8.0-android/android/bin/classes/mono/androidx/core/view/MenuItemCompat_OnActionExpandListenerImplementor.class' -> 'goodrive://www.googleapis.com/:personal:/bannister/BannisterTools/obj/x64/Debug/net8.0-android/android/bin/classes/mono/androidx/core/view/MenuItemCompat_OnActionExpandListenerImplementor.class' (2,098)
2026-09-28 06:05:44: Copy Over 'C:/rock/bannister/BannisterTools/obj/x64/Debug/net8.0-android/android/bin/classes/mono/androidx/core/view/inputmethod/InputConnectionCompat_OnCommitContentListenerImplementor.class' -> 'goodrive://www.googleapis.com/:personal:/bannister/BannisterTools/obj/x64/Debug/net8.0-android/android/bin/classes/mono/androidx/core/view/inputmethod/InputConnectionCompat_OnCommitContentListenerImplementor.class' (2,017)
2026-09-28 06:05:45: Copy Over 'C:/rock/bannister/BannisterTools/obj/x64/Debug/net8.0-android/android/bin/classes/mono/androidx/core/view/OnApplyWindowInsetsListenerImplementor.class' -> 'goodrive://www.googleapis.com/:personal:/bannister/BannisterTools/obj/x64/Debug/net8.0-android/android/bin/classes/mono/androidx/core/view/OnApplyWindowInsetsListenerImplementor.class' (1,804)
2026-09-28 06:05:45: Copy Over 'C:/rock/bannister/BannisterTools/obj/x64/Debug/net8.0-android/android/bin/classes/mono/androidx/core/view/OnReceiveContentListenerImplementor.class' -> 'goodrive://www.googleapis.com/:personal:/bannister/BannisterTools/obj/x64/Debug/net8.0-android/android/bin/classes/mono/androidx/core/view/OnReceiveContentListenerImplementor.class' (1,772)
2026-09-28 06:05:47: Copy Over 'C:/rock/bannister/BannisterTools/obj/x64/Debug/net8.0-android/android/bin/classes/mono/androidx/core/view/ViewPropertyAnimatorListenerImplementor.class' -> 'goodrive://www.googleapis.com/:personal:/bannister/BannisterTools/obj/x64/Debug/net8.0-android/android/bin/classes/mono/androidx/core/view/ViewPropertyAnimatorListenerImplementor.class' (2,151)
2026-09-28 06:05:47: Copy Over 'C:/rock/bannister/BannisterTools/obj/x64/Debug/net8.0-android/android/bin/classes/mono/androidx/core/view/WindowInsetsControllerCompat_OnControllableInsetsChangedListenerImplementor.class' -> 'goodrive://www.googleapis.com/:personal:/bannister/BannisterTools/obj/x64/Debug/net8.0-android/android/bin/classes/mono/androidx/core/view/WindowInsetsControllerCompat_OnControllableInsetsChangedListenerImplementor.class' (2,047)
2026-09-28 06:05:48: Copy Over 'C:/rock/bannister/BannisterTools/obj/x64/Debug/net8.0-android/android/bin/classes/mono/androidx/core/view/ViewPropertyAnimatorUpdateListenerImplementor.class' -> 'goodrive://www.googleapis.com/:personal:/bannister/BannisterTools/obj/x64/Debug/net8.0-android/android/bin/classes/mono/androidx/core/view/ViewPropertyAnimatorUpdateListenerImplementor.class' (1,641)
2026-09-28 06:05:53: Copy Over 'C:/rock/bannister/BannisterTools/obj/x64/Debug/net8.0-android/android/bin/classes/mono/androidx/constraintlayout/widget/SharedValues_SharedValuesListenerImplementor.class' -> 'goodrive://www.googleapis.com/:personal:/bannister/BannisterTools/obj/x64/Debug/net8.0-android/android/bin/classes/mono/androidx/constraintlayout/widget/SharedValues_SharedValuesListenerImplementor.class' (1,747)
2026-09-28 06:05:53: Copy Over 'C:/rock/bannister/BannisterTools/obj/x64/Debug/net8.0-android/android/bin/classes/mono/androidx/core/widget/NestedScrollView_OnScrollChangeListenerImplementor.class' -> 'goodrive://www.googleapis.com/:personal:/bannister/BannisterTools/obj/x64/Debug/net8.0-android/android/bin/classes/mono/androidx/core/widget/NestedScrollView_OnScrollChangeListenerImplementor.class' (1,839)
2026-09-28 06:05:54: Copy Over 'C:/rock/bannister/BannisterTools/obj/x64/Debug/net8.0-android/android/bin/classes/mono/androidx/drawerlayout/widget/DrawerLayout_DrawerListenerImplementor.class' -> 'goodrive://www.googleapis.com/:personal:/bannister/BannisterTools/obj/x64/Debug/net8.0-android/android/bin/classes/mono/androidx/drawerlayout/widget/DrawerLayout_DrawerListenerImplementor.class' (2,614)
2026-09-28 06:06:00: Copy Over 'C:/rock/bannister/BannisterTools/obj/x64/Debug/net8.0-android/android/bin/classes/mono/androidx/dynamicanimation/animation/DynamicAnimation_OnAnimationEndListenerImplementor.class' -> 'goodrive://www.googleapis.com/:personal:/bannister/BannisterTools/obj/x64/Debug/net8.0-android/android/bin/classes/mono/androidx/dynamicanimation/animation/DynamicAnimation_OnAnimationEndListenerImplementor.class' (1,958)
2026-09-28 06:06:01: Copy Over 'C:/rock/bannister/BannisterTools/obj/x64/Debug/net8.0-android/android/bin/classes/mono/androidx/customview/poolingcontainer/PoolingContainerListenerImplementor.class' -> 'goodrive://www.googleapis.com/:personal:/bannister/BannisterTools/obj/x64/Debug/net8.0-android/android/bin/classes/mono/androidx/customview/poolingcontainer/PoolingContainerListenerImplementor.class' (1,612)
2026-09-28 06:06:01: Copy Over 'C:/rock/bannister/BannisterTools/obj/x64/Debug/net8.0-android/android/bin/classes/mono/androidx/fragment/app/FragmentManager_OnBackStackChangedListenerImplementor.class' -> 'goodrive://www.googleapis.com/:personal:/bannister/BannisterTools/obj/x64/Debug/net8.0-android/android/bin/classes/mono/androidx/fragment/app/FragmentManager_OnBackStackChangedListenerImplementor.class' (2,488)
2026-09-28 06:06:03: Copy Over 'C:/rock/bannister/BannisterTools/obj/x64/Debug/net8.0-android/android/bin/classes/mono/androidx/fragment/app/FragmentOnAttachListenerImplementor.class' -> 'goodrive://www.googleapis.com/:personal:/bannister/BannisterTools/obj/x64/Debug/net8.0-android/android/bin/classes/mono/androidx/fragment/app/FragmentOnAttachListenerImplementor.class' (1,764)
2026-09-28 06:06:03: Copy Over 'C:/rock/bannister/BannisterTools/obj/x64/Debug/net8.0-android/android/bin/classes/mono/androidx/fragment/app/FragmentResultListenerImplementor.class' -> 'goodrive://www.googleapis.com/:personal:/bannister/BannisterTools/obj/x64/Debug/net8.0-android/android/bin/classes/mono/androidx/fragment/app/FragmentResultListenerImplementor.class' (1,652)
2026-09-28 06:06:04: Copy Over 'C:/rock/bannister/BannisterTools/obj/x64/Debug/net8.0-android/android/bin/classes/mono/androidx/dynamicanimation/animation/DynamicAnimation_OnAnimationUpdateListenerImplementor.class' -> 'goodrive://www.googleapis.com/:personal:/bannister/BannisterTools/obj/x64/Debug/net8.0-android/android/bin/classes/mono/androidx/dynamicanimation/animation/DynamicAnimation_OnAnimationUpdateListenerImplementor.class' (1,983)
2026-09-28 06:06:08: Copy Over 'C:/rock/bannister/BannisterTools/obj/x64/Debug/net8.0-android/android/bin/classes/mono/androidx/navigation/NavController_OnDestinationChangedListenerImplementor.class' -> 'goodrive://www.googleapis.com/:personal:/bannister/BannisterTools/obj/x64/Debug/net8.0-android/android/bin/classes/mono/androidx/navigation/NavController_OnDestinationChangedListenerImplementor.class' (2,041)
2026-09-28 06:06:08: Copy Over 'C:/rock/bannister/BannisterTools/obj/x64/Debug/net8.0-android/android/bin/classes/mono/androidx/fragment/app/strictmode/FragmentStrictMode_OnViolationListenerImplementor.class' -> 'goodrive://www.googleapis.com/:personal:/bannister/BannisterTools/obj/x64/Debug/net8.0-android/android/bin/classes/mono/androidx/fragment/app/strictmode/FragmentStrictMode_OnViolationListenerImplementor.class' (1,886)
2026-09-28 06:06:10: Copy Over 'C:/rock/bannister/BannisterTools/obj/x64/Debug/net8.0-android/android/bin/classes/mono/androidx/loader/content/Loader_OnLoadCanceledListenerImplementor.class' -> 'goodrive://www.googleapis.com/:personal:/bannister/BannisterTools/obj/x64/Debug/net8.0-android/android/bin/classes/mono/androidx/loader/content/Loader_OnLoadCanceledListenerImplementor.class' (1,759)
2026-09-28 06:06:11: Copy Over 'C:/rock/bannister/BannisterTools/obj/x64/Debug/net8.0-android/android/bin/classes/mono/androidx/loader/content/Loader_OnLoadCompleteListenerImplementor.class' -> 'goodrive://www.googleapis.com/:personal:/bannister/BannisterTools/obj/x64/Debug/net8.0-android/android/bin/classes/mono/androidx/loader/content/Loader_OnLoadCompleteListenerImplementor.class' (1,814)
2026-09-28 06:06:14: Copy Over 'C:/rock/bannister/BannisterTools/obj/x64/Debug/net8.0-android/android/bin/classes/mono/androidx/navigation/ui/AppBarConfiguration_OnNavigateUpListenerImplementor.class' -> 'goodrive://www.googleapis.com/:personal:/bannister/BannisterTools/obj/x64/Debug/net8.0-android/android/bin/classes/mono/androidx/navigation/ui/AppBarConfiguration_OnNavigateUpListenerImplementor.class' (1,724)
2026-09-28 06:06:15: Copy Over 'C:/rock/bannister/BannisterTools/obj/x64/Debug/net8.0-android/android/bin/classes/mono/androidx/recyclerview/widget/AsyncListDiffer_ListListenerImplementor.class' -> 'goodrive://www.googleapis.com/:personal:/bannister/BannisterTools/obj/x64/Debug/net8.0-android/android/bin/classes/mono/androidx/recyclerview/widget/AsyncListDiffer_ListListenerImplementor.class' (1,815)
2026-09-28 06:06:15: Copy Over 'C:/rock/bannister/BannisterTools/obj/x64/Debug/net8.0-android/android/bin/classes/mono/androidx/recyclerview/widget/RecyclerView_ItemAnimator_ItemAnimatorFinishedListenerImplementor.class' -> 'goodrive://www.googleapis.com/:personal:/bannister/BannisterTools/obj/x64/Debug/net8.0-android/android/bin/classes/mono/androidx/recyclerview/widget/RecyclerView_ItemAnimator_ItemAnimatorFinishedListenerImplementor.class' (1,936)
2026-09-28 06:06:19: Copy Over 'C:/rock/bannister/BannisterTools/obj/x64/Debug/net8.0-android/android/bin/classes/mono/androidx/recyclerview/widget/RecyclerView_OnItemTouchListenerImplementor.class' -> 'goodrive://www.googleapis.com/:personal:/bannister/BannisterTools/obj/x64/Debug/net8.0-android/android/bin/classes/mono/androidx/recyclerview/widget/RecyclerView_OnItemTouchListenerImplementor.class' (2,753)
2026-09-28 06:06:19: Copy Over 'C:/rock/bannister/BannisterTools/obj/x64/Debug/net8.0-android/android/bin/classes/mono/androidx/recyclerview/widget/RecyclerView_OnChildAttachStateChangeListenerImplementor.class' -> 'goodrive://www.googleapis.com/:personal:/bannister/BannisterTools/obj/x64/Debug/net8.0-android/android/bin/classes/mono/androidx/recyclerview/widget/RecyclerView_OnChildAttachStateChangeListenerImplementor.class' (2,266)
2026-09-28 06:06:19: Copy Over 'C:/rock/bannister/BannisterTools/obj/x64/Debug/net8.0-android/android/bin/classes/mono/androidx/slidingpanelayout/widget/SlidingPaneLayout_PanelSlideListenerImplementor.class' -> 'goodrive://www.googleapis.com/:personal:/bannister/BannisterTools/obj/x64/Debug/net8.0-android/android/bin/classes/mono/androidx/slidingpanelayout/widget/SlidingPaneLayout_PanelSlideListenerImplementor.class' (2,451)
2026-09-28 06:06:24: Copy Over 'C:/rock/bannister/BannisterTools/obj/x64/Debug/net8.0-android/android/bin/classes/mono/androidx/transition/Transition_TransitionListenerImplementor.class' -> 'goodrive://www.googleapis.com/:personal:/bannister/BannisterTools/obj/x64/Debug/net8.0-android/android/bin/classes/mono/androidx/transition/Transition_TransitionListenerImplementor.class' (3,013)
2026-09-28 06:06:24: Copy Over 'C:/rock/bannister/BannisterTools/obj/x64/Debug/net8.0-android/android/bin/classes/mono/androidx/recyclerview/widget/RecyclerView_RecyclerListenerImplementor.class' -> 'goodrive://www.googleapis.com/:personal:/bannister/BannisterTools/obj/x64/Debug/net8.0-android/android/bin/classes/mono/androidx/recyclerview/widget/RecyclerView_RecyclerListenerImplementor.class' (1,941)
2026-09-28 06:06:24: Copy Over 'C:/rock/bannister/BannisterTools/obj/x64/Debug/net8.0-android/android/bin/classes/mono/androidx/swiperefreshlayout/widget/SwipeRefreshLayout_OnRefreshListenerImplementor.class' -> 'goodrive://www.googleapis.com/:personal:/bannister/BannisterTools/obj/x64/Debug/net8.0-android/android/bin/classes/mono/androidx/swiperefreshlayout/widget/SwipeRefreshLayout_OnRefreshListenerImplementor.class' (1,756)
2026-09-28 06:06:32: Copy Over 'C:/rock/bannister/BannisterTools/obj/x64/Debug/net8.0-android/android/bin/classes/mono/androidx/viewpager/widget/ViewPager_OnPageChangeListenerImplementor.class' -> 'goodrive://www.googleapis.com/:personal:/bannister/BannisterTools/obj/x64/Debug/net8.0-android/android/bin/classes/mono/androidx/viewpager/widget/ViewPager_OnPageChangeListenerImplementor.class' (2,231)
2026-09-28 06:06:32: Copy Over 'C:/rock/bannister/BannisterTools/obj/x64/Debug/net8.0-android/android/bin/classes/mono/androidx/viewpager/widget/ViewPager_OnAdapterChangeListenerImplementor.class' -> 'goodrive://www.googleapis.com/:personal:/bannister/BannisterTools/obj/x64/Debug/net8.0-android/android/bin/classes/mono/androidx/viewpager/widget/ViewPager_OnAdapterChangeListenerImplementor.class' (2,064)
2026-09-28 06:06:33: Copy Over 'C:/rock/bannister/BannisterTools/obj/x64/Debug/net8.0-android/android/bin/classes/mono/com/bumptech/glide/manager/ConnectivityMonitor_ConnectivityListenerImplementor.class' -> 'goodrive://www.googleapis.com/:personal:/bannister/BannisterTools/obj/x64/Debug/net8.0-android/android/bin/classes/mono/com/bumptech/glide/manager/ConnectivityMonitor_ConnectivityListenerImplementor.class' (1,761)
2026-09-28 06:06:37: Copy Over 'C:/rock/bannister/BannisterTools/obj/x64/Debug/net8.0-android/android/bin/classes/mono/com/bumptech/glide/manager/LifecycleListenerImplementor.class' -> 'goodrive://www.googleapis.com/:personal:/bannister/BannisterTools/obj/x64/Debug/net8.0-android/android/bin/classes/mono/com/bumptech/glide/manager/LifecycleListenerImplementor.class' (1,861)
2026-09-28 06:06:38: Copy Over 'C:/rock/bannister/BannisterTools/obj/x64/Debug/net8.0-android/android/bin/classes/mono/com/bumptech/glide/load/engine/cache/MemoryCache_ResourceRemovedListenerImplementor.class' -> 'goodrive://www.googleapis.com/:personal:/bannister/BannisterTools/obj/x64/Debug/net8.0-android/android/bin/classes/mono/com/bumptech/glide/load/engine/cache/MemoryCache_ResourceRemovedListenerImplementor.class' (1,885)
2026-09-28 06:06:38: Copy Over 'C:/rock/bannister/BannisterTools/obj/x64/Debug/net8.0-android/android/bin/classes/mono/com/bumptech/glide/request/RequestListenerImplementor.class' -> 'goodrive://www.googleapis.com/:personal:/bannister/BannisterTools/obj/x64/Debug/net8.0-android/android/bin/classes/mono/com/bumptech/glide/request/RequestListenerImplementor.class' (2,393)
2026-09-28 06:06:45: Copy Over 'C:/rock/bannister/BannisterTools/obj/x64/Debug/net8.0-android/android/bin/classes/mono/MonoPackageManager_Resources.class' -> 'goodrive://www.googleapis.com/:personal:/bannister/BannisterTools/obj/x64/Debug/net8.0-android/android/bin/classes/mono/MonoPackageManager_Resources.class' (5,818)
2026-09-28 06:06:45: Copy Over 'C:/rock/bannister/BannisterTools/obj/x64/Debug/net8.0-android/android/bin/classes/mono/MonoRuntimeProvider.class' -> 'goodrive://www.googleapis.com/:personal:/bannister/BannisterTools/obj/x64/Debug/net8.0-android/android/bin/classes/mono/MonoRuntimeProvider.class' (1,980)
2026-09-28 06:06:45: Copy Over 'C:/rock/bannister/BannisterTools/obj/x64/Debug/net8.0-android/android/bin/classes/mono/com/google/android/material/animation/AnimatableView_ListenerImplementor.class' -> 'goodrive://www.googleapis.com/:personal:/bannister/BannisterTools/obj/x64/Debug/net8.0-android/android/bin/classes/mono/com/google/android/material/animation/AnimatableView_ListenerImplementor.class' (1,695)
2026-09-28 06:06:48: Copy Over 'C:/rock/bannister/BannisterTools/obj/x64/Debug/net8.0-android/android/bin/classes/mono/com/google/android/material/appbar/AppBarLayout_LiftOnScrollListenerImplementor.class' -> 'goodrive://www.googleapis.com/:personal:/bannister/BannisterTools/obj/x64/Debug/net8.0-android/android/bin/classes/mono/com/google/android/material/appbar/AppBarLayout_LiftOnScrollListenerImplementor.class' (1,733)
2026-09-28 06:06:49: Copy Over 'C:/rock/bannister/BannisterTools/obj/x64/Debug/net8.0-android/android/bin/classes/mono/com/google/android/material/appbar/AppBarLayout_OnOffsetChangedListenerImplementor.class' -> 'goodrive://www.googleapis.com/:personal:/bannister/BannisterTools/obj/x64/Debug/net8.0-android/android/bin/classes/mono/com/google/android/material/appbar/AppBarLayout_OnOffsetChangedListenerImplementor.class' (1,923)
2026-09-28 06:06:49: Copy Over 'C:/rock/bannister/BannisterTools/obj/x64/Debug/net8.0-android/android/bin/classes/mono/com/google/android/material/behavior/HideBottomViewOnScrollBehavior_OnScrollStateChangedListenerImplementor.class' -> 'goodrive://www.googleapis.com/:personal:/bannister/BannisterTools/obj/x64/Debug/net8.0-android/android/bin/classes/mono/com/google/android/material/behavior/HideBottomViewOnScrollBehavior_OnScrollStateChangedListenerImplementor.class' (1,977)
2026-09-28 06:06:53: Copy Over 'C:/rock/bannister/BannisterTools/obj/x64/Debug/net8.0-android/android/bin/classes/mono/com/google/android/material/button/MaterialButton_OnCheckedChangeListenerImplementor.class' -> 'goodrive://www.googleapis.com/:personal:/bannister/BannisterTools/obj/x64/Debug/net8.0-android/android/bin/classes/mono/com/google/android/material/button/MaterialButton_OnCheckedChangeListenerImplementor.class' (1,945)
2026-09-28 06:06:53: Copy Over 'C:/rock/bannister/BannisterTools/obj/x64/Debug/net8.0-android/android/bin/classes/mono/com/google/android/material/button/MaterialButtonToggleGroup_OnButtonCheckedListenerImplementor.class' -> 'goodrive://www.googleapis.com/:personal:/bannister/BannisterTools/obj/x64/Debug/net8.0-android/android/bin/classes/mono/com/google/android/material/button/MaterialButtonToggleGroup_OnButtonCheckedListenerImplementor.class' (2,044)
2026-09-28 06:06:53: Copy Over 'C:/rock/bannister/BannisterTools/obj/x64/Debug/net8.0-android/android/bin/classes/mono/com/google/android/material/behavior/SwipeDismissBehavior_OnDismissListenerImplementor.class' -> 'goodrive://www.googleapis.com/:personal:/bannister/BannisterTools/obj/x64/Debug/net8.0-android/android/bin/classes/mono/com/google/android/material/behavior/SwipeDismissBehavior_OnDismissListenerImplementor.class' (2,114)
2026-09-28 06:06:58: Copy Over 'C:/rock/bannister/BannisterTools/obj/x64/Debug/net8.0-android/android/bin/classes/mono/com/google/android/material/card/MaterialCardView_OnCheckedChangeListenerImplementor.class' -> 'goodrive://www.googleapis.com/:personal:/bannister/BannisterTools/obj/x64/Debug/net8.0-android/android/bin/classes/mono/com/google/android/material/card/MaterialCardView_OnCheckedChangeListenerImplementor.class' (1,947)
2026-09-28 06:06:58: Copy Over 'C:/rock/bannister/BannisterTools/obj/x64/Debug/net8.0-android/android/bin/classes/mono/com/google/android/material/carousel/OnMaskChangedListenerImplementor.class' -> 'goodrive://www.googleapis.com/:personal:/bannister/BannisterTools/obj/x64/Debug/net8.0-android/android/bin/classes/mono/com/google/android/material/carousel/OnMaskChangedListenerImplementor.class' (1,659)
2026-09-28 06:06:58: Copy Over 'C:/rock/bannister/BannisterTools/obj/x64/Debug/net8.0-android/android/bin/classes/mono/com/google/android/material/checkbox/MaterialCheckBox_OnCheckedStateChangedListenerImplementor.class' -> 'goodrive://www.googleapis.com/:personal:/bannister/BannisterTools/obj/x64/Debug/net8.0-android/android/bin/classes/mono/com/google/android/material/checkbox/MaterialCheckBox_OnCheckedStateChangedListenerImplementor.class' (2,067)
2026-09-28 06:07:02: Copy Over 'C:/rock/bannister/BannisterTools/obj/x64/Debug/net8.0-android/android/bin/classes/mono/com/google/android/material/checkbox/MaterialCheckBox_OnErrorChangedListenerImplementor.class' -> 'goodrive://www.googleapis.com/:personal:/bannister/BannisterTools/obj/x64/Debug/net8.0-android/android/bin/classes/mono/com/google/android/material/checkbox/MaterialCheckBox_OnErrorChangedListenerImplementor.class' (1,965)
2026-09-28 06:07:02: Copy Over 'C:/rock/bannister/BannisterTools/obj/x64/Debug/net8.0-android/android/bin/classes/mono/com/google/android/material/chip/ChipGroup_OnCheckedChangeListenerImplementor.class' -> 'goodrive://www.googleapis.com/:personal:/bannister/BannisterTools/obj/x64/Debug/net8.0-android/android/bin/classes/mono/com/google/android/material/chip/ChipGroup_OnCheckedChangeListenerImplementor.class' (1,884)
2026-09-28 06:07:03: Copy Over 'C:/rock/bannister/BannisterTools/obj/x64/Debug/net8.0-android/android/bin/classes/mono/com/google/android/material/chip/ChipGroup_OnCheckedStateChangeListenerImplementor.class' -> 'goodrive://www.googleapis.com/:personal:/bannister/BannisterTools/obj/x64/Debug/net8.0-android/android/bin/classes/mono/com/google/android/material/chip/ChipGroup_OnCheckedStateChangeListenerImplementor.class' (1,959)
2026-09-28 06:07:05: Copy Over 'C:/rock/bannister/BannisterTools/obj/x64/Debug/net8.0-android/android/bin/classes/mono/com/google/android/material/datepicker/MaterialPickerOnPositiveButtonClickListenerImplementor.class' -> 'goodrive://www.googleapis.com/:personal:/bannister/BannisterTools/obj/x64/Debug/net8.0-android/android/bin/classes/mono/com/google/android/material/datepicker/MaterialPickerOnPositiveButtonClickListenerImplementor.class' (1,767)
2026-09-28 06:07:06: Copy Over 'C:/rock/bannister/BannisterTools/obj/x64/Debug/net8.0-android/android/bin/classes/mono/com/google/android/material/internal/MaterialCheckable_OnCheckedChangeListenerImplementor.class' -> 'goodrive://www.googleapis.com/:personal:/bannister/BannisterTools/obj/x64/Debug/net8.0-android/android/bin/classes/mono/com/google/android/material/internal/MaterialCheckable_OnCheckedChangeListenerImplementor.class' (1,872)
2026-09-28 06:07:07: Copy Over 'C:/rock/bannister/BannisterTools/obj/x64/Debug/net8.0-android/android/bin/classes/mono/com/google/android/material/internal/CheckableGroup_OnCheckedStateChangeListenerImplementor.class' -> 'goodrive://www.googleapis.com/:personal:/bannister/BannisterTools/obj/x64/Debug/net8.0-android/android/bin/classes/mono/com/google/android/material/internal/CheckableGroup_OnCheckedStateChangeListenerImplementor.class' (1,893)
2026-09-28 06:07:09: Copy Over 'C:/rock/bannister/BannisterTools/obj/x64/Debug/net8.0-android/android/bin/classes/mono/com/google/android/material/internal/ViewUtils_OnApplyWindowInsetsListenerImplementor.class' -> 'goodrive://www.googleapis.com/:personal:/bannister/BannisterTools/obj/x64/Debug/net8.0-android/android/bin/classes/mono/com/google/android/material/internal/ViewUtils_OnApplyWindowInsetsListenerImplementor.class' (2,338)
2026-09-28 06:07:11: Copy Over 'C:/rock/bannister/BannisterTools/obj/x64/Debug/net8.0-android/android/bin/classes/mono/com/google/android/material/navigation/NavigationBarView_OnItemReselectedListenerImplementor.class' -> 'goodrive://www.googleapis.com/:personal:/bannister/BannisterTools/obj/x64/Debug/net8.0-android/android/bin/classes/mono/com/google/android/material/navigation/NavigationBarView_OnItemReselectedListenerImplementor.class' (1,941)
2026-09-28 06:07:11: Copy Over 'C:/rock/bannister/BannisterTools/obj/x64/Debug/net8.0-android/android/bin/classes/mono/com/google/android/material/search/SearchView_TransitionListenerImplementor.class' -> 'goodrive://www.googleapis.com/:personal:/bannister/BannisterTools/obj/x64/Debug/net8.0-android/android/bin/classes/mono/com/google/android/material/search/SearchView_TransitionListenerImplementor.class' (2,340)
2026-09-28 06:07:13: Copy Over 'C:/rock/bannister/BannisterTools/obj/x64/Debug/net8.0-android/android/bin/classes/mono/com/google/android/material/navigation/NavigationBarView_OnItemSelectedListenerImplementor.class' -> 'goodrive://www.googleapis.com/:personal:/bannister/BannisterTools/obj/x64/Debug/net8.0-android/android/bin/classes/mono/com/google/android/material/navigation/NavigationBarView_OnItemSelectedListenerImplementor.class' (1,917)
2026-09-28 06:07:16: Copy Over 'C:/rock/bannister/BannisterTools/obj/x64/Debug/net8.0-android/android/bin/classes/mono/com/google/android/material/navigation/NavigationView_OnNavigationItemSelectedListenerImplementor.class' -> 'goodrive://www.googleapis.com/:personal:/bannister/BannisterTools/obj/x64/Debug/net8.0-android/android/bin/classes/mono/com/google/android/material/navigation/NavigationView_OnNavigationItemSelectedListenerImplementor.class' (1,959)
2026-09-28 06:07:16: Copy Over 'C:/rock/bannister/BannisterTools/obj/x64/Debug/net8.0-android/android/bin/classes/mono/com/google/android/material/shape/ShapeAppearancePathProvider_PathListenerImplementor.class' -> 'goodrive://www.googleapis.com/:personal:/bannister/BannisterTools/obj/x64/Debug/net8.0-android/android/bin/classes/mono/com/google/android/material/shape/ShapeAppearancePathProvider_PathListenerImplementor.class' (2,439)
2026-09-28 06:07:16: Copy Over 'C:/rock/bannister/BannisterTools/obj/x64/Debug/net8.0-android/android/bin/classes/mono/com/google/android/material/slider/BaseOnChangeListenerImplementor.class' -> 'goodrive://www.googleapis.com/:personal:/bannister/BannisterTools/obj/x64/Debug/net8.0-android/android/bin/classes/mono/com/google/android/material/slider/BaseOnChangeListenerImplementor.class' (1,636)
2026-09-28 06:07:19: Copy Over 'C:/rock/bannister/BannisterTools/obj/x64/Debug/net8.0-android/android/bin/classes/mono/com/google/android/material/slider/BaseOnSliderTouchListenerImplementor.class' -> 'goodrive://www.googleapis.com/:personal:/bannister/BannisterTools/obj/x64/Debug/net8.0-android/android/bin/classes/mono/com/google/android/material/slider/BaseOnSliderTouchListenerImplementor.class' (1,960)
2026-09-28 06:07:20: Copy Over 'C:/rock/bannister/BannisterTools/obj/x64/Debug/net8.0-android/android/bin/classes/mono/com/google/android/material/textfield/TextInputLayout_OnEditTextAttachedListenerImplementor.class' -> 'goodrive://www.googleapis.com/:personal:/bannister/BannisterTools/obj/x64/Debug/net8.0-android/android/bin/classes/mono/com/google/android/material/textfield/TextInputLayout_OnEditTextAttachedListenerImplementor.class' (2,000)
2026-09-28 06:07:20: > Copy Over 'C:/rock/bannister/BannisterTools/obj/x64/Debug/net8.0-android/android/bin/classes2.dex' -> 'goodrive://www.googleapis.com/:personal:/bannister/BannisterTools/obj/x64/Debug/net8.0-android/android/bin/classes2.dex' (7,161,076)
2026-09-28 06:07:21: Copy Over 'C:/rock/bannister/BannisterTools/obj/x64/Debug/net8.0-android/android/bin/classes/mono/com/google/android/material/tabs/TabLayout_BaseOnTabSelectedListenerImplementor.class' -> 'goodrive://www.googleapis.com/:personal:/bannister/BannisterTools/obj/x64/Debug/net8.0-android/android/bin/classes/mono/com/google/android/material/tabs/TabLayout_BaseOnTabSelectedListenerImplementor.class' (2,652)
2026-09-28 06:07:21: > Copy Over 'C:/rock/bannister/BannisterTools/obj/x64/Debug/net8.0-android/android/bin/packaged_resources' -> 'goodrive://www.googleapis.com/:personal:/bannister/BannisterTools/obj/x64/Debug/net8.0-android/android/bin/packaged_resources' (1,495,716)
2026-09-28 06:07:22: Copy Over 'C:/rock/bannister/BannisterTools/obj/x64/Debug/net8.0-android/android/bin/classes/mono/com/google/android/material/textfield/TextInputLayout_OnEndIconChangedListenerImplementor.class' -> 'goodrive://www.googleapis.com/:personal:/bannister/BannisterTools/obj/x64/Debug/net8.0-android/android/bin/classes/mono/com/google/android/material/textfield/TextInputLayout_OnEndIconChangedListenerImplementor.class' (1,984)
2026-09-28 06:07:24: < Copy Over 'C:/rock/bannister/BannisterTools/obj/x64/Debug/net8.0-android/android/bin/classes2.dex' -> 'goodrive://www.googleapis.com/:personal:/bannister/BannisterTools/obj/x64/Debug/net8.0-android/android/bin/classes2.dex' (7,161,076)
2026-09-28 06:07:25: < Copy Over 'C:/rock/bannister/BannisterTools/obj/x64/Debug/net8.0-android/android/bin/packaged_resources' -> 'goodrive://www.googleapis.com/:personal:/bannister/BannisterTools/obj/x64/Debug/net8.0-android/android/bin/packaged_resources' (1,495,716)
2026-09-28 06:07:25: Copy Over 'C:/rock/bannister/BannisterTools/obj/x64/Debug/net8.0-android/android/compressed_assemblies.arm64-v8a.o' -> 'goodrive://www.googleapis.com/:personal:/bannister/BannisterTools/obj/x64/Debug/net8.0-android/android/compressed_assemblies.arm64-v8a.o' (848)
2026-09-28 06:07:27: Copy Over 'C:/rock/bannister/BannisterTools/obj/x64/Debug/net8.0-android/android/compressed_assemblies.armeabi-v7a.o' -> 'goodrive://www.googleapis.com/:personal:/bannister/BannisterTools/obj/x64/Debug/net8.0-android/android/compressed_assemblies.armeabi-v7a.o' (700)
2026-09-28 06:07:28: Copy Over 'C:/rock/bannister/BannisterTools/obj/x64/Debug/net8.0-android/android/compressed_assemblies.x86.o' -> 'goodrive://www.googleapis.com/:personal:/bannister/BannisterTools/obj/x64/Debug/net8.0-android/android/compressed_assemblies.x86.o' (576)
2026-09-28 06:07:28: Copy Over 'C:/rock/bannister/BannisterTools/obj/x64/Debug/net8.0-android/android/compressed_assemblies.x86_64.o' -> 'goodrive://www.googleapis.com/:personal:/bannister/BannisterTools/obj/x64/Debug/net8.0-android/android/compressed_assemblies.x86_64.o' (792)
2026-09-28 06:07:30: Copy Over 'C:/rock/bannister/BannisterTools/obj/x64/Debug/net8.0-android/android/environment.arm64-v8a.ll' -> 'goodrive://www.googleapis.com/:personal:/bannister/BannisterTools/obj/x64/Debug/net8.0-android/android/environment.arm64-v8a.ll' (150,651)
2026-09-28 06:07:31: Copy Over 'C:/rock/bannister/BannisterTools/obj/x64/Debug/net8.0-android/android/environment.arm64-v8a.o' -> 'goodrive://www.googleapis.com/:personal:/bannister/BannisterTools/obj/x64/Debug/net8.0-android/android/environment.arm64-v8a.o' (46,640)
2026-09-28 06:07:31: Copy Over 'C:/rock/bannister/BannisterTools/obj/x64/Debug/net8.0-android/android/environment.armeabi-v7a.ll' -> 'goodrive://www.googleapis.com/:personal:/bannister/BannisterTools/obj/x64/Debug/net8.0-android/android/environment.armeabi-v7a.ll' (149,697)
2026-09-28 06:07:34: Copy Over 'C:/rock/bannister/BannisterTools/obj/x64/Debug/net8.0-android/android/environment.armeabi-v7a.o' -> 'goodrive://www.googleapis.com/:personal:/bannister/BannisterTools/obj/x64/Debug/net8.0-android/android/environment.armeabi-v7a.o' (32,136)
2026-09-28 06:07:34: Copy Over 'C:/rock/bannister/BannisterTools/obj/x64/Debug/net8.0-android/android/environment.x86.ll' -> 'goodrive://www.googleapis.com/:personal:/bannister/BannisterTools/obj/x64/Debug/net8.0-android/android/environment.x86.ll' (149,714)
2026-09-28 06:07:34: Copy Over 'C:/rock/bannister/BannisterTools/obj/x64/Debug/net8.0-android/android/environment.x86.o' -> 'goodrive://www.googleapis.com/:personal:/bannister/BannisterTools/obj/x64/Debug/net8.0-android/android/environment.x86.o' (31,836)
2026-09-28 06:07:37: Copy Over 'C:/rock/bannister/BannisterTools/obj/x64/Debug/net8.0-android/android/jni_remap.arm64-v8a.o' -> 'goodrive://www.googleapis.com/:personal:/bannister/BannisterTools/obj/x64/Debug/net8.0-android/android/jni_remap.arm64-v8a.o' (968)
2026-09-28 06:07:37: Copy Over 'C:/rock/bannister/BannisterTools/obj/x64/Debug/net8.0-android/android/environment.x86_64.o' -> 'goodrive://www.googleapis.com/:personal:/bannister/BannisterTools/obj/x64/Debug/net8.0-android/android/environment.x86_64.o' (46,744)
2026-09-28 06:07:37: Copy Over 'C:/rock/bannister/BannisterTools/obj/x64/Debug/net8.0-android/android/environment.x86_64.ll' -> 'goodrive://www.googleapis.com/:personal:/bannister/BannisterTools/obj/x64/Debug/net8.0-android/android/environment.x86_64.ll' (150,781)
2026-09-28 06:07:40: Copy Over 'C:/rock/bannister/BannisterTools/obj/x64/Debug/net8.0-android/android/jni_remap.armeabi-v7a.o' -> 'goodrive://www.googleapis.com/:personal:/bannister/BannisterTools/obj/x64/Debug/net8.0-android/android/jni_remap.armeabi-v7a.o' (784)
2026-09-28 06:07:40: Copy Over 'C:/rock/bannister/BannisterTools/obj/x64/Debug/net8.0-android/android/jni_remap.x86_64.o' -> 'goodrive://www.googleapis.com/:personal:/bannister/BannisterTools/obj/x64/Debug/net8.0-android/android/jni_remap.x86_64.o' (912)
2026-09-28 06:07:40: Copy Over 'C:/rock/bannister/BannisterTools/obj/x64/Debug/net8.0-android/android/jni_remap.x86.o' -> 'goodrive://www.googleapis.com/:personal:/bannister/BannisterTools/obj/x64/Debug/net8.0-android/android/jni_remap.x86.o' (660)
2026-09-28 06:07:43: Copy Over 'C:/rock/bannister/BannisterTools/obj/x64/Debug/net8.0-android/android/marshal_methods.arm64-v8a.o' -> 'goodrive://www.googleapis.com/:personal:/bannister/BannisterTools/obj/x64/Debug/net8.0-android/android/marshal_methods.arm64-v8a.o' (9,888)
2026-09-28 06:07:44: Copy Over 'C:/rock/bannister/BannisterTools/obj/x64/Debug/net8.0-android/android/marshal_methods.armeabi-v7a.o' -> 'goodrive://www.googleapis.com/:personal:/bannister/BannisterTools/obj/x64/Debug/net8.0-android/android/marshal_methods.armeabi-v7a.o' (6,680)
2026-09-28 06:07:44: Copy Over 'C:/rock/bannister/BannisterTools/obj/x64/Debug/net8.0-android/android/manifest/AndroidManifest.xml' -> 'goodrive://www.googleapis.com/:personal:/bannister/BannisterTools/obj/x64/Debug/net8.0-android/android/manifest/AndroidManifest.xml' (4,577)
2026-09-28 06:07:44: > Copy Over 'C:/rock/bannister/BannisterTools/obj/x64/Debug/net8.0-android/android/typemaps.arm64-v8a.o' -> 'goodrive://www.googleapis.com/:personal:/bannister/BannisterTools/obj/x64/Debug/net8.0-android/android/typemaps.arm64-v8a.o' (3,180,104)
2026-09-28 06:07:46: Copy Over 'C:/rock/bannister/BannisterTools/obj/x64/Debug/net8.0-android/android/marshal_methods.x86.o' -> 'goodrive://www.googleapis.com/:personal:/bannister/BannisterTools/obj/x64/Debug/net8.0-android/android/marshal_methods.x86.o' (6,648)
2026-09-28 06:07:46: > Copy Over 'C:/rock/bannister/BannisterTools/obj/x64/Debug/net8.0-android/android/typemaps.armeabi-v7a.o' -> 'goodrive://www.googleapis.com/:personal:/bannister/BannisterTools/obj/x64/Debug/net8.0-android/android/typemaps.armeabi-v7a.o' (2,099,588)
2026-09-28 06:07:47: Copy Over 'C:/rock/bannister/BannisterTools/obj/x64/Debug/net8.0-android/android/marshal_methods.x86_64.o' -> 'goodrive://www.googleapis.com/:personal:/bannister/BannisterTools/obj/x64/Debug/net8.0-android/android/marshal_methods.x86_64.o' (9,752)
2026-09-28 06:07:47: > Copy Over 'C:/rock/bannister/BannisterTools/obj/x64/Debug/net8.0-android/android/typemaps.x86.o' -> 'goodrive://www.googleapis.com/:personal:/bannister/BannisterTools/obj/x64/Debug/net8.0-android/android/typemaps.x86.o' (2,099,464)
2026-09-28 06:07:48: < Copy Over 'C:/rock/bannister/BannisterTools/obj/x64/Debug/net8.0-android/android/typemaps.arm64-v8a.o' -> 'goodrive://www.googleapis.com/:personal:/bannister/BannisterTools/obj/x64/Debug/net8.0-android/android/typemaps.arm64-v8a.o' (3,180,104)
2026-09-28 06:07:48: > Copy Over 'C:/rock/bannister/BannisterTools/obj/x64/Debug/net8.0-android/android/typemaps.x86_64.o' -> 'goodrive://www.googleapis.com/:personal:/bannister/BannisterTools/obj/x64/Debug/net8.0-android/android/typemaps.x86_64.o' (3,368,784)
2026-09-28 06:07:49: < Copy Over 'C:/rock/bannister/BannisterTools/obj/x64/Debug/net8.0-android/android/typemaps.armeabi-v7a.o' -> 'goodrive://www.googleapis.com/:personal:/bannister/BannisterTools/obj/x64/Debug/net8.0-android/android/typemaps.armeabi-v7a.o' (2,099,588)
2026-09-28 06:07:50: < Copy Over 'C:/rock/bannister/BannisterTools/obj/x64/Debug/net8.0-android/android/typemaps.x86.o' -> 'goodrive://www.googleapis.com/:personal:/bannister/BannisterTools/obj/x64/Debug/net8.0-android/android/typemaps.x86.o' (2,099,464)
2026-09-28 06:07:51: < Copy Over 'C:/rock/bannister/BannisterTools/obj/x64/Debug/net8.0-android/android/typemaps.x86_64.o' -> 'goodrive://www.googleapis.com/:personal:/bannister/BannisterTools/obj/x64/Debug/net8.0-android/android/typemaps.x86_64.o' (3,368,784)
2026-09-28 06:07:52: Copy Over 'C:/rock/bannister/BannisterTools/bin/x64/Debug/net8.0-android/BannisterTools.pdb' -> 'goodrive://www.googleapis.com/:personal:/bannister/BannisterTools/bin/x64/Debug/net8.0-android/BannisterTools.pdb' (112,324)
2026-09-28 06:07:54: Copy Over 'C:/rock/bannister/BannisterTools/bin/x64/Debug/net8.0-android/BannisterTools.runtimeconfig.json' -> 'goodrive://www.googleapis.com/:personal:/bannister/BannisterTools/bin/x64/Debug/net8.0-android/BannisterTools.runtimeconfig.json' (1,356)
2026-09-28 06:07:54: Copy Over 'C:/rock/bannister/BannisterTools/bin/x64/Debug/net8.0-android/BannisterTools.xml' -> 'goodrive://www.googleapis.com/:personal:/bannister/BannisterTools/bin/x64/Debug/net8.0-android/BannisterTools.xml' (70,923)
2026-09-28 06:07:56: Copy Over 'C:/rock/bannister/BannisterTools/obj/x64/Debug/net8.0-android/android-arm/BannisterTools.assets.cache' -> 'goodrive://www.googleapis.com/:personal:/bannister/BannisterTools/obj/x64/Debug/net8.0-android/android-arm/BannisterTools.assets.cache' (95,935)
2026-09-28 06:07:58: Copy Over 'C:/rock/bannister/BannisterTools/obj/x64/Debug/net8.0-android/android-arm64/BannisterTools.assets.cache' -> 'goodrive://www.googleapis.com/:personal:/bannister/BannisterTools/obj/x64/Debug/net8.0-android/android-arm64/BannisterTools.assets.cache' (95,935)
2026-09-28 06:07:59: Copy Over 'C:/rock/bannister/BannisterTools/obj/x64/Debug/net8.0-android/android-x64/BannisterTools.assets.cache' -> 'goodrive://www.googleapis.com/:personal:/bannister/BannisterTools/obj/x64/Debug/net8.0-android/android-x64/BannisterTools.assets.cache' (95,935)
2026-09-28 06:07:59: > Copy Over 'C:/rock/bannister/BannisterTools/obj/x64/Debug/net8.0-android/app_shared_libraries/arm64-v8a/libxamarin-app.so' -> 'goodrive://www.googleapis.com/:personal:/bannister/BannisterTools/obj/x64/Debug/net8.0-android/app_shared_libraries/arm64-v8a/libxamarin-app.so' (3,237,752)
2026-09-28 06:08:01: Copy Over 'C:/rock/bannister/BannisterTools/obj/x64/Debug/net8.0-android/android-x86/BannisterTools.assets.cache' -> 'goodrive://www.googleapis.com/:personal:/bannister/BannisterTools/obj/x64/Debug/net8.0-android/android-x86/BannisterTools.assets.cache' (95,935)
2026-09-28 06:08:01: > Copy Over 'C:/rock/bannister/BannisterTools/obj/x64/Debug/net8.0-android/app_shared_libraries/armeabi-v7a/libxamarin-app.so' -> 'goodrive://www.googleapis.com/:personal:/bannister/BannisterTools/obj/x64/Debug/net8.0-android/app_shared_libraries/armeabi-v7a/libxamarin-app.so' (2,139,248)
2026-09-28 06:08:01: Copy Over 'C:/rock/bannister/BannisterTools/obj/x64/Debug/net8.0-android/BannisterTools.assets.cache' -> 'goodrive://www.googleapis.com/:personal:/bannister/BannisterTools/obj/x64/Debug/net8.0-android/BannisterTools.assets.cache' (95,935)
2026-09-28 06:08:01: > Copy Over 'C:/rock/bannister/BannisterTools/obj/x64/Debug/net8.0-android/app_shared_libraries/x86/libxamarin-app.so' -> 'goodrive://www.googleapis.com/:personal:/bannister/BannisterTools/obj/x64/Debug/net8.0-android/app_shared_libraries/x86/libxamarin-app.so' (2,138,812)
2026-09-28 06:08:05: < Copy Over 'C:/rock/bannister/BannisterTools/obj/x64/Debug/net8.0-android/app_shared_libraries/arm64-v8a/libxamarin-app.so' -> 'goodrive://www.googleapis.com/:personal:/bannister/BannisterTools/obj/x64/Debug/net8.0-android/app_shared_libraries/arm64-v8a/libxamarin-app.so' (3,237,752)
2026-09-28 06:08:05: > Copy Over 'C:/rock/bannister/BannisterTools/obj/x64/Debug/net8.0-android/app_shared_libraries/x86_64/libxamarin-app.so' -> 'goodrive://www.googleapis.com/:personal:/bannister/BannisterTools/obj/x64/Debug/net8.0-android/app_shared_libraries/x86_64/libxamarin-app.so' (3,426,000)
2026-09-28 06:08:06: < Copy Over 'C:/rock/bannister/BannisterTools/obj/x64/Debug/net8.0-android/app_shared_libraries/armeabi-v7a/libxamarin-app.so' -> 'goodrive://www.googleapis.com/:personal:/bannister/BannisterTools/obj/x64/Debug/net8.0-android/app_shared_libraries/armeabi-v7a/libxamarin-app.so' (2,139,248)
2026-09-28 06:08:07: < Copy Over 'C:/rock/bannister/BannisterTools/obj/x64/Debug/net8.0-android/app_shared_libraries/x86/libxamarin-app.so' -> 'goodrive://www.googleapis.com/:personal:/bannister/BannisterTools/obj/x64/Debug/net8.0-android/app_shared_libraries/x86/libxamarin-app.so' (2,138,812)
2026-09-28 06:08:10: Copy Over 'C:/rock/bannister/BannisterTools/obj/x64/Debug/net8.0-android/BannisterTools.csproj.BuildWithSkipAnalyzers' -> 'goodrive://www.googleapis.com/:personal:/bannister/BannisterTools/obj/x64/Debug/net8.0-android/BannisterTools.csproj.BuildWithSkipAnalyzers' (0)
2026-09-28 06:08:10: < Copy Over 'C:/rock/bannister/BannisterTools/obj/x64/Debug/net8.0-android/app_shared_libraries/x86_64/libxamarin-app.so' -> 'goodrive://www.googleapis.com/:personal:/bannister/BannisterTools/obj/x64/Debug/net8.0-android/app_shared_libraries/x86_64/libxamarin-app.so' (3,426,000)
2026-09-28 06:08:10: Copy Over 'C:/rock/bannister/BannisterTools/obj/x64/Debug/net8.0-android/BannisterTools.dll' -> 'goodrive://www.googleapis.com/:personal:/bannister/BannisterTools/obj/x64/Debug/net8.0-android/BannisterTools.dll' (299,008)
2026-09-28 06:08:13: Copy Over 'C:/rock/bannister/BannisterTools/obj/x64/Debug/net8.0-android/BannisterTools.runtimeconfig.json.bin' -> 'goodrive://www.googleapis.com/:personal:/bannister/BannisterTools/obj/x64/Debug/net8.0-android/BannisterTools.runtimeconfig.json.bin' (897)
2026-09-28 06:08:13: Copy Over 'C:/rock/bannister/BannisterTools/obj/x64/Debug/net8.0-android/BannisterTools.pdb' -> 'goodrive://www.googleapis.com/:personal:/bannister/BannisterTools/obj/x64/Debug/net8.0-android/BannisterTools.pdb' (112,324)
2026-09-28 06:08:13: Copy Over 'C:/rock/bannister/BannisterTools/obj/x64/Debug/net8.0-android/buildid.txt' -> 'goodrive://www.googleapis.com/:personal:/bannister/BannisterTools/obj/x64/Debug/net8.0-android/buildid.txt' (38)
2026-09-28 06:08:22: Copy Over 'C:/rock/bannister/BannisterTools/obj/x64/Debug/net8.0-android/lp/100/jl/flat/100.flata' -> 'goodrive://www.googleapis.com/:personal:/bannister/BannisterTools/obj/x64/Debug/net8.0-android/lp/100/jl/flat/100.flata' (256)
2026-09-28 06:08:22: Copy Over 'C:/rock/bannister/BannisterTools/obj/x64/Debug/net8.0-android/designtime/build.props' -> 'goodrive://www.googleapis.com/:personal:/bannister/BannisterTools/obj/x64/Debug/net8.0-android/designtime/build.props' (1,009)
2026-09-28 06:08:23: Copy Over 'C:/rock/bannister/BannisterTools/obj/x64/Debug/net8.0-android/lp/101/jl/flat/101.flata' -> 'goodrive://www.googleapis.com/:personal:/bannister/BannisterTools/obj/x64/Debug/net8.0-android/lp/101/jl/flat/101.flata' (178,876)
2026-09-28 06:08:33: Copy Over 'C:/rock/bannister/BannisterTools/obj/x64/Debug/net8.0-android/lp/105/jl/flat/105.flata' -> 'goodrive://www.googleapis.com/:personal:/bannister/BannisterTools/obj/x64/Debug/net8.0-android/lp/105/jl/flat/105.flata' (256)
2026-09-28 06:08:34: Copy Over 'C:/rock/bannister/BannisterTools/obj/x64/Debug/net8.0-android/lp/104/jl/flat/104.flata' -> 'goodrive://www.googleapis.com/:personal:/bannister/BannisterTools/obj/x64/Debug/net8.0-android/lp/104/jl/flat/104.flata' (364)
2026-09-28 06:08:34: Copy Over 'C:/rock/bannister/BannisterTools/obj/x64/Debug/net8.0-android/lp/106/jl/flat/106.flata' -> 'goodrive://www.googleapis.com/:personal:/bannister/BannisterTools/obj/x64/Debug/net8.0-android/lp/106/jl/flat/106.flata' (416)
2026-09-28 06:08:44: Copy Over 'C:/rock/bannister/BannisterTools/obj/x64/Debug/net8.0-android/lp/108/jl/flat/108.flata' -> 'goodrive://www.googleapis.com/:personal:/bannister/BannisterTools/obj/x64/Debug/net8.0-android/lp/108/jl/flat/108.flata' (360)
2026-09-28 06:08:45: Copy Over 'C:/rock/bannister/BannisterTools/obj/x64/Debug/net8.0-android/lp/107/jl/flat/107.flata' -> 'goodrive://www.googleapis.com/:personal:/bannister/BannisterTools/obj/x64/Debug/net8.0-android/lp/107/jl/flat/107.flata' (1,984)
2026-09-28 06:08:45: Copy Over 'C:/rock/bannister/BannisterTools/obj/x64/Debug/net8.0-android/lp/109/jl/flat/109.flata' -> 'goodrive://www.googleapis.com/:personal:/bannister/BannisterTools/obj/x64/Debug/net8.0-android/lp/109/jl/flat/109.flata' (256)
2026-09-28 06:08:55: Copy Over 'C:/rock/bannister/BannisterTools/obj/x64/Debug/net8.0-android/lp/112/jl/flat/112.flata' -> 'goodrive://www.googleapis.com/:personal:/bannister/BannisterTools/obj/x64/Debug/net8.0-android/lp/112/jl/flat/112.flata' (408)
2026-09-28 06:08:55: Copy Over 'C:/rock/bannister/BannisterTools/obj/x64/Debug/net8.0-android/lp/111/jl/flat/111.flata' -> 'goodrive://www.googleapis.com/:personal:/bannister/BannisterTools/obj/x64/Debug/net8.0-android/lp/111/jl/flat/111.flata' (256)
2026-09-28 06:08:56: Copy Over 'C:/rock/bannister/BannisterTools/obj/x64/Debug/net8.0-android/lp/113/jl/flat/113.flata' -> 'goodrive://www.googleapis.com/:personal:/bannister/BannisterTools/obj/x64/Debug/net8.0-android/lp/113/jl/flat/113.flata' (11,094)
2026-09-28 06:09:07: Copy Over 'C:/rock/bannister/BannisterTools/obj/x64/Debug/net8.0-android/lp/114/jl/flat/114.flata' -> 'goodrive://www.googleapis.com/:personal:/bannister/BannisterTools/obj/x64/Debug/net8.0-android/lp/114/jl/flat/114.flata' (376)
2026-09-28 06:09:07: Copy Over 'C:/rock/bannister/BannisterTools/obj/x64/Debug/net8.0-android/lp/117/jl/flat/117.flata' -> 'goodrive://www.googleapis.com/:personal:/bannister/BannisterTools/obj/x64/Debug/net8.0-android/lp/117/jl/flat/117.flata' (780)
2026-09-28 06:09:07: Copy Over 'C:/rock/bannister/BannisterTools/obj/x64/Debug/net8.0-android/lp/119/jl/flat/119.flata' -> 'goodrive://www.googleapis.com/:personal:/bannister/BannisterTools/obj/x64/Debug/net8.0-android/lp/119/jl/flat/119.flata' (256)
2026-09-28 06:09:19: Copy Over 'C:/rock/bannister/BannisterTools/obj/x64/Debug/net8.0-android/lp/123/jl/flat/123.flata' -> 'goodrive://www.googleapis.com/:personal:/bannister/BannisterTools/obj/x64/Debug/net8.0-android/lp/123/jl/flat/123.flata' (256)
2026-09-28 06:09:19: Copy Over 'C:/rock/bannister/BannisterTools/obj/x64/Debug/net8.0-android/lp/120/jl/flat/120.flata' -> 'goodrive://www.googleapis.com/:personal:/bannister/BannisterTools/obj/x64/Debug/net8.0-android/lp/120/jl/flat/120.flata' (256)
2026-09-28 06:09:19: Copy Over 'C:/rock/bannister/BannisterTools/obj/x64/Debug/net8.0-android/lp/124/jl/flat/124.flata' -> 'goodrive://www.googleapis.com/:personal:/bannister/BannisterTools/obj/x64/Debug/net8.0-android/lp/124/jl/flat/124.flata' (256)
2026-09-28 06:09:29: Copy Over 'C:/rock/bannister/BannisterTools/obj/x64/Debug/net8.0-android/lp/128/jl/flat/128.flata' -> 'goodrive://www.googleapis.com/:personal:/bannister/BannisterTools/obj/x64/Debug/net8.0-android/lp/128/jl/flat/128.flata' (6,976)
2026-09-28 06:09:30: Copy Over 'C:/rock/bannister/BannisterTools/obj/x64/Debug/net8.0-android/lp/126/jl/flat/126.flata' -> 'goodrive://www.googleapis.com/:personal:/bannister/BannisterTools/obj/x64/Debug/net8.0-android/lp/126/jl/flat/126.flata' (564)
2026-09-28 06:09:32: Copy Over 'C:/rock/bannister/BannisterTools/obj/x64/Debug/net8.0-android/lp/129/jl/flat/129.flata' -> 'goodrive://www.googleapis.com/:personal:/bannister/BannisterTools/obj/x64/Debug/net8.0-android/lp/129/jl/flat/129.flata' (2,082)
2026-09-28 06:09:38: Copy Over 'C:/rock/bannister/BannisterTools/obj/x64/Debug/net8.0-android/mauifont.stamp' -> 'goodrive://www.googleapis.com/:personal:/bannister/BannisterTools/obj/x64/Debug/net8.0-android/mauifont.stamp' (0)
2026-09-28 06:09:39: Copy Over 'C:/rock/bannister/BannisterTools/obj/x64/Debug/net8.0-android/lp/130/jl/flat/130.flata' -> 'goodrive://www.googleapis.com/:personal:/bannister/BannisterTools/obj/x64/Debug/net8.0-android/lp/130/jl/flat/130.flata' (765,520)
2026-09-28 06:09:39: Copy Over 'C:/rock/bannister/BannisterTools/obj/x64/Debug/net8.0-android/lp/131/jl/flat/131.flata' -> 'goodrive://www.googleapis.com/:personal:/bannister/BannisterTools/obj/x64/Debug/net8.0-android/lp/131/jl/flat/131.flata' (74,480)
2026-09-28 06:09:40: Create Folder goodrive://www.googleapis.com/:personal:/bannister/BannisterTools/bin/x64/Release
2026-09-28 06:09:43: Copy Over 'C:/rock/bannister/BannisterTools/obj/x64/Debug/net8.0-android/designtime/stamp/_ResolveLibraryProjectImports.stamp' -> 'goodrive://www.googleapis.com/:personal:/bannister/BannisterTools/obj/x64/Debug/net8.0-android/designtime/stamp/_ResolveLibraryProjectImports.stamp' (0)
2026-09-28 06:09:43: Copy Over 'C:/rock/bannister/BannisterTools/bin/x64/Debug/net8.0-windows10.0.19041.0/BannisterTools.deps.json' -> 'goodrive://www.googleapis.com/:personal:/bannister/BannisterTools/bin/x64/Debug/net8.0-windows10.0.19041.0/BannisterTools.deps.json' (41,166)
2026-09-28 06:09:44: Create Folder goodrive://www.googleapis.com/:personal:/bannister/BannisterTools/bin/x64/Release/net8.0-windows10.0.19041.0
2026-09-28 06:09:44: Copy Over 'C:/rock/bannister/BannisterTools/bin/x64/Debug/net8.0-windows10.0.19041.0/BannisterTools.dll' -> 'goodrive://www.googleapis.com/:personal:/bannister/BannisterTools/bin/x64/Debug/net8.0-windows10.0.19041.0/BannisterTools.dll' (780,288)
2026-09-28 06:09:45: Create Folder goodrive://www.googleapis.com/:personal:/bannister/BannisterTools/bin/x64/Release/net8.0-windows10.0.19041.0/win-x64
2026-09-28 06:09:46: Copy Over 'C:/rock/bannister/BannisterTools/bin/x64/Debug/net8.0-windows10.0.19041.0/BannisterTools.exe' -> 'goodrive://www.googleapis.com/:personal:/bannister/BannisterTools/bin/x64/Debug/net8.0-windows10.0.19041.0/BannisterTools.exe' (280,576)
2026-09-28 06:09:47: Create Folder goodrive://www.googleapis.com/:personal:/bannister/BannisterTools/bin/x64/Release/net8.0-windows10.0.19041.0/win-x64/af-ZA
2026-09-28 06:09:47: Create Folder goodrive://www.googleapis.com/:personal:/bannister/BannisterTools/bin/x64/Release/net8.0-windows10.0.19041.0/win-x64/am-ET
2026-09-28 06:09:48: Copy Over 'C:/rock/bannister/BannisterTools/bin/x64/Debug/net8.0-windows10.0.19041.0/BannisterTools.pdb' -> 'goodrive://www.googleapis.com/:personal:/bannister/BannisterTools/bin/x64/Debug/net8.0-windows10.0.19041.0/BannisterTools.pdb' (151,616)
2026-09-28 06:09:49: Copy Over 'C:/rock/bannister/BannisterTools/bin/x64/Debug/net8.0-windows10.0.19041.0/BannisterTools.runtimeconfig.json' -> 'goodrive://www.googleapis.com/:personal:/bannister/BannisterTools/bin/x64/Debug/net8.0-windows10.0.19041.0/BannisterTools.runtimeconfig.json' (318)
2026-09-28 06:09:49: Copy New 'C:/rock/bannister/BannisterTools/bin/x64/Release/net8.0-windows10.0.19041.0/win-x64/af-ZA/Microsoft.ui.xaml.dll.mui' -> 'goodrive://www.googleapis.com/:personal:/bannister/BannisterTools/bin/x64/Release/net8.0-windows10.0.19041.0/win-x64/af-ZA/Microsoft.ui.xaml.dll.mui' (16,384)
2026-09-28 06:09:50: Copy New 'C:/rock/bannister/BannisterTools/bin/x64/Release/net8.0-windows10.0.19041.0/win-x64/am-ET/Microsoft.ui.xaml.dll.mui' -> 'goodrive://www.googleapis.com/:personal:/bannister/BannisterTools/bin/x64/Release/net8.0-windows10.0.19041.0/win-x64/am-ET/Microsoft.ui.xaml.dll.mui' (13,824)
2026-09-28 06:09:51: Create Folder goodrive://www.googleapis.com/:personal:/bannister/BannisterTools/bin/x64/Release/net8.0-windows10.0.19041.0/win-x64/ar
2026-09-28 06:09:52: Copy New 'C:/rock/bannister/BannisterTools/bin/x64/Release/net8.0-windows10.0.19041.0/win-x64/af-ZA/Microsoft.UI.Xaml.Phone.dll.mui' -> 'goodrive://www.googleapis.com/:personal:/bannister/BannisterTools/bin/x64/Release/net8.0-windows10.0.19041.0/win-x64/af-ZA/Microsoft.UI.Xaml.Phone.dll.mui' (4,096)
2026-09-28 06:09:52: Create Folder goodrive://www.googleapis.com/:personal:/bannister/BannisterTools/bin/x64/Release/net8.0-windows10.0.19041.0/win-x64/ar-SA
2026-09-28 06:09:52: Copy New 'C:/rock/bannister/BannisterTools/bin/x64/Release/net8.0-windows10.0.19041.0/win-x64/am-ET/Microsoft.UI.Xaml.Phone.dll.mui' -> 'goodrive://www.googleapis.com/:personal:/bannister/BannisterTools/bin/x64/Release/net8.0-windows10.0.19041.0/win-x64/am-ET/Microsoft.UI.Xaml.Phone.dll.mui' (3,584)
2026-09-28 06:09:53: Create Folder goodrive://www.googleapis.com/:personal:/bannister/BannisterTools/bin/x64/Release/net8.0-windows10.0.19041.0/win-x64/as-IN
2026-09-28 06:09:55: Copy New 'C:/rock/bannister/BannisterTools/bin/x64/Release/net8.0-windows10.0.19041.0/win-x64/ar-SA/Microsoft.ui.xaml.dll.mui' -> 'goodrive://www.googleapis.com/:personal:/bannister/BannisterTools/bin/x64/Release/net8.0-windows10.0.19041.0/win-x64/ar-SA/Microsoft.ui.xaml.dll.mui' (16,896)
2026-09-28 06:09:55: Copy New 'C:/rock/bannister/BannisterTools/bin/x64/Release/net8.0-windows10.0.19041.0/win-x64/ar/Microsoft.Maui.Controls.resources.dll' -> 'goodrive://www.googleapis.com/:personal:/bannister/BannisterTools/bin/x64/Release/net8.0-windows10.0.19041.0/win-x64/ar/Microsoft.Maui.Controls.resources.dll' (15,392)
2026-09-28 06:09:55: Copy New 'C:/rock/bannister/BannisterTools/bin/x64/Release/net8.0-windows10.0.19041.0/win-x64/ar-SA/Microsoft.UI.Xaml.Phone.dll.mui' -> 'goodrive://www.googleapis.com/:personal:/bannister/BannisterTools/bin/x64/Release/net8.0-windows10.0.19041.0/win-x64/ar-SA/Microsoft.UI.Xaml.Phone.dll.mui' (4,096)
2026-09-28 06:09:56: Create Folder goodrive://www.googleapis.com/:personal:/bannister/BannisterTools/bin/x64/Release/net8.0-windows10.0.19041.0/win-x64/az-Latn-AZ
2026-09-28 06:09:57: Copy New 'C:/rock/bannister/BannisterTools/bin/x64/Release/net8.0-windows10.0.19041.0/win-x64/as-IN/Microsoft.ui.xaml.dll.mui' -> 'goodrive://www.googleapis.com/:personal:/bannister/BannisterTools/bin/x64/Release/net8.0-windows10.0.19041.0/win-x64/as-IN/Microsoft.ui.xaml.dll.mui' (16,384)
2026-09-28 06:09:58: Copy New 'C:/rock/bannister/BannisterTools/bin/x64/Release/net8.0-windows10.0.19041.0/win-x64/as-IN/Microsoft.UI.Xaml.Phone.dll.mui' -> 'goodrive://www.googleapis.com/:personal:/bannister/BannisterTools/bin/x64/Release/net8.0-windows10.0.19041.0/win-x64/as-IN/Microsoft.UI.Xaml.Phone.dll.mui' (4,096)
2026-09-28 06:09:59: Copy New 'C:/rock/bannister/BannisterTools/bin/x64/Release/net8.0-windows10.0.19041.0/win-x64/BannisterTools.deps.json' -> 'goodrive://www.googleapis.com/:personal:/bannister/BannisterTools/bin/x64/Release/net8.0-windows10.0.19041.0/win-x64/BannisterTools.deps.json' (60,101)
2026-09-28 06:10:00: Copy New 'C:/rock/bannister/BannisterTools/bin/x64/Release/net8.0-windows10.0.19041.0/win-x64/az-Latn-AZ/Microsoft.ui.xaml.dll.mui' -> 'goodrive://www.googleapis.com/:personal:/bannister/BannisterTools/bin/x64/Release/net8.0-windows10.0.19041.0/win-x64/az-Latn-AZ/Microsoft.ui.xaml.dll.mui' (16,896)
2026-09-28 06:10:00: Copy New 'C:/rock/bannister/BannisterTools/bin/x64/Release/net8.0-windows10.0.19041.0/win-x64/az-Latn-AZ/Microsoft.UI.Xaml.Phone.dll.mui' -> 'goodrive://www.googleapis.com/:personal:/bannister/BannisterTools/bin/x64/Release/net8.0-windows10.0.19041.0/win-x64/az-Latn-AZ/Microsoft.UI.Xaml.Phone.dll.mui' (4,096)
2026-09-28 06:10:01: Copy New 'C:/rock/bannister/BannisterTools/bin/x64/Release/net8.0-windows10.0.19041.0/win-x64/BannisterTools.dll' -> 'goodrive://www.googleapis.com/:personal:/bannister/BannisterTools/bin/x64/Release/net8.0-windows10.0.19041.0/win-x64/BannisterTools.dll' (686,592)
2026-09-28 06:10:02: Copy New 'C:/rock/bannister/BannisterTools/bin/x64/Release/net8.0-windows10.0.19041.0/win-x64/BannisterTools.exe' -> 'goodrive://www.googleapis.com/:personal:/bannister/BannisterTools/bin/x64/Release/net8.0-windows10.0.19041.0/win-x64/BannisterTools.exe' (279,552)
2026-09-28 06:10:03: Create Folder goodrive://www.googleapis.com/:personal:/bannister/BannisterTools/bin/x64/Release/net8.0-windows10.0.19041.0/win-x64/bg-BG
2026-09-28 06:10:03: Copy New 'C:/rock/bannister/BannisterTools/bin/x64/Release/net8.0-windows10.0.19041.0/win-x64/BannisterTools.pdb' -> 'goodrive://www.googleapis.com/:personal:/bannister/BannisterTools/bin/x64/Release/net8.0-windows10.0.19041.0/win-x64/BannisterTools.pdb' (140,824)
2026-09-28 06:10:03: Copy New 'C:/rock/bannister/BannisterTools/bin/x64/Release/net8.0-windows10.0.19041.0/win-x64/BannisterTools.runtimeconfig.json' -> 'goodrive://www.googleapis.com/:personal:/bannister/BannisterTools/bin/x64/Release/net8.0-windows10.0.19041.0/win-x64/BannisterTools.runtimeconfig.json' (422)
2026-09-28 06:10:04: Create Folder goodrive://www.googleapis.com/:personal:/bannister/BannisterTools/bin/x64/Release/net8.0-windows10.0.19041.0/win-x64/bn-IN
2026-09-28 06:10:04: Create Folder goodrive://www.googleapis.com/:personal:/bannister/BannisterTools/bin/x64/Release/net8.0-windows10.0.19041.0/win-x64/bs-Latn-BA
2026-09-28 06:10:05: Copy New 'C:/rock/bannister/BannisterTools/bin/x64/Release/net8.0-windows10.0.19041.0/win-x64/bg-BG/Microsoft.ui.xaml.dll.mui' -> 'goodrive://www.googleapis.com/:personal:/bannister/BannisterTools/bin/x64/Release/net8.0-windows10.0.19041.0/win-x64/bg-BG/Microsoft.ui.xaml.dll.mui' (18,432)
2026-09-28 06:10:06: Copy New 'C:/rock/bannister/BannisterTools/bin/x64/Release/net8.0-windows10.0.19041.0/win-x64/bg-BG/Microsoft.UI.Xaml.Phone.dll.mui' -> 'goodrive://www.googleapis.com/:personal:/bannister/BannisterTools/bin/x64/Release/net8.0-windows10.0.19041.0/win-x64/bg-BG/Microsoft.UI.Xaml.Phone.dll.mui' (4,096)
2026-09-28 06:10:07: Copy New 'C:/rock/bannister/BannisterTools/bin/x64/Release/net8.0-windows10.0.19041.0/win-x64/bn-IN/Microsoft.ui.xaml.dll.mui' -> 'goodrive://www.googleapis.com/:personal:/bannister/BannisterTools/bin/x64/Release/net8.0-windows10.0.19041.0/win-x64/bn-IN/Microsoft.ui.xaml.dll.mui' (16,896)
2026-09-28 06:10:08: Copy New 'C:/rock/bannister/BannisterTools/bin/x64/Release/net8.0-windows10.0.19041.0/win-x64/bs-Latn-BA/Microsoft.ui.xaml.dll.mui' -> 'goodrive://www.googleapis.com/:personal:/bannister/BannisterTools/bin/x64/Release/net8.0-windows10.0.19041.0/win-x64/bs-Latn-BA/Microsoft.ui.xaml.dll.mui' (17,408)
2026-09-28 06:10:08: Copy New 'C:/rock/bannister/BannisterTools/bin/x64/Release/net8.0-windows10.0.19041.0/win-x64/bs-Latn-BA/Microsoft.UI.Xaml.Phone.dll.mui' -> 'goodrive://www.googleapis.com/:personal:/bannister/BannisterTools/bin/x64/Release/net8.0-windows10.0.19041.0/win-x64/bs-Latn-BA/Microsoft.UI.Xaml.Phone.dll.mui' (4,096)
2026-09-28 06:10:09: Create Folder goodrive://www.googleapis.com/:personal:/bannister/BannisterTools/bin/x64/Release/net8.0-windows10.0.19041.0/win-x64/ca
2026-09-28 06:10:09: Create Folder goodrive://www.googleapis.com/:personal:/bannister/BannisterTools/bin/x64/Release/net8.0-windows10.0.19041.0/win-x64/ca-ES
2026-09-28 06:10:09: Copy New 'C:/rock/bannister/BannisterTools/bin/x64/Release/net8.0-windows10.0.19041.0/win-x64/bn-IN/Microsoft.UI.Xaml.Phone.dll.mui' -> 'goodrive://www.googleapis.com/:personal:/bannister/BannisterTools/bin/x64/Release/net8.0-windows10.0.19041.0/win-x64/bn-IN/Microsoft.UI.Xaml.Phone.dll.mui' (4,096)
2026-09-28 06:10:10: Create Folder goodrive://www.googleapis.com/:personal:/bannister/BannisterTools/bin/x64/Release/net8.0-windows10.0.19041.0/win-x64/ca-Es-VALENCIA
2026-09-28 06:10:11: Copy New 'C:/rock/bannister/BannisterTools/bin/x64/Release/net8.0-windows10.0.19041.0/win-x64/ca-ES/Microsoft.ui.xaml.dll.mui' -> 'goodrive://www.googleapis.com/:personal:/bannister/BannisterTools/bin/x64/Release/net8.0-windows10.0.19041.0/win-x64/ca-ES/Microsoft.ui.xaml.dll.mui' (17,920)
2026-09-28 06:10:11: Copy New 'C:/rock/bannister/BannisterTools/bin/x64/Release/net8.0-windows10.0.19041.0/win-x64/ca-ES/Microsoft.UI.Xaml.Phone.dll.mui' -> 'goodrive://www.googleapis.com/:personal:/bannister/BannisterTools/bin/x64/Release/net8.0-windows10.0.19041.0/win-x64/ca-ES/Microsoft.UI.Xaml.Phone.dll.mui' (4,096)
2026-09-28 06:10:13: Copy New 'C:/rock/bannister/BannisterTools/bin/x64/Release/net8.0-windows10.0.19041.0/win-x64/ca/Microsoft.Maui.Controls.resources.dll' -> 'goodrive://www.googleapis.com/:personal:/bannister/BannisterTools/bin/x64/Release/net8.0-windows10.0.19041.0/win-x64/ca/Microsoft.Maui.Controls.resources.dll' (15,392)
2026-09-28 06:10:13: Copy New 'C:/rock/bannister/BannisterTools/bin/x64/Release/net8.0-windows10.0.19041.0/win-x64/ca-Es-VALENCIA/Microsoft.ui.xaml.dll.mui' -> 'goodrive://www.googleapis.com/:personal:/bannister/BannisterTools/bin/x64/Release/net8.0-windows10.0.19041.0/win-x64/ca-Es-VALENCIA/Microsoft.ui.xaml.dll.mui' (17,920)
2026-09-28 06:10:13: Copy New 'C:/rock/bannister/BannisterTools/bin/x64/Release/net8.0-windows10.0.19041.0/win-x64/ca-Es-VALENCIA/Microsoft.UI.Xaml.Phone.dll.mui' -> 'goodrive://www.googleapis.com/:personal:/bannister/BannisterTools/bin/x64/Release/net8.0-windows10.0.19041.0/win-x64/ca-Es-VALENCIA/Microsoft.UI.Xaml.Phone.dll.mui' (4,096)
2026-09-28 06:10:13: > Copy New 'C:/rock/bannister/BannisterTools/bin/x64/Release/net8.0-windows10.0.19041.0/win-x64/clrjit.dll' -> 'goodrive://www.googleapis.com/:personal:/bannister/BannisterTools/bin/x64/Release/net8.0-windows10.0.19041.0/win-x64/clrjit.dll' (1,779,000)
2026-09-28 06:10:15: Copy New 'C:/rock/bannister/BannisterTools/bin/x64/Release/net8.0-windows10.0.19041.0/win-x64/clrgc.dll' -> 'goodrive://www.googleapis.com/:personal:/bannister/BannisterTools/bin/x64/Release/net8.0-windows10.0.19041.0/win-x64/clrgc.dll' (668,424)
2026-09-28 06:10:15: > Copy New 'C:/rock/bannister/BannisterTools/bin/x64/Release/net8.0-windows10.0.19041.0/win-x64/coreclr.dll' -> 'goodrive://www.googleapis.com/:personal:/bannister/BannisterTools/bin/x64/Release/net8.0-windows10.0.19041.0/win-x64/coreclr.dll' (4,995,856)
2026-09-28 06:10:15: Copy New 'C:/rock/bannister/BannisterTools/bin/x64/Release/net8.0-windows10.0.19041.0/win-x64/clretwrc.dll' -> 'goodrive://www.googleapis.com/:personal:/bannister/BannisterTools/bin/x64/Release/net8.0-windows10.0.19041.0/win-x64/clretwrc.dll' (311,048)
2026-09-28 06:10:16: < Copy New 'C:/rock/bannister/BannisterTools/bin/x64/Release/net8.0-windows10.0.19041.0/win-x64/clrjit.dll' -> 'goodrive://www.googleapis.com/:personal:/bannister/BannisterTools/bin/x64/Release/net8.0-windows10.0.19041.0/win-x64/clrjit.dll' (1,779,000)
2026-09-28 06:10:17: Copy New 'C:/rock/bannister/BannisterTools/bin/x64/Release/net8.0-windows10.0.19041.0/win-x64/CoreMessagingXP.dll' -> 'goodrive://www.googleapis.com/:personal:/bannister/BannisterTools/bin/x64/Release/net8.0-windows10.0.19041.0/win-x64/CoreMessagingXP.dll' (1,042,352)
2026-09-28 06:10:18: < Copy New 'C:/rock/bannister/BannisterTools/bin/x64/Release/net8.0-windows10.0.19041.0/win-x64/coreclr.dll' -> 'goodrive://www.googleapis.com/:personal:/bannister/BannisterTools/bin/x64/Release/net8.0-windows10.0.19041.0/win-x64/coreclr.dll' (4,995,856)
2026-09-28 06:10:18: Copy New 'C:/rock/bannister/BannisterTools/bin/x64/Release/net8.0-windows10.0.19041.0/win-x64/createdump.exe' -> 'goodrive://www.googleapis.com/:personal:/bannister/BannisterTools/bin/x64/Release/net8.0-windows10.0.19041.0/win-x64/createdump.exe' (71,992)
2026-09-28 06:10:18: Create Folder goodrive://www.googleapis.com/:personal:/bannister/BannisterTools/bin/x64/Release/net8.0-windows10.0.19041.0/win-x64/cs
2026-09-28 06:10:18: Create Folder goodrive://www.googleapis.com/:personal:/bannister/BannisterTools/bin/x64/Release/net8.0-windows10.0.19041.0/win-x64/cs-CZ
2026-09-28 06:10:19: Create Folder goodrive://www.googleapis.com/:personal:/bannister/BannisterTools/bin/x64/Release/net8.0-windows10.0.19041.0/win-x64/cy-GB
2026-09-28 06:10:19: Create Folder goodrive://www.googleapis.com/:personal:/bannister/BannisterTools/bin/x64/Release/net8.0-windows10.0.19041.0/win-x64/da
2026-09-28 06:10:21: Copy New 'C:/rock/bannister/BannisterTools/bin/x64/Release/net8.0-windows10.0.19041.0/win-x64/cs/Microsoft.Maui.Controls.resources.dll' -> 'goodrive://www.googleapis.com/:personal:/bannister/BannisterTools/bin/x64/Release/net8.0-windows10.0.19041.0/win-x64/cs/Microsoft.Maui.Controls.resources.dll' (15,392)
2026-09-28 06:10:21: Copy New 'C:/rock/bannister/BannisterTools/bin/x64/Release/net8.0-windows10.0.19041.0/win-x64/cs-CZ/Microsoft.ui.xaml.dll.mui' -> 'goodrive://www.googleapis.com/:personal:/bannister/BannisterTools/bin/x64/Release/net8.0-windows10.0.19041.0/win-x64/cs-CZ/Microsoft.ui.xaml.dll.mui' (16,896)
2026-09-28 06:10:22: Copy New 'C:/rock/bannister/BannisterTools/bin/x64/Release/net8.0-windows10.0.19041.0/win-x64/da/Microsoft.Maui.Controls.resources.dll' -> 'goodrive://www.googleapis.com/:personal:/bannister/BannisterTools/bin/x64/Release/net8.0-windows10.0.19041.0/win-x64/da/Microsoft.Maui.Controls.resources.dll' (15,384)
2026-09-28 06:10:23: Copy New 'C:/rock/bannister/BannisterTools/bin/x64/Release/net8.0-windows10.0.19041.0/win-x64/cy-GB/Microsoft.ui.xaml.dll.mui' -> 'goodrive://www.googleapis.com/:personal:/bannister/BannisterTools/bin/x64/Release/net8.0-windows10.0.19041.0/win-x64/cy-GB/Microsoft.ui.xaml.dll.mui' (16,384)
2026-09-28 06:10:23: Copy New 'C:/rock/bannister/BannisterTools/bin/x64/Release/net8.0-windows10.0.19041.0/win-x64/cy-GB/Microsoft.UI.Xaml.Phone.dll.mui' -> 'goodrive://www.googleapis.com/:personal:/bannister/BannisterTools/bin/x64/Release/net8.0-windows10.0.19041.0/win-x64/cy-GB/Microsoft.UI.Xaml.Phone.dll.mui' (4,096)
2026-09-28 06:10:23: > Copy New 'C:/rock/bannister/BannisterTools/bin/x64/Release/net8.0-windows10.0.19041.0/win-x64/dcompi.dll' -> 'goodrive://www.googleapis.com/:personal:/bannister/BannisterTools/bin/x64/Release/net8.0-windows10.0.19041.0/win-x64/dcompi.dll' (1,820,592)
2026-09-28 06:10:24: Create Folder goodrive://www.googleapis.com/:personal:/bannister/BannisterTools/bin/x64/Release/net8.0-windows10.0.19041.0/win-x64/da-DK
2026-09-28 06:10:24: Copy New 'C:/rock/bannister/BannisterTools/bin/x64/Release/net8.0-windows10.0.19041.0/win-x64/cs-CZ/Microsoft.UI.Xaml.Phone.dll.mui' -> 'goodrive://www.googleapis.com/:personal:/bannister/BannisterTools/bin/x64/Release/net8.0-windows10.0.19041.0/win-x64/cs-CZ/Microsoft.UI.Xaml.Phone.dll.mui' (4,096)
2026-09-28 06:10:25: Create Folder goodrive://www.googleapis.com/:personal:/bannister/BannisterTools/bin/x64/Release/net8.0-windows10.0.19041.0/win-x64/de
2026-09-28 06:10:25: < Copy New 'C:/rock/bannister/BannisterTools/bin/x64/Release/net8.0-windows10.0.19041.0/win-x64/dcompi.dll' -> 'goodrive://www.googleapis.com/:personal:/bannister/BannisterTools/bin/x64/Release/net8.0-windows10.0.19041.0/win-x64/dcompi.dll' (1,820,592)
2026-09-28 06:10:27: Copy New 'C:/rock/bannister/BannisterTools/bin/x64/Release/net8.0-windows10.0.19041.0/win-x64/da-DK/Microsoft.ui.xaml.dll.mui' -> 'goodrive://www.googleapis.com/:personal:/bannister/BannisterTools/bin/x64/Release/net8.0-windows10.0.19041.0/win-x64/da-DK/Microsoft.ui.xaml.dll.mui' (16,384)
2026-09-28 06:10:27: Copy New 'C:/rock/bannister/BannisterTools/bin/x64/Release/net8.0-windows10.0.19041.0/win-x64/da-DK/Microsoft.UI.Xaml.Phone.dll.mui' -> 'goodrive://www.googleapis.com/:personal:/bannister/BannisterTools/bin/x64/Release/net8.0-windows10.0.19041.0/win-x64/da-DK/Microsoft.UI.Xaml.Phone.dll.mui' (4,096)
2026-09-28 06:10:27: > Copy New 'C:/rock/bannister/BannisterTools/bin/x64/Release/net8.0-windows10.0.19041.0/win-x64/dwmcorei.dll' -> 'goodrive://www.googleapis.com/:personal:/bannister/BannisterTools/bin/x64/Release/net8.0-windows10.0.19041.0/win-x64/dwmcorei.dll' (3,016,624)
2026-09-28 06:10:28: Create Folder goodrive://www.googleapis.com/:personal:/bannister/BannisterTools/bin/x64/Release/net8.0-windows10.0.19041.0/win-x64/de-DE
2026-09-28 06:10:28: > Copy New 'C:/rock/bannister/BannisterTools/bin/x64/Release/net8.0-windows10.0.19041.0/win-x64/DwmSceneI.dll' -> 'goodrive://www.googleapis.com/:personal:/bannister/BannisterTools/bin/x64/Release/net8.0-windows10.0.19041.0/win-x64/DwmSceneI.dll' (2,365,472)
2026-09-28 06:10:28: Copy New 'C:/rock/bannister/BannisterTools/bin/x64/Release/net8.0-windows10.0.19041.0/win-x64/de/Microsoft.Maui.Controls.resources.dll' -> 'goodrive://www.googleapis.com/:personal:/bannister/BannisterTools/bin/x64/Release/net8.0-windows10.0.19041.0/win-x64/de/Microsoft.Maui.Controls.resources.dll' (15,392)
2026-09-28 06:10:30: < Copy New 'C:/rock/bannister/BannisterTools/bin/x64/Release/net8.0-windows10.0.19041.0/win-x64/dwmcorei.dll' -> 'goodrive://www.googleapis.com/:personal:/bannister/BannisterTools/bin/x64/Release/net8.0-windows10.0.19041.0/win-x64/dwmcorei.dll' (3,016,624)
2026-09-28 06:10:30: Copy New 'C:/rock/bannister/BannisterTools/bin/x64/Release/net8.0-windows10.0.19041.0/win-x64/de-DE/Microsoft.ui.xaml.dll.mui' -> 'goodrive://www.googleapis.com/:personal:/bannister/BannisterTools/bin/x64/Release/net8.0-windows10.0.19041.0/win-x64/de-DE/Microsoft.ui.xaml.dll.mui' (17,408)
2026-09-28 06:10:30: > Copy New 'C:/rock/bannister/BannisterTools/bin/x64/Release/net8.0-windows10.0.19041.0/win-x64/DWriteCore.dll' -> 'goodrive://www.googleapis.com/:personal:/bannister/BannisterTools/bin/x64/Release/net8.0-windows10.0.19041.0/win-x64/DWriteCore.dll' (3,043,880)
2026-09-28 06:10:31: < Copy New 'C:/rock/bannister/BannisterTools/bin/x64/Release/net8.0-windows10.0.19041.0/win-x64/DwmSceneI.dll' -> 'goodrive://www.googleapis.com/:personal:/bannister/BannisterTools/bin/x64/Release/net8.0-windows10.0.19041.0/win-x64/DwmSceneI.dll' (2,365,472)
2026-09-28 06:10:31: > Copy New 'C:/rock/bannister/BannisterTools/bin/x64/Release/net8.0-windows10.0.19041.0/win-x64/e_sqlcipher.dll' -> 'goodrive://www.googleapis.com/:personal:/bannister/BannisterTools/bin/x64/Release/net8.0-windows10.0.19041.0/win-x64/e_sqlcipher.dll' (1,852,928)
2026-09-28 06:10:32: Copy New 'C:/rock/bannister/BannisterTools/bin/x64/Release/net8.0-windows10.0.19041.0/win-x64/de-DE/Microsoft.UI.Xaml.Phone.dll.mui' -> 'goodrive://www.googleapis.com/:personal:/bannister/BannisterTools/bin/x64/Release/net8.0-windows10.0.19041.0/win-x64/de-DE/Microsoft.UI.Xaml.Phone.dll.mui' (4,096)
2026-09-28 06:10:32: > Copy New 'C:/rock/bannister/BannisterTools/bin/x64/Release/net8.0-windows10.0.19041.0/win-x64/e_sqlite3.dll' -> 'goodrive://www.googleapis.com/:personal:/bannister/BannisterTools/bin/x64/Release/net8.0-windows10.0.19041.0/win-x64/e_sqlite3.dll' (1,638,912)
2026-09-28 06:10:33: < Copy New 'C:/rock/bannister/BannisterTools/bin/x64/Release/net8.0-windows10.0.19041.0/win-x64/e_sqlcipher.dll' -> 'goodrive://www.googleapis.com/:personal:/bannister/BannisterTools/bin/x64/Release/net8.0-windows10.0.19041.0/win-x64/e_sqlcipher.dll' (1,852,928)
2026-09-28 06:10:33: < Copy New 'C:/rock/bannister/BannisterTools/bin/x64/Release/net8.0-windows10.0.19041.0/win-x64/DWriteCore.dll' -> 'goodrive://www.googleapis.com/:personal:/bannister/BannisterTools/bin/x64/Release/net8.0-windows10.0.19041.0/win-x64/DWriteCore.dll' (3,043,880)
2026-09-28 06:10:33: Create Folder goodrive://www.googleapis.com/:personal:/bannister/BannisterTools/bin/x64/Release/net8.0-windows10.0.19041.0/win-x64/el
2026-09-28 06:10:34: Create Folder goodrive://www.googleapis.com/:personal:/bannister/BannisterTools/bin/x64/Release/net8.0-windows10.0.19041.0/win-x64/el-GR
2026-09-28 06:10:34: Create Folder goodrive://www.googleapis.com/:personal:/bannister/BannisterTools/bin/x64/Release/net8.0-windows10.0.19041.0/win-x64/en-GB
2026-09-28 06:10:35: < Copy New 'C:/rock/bannister/BannisterTools/bin/x64/Release/net8.0-windows10.0.19041.0/win-x64/e_sqlite3.dll' -> 'goodrive://www.googleapis.com/:personal:/bannister/BannisterTools/bin/x64/Release/net8.0-windows10.0.19041.0/win-x64/e_sqlite3.dll' (1,638,912)
2026-09-28 06:10:37: Copy New 'C:/rock/bannister/BannisterTools/bin/x64/Release/net8.0-windows10.0.19041.0/win-x64/el/Microsoft.Maui.Controls.resources.dll' -> 'goodrive://www.googleapis.com/:personal:/bannister/BannisterTools/bin/x64/Release/net8.0-windows10.0.19041.0/win-x64/el/Microsoft.Maui.Controls.resources.dll' (15,432)
2026-09-28 06:10:37: Copy New 'C:/rock/bannister/BannisterTools/bin/x64/Release/net8.0-windows10.0.19041.0/win-x64/el-GR/Microsoft.ui.xaml.dll.mui' -> 'goodrive://www.googleapis.com/:personal:/bannister/BannisterTools/bin/x64/Release/net8.0-windows10.0.19041.0/win-x64/el-GR/Microsoft.ui.xaml.dll.mui' (18,432)
2026-09-28 06:10:37: Copy New 'C:/rock/bannister/BannisterTools/bin/x64/Release/net8.0-windows10.0.19041.0/win-x64/en-GB/Microsoft.ui.xaml.dll.mui' -> 'goodrive://www.googleapis.com/:personal:/bannister/BannisterTools/bin/x64/Release/net8.0-windows10.0.19041.0/win-x64/en-GB/Microsoft.ui.xaml.dll.mui' (15,360)
2026-09-28 06:10:38: Create Folder goodrive://www.googleapis.com/:personal:/bannister/BannisterTools/bin/x64/Release/net8.0-windows10.0.19041.0/win-x64/en-us
2026-09-28 06:10:38: Copy New 'C:/rock/bannister/BannisterTools/bin/x64/Release/net8.0-windows10.0.19041.0/win-x64/el-GR/Microsoft.UI.Xaml.Phone.dll.mui' -> 'goodrive://www.googleapis.com/:personal:/bannister/BannisterTools/bin/x64/Release/net8.0-windows10.0.19041.0/win-x64/el-GR/Microsoft.UI.Xaml.Phone.dll.mui' (4,096)
2026-09-28 06:10:39: Create Folder goodrive://www.googleapis.com/:personal:/bannister/BannisterTools/bin/x64/Release/net8.0-windows10.0.19041.0/win-x64/es
2026-09-28 06:10:39: Copy New 'C:/rock/bannister/BannisterTools/bin/x64/Release/net8.0-windows10.0.19041.0/win-x64/en-GB/Microsoft.UI.Xaml.Phone.dll.mui' -> 'goodrive://www.googleapis.com/:personal:/bannister/BannisterTools/bin/x64/Release/net8.0-windows10.0.19041.0/win-x64/en-GB/Microsoft.UI.Xaml.Phone.dll.mui' (4,096)
2026-09-28 06:10:41: Copy New 'C:/rock/bannister/BannisterTools/bin/x64/Release/net8.0-windows10.0.19041.0/win-x64/en-us/Microsoft.ui.xaml.dll.mui' -> 'goodrive://www.googleapis.com/:personal:/bannister/BannisterTools/bin/x64/Release/net8.0-windows10.0.19041.0/win-x64/en-us/Microsoft.ui.xaml.dll.mui' (15,360)
2026-09-28 06:10:41: Copy New 'C:/rock/bannister/BannisterTools/bin/x64/Release/net8.0-windows10.0.19041.0/win-x64/en-us/Microsoft.UI.Xaml.Phone.dll.mui' -> 'goodrive://www.googleapis.com/:personal:/bannister/BannisterTools/bin/x64/Release/net8.0-windows10.0.19041.0/win-x64/en-us/Microsoft.UI.Xaml.Phone.dll.mui' (4,096)
2026-09-28 06:10:41: Copy New 'C:/rock/bannister/BannisterTools/bin/x64/Release/net8.0-windows10.0.19041.0/win-x64/es/Microsoft.Maui.Controls.resources.dll' -> 'goodrive://www.googleapis.com/:personal:/bannister/BannisterTools/bin/x64/Release/net8.0-windows10.0.19041.0/win-x64/es/Microsoft.Maui.Controls.resources.dll' (15,400)
2026-09-28 06:10:42: Create Folder goodrive://www.googleapis.com/:personal:/bannister/BannisterTools/bin/x64/Release/net8.0-windows10.0.19041.0/win-x64/es-ES
2026-09-28 06:10:42: Create Folder goodrive://www.googleapis.com/:personal:/bannister/BannisterTools/bin/x64/Release/net8.0-windows10.0.19041.0/win-x64/es-MX
2026-09-28 06:10:42: Create Folder goodrive://www.googleapis.com/:personal:/bannister/BannisterTools/bin/x64/Release/net8.0-windows10.0.19041.0/win-x64/et-EE
2026-09-28 06:10:42: Create Folder goodrive://www.googleapis.com/:personal:/bannister/BannisterTools/bin/x64/Release/net8.0-windows10.0.19041.0/win-x64/eu-ES
2026-09-28 06:10:44: Copy New 'C:/rock/bannister/BannisterTools/bin/x64/Release/net8.0-windows10.0.19041.0/win-x64/es-ES/Microsoft.ui.xaml.dll.mui' -> 'goodrive://www.googleapis.com/:personal:/bannister/BannisterTools/bin/x64/Release/net8.0-windows10.0.19041.0/win-x64/es-ES/Microsoft.ui.xaml.dll.mui' (17,920)
2026-09-28 06:10:45: Copy New 'C:/rock/bannister/BannisterTools/bin/x64/Release/net8.0-windows10.0.19041.0/win-x64/es-MX/Microsoft.ui.xaml.dll.mui' -> 'goodrive://www.googleapis.com/:personal:/bannister/BannisterTools/bin/x64/Release/net8.0-windows10.0.19041.0/win-x64/es-MX/Microsoft.ui.xaml.dll.mui' (17,920)
2026-09-28 06:10:45: Copy New 'C:/rock/bannister/BannisterTools/bin/x64/Release/net8.0-windows10.0.19041.0/win-x64/et-EE/Microsoft.ui.xaml.dll.mui' -> 'goodrive://www.googleapis.com/:personal:/bannister/BannisterTools/bin/x64/Release/net8.0-windows10.0.19041.0/win-x64/et-EE/Microsoft.ui.xaml.dll.mui' (16,896)
2026-09-28 06:10:46: Copy New 'C:/rock/bannister/BannisterTools/bin/x64/Release/net8.0-windows10.0.19041.0/win-x64/eu-ES/Microsoft.ui.xaml.dll.mui' -> 'goodrive://www.googleapis.com/:personal:/bannister/BannisterTools/bin/x64/Release/net8.0-windows10.0.19041.0/win-x64/eu-ES/Microsoft.ui.xaml.dll.mui' (18,432)
2026-09-28 06:10:47: Copy New 'C:/rock/bannister/BannisterTools/bin/x64/Release/net8.0-windows10.0.19041.0/win-x64/eu-ES/Microsoft.UI.Xaml.Phone.dll.mui' -> 'goodrive://www.googleapis.com/:personal:/bannister/BannisterTools/bin/x64/Release/net8.0-windows10.0.19041.0/win-x64/eu-ES/Microsoft.UI.Xaml.Phone.dll.mui' (4,096)
2026-09-28 06:10:47: Copy New 'C:/rock/bannister/BannisterTools/bin/x64/Release/net8.0-windows10.0.19041.0/win-x64/et-EE/Microsoft.UI.Xaml.Phone.dll.mui' -> 'goodrive://www.googleapis.com/:personal:/bannister/BannisterTools/bin/x64/Release/net8.0-windows10.0.19041.0/win-x64/et-EE/Microsoft.UI.Xaml.Phone.dll.mui' (4,096)
2026-09-28 06:10:48: Create Folder goodrive://www.googleapis.com/:personal:/bannister/BannisterTools/bin/x64/Release/net8.0-windows10.0.19041.0/win-x64/fa-IR
2026-09-28 06:10:49: Create Folder goodrive://www.googleapis.com/:personal:/bannister/BannisterTools/bin/x64/Release/net8.0-windows10.0.19041.0/win-x64/fi
2026-09-28 06:10:49: Copy New 'C:/rock/bannister/BannisterTools/bin/x64/Release/net8.0-windows10.0.19041.0/win-x64/es-MX/Microsoft.UI.Xaml.Phone.dll.mui' -> 'goodrive://www.googleapis.com/:personal:/bannister/BannisterTools/bin/x64/Release/net8.0-windows10.0.19041.0/win-x64/es-MX/Microsoft.UI.Xaml.Phone.dll.mui' (4,096)
2026-09-28 06:10:49: Copy New 'C:/rock/bannister/BannisterTools/bin/x64/Release/net8.0-windows10.0.19041.0/win-x64/es-ES/Microsoft.UI.Xaml.Phone.dll.mui' -> 'goodrive://www.googleapis.com/:personal:/bannister/BannisterTools/bin/x64/Release/net8.0-windows10.0.19041.0/win-x64/es-ES/Microsoft.UI.Xaml.Phone.dll.mui' (4,096)
2026-09-28 06:10:51: Copy New 'C:/rock/bannister/BannisterTools/bin/x64/Release/net8.0-windows10.0.19041.0/win-x64/fa-IR/Microsoft.ui.xaml.dll.mui' -> 'goodrive://www.googleapis.com/:personal:/bannister/BannisterTools/bin/x64/Release/net8.0-windows10.0.19041.0/win-x64/fa-IR/Microsoft.ui.xaml.dll.mui' (16,384)
2026-09-28 06:10:52: Copy New 'C:/rock/bannister/BannisterTools/bin/x64/Release/net8.0-windows10.0.19041.0/win-x64/fa-IR/Microsoft.UI.Xaml.Phone.dll.mui' -> 'goodrive://www.googleapis.com/:personal:/bannister/BannisterTools/bin/x64/Release/net8.0-windows10.0.19041.0/win-x64/fa-IR/Microsoft.UI.Xaml.Phone.dll.mui' (4,096)
2026-09-28 06:10:52: Copy New 'C:/rock/bannister/BannisterTools/bin/x64/Release/net8.0-windows10.0.19041.0/win-x64/fi/Microsoft.Maui.Controls.resources.dll' -> 'goodrive://www.googleapis.com/:personal:/bannister/BannisterTools/bin/x64/Release/net8.0-windows10.0.19041.0/win-x64/fi/Microsoft.Maui.Controls.resources.dll' (15,408)
2026-09-28 06:10:52: Create Folder goodrive://www.googleapis.com/:personal:/bannister/BannisterTools/bin/x64/Release/net8.0-windows10.0.19041.0/win-x64/fi-FI
2026-09-28 06:10:52: Create Folder goodrive://www.googleapis.com/:personal:/bannister/BannisterTools/bin/x64/Release/net8.0-windows10.0.19041.0/win-x64/fil-PH
2026-09-28 06:10:52: Create Folder goodrive://www.googleapis.com/:personal:/bannister/BannisterTools/bin/x64/Release/net8.0-windows10.0.19041.0/win-x64/fr
2026-09-28 06:10:53: Create Folder goodrive://www.googleapis.com/:personal:/bannister/BannisterTools/bin/x64/Release/net8.0-windows10.0.19041.0/win-x64/fr-CA
2026-09-28 06:10:55: Copy New 'C:/rock/bannister/BannisterTools/bin/x64/Release/net8.0-windows10.0.19041.0/win-x64/fi-FI/Microsoft.ui.xaml.dll.mui' -> 'goodrive://www.googleapis.com/:personal:/bannister/BannisterTools/bin/x64/Release/net8.0-windows10.0.19041.0/win-x64/fi-FI/Microsoft.ui.xaml.dll.mui' (17,408)
2026-09-28 06:10:55: Copy New 'C:/rock/bannister/BannisterTools/bin/x64/Release/net8.0-windows10.0.19041.0/win-x64/fil-PH/Microsoft.ui.xaml.dll.mui' -> 'goodrive://www.googleapis.com/:personal:/bannister/BannisterTools/bin/x64/Release/net8.0-windows10.0.19041.0/win-x64/fil-PH/Microsoft.ui.xaml.dll.mui' (16,896)
2026-09-28 06:10:55: Copy New 'C:/rock/bannister/BannisterTools/bin/x64/Release/net8.0-windows10.0.19041.0/win-x64/fr/Microsoft.Maui.Controls.resources.dll' -> 'goodrive://www.googleapis.com/:personal:/bannister/BannisterTools/bin/x64/Release/net8.0-windows10.0.19041.0/win-x64/fr/Microsoft.Maui.Controls.resources.dll' (15,392)
2026-09-28 06:10:57: Copy New 'C:/rock/bannister/BannisterTools/bin/x64/Release/net8.0-windows10.0.19041.0/win-x64/fr-CA/Microsoft.ui.xaml.dll.mui' -> 'goodrive://www.googleapis.com/:personal:/bannister/BannisterTools/bin/x64/Release/net8.0-windows10.0.19041.0/win-x64/fr-CA/Microsoft.ui.xaml.dll.mui' (17,408)
2026-09-28 06:10:57: Copy New 'C:/rock/bannister/BannisterTools/bin/x64/Release/net8.0-windows10.0.19041.0/win-x64/fil-PH/Microsoft.UI.Xaml.Phone.dll.mui' -> 'goodrive://www.googleapis.com/:personal:/bannister/BannisterTools/bin/x64/Release/net8.0-windows10.0.19041.0/win-x64/fil-PH/Microsoft.UI.Xaml.Phone.dll.mui' (4,096)
2026-09-28 06:10:58: Copy New 'C:/rock/bannister/BannisterTools/bin/x64/Release/net8.0-windows10.0.19041.0/win-x64/fr-CA/Microsoft.UI.Xaml.Phone.dll.mui' -> 'goodrive://www.googleapis.com/:personal:/bannister/BannisterTools/bin/x64/Release/net8.0-windows10.0.19041.0/win-x64/fr-CA/Microsoft.UI.Xaml.Phone.dll.mui' (4,096)
2026-09-28 06:10:58: Create Folder goodrive://www.googleapis.com/:personal:/bannister/BannisterTools/bin/x64/Release/net8.0-windows10.0.19041.0/win-x64/fr-FR
2026-09-28 06:10:59: Create Folder goodrive://www.googleapis.com/:personal:/bannister/BannisterTools/bin/x64/Release/net8.0-windows10.0.19041.0/win-x64/gd-gb
2026-09-28 06:10:59: Copy New 'C:/rock/bannister/BannisterTools/bin/x64/Release/net8.0-windows10.0.19041.0/win-x64/fi-FI/Microsoft.UI.Xaml.Phone.dll.mui' -> 'goodrive://www.googleapis.com/:personal:/bannister/BannisterTools/bin/x64/Release/net8.0-windows10.0.19041.0/win-x64/fi-FI/Microsoft.UI.Xaml.Phone.dll.mui' (4,096)
2026-09-28 06:10:59: Create Folder goodrive://www.googleapis.com/:personal:/bannister/BannisterTools/bin/x64/Release/net8.0-windows10.0.19041.0/win-x64/ga-IE
2026-09-28 06:11:01: Copy New 'C:/rock/bannister/BannisterTools/bin/x64/Release/net8.0-windows10.0.19041.0/win-x64/fr-FR/Microsoft.ui.xaml.dll.mui' -> 'goodrive://www.googleapis.com/:personal:/bannister/BannisterTools/bin/x64/Release/net8.0-windows10.0.19041.0/win-x64/fr-FR/Microsoft.ui.xaml.dll.mui' (17,408)
2026-09-28 06:11:02: Copy New 'C:/rock/bannister/BannisterTools/bin/x64/Release/net8.0-windows10.0.19041.0/win-x64/gd-gb/Microsoft.ui.xaml.dll.mui' -> 'goodrive://www.googleapis.com/:personal:/bannister/BannisterTools/bin/x64/Release/net8.0-windows10.0.19041.0/win-x64/gd-gb/Microsoft.ui.xaml.dll.mui' (17,920)
2026-09-28 06:11:02: Copy New 'C:/rock/bannister/BannisterTools/bin/x64/Release/net8.0-windows10.0.19041.0/win-x64/gd-gb/Microsoft.UI.Xaml.Phone.dll.mui' -> 'goodrive://www.googleapis.com/:personal:/bannister/BannisterTools/bin/x64/Release/net8.0-windows10.0.19041.0/win-x64/gd-gb/Microsoft.UI.Xaml.Phone.dll.mui' (4,096)
2026-09-28 06:11:04: Copy New 'C:/rock/bannister/BannisterTools/bin/x64/Release/net8.0-windows10.0.19041.0/win-x64/ga-IE/Microsoft.ui.xaml.dll.mui' -> 'goodrive://www.googleapis.com/:personal:/bannister/BannisterTools/bin/x64/Release/net8.0-windows10.0.19041.0/win-x64/ga-IE/Microsoft.ui.xaml.dll.mui' (17,408)
2026-09-28 06:11:04: Copy New 'C:/rock/bannister/BannisterTools/bin/x64/Release/net8.0-windows10.0.19041.0/win-x64/ga-IE/Microsoft.UI.Xaml.Phone.dll.mui' -> 'goodrive://www.googleapis.com/:personal:/bannister/BannisterTools/bin/x64/Release/net8.0-windows10.0.19041.0/win-x64/ga-IE/Microsoft.UI.Xaml.Phone.dll.mui' (4,096)
2026-09-28 06:11:04: Copy New 'C:/rock/bannister/BannisterTools/bin/x64/Release/net8.0-windows10.0.19041.0/win-x64/fr-FR/Microsoft.UI.Xaml.Phone.dll.mui' -> 'goodrive://www.googleapis.com/:personal:/bannister/BannisterTools/bin/x64/Release/net8.0-windows10.0.19041.0/win-x64/fr-FR/Microsoft.UI.Xaml.Phone.dll.mui' (4,096)
2026-09-28 06:11:04: Create Folder goodrive://www.googleapis.com/:personal:/bannister/BannisterTools/bin/x64/Release/net8.0-windows10.0.19041.0/win-x64/gl-ES
2026-09-28 06:11:05: Create Folder goodrive://www.googleapis.com/:personal:/bannister/BannisterTools/bin/x64/Release/net8.0-windows10.0.19041.0/win-x64/gu-IN
2026-09-28 06:11:05: Create Folder goodrive://www.googleapis.com/:personal:/bannister/BannisterTools/bin/x64/Release/net8.0-windows10.0.19041.0/win-x64/he
2026-09-28 06:11:05: Create Folder goodrive://www.googleapis.com/:personal:/bannister/BannisterTools/bin/x64/Release/net8.0-windows10.0.19041.0/win-x64/he-IL
2026-09-28 06:11:07: Copy New 'C:/rock/bannister/BannisterTools/bin/x64/Release/net8.0-windows10.0.19041.0/win-x64/gl-ES/Microsoft.ui.xaml.dll.mui' -> 'goodrive://www.googleapis.com/:personal:/bannister/BannisterTools/bin/x64/Release/net8.0-windows10.0.19041.0/win-x64/gl-ES/Microsoft.ui.xaml.dll.mui' (17,408)
2026-09-28 06:11:07: Copy New 'C:/rock/bannister/BannisterTools/bin/x64/Release/net8.0-windows10.0.19041.0/win-x64/gu-IN/Microsoft.ui.xaml.dll.mui' -> 'goodrive://www.googleapis.com/:personal:/bannister/BannisterTools/bin/x64/Release/net8.0-windows10.0.19041.0/win-x64/gu-IN/Microsoft.ui.xaml.dll.mui' (15,872)
2026-09-28 06:11:08: Copy New 'C:/rock/bannister/BannisterTools/bin/x64/Release/net8.0-windows10.0.19041.0/win-x64/he/Microsoft.Maui.Controls.resources.dll' -> 'goodrive://www.googleapis.com/:personal:/bannister/BannisterTools/bin/x64/Release/net8.0-windows10.0.19041.0/win-x64/he/Microsoft.Maui.Controls.resources.dll' (15,408)
2026-09-28 06:11:10: Copy New 'C:/rock/bannister/BannisterTools/bin/x64/Release/net8.0-windows10.0.19041.0/win-x64/he-IL/Microsoft.ui.xaml.dll.mui' -> 'goodrive://www.googleapis.com/:personal:/bannister/BannisterTools/bin/x64/Release/net8.0-windows10.0.19041.0/win-x64/he-IL/Microsoft.ui.xaml.dll.mui' (15,872)
2026-09-28 06:11:10: Copy New 'C:/rock/bannister/BannisterTools/bin/x64/Release/net8.0-windows10.0.19041.0/win-x64/he-IL/Microsoft.UI.Xaml.Phone.dll.mui' -> 'goodrive://www.googleapis.com/:personal:/bannister/BannisterTools/bin/x64/Release/net8.0-windows10.0.19041.0/win-x64/he-IL/Microsoft.UI.Xaml.Phone.dll.mui' (3,584)
2026-09-28 06:11:10: Copy New 'C:/rock/bannister/BannisterTools/bin/x64/Release/net8.0-windows10.0.19041.0/win-x64/gu-IN/Microsoft.UI.Xaml.Phone.dll.mui' -> 'goodrive://www.googleapis.com/:personal:/bannister/BannisterTools/bin/x64/Release/net8.0-windows10.0.19041.0/win-x64/gu-IN/Microsoft.UI.Xaml.Phone.dll.mui' (4,096)
2026-09-28 06:11:11: Create Folder goodrive://www.googleapis.com/:personal:/bannister/BannisterTools/bin/x64/Release/net8.0-windows10.0.19041.0/win-x64/hi
2026-09-28 06:11:11: Create Folder goodrive://www.googleapis.com/:personal:/bannister/BannisterTools/bin/x64/Release/net8.0-windows10.0.19041.0/win-x64/hi-IN
2026-09-28 06:11:12: Copy New 'C:/rock/bannister/BannisterTools/bin/x64/Release/net8.0-windows10.0.19041.0/win-x64/gl-ES/Microsoft.UI.Xaml.Phone.dll.mui' -> 'goodrive://www.googleapis.com/:personal:/bannister/BannisterTools/bin/x64/Release/net8.0-windows10.0.19041.0/win-x64/gl-ES/Microsoft.UI.Xaml.Phone.dll.mui' (4,096)
2026-09-28 06:11:13: Copy New 'C:/rock/bannister/BannisterTools/bin/x64/Release/net8.0-windows10.0.19041.0/win-x64/hi-IN/Microsoft.ui.xaml.dll.mui' -> 'goodrive://www.googleapis.com/:personal:/bannister/BannisterTools/bin/x64/Release/net8.0-windows10.0.19041.0/win-x64/hi-IN/Microsoft.ui.xaml.dll.mui' (15,872)
2026-09-28 06:11:13: Copy New 'C:/rock/bannister/BannisterTools/bin/x64/Release/net8.0-windows10.0.19041.0/win-x64/hostfxr.dll' -> 'goodrive://www.googleapis.com/:personal:/bannister/BannisterTools/bin/x64/Release/net8.0-windows10.0.19041.0/win-x64/hostfxr.dll' (366,856)
2026-09-28 06:11:14: Copy New 'C:/rock/bannister/BannisterTools/bin/x64/Release/net8.0-windows10.0.19041.0/win-x64/hi/Microsoft.Maui.Controls.resources.dll' -> 'goodrive://www.googleapis.com/:personal:/bannister/BannisterTools/bin/x64/Release/net8.0-windows10.0.19041.0/win-x64/hi/Microsoft.Maui.Controls.resources.dll' (15,400)
2026-09-28 06:11:15: Copy New 'C:/rock/bannister/BannisterTools/bin/x64/Release/net8.0-windows10.0.19041.0/win-x64/hi-IN/Microsoft.UI.Xaml.Phone.dll.mui' -> 'goodrive://www.googleapis.com/:personal:/bannister/BannisterTools/bin/x64/Release/net8.0-windows10.0.19041.0/win-x64/hi-IN/Microsoft.UI.Xaml.Phone.dll.mui' (4,096)
2026-09-28 06:11:15: Create Folder goodrive://www.googleapis.com/:personal:/bannister/BannisterTools/bin/x64/Release/net8.0-windows10.0.19041.0/win-x64/hr
2026-09-28 06:11:15: Copy New 'C:/rock/bannister/BannisterTools/bin/x64/Release/net8.0-windows10.0.19041.0/win-x64/hostpolicy.dll' -> 'goodrive://www.googleapis.com/:personal:/bannister/BannisterTools/bin/x64/Release/net8.0-windows10.0.19041.0/win-x64/hostpolicy.dll' (407,344)
2026-09-28 06:11:16: Create Folder goodrive://www.googleapis.com/:personal:/bannister/BannisterTools/bin/x64/Release/net8.0-windows10.0.19041.0/win-x64/hr-HR
2026-09-28 06:11:16: Create Folder goodrive://www.googleapis.com/:personal:/bannister/BannisterTools/bin/x64/Release/net8.0-windows10.0.19041.0/win-x64/hu
2026-09-28 06:11:17: Create Folder goodrive://www.googleapis.com/:personal:/bannister/BannisterTools/bin/x64/Release/net8.0-windows10.0.19041.0/win-x64/hu-HU
2026-09-28 06:11:18: Copy New 'C:/rock/bannister/BannisterTools/bin/x64/Release/net8.0-windows10.0.19041.0/win-x64/hr/Microsoft.Maui.Controls.resources.dll' -> 'goodrive://www.googleapis.com/:personal:/bannister/BannisterTools/bin/x64/Release/net8.0-windows10.0.19041.0/win-x64/hr/Microsoft.Maui.Controls.resources.dll' (15,392)
2026-09-28 06:11:19: Copy New 'C:/rock/bannister/BannisterTools/bin/x64/Release/net8.0-windows10.0.19041.0/win-x64/hr-HR/Microsoft.ui.xaml.dll.mui' -> 'goodrive://www.googleapis.com/:personal:/bannister/BannisterTools/bin/x64/Release/net8.0-windows10.0.19041.0/win-x64/hr-HR/Microsoft.ui.xaml.dll.mui' (17,408)
2026-09-28 06:11:19: Copy New 'C:/rock/bannister/BannisterTools/bin/x64/Release/net8.0-windows10.0.19041.0/win-x64/hu/Microsoft.Maui.Controls.resources.dll' -> 'goodrive://www.googleapis.com/:personal:/bannister/BannisterTools/bin/x64/Release/net8.0-windows10.0.19041.0/win-x64/hu/Microsoft.Maui.Controls.resources.dll' (15,392)
2026-09-28 06:11:20: Copy New 'C:/rock/bannister/BannisterTools/bin/x64/Release/net8.0-windows10.0.19041.0/win-x64/hu-HU/Microsoft.ui.xaml.dll.mui' -> 'goodrive://www.googleapis.com/:personal:/bannister/BannisterTools/bin/x64/Release/net8.0-windows10.0.19041.0/win-x64/hu-HU/Microsoft.ui.xaml.dll.mui' (16,896)
2026-09-28 06:11:21: Copy New 'C:/rock/bannister/BannisterTools/bin/x64/Release/net8.0-windows10.0.19041.0/win-x64/hu-HU/Microsoft.UI.Xaml.Phone.dll.mui' -> 'goodrive://www.googleapis.com/:personal:/bannister/BannisterTools/bin/x64/Release/net8.0-windows10.0.19041.0/win-x64/hu-HU/Microsoft.UI.Xaml.Phone.dll.mui' (4,096)
2026-09-28 06:11:21: Create Folder goodrive://www.googleapis.com/:personal:/bannister/BannisterTools/bin/x64/Release/net8.0-windows10.0.19041.0/win-x64/hy-AM
2026-09-28 06:11:21: Create Folder goodrive://www.googleapis.com/:personal:/bannister/BannisterTools/bin/x64/Release/net8.0-windows10.0.19041.0/win-x64/id
2026-09-28 06:11:22: Copy New 'C:/rock/bannister/BannisterTools/bin/x64/Release/net8.0-windows10.0.19041.0/win-x64/hr-HR/Microsoft.UI.Xaml.Phone.dll.mui' -> 'goodrive://www.googleapis.com/:personal:/bannister/BannisterTools/bin/x64/Release/net8.0-windows10.0.19041.0/win-x64/hr-HR/Microsoft.UI.Xaml.Phone.dll.mui' (4,096)
2026-09-28 06:11:24: Copy New 'C:/rock/bannister/BannisterTools/bin/x64/Release/net8.0-windows10.0.19041.0/win-x64/hy-AM/Microsoft.UI.Xaml.Phone.dll.mui' -> 'goodrive://www.googleapis.com/:personal:/bannister/BannisterTools/bin/x64/Release/net8.0-windows10.0.19041.0/win-x64/hy-AM/Microsoft.UI.Xaml.Phone.dll.mui' (4,096)
2026-09-28 06:11:24: Copy New 'C:/rock/bannister/BannisterTools/bin/x64/Release/net8.0-windows10.0.19041.0/win-x64/hy-AM/Microsoft.ui.xaml.dll.mui' -> 'goodrive://www.googleapis.com/:personal:/bannister/BannisterTools/bin/x64/Release/net8.0-windows10.0.19041.0/win-x64/hy-AM/Microsoft.ui.xaml.dll.mui' (17,408)
2026-09-28 06:11:24: Create Folder goodrive://www.googleapis.com/:personal:/bannister/BannisterTools/bin/x64/Release/net8.0-windows10.0.19041.0/win-x64/id-ID
2026-09-28 06:11:25: Copy New 'C:/rock/bannister/BannisterTools/bin/x64/Release/net8.0-windows10.0.19041.0/win-x64/id/Microsoft.Maui.Controls.resources.dll' -> 'goodrive://www.googleapis.com/:personal:/bannister/BannisterTools/bin/x64/Release/net8.0-windows10.0.19041.0/win-x64/id/Microsoft.Maui.Controls.resources.dll' (15,400)
2026-09-28 06:11:25: Create Folder goodrive://www.googleapis.com/:personal:/bannister/BannisterTools/bin/x64/Release/net8.0-windows10.0.19041.0/win-x64/is-IS
2026-09-28 06:11:25: Create Folder goodrive://www.googleapis.com/:personal:/bannister/BannisterTools/bin/x64/Release/net8.0-windows10.0.19041.0/win-x64/it
2026-09-28 06:11:27: Copy New 'C:/rock/bannister/BannisterTools/bin/x64/Release/net8.0-windows10.0.19041.0/win-x64/id-ID/Microsoft.UI.Xaml.Phone.dll.mui' -> 'goodrive://www.googleapis.com/:personal:/bannister/BannisterTools/bin/x64/Release/net8.0-windows10.0.19041.0/win-x64/id-ID/Microsoft.UI.Xaml.Phone.dll.mui' (4,096)
2026-09-28 06:11:27: Copy New 'C:/rock/bannister/BannisterTools/bin/x64/Release/net8.0-windows10.0.19041.0/win-x64/id-ID/Microsoft.ui.xaml.dll.mui' -> 'goodrive://www.googleapis.com/:personal:/bannister/BannisterTools/bin/x64/Release/net8.0-windows10.0.19041.0/win-x64/id-ID/Microsoft.ui.xaml.dll.mui' (16,384)
2026-09-28 06:11:28: Copy New 'C:/rock/bannister/BannisterTools/bin/x64/Release/net8.0-windows10.0.19041.0/win-x64/is-IS/Microsoft.ui.xaml.dll.mui' -> 'goodrive://www.googleapis.com/:personal:/bannister/BannisterTools/bin/x64/Release/net8.0-windows10.0.19041.0/win-x64/is-IS/Microsoft.ui.xaml.dll.mui' (16,384)
2026-09-28 06:11:29: Create Folder goodrive://www.googleapis.com/:personal:/bannister/BannisterTools/bin/x64/Release/net8.0-windows10.0.19041.0/win-x64/it-IT
2026-09-28 06:11:29: Create Folder goodrive://www.googleapis.com/:personal:/bannister/BannisterTools/bin/x64/Release/net8.0-windows10.0.19041.0/win-x64/ja
2026-09-28 06:11:30: Copy New 'C:/rock/bannister/BannisterTools/bin/x64/Release/net8.0-windows10.0.19041.0/win-x64/it/Microsoft.Maui.Controls.resources.dll' -> 'goodrive://www.googleapis.com/:personal:/bannister/BannisterTools/bin/x64/Release/net8.0-windows10.0.19041.0/win-x64/it/Microsoft.Maui.Controls.resources.dll' (15,392)
2026-09-28 06:11:30: Copy New 'C:/rock/bannister/BannisterTools/bin/x64/Release/net8.0-windows10.0.19041.0/win-x64/is-IS/Microsoft.UI.Xaml.Phone.dll.mui' -> 'goodrive://www.googleapis.com/:personal:/bannister/BannisterTools/bin/x64/Release/net8.0-windows10.0.19041.0/win-x64/is-IS/Microsoft.UI.Xaml.Phone.dll.mui' (4,096)
2026-09-28 06:11:32: Copy New 'C:/rock/bannister/BannisterTools/bin/x64/Release/net8.0-windows10.0.19041.0/win-x64/it-IT/Microsoft.ui.xaml.dll.mui' -> 'goodrive://www.googleapis.com/:personal:/bannister/BannisterTools/bin/x64/Release/net8.0-windows10.0.19041.0/win-x64/it-IT/Microsoft.ui.xaml.dll.mui' (17,920)
2026-09-28 06:11:32: Copy New 'C:/rock/bannister/BannisterTools/bin/x64/Release/net8.0-windows10.0.19041.0/win-x64/ja/Microsoft.Maui.Controls.resources.dll' -> 'goodrive://www.googleapis.com/:personal:/bannister/BannisterTools/bin/x64/Release/net8.0-windows10.0.19041.0/win-x64/ja/Microsoft.Maui.Controls.resources.dll' (15,392)
2026-09-28 06:11:32: Copy New 'C:/rock/bannister/BannisterTools/bin/x64/Release/net8.0-windows10.0.19041.0/win-x64/it-IT/Microsoft.UI.Xaml.Phone.dll.mui' -> 'goodrive://www.googleapis.com/:personal:/bannister/BannisterTools/bin/x64/Release/net8.0-windows10.0.19041.0/win-x64/it-IT/Microsoft.UI.Xaml.Phone.dll.mui' (4,096)
2026-09-28 06:11:33: Create Folder goodrive://www.googleapis.com/:personal:/bannister/BannisterTools/bin/x64/Release/net8.0-windows10.0.19041.0/win-x64/ja-JP
2026-09-28 06:11:33: Create Folder goodrive://www.googleapis.com/:personal:/bannister/BannisterTools/bin/x64/Release/net8.0-windows10.0.19041.0/win-x64/ka-GE
2026-09-28 06:11:33: Create Folder goodrive://www.googleapis.com/:personal:/bannister/BannisterTools/bin/x64/Release/net8.0-windows10.0.19041.0/win-x64/kk-KZ
2026-09-28 06:11:34: Create Folder goodrive://www.googleapis.com/:personal:/bannister/BannisterTools/bin/x64/Release/net8.0-windows10.0.19041.0/win-x64/km-KH
2026-09-28 06:11:35: Copy New 'C:/rock/bannister/BannisterTools/bin/x64/Release/net8.0-windows10.0.19041.0/win-x64/ja-JP/Microsoft.ui.xaml.dll.mui' -> 'goodrive://www.googleapis.com/:personal:/bannister/BannisterTools/bin/x64/Release/net8.0-windows10.0.19041.0/win-x64/ja-JP/Microsoft.ui.xaml.dll.mui' (12,800)
2026-09-28 06:11:36: Copy New 'C:/rock/bannister/BannisterTools/bin/x64/Release/net8.0-windows10.0.19041.0/win-x64/ka-GE/Microsoft.ui.xaml.dll.mui' -> 'goodrive://www.googleapis.com/:personal:/bannister/BannisterTools/bin/x64/Release/net8.0-windows10.0.19041.0/win-x64/ka-GE/Microsoft.ui.xaml.dll.mui' (17,408)
2026-09-28 06:11:37: Copy New 'C:/rock/bannister/BannisterTools/bin/x64/Release/net8.0-windows10.0.19041.0/win-x64/kk-KZ/Microsoft.ui.xaml.dll.mui' -> 'goodrive://www.googleapis.com/:personal:/bannister/BannisterTools/bin/x64/Release/net8.0-windows10.0.19041.0/win-x64/kk-KZ/Microsoft.ui.xaml.dll.mui' (17,408)
2026-09-28 06:11:38: Copy New 'C:/rock/bannister/BannisterTools/bin/x64/Release/net8.0-windows10.0.19041.0/win-x64/km-KH/Microsoft.ui.xaml.dll.mui' -> 'goodrive://www.googleapis.com/:personal:/bannister/BannisterTools/bin/x64/Release/net8.0-windows10.0.19041.0/win-x64/km-KH/Microsoft.ui.xaml.dll.mui' (16,384)
2026-09-28 06:11:38: Copy New 'C:/rock/bannister/BannisterTools/bin/x64/Release/net8.0-windows10.0.19041.0/win-x64/km-KH/Microsoft.UI.Xaml.Phone.dll.mui' -> 'goodrive://www.googleapis.com/:personal:/bannister/BannisterTools/bin/x64/Release/net8.0-windows10.0.19041.0/win-x64/km-KH/Microsoft.UI.Xaml.Phone.dll.mui' (4,096)
2026-09-28 06:11:39: Copy New 'C:/rock/bannister/BannisterTools/bin/x64/Release/net8.0-windows10.0.19041.0/win-x64/kk-KZ/Microsoft.UI.Xaml.Phone.dll.mui' -> 'goodrive://www.googleapis.com/:personal:/bannister/BannisterTools/bin/x64/Release/net8.0-windows10.0.19041.0/win-x64/kk-KZ/Microsoft.UI.Xaml.Phone.dll.mui' (4,096)
2026-09-28 06:11:40: Copy New 'C:/rock/bannister/BannisterTools/bin/x64/Release/net8.0-windows10.0.19041.0/win-x64/ka-GE/Microsoft.UI.Xaml.Phone.dll.mui' -> 'goodrive://www.googleapis.com/:personal:/bannister/BannisterTools/bin/x64/Release/net8.0-windows10.0.19041.0/win-x64/ka-GE/Microsoft.UI.Xaml.Phone.dll.mui' (4,096)
2026-09-28 06:11:40: Create Folder goodrive://www.googleapis.com/:personal:/bannister/BannisterTools/bin/x64/Release/net8.0-windows10.0.19041.0/win-x64/kn-IN
2026-09-28 06:11:40: Copy New 'C:/rock/bannister/BannisterTools/bin/x64/Release/net8.0-windows10.0.19041.0/win-x64/ja-JP/Microsoft.UI.Xaml.Phone.dll.mui' -> 'goodrive://www.googleapis.com/:personal:/bannister/BannisterTools/bin/x64/Release/net8.0-windows10.0.19041.0/win-x64/ja-JP/Microsoft.UI.Xaml.Phone.dll.mui' (3,584)
2026-09-28 06:11:40: Create Folder goodrive://www.googleapis.com/:personal:/bannister/BannisterTools/bin/x64/Release/net8.0-windows10.0.19041.0/win-x64/ko-KR
2026-09-28 06:11:40: Create Folder goodrive://www.googleapis.com/:personal:/bannister/BannisterTools/bin/x64/Release/net8.0-windows10.0.19041.0/win-x64/ko
2026-09-28 06:11:42: Copy New 'C:/rock/bannister/BannisterTools/bin/x64/Release/net8.0-windows10.0.19041.0/win-x64/kn-IN/Microsoft.ui.xaml.dll.mui' -> 'goodrive://www.googleapis.com/:personal:/bannister/BannisterTools/bin/x64/Release/net8.0-windows10.0.19041.0/win-x64/kn-IN/Microsoft.ui.xaml.dll.mui' (16,896)
2026-09-28 06:11:43: Copy New 'C:/rock/bannister/BannisterTools/bin/x64/Release/net8.0-windows10.0.19041.0/win-x64/kn-IN/Microsoft.UI.Xaml.Phone.dll.mui' -> 'goodrive://www.googleapis.com/:personal:/bannister/BannisterTools/bin/x64/Release/net8.0-windows10.0.19041.0/win-x64/kn-IN/Microsoft.UI.Xaml.Phone.dll.mui' (4,096)
2026-09-28 06:11:43: Copy New 'C:/rock/bannister/BannisterTools/bin/x64/Release/net8.0-windows10.0.19041.0/win-x64/ko-KR/Microsoft.ui.xaml.dll.mui' -> 'goodrive://www.googleapis.com/:personal:/bannister/BannisterTools/bin/x64/Release/net8.0-windows10.0.19041.0/win-x64/ko-KR/Microsoft.ui.xaml.dll.mui' (12,288)
2026-09-28 06:11:44: Create Folder goodrive://www.googleapis.com/:personal:/bannister/BannisterTools/bin/x64/Release/net8.0-windows10.0.19041.0/win-x64/kok-IN
2026-09-28 06:11:44: Create Folder goodrive://www.googleapis.com/:personal:/bannister/BannisterTools/bin/x64/Release/net8.0-windows10.0.19041.0/win-x64/lb-LU
2026-09-28 06:11:46: Copy New 'C:/rock/bannister/BannisterTools/bin/x64/Release/net8.0-windows10.0.19041.0/win-x64/ko/Microsoft.Maui.Controls.resources.dll' -> 'goodrive://www.googleapis.com/:personal:/bannister/BannisterTools/bin/x64/Release/net8.0-windows10.0.19041.0/win-x64/ko/Microsoft.Maui.Controls.resources.dll' (15,392)
2026-09-28 06:11:46: Copy New 'C:/rock/bannister/BannisterTools/bin/x64/Release/net8.0-windows10.0.19041.0/win-x64/ko-KR/Microsoft.UI.Xaml.Phone.dll.mui' -> 'goodrive://www.googleapis.com/:personal:/bannister/BannisterTools/bin/x64/Release/net8.0-windows10.0.19041.0/win-x64/ko-KR/Microsoft.UI.Xaml.Phone.dll.mui' (3,584)
2026-09-28 06:11:47: Copy New 'C:/rock/bannister/BannisterTools/bin/x64/Release/net8.0-windows10.0.19041.0/win-x64/kok-IN/Microsoft.ui.xaml.dll.mui' -> 'goodrive://www.googleapis.com/:personal:/bannister/BannisterTools/bin/x64/Release/net8.0-windows10.0.19041.0/win-x64/kok-IN/Microsoft.ui.xaml.dll.mui' (16,384)
2026-09-28 06:11:48: Copy New 'C:/rock/bannister/BannisterTools/bin/x64/Release/net8.0-windows10.0.19041.0/win-x64/lb-LU/Microsoft.UI.Xaml.Phone.dll.mui' -> 'goodrive://www.googleapis.com/:personal:/bannister/BannisterTools/bin/x64/Release/net8.0-windows10.0.19041.0/win-x64/lb-LU/Microsoft.UI.Xaml.Phone.dll.mui' (4,096)
2026-09-28 06:11:48: Copy New 'C:/rock/bannister/BannisterTools/bin/x64/Release/net8.0-windows10.0.19041.0/win-x64/lb-LU/Microsoft.ui.xaml.dll.mui' -> 'goodrive://www.googleapis.com/:personal:/bannister/BannisterTools/bin/x64/Release/net8.0-windows10.0.19041.0/win-x64/lb-LU/Microsoft.ui.xaml.dll.mui' (17,408)
2026-09-28 06:11:49: Create Folder goodrive://www.googleapis.com/:personal:/bannister/BannisterTools/bin/x64/Release/net8.0-windows10.0.19041.0/win-x64/lo-LA
2026-09-28 06:11:49: Copy New 'C:/rock/bannister/BannisterTools/bin/x64/Release/net8.0-windows10.0.19041.0/win-x64/kok-IN/Microsoft.UI.Xaml.Phone.dll.mui' -> 'goodrive://www.googleapis.com/:personal:/bannister/BannisterTools/bin/x64/Release/net8.0-windows10.0.19041.0/win-x64/kok-IN/Microsoft.UI.Xaml.Phone.dll.mui' (4,096)
2026-09-28 06:11:49: Create Folder goodrive://www.googleapis.com/:personal:/bannister/BannisterTools/bin/x64/Release/net8.0-windows10.0.19041.0/win-x64/lt-LT
2026-09-28 06:11:49: Create Folder goodrive://www.googleapis.com/:personal:/bannister/BannisterTools/bin/x64/Release/net8.0-windows10.0.19041.0/win-x64/lv-LV
2026-09-28 06:11:51: Copy New 'C:/rock/bannister/BannisterTools/bin/x64/Release/net8.0-windows10.0.19041.0/win-x64/lo-LA/Microsoft.UI.Xaml.Phone.dll.mui' -> 'goodrive://www.googleapis.com/:personal:/bannister/BannisterTools/bin/x64/Release/net8.0-windows10.0.19041.0/win-x64/lo-LA/Microsoft.UI.Xaml.Phone.dll.mui' (4,096)
2026-09-28 06:11:52: Copy New 'C:/rock/bannister/BannisterTools/bin/x64/Release/net8.0-windows10.0.19041.0/win-x64/lo-LA/Microsoft.ui.xaml.dll.mui' -> 'goodrive://www.googleapis.com/:personal:/bannister/BannisterTools/bin/x64/Release/net8.0-windows10.0.19041.0/win-x64/lo-LA/Microsoft.ui.xaml.dll.mui' (15,872)
2026-09-28 06:11:52: Copy New 'C:/rock/bannister/BannisterTools/bin/x64/Release/net8.0-windows10.0.19041.0/win-x64/lt-LT/Microsoft.ui.xaml.dll.mui' -> 'goodrive://www.googleapis.com/:personal:/bannister/BannisterTools/bin/x64/Release/net8.0-windows10.0.19041.0/win-x64/lt-LT/Microsoft.ui.xaml.dll.mui' (17,408)
2026-09-28 06:11:53: Copy New 'C:/rock/bannister/BannisterTools/bin/x64/Release/net8.0-windows10.0.19041.0/win-x64/lv-LV/Microsoft.ui.xaml.dll.mui' -> 'goodrive://www.googleapis.com/:personal:/bannister/BannisterTools/bin/x64/Release/net8.0-windows10.0.19041.0/win-x64/lv-LV/Microsoft.ui.xaml.dll.mui' (16,896)
2026-09-28 06:11:54: Copy New 'C:/rock/bannister/BannisterTools/bin/x64/Release/net8.0-windows10.0.19041.0/win-x64/lv-LV/Microsoft.UI.Xaml.Phone.dll.mui' -> 'goodrive://www.googleapis.com/:personal:/bannister/BannisterTools/bin/x64/Release/net8.0-windows10.0.19041.0/win-x64/lv-LV/Microsoft.UI.Xaml.Phone.dll.mui' (4,096)
2026-09-28 06:11:55: Create Folder goodrive://www.googleapis.com/:personal:/bannister/BannisterTools/bin/x64/Release/net8.0-windows10.0.19041.0/win-x64/mi-NZ
2026-09-28 06:11:56: Copy New 'C:/rock/bannister/BannisterTools/bin/x64/Release/net8.0-windows10.0.19041.0/win-x64/marshal.dll' -> 'goodrive://www.googleapis.com/:personal:/bannister/BannisterTools/bin/x64/Release/net8.0-windows10.0.19041.0/win-x64/marshal.dll' (563,120)
2026-09-28 06:11:57: Copy New 'C:/rock/bannister/BannisterTools/bin/x64/Release/net8.0-windows10.0.19041.0/win-x64/Microsoft.CSharp.dll' -> 'goodrive://www.googleapis.com/:personal:/bannister/BannisterTools/bin/x64/Release/net8.0-windows10.0.19041.0/win-x64/Microsoft.CSharp.dll' (1,005,832)
2026-09-28 06:11:57: Copy New 'C:/rock/bannister/BannisterTools/bin/x64/Release/net8.0-windows10.0.19041.0/win-x64/lt-LT/Microsoft.UI.Xaml.Phone.dll.mui' -> 'goodrive://www.googleapis.com/:personal:/bannister/BannisterTools/bin/x64/Release/net8.0-windows10.0.19041.0/win-x64/lt-LT/Microsoft.UI.Xaml.Phone.dll.mui' (4,096)
2026-09-28 06:11:57: > Copy New 'C:/rock/bannister/BannisterTools/bin/x64/Release/net8.0-windows10.0.19041.0/win-x64/Microsoft.DiaSymReader.Native.amd64.dll' -> 'goodrive://www.googleapis.com/:personal:/bannister/BannisterTools/bin/x64/Release/net8.0-windows10.0.19041.0/win-x64/Microsoft.DiaSymReader.Native.amd64.dll' (2,195,504)
2026-09-28 06:11:58: Copy New 'C:/rock/bannister/BannisterTools/bin/x64/Release/net8.0-windows10.0.19041.0/win-x64/mi-NZ/Microsoft.ui.xaml.dll.mui' -> 'goodrive://www.googleapis.com/:personal:/bannister/BannisterTools/bin/x64/Release/net8.0-windows10.0.19041.0/win-x64/mi-NZ/Microsoft.ui.xaml.dll.mui' (16,896)
2026-09-28 06:11:59: Copy New 'C:/rock/bannister/BannisterTools/bin/x64/Release/net8.0-windows10.0.19041.0/win-x64/mi-NZ/Microsoft.UI.Xaml.Phone.dll.mui' -> 'goodrive://www.googleapis.com/:personal:/bannister/BannisterTools/bin/x64/Release/net8.0-windows10.0.19041.0/win-x64/mi-NZ/Microsoft.UI.Xaml.Phone.dll.mui' (4,096)
2026-09-28 06:11:59: < Copy New 'C:/rock/bannister/BannisterTools/bin/x64/Release/net8.0-windows10.0.19041.0/win-x64/Microsoft.DiaSymReader.Native.amd64.dll' -> 'goodrive://www.googleapis.com/:personal:/bannister/BannisterTools/bin/x64/Release/net8.0-windows10.0.19041.0/win-x64/Microsoft.DiaSymReader.Native.amd64.dll' (2,195,504)
2026-09-28 06:12:00: Copy New 'C:/rock/bannister/BannisterTools/bin/x64/Release/net8.0-windows10.0.19041.0/win-x64/Microsoft.DirectManipulation.dll' -> 'goodrive://www.googleapis.com/:personal:/bannister/BannisterTools/bin/x64/Release/net8.0-windows10.0.19041.0/win-x64/Microsoft.DirectManipulation.dll' (694,192)
2026-09-28 06:12:01: Copy New 'C:/rock/bannister/BannisterTools/bin/x64/Release/net8.0-windows10.0.19041.0/win-x64/Microsoft.Extensions.Configuration.Abstractions.dll' -> 'goodrive://www.googleapis.com/:personal:/bannister/BannisterTools/bin/x64/Release/net8.0-windows10.0.19041.0/win-x64/Microsoft.Extensions.Configuration.Abstractions.dll' (27,936)
2026-09-28 06:12:01: Copy New 'C:/rock/bannister/BannisterTools/bin/x64/Release/net8.0-windows10.0.19041.0/win-x64/Microsoft.Extensions.Configuration.dll' -> 'goodrive://www.googleapis.com/:personal:/bannister/BannisterTools/bin/x64/Release/net8.0-windows10.0.19041.0/win-x64/Microsoft.Extensions.Configuration.dll' (43,800)
2026-09-28 06:12:02: Copy New 'C:/rock/bannister/BannisterTools/bin/x64/Release/net8.0-windows10.0.19041.0/win-x64/Microsoft.Extensions.DependencyInjection.Abstractions.dll' -> 'goodrive://www.googleapis.com/:personal:/bannister/BannisterTools/bin/x64/Release/net8.0-windows10.0.19041.0/win-x64/Microsoft.Extensions.DependencyInjection.Abstractions.dll' (63,768)
2026-09-28 06:12:03: Copy New 'C:/rock/bannister/BannisterTools/bin/x64/Release/net8.0-windows10.0.19041.0/win-x64/Microsoft.Extensions.DependencyInjection.dll' -> 'goodrive://www.googleapis.com/:personal:/bannister/BannisterTools/bin/x64/Release/net8.0-windows10.0.19041.0/win-x64/Microsoft.Extensions.DependencyInjection.dll' (92,952)
2026-09-28 06:12:04: Copy New 'C:/rock/bannister/BannisterTools/bin/x64/Release/net8.0-windows10.0.19041.0/win-x64/Microsoft.Extensions.Logging.Abstractions.dll' -> 'goodrive://www.googleapis.com/:personal:/bannister/BannisterTools/bin/x64/Release/net8.0-windows10.0.19041.0/win-x64/Microsoft.Extensions.Logging.Abstractions.dll' (65,320)
2026-09-28 06:12:05: Copy New 'C:/rock/bannister/BannisterTools/bin/x64/Release/net8.0-windows10.0.19041.0/win-x64/Microsoft.Extensions.Logging.Debug.dll' -> 'goodrive://www.googleapis.com/:personal:/bannister/BannisterTools/bin/x64/Release/net8.0-windows10.0.19041.0/win-x64/Microsoft.Extensions.Logging.Debug.dll' (20,128)
2026-09-28 06:12:05: Copy New 'C:/rock/bannister/BannisterTools/bin/x64/Release/net8.0-windows10.0.19041.0/win-x64/Microsoft.Extensions.Logging.dll' -> 'goodrive://www.googleapis.com/:personal:/bannister/BannisterTools/bin/x64/Release/net8.0-windows10.0.19041.0/win-x64/Microsoft.Extensions.Logging.dll' (50,976)
2026-09-28 06:12:06: Copy New 'C:/rock/bannister/BannisterTools/bin/x64/Release/net8.0-windows10.0.19041.0/win-x64/Microsoft.Extensions.Options.dll' -> 'goodrive://www.googleapis.com/:personal:/bannister/BannisterTools/bin/x64/Release/net8.0-windows10.0.19041.0/win-x64/Microsoft.Extensions.Options.dll' (64,776)
2026-09-28 06:12:06: > Copy New 'C:/rock/bannister/BannisterTools/bin/x64/Release/net8.0-windows10.0.19041.0/win-x64/Microsoft.Graphics.Canvas.dll' -> 'goodrive://www.googleapis.com/:personal:/bannister/BannisterTools/bin/x64/Release/net8.0-windows10.0.19041.0/win-x64/Microsoft.Graphics.Canvas.dll' (1,658,416)
2026-09-28 06:12:07: Copy New 'C:/rock/bannister/BannisterTools/bin/x64/Release/net8.0-windows10.0.19041.0/win-x64/Microsoft.Extensions.Primitives.dll' -> 'goodrive://www.googleapis.com/:personal:/bannister/BannisterTools/bin/x64/Release/net8.0-windows10.0.19041.0/win-x64/Microsoft.Extensions.Primitives.dll' (43,680)
2026-09-28 06:12:07: > Copy New 'C:/rock/bannister/BannisterTools/bin/x64/Release/net8.0-windows10.0.19041.0/win-x64/Microsoft.Graphics.Canvas.Interop.dll' -> 'goodrive://www.googleapis.com/:personal:/bannister/BannisterTools/bin/x64/Release/net8.0-windows10.0.19041.0/win-x64/Microsoft.Graphics.Canvas.Interop.dll' (1,111,080)
2026-09-28 06:12:07: Copy New 'C:/rock/bannister/BannisterTools/bin/x64/Release/net8.0-windows10.0.19041.0/win-x64/Microsoft.Foundation.winmd' -> 'goodrive://www.googleapis.com/:personal:/bannister/BannisterTools/bin/x64/Release/net8.0-windows10.0.19041.0/win-x64/Microsoft.Foundation.winmd' (11,816)
2026-09-28 06:12:08: < Copy New 'C:/rock/bannister/BannisterTools/bin/x64/Release/net8.0-windows10.0.19041.0/win-x64/Microsoft.Graphics.Canvas.dll' -> 'goodrive://www.googleapis.com/:personal:/bannister/BannisterTools/bin/x64/Release/net8.0-windows10.0.19041.0/win-x64/Microsoft.Graphics.Canvas.dll' (1,658,416)
2026-09-28 06:12:09: < Copy New 'C:/rock/bannister/BannisterTools/bin/x64/Release/net8.0-windows10.0.19041.0/win-x64/Microsoft.Graphics.Canvas.Interop.dll' -> 'goodrive://www.googleapis.com/:personal:/bannister/BannisterTools/bin/x64/Release/net8.0-windows10.0.19041.0/win-x64/Microsoft.Graphics.Canvas.Interop.dll' (1,111,080)
2026-09-28 06:12:10: Copy New 'C:/rock/bannister/BannisterTools/bin/x64/Release/net8.0-windows10.0.19041.0/win-x64/Microsoft.Graphics.Display.dll' -> 'goodrive://www.googleapis.com/:personal:/bannister/BannisterTools/bin/x64/Release/net8.0-windows10.0.19041.0/win-x64/Microsoft.Graphics.Display.dll' (231,344)
2026-09-28 06:12:10: > Copy New 'C:/rock/bannister/BannisterTools/bin/x64/Release/net8.0-windows10.0.19041.0/win-x64/Microsoft.InteractiveExperiences.Projection.dll' -> 'goodrive://www.googleapis.com/:personal:/bannister/BannisterTools/bin/x64/Release/net8.0-windows10.0.19041.0/win-x64/Microsoft.InteractiveExperiences.Projection.dll' (1,325,088)
2026-09-28 06:12:10: Copy New 'C:/rock/bannister/BannisterTools/bin/x64/Release/net8.0-windows10.0.19041.0/win-x64/Microsoft.Graphics.winmd' -> 'goodrive://www.googleapis.com/:personal:/bannister/BannisterTools/bin/x64/Release/net8.0-windows10.0.19041.0/win-x64/Microsoft.Graphics.winmd' (23,072)
2026-09-28 06:12:11: Copy New 'C:/rock/bannister/BannisterTools/bin/x64/Release/net8.0-windows10.0.19041.0/win-x64/Microsoft.InputStateManager.dll' -> 'goodrive://www.googleapis.com/:personal:/bannister/BannisterTools/bin/x64/Release/net8.0-windows10.0.19041.0/win-x64/Microsoft.InputStateManager.dll' (456,624)
2026-09-28 06:12:12: < Copy New 'C:/rock/bannister/BannisterTools/bin/x64/Release/net8.0-windows10.0.19041.0/win-x64/Microsoft.InteractiveExperiences.Projection.dll' -> 'goodrive://www.googleapis.com/:personal:/bannister/BannisterTools/bin/x64/Release/net8.0-windows10.0.19041.0/win-x64/Microsoft.InteractiveExperiences.Projection.dll' (1,325,088)
2026-09-28 06:12:13: Copy New 'C:/rock/bannister/BannisterTools/bin/x64/Release/net8.0-windows10.0.19041.0/win-x64/Microsoft.Internal.FrameworkUdk.dll' -> 'goodrive://www.googleapis.com/:personal:/bannister/BannisterTools/bin/x64/Release/net8.0-windows10.0.19041.0/win-x64/Microsoft.Internal.FrameworkUdk.dll' (853,384)
2026-09-28 06:12:13: > Copy New 'C:/rock/bannister/BannisterTools/bin/x64/Release/net8.0-windows10.0.19041.0/win-x64/Microsoft.Maui.Controls.dll' -> 'goodrive://www.googleapis.com/:personal:/bannister/BannisterTools/bin/x64/Release/net8.0-windows10.0.19041.0/win-x64/Microsoft.Maui.Controls.dll' (1,683,496)
2026-09-28 06:12:13: Copy New 'C:/rock/bannister/BannisterTools/bin/x64/Release/net8.0-windows10.0.19041.0/win-x64/Microsoft.IO.RecyclableMemoryStream.dll' -> 'goodrive://www.googleapis.com/:personal:/bannister/BannisterTools/bin/x64/Release/net8.0-windows10.0.19041.0/win-x64/Microsoft.IO.RecyclableMemoryStream.dll' (65,968)
2026-09-28 06:12:15: Copy New 'C:/rock/bannister/BannisterTools/bin/x64/Release/net8.0-windows10.0.19041.0/win-x64/Microsoft.Maui.Controls.Compatibility.dll' -> 'goodrive://www.googleapis.com/:personal:/bannister/BannisterTools/bin/x64/Release/net8.0-windows10.0.19041.0/win-x64/Microsoft.Maui.Controls.Compatibility.dll' (467,528)
2026-09-28 06:12:15: < Copy New 'C:/rock/bannister/BannisterTools/bin/x64/Release/net8.0-windows10.0.19041.0/win-x64/Microsoft.Maui.Controls.dll' -> 'goodrive://www.googleapis.com/:personal:/bannister/BannisterTools/bin/x64/Release/net8.0-windows10.0.19041.0/win-x64/Microsoft.Maui.Controls.dll' (1,683,496)
2026-09-28 06:12:16: Copy New 'C:/rock/bannister/BannisterTools/bin/x64/Release/net8.0-windows10.0.19041.0/win-x64/Microsoft.Maui.Controls.Xaml.dll' -> 'goodrive://www.googleapis.com/:personal:/bannister/BannisterTools/bin/x64/Release/net8.0-windows10.0.19041.0/win-x64/Microsoft.Maui.Controls.Xaml.dll' (120,864)
2026-09-28 06:12:17: Copy New 'C:/rock/bannister/BannisterTools/bin/x64/Release/net8.0-windows10.0.19041.0/win-x64/Microsoft.Maui.dll' -> 'goodrive://www.googleapis.com/:personal:/bannister/BannisterTools/bin/x64/Release/net8.0-windows10.0.19041.0/win-x64/Microsoft.Maui.dll' (674,848)
2026-09-28 06:12:17: Copy New 'C:/rock/bannister/BannisterTools/bin/x64/Release/net8.0-windows10.0.19041.0/win-x64/Microsoft.Maui.Essentials.dll' -> 'goodrive://www.googleapis.com/:personal:/bannister/BannisterTools/bin/x64/Release/net8.0-windows10.0.19041.0/win-x64/Microsoft.Maui.Essentials.dll' (240,696)
2026-09-28 06:12:18: Copy New 'C:/rock/bannister/BannisterTools/bin/x64/Release/net8.0-windows10.0.19041.0/win-x64/Microsoft.Maui.Graphics.dll' -> 'goodrive://www.googleapis.com/:personal:/bannister/BannisterTools/bin/x64/Release/net8.0-windows10.0.19041.0/win-x64/Microsoft.Maui.Graphics.dll' (212,544)
2026-09-28 06:12:19: Copy New 'C:/rock/bannister/BannisterTools/bin/x64/Release/net8.0-windows10.0.19041.0/win-x64/Microsoft.Maui.Graphics.Win2D.WinUI.Desktop.dll' -> 'goodrive://www.googleapis.com/:personal:/bannister/BannisterTools/bin/x64/Release/net8.0-windows10.0.19041.0/win-x64/Microsoft.Maui.Graphics.Win2D.WinUI.Desktop.dll' (56,888)
2026-09-28 06:12:19: > Copy New 'C:/rock/bannister/BannisterTools/bin/x64/Release/net8.0-windows10.0.19041.0/win-x64/Microsoft.UI.Input.dll' -> 'goodrive://www.googleapis.com/:personal:/bannister/BannisterTools/bin/x64/Release/net8.0-windows10.0.19041.0/win-x64/Microsoft.UI.Input.dll' (1,480,624)
2026-09-28 06:12:19: Copy New 'C:/rock/bannister/BannisterTools/bin/x64/Release/net8.0-windows10.0.19041.0/win-x64/Microsoft.UI.Composition.OSSupport.dll' -> 'goodrive://www.googleapis.com/:personal:/bannister/BannisterTools/bin/x64/Release/net8.0-windows10.0.19041.0/win-x64/Microsoft.UI.Composition.OSSupport.dll' (67,616)
2026-09-28 06:12:21: Copy New 'C:/rock/bannister/BannisterTools/bin/x64/Release/net8.0-windows10.0.19041.0/win-x64/Microsoft.UI.dll' -> 'goodrive://www.googleapis.com/:personal:/bannister/BannisterTools/bin/x64/Release/net8.0-windows10.0.19041.0/win-x64/Microsoft.UI.dll' (120,752)
2026-09-28 06:12:21: < Copy New 'C:/rock/bannister/BannisterTools/bin/x64/Release/net8.0-windows10.0.19041.0/win-x64/Microsoft.UI.Input.dll' -> 'goodrive://www.googleapis.com/:personal:/bannister/BannisterTools/bin/x64/Release/net8.0-windows10.0.19041.0/win-x64/Microsoft.UI.Input.dll' (1,480,624)
2026-09-28 06:12:22: Copy New 'C:/rock/bannister/BannisterTools/bin/x64/Release/net8.0-windows10.0.19041.0/win-x64/Microsoft.UI.Text.winmd' -> 'goodrive://www.googleapis.com/:personal:/bannister/BannisterTools/bin/x64/Release/net8.0-windows10.0.19041.0/win-x64/Microsoft.UI.Text.winmd' (34,736)
2026-09-28 06:12:23: Copy New 'C:/rock/bannister/BannisterTools/bin/x64/Release/net8.0-windows10.0.19041.0/win-x64/Microsoft.UI.Windowing.Core.dll' -> 'goodrive://www.googleapis.com/:personal:/bannister/BannisterTools/bin/x64/Release/net8.0-windows10.0.19041.0/win-x64/Microsoft.UI.Windowing.Core.dll' (493,488)
2026-09-28 06:12:23: Copy New 'C:/rock/bannister/BannisterTools/bin/x64/Release/net8.0-windows10.0.19041.0/win-x64/Microsoft.UI.Windowing.dll' -> 'goodrive://www.googleapis.com/:personal:/bannister/BannisterTools/bin/x64/Release/net8.0-windows10.0.19041.0/win-x64/Microsoft.UI.Windowing.dll' (464,816)
2026-09-28 06:12:23: > Copy New 'C:/rock/bannister/BannisterTools/bin/x64/Release/net8.0-windows10.0.19041.0/win-x64/Microsoft.UI.Xaml.Controls.dll' -> 'goodrive://www.googleapis.com/:personal:/bannister/BannisterTools/bin/x64/Release/net8.0-windows10.0.19041.0/win-x64/Microsoft.UI.Xaml.Controls.dll' (6,883,384)
2026-09-28 06:12:24: Create Folder goodrive://www.googleapis.com/:personal:/bannister/BannisterTools/bin/x64/Release/net8.0-windows10.0.19041.0/win-x64/Microsoft.UI.Xaml
2026-09-28 06:12:24: > Copy New 'C:/rock/bannister/BannisterTools/bin/x64/Release/net8.0-windows10.0.19041.0/win-x64/Microsoft.UI.Xaml.Controls.pri' -> 'goodrive://www.googleapis.com/:personal:/bannister/BannisterTools/bin/x64/Release/net8.0-windows10.0.19041.0/win-x64/Microsoft.UI.Xaml.Controls.pri' (1,229,952)
2026-09-28 06:12:24: Copy New 'C:/rock/bannister/BannisterTools/bin/x64/Release/net8.0-windows10.0.19041.0/win-x64/Microsoft.UI.winmd' -> 'goodrive://www.googleapis.com/:personal:/bannister/BannisterTools/bin/x64/Release/net8.0-windows10.0.19041.0/win-x64/Microsoft.UI.winmd' (299,040)
2026-09-28 06:12:25: Create Folder goodrive://www.googleapis.com/:personal:/bannister/BannisterTools/bin/x64/Release/net8.0-windows10.0.19041.0/win-x64/Microsoft.UI.Xaml/Assets
2026-09-28 06:12:25: > Copy New 'C:/rock/bannister/BannisterTools/bin/x64/Release/net8.0-windows10.0.19041.0/win-x64/Microsoft.ui.xaml.dll' -> 'goodrive://www.googleapis.com/:personal:/bannister/BannisterTools/bin/x64/Release/net8.0-windows10.0.19041.0/win-x64/Microsoft.ui.xaml.dll' (15,174,728)
2026-09-28 06:12:26: < Copy New 'C:/rock/bannister/BannisterTools/bin/x64/Release/net8.0-windows10.0.19041.0/win-x64/Microsoft.UI.Xaml.Controls.pri' -> 'goodrive://www.googleapis.com/:personal:/bannister/BannisterTools/bin/x64/Release/net8.0-windows10.0.19041.0/win-x64/Microsoft.UI.Xaml.Controls.pri' (1,229,952)
2026-09-28 06:12:27: < Copy New 'C:/rock/bannister/BannisterTools/bin/x64/Release/net8.0-windows10.0.19041.0/win-x64/Microsoft.UI.Xaml.Controls.dll' -> 'goodrive://www.googleapis.com/:personal:/bannister/BannisterTools/bin/x64/Release/net8.0-windows10.0.19041.0/win-x64/Microsoft.UI.Xaml.Controls.dll' (6,883,384)
2026-09-28 06:12:28: Copy New 'C:/rock/bannister/BannisterTools/bin/x64/Release/net8.0-windows10.0.19041.0/win-x64/Microsoft.UI.Xaml/Assets/map.html' -> 'goodrive://www.googleapis.com/:personal:/bannister/BannisterTools/bin/x64/Release/net8.0-windows10.0.19041.0/win-x64/Microsoft.UI.Xaml/Assets/map.html' (9,234)
2026-09-28 06:12:29: < Copy New 'C:/rock/bannister/BannisterTools/bin/x64/Release/net8.0-windows10.0.19041.0/win-x64/Microsoft.ui.xaml.dll' -> 'goodrive://www.googleapis.com/:personal:/bannister/BannisterTools/bin/x64/Release/net8.0-windows10.0.19041.0/win-x64/Microsoft.ui.xaml.dll' (15,174,728)
2026-09-28 06:12:29: > Copy New 'C:/rock/bannister/BannisterTools/bin/x64/Release/net8.0-windows10.0.19041.0/win-x64/Microsoft.UI.Xaml.Phone.dll' -> 'goodrive://www.googleapis.com/:personal:/bannister/BannisterTools/bin/x64/Release/net8.0-windows10.0.19041.0/win-x64/Microsoft.UI.Xaml.Phone.dll' (1,094,696)
2026-09-28 06:12:30: Copy New 'C:/rock/bannister/BannisterTools/bin/x64/Release/net8.0-windows10.0.19041.0/win-x64/Microsoft.UI.Xaml/Assets/NoiseAsset_256x256_PNG.png' -> 'goodrive://www.googleapis.com/:personal:/bannister/BannisterTools/bin/x64/Release/net8.0-windows10.0.19041.0/win-x64/Microsoft.UI.Xaml/Assets/NoiseAsset_256x256_PNG.png' (3,241)
2026-09-28 06:12:30: Copy New 'C:/rock/bannister/BannisterTools/bin/x64/Release/net8.0-windows10.0.19041.0/win-x64/Microsoft.UI.Xaml.Internal.dll' -> 'goodrive://www.googleapis.com/:personal:/bannister/BannisterTools/bin/x64/Release/net8.0-windows10.0.19041.0/win-x64/Microsoft.UI.Xaml.Internal.dll' (939,552)
2026-09-28 06:12:31: < Copy New 'C:/rock/bannister/BannisterTools/bin/x64/Release/net8.0-windows10.0.19041.0/win-x64/Microsoft.UI.Xaml.Phone.dll' -> 'goodrive://www.googleapis.com/:personal:/bannister/BannisterTools/bin/x64/Release/net8.0-windows10.0.19041.0/win-x64/Microsoft.UI.Xaml.Phone.dll' (1,094,696)
2026-09-28 06:12:31: > Copy New 'C:/rock/bannister/BannisterTools/bin/x64/Release/net8.0-windows10.0.19041.0/win-x64/Microsoft.UI.Xaml.winmd' -> 'goodrive://www.googleapis.com/:personal:/bannister/BannisterTools/bin/x64/Release/net8.0-windows10.0.19041.0/win-x64/Microsoft.UI.Xaml.winmd' (1,611,296)
2026-09-28 06:12:32: Copy New 'C:/rock/bannister/BannisterTools/bin/x64/Release/net8.0-windows10.0.19041.0/win-x64/Microsoft.ui.xaml.resources.19h1.dll' -> 'goodrive://www.googleapis.com/:personal:/bannister/BannisterTools/bin/x64/Release/net8.0-windows10.0.19041.0/win-x64/Microsoft.ui.xaml.resources.19h1.dll' (566,816)
2026-09-28 06:12:32: > Copy New 'C:/rock/bannister/BannisterTools/bin/x64/Release/net8.0-windows10.0.19041.0/win-x64/Microsoft.VisualBasic.Core.dll' -> 'goodrive://www.googleapis.com/:personal:/bannister/BannisterTools/bin/x64/Release/net8.0-windows10.0.19041.0/win-x64/Microsoft.VisualBasic.Core.dll' (1,247,496)
2026-09-28 06:12:32: Copy New 'C:/rock/bannister/BannisterTools/bin/x64/Release/net8.0-windows10.0.19041.0/win-x64/Microsoft.ui.xaml.resources.common.dll' -> 'goodrive://www.googleapis.com/:personal:/bannister/BannisterTools/bin/x64/Release/net8.0-windows10.0.19041.0/win-x64/Microsoft.ui.xaml.resources.common.dll' (55,728)
2026-09-28 06:12:34: < Copy New 'C:/rock/bannister/BannisterTools/bin/x64/Release/net8.0-windows10.0.19041.0/win-x64/Microsoft.UI.Xaml.winmd' -> 'goodrive://www.googleapis.com/:personal:/bannister/BannisterTools/bin/x64/Release/net8.0-windows10.0.19041.0/win-x64/Microsoft.UI.Xaml.winmd' (1,611,296)
2026-09-28 06:12:34: < Copy New 'C:/rock/bannister/BannisterTools/bin/x64/Release/net8.0-windows10.0.19041.0/win-x64/Microsoft.VisualBasic.Core.dll' -> 'goodrive://www.googleapis.com/:personal:/bannister/BannisterTools/bin/x64/Release/net8.0-windows10.0.19041.0/win-x64/Microsoft.VisualBasic.Core.dll' (1,247,496)
2026-09-28 06:12:34: Copy New 'C:/rock/bannister/BannisterTools/bin/x64/Release/net8.0-windows10.0.19041.0/win-x64/Microsoft.VisualBasic.dll' -> 'goodrive://www.googleapis.com/:personal:/bannister/BannisterTools/bin/x64/Release/net8.0-windows10.0.19041.0/win-x64/Microsoft.VisualBasic.dll' (17,672)
2026-09-28 06:12:36: Copy New 'C:/rock/bannister/BannisterTools/bin/x64/Release/net8.0-windows10.0.19041.0/win-x64/Microsoft.Web.WebView2.Core.dll' -> 'goodrive://www.googleapis.com/:personal:/bannister/BannisterTools/bin/x64/Release/net8.0-windows10.0.19041.0/win-x64/Microsoft.Web.WebView2.Core.dll' (714,304)
2026-09-28 06:12:37: Copy New 'C:/rock/bannister/BannisterTools/bin/x64/Release/net8.0-windows10.0.19041.0/win-x64/Microsoft.Web.WebView2.Core.winmd' -> 'goodrive://www.googleapis.com/:personal:/bannister/BannisterTools/bin/x64/Release/net8.0-windows10.0.19041.0/win-x64/Microsoft.Web.WebView2.Core.winmd' (116,296)
2026-09-28 06:12:37: Copy New 'C:/rock/bannister/BannisterTools/bin/x64/Release/net8.0-windows10.0.19041.0/win-x64/Microsoft.Win32.Primitives.dll' -> 'goodrive://www.googleapis.com/:personal:/bannister/BannisterTools/bin/x64/Release/net8.0-windows10.0.19041.0/win-x64/Microsoft.Win32.Primitives.dll' (15,624)
2026-09-28 06:12:38: Copy New 'C:/rock/bannister/BannisterTools/bin/x64/Release/net8.0-windows10.0.19041.0/win-x64/Microsoft.Win32.Registry.dll' -> 'goodrive://www.googleapis.com/:personal:/bannister/BannisterTools/bin/x64/Release/net8.0-windows10.0.19041.0/win-x64/Microsoft.Win32.Registry.dll' (121,104)
2026-09-28 06:12:38: Copy New 'C:/rock/bannister/BannisterTools/bin/x64/Release/net8.0-windows10.0.19041.0/win-x64/Microsoft.Windows.ApplicationModel.DynamicDependency.winmd' -> 'goodrive://www.googleapis.com/:personal:/bannister/BannisterTools/bin/x64/Release/net8.0-windows10.0.19041.0/win-x64/Microsoft.Windows.ApplicationModel.DynamicDependency.winmd' (18,464)
2026-09-28 06:12:39: Copy New 'C:/rock/bannister/BannisterTools/bin/x64/Release/net8.0-windows10.0.19041.0/win-x64/Microsoft.Windows.ApplicationModel.DynamicDependency.Projection.dll' -> 'goodrive://www.googleapis.com/:personal:/bannister/BannisterTools/bin/x64/Release/net8.0-windows10.0.19041.0/win-x64/Microsoft.Windows.ApplicationModel.DynamicDependency.Projection.dll' (54,304)
2026-09-28 06:12:40: Copy New 'C:/rock/bannister/BannisterTools/bin/x64/Release/net8.0-windows10.0.19041.0/win-x64/Microsoft.Windows.ApplicationModel.Resources.dll' -> 'goodrive://www.googleapis.com/:personal:/bannister/BannisterTools/bin/x64/Release/net8.0-windows10.0.19041.0/win-x64/Microsoft.Windows.ApplicationModel.Resources.dll' (142,768)
2026-09-28 06:12:40: Copy New 'C:/rock/bannister/BannisterTools/bin/x64/Release/net8.0-windows10.0.19041.0/win-x64/Microsoft.Windows.ApplicationModel.Resources.Projection.dll' -> 'goodrive://www.googleapis.com/:personal:/bannister/BannisterTools/bin/x64/Release/net8.0-windows10.0.19041.0/win-x64/Microsoft.Windows.ApplicationModel.Resources.Projection.dll' (69,552)
2026-09-28 06:12:41: Copy New 'C:/rock/bannister/BannisterTools/bin/x64/Release/net8.0-windows10.0.19041.0/win-x64/Microsoft.Windows.ApplicationModel.Resources.winmd' -> 'goodrive://www.googleapis.com/:personal:/bannister/BannisterTools/bin/x64/Release/net8.0-windows10.0.19041.0/win-x64/Microsoft.Windows.ApplicationModel.Resources.winmd' (19,376)
2026-09-28 06:12:42: Copy New 'C:/rock/bannister/BannisterTools/bin/x64/Release/net8.0-windows10.0.19041.0/win-x64/Microsoft.Windows.ApplicationModel.WindowsAppRuntime.Projection.dll' -> 'goodrive://www.googleapis.com/:personal:/bannister/BannisterTools/bin/x64/Release/net8.0-windows10.0.19041.0/win-x64/Microsoft.Windows.ApplicationModel.WindowsAppRuntime.Projection.dll' (43,952)
2026-09-28 06:12:43: Copy New 'C:/rock/bannister/BannisterTools/bin/x64/Release/net8.0-windows10.0.19041.0/win-x64/Microsoft.Windows.ApplicationModel.WindowsAppRuntime.winmd' -> 'goodrive://www.googleapis.com/:personal:/bannister/BannisterTools/bin/x64/Release/net8.0-windows10.0.19041.0/win-x64/Microsoft.Windows.ApplicationModel.WindowsAppRuntime.winmd' (15,392)
2026-09-28 06:12:44: Copy New 'C:/rock/bannister/BannisterTools/bin/x64/Release/net8.0-windows10.0.19041.0/win-x64/Microsoft.Windows.AppLifecycle.Projection.dll' -> 'goodrive://www.googleapis.com/:personal:/bannister/BannisterTools/bin/x64/Release/net8.0-windows10.0.19041.0/win-x64/Microsoft.Windows.AppLifecycle.Projection.dll' (47,536)
2026-09-28 06:12:45: Copy New 'C:/rock/bannister/BannisterTools/bin/x64/Release/net8.0-windows10.0.19041.0/win-x64/Microsoft.Windows.AppLifecycle.winmd' -> 'goodrive://www.googleapis.com/:personal:/bannister/BannisterTools/bin/x64/Release/net8.0-windows10.0.19041.0/win-x64/Microsoft.Windows.AppLifecycle.winmd' (17,456)
2026-09-28 06:12:45: Copy New 'C:/rock/bannister/BannisterTools/bin/x64/Release/net8.0-windows10.0.19041.0/win-x64/Microsoft.Windows.AppNotifications.Builder.Projection.dll' -> 'goodrive://www.googleapis.com/:personal:/bannister/BannisterTools/bin/x64/Release/net8.0-windows10.0.19041.0/win-x64/Microsoft.Windows.AppNotifications.Builder.Projection.dll' (73,152)
2026-09-28 06:12:46: Copy New 'C:/rock/bannister/BannisterTools/bin/x64/Release/net8.0-windows10.0.19041.0/win-x64/Microsoft.Windows.AppNotifications.Builder.winmd' -> 'goodrive://www.googleapis.com/:personal:/bannister/BannisterTools/bin/x64/Release/net8.0-windows10.0.19041.0/win-x64/Microsoft.Windows.AppNotifications.Builder.winmd' (24,496)
2026-09-28 06:12:47: Copy New 'C:/rock/bannister/BannisterTools/bin/x64/Release/net8.0-windows10.0.19041.0/win-x64/Microsoft.Windows.AppNotifications.winmd' -> 'goodrive://www.googleapis.com/:personal:/bannister/BannisterTools/bin/x64/Release/net8.0-windows10.0.19041.0/win-x64/Microsoft.Windows.AppNotifications.winmd' (20,000)
2026-09-28 06:12:47: Copy New 'C:/rock/bannister/BannisterTools/bin/x64/Release/net8.0-windows10.0.19041.0/win-x64/Microsoft.Windows.AppNotifications.Projection.dll' -> 'goodrive://www.googleapis.com/:personal:/bannister/BannisterTools/bin/x64/Release/net8.0-windows10.0.19041.0/win-x64/Microsoft.Windows.AppNotifications.Projection.dll' (60,864)
2026-09-28 06:12:48: Copy New 'C:/rock/bannister/BannisterTools/bin/x64/Release/net8.0-windows10.0.19041.0/win-x64/Microsoft.Windows.Management.Deployment.Projection.dll' -> 'goodrive://www.googleapis.com/:personal:/bannister/BannisterTools/bin/x64/Release/net8.0-windows10.0.19041.0/win-x64/Microsoft.Windows.Management.Deployment.Projection.dll' (109,600)
2026-09-28 06:12:49: Copy New 'C:/rock/bannister/BannisterTools/bin/x64/Release/net8.0-windows10.0.19041.0/win-x64/Microsoft.Windows.PushNotifications.Projection.dll' -> 'goodrive://www.googleapis.com/:personal:/bannister/BannisterTools/bin/x64/Release/net8.0-windows10.0.19041.0/win-x64/Microsoft.Windows.PushNotifications.Projection.dll' (51,632)
2026-09-28 06:12:49: > Copy New 'C:/rock/bannister/BannisterTools/bin/x64/Release/net8.0-windows10.0.19041.0/win-x64/Microsoft.Windows.SDK.NET.dll' -> 'goodrive://www.googleapis.com/:personal:/bannister/BannisterTools/bin/x64/Release/net8.0-windows10.0.19041.0/win-x64/Microsoft.Windows.SDK.NET.dll' (24,877,600)
2026-09-28 06:12:49: Copy New 'C:/rock/bannister/BannisterTools/bin/x64/Release/net8.0-windows10.0.19041.0/win-x64/Microsoft.Windows.Management.Deployment.winmd' -> 'goodrive://www.googleapis.com/:personal:/bannister/BannisterTools/bin/x64/Release/net8.0-windows10.0.19041.0/win-x64/Microsoft.Windows.Management.Deployment.winmd' (34,336)
2026-09-28 06:12:50: Copy New 'C:/rock/bannister/BannisterTools/bin/x64/Release/net8.0-windows10.0.19041.0/win-x64/Microsoft.Windows.PushNotifications.winmd' -> 'goodrive://www.googleapis.com/:personal:/bannister/BannisterTools/bin/x64/Release/net8.0-windows10.0.19041.0/win-x64/Microsoft.Windows.PushNotifications.winmd' (15,904)
2026-09-28 06:12:51: Copy New 'C:/rock/bannister/BannisterTools/bin/x64/Release/net8.0-windows10.0.19041.0/win-x64/Microsoft.Windows.Security.AccessControl.Projection.dll' -> 'goodrive://www.googleapis.com/:personal:/bannister/BannisterTools/bin/x64/Release/net8.0-windows10.0.19041.0/win-x64/Microsoft.Windows.Security.AccessControl.Projection.dll' (34,336)
2026-09-28 06:12:52: Copy New 'C:/rock/bannister/BannisterTools/bin/x64/Release/net8.0-windows10.0.19041.0/win-x64/Microsoft.Windows.Security.AccessControl.winmd' -> 'goodrive://www.googleapis.com/:personal:/bannister/BannisterTools/bin/x64/Release/net8.0-windows10.0.19041.0/win-x64/Microsoft.Windows.Security.AccessControl.winmd' (12,832)
2026-09-28 06:12:53: Copy New 'C:/rock/bannister/BannisterTools/bin/x64/Release/net8.0-windows10.0.19041.0/win-x64/Microsoft.Windows.System.Power.Projection.dll' -> 'goodrive://www.googleapis.com/:personal:/bannister/BannisterTools/bin/x64/Release/net8.0-windows10.0.19041.0/win-x64/Microsoft.Windows.System.Power.Projection.dll' (45,088)
2026-09-28 06:12:54: < Copy New 'C:/rock/bannister/BannisterTools/bin/x64/Release/net8.0-windows10.0.19041.0/win-x64/Microsoft.Windows.SDK.NET.dll' -> 'goodrive://www.googleapis.com/:personal:/bannister/BannisterTools/bin/x64/Release/net8.0-windows10.0.19041.0/win-x64/Microsoft.Windows.SDK.NET.dll' (24,877,600)
2026-09-28 06:12:55: Copy New 'C:/rock/bannister/BannisterTools/bin/x64/Release/net8.0-windows10.0.19041.0/win-x64/Microsoft.Windows.System.Power.winmd' -> 'goodrive://www.googleapis.com/:personal:/bannister/BannisterTools/bin/x64/Release/net8.0-windows10.0.19041.0/win-x64/Microsoft.Windows.System.Power.winmd' (17,328)
2026-09-28 06:12:55: > Copy New 'C:/rock/bannister/BannisterTools/bin/x64/Release/net8.0-windows10.0.19041.0/win-x64/Microsoft.Windows.Widgets.dll' -> 'goodrive://www.googleapis.com/:personal:/bannister/BannisterTools/bin/x64/Release/net8.0-windows10.0.19041.0/win-x64/Microsoft.Windows.Widgets.dll' (2,055,200)
2026-09-28 06:12:55: Copy New 'C:/rock/bannister/BannisterTools/bin/x64/Release/net8.0-windows10.0.19041.0/win-x64/Microsoft.Windows.System.Projection.dll' -> 'goodrive://www.googleapis.com/:personal:/bannister/BannisterTools/bin/x64/Release/net8.0-windows10.0.19041.0/win-x64/Microsoft.Windows.System.Projection.dll' (37,920)
2026-09-28 06:12:56: Copy New 'C:/rock/bannister/BannisterTools/bin/x64/Release/net8.0-windows10.0.19041.0/win-x64/Microsoft.Windows.System.winmd' -> 'goodrive://www.googleapis.com/:personal:/bannister/BannisterTools/bin/x64/Release/net8.0-windows10.0.19041.0/win-x64/Microsoft.Windows.System.winmd' (13,744)
2026-09-28 06:12:57: < Copy New 'C:/rock/bannister/BannisterTools/bin/x64/Release/net8.0-windows10.0.19041.0/win-x64/Microsoft.Windows.Widgets.dll' -> 'goodrive://www.googleapis.com/:personal:/bannister/BannisterTools/bin/x64/Release/net8.0-windows10.0.19041.0/win-x64/Microsoft.Windows.Widgets.dll' (2,055,200)
2026-09-28 06:12:58: Copy New 'C:/rock/bannister/BannisterTools/bin/x64/Release/net8.0-windows10.0.19041.0/win-x64/Microsoft.Windows.Widgets.Projection.dll' -> 'goodrive://www.googleapis.com/:personal:/bannister/BannisterTools/bin/x64/Release/net8.0-windows10.0.19041.0/win-x64/Microsoft.Windows.Widgets.Projection.dll' (144,416)
2026-09-28 06:12:58: Copy New 'C:/rock/bannister/BannisterTools/bin/x64/Release/net8.0-windows10.0.19041.0/win-x64/Microsoft.Windows.Widgets.winmd' -> 'goodrive://www.googleapis.com/:personal:/bannister/BannisterTools/bin/x64/Release/net8.0-windows10.0.19041.0/win-x64/Microsoft.Windows.Widgets.winmd' (32,288)
2026-09-28 06:12:58: > Copy New 'C:/rock/bannister/BannisterTools/bin/x64/Release/net8.0-windows10.0.19041.0/win-x64/Microsoft.WindowsAppRuntime.dll' -> 'goodrive://www.googleapis.com/:personal:/bannister/BannisterTools/bin/x64/Release/net8.0-windows10.0.19041.0/win-x64/Microsoft.WindowsAppRuntime.dll' (1,332,768)
2026-09-28 06:12:59: Copy New 'C:/rock/bannister/BannisterTools/bin/x64/Release/net8.0-windows10.0.19041.0/win-x64/Microsoft.WindowsAppRuntime.Bootstrap.dll' -> 'goodrive://www.googleapis.com/:personal:/bannister/BannisterTools/bin/x64/Release/net8.0-windows10.0.19041.0/win-x64/Microsoft.WindowsAppRuntime.Bootstrap.dll' (391,208)
2026-09-28 06:13:00: Copy New 'C:/rock/bannister/BannisterTools/bin/x64/Release/net8.0-windows10.0.19041.0/win-x64/Microsoft.WindowsAppRuntime.Bootstrap.Net.dll' -> 'goodrive://www.googleapis.com/:personal:/bannister/BannisterTools/bin/x64/Release/net8.0-windows10.0.19041.0/win-x64/Microsoft.WindowsAppRuntime.Bootstrap.Net.dll' (16,928)
2026-09-28 06:13:00: > Copy New 'C:/rock/bannister/BannisterTools/bin/x64/Release/net8.0-windows10.0.19041.0/win-x64/Microsoft.WinUI.dll' -> 'goodrive://www.googleapis.com/:personal:/bannister/BannisterTools/bin/x64/Release/net8.0-windows10.0.19041.0/win-x64/Microsoft.WinUI.dll' (7,207,976)
2026-09-28 06:13:00: < Copy New 'C:/rock/bannister/BannisterTools/bin/x64/Release/net8.0-windows10.0.19041.0/win-x64/Microsoft.WindowsAppRuntime.dll' -> 'goodrive://www.googleapis.com/:personal:/bannister/BannisterTools/bin/x64/Release/net8.0-windows10.0.19041.0/win-x64/Microsoft.WindowsAppRuntime.dll' (1,332,768)
2026-09-28 06:13:01: Copy New 'C:/rock/bannister/BannisterTools/bin/x64/Release/net8.0-windows10.0.19041.0/win-x64/Microsoft.WindowsAppRuntime.Insights.Resource.dll' -> 'goodrive://www.googleapis.com/:personal:/bannister/BannisterTools/bin/x64/Release/net8.0-windows10.0.19041.0/win-x64/Microsoft.WindowsAppRuntime.Insights.Resource.dll' (38,944)
2026-09-28 06:13:01: Create Folder goodrive://www.googleapis.com/:personal:/bannister/BannisterTools/bin/x64/Release/net8.0-windows10.0.19041.0/win-x64/mk-MK
2026-09-28 06:13:02: Create Folder goodrive://www.googleapis.com/:personal:/bannister/BannisterTools/bin/x64/Release/net8.0-windows10.0.19041.0/win-x64/mr-IN
2026-09-28 06:13:02: Create Folder goodrive://www.googleapis.com/:personal:/bannister/BannisterTools/bin/x64/Release/net8.0-windows10.0.19041.0/win-x64/ml-IN
2026-09-28 06:13:03: < Copy New 'C:/rock/bannister/BannisterTools/bin/x64/Release/net8.0-windows10.0.19041.0/win-x64/Microsoft.WinUI.dll' -> 'goodrive://www.googleapis.com/:personal:/bannister/BannisterTools/bin/x64/Release/net8.0-windows10.0.19041.0/win-x64/Microsoft.WinUI.dll' (7,207,976)
2026-09-28 06:13:04: Copy New 'C:/rock/bannister/BannisterTools/bin/x64/Release/net8.0-windows10.0.19041.0/win-x64/mk-MK/Microsoft.ui.xaml.dll.mui' -> 'goodrive://www.googleapis.com/:personal:/bannister/BannisterTools/bin/x64/Release/net8.0-windows10.0.19041.0/win-x64/mk-MK/Microsoft.ui.xaml.dll.mui' (17,408)
2026-09-28 06:13:04: Copy New 'C:/rock/bannister/BannisterTools/bin/x64/Release/net8.0-windows10.0.19041.0/win-x64/ml-IN/Microsoft.ui.xaml.dll.mui' -> 'goodrive://www.googleapis.com/:personal:/bannister/BannisterTools/bin/x64/Release/net8.0-windows10.0.19041.0/win-x64/ml-IN/Microsoft.ui.xaml.dll.mui' (18,432)
2026-09-28 06:13:05: Copy New 'C:/rock/bannister/BannisterTools/bin/x64/Release/net8.0-windows10.0.19041.0/win-x64/mr-IN/Microsoft.ui.xaml.dll.mui' -> 'goodrive://www.googleapis.com/:personal:/bannister/BannisterTools/bin/x64/Release/net8.0-windows10.0.19041.0/win-x64/mr-IN/Microsoft.ui.xaml.dll.mui' (16,384)
2026-09-28 06:13:06: Copy New 'C:/rock/bannister/BannisterTools/bin/x64/Release/net8.0-windows10.0.19041.0/win-x64/mr-IN/Microsoft.UI.Xaml.Phone.dll.mui' -> 'goodrive://www.googleapis.com/:personal:/bannister/BannisterTools/bin/x64/Release/net8.0-windows10.0.19041.0/win-x64/mr-IN/Microsoft.UI.Xaml.Phone.dll.mui' (4,096)
2026-09-28 06:13:07: Copy New 'C:/rock/bannister/BannisterTools/bin/x64/Release/net8.0-windows10.0.19041.0/win-x64/ml-IN/Microsoft.UI.Xaml.Phone.dll.mui' -> 'goodrive://www.googleapis.com/:personal:/bannister/BannisterTools/bin/x64/Release/net8.0-windows10.0.19041.0/win-x64/ml-IN/Microsoft.UI.Xaml.Phone.dll.mui' (4,096)
2026-09-28 06:13:07: Create Folder goodrive://www.googleapis.com/:personal:/bannister/BannisterTools/bin/x64/Release/net8.0-windows10.0.19041.0/win-x64/ms
2026-09-28 06:13:07: Copy New 'C:/rock/bannister/BannisterTools/bin/x64/Release/net8.0-windows10.0.19041.0/win-x64/mk-MK/Microsoft.UI.Xaml.Phone.dll.mui' -> 'goodrive://www.googleapis.com/:personal:/bannister/BannisterTools/bin/x64/Release/net8.0-windows10.0.19041.0/win-x64/mk-MK/Microsoft.UI.Xaml.Phone.dll.mui' (4,096)
2026-09-28 06:13:08: Create Folder goodrive://www.googleapis.com/:personal:/bannister/BannisterTools/bin/x64/Release/net8.0-windows10.0.19041.0/win-x64/ms-MY
2026-09-28 06:13:08: > Copy New 'C:/rock/bannister/BannisterTools/bin/x64/Release/net8.0-windows10.0.19041.0/win-x64/mscordaccore.dll' -> 'goodrive://www.googleapis.com/:personal:/bannister/BannisterTools/bin/x64/Release/net8.0-windows10.0.19041.0/win-x64/mscordaccore.dll' (1,345,880)
2026-09-28 06:13:09: Copy New 'C:/rock/bannister/BannisterTools/bin/x64/Release/net8.0-windows10.0.19041.0/win-x64/MRM.dll' -> 'goodrive://www.googleapis.com/:personal:/bannister/BannisterTools/bin/x64/Release/net8.0-windows10.0.19041.0/win-x64/MRM.dll' (304,576)
2026-09-28 06:13:10: Copy New 'C:/rock/bannister/BannisterTools/bin/x64/Release/net8.0-windows10.0.19041.0/win-x64/ms/Microsoft.Maui.Controls.resources.dll' -> 'goodrive://www.googleapis.com/:personal:/bannister/BannisterTools/bin/x64/Release/net8.0-windows10.0.19041.0/win-x64/ms/Microsoft.Maui.Controls.resources.dll' (15,392)
2026-09-28 06:13:10: < Copy New 'C:/rock/bannister/BannisterTools/bin/x64/Release/net8.0-windows10.0.19041.0/win-x64/mscordaccore.dll' -> 'goodrive://www.googleapis.com/:personal:/bannister/BannisterTools/bin/x64/Release/net8.0-windows10.0.19041.0/win-x64/mscordaccore.dll' (1,345,880)
2026-09-28 06:13:10: > Copy New 'C:/rock/bannister/BannisterTools/bin/x64/Release/net8.0-windows10.0.19041.0/win-x64/mscordaccore_amd64_amd64_8.0.2626.16921.dll' -> 'goodrive://www.googleapis.com/:personal:/bannister/BannisterTools/bin/x64/Release/net8.0-windows10.0.19041.0/win-x64/mscordaccore_amd64_amd64_8.0.2626.16921.dll' (1,345,880)
2026-09-28 06:13:11: Copy New 'C:/rock/bannister/BannisterTools/bin/x64/Release/net8.0-windows10.0.19041.0/win-x64/ms-MY/Microsoft.ui.xaml.dll.mui' -> 'goodrive://www.googleapis.com/:personal:/bannister/BannisterTools/bin/x64/Release/net8.0-windows10.0.19041.0/win-x64/ms-MY/Microsoft.ui.xaml.dll.mui' (16,896)
2026-09-28 06:13:11: > Copy New 'C:/rock/bannister/BannisterTools/bin/x64/Release/net8.0-windows10.0.19041.0/win-x64/mscordbi.dll' -> 'goodrive://www.googleapis.com/:personal:/bannister/BannisterTools/bin/x64/Release/net8.0-windows10.0.19041.0/win-x64/mscordbi.dll' (1,234,264)
2026-09-28 06:13:12: Copy New 'C:/rock/bannister/BannisterTools/bin/x64/Release/net8.0-windows10.0.19041.0/win-x64/ms-MY/Microsoft.UI.Xaml.Phone.dll.mui' -> 'goodrive://www.googleapis.com/:personal:/bannister/BannisterTools/bin/x64/Release/net8.0-windows10.0.19041.0/win-x64/ms-MY/Microsoft.UI.Xaml.Phone.dll.mui' (4,096)
2026-09-28 06:13:12: < Copy New 'C:/rock/bannister/BannisterTools/bin/x64/Release/net8.0-windows10.0.19041.0/win-x64/mscordaccore_amd64_amd64_8.0.2626.16921.dll' -> 'goodrive://www.googleapis.com/:personal:/bannister/BannisterTools/bin/x64/Release/net8.0-windows10.0.19041.0/win-x64/mscordaccore_amd64_amd64_8.0.2626.16921.dll' (1,345,880)
2026-09-28 06:13:14: < Copy New 'C:/rock/bannister/BannisterTools/bin/x64/Release/net8.0-windows10.0.19041.0/win-x64/mscordbi.dll' -> 'goodrive://www.googleapis.com/:personal:/bannister/BannisterTools/bin/x64/Release/net8.0-windows10.0.19041.0/win-x64/mscordbi.dll' (1,234,264)
2026-09-28 06:13:14: Copy New 'C:/rock/bannister/BannisterTools/bin/x64/Release/net8.0-windows10.0.19041.0/win-x64/mscorrc.dll' -> 'goodrive://www.googleapis.com/:personal:/bannister/BannisterTools/bin/x64/Release/net8.0-windows10.0.19041.0/win-x64/mscorrc.dll' (136,968)
2026-09-28 06:13:14: Copy New 'C:/rock/bannister/BannisterTools/bin/x64/Release/net8.0-windows10.0.19041.0/win-x64/mscorlib.dll' -> 'goodrive://www.googleapis.com/:personal:/bannister/BannisterTools/bin/x64/Release/net8.0-windows10.0.19041.0/win-x64/mscorlib.dll' (59,656)
2026-09-28 06:13:15: Create Folder goodrive://www.googleapis.com/:personal:/bannister/BannisterTools/bin/x64/Release/net8.0-windows10.0.19041.0/win-x64/mt-MT
2026-09-28 06:13:15: Create Folder goodrive://www.googleapis.com/:personal:/bannister/BannisterTools/bin/x64/Release/net8.0-windows10.0.19041.0/win-x64/nb
2026-09-28 06:13:16: Copy New 'C:/rock/bannister/BannisterTools/bin/x64/Release/net8.0-windows10.0.19041.0/win-x64/msquic.dll' -> 'goodrive://www.googleapis.com/:personal:/bannister/BannisterTools/bin/x64/Release/net8.0-windows10.0.19041.0/win-x64/msquic.dll' (524,320)
2026-09-28 06:13:16: Create Folder goodrive://www.googleapis.com/:personal:/bannister/BannisterTools/bin/x64/Release/net8.0-windows10.0.19041.0/win-x64/nb-NO
2026-09-28 06:13:18: Copy New 'C:/rock/bannister/BannisterTools/bin/x64/Release/net8.0-windows10.0.19041.0/win-x64/mt-MT/Microsoft.ui.xaml.dll.mui' -> 'goodrive://www.googleapis.com/:personal:/bannister/BannisterTools/bin/x64/Release/net8.0-windows10.0.19041.0/win-x64/mt-MT/Microsoft.ui.xaml.dll.mui' (17,408)
2026-09-28 06:13:18: Copy New 'C:/rock/bannister/BannisterTools/bin/x64/Release/net8.0-windows10.0.19041.0/win-x64/nb/Microsoft.Maui.Controls.resources.dll' -> 'goodrive://www.googleapis.com/:personal:/bannister/BannisterTools/bin/x64/Release/net8.0-windows10.0.19041.0/win-x64/nb/Microsoft.Maui.Controls.resources.dll' (15,400)
2026-09-28 06:13:19: Copy New 'C:/rock/bannister/BannisterTools/bin/x64/Release/net8.0-windows10.0.19041.0/win-x64/mt-MT/Microsoft.UI.Xaml.Phone.dll.mui' -> 'goodrive://www.googleapis.com/:personal:/bannister/BannisterTools/bin/x64/Release/net8.0-windows10.0.19041.0/win-x64/mt-MT/Microsoft.UI.Xaml.Phone.dll.mui' (4,096)
2026-09-28 06:13:19: Create Folder goodrive://www.googleapis.com/:personal:/bannister/BannisterTools/bin/x64/Release/net8.0-windows10.0.19041.0/win-x64/ne-NP
2026-09-28 06:13:20: Copy New 'C:/rock/bannister/BannisterTools/bin/x64/Release/net8.0-windows10.0.19041.0/win-x64/nb-NO/Microsoft.ui.xaml.dll.mui' -> 'goodrive://www.googleapis.com/:personal:/bannister/BannisterTools/bin/x64/Release/net8.0-windows10.0.19041.0/win-x64/nb-NO/Microsoft.ui.xaml.dll.mui' (15,872)
2026-09-28 06:13:21: Copy New 'C:/rock/bannister/BannisterTools/bin/x64/Release/net8.0-windows10.0.19041.0/win-x64/nb-NO/Microsoft.UI.Xaml.Phone.dll.mui' -> 'goodrive://www.googleapis.com/:personal:/bannister/BannisterTools/bin/x64/Release/net8.0-windows10.0.19041.0/win-x64/nb-NO/Microsoft.UI.Xaml.Phone.dll.mui' (4,096)
2026-09-28 06:13:22: Copy New 'C:/rock/bannister/BannisterTools/bin/x64/Release/net8.0-windows10.0.19041.0/win-x64/netstandard.dll' -> 'goodrive://www.googleapis.com/:personal:/bannister/BannisterTools/bin/x64/Release/net8.0-windows10.0.19041.0/win-x64/netstandard.dll' (101,176)
2026-09-28 06:13:23: Copy New 'C:/rock/bannister/BannisterTools/bin/x64/Release/net8.0-windows10.0.19041.0/win-x64/ne-NP/Microsoft.ui.xaml.dll.mui' -> 'goodrive://www.googleapis.com/:personal:/bannister/BannisterTools/bin/x64/Release/net8.0-windows10.0.19041.0/win-x64/ne-NP/Microsoft.ui.xaml.dll.mui' (16,896)
2026-09-28 06:13:23: Create Folder goodrive://www.googleapis.com/:personal:/bannister/BannisterTools/bin/x64/Release/net8.0-windows10.0.19041.0/win-x64/nl
2026-09-28 06:13:23: Create Folder goodrive://www.googleapis.com/:personal:/bannister/BannisterTools/bin/x64/Release/net8.0-windows10.0.19041.0/win-x64/nl-NL
2026-09-28 06:13:23: Create Folder goodrive://www.googleapis.com/:personal:/bannister/BannisterTools/bin/x64/Release/net8.0-windows10.0.19041.0/win-x64/nn-NO
2026-09-28 06:13:23: Copy New 'C:/rock/bannister/BannisterTools/bin/x64/Release/net8.0-windows10.0.19041.0/win-x64/ne-NP/Microsoft.UI.Xaml.Phone.dll.mui' -> 'goodrive://www.googleapis.com/:personal:/bannister/BannisterTools/bin/x64/Release/net8.0-windows10.0.19041.0/win-x64/ne-NP/Microsoft.UI.Xaml.Phone.dll.mui' (4,096)
2026-09-28 06:13:25: Copy New 'C:/rock/bannister/BannisterTools/bin/x64/Release/net8.0-windows10.0.19041.0/win-x64/nl/Microsoft.Maui.Controls.resources.dll' -> 'goodrive://www.googleapis.com/:personal:/bannister/BannisterTools/bin/x64/Release/net8.0-windows10.0.19041.0/win-x64/nl/Microsoft.Maui.Controls.resources.dll' (15,432)
2026-09-28 06:13:26: Copy New 'C:/rock/bannister/BannisterTools/bin/x64/Release/net8.0-windows10.0.19041.0/win-x64/nn-NO/Microsoft.ui.xaml.dll.mui' -> 'goodrive://www.googleapis.com/:personal:/bannister/BannisterTools/bin/x64/Release/net8.0-windows10.0.19041.0/win-x64/nn-NO/Microsoft.ui.xaml.dll.mui' (15,872)
2026-09-28 06:13:26: Copy New 'C:/rock/bannister/BannisterTools/bin/x64/Release/net8.0-windows10.0.19041.0/win-x64/nl-NL/Microsoft.ui.xaml.dll.mui' -> 'goodrive://www.googleapis.com/:personal:/bannister/BannisterTools/bin/x64/Release/net8.0-windows10.0.19041.0/win-x64/nl-NL/Microsoft.ui.xaml.dll.mui' (16,896)
2026-09-28 06:13:27: Create Folder goodrive://www.googleapis.com/:personal:/bannister/BannisterTools/bin/x64/Release/net8.0-windows10.0.19041.0/win-x64/or-IN
2026-09-28 06:13:28: Copy New 'C:/rock/bannister/BannisterTools/bin/x64/Release/net8.0-windows10.0.19041.0/win-x64/nn-NO/Microsoft.UI.Xaml.Phone.dll.mui' -> 'goodrive://www.googleapis.com/:personal:/bannister/BannisterTools/bin/x64/Release/net8.0-windows10.0.19041.0/win-x64/nn-NO/Microsoft.UI.Xaml.Phone.dll.mui' (4,096)
2026-09-28 06:13:28: Create Folder goodrive://www.googleapis.com/:personal:/bannister/BannisterTools/bin/x64/Release/net8.0-windows10.0.19041.0/win-x64/pa-IN
2026-09-28 06:13:28: Copy New 'C:/rock/bannister/BannisterTools/bin/x64/Release/net8.0-windows10.0.19041.0/win-x64/nl-NL/Microsoft.UI.Xaml.Phone.dll.mui' -> 'goodrive://www.googleapis.com/:personal:/bannister/BannisterTools/bin/x64/Release/net8.0-windows10.0.19041.0/win-x64/nl-NL/Microsoft.UI.Xaml.Phone.dll.mui' (4,096)
2026-09-28 06:13:30: Copy New 'C:/rock/bannister/BannisterTools/bin/x64/Release/net8.0-windows10.0.19041.0/win-x64/or-IN/Microsoft.ui.xaml.dll.mui' -> 'goodrive://www.googleapis.com/:personal:/bannister/BannisterTools/bin/x64/Release/net8.0-windows10.0.19041.0/win-x64/or-IN/Microsoft.ui.xaml.dll.mui' (16,896)
2026-09-28 06:13:30: Copy New 'C:/rock/bannister/BannisterTools/bin/x64/Release/net8.0-windows10.0.19041.0/win-x64/or-IN/Microsoft.UI.Xaml.Phone.dll.mui' -> 'goodrive://www.googleapis.com/:personal:/bannister/BannisterTools/bin/x64/Release/net8.0-windows10.0.19041.0/win-x64/or-IN/Microsoft.UI.Xaml.Phone.dll.mui' (4,096)
2026-09-28 06:13:30: Copy New 'C:/rock/bannister/BannisterTools/bin/x64/Release/net8.0-windows10.0.19041.0/win-x64/pa-IN/Microsoft.ui.xaml.dll.mui' -> 'goodrive://www.googleapis.com/:personal:/bannister/BannisterTools/bin/x64/Release/net8.0-windows10.0.19041.0/win-x64/pa-IN/Microsoft.ui.xaml.dll.mui' (15,360)
2026-09-28 06:13:31: Create Folder goodrive://www.googleapis.com/:personal:/bannister/BannisterTools/bin/x64/Release/net8.0-windows10.0.19041.0/win-x64/pl
2026-09-28 06:13:31: Create Folder goodrive://www.googleapis.com/:personal:/bannister/BannisterTools/bin/x64/Release/net8.0-windows10.0.19041.0/win-x64/pl-PL
2026-09-28 06:13:32: Create Folder goodrive://www.googleapis.com/:personal:/bannister/BannisterTools/bin/x64/Release/net8.0-windows10.0.19041.0/win-x64/Platforms
2026-09-28 06:13:32: Copy New 'C:/rock/bannister/BannisterTools/bin/x64/Release/net8.0-windows10.0.19041.0/win-x64/pa-IN/Microsoft.UI.Xaml.Phone.dll.mui' -> 'goodrive://www.googleapis.com/:personal:/bannister/BannisterTools/bin/x64/Release/net8.0-windows10.0.19041.0/win-x64/pa-IN/Microsoft.UI.Xaml.Phone.dll.mui' (3,584)
2026-09-28 06:13:33: Create Folder goodrive://www.googleapis.com/:personal:/bannister/BannisterTools/bin/x64/Release/net8.0-windows10.0.19041.0/win-x64/Platforms/Windows
2026-09-28 06:13:34: Copy New 'C:/rock/bannister/BannisterTools/bin/x64/Release/net8.0-windows10.0.19041.0/win-x64/pl/Microsoft.Maui.Controls.resources.dll' -> 'goodrive://www.googleapis.com/:personal:/bannister/BannisterTools/bin/x64/Release/net8.0-windows10.0.19041.0/win-x64/pl/Microsoft.Maui.Controls.resources.dll' (15,408)
2026-09-28 06:13:34: Copy New 'C:/rock/bannister/BannisterTools/bin/x64/Release/net8.0-windows10.0.19041.0/win-x64/pl-PL/Microsoft.ui.xaml.dll.mui' -> 'goodrive://www.googleapis.com/:personal:/bannister/BannisterTools/bin/x64/Release/net8.0-windows10.0.19041.0/win-x64/pl-PL/Microsoft.ui.xaml.dll.mui' (17,920)
2026-09-28 06:13:35: Create Folder goodrive://www.googleapis.com/:personal:/bannister/BannisterTools/bin/x64/Release/net8.0-windows10.0.19041.0/win-x64/pt
2026-09-28 06:13:35: Copy New 'C:/rock/bannister/BannisterTools/bin/x64/Release/net8.0-windows10.0.19041.0/win-x64/pl-PL/Microsoft.UI.Xaml.Phone.dll.mui' -> 'goodrive://www.googleapis.com/:personal:/bannister/BannisterTools/bin/x64/Release/net8.0-windows10.0.19041.0/win-x64/pl-PL/Microsoft.UI.Xaml.Phone.dll.mui' (4,096)
2026-09-28 06:13:35: Create Folder goodrive://www.googleapis.com/:personal:/bannister/BannisterTools/bin/x64/Release/net8.0-windows10.0.19041.0/win-x64/pt-BR
2026-09-28 06:13:36: Copy New 'C:/rock/bannister/BannisterTools/bin/x64/Release/net8.0-windows10.0.19041.0/win-x64/Platforms/Windows/App.xbf' -> 'goodrive://www.googleapis.com/:personal:/bannister/BannisterTools/bin/x64/Release/net8.0-windows10.0.19041.0/win-x64/Platforms/Windows/App.xbf' (665)
2026-09-28 06:13:37: Create Folder goodrive://www.googleapis.com/:personal:/bannister/BannisterTools/bin/x64/Release/net8.0-windows10.0.19041.0/win-x64/pt-PT
2026-09-28 06:13:37: Copy New 'C:/rock/bannister/BannisterTools/bin/x64/Release/net8.0-windows10.0.19041.0/win-x64/pt/Microsoft.Maui.Controls.resources.dll' -> 'goodrive://www.googleapis.com/:personal:/bannister/BannisterTools/bin/x64/Release/net8.0-windows10.0.19041.0/win-x64/pt/Microsoft.Maui.Controls.resources.dll' (15,392)
2026-09-28 06:13:38: Copy New 'C:/rock/bannister/BannisterTools/bin/x64/Release/net8.0-windows10.0.19041.0/win-x64/pt-BR/Microsoft.Maui.Controls.resources.dll' -> 'goodrive://www.googleapis.com/:personal:/bannister/BannisterTools/bin/x64/Release/net8.0-windows10.0.19041.0/win-x64/pt-BR/Microsoft.Maui.Controls.resources.dll' (15,392)
2026-09-28 06:13:39: Copy New 'C:/rock/bannister/BannisterTools/bin/x64/Release/net8.0-windows10.0.19041.0/win-x64/pt-BR/Microsoft.ui.xaml.dll.mui' -> 'goodrive://www.googleapis.com/:personal:/bannister/BannisterTools/bin/x64/Release/net8.0-windows10.0.19041.0/win-x64/pt-BR/Microsoft.ui.xaml.dll.mui' (17,408)
2026-09-28 06:13:40: Copy New 'C:/rock/bannister/BannisterTools/bin/x64/Release/net8.0-windows10.0.19041.0/win-x64/pt-PT/Microsoft.ui.xaml.dll.mui' -> 'goodrive://www.googleapis.com/:personal:/bannister/BannisterTools/bin/x64/Release/net8.0-windows10.0.19041.0/win-x64/pt-PT/Microsoft.ui.xaml.dll.mui' (17,408)
2026-09-28 06:13:40: Copy New 'C:/rock/bannister/BannisterTools/bin/x64/Release/net8.0-windows10.0.19041.0/win-x64/pt-PT/Microsoft.UI.Xaml.Phone.dll.mui' -> 'goodrive://www.googleapis.com/:personal:/bannister/BannisterTools/bin/x64/Release/net8.0-windows10.0.19041.0/win-x64/pt-PT/Microsoft.UI.Xaml.Phone.dll.mui' (4,096)
2026-09-28 06:13:41: Create Folder goodrive://www.googleapis.com/:personal:/bannister/BannisterTools/bin/x64/Release/net8.0-windows10.0.19041.0/win-x64/quz-PE
2026-09-28 06:13:41: > Copy New 'C:/rock/bannister/BannisterTools/bin/x64/Release/net8.0-windows10.0.19041.0/win-x64/resources.pri' -> 'goodrive://www.googleapis.com/:personal:/bannister/BannisterTools/bin/x64/Release/net8.0-windows10.0.19041.0/win-x64/resources.pri' (1,363,304)
2026-09-28 06:13:41: Copy New 'C:/rock/bannister/BannisterTools/bin/x64/Release/net8.0-windows10.0.19041.0/win-x64/pt-BR/Microsoft.UI.Xaml.Phone.dll.mui' -> 'goodrive://www.googleapis.com/:personal:/bannister/BannisterTools/bin/x64/Release/net8.0-windows10.0.19041.0/win-x64/pt-BR/Microsoft.UI.Xaml.Phone.dll.mui' (4,096)
2026-09-28 06:13:42: Copy New 'C:/rock/bannister/BannisterTools/bin/x64/Release/net8.0-windows10.0.19041.0/win-x64/PushNotificationsLongRunningTask.ProxyStub.dll' -> 'goodrive://www.googleapis.com/:personal:/bannister/BannisterTools/bin/x64/Release/net8.0-windows10.0.19041.0/win-x64/PushNotificationsLongRunningTask.ProxyStub.dll' (44,064)
2026-09-28 06:13:43: < Copy New 'C:/rock/bannister/BannisterTools/bin/x64/Release/net8.0-windows10.0.19041.0/win-x64/resources.pri' -> 'goodrive://www.googleapis.com/:personal:/bannister/BannisterTools/bin/x64/Release/net8.0-windows10.0.19041.0/win-x64/resources.pri' (1,363,304)
2026-09-28 06:13:43: Copy New 'C:/rock/bannister/BannisterTools/bin/x64/Release/net8.0-windows10.0.19041.0/win-x64/quz-PE/Microsoft.ui.xaml.dll.mui' -> 'goodrive://www.googleapis.com/:personal:/bannister/BannisterTools/bin/x64/Release/net8.0-windows10.0.19041.0/win-x64/quz-PE/Microsoft.ui.xaml.dll.mui' (17,920)
2026-09-28 06:13:44: Create Folder goodrive://www.googleapis.com/:personal:/bannister/BannisterTools/bin/x64/Release/net8.0-windows10.0.19041.0/win-x64/ro
2026-09-28 06:13:44: Create Folder goodrive://www.googleapis.com/:personal:/bannister/BannisterTools/bin/x64/Release/net8.0-windows10.0.19041.0/win-x64/ro-RO
2026-09-28 06:13:45: Copy New 'C:/rock/bannister/BannisterTools/bin/x64/Release/net8.0-windows10.0.19041.0/win-x64/quz-PE/Microsoft.UI.Xaml.Phone.dll.mui' -> 'goodrive://www.googleapis.com/:personal:/bannister/BannisterTools/bin/x64/Release/net8.0-windows10.0.19041.0/win-x64/quz-PE/Microsoft.UI.Xaml.Phone.dll.mui' (4,096)
2026-09-28 06:13:46: Copy New 'C:/rock/bannister/BannisterTools/bin/x64/Release/net8.0-windows10.0.19041.0/win-x64/RestartAgent.exe' -> 'goodrive://www.googleapis.com/:personal:/bannister/BannisterTools/bin/x64/Release/net8.0-windows10.0.19041.0/win-x64/RestartAgent.exe' (86,560)
2026-09-28 06:13:47: Copy New 'C:/rock/bannister/BannisterTools/bin/x64/Release/net8.0-windows10.0.19041.0/win-x64/ro/Microsoft.Maui.Controls.resources.dll' -> 'goodrive://www.googleapis.com/:personal:/bannister/BannisterTools/bin/x64/Release/net8.0-windows10.0.19041.0/win-x64/ro/Microsoft.Maui.Controls.resources.dll' (15,392)
2026-09-28 06:13:47: Create Folder goodrive://www.googleapis.com/:personal:/bannister/BannisterTools/bin/x64/Release/net8.0-windows10.0.19041.0/win-x64/ru
2026-09-28 06:13:47: Copy New 'C:/rock/bannister/BannisterTools/bin/x64/Release/net8.0-windows10.0.19041.0/win-x64/ro-RO/Microsoft.ui.xaml.dll.mui' -> 'goodrive://www.googleapis.com/:personal:/bannister/BannisterTools/bin/x64/Release/net8.0-windows10.0.19041.0/win-x64/ro-RO/Microsoft.ui.xaml.dll.mui' (17,408)
2026-09-28 06:13:48: Create Folder goodrive://www.googleapis.com/:personal:/bannister/BannisterTools/bin/x64/Release/net8.0-windows10.0.19041.0/win-x64/ru-RU
2026-09-28 06:13:49: Copy New 'C:/rock/bannister/BannisterTools/bin/x64/Release/net8.0-windows10.0.19041.0/win-x64/ro-RO/Microsoft.UI.Xaml.Phone.dll.mui' -> 'goodrive://www.googleapis.com/:personal:/bannister/BannisterTools/bin/x64/Release/net8.0-windows10.0.19041.0/win-x64/ro-RO/Microsoft.UI.Xaml.Phone.dll.mui' (4,096)
2026-09-28 06:13:49: Create Folder goodrive://www.googleapis.com/:personal:/bannister/BannisterTools/bin/x64/Release/net8.0-windows10.0.19041.0/win-x64/sk
2026-09-28 06:13:50: Copy New 'C:/rock/bannister/BannisterTools/bin/x64/Release/net8.0-windows10.0.19041.0/win-x64/ru/Microsoft.Maui.Controls.resources.dll' -> 'goodrive://www.googleapis.com/:personal:/bannister/BannisterTools/bin/x64/Release/net8.0-windows10.0.19041.0/win-x64/ru/Microsoft.Maui.Controls.resources.dll' (15,392)
2026-09-28 06:13:51: Copy New 'C:/rock/bannister/BannisterTools/bin/x64/Release/net8.0-windows10.0.19041.0/win-x64/ru-RU/Microsoft.ui.xaml.dll.mui' -> 'goodrive://www.googleapis.com/:personal:/bannister/BannisterTools/bin/x64/Release/net8.0-windows10.0.19041.0/win-x64/ru-RU/Microsoft.ui.xaml.dll.mui' (18,944)
2026-09-28 06:13:52: Copy New 'C:/rock/bannister/BannisterTools/bin/x64/Release/net8.0-windows10.0.19041.0/win-x64/ru-RU/Microsoft.UI.Xaml.Phone.dll.mui' -> 'goodrive://www.googleapis.com/:personal:/bannister/BannisterTools/bin/x64/Release/net8.0-windows10.0.19041.0/win-x64/ru-RU/Microsoft.UI.Xaml.Phone.dll.mui' (4,096)
2026-09-28 06:13:52: Create Folder goodrive://www.googleapis.com/:personal:/bannister/BannisterTools/bin/x64/Release/net8.0-windows10.0.19041.0/win-x64/sk-SK
2026-09-28 06:13:52: Create Folder goodrive://www.googleapis.com/:personal:/bannister/BannisterTools/bin/x64/Release/net8.0-windows10.0.19041.0/win-x64/sl-SI
2026-09-28 06:13:52: Copy New 'C:/rock/bannister/BannisterTools/bin/x64/Release/net8.0-windows10.0.19041.0/win-x64/sk/Microsoft.Maui.Controls.resources.dll' -> 'goodrive://www.googleapis.com/:personal:/bannister/BannisterTools/bin/x64/Release/net8.0-windows10.0.19041.0/win-x64/sk/Microsoft.Maui.Controls.resources.dll' (15,432)
2026-09-28 06:13:54: Copy New 'C:/rock/bannister/BannisterTools/bin/x64/Release/net8.0-windows10.0.19041.0/win-x64/sk-SK/Microsoft.ui.xaml.dll.mui' -> 'goodrive://www.googleapis.com/:personal:/bannister/BannisterTools/bin/x64/Release/net8.0-windows10.0.19041.0/win-x64/sk-SK/Microsoft.ui.xaml.dll.mui' (17,920)
2026-09-28 06:13:55: Copy New 'C:/rock/bannister/BannisterTools/bin/x64/Release/net8.0-windows10.0.19041.0/win-x64/sl-SI/Microsoft.ui.xaml.dll.mui' -> 'goodrive://www.googleapis.com/:personal:/bannister/BannisterTools/bin/x64/Release/net8.0-windows10.0.19041.0/win-x64/sl-SI/Microsoft.ui.xaml.dll.mui' (17,408)
2026-09-28 06:13:55: Copy New 'C:/rock/bannister/BannisterTools/bin/x64/Release/net8.0-windows10.0.19041.0/win-x64/sk-SK/Microsoft.UI.Xaml.Phone.dll.mui' -> 'goodrive://www.googleapis.com/:personal:/bannister/BannisterTools/bin/x64/Release/net8.0-windows10.0.19041.0/win-x64/sk-SK/Microsoft.UI.Xaml.Phone.dll.mui' (4,096)
2026-09-28 06:13:55: Create Folder goodrive://www.googleapis.com/:personal:/bannister/BannisterTools/bin/x64/Release/net8.0-windows10.0.19041.0/win-x64/sq-AL
2026-09-28 06:13:56: Copy New 'C:/rock/bannister/BannisterTools/bin/x64/Release/net8.0-windows10.0.19041.0/win-x64/sl-SI/Microsoft.UI.Xaml.Phone.dll.mui' -> 'goodrive://www.googleapis.com/:personal:/bannister/BannisterTools/bin/x64/Release/net8.0-windows10.0.19041.0/win-x64/sl-SI/Microsoft.UI.Xaml.Phone.dll.mui' (4,096)
2026-09-28 06:13:57: Copy New 'C:/rock/bannister/BannisterTools/bin/x64/Release/net8.0-windows10.0.19041.0/win-x64/SQLite-net.dll' -> 'goodrive://www.googleapis.com/:personal:/bannister/BannisterTools/bin/x64/Release/net8.0-windows10.0.19041.0/win-x64/SQLite-net.dll' (107,520)
2026-09-28 06:13:58: Copy New 'C:/rock/bannister/BannisterTools/bin/x64/Release/net8.0-windows10.0.19041.0/win-x64/SQLitePCLRaw.batteries_v2.dll' -> 'goodrive://www.googleapis.com/:personal:/bannister/BannisterTools/bin/x64/Release/net8.0-windows10.0.19041.0/win-x64/SQLitePCLRaw.batteries_v2.dll' (5,120)
2026-09-28 06:13:58: Copy New 'C:/rock/bannister/BannisterTools/bin/x64/Release/net8.0-windows10.0.19041.0/win-x64/sq-AL/Microsoft.ui.xaml.dll.mui' -> 'goodrive://www.googleapis.com/:personal:/bannister/BannisterTools/bin/x64/Release/net8.0-windows10.0.19041.0/win-x64/sq-AL/Microsoft.ui.xaml.dll.mui' (17,408)
2026-09-28 06:13:59: Copy New 'C:/rock/bannister/BannisterTools/bin/x64/Release/net8.0-windows10.0.19041.0/win-x64/sq-AL/Microsoft.UI.Xaml.Phone.dll.mui' -> 'goodrive://www.googleapis.com/:personal:/bannister/BannisterTools/bin/x64/Release/net8.0-windows10.0.19041.0/win-x64/sq-AL/Microsoft.UI.Xaml.Phone.dll.mui' (4,096)
2026-09-28 06:14:00: Copy New 'C:/rock/bannister/BannisterTools/bin/x64/Release/net8.0-windows10.0.19041.0/win-x64/SQLitePCLRaw.core.dll' -> 'goodrive://www.googleapis.com/:personal:/bannister/BannisterTools/bin/x64/Release/net8.0-windows10.0.19041.0/win-x64/SQLitePCLRaw.core.dll' (51,200)
2026-09-28 06:14:01: Copy New 'C:/rock/bannister/BannisterTools/bin/x64/Release/net8.0-windows10.0.19041.0/win-x64/SQLitePCLRaw.provider.e_sqlcipher.dll' -> 'goodrive://www.googleapis.com/:personal:/bannister/BannisterTools/bin/x64/Release/net8.0-windows10.0.19041.0/win-x64/SQLitePCLRaw.provider.e_sqlcipher.dll' (37,376)
2026-09-28 06:14:01: Copy New 'C:/rock/bannister/BannisterTools/bin/x64/Release/net8.0-windows10.0.19041.0/win-x64/SQLitePCLRaw.provider.e_sqlite3.dll' -> 'goodrive://www.googleapis.com/:personal:/bannister/BannisterTools/bin/x64/Release/net8.0-windows10.0.19041.0/win-x64/SQLitePCLRaw.provider.e_sqlite3.dll' (36,352)
2026-09-28 06:14:01: Create Folder goodrive://www.googleapis.com/:personal:/bannister/BannisterTools/bin/x64/Release/net8.0-windows10.0.19041.0/win-x64/sr-Cyrl-BA
2026-09-28 06:14:01: Create Folder goodrive://www.googleapis.com/:personal:/bannister/BannisterTools/bin/x64/Release/net8.0-windows10.0.19041.0/win-x64/sr-Cyrl-RS
2026-09-28 06:14:01: Create Folder goodrive://www.googleapis.com/:personal:/bannister/BannisterTools/bin/x64/Release/net8.0-windows10.0.19041.0/win-x64/sv
2026-09-28 06:14:01: Create Folder goodrive://www.googleapis.com/:personal:/bannister/BannisterTools/bin/x64/Release/net8.0-windows10.0.19041.0/win-x64/sr-Latn-RS
2026-09-28 06:14:04: Copy New 'C:/rock/bannister/BannisterTools/bin/x64/Release/net8.0-windows10.0.19041.0/win-x64/sr-Cyrl-BA/Microsoft.ui.xaml.dll.mui' -> 'goodrive://www.googleapis.com/:personal:/bannister/BannisterTools/bin/x64/Release/net8.0-windows10.0.19041.0/win-x64/sr-Cyrl-BA/Microsoft.ui.xaml.dll.mui' (17,408)
2026-09-28 06:14:04: Copy New 'C:/rock/bannister/BannisterTools/bin/x64/Release/net8.0-windows10.0.19041.0/win-x64/sr-Cyrl-RS/Microsoft.ui.xaml.dll.mui' -> 'goodrive://www.googleapis.com/:personal:/bannister/BannisterTools/bin/x64/Release/net8.0-windows10.0.19041.0/win-x64/sr-Cyrl-RS/Microsoft.ui.xaml.dll.mui' (17,408)
2026-09-28 06:14:04: Copy New 'C:/rock/bannister/BannisterTools/bin/x64/Release/net8.0-windows10.0.19041.0/win-x64/sv/Microsoft.Maui.Controls.resources.dll' -> 'goodrive://www.googleapis.com/:personal:/bannister/BannisterTools/bin/x64/Release/net8.0-windows10.0.19041.0/win-x64/sv/Microsoft.Maui.Controls.resources.dll' (15,392)
2026-09-28 06:14:06: Copy New 'C:/rock/bannister/BannisterTools/bin/x64/Release/net8.0-windows10.0.19041.0/win-x64/sr-Latn-RS/Microsoft.ui.xaml.dll.mui' -> 'goodrive://www.googleapis.com/:personal:/bannister/BannisterTools/bin/x64/Release/net8.0-windows10.0.19041.0/win-x64/sr-Latn-RS/Microsoft.ui.xaml.dll.mui' (17,408)
2026-09-28 06:14:07: Copy New 'C:/rock/bannister/BannisterTools/bin/x64/Release/net8.0-windows10.0.19041.0/win-x64/sr-Cyrl-RS/Microsoft.UI.Xaml.Phone.dll.mui' -> 'goodrive://www.googleapis.com/:personal:/bannister/BannisterTools/bin/x64/Release/net8.0-windows10.0.19041.0/win-x64/sr-Cyrl-RS/Microsoft.UI.Xaml.Phone.dll.mui' (4,096)
2026-09-28 06:14:07: Copy New 'C:/rock/bannister/BannisterTools/bin/x64/Release/net8.0-windows10.0.19041.0/win-x64/sr-Latn-RS/Microsoft.UI.Xaml.Phone.dll.mui' -> 'goodrive://www.googleapis.com/:personal:/bannister/BannisterTools/bin/x64/Release/net8.0-windows10.0.19041.0/win-x64/sr-Latn-RS/Microsoft.UI.Xaml.Phone.dll.mui' (4,096)
2026-09-28 06:14:07: Create Folder goodrive://www.googleapis.com/:personal:/bannister/BannisterTools/bin/x64/Release/net8.0-windows10.0.19041.0/win-x64/sv-SE
2026-09-28 06:14:08: Copy New 'C:/rock/bannister/BannisterTools/bin/x64/Release/net8.0-windows10.0.19041.0/win-x64/sr-Cyrl-BA/Microsoft.UI.Xaml.Phone.dll.mui' -> 'goodrive://www.googleapis.com/:personal:/bannister/BannisterTools/bin/x64/Release/net8.0-windows10.0.19041.0/win-x64/sr-Cyrl-BA/Microsoft.UI.Xaml.Phone.dll.mui' (4,096)
2026-09-28 06:14:09: Copy New 'C:/rock/bannister/BannisterTools/bin/x64/Release/net8.0-windows10.0.19041.0/win-x64/System.AppContext.dll' -> 'goodrive://www.googleapis.com/:personal:/bannister/BannisterTools/bin/x64/Release/net8.0-windows10.0.19041.0/win-x64/System.AppContext.dll' (15,624)
2026-09-28 06:14:10: Copy New 'C:/rock/bannister/BannisterTools/bin/x64/Release/net8.0-windows10.0.19041.0/win-x64/System.Buffers.dll' -> 'goodrive://www.googleapis.com/:personal:/bannister/BannisterTools/bin/x64/Release/net8.0-windows10.0.19041.0/win-x64/System.Buffers.dll' (15,624)
2026-09-28 06:14:11: Copy New 'C:/rock/bannister/BannisterTools/bin/x64/Release/net8.0-windows10.0.19041.0/win-x64/sv-SE/Microsoft.ui.xaml.dll.mui' -> 'goodrive://www.googleapis.com/:personal:/bannister/BannisterTools/bin/x64/Release/net8.0-windows10.0.19041.0/win-x64/sv-SE/Microsoft.ui.xaml.dll.mui' (15,872)
2026-09-28 06:14:11: Copy New 'C:/rock/bannister/BannisterTools/bin/x64/Release/net8.0-windows10.0.19041.0/win-x64/sv-SE/Microsoft.UI.Xaml.Phone.dll.mui' -> 'goodrive://www.googleapis.com/:personal:/bannister/BannisterTools/bin/x64/Release/net8.0-windows10.0.19041.0/win-x64/sv-SE/Microsoft.UI.Xaml.Phone.dll.mui' (4,096)
2026-09-28 06:14:12: Copy New 'C:/rock/bannister/BannisterTools/bin/x64/Release/net8.0-windows10.0.19041.0/win-x64/System.Collections.Concurrent.dll' -> 'goodrive://www.googleapis.com/:personal:/bannister/BannisterTools/bin/x64/Release/net8.0-windows10.0.19041.0/win-x64/System.Collections.Concurrent.dll' (276,784)
2026-09-28 06:14:13: Copy New 'C:/rock/bannister/BannisterTools/bin/x64/Release/net8.0-windows10.0.19041.0/win-x64/System.Collections.dll' -> 'goodrive://www.googleapis.com/:personal:/bannister/BannisterTools/bin/x64/Release/net8.0-windows10.0.19041.0/win-x64/System.Collections.dll' (260,408)
2026-09-28 06:14:13: Copy New 'C:/rock/bannister/BannisterTools/bin/x64/Release/net8.0-windows10.0.19041.0/win-x64/System.Collections.Immutable.dll' -> 'goodrive://www.googleapis.com/:personal:/bannister/BannisterTools/bin/x64/Release/net8.0-windows10.0.19041.0/win-x64/System.Collections.Immutable.dll' (837,896)
2026-09-28 06:14:14: Copy New 'C:/rock/bannister/BannisterTools/bin/x64/Release/net8.0-windows10.0.19041.0/win-x64/System.Collections.NonGeneric.dll' -> 'goodrive://www.googleapis.com/:personal:/bannister/BannisterTools/bin/x64/Release/net8.0-windows10.0.19041.0/win-x64/System.Collections.NonGeneric.dll' (104,760)
2026-09-28 06:14:15: Copy New 'C:/rock/bannister/BannisterTools/bin/x64/Release/net8.0-windows10.0.19041.0/win-x64/System.Collections.Specialized.dll' -> 'goodrive://www.googleapis.com/:personal:/bannister/BannisterTools/bin/x64/Release/net8.0-windows10.0.19041.0/win-x64/System.Collections.Specialized.dll' (104,760)
2026-09-28 06:14:16: Copy New 'C:/rock/bannister/BannisterTools/bin/x64/Release/net8.0-windows10.0.19041.0/win-x64/System.ComponentModel.Annotations.dll' -> 'goodrive://www.googleapis.com/:personal:/bannister/BannisterTools/bin/x64/Release/net8.0-windows10.0.19041.0/win-x64/System.ComponentModel.Annotations.dll' (198,920)
2026-09-28 06:14:16: Copy New 'C:/rock/bannister/BannisterTools/bin/x64/Release/net8.0-windows10.0.19041.0/win-x64/System.ComponentModel.DataAnnotations.dll' -> 'goodrive://www.googleapis.com/:personal:/bannister/BannisterTools/bin/x64/Release/net8.0-windows10.0.19041.0/win-x64/System.ComponentModel.DataAnnotations.dll' (17,168)
2026-09-28 06:14:17: Copy New 'C:/rock/bannister/BannisterTools/bin/x64/Release/net8.0-windows10.0.19041.0/win-x64/System.ComponentModel.EventBasedAsync.dll' -> 'goodrive://www.googleapis.com/:personal:/bannister/BannisterTools/bin/x64/Release/net8.0-windows10.0.19041.0/win-x64/System.ComponentModel.EventBasedAsync.dll' (47,368)
2026-09-28 06:14:19: Copy New 'C:/rock/bannister/BannisterTools/bin/x64/Release/net8.0-windows10.0.19041.0/win-x64/System.ComponentModel.Primitives.dll' -> 'goodrive://www.googleapis.com/:personal:/bannister/BannisterTools/bin/x64/Release/net8.0-windows10.0.19041.0/win-x64/System.ComponentModel.Primitives.dll' (80,144)
2026-09-28 06:14:20: Copy New 'C:/rock/bannister/BannisterTools/bin/x64/Release/net8.0-windows10.0.19041.0/win-x64/System.ComponentModel.TypeConverter.dll' -> 'goodrive://www.googleapis.com/:personal:/bannister/BannisterTools/bin/x64/Release/net8.0-windows10.0.19041.0/win-x64/System.ComponentModel.TypeConverter.dll' (747,784)
2026-09-28 06:14:21: Copy New 'C:/rock/bannister/BannisterTools/bin/x64/Release/net8.0-windows10.0.19041.0/win-x64/System.Configuration.dll' -> 'goodrive://www.googleapis.com/:personal:/bannister/BannisterTools/bin/x64/Release/net8.0-windows10.0.19041.0/win-x64/System.Configuration.dll' (19,720)
2026-09-28 06:14:22: Copy New 'C:/rock/bannister/BannisterTools/bin/x64/Release/net8.0-windows10.0.19041.0/win-x64/System.Console.dll' -> 'goodrive://www.googleapis.com/:personal:/bannister/BannisterTools/bin/x64/Release/net8.0-windows10.0.19041.0/win-x64/System.Console.dll' (174,392)
2026-09-28 06:14:22: > Copy New 'C:/rock/bannister/BannisterTools/bin/x64/Release/net8.0-windows10.0.19041.0/win-x64/System.Data.Common.dll' -> 'goodrive://www.googleapis.com/:personal:/bannister/BannisterTools/bin/x64/Release/net8.0-windows10.0.19041.0/win-x64/System.Data.Common.dll' (2,861,368)
2026-09-28 06:14:22: Copy New 'C:/rock/bannister/BannisterTools/bin/x64/Release/net8.0-windows10.0.19041.0/win-x64/System.ComponentModel.dll' -> 'goodrive://www.googleapis.com/:personal:/bannister/BannisterTools/bin/x64/Release/net8.0-windows10.0.19041.0/win-x64/System.ComponentModel.dll' (31,032)
2026-09-28 06:14:23: Copy New 'C:/rock/bannister/BannisterTools/bin/x64/Release/net8.0-windows10.0.19041.0/win-x64/System.Core.dll' -> 'goodrive://www.googleapis.com/:personal:/bannister/BannisterTools/bin/x64/Release/net8.0-windows10.0.19041.0/win-x64/System.Core.dll' (23,816)
2026-09-28 06:14:25: Copy New 'C:/rock/bannister/BannisterTools/bin/x64/Release/net8.0-windows10.0.19041.0/win-x64/System.Data.DataSetExtensions.dll' -> 'goodrive://www.googleapis.com/:personal:/bannister/BannisterTools/bin/x64/Release/net8.0-windows10.0.19041.0/win-x64/System.Data.DataSetExtensions.dll' (16,136)
2026-09-28 06:14:25: < Copy New 'C:/rock/bannister/BannisterTools/bin/x64/Release/net8.0-windows10.0.19041.0/win-x64/System.Data.Common.dll' -> 'goodrive://www.googleapis.com/:personal:/bannister/BannisterTools/bin/x64/Release/net8.0-windows10.0.19041.0/win-x64/System.Data.Common.dll' (2,861,368)
2026-09-28 06:14:25: Copy New 'C:/rock/bannister/BannisterTools/bin/x64/Release/net8.0-windows10.0.19041.0/win-x64/System.Data.dll' -> 'goodrive://www.googleapis.com/:personal:/bannister/BannisterTools/bin/x64/Release/net8.0-windows10.0.19041.0/win-x64/System.Data.dll' (25,392)
2026-09-28 06:14:27: Copy New 'C:/rock/bannister/BannisterTools/bin/x64/Release/net8.0-windows10.0.19041.0/win-x64/System.Diagnostics.Contracts.dll' -> 'goodrive://www.googleapis.com/:personal:/bannister/BannisterTools/bin/x64/Release/net8.0-windows10.0.19041.0/win-x64/System.Diagnostics.Contracts.dll' (16,696)
2026-09-28 06:14:27: Copy New 'C:/rock/bannister/BannisterTools/bin/x64/Release/net8.0-windows10.0.19041.0/win-x64/System.Diagnostics.DiagnosticSource.dll' -> 'goodrive://www.googleapis.com/:personal:/bannister/BannisterTools/bin/x64/Release/net8.0-windows10.0.19041.0/win-x64/System.Diagnostics.DiagnosticSource.dll' (416,008)
2026-09-28 06:14:27: Copy New 'C:/rock/bannister/BannisterTools/bin/x64/Release/net8.0-windows10.0.19041.0/win-x64/System.Diagnostics.Debug.dll' -> 'goodrive://www.googleapis.com/:personal:/bannister/BannisterTools/bin/x64/Release/net8.0-windows10.0.19041.0/win-x64/System.Diagnostics.Debug.dll' (16,184)
2026-09-28 06:14:29: Copy New 'C:/rock/bannister/BannisterTools/bin/x64/Release/net8.0-windows10.0.19041.0/win-x64/System.Diagnostics.FileVersionInfo.dll' -> 'goodrive://www.googleapis.com/:personal:/bannister/BannisterTools/bin/x64/Release/net8.0-windows10.0.19041.0/win-x64/System.Diagnostics.FileVersionInfo.dll' (47,368)
2026-09-28 06:14:29: Copy New 'C:/rock/bannister/BannisterTools/bin/x64/Release/net8.0-windows10.0.19041.0/win-x64/System.Diagnostics.StackTrace.dll' -> 'goodrive://www.googleapis.com/:personal:/bannister/BannisterTools/bin/x64/Release/net8.0-windows10.0.19041.0/win-x64/System.Diagnostics.StackTrace.dll' (47,368)
2026-09-28 06:14:29: Copy New 'C:/rock/bannister/BannisterTools/bin/x64/Release/net8.0-windows10.0.19041.0/win-x64/System.Diagnostics.Process.dll' -> 'goodrive://www.googleapis.com/:personal:/bannister/BannisterTools/bin/x64/Release/net8.0-windows10.0.19041.0/win-x64/System.Diagnostics.Process.dll' (338,232)
2026-09-28 06:14:31: Copy New 'C:/rock/bannister/BannisterTools/bin/x64/Release/net8.0-windows10.0.19041.0/win-x64/System.Diagnostics.Tools.dll' -> 'goodrive://www.googleapis.com/:personal:/bannister/BannisterTools/bin/x64/Release/net8.0-windows10.0.19041.0/win-x64/System.Diagnostics.Tools.dll' (15,624)
2026-09-28 06:14:31: Copy New 'C:/rock/bannister/BannisterTools/bin/x64/Release/net8.0-windows10.0.19041.0/win-x64/System.Diagnostics.TextWriterTraceListener.dll' -> 'goodrive://www.googleapis.com/:personal:/bannister/BannisterTools/bin/x64/Release/net8.0-windows10.0.19041.0/win-x64/System.Diagnostics.TextWriterTraceListener.dll' (67,848)
2026-09-28 06:14:31: Copy New 'C:/rock/bannister/BannisterTools/bin/x64/Release/net8.0-windows10.0.19041.0/win-x64/System.Diagnostics.TraceSource.dll' -> 'goodrive://www.googleapis.com/:personal:/bannister/BannisterTools/bin/x64/Release/net8.0-windows10.0.19041.0/win-x64/System.Diagnostics.TraceSource.dll' (145,680)
2026-09-28 06:14:33: Copy New 'C:/rock/bannister/BannisterTools/bin/x64/Release/net8.0-windows10.0.19041.0/win-x64/System.Diagnostics.Tracing.dll' -> 'goodrive://www.googleapis.com/:personal:/bannister/BannisterTools/bin/x64/Release/net8.0-windows10.0.19041.0/win-x64/System.Diagnostics.Tracing.dll' (16,688)
2026-09-28 06:14:33: Copy New 'C:/rock/bannister/BannisterTools/bin/x64/Release/net8.0-windows10.0.19041.0/win-x64/System.dll' -> 'goodrive://www.googleapis.com/:personal:/bannister/BannisterTools/bin/x64/Release/net8.0-windows10.0.19041.0/win-x64/System.dll' (50,440)
2026-09-28 06:14:33: Copy New 'C:/rock/bannister/BannisterTools/bin/x64/Release/net8.0-windows10.0.19041.0/win-x64/System.Drawing.dll' -> 'goodrive://www.googleapis.com/:personal:/bannister/BannisterTools/bin/x64/Release/net8.0-windows10.0.19041.0/win-x64/System.Drawing.dll' (20,744)
2026-09-28 06:14:35: Copy New 'C:/rock/bannister/BannisterTools/bin/x64/Release/net8.0-windows10.0.19041.0/win-x64/System.Dynamic.Runtime.dll' -> 'goodrive://www.googleapis.com/:personal:/bannister/BannisterTools/bin/x64/Release/net8.0-windows10.0.19041.0/win-x64/System.Dynamic.Runtime.dll' (16,648)
2026-09-28 06:14:35: Copy New 'C:/rock/bannister/BannisterTools/bin/x64/Release/net8.0-windows10.0.19041.0/win-x64/System.Formats.Asn1.dll' -> 'goodrive://www.googleapis.com/:personal:/bannister/BannisterTools/bin/x64/Release/net8.0-windows10.0.19041.0/win-x64/System.Formats.Asn1.dll' (243,976)
2026-09-28 06:14:35: Copy New 'C:/rock/bannister/BannisterTools/bin/x64/Release/net8.0-windows10.0.19041.0/win-x64/System.Drawing.Primitives.dll' -> 'goodrive://www.googleapis.com/:personal:/bannister/BannisterTools/bin/x64/Release/net8.0-windows10.0.19041.0/win-x64/System.Drawing.Primitives.dll' (133,384)
2026-09-28 06:14:37: Copy New 'C:/rock/bannister/BannisterTools/bin/x64/Release/net8.0-windows10.0.19041.0/win-x64/System.Globalization.dll' -> 'goodrive://www.googleapis.com/:personal:/bannister/BannisterTools/bin/x64/Release/net8.0-windows10.0.19041.0/win-x64/System.Globalization.dll' (16,184)
2026-09-28 06:14:37: Copy New 'C:/rock/bannister/BannisterTools/bin/x64/Release/net8.0-windows10.0.19041.0/win-x64/System.Globalization.Calendars.dll' -> 'goodrive://www.googleapis.com/:personal:/bannister/BannisterTools/bin/x64/Release/net8.0-windows10.0.19041.0/win-x64/System.Globalization.Calendars.dll' (16,184)
2026-09-28 06:14:38: Copy New 'C:/rock/bannister/BannisterTools/bin/x64/Release/net8.0-windows10.0.19041.0/win-x64/System.Formats.Tar.dll' -> 'goodrive://www.googleapis.com/:personal:/bannister/BannisterTools/bin/x64/Release/net8.0-windows10.0.19041.0/win-x64/System.Formats.Tar.dll' (272,648)
2026-09-28 06:14:39: Copy New 'C:/rock/bannister/BannisterTools/bin/x64/Release/net8.0-windows10.0.19041.0/win-x64/System.Globalization.Extensions.dll' -> 'goodrive://www.googleapis.com/:personal:/bannister/BannisterTools/bin/x64/Release/net8.0-windows10.0.19041.0/win-x64/System.Globalization.Extensions.dll' (15,632)
2026-09-28 06:14:39: Copy New 'C:/rock/bannister/BannisterTools/bin/x64/Release/net8.0-windows10.0.19041.0/win-x64/System.IO.Compression.Brotli.dll' -> 'goodrive://www.googleapis.com/:personal:/bannister/BannisterTools/bin/x64/Release/net8.0-windows10.0.19041.0/win-x64/System.IO.Compression.Brotli.dll' (84,272)
2026-09-28 06:14:40: Copy New 'C:/rock/bannister/BannisterTools/bin/x64/Release/net8.0-windows10.0.19041.0/win-x64/System.IO.Compression.dll' -> 'goodrive://www.googleapis.com/:personal:/bannister/BannisterTools/bin/x64/Release/net8.0-windows10.0.19041.0/win-x64/System.IO.Compression.dll' (264,456)
2026-09-28 06:14:42: Copy New 'C:/rock/bannister/BannisterTools/bin/x64/Release/net8.0-windows10.0.19041.0/win-x64/System.IO.Compression.FileSystem.dll' -> 'goodrive://www.googleapis.com/:personal:/bannister/BannisterTools/bin/x64/Release/net8.0-windows10.0.19041.0/win-x64/System.IO.Compression.FileSystem.dll' (15,624)
2026-09-28 06:14:42: Copy New 'C:/rock/bannister/BannisterTools/bin/x64/Release/net8.0-windows10.0.19041.0/win-x64/System.IO.Compression.Native.dll' -> 'goodrive://www.googleapis.com/:personal:/bannister/BannisterTools/bin/x64/Release/net8.0-windows10.0.19041.0/win-x64/System.IO.Compression.Native.dll' (829,192)
2026-09-28 06:14:42: Copy New 'C:/rock/bannister/BannisterTools/bin/x64/Release/net8.0-windows10.0.19041.0/win-x64/System.IO.Compression.ZipFile.dll' -> 'goodrive://www.googleapis.com/:personal:/bannister/BannisterTools/bin/x64/Release/net8.0-windows10.0.19041.0/win-x64/System.IO.Compression.ZipFile.dll' (55,560)
2026-09-28 06:14:44: Copy New 'C:/rock/bannister/BannisterTools/bin/x64/Release/net8.0-windows10.0.19041.0/win-x64/System.IO.dll' -> 'goodrive://www.googleapis.com/:personal:/bannister/BannisterTools/bin/x64/Release/net8.0-windows10.0.19041.0/win-x64/System.IO.dll' (16,176)
2026-09-28 06:14:44: Copy New 'C:/rock/bannister/BannisterTools/bin/x64/Release/net8.0-windows10.0.19041.0/win-x64/System.IO.FileSystem.AccessControl.dll' -> 'goodrive://www.googleapis.com/:personal:/bannister/BannisterTools/bin/x64/Release/net8.0-windows10.0.19041.0/win-x64/System.IO.FileSystem.AccessControl.dll' (104,712)
2026-09-28 06:14:45: Copy New 'C:/rock/bannister/BannisterTools/bin/x64/Release/net8.0-windows10.0.19041.0/win-x64/System.IO.FileSystem.dll' -> 'goodrive://www.googleapis.com/:personal:/bannister/BannisterTools/bin/x64/Release/net8.0-windows10.0.19041.0/win-x64/System.IO.FileSystem.dll' (16,184)
2026-09-28 06:14:46: Copy New 'C:/rock/bannister/BannisterTools/bin/x64/Release/net8.0-windows10.0.19041.0/win-x64/System.IO.FileSystem.DriveInfo.dll' -> 'goodrive://www.googleapis.com/:personal:/bannister/BannisterTools/bin/x64/Release/net8.0-windows10.0.19041.0/win-x64/System.IO.FileSystem.DriveInfo.dll' (55,560)
2026-09-28 06:14:46: Copy New 'C:/rock/bannister/BannisterTools/bin/x64/Release/net8.0-windows10.0.19041.0/win-x64/System.IO.FileSystem.Primitives.dll' -> 'goodrive://www.googleapis.com/:personal:/bannister/BannisterTools/bin/x64/Release/net8.0-windows10.0.19041.0/win-x64/System.IO.FileSystem.Primitives.dll' (15,672)
2026-09-28 06:14:47: Copy New 'C:/rock/bannister/BannisterTools/bin/x64/Release/net8.0-windows10.0.19041.0/win-x64/System.IO.FileSystem.Watcher.dll' -> 'goodrive://www.googleapis.com/:personal:/bannister/BannisterTools/bin/x64/Release/net8.0-windows10.0.19041.0/win-x64/System.IO.FileSystem.Watcher.dll' (88,368)
2026-09-28 06:14:48: Copy New 'C:/rock/bannister/BannisterTools/bin/x64/Release/net8.0-windows10.0.19041.0/win-x64/System.IO.MemoryMappedFiles.dll' -> 'goodrive://www.googleapis.com/:personal:/bannister/BannisterTools/bin/x64/Release/net8.0-windows10.0.19041.0/win-x64/System.IO.MemoryMappedFiles.dll' (84,232)
2026-09-28 06:14:48: Copy New 'C:/rock/bannister/BannisterTools/bin/x64/Release/net8.0-windows10.0.19041.0/win-x64/System.IO.IsolatedStorage.dll' -> 'goodrive://www.googleapis.com/:personal:/bannister/BannisterTools/bin/x64/Release/net8.0-windows10.0.19041.0/win-x64/System.IO.IsolatedStorage.dll' (92,432)
2026-09-28 06:14:49: Copy New 'C:/rock/bannister/BannisterTools/bin/x64/Release/net8.0-windows10.0.19041.0/win-x64/System.IO.Pipes.AccessControl.dll' -> 'goodrive://www.googleapis.com/:personal:/bannister/BannisterTools/bin/x64/Release/net8.0-windows10.0.19041.0/win-x64/System.IO.Pipes.AccessControl.dll' (16,648)
2026-09-28 06:14:50: Copy New 'C:/rock/bannister/BannisterTools/bin/x64/Release/net8.0-windows10.0.19041.0/win-x64/System.IO.Pipes.dll' -> 'goodrive://www.googleapis.com/:personal:/bannister/BannisterTools/bin/x64/Release/net8.0-windows10.0.19041.0/win-x64/System.IO.Pipes.dll' (166,152)
2026-09-28 06:14:50: > Copy New 'C:/rock/bannister/BannisterTools/bin/x64/Release/net8.0-windows10.0.19041.0/win-x64/System.Linq.Expressions.dll' -> 'goodrive://www.googleapis.com/:personal:/bannister/BannisterTools/bin/x64/Release/net8.0-windows10.0.19041.0/win-x64/System.Linq.Expressions.dll' (3,676,424)
2026-09-28 06:14:51: Copy New 'C:/rock/bannister/BannisterTools/bin/x64/Release/net8.0-windows10.0.19041.0/win-x64/System.IO.UnmanagedMemoryStream.dll' -> 'goodrive://www.googleapis.com/:personal:/bannister/BannisterTools/bin/x64/Release/net8.0-windows10.0.19041.0/win-x64/System.IO.UnmanagedMemoryStream.dll' (15,672)
2026-09-28 06:14:51: Copy New 'C:/rock/bannister/BannisterTools/bin/x64/Release/net8.0-windows10.0.19041.0/win-x64/System.Linq.dll' -> 'goodrive://www.googleapis.com/:personal:/bannister/BannisterTools/bin/x64/Release/net8.0-windows10.0.19041.0/win-x64/System.Linq.dll' (542,992)
2026-09-28 06:14:52: < Copy New 'C:/rock/bannister/BannisterTools/bin/x64/Release/net8.0-windows10.0.19041.0/win-x64/System.Linq.Expressions.dll' -> 'goodrive://www.googleapis.com/:personal:/bannister/BannisterTools/bin/x64/Release/net8.0-windows10.0.19041.0/win-x64/System.Linq.Expressions.dll' (3,676,424)
2026-09-28 06:14:53: Copy New 'C:/rock/bannister/BannisterTools/bin/x64/Release/net8.0-windows10.0.19041.0/win-x64/System.Linq.Parallel.dll' -> 'goodrive://www.googleapis.com/:personal:/bannister/BannisterTools/bin/x64/Release/net8.0-windows10.0.19041.0/win-x64/System.Linq.Parallel.dll' (805,128)
2026-09-28 06:14:54: Copy New 'C:/rock/bannister/BannisterTools/bin/x64/Release/net8.0-windows10.0.19041.0/win-x64/System.Linq.Queryable.dll' -> 'goodrive://www.googleapis.com/:personal:/bannister/BannisterTools/bin/x64/Release/net8.0-windows10.0.19041.0/win-x64/System.Linq.Queryable.dll' (174,344)
2026-09-28 06:14:54: > Copy New 'C:/rock/bannister/BannisterTools/bin/x64/Release/net8.0-windows10.0.19041.0/win-x64/System.Net.Http.dll' -> 'goodrive://www.googleapis.com/:personal:/bannister/BannisterTools/bin/x64/Release/net8.0-windows10.0.19041.0/win-x64/System.Net.Http.dll' (1,730,864)
2026-09-28 06:14:54: Copy New 'C:/rock/bannister/BannisterTools/bin/x64/Release/net8.0-windows10.0.19041.0/win-x64/System.Memory.dll' -> 'goodrive://www.googleapis.com/:personal:/bannister/BannisterTools/bin/x64/Release/net8.0-windows10.0.19041.0/win-x64/System.Memory.dll' (158,000)
2026-09-28 06:14:55: Copy New 'C:/rock/bannister/BannisterTools/bin/x64/Release/net8.0-windows10.0.19041.0/win-x64/System.Net.dll' -> 'goodrive://www.googleapis.com/:personal:/bannister/BannisterTools/bin/x64/Release/net8.0-windows10.0.19041.0/win-x64/System.Net.dll' (17,672)
2026-09-28 06:14:56: < Copy New 'C:/rock/bannister/BannisterTools/bin/x64/Release/net8.0-windows10.0.19041.0/win-x64/System.Net.Http.dll' -> 'goodrive://www.googleapis.com/:personal:/bannister/BannisterTools/bin/x64/Release/net8.0-windows10.0.19041.0/win-x64/System.Net.Http.dll' (1,730,864)
2026-09-28 06:14:56: Copy New 'C:/rock/bannister/BannisterTools/bin/x64/Release/net8.0-windows10.0.19041.0/win-x64/System.Net.Http.Json.dll' -> 'goodrive://www.googleapis.com/:personal:/bannister/BannisterTools/bin/x64/Release/net8.0-windows10.0.19041.0/win-x64/System.Net.Http.Json.dll' (129,288)
2026-09-28 06:14:57: Copy New 'C:/rock/bannister/BannisterTools/bin/x64/Release/net8.0-windows10.0.19041.0/win-x64/System.Net.HttpListener.dll' -> 'goodrive://www.googleapis.com/:personal:/bannister/BannisterTools/bin/x64/Release/net8.0-windows10.0.19041.0/win-x64/System.Net.HttpListener.dll' (551,224)
2026-09-28 06:14:58: Copy New 'C:/rock/bannister/BannisterTools/bin/x64/Release/net8.0-windows10.0.19041.0/win-x64/System.Net.Mail.dll' -> 'goodrive://www.googleapis.com/:personal:/bannister/BannisterTools/bin/x64/Release/net8.0-windows10.0.19041.0/win-x64/System.Net.Mail.dll' (432,400)
2026-09-28 06:14:59: Copy New 'C:/rock/bannister/BannisterTools/bin/x64/Release/net8.0-windows10.0.19041.0/win-x64/System.Net.NameResolution.dll' -> 'goodrive://www.googleapis.com/:personal:/bannister/BannisterTools/bin/x64/Release/net8.0-windows10.0.19041.0/win-x64/System.Net.NameResolution.dll' (112,904)
2026-09-28 06:15:00: Copy New 'C:/rock/bannister/BannisterTools/bin/x64/Release/net8.0-windows10.0.19041.0/win-x64/System.Net.NetworkInformation.dll' -> 'goodrive://www.googleapis.com/:personal:/bannister/BannisterTools/bin/x64/Release/net8.0-windows10.0.19041.0/win-x64/System.Net.NetworkInformation.dll' (157,960)
2026-09-28 06:15:00: Copy New 'C:/rock/bannister/BannisterTools/bin/x64/Release/net8.0-windows10.0.19041.0/win-x64/System.Net.Ping.dll' -> 'goodrive://www.googleapis.com/:personal:/bannister/BannisterTools/bin/x64/Release/net8.0-windows10.0.19041.0/win-x64/System.Net.Ping.dll' (96,520)
2026-09-28 06:15:01: Copy New 'C:/rock/bannister/BannisterTools/bin/x64/Release/net8.0-windows10.0.19041.0/win-x64/System.Net.Primitives.dll' -> 'goodrive://www.googleapis.com/:personal:/bannister/BannisterTools/bin/x64/Release/net8.0-windows10.0.19041.0/win-x64/System.Net.Primitives.dll' (231,728)
2026-09-28 06:15:02: Copy New 'C:/rock/bannister/BannisterTools/bin/x64/Release/net8.0-windows10.0.19041.0/win-x64/System.Net.Quic.dll' -> 'goodrive://www.googleapis.com/:personal:/bannister/BannisterTools/bin/x64/Release/net8.0-windows10.0.19041.0/win-x64/System.Net.Quic.dll' (284,944)
2026-09-28 06:15:03: Copy New 'C:/rock/bannister/BannisterTools/bin/x64/Release/net8.0-windows10.0.19041.0/win-x64/System.Net.Requests.dll' -> 'goodrive://www.googleapis.com/:personal:/bannister/BannisterTools/bin/x64/Release/net8.0-windows10.0.19041.0/win-x64/System.Net.Requests.dll' (346,424)
2026-09-28 06:15:03: Copy New 'C:/rock/bannister/BannisterTools/bin/x64/Release/net8.0-windows10.0.19041.0/win-x64/System.Net.Security.dll' -> 'goodrive://www.googleapis.com/:personal:/bannister/BannisterTools/bin/x64/Release/net8.0-windows10.0.19041.0/win-x64/System.Net.Security.dll' (669,960)
2026-09-28 06:15:04: Copy New 'C:/rock/bannister/BannisterTools/bin/x64/Release/net8.0-windows10.0.19041.0/win-x64/System.Net.ServicePoint.dll' -> 'goodrive://www.googleapis.com/:personal:/bannister/BannisterTools/bin/x64/Release/net8.0-windows10.0.19041.0/win-x64/System.Net.ServicePoint.dll' (47,376)
2026-09-28 06:15:05: Copy New 'C:/rock/bannister/BannisterTools/bin/x64/Release/net8.0-windows10.0.19041.0/win-x64/System.Net.Sockets.dll' -> 'goodrive://www.googleapis.com/:personal:/bannister/BannisterTools/bin/x64/Release/net8.0-windows10.0.19041.0/win-x64/System.Net.Sockets.dll' (547,080)
2026-09-28 06:15:05: Copy New 'C:/rock/bannister/BannisterTools/bin/x64/Release/net8.0-windows10.0.19041.0/win-x64/System.Net.WebClient.dll' -> 'goodrive://www.googleapis.com/:personal:/bannister/BannisterTools/bin/x64/Release/net8.0-windows10.0.19041.0/win-x64/System.Net.WebClient.dll' (170,248)
2026-09-28 06:15:06: Copy New 'C:/rock/bannister/BannisterTools/bin/x64/Release/net8.0-windows10.0.19041.0/win-x64/System.Net.WebHeaderCollection.dll' -> 'goodrive://www.googleapis.com/:personal:/bannister/BannisterTools/bin/x64/Release/net8.0-windows10.0.19041.0/win-x64/System.Net.WebHeaderCollection.dll' (67,856)
2026-09-28 06:15:07: Copy New 'C:/rock/bannister/BannisterTools/bin/x64/Release/net8.0-windows10.0.19041.0/win-x64/System.Net.WebProxy.dll' -> 'goodrive://www.googleapis.com/:personal:/bannister/BannisterTools/bin/x64/Release/net8.0-windows10.0.19041.0/win-x64/System.Net.WebProxy.dll' (43,272)
2026-09-28 06:15:07: Copy New 'C:/rock/bannister/BannisterTools/bin/x64/Release/net8.0-windows10.0.19041.0/win-x64/System.Net.WebSockets.Client.dll' -> 'goodrive://www.googleapis.com/:personal:/bannister/BannisterTools/bin/x64/Release/net8.0-windows10.0.19041.0/win-x64/System.Net.WebSockets.Client.dll' (100,664)
2026-09-28 06:15:08: Copy New 'C:/rock/bannister/BannisterTools/bin/x64/Release/net8.0-windows10.0.19041.0/win-x64/System.Net.WebSockets.dll' -> 'goodrive://www.googleapis.com/:personal:/bannister/BannisterTools/bin/x64/Release/net8.0-windows10.0.19041.0/win-x64/System.Net.WebSockets.dll' (190,728)
2026-09-28 06:15:09: Copy New 'C:/rock/bannister/BannisterTools/bin/x64/Release/net8.0-windows10.0.19041.0/win-x64/System.Numerics.dll' -> 'goodrive://www.googleapis.com/:personal:/bannister/BannisterTools/bin/x64/Release/net8.0-windows10.0.19041.0/win-x64/System.Numerics.dll' (15,632)
2026-09-28 06:15:09: > Copy New 'C:/rock/bannister/BannisterTools/bin/x64/Release/net8.0-windows10.0.19041.0/win-x64/System.Private.CoreLib.dll' -> 'goodrive://www.googleapis.com/:personal:/bannister/BannisterTools/bin/x64/Release/net8.0-windows10.0.19041.0/win-x64/System.Private.CoreLib.dll' (13,175,048)
2026-09-28 06:15:10: Copy New 'C:/rock/bannister/BannisterTools/bin/x64/Release/net8.0-windows10.0.19041.0/win-x64/System.Numerics.Vectors.dll' -> 'goodrive://www.googleapis.com/:personal:/bannister/BannisterTools/bin/x64/Release/net8.0-windows10.0.19041.0/win-x64/System.Numerics.Vectors.dll' (16,136)
2026-09-28 06:15:10: > Copy New 'C:/rock/bannister/BannisterTools/bin/x64/Release/net8.0-windows10.0.19041.0/win-x64/System.Private.DataContractSerialization.dll' -> 'goodrive://www.googleapis.com/:personal:/bannister/BannisterTools/bin/x64/Release/net8.0-windows10.0.19041.0/win-x64/System.Private.DataContractSerialization.dll' (2,083,120)
2026-09-28 06:15:11: Copy New 'C:/rock/bannister/BannisterTools/bin/x64/Release/net8.0-windows10.0.19041.0/win-x64/System.ObjectModel.dll' -> 'goodrive://www.googleapis.com/:personal:/bannister/BannisterTools/bin/x64/Release/net8.0-windows10.0.19041.0/win-x64/System.ObjectModel.dll' (80,136)
2026-09-28 06:15:12: < Copy New 'C:/rock/bannister/BannisterTools/bin/x64/Release/net8.0-windows10.0.19041.0/win-x64/System.Private.DataContractSerialization.dll' -> 'goodrive://www.googleapis.com/:personal:/bannister/BannisterTools/bin/x64/Release/net8.0-windows10.0.19041.0/win-x64/System.Private.DataContractSerialization.dll' (2,083,120)
2026-09-28 06:15:12: > Copy New 'C:/rock/bannister/BannisterTools/bin/x64/Release/net8.0-windows10.0.19041.0/win-x64/System.Private.Xml.dll' -> 'goodrive://www.googleapis.com/:personal:/bannister/BannisterTools/bin/x64/Release/net8.0-windows10.0.19041.0/win-x64/System.Private.Xml.dll' (7,997,704)
2026-09-28 06:15:13: < Copy New 'C:/rock/bannister/BannisterTools/bin/x64/Release/net8.0-windows10.0.19041.0/win-x64/System.Private.CoreLib.dll' -> 'goodrive://www.googleapis.com/:personal:/bannister/BannisterTools/bin/x64/Release/net8.0-windows10.0.19041.0/win-x64/System.Private.CoreLib.dll' (13,175,048)
2026-09-28 06:15:13: Copy New 'C:/rock/bannister/BannisterTools/bin/x64/Release/net8.0-windows10.0.19041.0/win-x64/System.Private.Uri.dll' -> 'goodrive://www.googleapis.com/:personal:/bannister/BannisterTools/bin/x64/Release/net8.0-windows10.0.19041.0/win-x64/System.Private.Uri.dll' (260,360)
2026-09-28 06:15:15: < Copy New 'C:/rock/bannister/BannisterTools/bin/x64/Release/net8.0-windows10.0.19041.0/win-x64/System.Private.Xml.dll' -> 'goodrive://www.googleapis.com/:personal:/bannister/BannisterTools/bin/x64/Release/net8.0-windows10.0.19041.0/win-x64/System.Private.Xml.dll' (7,997,704)
2026-09-28 06:15:15: Copy New 'C:/rock/bannister/BannisterTools/bin/x64/Release/net8.0-windows10.0.19041.0/win-x64/System.Private.Xml.Linq.dll' -> 'goodrive://www.googleapis.com/:personal:/bannister/BannisterTools/bin/x64/Release/net8.0-windows10.0.19041.0/win-x64/System.Private.Xml.Linq.dll' (403,720)
2026-09-28 06:15:16: Copy New 'C:/rock/bannister/BannisterTools/bin/x64/Release/net8.0-windows10.0.19041.0/win-x64/System.Reflection.DispatchProxy.dll' -> 'goodrive://www.googleapis.com/:personal:/bannister/BannisterTools/bin/x64/Release/net8.0-windows10.0.19041.0/win-x64/System.Reflection.DispatchProxy.dll' (76,040)
2026-09-28 06:15:17: Copy New 'C:/rock/bannister/BannisterTools/bin/x64/Release/net8.0-windows10.0.19041.0/win-x64/System.Reflection.dll' -> 'goodrive://www.googleapis.com/:personal:/bannister/BannisterTools/bin/x64/Release/net8.0-windows10.0.19041.0/win-x64/System.Reflection.dll' (16,648)
2026-09-28 06:15:17: Copy New 'C:/rock/bannister/BannisterTools/bin/x64/Release/net8.0-windows10.0.19041.0/win-x64/System.Reflection.Emit.dll' -> 'goodrive://www.googleapis.com/:personal:/bannister/BannisterTools/bin/x64/Release/net8.0-windows10.0.19041.0/win-x64/System.Reflection.Emit.dll' (129,328)
2026-09-28 06:15:17: Copy New 'C:/rock/bannister/BannisterTools/bin/x64/Release/net8.0-windows10.0.19041.0/win-x64/System.Reflection.Emit.ILGeneration.dll' -> 'goodrive://www.googleapis.com/:personal:/bannister/BannisterTools/bin/x64/Release/net8.0-windows10.0.19041.0/win-x64/System.Reflection.Emit.ILGeneration.dll' (16,184)
2026-09-28 06:15:17: > Copy New 'C:/rock/bannister/BannisterTools/bin/x64/Release/net8.0-windows10.0.19041.0/win-x64/System.Reflection.Metadata.dll' -> 'goodrive://www.googleapis.com/:personal:/bannister/BannisterTools/bin/x64/Release/net8.0-windows10.0.19041.0/win-x64/System.Reflection.Metadata.dll' (1,116,464)
2026-09-28 06:15:19: Copy New 'C:/rock/bannister/BannisterTools/bin/x64/Release/net8.0-windows10.0.19041.0/win-x64/System.Reflection.Emit.Lightweight.dll' -> 'goodrive://www.googleapis.com/:personal:/bannister/BannisterTools/bin/x64/Release/net8.0-windows10.0.19041.0/win-x64/System.Reflection.Emit.Lightweight.dll' (16,136)
2026-09-28 06:15:19: Copy New 'C:/rock/bannister/BannisterTools/bin/x64/Release/net8.0-windows10.0.19041.0/win-x64/System.Reflection.Extensions.dll' -> 'goodrive://www.googleapis.com/:personal:/bannister/BannisterTools/bin/x64/Release/net8.0-windows10.0.19041.0/win-x64/System.Reflection.Extensions.dll' (15,624)
2026-09-28 06:15:20: < Copy New 'C:/rock/bannister/BannisterTools/bin/x64/Release/net8.0-windows10.0.19041.0/win-x64/System.Reflection.Metadata.dll' -> 'goodrive://www.googleapis.com/:personal:/bannister/BannisterTools/bin/x64/Release/net8.0-windows10.0.19041.0/win-x64/System.Reflection.Metadata.dll' (1,116,464)
2026-09-28 06:15:21: Copy New 'C:/rock/bannister/BannisterTools/bin/x64/Release/net8.0-windows10.0.19041.0/win-x64/System.Reflection.Primitives.dll' -> 'goodrive://www.googleapis.com/:personal:/bannister/BannisterTools/bin/x64/Release/net8.0-windows10.0.19041.0/win-x64/System.Reflection.Primitives.dll' (16,144)
2026-09-28 06:15:21: Copy New 'C:/rock/bannister/BannisterTools/bin/x64/Release/net8.0-windows10.0.19041.0/win-x64/System.Reflection.TypeExtensions.dll' -> 'goodrive://www.googleapis.com/:personal:/bannister/BannisterTools/bin/x64/Release/net8.0-windows10.0.19041.0/win-x64/System.Reflection.TypeExtensions.dll' (43,312)
2026-09-28 06:15:22: Copy New 'C:/rock/bannister/BannisterTools/bin/x64/Release/net8.0-windows10.0.19041.0/win-x64/System.Resources.Reader.dll' -> 'goodrive://www.googleapis.com/:personal:/bannister/BannisterTools/bin/x64/Release/net8.0-windows10.0.19041.0/win-x64/System.Resources.Reader.dll' (15,624)
2026-09-28 06:15:23: Copy New 'C:/rock/bannister/BannisterTools/bin/x64/Release/net8.0-windows10.0.19041.0/win-x64/System.Resources.ResourceManager.dll' -> 'goodrive://www.googleapis.com/:personal:/bannister/BannisterTools/bin/x64/Release/net8.0-windows10.0.19041.0/win-x64/System.Resources.ResourceManager.dll' (16,184)
2026-09-28 06:15:24: Copy New 'C:/rock/bannister/BannisterTools/bin/x64/Release/net8.0-windows10.0.19041.0/win-x64/System.Runtime.CompilerServices.Unsafe.dll' -> 'goodrive://www.googleapis.com/:personal:/bannister/BannisterTools/bin/x64/Release/net8.0-windows10.0.19041.0/win-x64/System.Runtime.CompilerServices.Unsafe.dll' (15,624)
2026-09-28 06:15:24: Copy New 'C:/rock/bannister/BannisterTools/bin/x64/Release/net8.0-windows10.0.19041.0/win-x64/System.Resources.Writer.dll' -> 'goodrive://www.googleapis.com/:personal:/bannister/BannisterTools/bin/x64/Release/net8.0-windows10.0.19041.0/win-x64/System.Resources.Writer.dll' (51,464)
2026-09-28 06:15:25: Copy New 'C:/rock/bannister/BannisterTools/bin/x64/Release/net8.0-windows10.0.19041.0/win-x64/System.Runtime.CompilerServices.VisualC.dll' -> 'goodrive://www.googleapis.com/:personal:/bannister/BannisterTools/bin/x64/Release/net8.0-windows10.0.19041.0/win-x64/System.Runtime.CompilerServices.VisualC.dll' (31,024)
2026-09-28 06:15:26: Copy New 'C:/rock/bannister/BannisterTools/bin/x64/Release/net8.0-windows10.0.19041.0/win-x64/System.Runtime.dll' -> 'goodrive://www.googleapis.com/:personal:/bannister/BannisterTools/bin/x64/Release/net8.0-windows10.0.19041.0/win-x64/System.Runtime.dll' (43,784)
2026-09-28 06:15:26: Copy New 'C:/rock/bannister/BannisterTools/bin/x64/Release/net8.0-windows10.0.19041.0/win-x64/System.Runtime.Extensions.dll' -> 'goodrive://www.googleapis.com/:personal:/bannister/BannisterTools/bin/x64/Release/net8.0-windows10.0.19041.0/win-x64/System.Runtime.Extensions.dll' (18,192)
2026-09-28 06:15:28: Copy New 'C:/rock/bannister/BannisterTools/bin/x64/Release/net8.0-windows10.0.19041.0/win-x64/System.Runtime.InteropServices.JavaScript.dll' -> 'goodrive://www.googleapis.com/:personal:/bannister/BannisterTools/bin/x64/Release/net8.0-windows10.0.19041.0/win-x64/System.Runtime.InteropServices.JavaScript.dll' (51,472)
2026-09-28 06:15:28: Copy New 'C:/rock/bannister/BannisterTools/bin/x64/Release/net8.0-windows10.0.19041.0/win-x64/System.Runtime.InteropServices.dll' -> 'goodrive://www.googleapis.com/:personal:/bannister/BannisterTools/bin/x64/Release/net8.0-windows10.0.19041.0/win-x64/System.Runtime.InteropServices.dll' (96,520)
2026-09-28 06:15:29: Copy New 'C:/rock/bannister/BannisterTools/bin/x64/Release/net8.0-windows10.0.19041.0/win-x64/System.Runtime.Handles.dll' -> 'goodrive://www.googleapis.com/:personal:/bannister/BannisterTools/bin/x64/Release/net8.0-windows10.0.19041.0/win-x64/System.Runtime.Handles.dll' (15,624)
2026-09-28 06:15:30: Copy New 'C:/rock/bannister/BannisterTools/bin/x64/Release/net8.0-windows10.0.19041.0/win-x64/System.Runtime.InteropServices.RuntimeInformation.dll' -> 'goodrive://www.googleapis.com/:personal:/bannister/BannisterTools/bin/x64/Release/net8.0-windows10.0.19041.0/win-x64/System.Runtime.InteropServices.RuntimeInformation.dll' (15,624)
2026-09-28 06:15:30: Copy New 'C:/rock/bannister/BannisterTools/bin/x64/Release/net8.0-windows10.0.19041.0/win-x64/System.Runtime.Intrinsics.dll' -> 'goodrive://www.googleapis.com/:personal:/bannister/BannisterTools/bin/x64/Release/net8.0-windows10.0.19041.0/win-x64/System.Runtime.Intrinsics.dll' (17,208)
2026-09-28 06:15:31: Copy New 'C:/rock/bannister/BannisterTools/bin/x64/Release/net8.0-windows10.0.19041.0/win-x64/System.Runtime.Loader.dll' -> 'goodrive://www.googleapis.com/:personal:/bannister/BannisterTools/bin/x64/Release/net8.0-windows10.0.19041.0/win-x64/System.Runtime.Loader.dll' (16,184)
2026-09-28 06:15:32: Copy New 'C:/rock/bannister/BannisterTools/bin/x64/Release/net8.0-windows10.0.19041.0/win-x64/System.Runtime.Numerics.dll' -> 'goodrive://www.googleapis.com/:personal:/bannister/BannisterTools/bin/x64/Release/net8.0-windows10.0.19041.0/win-x64/System.Runtime.Numerics.dll' (329,992)
2026-09-28 06:15:32: Copy New 'C:/rock/bannister/BannisterTools/bin/x64/Release/net8.0-windows10.0.19041.0/win-x64/System.Runtime.Serialization.dll' -> 'goodrive://www.googleapis.com/:personal:/bannister/BannisterTools/bin/x64/Release/net8.0-windows10.0.19041.0/win-x64/System.Runtime.Serialization.dll' (17,208)
2026-09-28 06:15:33: Copy New 'C:/rock/bannister/BannisterTools/bin/x64/Release/net8.0-windows10.0.19041.0/win-x64/System.Runtime.Serialization.Formatters.dll' -> 'goodrive://www.googleapis.com/:personal:/bannister/BannisterTools/bin/x64/Release/net8.0-windows10.0.19041.0/win-x64/System.Runtime.Serialization.Formatters.dll' (309,512)
2026-09-28 06:15:34: Copy New 'C:/rock/bannister/BannisterTools/bin/x64/Release/net8.0-windows10.0.19041.0/win-x64/System.Runtime.Serialization.Json.dll' -> 'goodrive://www.googleapis.com/:personal:/bannister/BannisterTools/bin/x64/Release/net8.0-windows10.0.19041.0/win-x64/System.Runtime.Serialization.Json.dll' (16,136)
2026-09-28 06:15:34: Copy New 'C:/rock/bannister/BannisterTools/bin/x64/Release/net8.0-windows10.0.19041.0/win-x64/System.Runtime.Serialization.Primitives.dll' -> 'goodrive://www.googleapis.com/:personal:/bannister/BannisterTools/bin/x64/Release/net8.0-windows10.0.19041.0/win-x64/System.Runtime.Serialization.Primitives.dll' (39,176)
2026-09-28 06:15:35: Copy New 'C:/rock/bannister/BannisterTools/bin/x64/Release/net8.0-windows10.0.19041.0/win-x64/System.Runtime.Serialization.Xml.dll' -> 'goodrive://www.googleapis.com/:personal:/bannister/BannisterTools/bin/x64/Release/net8.0-windows10.0.19041.0/win-x64/System.Runtime.Serialization.Xml.dll' (17,160)
2026-09-28 06:15:36: Copy New 'C:/rock/bannister/BannisterTools/bin/x64/Release/net8.0-windows10.0.19041.0/win-x64/System.Security.AccessControl.dll' -> 'goodrive://www.googleapis.com/:personal:/bannister/BannisterTools/bin/x64/Release/net8.0-windows10.0.19041.0/win-x64/System.Security.AccessControl.dll' (231,736)
2026-09-28 06:15:37: Copy New 'C:/rock/bannister/BannisterTools/bin/x64/Release/net8.0-windows10.0.19041.0/win-x64/System.Security.Claims.dll' -> 'goodrive://www.googleapis.com/:personal:/bannister/BannisterTools/bin/x64/Release/net8.0-windows10.0.19041.0/win-x64/System.Security.Claims.dll' (100,616)
2026-09-28 06:15:37: Copy New 'C:/rock/bannister/BannisterTools/bin/x64/Release/net8.0-windows10.0.19041.0/win-x64/System.Security.Cryptography.Algorithms.dll' -> 'goodrive://www.googleapis.com/:personal:/bannister/BannisterTools/bin/x64/Release/net8.0-windows10.0.19041.0/win-x64/System.Security.Cryptography.Algorithms.dll' (17,672)
2026-09-28 06:15:37: > Copy New 'C:/rock/bannister/BannisterTools/bin/x64/Release/net8.0-windows10.0.19041.0/win-x64/System.Security.Cryptography.dll' -> 'goodrive://www.googleapis.com/:personal:/bannister/BannisterTools/bin/x64/Release/net8.0-windows10.0.19041.0/win-x64/System.Security.Cryptography.dll' (2,050,312)
2026-09-28 06:15:38: Copy New 'C:/rock/bannister/BannisterTools/bin/x64/Release/net8.0-windows10.0.19041.0/win-x64/System.Security.Cryptography.Cng.dll' -> 'goodrive://www.googleapis.com/:personal:/bannister/BannisterTools/bin/x64/Release/net8.0-windows10.0.19041.0/win-x64/System.Security.Cryptography.Cng.dll' (16,648)
2026-09-28 06:15:39: Copy New 'C:/rock/bannister/BannisterTools/bin/x64/Release/net8.0-windows10.0.19041.0/win-x64/System.Security.Cryptography.Csp.dll' -> 'goodrive://www.googleapis.com/:personal:/bannister/BannisterTools/bin/x64/Release/net8.0-windows10.0.19041.0/win-x64/System.Security.Cryptography.Csp.dll' (16,144)
2026-09-28 06:15:40: < Copy New 'C:/rock/bannister/BannisterTools/bin/x64/Release/net8.0-windows10.0.19041.0/win-x64/System.Security.Cryptography.dll' -> 'goodrive://www.googleapis.com/:personal:/bannister/BannisterTools/bin/x64/Release/net8.0-windows10.0.19041.0/win-x64/System.Security.Cryptography.dll' (2,050,312)
2026-09-28 06:15:40: Copy New 'C:/rock/bannister/BannisterTools/bin/x64/Release/net8.0-windows10.0.19041.0/win-x64/System.Security.Cryptography.Encoding.dll' -> 'goodrive://www.googleapis.com/:personal:/bannister/BannisterTools/bin/x64/Release/net8.0-windows10.0.19041.0/win-x64/System.Security.Cryptography.Encoding.dll' (16,144)
2026-09-28 06:15:41: Copy New 'C:/rock/bannister/BannisterTools/bin/x64/Release/net8.0-windows10.0.19041.0/win-x64/System.Security.Cryptography.OpenSsl.dll' -> 'goodrive://www.googleapis.com/:personal:/bannister/BannisterTools/bin/x64/Release/net8.0-windows10.0.19041.0/win-x64/System.Security.Cryptography.OpenSsl.dll' (15,664)
2026-09-28 06:15:42: Copy New 'C:/rock/bannister/BannisterTools/bin/x64/Release/net8.0-windows10.0.19041.0/win-x64/System.Security.Cryptography.Primitives.dll' -> 'goodrive://www.googleapis.com/:personal:/bannister/BannisterTools/bin/x64/Release/net8.0-windows10.0.19041.0/win-x64/System.Security.Cryptography.Primitives.dll' (16,136)
2026-09-28 06:15:43: Copy New 'C:/rock/bannister/BannisterTools/bin/x64/Release/net8.0-windows10.0.19041.0/win-x64/System.Security.Cryptography.X509Certificates.dll' -> 'goodrive://www.googleapis.com/:personal:/bannister/BannisterTools/bin/x64/Release/net8.0-windows10.0.19041.0/win-x64/System.Security.Cryptography.X509Certificates.dll' (17,160)
2026-09-28 06:15:43: Copy New 'C:/rock/bannister/BannisterTools/bin/x64/Release/net8.0-windows10.0.19041.0/win-x64/System.Security.dll' -> 'goodrive://www.googleapis.com/:personal:/bannister/BannisterTools/bin/x64/Release/net8.0-windows10.0.19041.0/win-x64/System.Security.dll' (18,696)
2026-09-28 06:15:44: Copy New 'C:/rock/bannister/BannisterTools/bin/x64/Release/net8.0-windows10.0.19041.0/win-x64/System.Security.Principal.dll' -> 'goodrive://www.googleapis.com/:personal:/bannister/BannisterTools/bin/x64/Release/net8.0-windows10.0.19041.0/win-x64/System.Security.Principal.dll' (15,624)
2026-09-28 06:15:45: Copy New 'C:/rock/bannister/BannisterTools/bin/x64/Release/net8.0-windows10.0.19041.0/win-x64/System.Security.Principal.Windows.dll' -> 'goodrive://www.googleapis.com/:personal:/bannister/BannisterTools/bin/x64/Release/net8.0-windows10.0.19041.0/win-x64/System.Security.Principal.Windows.dll' (186,632)
2026-09-28 06:15:45: Copy New 'C:/rock/bannister/BannisterTools/bin/x64/Release/net8.0-windows10.0.19041.0/win-x64/System.Security.SecureString.dll' -> 'goodrive://www.googleapis.com/:personal:/bannister/BannisterTools/bin/x64/Release/net8.0-windows10.0.19041.0/win-x64/System.Security.SecureString.dll' (15,624)
2026-09-28 06:15:46: Copy New 'C:/rock/bannister/BannisterTools/bin/x64/Release/net8.0-windows10.0.19041.0/win-x64/System.ServiceModel.Web.dll' -> 'goodrive://www.googleapis.com/:personal:/bannister/BannisterTools/bin/x64/Release/net8.0-windows10.0.19041.0/win-x64/System.ServiceModel.Web.dll' (17,160)
2026-09-28 06:15:47: Copy New 'C:/rock/bannister/BannisterTools/bin/x64/Release/net8.0-windows10.0.19041.0/win-x64/System.ServiceProcess.dll' -> 'goodrive://www.googleapis.com/:personal:/bannister/BannisterTools/bin/x64/Release/net8.0-windows10.0.19041.0/win-x64/System.ServiceProcess.dll' (16,136)
2026-09-28 06:15:47: Copy New 'C:/rock/bannister/BannisterTools/bin/x64/Release/net8.0-windows10.0.19041.0/win-x64/System.Text.Encoding.CodePages.dll' -> 'goodrive://www.googleapis.com/:personal:/bannister/BannisterTools/bin/x64/Release/net8.0-windows10.0.19041.0/win-x64/System.Text.Encoding.CodePages.dll' (862,512)
2026-09-28 06:15:48: Copy New 'C:/rock/bannister/BannisterTools/bin/x64/Release/net8.0-windows10.0.19041.0/win-x64/System.Text.Encoding.dll' -> 'goodrive://www.googleapis.com/:personal:/bannister/BannisterTools/bin/x64/Release/net8.0-windows10.0.19041.0/win-x64/System.Text.Encoding.dll' (16,184)
2026-09-28 06:15:48: > Copy New 'C:/rock/bannister/BannisterTools/bin/x64/Release/net8.0-windows10.0.19041.0/win-x64/System.Text.Json.dll' -> 'goodrive://www.googleapis.com/:personal:/bannister/BannisterTools/bin/x64/Release/net8.0-windows10.0.19041.0/win-x64/System.Text.Json.dll' (1,501,448)
2026-09-28 06:15:49: Copy New 'C:/rock/bannister/BannisterTools/bin/x64/Release/net8.0-windows10.0.19041.0/win-x64/System.Text.Encodings.Web.dll' -> 'goodrive://www.googleapis.com/:personal:/bannister/BannisterTools/bin/x64/Release/net8.0-windows10.0.19041.0/win-x64/System.Text.Encodings.Web.dll' (133,432)
2026-09-28 06:15:49: Copy New 'C:/rock/bannister/BannisterTools/bin/x64/Release/net8.0-windows10.0.19041.0/win-x64/System.Text.Encoding.Extensions.dll' -> 'goodrive://www.googleapis.com/:personal:/bannister/BannisterTools/bin/x64/Release/net8.0-windows10.0.19041.0/win-x64/System.Text.Encoding.Extensions.dll' (16,136)
2026-09-28 06:15:51: < Copy New 'C:/rock/bannister/BannisterTools/bin/x64/Release/net8.0-windows10.0.19041.0/win-x64/System.Text.Json.dll' -> 'goodrive://www.googleapis.com/:personal:/bannister/BannisterTools/bin/x64/Release/net8.0-windows10.0.19041.0/win-x64/System.Text.Json.dll' (1,501,448)
2026-09-28 06:15:51: Copy New 'C:/rock/bannister/BannisterTools/bin/x64/Release/net8.0-windows10.0.19041.0/win-x64/System.Text.RegularExpressions.dll' -> 'goodrive://www.googleapis.com/:personal:/bannister/BannisterTools/bin/x64/Release/net8.0-windows10.0.19041.0/win-x64/System.Text.RegularExpressions.dll' (1,022,264)
2026-09-28 06:15:52: Copy New 'C:/rock/bannister/BannisterTools/bin/x64/Release/net8.0-windows10.0.19041.0/win-x64/System.Threading.Channels.dll' -> 'goodrive://www.googleapis.com/:personal:/bannister/BannisterTools/bin/x64/Release/net8.0-windows10.0.19041.0/win-x64/System.Threading.Channels.dll' (133,432)
2026-09-28 06:15:53: Copy New 'C:/rock/bannister/BannisterTools/bin/x64/Release/net8.0-windows10.0.19041.0/win-x64/System.Threading.dll' -> 'goodrive://www.googleapis.com/:personal:/bannister/BannisterTools/bin/x64/Release/net8.0-windows10.0.19041.0/win-x64/System.Threading.dll' (84,232)
2026-09-28 06:15:53: Copy New 'C:/rock/bannister/BannisterTools/bin/x64/Release/net8.0-windows10.0.19041.0/win-x64/System.Threading.Overlapped.dll' -> 'goodrive://www.googleapis.com/:personal:/bannister/BannisterTools/bin/x64/Release/net8.0-windows10.0.19041.0/win-x64/System.Threading.Overlapped.dll' (16,136)
2026-09-28 06:15:54: Copy New 'C:/rock/bannister/BannisterTools/bin/x64/Release/net8.0-windows10.0.19041.0/win-x64/System.Threading.Tasks.Dataflow.dll' -> 'goodrive://www.googleapis.com/:personal:/bannister/BannisterTools/bin/x64/Release/net8.0-windows10.0.19041.0/win-x64/System.Threading.Tasks.Dataflow.dll' (489,776)
2026-09-28 06:15:55: Copy New 'C:/rock/bannister/BannisterTools/bin/x64/Release/net8.0-windows10.0.19041.0/win-x64/System.Threading.Tasks.dll' -> 'goodrive://www.googleapis.com/:personal:/bannister/BannisterTools/bin/x64/Release/net8.0-windows10.0.19041.0/win-x64/System.Threading.Tasks.dll' (17,160)
2026-09-28 06:15:55: Copy New 'C:/rock/bannister/BannisterTools/bin/x64/Release/net8.0-windows10.0.19041.0/win-x64/System.Threading.Tasks.Extensions.dll' -> 'goodrive://www.googleapis.com/:personal:/bannister/BannisterTools/bin/x64/Release/net8.0-windows10.0.19041.0/win-x64/System.Threading.Tasks.Extensions.dll' (16,176)
2026-09-28 06:15:56: Copy New 'C:/rock/bannister/BannisterTools/bin/x64/Release/net8.0-windows10.0.19041.0/win-x64/System.Threading.Tasks.Parallel.dll' -> 'goodrive://www.googleapis.com/:personal:/bannister/BannisterTools/bin/x64/Release/net8.0-windows10.0.19041.0/win-x64/System.Threading.Tasks.Parallel.dll' (133,392)
2026-09-28 06:15:57: Copy New 'C:/rock/bannister/BannisterTools/bin/x64/Release/net8.0-windows10.0.19041.0/win-x64/System.Threading.Thread.dll' -> 'goodrive://www.googleapis.com/:personal:/bannister/BannisterTools/bin/x64/Release/net8.0-windows10.0.19041.0/win-x64/System.Threading.Thread.dll' (16,136)
2026-09-28 06:15:58: Copy New 'C:/rock/bannister/BannisterTools/bin/x64/Release/net8.0-windows10.0.19041.0/win-x64/System.Threading.ThreadPool.dll' -> 'goodrive://www.googleapis.com/:personal:/bannister/BannisterTools/bin/x64/Release/net8.0-windows10.0.19041.0/win-x64/System.Threading.ThreadPool.dll' (16,136)
2026-09-28 06:15:58: Copy New 'C:/rock/bannister/BannisterTools/bin/x64/Release/net8.0-windows10.0.19041.0/win-x64/System.Threading.Timer.dll' -> 'goodrive://www.googleapis.com/:personal:/bannister/BannisterTools/bin/x64/Release/net8.0-windows10.0.19041.0/win-x64/System.Threading.Timer.dll' (15,632)
2026-09-28 06:16:00: Copy New 'C:/rock/bannister/BannisterTools/bin/x64/Release/net8.0-windows10.0.19041.0/win-x64/System.Transactions.dll' -> 'goodrive://www.googleapis.com/:personal:/bannister/BannisterTools/bin/x64/Release/net8.0-windows10.0.19041.0/win-x64/System.Transactions.dll' (16,648)
2026-09-28 06:16:00: Copy New 'C:/rock/bannister/BannisterTools/bin/x64/Release/net8.0-windows10.0.19041.0/win-x64/System.Transactions.Local.dll' -> 'goodrive://www.googleapis.com/:personal:/bannister/BannisterTools/bin/x64/Release/net8.0-windows10.0.19041.0/win-x64/System.Transactions.Local.dll' (661,768)
2026-09-28 06:16:00: Copy New 'C:/rock/bannister/BannisterTools/bin/x64/Release/net8.0-windows10.0.19041.0/win-x64/System.ValueTuple.dll' -> 'goodrive://www.googleapis.com/:personal:/bannister/BannisterTools/bin/x64/Release/net8.0-windows10.0.19041.0/win-x64/System.ValueTuple.dll' (15,624)
2026-09-28 06:16:02: Copy New 'C:/rock/bannister/BannisterTools/bin/x64/Release/net8.0-windows10.0.19041.0/win-x64/System.Web.dll' -> 'goodrive://www.googleapis.com/:personal:/bannister/BannisterTools/bin/x64/Release/net8.0-windows10.0.19041.0/win-x64/System.Web.dll' (15,624)
2026-09-28 06:16:02: Copy New 'C:/rock/bannister/BannisterTools/bin/x64/Release/net8.0-windows10.0.19041.0/win-x64/System.Web.HttpUtility.dll' -> 'goodrive://www.googleapis.com/:personal:/bannister/BannisterTools/bin/x64/Release/net8.0-windows10.0.19041.0/win-x64/System.Web.HttpUtility.dll' (59,664)
2026-09-28 06:16:02: Copy New 'C:/rock/bannister/BannisterTools/bin/x64/Release/net8.0-windows10.0.19041.0/win-x64/System.Windows.dll' -> 'goodrive://www.googleapis.com/:personal:/bannister/BannisterTools/bin/x64/Release/net8.0-windows10.0.19041.0/win-x64/System.Windows.dll' (16,136)
2026-09-28 06:16:04: Copy New 'C:/rock/bannister/BannisterTools/bin/x64/Release/net8.0-windows10.0.19041.0/win-x64/System.Xml.Linq.dll' -> 'goodrive://www.googleapis.com/:personal:/bannister/BannisterTools/bin/x64/Release/net8.0-windows10.0.19041.0/win-x64/System.Xml.Linq.dll' (16,184)
2026-09-28 06:16:04: Copy New 'C:/rock/bannister/BannisterTools/bin/x64/Release/net8.0-windows10.0.19041.0/win-x64/System.Xml.ReaderWriter.dll' -> 'goodrive://www.googleapis.com/:personal:/bannister/BannisterTools/bin/x64/Release/net8.0-windows10.0.19041.0/win-x64/System.Xml.ReaderWriter.dll' (22,280)
2026-09-28 06:16:04: Copy New 'C:/rock/bannister/BannisterTools/bin/x64/Release/net8.0-windows10.0.19041.0/win-x64/System.Xml.dll' -> 'goodrive://www.googleapis.com/:personal:/bannister/BannisterTools/bin/x64/Release/net8.0-windows10.0.19041.0/win-x64/System.Xml.dll' (23,816)
2026-09-28 06:16:06: Copy New 'C:/rock/bannister/BannisterTools/bin/x64/Release/net8.0-windows10.0.19041.0/win-x64/System.Xml.Serialization.dll' -> 'goodrive://www.googleapis.com/:personal:/bannister/BannisterTools/bin/x64/Release/net8.0-windows10.0.19041.0/win-x64/System.Xml.Serialization.dll' (16,656)
2026-09-28 06:16:06: Copy New 'C:/rock/bannister/BannisterTools/bin/x64/Release/net8.0-windows10.0.19041.0/win-x64/System.Xml.XmlDocument.dll' -> 'goodrive://www.googleapis.com/:personal:/bannister/BannisterTools/bin/x64/Release/net8.0-windows10.0.19041.0/win-x64/System.Xml.XmlDocument.dll' (16,184)
2026-09-28 06:16:06: Copy New 'C:/rock/bannister/BannisterTools/bin/x64/Release/net8.0-windows10.0.19041.0/win-x64/System.Xml.XDocument.dll' -> 'goodrive://www.googleapis.com/:personal:/bannister/BannisterTools/bin/x64/Release/net8.0-windows10.0.19041.0/win-x64/System.Xml.XDocument.dll' (16,184)
2026-09-28 06:16:08: Copy New 'C:/rock/bannister/BannisterTools/bin/x64/Release/net8.0-windows10.0.19041.0/win-x64/System.Xml.XPath.XDocument.dll' -> 'goodrive://www.googleapis.com/:personal:/bannister/BannisterTools/bin/x64/Release/net8.0-windows10.0.19041.0/win-x64/System.Xml.XPath.XDocument.dll' (31,024)
2026-09-28 06:16:09: Copy New 'C:/rock/bannister/BannisterTools/bin/x64/Release/net8.0-windows10.0.19041.0/win-x64/System.Xml.XmlSerializer.dll' -> 'goodrive://www.googleapis.com/:personal:/bannister/BannisterTools/bin/x64/Release/net8.0-windows10.0.19041.0/win-x64/System.Xml.XmlSerializer.dll' (18,184)
2026-09-28 06:16:09: Copy New 'C:/rock/bannister/BannisterTools/bin/x64/Release/net8.0-windows10.0.19041.0/win-x64/System.Xml.XPath.dll' -> 'goodrive://www.googleapis.com/:personal:/bannister/BannisterTools/bin/x64/Release/net8.0-windows10.0.19041.0/win-x64/System.Xml.XPath.dll' (16,136)
2026-09-28 06:16:09: Create Folder goodrive://www.googleapis.com/:personal:/bannister/BannisterTools/bin/x64/Release/net8.0-windows10.0.19041.0/win-x64/ta-IN
2026-09-28 06:16:09: Create Folder goodrive://www.googleapis.com/:personal:/bannister/BannisterTools/bin/x64/Release/net8.0-windows10.0.19041.0/win-x64/te-IN
2026-09-28 06:16:10: Create Folder goodrive://www.googleapis.com/:personal:/bannister/BannisterTools/bin/x64/Release/net8.0-windows10.0.19041.0/win-x64/th
2026-09-28 06:16:10: Create Folder goodrive://www.googleapis.com/:personal:/bannister/BannisterTools/bin/x64/Release/net8.0-windows10.0.19041.0/win-x64/th-TH
2026-09-28 06:16:12: Copy New 'C:/rock/bannister/BannisterTools/bin/x64/Release/net8.0-windows10.0.19041.0/win-x64/ta-IN/Microsoft.ui.xaml.dll.mui' -> 'goodrive://www.googleapis.com/:personal:/bannister/BannisterTools/bin/x64/Release/net8.0-windows10.0.19041.0/win-x64/ta-IN/Microsoft.ui.xaml.dll.mui' (17,920)
2026-09-28 06:16:12: Copy New 'C:/rock/bannister/BannisterTools/bin/x64/Release/net8.0-windows10.0.19041.0/win-x64/th/Microsoft.Maui.Controls.resources.dll' -> 'goodrive://www.googleapis.com/:personal:/bannister/BannisterTools/bin/x64/Release/net8.0-windows10.0.19041.0/win-x64/th/Microsoft.Maui.Controls.resources.dll' (15,392)
2026-09-28 06:16:12: Copy New 'C:/rock/bannister/BannisterTools/bin/x64/Release/net8.0-windows10.0.19041.0/win-x64/te-IN/Microsoft.ui.xaml.dll.mui' -> 'goodrive://www.googleapis.com/:personal:/bannister/BannisterTools/bin/x64/Release/net8.0-windows10.0.19041.0/win-x64/te-IN/Microsoft.ui.xaml.dll.mui' (17,408)
2026-09-28 06:16:14: Copy New 'C:/rock/bannister/BannisterTools/bin/x64/Release/net8.0-windows10.0.19041.0/win-x64/th-TH/Microsoft.ui.xaml.dll.mui' -> 'goodrive://www.googleapis.com/:personal:/bannister/BannisterTools/bin/x64/Release/net8.0-windows10.0.19041.0/win-x64/th-TH/Microsoft.ui.xaml.dll.mui' (15,872)
2026-09-28 06:16:15: Copy New 'C:/rock/bannister/BannisterTools/bin/x64/Release/net8.0-windows10.0.19041.0/win-x64/te-IN/Microsoft.UI.Xaml.Phone.dll.mui' -> 'goodrive://www.googleapis.com/:personal:/bannister/BannisterTools/bin/x64/Release/net8.0-windows10.0.19041.0/win-x64/te-IN/Microsoft.UI.Xaml.Phone.dll.mui' (4,096)
2026-09-28 06:16:15: Copy New 'C:/rock/bannister/BannisterTools/bin/x64/Release/net8.0-windows10.0.19041.0/win-x64/th-TH/Microsoft.UI.Xaml.Phone.dll.mui' -> 'goodrive://www.googleapis.com/:personal:/bannister/BannisterTools/bin/x64/Release/net8.0-windows10.0.19041.0/win-x64/th-TH/Microsoft.UI.Xaml.Phone.dll.mui' (4,096)
2026-09-28 06:16:15: Create Folder goodrive://www.googleapis.com/:personal:/bannister/BannisterTools/bin/x64/Release/net8.0-windows10.0.19041.0/win-x64/tr
2026-09-28 06:16:15: Create Folder goodrive://www.googleapis.com/:personal:/bannister/BannisterTools/bin/x64/Release/net8.0-windows10.0.19041.0/win-x64/tr-TR
2026-09-28 06:16:16: Create Folder goodrive://www.googleapis.com/:personal:/bannister/BannisterTools/bin/x64/Release/net8.0-windows10.0.19041.0/win-x64/tt-RU
2026-09-28 06:16:16: Copy New 'C:/rock/bannister/BannisterTools/bin/x64/Release/net8.0-windows10.0.19041.0/win-x64/ta-IN/Microsoft.UI.Xaml.Phone.dll.mui' -> 'goodrive://www.googleapis.com/:personal:/bannister/BannisterTools/bin/x64/Release/net8.0-windows10.0.19041.0/win-x64/ta-IN/Microsoft.UI.Xaml.Phone.dll.mui' (4,096)
2026-09-28 06:16:18: Copy New 'C:/rock/bannister/BannisterTools/bin/x64/Release/net8.0-windows10.0.19041.0/win-x64/tr/Microsoft.Maui.Controls.resources.dll' -> 'goodrive://www.googleapis.com/:personal:/bannister/BannisterTools/bin/x64/Release/net8.0-windows10.0.19041.0/win-x64/tr/Microsoft.Maui.Controls.resources.dll' (15,432)
2026-09-28 06:16:18: Copy New 'C:/rock/bannister/BannisterTools/bin/x64/Release/net8.0-windows10.0.19041.0/win-x64/tr-TR/Microsoft.ui.xaml.dll.mui' -> 'goodrive://www.googleapis.com/:personal:/bannister/BannisterTools/bin/x64/Release/net8.0-windows10.0.19041.0/win-x64/tr-TR/Microsoft.ui.xaml.dll.mui' (15,872)
2026-09-28 06:16:19: Copy New 'C:/rock/bannister/BannisterTools/bin/x64/Release/net8.0-windows10.0.19041.0/win-x64/tt-RU/Microsoft.ui.xaml.dll.mui' -> 'goodrive://www.googleapis.com/:personal:/bannister/BannisterTools/bin/x64/Release/net8.0-windows10.0.19041.0/win-x64/tt-RU/Microsoft.ui.xaml.dll.mui' (16,896)
2026-09-28 06:16:19: Create Folder goodrive://www.googleapis.com/:personal:/bannister/BannisterTools/bin/x64/Release/net8.0-windows10.0.19041.0/win-x64/ug-CN
2026-09-28 06:16:20: Copy New 'C:/rock/bannister/BannisterTools/bin/x64/Release/net8.0-windows10.0.19041.0/win-x64/tt-RU/Microsoft.UI.Xaml.Phone.dll.mui' -> 'goodrive://www.googleapis.com/:personal:/bannister/BannisterTools/bin/x64/Release/net8.0-windows10.0.19041.0/win-x64/tt-RU/Microsoft.UI.Xaml.Phone.dll.mui' (4,096)
2026-09-28 06:16:20: Create Folder goodrive://www.googleapis.com/:personal:/bannister/BannisterTools/bin/x64/Release/net8.0-windows10.0.19041.0/win-x64/uk
2026-09-28 06:16:21: Copy New 'C:/rock/bannister/BannisterTools/bin/x64/Release/net8.0-windows10.0.19041.0/win-x64/tr-TR/Microsoft.UI.Xaml.Phone.dll.mui' -> 'goodrive://www.googleapis.com/:personal:/bannister/BannisterTools/bin/x64/Release/net8.0-windows10.0.19041.0/win-x64/tr-TR/Microsoft.UI.Xaml.Phone.dll.mui' (4,096)
2026-09-28 06:16:22: Copy New 'C:/rock/bannister/BannisterTools/bin/x64/Release/net8.0-windows10.0.19041.0/win-x64/ug-CN/Microsoft.ui.xaml.dll.mui' -> 'goodrive://www.googleapis.com/:personal:/bannister/BannisterTools/bin/x64/Release/net8.0-windows10.0.19041.0/win-x64/ug-CN/Microsoft.ui.xaml.dll.mui' (16,896)
2026-09-28 06:16:22: Copy New 'C:/rock/bannister/BannisterTools/bin/x64/Release/net8.0-windows10.0.19041.0/win-x64/ug-CN/Microsoft.UI.Xaml.Phone.dll.mui' -> 'goodrive://www.googleapis.com/:personal:/bannister/BannisterTools/bin/x64/Release/net8.0-windows10.0.19041.0/win-x64/ug-CN/Microsoft.UI.Xaml.Phone.dll.mui' (4,096)
2026-09-28 06:16:23: Create Folder goodrive://www.googleapis.com/:personal:/bannister/BannisterTools/bin/x64/Release/net8.0-windows10.0.19041.0/win-x64/uk-UA
2026-09-28 06:16:23: Create Folder goodrive://www.googleapis.com/:personal:/bannister/BannisterTools/bin/x64/Release/net8.0-windows10.0.19041.0/win-x64/ur-PK
2026-09-28 06:16:24: Create Folder goodrive://www.googleapis.com/:personal:/bannister/BannisterTools/bin/x64/Release/net8.0-windows10.0.19041.0/win-x64/uz-Latn-UZ
2026-09-28 06:16:25: Copy New 'C:/rock/bannister/BannisterTools/bin/x64/Release/net8.0-windows10.0.19041.0/win-x64/uk/Microsoft.Maui.Controls.resources.dll' -> 'goodrive://www.googleapis.com/:personal:/bannister/BannisterTools/bin/x64/Release/net8.0-windows10.0.19041.0/win-x64/uk/Microsoft.Maui.Controls.resources.dll' (15,392)
2026-09-28 06:16:26: Copy New 'C:/rock/bannister/BannisterTools/bin/x64/Release/net8.0-windows10.0.19041.0/win-x64/uk-UA/Microsoft.ui.xaml.dll.mui' -> 'goodrive://www.googleapis.com/:personal:/bannister/BannisterTools/bin/x64/Release/net8.0-windows10.0.19041.0/win-x64/uk-UA/Microsoft.ui.xaml.dll.mui' (17,920)
2026-09-28 06:16:26: Copy New 'C:/rock/bannister/BannisterTools/bin/x64/Release/net8.0-windows10.0.19041.0/win-x64/ur-PK/Microsoft.ui.xaml.dll.mui' -> 'goodrive://www.googleapis.com/:personal:/bannister/BannisterTools/bin/x64/Release/net8.0-windows10.0.19041.0/win-x64/ur-PK/Microsoft.ui.xaml.dll.mui' (16,384)
2026-09-28 06:16:27: Copy New 'C:/rock/bannister/BannisterTools/bin/x64/Release/net8.0-windows10.0.19041.0/win-x64/uz-Latn-UZ/Microsoft.ui.xaml.dll.mui' -> 'goodrive://www.googleapis.com/:personal:/bannister/BannisterTools/bin/x64/Release/net8.0-windows10.0.19041.0/win-x64/uz-Latn-UZ/Microsoft.ui.xaml.dll.mui' (17,920)
2026-09-28 06:16:28: Copy New 'C:/rock/bannister/BannisterTools/bin/x64/Release/net8.0-windows10.0.19041.0/win-x64/uz-Latn-UZ/Microsoft.UI.Xaml.Phone.dll.mui' -> 'goodrive://www.googleapis.com/:personal:/bannister/BannisterTools/bin/x64/Release/net8.0-windows10.0.19041.0/win-x64/uz-Latn-UZ/Microsoft.UI.Xaml.Phone.dll.mui' (4,096)
2026-09-28 06:16:28: Copy New 'C:/rock/bannister/BannisterTools/bin/x64/Release/net8.0-windows10.0.19041.0/win-x64/ur-PK/Microsoft.UI.Xaml.Phone.dll.mui' -> 'goodrive://www.googleapis.com/:personal:/bannister/BannisterTools/bin/x64/Release/net8.0-windows10.0.19041.0/win-x64/ur-PK/Microsoft.UI.Xaml.Phone.dll.mui' (4,096)
2026-09-28 06:16:29: Create Folder goodrive://www.googleapis.com/:personal:/bannister/BannisterTools/bin/x64/Release/net8.0-windows10.0.19041.0/win-x64/vi
2026-09-28 06:16:29: Create Folder goodrive://www.googleapis.com/:personal:/bannister/BannisterTools/bin/x64/Release/net8.0-windows10.0.19041.0/win-x64/vi-VN
2026-09-28 06:16:30: Copy New 'C:/rock/bannister/BannisterTools/bin/x64/Release/net8.0-windows10.0.19041.0/win-x64/uk-UA/Microsoft.UI.Xaml.Phone.dll.mui' -> 'goodrive://www.googleapis.com/:personal:/bannister/BannisterTools/bin/x64/Release/net8.0-windows10.0.19041.0/win-x64/uk-UA/Microsoft.UI.Xaml.Phone.dll.mui' (4,096)
2026-09-28 06:16:31: Copy New 'C:/rock/bannister/BannisterTools/bin/x64/Release/net8.0-windows10.0.19041.0/win-x64/vi/Microsoft.Maui.Controls.resources.dll' -> 'goodrive://www.googleapis.com/:personal:/bannister/BannisterTools/bin/x64/Release/net8.0-windows10.0.19041.0/win-x64/vi/Microsoft.Maui.Controls.resources.dll' (15,392)
2026-09-28 06:16:31: Copy New 'C:/rock/bannister/BannisterTools/bin/x64/Release/net8.0-windows10.0.19041.0/win-x64/WindowsAppRuntime.png' -> 'goodrive://www.googleapis.com/:personal:/bannister/BannisterTools/bin/x64/Release/net8.0-windows10.0.19041.0/win-x64/WindowsAppRuntime.png' (232)
2026-09-28 06:16:32: Copy New 'C:/rock/bannister/BannisterTools/bin/x64/Release/net8.0-windows10.0.19041.0/win-x64/vi-VN/Microsoft.ui.xaml.dll.mui' -> 'goodrive://www.googleapis.com/:personal:/bannister/BannisterTools/bin/x64/Release/net8.0-windows10.0.19041.0/win-x64/vi-VN/Microsoft.ui.xaml.dll.mui' (16,384)
2026-09-28 06:16:33: Copy New 'C:/rock/bannister/BannisterTools/bin/x64/Release/net8.0-windows10.0.19041.0/win-x64/vi-VN/Microsoft.UI.Xaml.Phone.dll.mui' -> 'goodrive://www.googleapis.com/:personal:/bannister/BannisterTools/bin/x64/Release/net8.0-windows10.0.19041.0/win-x64/vi-VN/Microsoft.UI.Xaml.Phone.dll.mui' (4,096)
2026-09-28 06:16:33: Copy New 'C:/rock/bannister/BannisterTools/bin/x64/Release/net8.0-windows10.0.19041.0/win-x64/WindowsAppSdk.AppxDeploymentExtensions.Desktop-EventLog-Instrumentation.dll' -> 'goodrive://www.googleapis.com/:personal:/bannister/BannisterTools/bin/x64/Release/net8.0-windows10.0.19041.0/win-x64/WindowsAppSdk.AppxDeploymentExtensions.Desktop-EventLog-Instrumentation.dll' (50,056)
2026-09-28 06:16:34: Copy New 'C:/rock/bannister/BannisterTools/bin/x64/Release/net8.0-windows10.0.19041.0/win-x64/WindowsAppSdk.AppxDeploymentExtensions.Desktop.dll' -> 'goodrive://www.googleapis.com/:personal:/bannister/BannisterTools/bin/x64/Release/net8.0-windows10.0.19041.0/win-x64/WindowsAppSdk.AppxDeploymentExtensions.Desktop.dll' (624,520)
2026-09-28 06:16:34: > Copy New 'C:/rock/bannister/BannisterTools/bin/x64/Release/net8.0-windows10.0.19041.0/win-x64/WinUIEdit.dll' -> 'goodrive://www.googleapis.com/:personal:/bannister/BannisterTools/bin/x64/Release/net8.0-windows10.0.19041.0/win-x64/WinUIEdit.dll' (3,397,160)
2026-09-28 06:16:35: Copy New 'C:/rock/bannister/BannisterTools/bin/x64/Release/net8.0-windows10.0.19041.0/win-x64/WindowsBase.dll' -> 'goodrive://www.googleapis.com/:personal:/bannister/BannisterTools/bin/x64/Release/net8.0-windows10.0.19041.0/win-x64/WindowsBase.dll' (16,688)
2026-09-28 06:16:35: Copy New 'C:/rock/bannister/BannisterTools/bin/x64/Release/net8.0-windows10.0.19041.0/win-x64/WinRT.Runtime.dll' -> 'goodrive://www.googleapis.com/:personal:/bannister/BannisterTools/bin/x64/Release/net8.0-windows10.0.19041.0/win-x64/WinRT.Runtime.dll' (528,944)
2026-09-28 06:16:36: Create Folder goodrive://www.googleapis.com/:personal:/bannister/BannisterTools/bin/x64/Release/net8.0-windows10.0.19041.0/win-x64/zh-CN
2026-09-28 06:16:36: < Copy New 'C:/rock/bannister/BannisterTools/bin/x64/Release/net8.0-windows10.0.19041.0/win-x64/WinUIEdit.dll' -> 'goodrive://www.googleapis.com/:personal:/bannister/BannisterTools/bin/x64/Release/net8.0-windows10.0.19041.0/win-x64/WinUIEdit.dll' (3,397,160)
2026-09-28 06:16:37: Create Folder goodrive://www.googleapis.com/:personal:/bannister/BannisterTools/bin/x64/Release/net8.0-windows10.0.19041.0/win-x64/zh-Hans
2026-09-28 06:16:37: Copy New 'C:/rock/bannister/BannisterTools/bin/x64/Release/net8.0-windows10.0.19041.0/win-x64/wuceffectsi.dll' -> 'goodrive://www.googleapis.com/:personal:/bannister/BannisterTools/bin/x64/Release/net8.0-windows10.0.19041.0/win-x64/wuceffectsi.dll' (485,296)
2026-09-28 06:16:39: Copy New 'C:/rock/bannister/BannisterTools/bin/x64/Release/net8.0-windows10.0.19041.0/win-x64/zh-CN/Microsoft.UI.Xaml.Phone.dll.mui' -> 'goodrive://www.googleapis.com/:personal:/bannister/BannisterTools/bin/x64/Release/net8.0-windows10.0.19041.0/win-x64/zh-CN/Microsoft.UI.Xaml.Phone.dll.mui' (3,584)
2026-09-28 06:16:39: Copy New 'C:/rock/bannister/BannisterTools/bin/x64/Release/net8.0-windows10.0.19041.0/win-x64/zh-CN/Microsoft.ui.xaml.dll.mui' -> 'goodrive://www.googleapis.com/:personal:/bannister/BannisterTools/bin/x64/Release/net8.0-windows10.0.19041.0/win-x64/zh-CN/Microsoft.ui.xaml.dll.mui' (11,264)
2026-09-28 06:16:39: Copy New 'C:/rock/bannister/BannisterTools/bin/x64/Release/net8.0-windows10.0.19041.0/win-x64/zh-Hans/Microsoft.Maui.Controls.resources.dll' -> 'goodrive://www.googleapis.com/:personal:/bannister/BannisterTools/bin/x64/Release/net8.0-windows10.0.19041.0/win-x64/zh-Hans/Microsoft.Maui.Controls.resources.dll' (15,392)
2026-09-28 06:16:39: Create Folder goodrive://www.googleapis.com/:personal:/bannister/BannisterTools/bin/x64/Release/net8.0-windows10.0.19041.0/win-x64/zh-HK
2026-09-28 06:16:39: > Copy Over 'C:/rock/bannister/BannisterTools/bin/x64/Debug/net8.0-windows10.0.19041.0/resources.pri' -> 'goodrive://www.googleapis.com/:personal:/bannister/BannisterTools/bin/x64/Debug/net8.0-windows10.0.19041.0/resources.pri' (1,369,480)
2026-09-28 06:16:39: Create Folder goodrive://www.googleapis.com/:personal:/bannister/BannisterTools/bin/x64/Release/net8.0-windows10.0.19041.0/win-x64/zh-Hant
2026-09-28 06:16:40: Create Folder goodrive://www.googleapis.com/:personal:/bannister/BannisterTools/bin/x64/Release/net8.0-windows10.0.19041.0/win-x64/zh-TW
2026-09-28 06:16:42: Copy New 'C:/rock/bannister/BannisterTools/bin/x64/Release/net8.0-windows10.0.19041.0/win-x64/zh-HK/Microsoft.Maui.Controls.resources.dll' -> 'goodrive://www.googleapis.com/:personal:/bannister/BannisterTools/bin/x64/Release/net8.0-windows10.0.19041.0/win-x64/zh-HK/Microsoft.Maui.Controls.resources.dll' (15,432)
2026-09-28 06:16:42: Copy New 'C:/rock/bannister/BannisterTools/bin/x64/Release/net8.0-windows10.0.19041.0/win-x64/zh-Hant/Microsoft.Maui.Controls.resources.dll' -> 'goodrive://www.googleapis.com/:personal:/bannister/BannisterTools/bin/x64/Release/net8.0-windows10.0.19041.0/win-x64/zh-Hant/Microsoft.Maui.Controls.resources.dll' (15,400)
2026-09-28 06:16:43: < Copy Over 'C:/rock/bannister/BannisterTools/bin/x64/Debug/net8.0-windows10.0.19041.0/resources.pri' -> 'goodrive://www.googleapis.com/:personal:/bannister/BannisterTools/bin/x64/Debug/net8.0-windows10.0.19041.0/resources.pri' (1,369,480)
2026-09-28 06:16:43: Create Folder goodrive://www.googleapis.com/:personal:/bannister/BannisterTools/obj/x64/Release
2026-09-28 06:16:44: Create Folder goodrive://www.googleapis.com/:personal:/bannister/BannisterTools/obj/x64/Release/net8.0-windows10.0.19041.0
2026-09-28 06:16:45: Copy New 'C:/rock/bannister/BannisterTools/bin/x64/Release/net8.0-windows10.0.19041.0/win-x64/zh-TW/Microsoft.ui.xaml.dll.mui' -> 'goodrive://www.googleapis.com/:personal:/bannister/BannisterTools/bin/x64/Release/net8.0-windows10.0.19041.0/win-x64/zh-TW/Microsoft.ui.xaml.dll.mui' (11,264)
2026-09-28 06:16:45: Create Folder goodrive://www.googleapis.com/:personal:/bannister/BannisterTools/obj/x64/Release/net8.0-windows10.0.19041.0/win-x64
2026-09-28 06:16:46: Copy New 'C:/rock/bannister/BannisterTools/bin/x64/Release/net8.0-windows10.0.19041.0/win-x64/zh-TW/Microsoft.UI.Xaml.Phone.dll.mui' -> 'goodrive://www.googleapis.com/:personal:/bannister/BannisterTools/bin/x64/Release/net8.0-windows10.0.19041.0/win-x64/zh-TW/Microsoft.UI.Xaml.Phone.dll.mui' (3,584)
2026-09-28 06:16:48: Copy New 'C:/rock/bannister/BannisterTools/obj/x64/Release/net8.0-windows10.0.19041.0/win-x64/.NETCoreApp,Version=v8.0.AssemblyAttributes.cs' -> 'goodrive://www.googleapis.com/:personal:/bannister/BannisterTools/obj/x64/Release/net8.0-windows10.0.19041.0/win-x64/.NETCoreApp,Version=v8.0.AssemblyAttributes.cs' (198)
2026-09-28 06:16:49: C:/rock/bannister/.vs/Bannister/v18/.suo: Source file has changed between Analyze and Sync from '[file] size=95,232 accu-time=2026-09-27 07:58:40 attr=Hidden,Archive,WArchive,WHidden cktype=0' to 'size=95,232 time=2026-09-28 06:06:56', noted in source file state
2026-09-28 06:16:49: Copy Over 'C:/rock/bannister/.vs/Bannister/v18/.suo' -> 'goodrive://www.googleapis.com/:personal:/bannister/.vs/Bannister/v18/.suo' (95,232)
2026-09-28 06:16:50: Copy Over 'C:/rock/bannister/.vs/Bannister/DesignTimeBuild/.dtbcache.v2' -> 'goodrive://www.googleapis.com/:personal:/bannister/.vs/Bannister/DesignTimeBuild/.dtbcache.v2' (280,337)
2026-09-28 06:16:51: C:/rock/bannister/.vs/Bannister/v18/DocumentLayout.backup.json: Source file has changed between Analyze and Sync from '[file] size=19,478 accu-time=2026-09-27 06:08:45 attr=Archive,WArchive cktype=0' to 'size=19,478 time=2026-09-28 05:31:45', noted in source file state
2026-09-28 06:16:51: Copy Over 'C:/rock/bannister/.vs/Bannister/v18/DocumentLayout.backup.json' -> 'goodrive://www.googleapis.com/:personal:/bannister/.vs/Bannister/v18/DocumentLayout.backup.json' (19,478)
2026-09-28 06:16:52: Copy New 'C:/rock/bannister/BannisterTools/obj/x64/Release/net8.0-windows10.0.19041.0/win-x64/apphost.exe' -> 'goodrive://www.googleapis.com/:personal:/bannister/BannisterTools/obj/x64/Release/net8.0-windows10.0.19041.0/win-x64/apphost.exe' (279,552)
2026-09-28 06:16:53: C:/rock/bannister/.vs/Bannister/v18/DocumentLayout.json: Source file has changed between Analyze and Sync from '[file] size=19,478 accu-time=2026-09-27 07:57:48 attr=Archive,WArchive cktype=0' to 'size=19,478 time=2026-09-28 06:06:54', noted in source file state
2026-09-28 06:16:53: Copy Over 'C:/rock/bannister/.vs/Bannister/v18/DocumentLayout.json' -> 'goodrive://www.googleapis.com/:personal:/bannister/.vs/Bannister/v18/DocumentLayout.json' (19,478)
2026-09-28 06:16:53: Copy New 'C:/rock/bannister/BannisterTools/obj/x64/Release/net8.0-windows10.0.19041.0/win-x64/Banniste.494C0034.Up2Date' -> 'goodrive://www.googleapis.com/:personal:/bannister/BannisterTools/obj/x64/Release/net8.0-windows10.0.19041.0/win-x64/Banniste.494C0034.Up2Date' (0)
2026-09-28 06:16:54: Copy New 'C:/rock/bannister/BannisterTools/obj/x64/Release/net8.0-windows10.0.19041.0/win-x64/BannisterTools.AssemblyInfo.cs' -> 'goodrive://www.googleapis.com/:personal:/bannister/BannisterTools/obj/x64/Release/net8.0-windows10.0.19041.0/win-x64/BannisterTools.AssemblyInfo.cs' (1,193)
2026-09-28 06:16:55: Copy New 'C:/rock/bannister/BannisterTools/obj/x64/Release/net8.0-windows10.0.19041.0/win-x64/BannisterTools.AssemblyInfoInputs.cache' -> 'goodrive://www.googleapis.com/:personal:/bannister/BannisterTools/obj/x64/Release/net8.0-windows10.0.19041.0/win-x64/BannisterTools.AssemblyInfoInputs.cache' (66)
2026-09-28 06:16:55: Copy New 'C:/rock/bannister/BannisterTools/obj/x64/Release/net8.0-windows10.0.19041.0/win-x64/BannisterTools.assets.cache' -> 'goodrive://www.googleapis.com/:personal:/bannister/BannisterTools/obj/x64/Release/net8.0-windows10.0.19041.0/win-x64/BannisterTools.assets.cache' (38,310)
2026-09-28 06:16:57: Copy New 'C:/rock/bannister/BannisterTools/obj/x64/Release/net8.0-windows10.0.19041.0/win-x64/BannisterTools.csproj.AssemblyReference.cache' -> 'goodrive://www.googleapis.com/:personal:/bannister/BannisterTools/obj/x64/Release/net8.0-windows10.0.19041.0/win-x64/BannisterTools.csproj.AssemblyReference.cache' (52,274)
2026-09-28 06:16:57: Copy New 'C:/rock/bannister/BannisterTools/obj/x64/Release/net8.0-windows10.0.19041.0/win-x64/BannisterTools.csproj.CoreCompileInputs.cache' -> 'goodrive://www.googleapis.com/:personal:/bannister/BannisterTools/obj/x64/Release/net8.0-windows10.0.19041.0/win-x64/BannisterTools.csproj.CoreCompileInputs.cache' (66)
2026-09-28 06:16:57: Copy New 'C:/rock/bannister/BannisterTools/obj/x64/Release/net8.0-windows10.0.19041.0/win-x64/BannisterTools.csproj.FileListAbsolute.txt' -> 'goodrive://www.googleapis.com/:personal:/bannister/BannisterTools/obj/x64/Release/net8.0-windows10.0.19041.0/win-x64/BannisterTools.csproj.FileListAbsolute.txt' (62,680)
2026-09-28 06:16:59: Copy New 'C:/rock/bannister/BannisterTools/obj/x64/Release/net8.0-windows10.0.19041.0/win-x64/BannisterTools.dll' -> 'goodrive://www.googleapis.com/:personal:/bannister/BannisterTools/obj/x64/Release/net8.0-windows10.0.19041.0/win-x64/BannisterTools.dll' (686,592)
2026-09-28 06:17:00: Copy New 'C:/rock/bannister/BannisterTools/obj/x64/Release/net8.0-windows10.0.19041.0/win-x64/BannisterTools.GeneratedMSBuildEditorConfig.editorconfig' -> 'goodrive://www.googleapis.com/:personal:/bannister/BannisterTools/obj/x64/Release/net8.0-windows10.0.19041.0/win-x64/BannisterTools.GeneratedMSBuildEditorConfig.editorconfig' (1,323)
2026-09-28 06:17:00: Copy New 'C:/rock/bannister/BannisterTools/obj/x64/Release/net8.0-windows10.0.19041.0/win-x64/BannisterTools.genruntimeconfig.cache' -> 'goodrive://www.googleapis.com/:personal:/bannister/BannisterTools/obj/x64/Release/net8.0-windows10.0.19041.0/win-x64/BannisterTools.genruntimeconfig.cache' (66)
2026-09-28 06:17:01: Copy New 'C:/rock/bannister/BannisterTools/obj/x64/Release/net8.0-windows10.0.19041.0/win-x64/BannisterTools.GlobalUsings.g.cs' -> 'goodrive://www.googleapis.com/:personal:/bannister/BannisterTools/obj/x64/Release/net8.0-windows10.0.19041.0/win-x64/BannisterTools.GlobalUsings.g.cs' (1,230)
2026-09-28 06:17:02: Copy New 'C:/rock/bannister/BannisterTools/obj/x64/Release/net8.0-windows10.0.19041.0/win-x64/BannisterTools.pdb' -> 'goodrive://www.googleapis.com/:personal:/bannister/BannisterTools/obj/x64/Release/net8.0-windows10.0.19041.0/win-x64/BannisterTools.pdb' (140,824)
2026-09-28 06:17:02: Create Folder goodrive://www.googleapis.com/:personal:/bannister/BannisterTools/obj/x64/Release/net8.0-windows10.0.19041.0/win-x64/embed
2026-09-28 06:17:02: Copy New 'C:/rock/bannister/BannisterTools/obj/x64/Release/net8.0-windows10.0.19041.0/win-x64/BannisterTools.sourcelink.json' -> 'goodrive://www.googleapis.com/:personal:/bannister/BannisterTools/obj/x64/Release/net8.0-windows10.0.19041.0/win-x64/BannisterTools.sourcelink.json' (141)
2026-09-28 06:17:04: Copy New 'C:/rock/bannister/BannisterTools/obj/x64/Release/net8.0-windows10.0.19041.0/win-x64/excluded.layout.resfiles' -> 'goodrive://www.googleapis.com/:personal:/bannister/BannisterTools/obj/x64/Release/net8.0-windows10.0.19041.0/win-x64/excluded.layout.resfiles' (0)
2026-09-28 06:17:04: Copy New 'C:/rock/bannister/BannisterTools/obj/x64/Release/net8.0-windows10.0.19041.0/win-x64/excluded.layout.resfiles.intermediate' -> 'goodrive://www.googleapis.com/:personal:/bannister/BannisterTools/obj/x64/Release/net8.0-windows10.0.19041.0/win-x64/excluded.layout.resfiles.intermediate' (0)
2026-09-28 06:17:05: Create Folder goodrive://www.googleapis.com/:personal:/bannister/BannisterTools/obj/x64/Release/net8.0-windows10.0.19041.0/win-x64/embed/Platforms
2026-09-28 06:17:05: Copy New 'C:/rock/bannister/BannisterTools/obj/x64/Release/net8.0-windows10.0.19041.0/win-x64/embed/embed.resfiles' -> 'goodrive://www.googleapis.com/:personal:/bannister/BannisterTools/obj/x64/Release/net8.0-windows10.0.19041.0/win-x64/embed/embed.resfiles' (27)
2026-09-28 06:17:06: Create Folder goodrive://www.googleapis.com/:personal:/bannister/BannisterTools/obj/x64/Release/net8.0-windows10.0.19041.0/win-x64/embed/Platforms/Windows
2026-09-28 06:17:06: Copy New 'C:/rock/bannister/BannisterTools/obj/x64/Release/net8.0-windows10.0.19041.0/win-x64/embed/embed.resfiles.intermediate' -> 'goodrive://www.googleapis.com/:personal:/bannister/BannisterTools/obj/x64/Release/net8.0-windows10.0.19041.0/win-x64/embed/embed.resfiles.intermediate' (27)
2026-09-28 06:17:07: Copy New 'C:/rock/bannister/BannisterTools/obj/x64/Release/net8.0-windows10.0.19041.0/win-x64/filtered.layout.resfiles' -> 'goodrive://www.googleapis.com/:personal:/bannister/BannisterTools/obj/x64/Release/net8.0-windows10.0.19041.0/win-x64/filtered.layout.resfiles' (0)
2026-09-28 06:17:08: Copy New 'C:/rock/bannister/BannisterTools/obj/x64/Release/net8.0-windows10.0.19041.0/win-x64/filtered.layout.resfiles.intermediate' -> 'goodrive://www.googleapis.com/:personal:/bannister/BannisterTools/obj/x64/Release/net8.0-windows10.0.19041.0/win-x64/filtered.layout.resfiles.intermediate' (0)
2026-09-28 06:17:09: Copy New 'C:/rock/bannister/BannisterTools/obj/x64/Release/net8.0-windows10.0.19041.0/win-x64/embed/Platforms/Windows/App.xbf' -> 'goodrive://www.googleapis.com/:personal:/bannister/BannisterTools/obj/x64/Release/net8.0-windows10.0.19041.0/win-x64/embed/Platforms/Windows/App.xbf' (665)
2026-09-28 06:17:09: Create Folder goodrive://www.googleapis.com/:personal:/bannister/BannisterTools/obj/x64/Release/net8.0-windows10.0.19041.0/win-x64/intermediatexaml
2026-09-28 06:17:09: Create Folder goodrive://www.googleapis.com/:personal:/bannister/BannisterTools/obj/x64/Release/net8.0-windows10.0.19041.0/win-x64/Manifests
2026-09-28 06:17:10: Copy New 'C:/rock/bannister/BannisterTools/obj/x64/Release/net8.0-windows10.0.19041.0/win-x64/input.json' -> 'goodrive://www.googleapis.com/:personal:/bannister/BannisterTools/obj/x64/Release/net8.0-windows10.0.19041.0/win-x64/input.json' (100,605)
2026-09-28 06:17:11: Copy New 'C:/rock/bannister/BannisterTools/obj/x64/Release/net8.0-windows10.0.19041.0/win-x64/mauifont.stamp' -> 'goodrive://www.googleapis.com/:personal:/bannister/BannisterTools/obj/x64/Release/net8.0-windows10.0.19041.0/win-x64/mauifont.stamp' (0)
2026-09-28 06:17:12: Copy New 'C:/rock/bannister/BannisterTools/obj/x64/Release/net8.0-windows10.0.19041.0/win-x64/intermediatexaml/BannisterTools.dll' -> 'goodrive://www.googleapis.com/:personal:/bannister/BannisterTools/obj/x64/Release/net8.0-windows10.0.19041.0/win-x64/intermediatexaml/BannisterTools.dll' (577,536)
2026-09-28 06:17:12: Copy New 'C:/rock/bannister/BannisterTools/obj/x64/Release/net8.0-windows10.0.19041.0/win-x64/Manifests/app.manifest' -> 'goodrive://www.googleapis.com/:personal:/bannister/BannisterTools/obj/x64/Release/net8.0-windows10.0.19041.0/win-x64/Manifests/app.manifest' (128,272)
2026-09-28 06:17:13: Copy New 'C:/rock/bannister/BannisterTools/obj/x64/Release/net8.0-windows10.0.19041.0/win-x64/Manifests/WindowsAppSDK.manifest' -> 'goodrive://www.googleapis.com/:personal:/bannister/BannisterTools/obj/x64/Release/net8.0-windows10.0.19041.0/win-x64/Manifests/WindowsAppSDK.manifest' (104,989)
2026-09-28 06:17:14: Copy New 'C:/rock/bannister/BannisterTools/obj/x64/Release/net8.0-windows10.0.19041.0/win-x64/intermediatexaml/BannisterTools.pdb' -> 'goodrive://www.googleapis.com/:personal:/bannister/BannisterTools/obj/x64/Release/net8.0-windows10.0.19041.0/win-x64/intermediatexaml/BannisterTools.pdb' (111,120)
2026-09-28 06:17:14: Copy New 'C:/rock/bannister/BannisterTools/obj/x64/Release/net8.0-windows10.0.19041.0/win-x64/mauiimage.outputs' -> 'goodrive://www.googleapis.com/:personal:/bannister/BannisterTools/obj/x64/Release/net8.0-windows10.0.19041.0/win-x64/mauiimage.outputs' (0)
2026-09-28 06:17:15: Create Folder goodrive://www.googleapis.com/:personal:/bannister/BannisterTools/obj/x64/Release/net8.0-windows10.0.19041.0/win-x64/MsixContent
2026-09-28 06:17:15: Copy New 'C:/rock/bannister/BannisterTools/obj/x64/Release/net8.0-windows10.0.19041.0/win-x64/mauiimage.stamp' -> 'goodrive://www.googleapis.com/:personal:/bannister/BannisterTools/obj/x64/Release/net8.0-windows10.0.19041.0/win-x64/mauiimage.stamp' (0)
2026-09-28 06:17:16: Copy New 'C:/rock/bannister/BannisterTools/obj/x64/Release/net8.0-windows10.0.19041.0/win-x64/mauisplash.stamp' -> 'goodrive://www.googleapis.com/:personal:/bannister/BannisterTools/obj/x64/Release/net8.0-windows10.0.19041.0/win-x64/mauisplash.stamp' (0)
2026-09-28 06:17:17: Create Folder goodrive://www.googleapis.com/:personal:/bannister/BannisterTools/obj/x64/Release/net8.0-windows10.0.19041.0/win-x64/MsixContent/af-ZA
2026-09-28 06:17:17: Copy New 'C:/rock/bannister/BannisterTools/obj/x64/Release/net8.0-windows10.0.19041.0/win-x64/MultipleQualifiersPerDimensionFound.txt' -> 'goodrive://www.googleapis.com/:personal:/bannister/BannisterTools/obj/x64/Release/net8.0-windows10.0.19041.0/win-x64/MultipleQualifiersPerDimensionFound.txt' (5)
2026-09-28 06:17:18: Copy New 'C:/rock/bannister/BannisterTools/obj/x64/Release/net8.0-windows10.0.19041.0/win-x64/MsixContent/[Content_Types].xml' -> 'goodrive://www.googleapis.com/:personal:/bannister/BannisterTools/obj/x64/Release/net8.0-windows10.0.19041.0/win-x64/MsixContent/[Content_Types].xml' (1,180)
2026-09-28 06:17:18: Create Folder goodrive://www.googleapis.com/:personal:/bannister/BannisterTools/obj/x64/Release/net8.0-windows10.0.19041.0/win-x64/MsixContent/am-ET
2026-09-28 06:17:20: Copy New 'C:/rock/bannister/BannisterTools/obj/x64/Release/net8.0-windows10.0.19041.0/win-x64/MsixContent/af-ZA/Microsoft.ui.xaml.dll.mui' -> 'goodrive://www.googleapis.com/:personal:/bannister/BannisterTools/obj/x64/Release/net8.0-windows10.0.19041.0/win-x64/MsixContent/af-ZA/Microsoft.ui.xaml.dll.mui' (16,384)
2026-09-28 06:17:20: Copy New 'C:/rock/bannister/BannisterTools/obj/x64/Release/net8.0-windows10.0.19041.0/win-x64/MsixContent/AppxBlockMap.xml' -> 'goodrive://www.googleapis.com/:personal:/bannister/BannisterTools/obj/x64/Release/net8.0-windows10.0.19041.0/win-x64/MsixContent/AppxBlockMap.xml' (98,058)
2026-09-28 06:17:20: Copy New 'C:/rock/bannister/BannisterTools/obj/x64/Release/net8.0-windows10.0.19041.0/win-x64/MsixContent/af-ZA/Microsoft.UI.Xaml.Phone.dll.mui' -> 'goodrive://www.googleapis.com/:personal:/bannister/BannisterTools/obj/x64/Release/net8.0-windows10.0.19041.0/win-x64/MsixContent/af-ZA/Microsoft.UI.Xaml.Phone.dll.mui' (4,096)
2026-09-28 06:17:22: Copy New 'C:/rock/bannister/BannisterTools/obj/x64/Release/net8.0-windows10.0.19041.0/win-x64/MsixContent/am-ET/Microsoft.ui.xaml.dll.mui' -> 'goodrive://www.googleapis.com/:personal:/bannister/BannisterTools/obj/x64/Release/net8.0-windows10.0.19041.0/win-x64/MsixContent/am-ET/Microsoft.ui.xaml.dll.mui' (13,824)
2026-09-28 06:17:22: Copy New 'C:/rock/bannister/BannisterTools/obj/x64/Release/net8.0-windows10.0.19041.0/win-x64/MsixContent/am-ET/Microsoft.UI.Xaml.Phone.dll.mui' -> 'goodrive://www.googleapis.com/:personal:/bannister/BannisterTools/obj/x64/Release/net8.0-windows10.0.19041.0/win-x64/MsixContent/am-ET/Microsoft.UI.Xaml.Phone.dll.mui' (3,584)
2026-09-28 06:17:22: Copy New 'C:/rock/bannister/BannisterTools/obj/x64/Release/net8.0-windows10.0.19041.0/win-x64/MsixContent/AppxManifest.xml' -> 'goodrive://www.googleapis.com/:personal:/bannister/BannisterTools/obj/x64/Release/net8.0-windows10.0.19041.0/win-x64/MsixContent/AppxManifest.xml' (118,278)
2026-09-28 06:17:23: Create Folder goodrive://www.googleapis.com/:personal:/bannister/BannisterTools/obj/x64/Release/net8.0-windows10.0.19041.0/win-x64/MsixContent/AppxMetadata
2026-09-28 06:17:23: Create Folder goodrive://www.googleapis.com/:personal:/bannister/BannisterTools/obj/x64/Release/net8.0-windows10.0.19041.0/win-x64/MsixContent/ar-SA
2026-09-28 06:17:24: Copy New 'C:/rock/bannister/BannisterTools/obj/x64/Release/net8.0-windows10.0.19041.0/win-x64/MsixContent/AppxSignature.p7x' -> 'goodrive://www.googleapis.com/:personal:/bannister/BannisterTools/obj/x64/Release/net8.0-windows10.0.19041.0/win-x64/MsixContent/AppxSignature.p7x' (12,140)
2026-09-28 06:17:24: Create Folder goodrive://www.googleapis.com/:personal:/bannister/BannisterTools/obj/x64/Release/net8.0-windows10.0.19041.0/win-x64/MsixContent/as-IN
2026-09-28 06:17:25: Copy New 'C:/rock/bannister/BannisterTools/obj/x64/Release/net8.0-windows10.0.19041.0/win-x64/MsixContent/AppxMetadata/CodeIntegrity.cat' -> 'goodrive://www.googleapis.com/:personal:/bannister/BannisterTools/obj/x64/Release/net8.0-windows10.0.19041.0/win-x64/MsixContent/AppxMetadata/CodeIntegrity.cat' (56,097)
2026-09-28 06:17:27: Copy New 'C:/rock/bannister/BannisterTools/obj/x64/Release/net8.0-windows10.0.19041.0/win-x64/MsixContent/ar-SA/Microsoft.UI.Xaml.Phone.dll.mui' -> 'goodrive://www.googleapis.com/:personal:/bannister/BannisterTools/obj/x64/Release/net8.0-windows10.0.19041.0/win-x64/MsixContent/ar-SA/Microsoft.UI.Xaml.Phone.dll.mui' (4,096)
2026-09-28 06:17:27: Copy New 'C:/rock/bannister/BannisterTools/obj/x64/Release/net8.0-windows10.0.19041.0/win-x64/MsixContent/ar-SA/Microsoft.ui.xaml.dll.mui' -> 'goodrive://www.googleapis.com/:personal:/bannister/BannisterTools/obj/x64/Release/net8.0-windows10.0.19041.0/win-x64/MsixContent/ar-SA/Microsoft.ui.xaml.dll.mui' (16,896)
2026-09-28 06:17:27: Copy New 'C:/rock/bannister/BannisterTools/obj/x64/Release/net8.0-windows10.0.19041.0/win-x64/MsixContent/as-IN/Microsoft.ui.xaml.dll.mui' -> 'goodrive://www.googleapis.com/:personal:/bannister/BannisterTools/obj/x64/Release/net8.0-windows10.0.19041.0/win-x64/MsixContent/as-IN/Microsoft.ui.xaml.dll.mui' (16,384)
2026-09-28 06:17:28: Create Folder goodrive://www.googleapis.com/:personal:/bannister/BannisterTools/obj/x64/Release/net8.0-windows10.0.19041.0/win-x64/MsixContent/az-Latn-AZ
2026-09-28 06:17:28: Create Folder goodrive://www.googleapis.com/:personal:/bannister/BannisterTools/obj/x64/Release/net8.0-windows10.0.19041.0/win-x64/MsixContent/bg-BG
2026-09-28 06:17:28: Create Folder goodrive://www.googleapis.com/:personal:/bannister/BannisterTools/obj/x64/Release/net8.0-windows10.0.19041.0/win-x64/MsixContent/bn-IN
2026-09-28 06:17:30: Copy New 'C:/rock/bannister/BannisterTools/obj/x64/Release/net8.0-windows10.0.19041.0/win-x64/MsixContent/as-IN/Microsoft.UI.Xaml.Phone.dll.mui' -> 'goodrive://www.googleapis.com/:personal:/bannister/BannisterTools/obj/x64/Release/net8.0-windows10.0.19041.0/win-x64/MsixContent/as-IN/Microsoft.UI.Xaml.Phone.dll.mui' (4,096)
2026-09-28 06:17:31: Copy New 'C:/rock/bannister/BannisterTools/obj/x64/Release/net8.0-windows10.0.19041.0/win-x64/MsixContent/bg-BG/Microsoft.ui.xaml.dll.mui' -> 'goodrive://www.googleapis.com/:personal:/bannister/BannisterTools/obj/x64/Release/net8.0-windows10.0.19041.0/win-x64/MsixContent/bg-BG/Microsoft.ui.xaml.dll.mui' (18,432)
2026-09-28 06:17:31: Copy New 'C:/rock/bannister/BannisterTools/obj/x64/Release/net8.0-windows10.0.19041.0/win-x64/MsixContent/az-Latn-AZ/Microsoft.ui.xaml.dll.mui' -> 'goodrive://www.googleapis.com/:personal:/bannister/BannisterTools/obj/x64/Release/net8.0-windows10.0.19041.0/win-x64/MsixContent/az-Latn-AZ/Microsoft.ui.xaml.dll.mui' (16,896)
2026-09-28 06:17:32: Copy New 'C:/rock/bannister/BannisterTools/obj/x64/Release/net8.0-windows10.0.19041.0/win-x64/MsixContent/bn-IN/Microsoft.ui.xaml.dll.mui' -> 'goodrive://www.googleapis.com/:personal:/bannister/BannisterTools/obj/x64/Release/net8.0-windows10.0.19041.0/win-x64/MsixContent/bn-IN/Microsoft.ui.xaml.dll.mui' (16,896)
2026-09-28 06:17:33: Copy New 'C:/rock/bannister/BannisterTools/obj/x64/Release/net8.0-windows10.0.19041.0/win-x64/MsixContent/bg-BG/Microsoft.UI.Xaml.Phone.dll.mui' -> 'goodrive://www.googleapis.com/:personal:/bannister/BannisterTools/obj/x64/Release/net8.0-windows10.0.19041.0/win-x64/MsixContent/bg-BG/Microsoft.UI.Xaml.Phone.dll.mui' (4,096)
2026-09-28 06:17:33: Copy New 'C:/rock/bannister/BannisterTools/obj/x64/Release/net8.0-windows10.0.19041.0/win-x64/MsixContent/bn-IN/Microsoft.UI.Xaml.Phone.dll.mui' -> 'goodrive://www.googleapis.com/:personal:/bannister/BannisterTools/obj/x64/Release/net8.0-windows10.0.19041.0/win-x64/MsixContent/bn-IN/Microsoft.UI.Xaml.Phone.dll.mui' (4,096)
2026-09-28 06:17:33: Create Folder goodrive://www.googleapis.com/:personal:/bannister/BannisterTools/obj/x64/Release/net8.0-windows10.0.19041.0/win-x64/MsixContent/bs-Latn-BA
2026-09-28 06:17:34: Create Folder goodrive://www.googleapis.com/:personal:/bannister/BannisterTools/obj/x64/Release/net8.0-windows10.0.19041.0/win-x64/MsixContent/ca-ES
2026-09-28 06:17:34: Create Folder goodrive://www.googleapis.com/:personal:/bannister/BannisterTools/obj/x64/Release/net8.0-windows10.0.19041.0/win-x64/MsixContent/ca-Es-VALENCIA
2026-09-28 06:17:35: Copy New 'C:/rock/bannister/BannisterTools/obj/x64/Release/net8.0-windows10.0.19041.0/win-x64/MsixContent/az-Latn-AZ/Microsoft.UI.Xaml.Phone.dll.mui' -> 'goodrive://www.googleapis.com/:personal:/bannister/BannisterTools/obj/x64/Release/net8.0-windows10.0.19041.0/win-x64/MsixContent/az-Latn-AZ/Microsoft.UI.Xaml.Phone.dll.mui' (4,096)
2026-09-28 06:17:36: Copy New 'C:/rock/bannister/BannisterTools/obj/x64/Release/net8.0-windows10.0.19041.0/win-x64/MsixContent/ca-ES/Microsoft.ui.xaml.dll.mui' -> 'goodrive://www.googleapis.com/:personal:/bannister/BannisterTools/obj/x64/Release/net8.0-windows10.0.19041.0/win-x64/MsixContent/ca-ES/Microsoft.ui.xaml.dll.mui' (17,920)
2026-09-28 06:17:37: Copy New 'C:/rock/bannister/BannisterTools/obj/x64/Release/net8.0-windows10.0.19041.0/win-x64/MsixContent/bs-Latn-BA/Microsoft.ui.xaml.dll.mui' -> 'goodrive://www.googleapis.com/:personal:/bannister/BannisterTools/obj/x64/Release/net8.0-windows10.0.19041.0/win-x64/MsixContent/bs-Latn-BA/Microsoft.ui.xaml.dll.mui' (17,408)
2026-09-28 06:17:38: Copy New 'C:/rock/bannister/BannisterTools/obj/x64/Release/net8.0-windows10.0.19041.0/win-x64/MsixContent/ca-Es-VALENCIA/Microsoft.ui.xaml.dll.mui' -> 'goodrive://www.googleapis.com/:personal:/bannister/BannisterTools/obj/x64/Release/net8.0-windows10.0.19041.0/win-x64/MsixContent/ca-Es-VALENCIA/Microsoft.ui.xaml.dll.mui' (17,920)
2026-09-28 06:17:38: Copy New 'C:/rock/bannister/BannisterTools/obj/x64/Release/net8.0-windows10.0.19041.0/win-x64/MsixContent/ca-Es-VALENCIA/Microsoft.UI.Xaml.Phone.dll.mui' -> 'goodrive://www.googleapis.com/:personal:/bannister/BannisterTools/obj/x64/Release/net8.0-windows10.0.19041.0/win-x64/MsixContent/ca-Es-VALENCIA/Microsoft.UI.Xaml.Phone.dll.mui' (4,096)
2026-09-28 06:17:39: Copy New 'C:/rock/bannister/BannisterTools/obj/x64/Release/net8.0-windows10.0.19041.0/win-x64/MsixContent/ca-ES/Microsoft.UI.Xaml.Phone.dll.mui' -> 'goodrive://www.googleapis.com/:personal:/bannister/BannisterTools/obj/x64/Release/net8.0-windows10.0.19041.0/win-x64/MsixContent/ca-ES/Microsoft.UI.Xaml.Phone.dll.mui' (4,096)
2026-09-28 06:17:40: Create Folder goodrive://www.googleapis.com/:personal:/bannister/BannisterTools/obj/x64/Release/net8.0-windows10.0.19041.0/win-x64/MsixContent/cs-CZ
2026-09-28 06:17:40: Copy New 'C:/rock/bannister/BannisterTools/obj/x64/Release/net8.0-windows10.0.19041.0/win-x64/MsixContent/bs-Latn-BA/Microsoft.UI.Xaml.Phone.dll.mui' -> 'goodrive://www.googleapis.com/:personal:/bannister/BannisterTools/obj/x64/Release/net8.0-windows10.0.19041.0/win-x64/MsixContent/bs-Latn-BA/Microsoft.UI.Xaml.Phone.dll.mui' (4,096)
2026-09-28 06:17:40: Create Folder goodrive://www.googleapis.com/:personal:/bannister/BannisterTools/obj/x64/Release/net8.0-windows10.0.19041.0/win-x64/MsixContent/cy-GB
2026-09-28 06:17:40: Copy New 'C:/rock/bannister/BannisterTools/obj/x64/Release/net8.0-windows10.0.19041.0/win-x64/MsixContent/CoreMessagingXP.dll' -> 'goodrive://www.googleapis.com/:personal:/bannister/BannisterTools/obj/x64/Release/net8.0-windows10.0.19041.0/win-x64/MsixContent/CoreMessagingXP.dll' (1,042,352)
2026-09-28 06:17:42: Copy New 'C:/rock/bannister/BannisterTools/obj/x64/Release/net8.0-windows10.0.19041.0/win-x64/MsixContent/cs-CZ/Microsoft.ui.xaml.dll.mui' -> 'goodrive://www.googleapis.com/:personal:/bannister/BannisterTools/obj/x64/Release/net8.0-windows10.0.19041.0/win-x64/MsixContent/cs-CZ/Microsoft.ui.xaml.dll.mui' (16,896)
2026-09-28 06:17:42: Copy New 'C:/rock/bannister/BannisterTools/obj/x64/Release/net8.0-windows10.0.19041.0/win-x64/MsixContent/cs-CZ/Microsoft.UI.Xaml.Phone.dll.mui' -> 'goodrive://www.googleapis.com/:personal:/bannister/BannisterTools/obj/x64/Release/net8.0-windows10.0.19041.0/win-x64/MsixContent/cs-CZ/Microsoft.UI.Xaml.Phone.dll.mui' (4,096)
2026-09-28 06:17:43: Create Folder goodrive://www.googleapis.com/:personal:/bannister/BannisterTools/obj/x64/Release/net8.0-windows10.0.19041.0/win-x64/MsixContent/da-DK
2026-09-28 06:17:43: > Copy New 'C:/rock/bannister/BannisterTools/obj/x64/Release/net8.0-windows10.0.19041.0/win-x64/MsixContent/dcompi.dll' -> 'goodrive://www.googleapis.com/:personal:/bannister/BannisterTools/obj/x64/Release/net8.0-windows10.0.19041.0/win-x64/MsixContent/dcompi.dll' (1,820,592)
2026-09-28 06:17:43: Copy New 'C:/rock/bannister/BannisterTools/obj/x64/Release/net8.0-windows10.0.19041.0/win-x64/MsixContent/cy-GB/Microsoft.ui.xaml.dll.mui' -> 'goodrive://www.googleapis.com/:personal:/bannister/BannisterTools/obj/x64/Release/net8.0-windows10.0.19041.0/win-x64/MsixContent/cy-GB/Microsoft.ui.xaml.dll.mui' (16,384)
2026-09-28 06:17:44: Copy New 'C:/rock/bannister/BannisterTools/obj/x64/Release/net8.0-windows10.0.19041.0/win-x64/MsixContent/cy-GB/Microsoft.UI.Xaml.Phone.dll.mui' -> 'goodrive://www.googleapis.com/:personal:/bannister/BannisterTools/obj/x64/Release/net8.0-windows10.0.19041.0/win-x64/MsixContent/cy-GB/Microsoft.UI.Xaml.Phone.dll.mui' (4,096)
2026-09-28 06:17:45: < Copy New 'C:/rock/bannister/BannisterTools/obj/x64/Release/net8.0-windows10.0.19041.0/win-x64/MsixContent/dcompi.dll' -> 'goodrive://www.googleapis.com/:personal:/bannister/BannisterTools/obj/x64/Release/net8.0-windows10.0.19041.0/win-x64/MsixContent/dcompi.dll' (1,820,592)
2026-09-28 06:17:45: Create Folder goodrive://www.googleapis.com/:personal:/bannister/BannisterTools/obj/x64/Release/net8.0-windows10.0.19041.0/win-x64/MsixContent/de-DE
2026-09-28 06:17:46: Copy New 'C:/rock/bannister/BannisterTools/obj/x64/Release/net8.0-windows10.0.19041.0/win-x64/MsixContent/da-DK/Microsoft.ui.xaml.dll.mui' -> 'goodrive://www.googleapis.com/:personal:/bannister/BannisterTools/obj/x64/Release/net8.0-windows10.0.19041.0/win-x64/MsixContent/da-DK/Microsoft.ui.xaml.dll.mui' (16,384)
2026-09-28 06:17:46: Copy New 'C:/rock/bannister/BannisterTools/obj/x64/Release/net8.0-windows10.0.19041.0/win-x64/MsixContent/da-DK/Microsoft.UI.Xaml.Phone.dll.mui' -> 'goodrive://www.googleapis.com/:personal:/bannister/BannisterTools/obj/x64/Release/net8.0-windows10.0.19041.0/win-x64/MsixContent/da-DK/Microsoft.UI.Xaml.Phone.dll.mui' (4,096)
2026-09-28 06:17:48: Copy New 'C:/rock/bannister/BannisterTools/obj/x64/Release/net8.0-windows10.0.19041.0/win-x64/MsixContent/DeploymentAgent.exe' -> 'goodrive://www.googleapis.com/:personal:/bannister/BannisterTools/obj/x64/Release/net8.0-windows10.0.19041.0/win-x64/MsixContent/DeploymentAgent.exe' (108,576)
2026-09-28 06:17:48: Copy New 'C:/rock/bannister/BannisterTools/obj/x64/Release/net8.0-windows10.0.19041.0/win-x64/MsixContent/de-DE/Microsoft.ui.xaml.dll.mui' -> 'goodrive://www.googleapis.com/:personal:/bannister/BannisterTools/obj/x64/Release/net8.0-windows10.0.19041.0/win-x64/MsixContent/de-DE/Microsoft.ui.xaml.dll.mui' (17,408)
2026-09-28 06:17:48: > Copy New 'C:/rock/bannister/BannisterTools/obj/x64/Release/net8.0-windows10.0.19041.0/win-x64/MsixContent/dwmcorei.dll' -> 'goodrive://www.googleapis.com/:personal:/bannister/BannisterTools/obj/x64/Release/net8.0-windows10.0.19041.0/win-x64/MsixContent/dwmcorei.dll' (3,016,624)
2026-09-28 06:17:48: Copy New 'C:/rock/bannister/BannisterTools/obj/x64/Release/net8.0-windows10.0.19041.0/win-x64/MsixContent/de-DE/Microsoft.UI.Xaml.Phone.dll.mui' -> 'goodrive://www.googleapis.com/:personal:/bannister/BannisterTools/obj/x64/Release/net8.0-windows10.0.19041.0/win-x64/MsixContent/de-DE/Microsoft.UI.Xaml.Phone.dll.mui' (4,096)
2026-09-28 06:17:48: > Copy New 'C:/rock/bannister/BannisterTools/obj/x64/Release/net8.0-windows10.0.19041.0/win-x64/MsixContent/DwmSceneI.dll' -> 'goodrive://www.googleapis.com/:personal:/bannister/BannisterTools/obj/x64/Release/net8.0-windows10.0.19041.0/win-x64/MsixContent/DwmSceneI.dll' (2,365,472)
2026-09-28 06:17:48: > Copy New 'C:/rock/bannister/BannisterTools/obj/x64/Release/net8.0-windows10.0.19041.0/win-x64/MsixContent/DWriteCore.dll' -> 'goodrive://www.googleapis.com/:personal:/bannister/BannisterTools/obj/x64/Release/net8.0-windows10.0.19041.0/win-x64/MsixContent/DWriteCore.dll' (3,043,880)
2026-09-28 06:17:51: < Copy New 'C:/rock/bannister/BannisterTools/obj/x64/Release/net8.0-windows10.0.19041.0/win-x64/MsixContent/DwmSceneI.dll' -> 'goodrive://www.googleapis.com/:personal:/bannister/BannisterTools/obj/x64/Release/net8.0-windows10.0.19041.0/win-x64/MsixContent/DwmSceneI.dll' (2,365,472)
2026-09-28 06:17:51: < Copy New 'C:/rock/bannister/BannisterTools/obj/x64/Release/net8.0-windows10.0.19041.0/win-x64/MsixContent/dwmcorei.dll' -> 'goodrive://www.googleapis.com/:personal:/bannister/BannisterTools/obj/x64/Release/net8.0-windows10.0.19041.0/win-x64/MsixContent/dwmcorei.dll' (3,016,624)
2026-09-28 06:17:51: < Copy New 'C:/rock/bannister/BannisterTools/obj/x64/Release/net8.0-windows10.0.19041.0/win-x64/MsixContent/DWriteCore.dll' -> 'goodrive://www.googleapis.com/:personal:/bannister/BannisterTools/obj/x64/Release/net8.0-windows10.0.19041.0/win-x64/MsixContent/DWriteCore.dll' (3,043,880)
2026-09-28 06:17:51: Create Folder goodrive://www.googleapis.com/:personal:/bannister/BannisterTools/obj/x64/Release/net8.0-windows10.0.19041.0/win-x64/MsixContent/el-GR
2026-09-28 06:17:52: Create Folder goodrive://www.googleapis.com/:personal:/bannister/BannisterTools/obj/x64/Release/net8.0-windows10.0.19041.0/win-x64/MsixContent/en-GB
2026-09-28 06:17:52: Create Folder goodrive://www.googleapis.com/:personal:/bannister/BannisterTools/obj/x64/Release/net8.0-windows10.0.19041.0/win-x64/MsixContent/en-us
2026-09-28 06:17:52: Create Folder goodrive://www.googleapis.com/:personal:/bannister/BannisterTools/obj/x64/Release/net8.0-windows10.0.19041.0/win-x64/MsixContent/es-ES
2026-09-28 06:17:54: Copy New 'C:/rock/bannister/BannisterTools/obj/x64/Release/net8.0-windows10.0.19041.0/win-x64/MsixContent/el-GR/Microsoft.ui.xaml.dll.mui' -> 'goodrive://www.googleapis.com/:personal:/bannister/BannisterTools/obj/x64/Release/net8.0-windows10.0.19041.0/win-x64/MsixContent/el-GR/Microsoft.ui.xaml.dll.mui' (18,432)
2026-09-28 06:17:54: Copy New 'C:/rock/bannister/BannisterTools/obj/x64/Release/net8.0-windows10.0.19041.0/win-x64/MsixContent/en-us/Microsoft.ui.xaml.dll.mui' -> 'goodrive://www.googleapis.com/:personal:/bannister/BannisterTools/obj/x64/Release/net8.0-windows10.0.19041.0/win-x64/MsixContent/en-us/Microsoft.ui.xaml.dll.mui' (15,360)
2026-09-28 06:17:55: Copy New 'C:/rock/bannister/BannisterTools/obj/x64/Release/net8.0-windows10.0.19041.0/win-x64/MsixContent/en-GB/Microsoft.ui.xaml.dll.mui' -> 'goodrive://www.googleapis.com/:personal:/bannister/BannisterTools/obj/x64/Release/net8.0-windows10.0.19041.0/win-x64/MsixContent/en-GB/Microsoft.ui.xaml.dll.mui' (15,360)
2026-09-28 06:17:57: Copy New 'C:/rock/bannister/BannisterTools/obj/x64/Release/net8.0-windows10.0.19041.0/win-x64/MsixContent/es-ES/Microsoft.ui.xaml.dll.mui' -> 'goodrive://www.googleapis.com/:personal:/bannister/BannisterTools/obj/x64/Release/net8.0-windows10.0.19041.0/win-x64/MsixContent/es-ES/Microsoft.ui.xaml.dll.mui' (17,920)
2026-09-28 06:17:57: Copy New 'C:/rock/bannister/BannisterTools/obj/x64/Release/net8.0-windows10.0.19041.0/win-x64/MsixContent/en-us/Microsoft.UI.Xaml.Phone.dll.mui' -> 'goodrive://www.googleapis.com/:personal:/bannister/BannisterTools/obj/x64/Release/net8.0-windows10.0.19041.0/win-x64/MsixContent/en-us/Microsoft.UI.Xaml.Phone.dll.mui' (4,096)
2026-09-28 06:17:57: Copy New 'C:/rock/bannister/BannisterTools/obj/x64/Release/net8.0-windows10.0.19041.0/win-x64/MsixContent/es-ES/Microsoft.UI.Xaml.Phone.dll.mui' -> 'goodrive://www.googleapis.com/:personal:/bannister/BannisterTools/obj/x64/Release/net8.0-windows10.0.19041.0/win-x64/MsixContent/es-ES/Microsoft.UI.Xaml.Phone.dll.mui' (4,096)
2026-09-28 06:17:57: Create Folder goodrive://www.googleapis.com/:personal:/bannister/BannisterTools/obj/x64/Release/net8.0-windows10.0.19041.0/win-x64/MsixContent/es-MX
2026-09-28 06:17:58: Create Folder goodrive://www.googleapis.com/:personal:/bannister/BannisterTools/obj/x64/Release/net8.0-windows10.0.19041.0/win-x64/MsixContent/et-EE
2026-09-28 06:17:59: Copy New 'C:/rock/bannister/BannisterTools/obj/x64/Release/net8.0-windows10.0.19041.0/win-x64/MsixContent/en-GB/Microsoft.UI.Xaml.Phone.dll.mui' -> 'goodrive://www.googleapis.com/:personal:/bannister/BannisterTools/obj/x64/Release/net8.0-windows10.0.19041.0/win-x64/MsixContent/en-GB/Microsoft.UI.Xaml.Phone.dll.mui' (4,096)
2026-09-28 06:17:59: Copy New 'C:/rock/bannister/BannisterTools/obj/x64/Release/net8.0-windows10.0.19041.0/win-x64/MsixContent/el-GR/Microsoft.UI.Xaml.Phone.dll.mui' -> 'goodrive://www.googleapis.com/:personal:/bannister/BannisterTools/obj/x64/Release/net8.0-windows10.0.19041.0/win-x64/MsixContent/el-GR/Microsoft.UI.Xaml.Phone.dll.mui' (4,096)
2026-09-28 06:18:00: Copy New 'C:/rock/bannister/BannisterTools/obj/x64/Release/net8.0-windows10.0.19041.0/win-x64/MsixContent/es-MX/Microsoft.ui.xaml.dll.mui' -> 'goodrive://www.googleapis.com/:personal:/bannister/BannisterTools/obj/x64/Release/net8.0-windows10.0.19041.0/win-x64/MsixContent/es-MX/Microsoft.ui.xaml.dll.mui' (17,920)
2026-09-28 06:18:01: Copy New 'C:/rock/bannister/BannisterTools/obj/x64/Release/net8.0-windows10.0.19041.0/win-x64/MsixContent/et-EE/Microsoft.ui.xaml.dll.mui' -> 'goodrive://www.googleapis.com/:personal:/bannister/BannisterTools/obj/x64/Release/net8.0-windows10.0.19041.0/win-x64/MsixContent/et-EE/Microsoft.ui.xaml.dll.mui' (16,896)
2026-09-28 06:18:01: Copy New 'C:/rock/bannister/BannisterTools/obj/x64/Release/net8.0-windows10.0.19041.0/win-x64/MsixContent/et-EE/Microsoft.UI.Xaml.Phone.dll.mui' -> 'goodrive://www.googleapis.com/:personal:/bannister/BannisterTools/obj/x64/Release/net8.0-windows10.0.19041.0/win-x64/MsixContent/et-EE/Microsoft.UI.Xaml.Phone.dll.mui' (4,096)
2026-09-28 06:18:02: Create Folder goodrive://www.googleapis.com/:personal:/bannister/BannisterTools/obj/x64/Release/net8.0-windows10.0.19041.0/win-x64/MsixContent/eu-ES
2026-09-28 06:18:03: Create Folder goodrive://www.googleapis.com/:personal:/bannister/BannisterTools/obj/x64/Release/net8.0-windows10.0.19041.0/win-x64/MsixContent/fa-IR
2026-09-28 06:18:03: Copy New 'C:/rock/bannister/BannisterTools/obj/x64/Release/net8.0-windows10.0.19041.0/win-x64/MsixContent/es-MX/Microsoft.UI.Xaml.Phone.dll.mui' -> 'goodrive://www.googleapis.com/:personal:/bannister/BannisterTools/obj/x64/Release/net8.0-windows10.0.19041.0/win-x64/MsixContent/es-MX/Microsoft.UI.Xaml.Phone.dll.mui' (4,096)
2026-09-28 06:18:04: Copy New 'C:/rock/bannister/BannisterTools/obj/x64/Release/net8.0-windows10.0.19041.0/win-x64/MsixContent/EventLog-Instrumentation.man' -> 'goodrive://www.googleapis.com/:personal:/bannister/BannisterTools/obj/x64/Release/net8.0-windows10.0.19041.0/win-x64/MsixContent/EventLog-Instrumentation.man' (21,129)
2026-09-28 06:18:05: Copy New 'C:/rock/bannister/BannisterTools/obj/x64/Release/net8.0-windows10.0.19041.0/win-x64/MsixContent/eu-ES/Microsoft.ui.xaml.dll.mui' -> 'goodrive://www.googleapis.com/:personal:/bannister/BannisterTools/obj/x64/Release/net8.0-windows10.0.19041.0/win-x64/MsixContent/eu-ES/Microsoft.ui.xaml.dll.mui' (18,432)
2026-09-28 06:18:06: Copy New 'C:/rock/bannister/BannisterTools/obj/x64/Release/net8.0-windows10.0.19041.0/win-x64/MsixContent/fa-IR/Microsoft.ui.xaml.dll.mui' -> 'goodrive://www.googleapis.com/:personal:/bannister/BannisterTools/obj/x64/Release/net8.0-windows10.0.19041.0/win-x64/MsixContent/fa-IR/Microsoft.ui.xaml.dll.mui' (16,384)
2026-09-28 06:18:06: Copy New 'C:/rock/bannister/BannisterTools/obj/x64/Release/net8.0-windows10.0.19041.0/win-x64/MsixContent/fa-IR/Microsoft.UI.Xaml.Phone.dll.mui' -> 'goodrive://www.googleapis.com/:personal:/bannister/BannisterTools/obj/x64/Release/net8.0-windows10.0.19041.0/win-x64/MsixContent/fa-IR/Microsoft.UI.Xaml.Phone.dll.mui' (4,096)
2026-09-28 06:18:06: Create Folder goodrive://www.googleapis.com/:personal:/bannister/BannisterTools/obj/x64/Release/net8.0-windows10.0.19041.0/win-x64/MsixContent/fi-FI
2026-09-28 06:18:06: Create Folder goodrive://www.googleapis.com/:personal:/bannister/BannisterTools/obj/x64/Release/net8.0-windows10.0.19041.0/win-x64/MsixContent/fil-PH
2026-09-28 06:18:07: Create Folder goodrive://www.googleapis.com/:personal:/bannister/BannisterTools/obj/x64/Release/net8.0-windows10.0.19041.0/win-x64/MsixContent/fr-CA
2026-09-28 06:18:07: Copy New 'C:/rock/bannister/BannisterTools/obj/x64/Release/net8.0-windows10.0.19041.0/win-x64/MsixContent/eu-ES/Microsoft.UI.Xaml.Phone.dll.mui' -> 'goodrive://www.googleapis.com/:personal:/bannister/BannisterTools/obj/x64/Release/net8.0-windows10.0.19041.0/win-x64/MsixContent/eu-ES/Microsoft.UI.Xaml.Phone.dll.mui' (4,096)
2026-09-28 06:18:09: Copy New 'C:/rock/bannister/BannisterTools/obj/x64/Release/net8.0-windows10.0.19041.0/win-x64/MsixContent/fi-FI/Microsoft.ui.xaml.dll.mui' -> 'goodrive://www.googleapis.com/:personal:/bannister/BannisterTools/obj/x64/Release/net8.0-windows10.0.19041.0/win-x64/MsixContent/fi-FI/Microsoft.ui.xaml.dll.mui' (17,408)
2026-09-28 06:18:09: Copy New 'C:/rock/bannister/BannisterTools/obj/x64/Release/net8.0-windows10.0.19041.0/win-x64/MsixContent/fil-PH/Microsoft.ui.xaml.dll.mui' -> 'goodrive://www.googleapis.com/:personal:/bannister/BannisterTools/obj/x64/Release/net8.0-windows10.0.19041.0/win-x64/MsixContent/fil-PH/Microsoft.ui.xaml.dll.mui' (16,896)
2026-09-28 06:18:09: Copy New 'C:/rock/bannister/BannisterTools/obj/x64/Release/net8.0-windows10.0.19041.0/win-x64/MsixContent/fr-CA/Microsoft.ui.xaml.dll.mui' -> 'goodrive://www.googleapis.com/:personal:/bannister/BannisterTools/obj/x64/Release/net8.0-windows10.0.19041.0/win-x64/MsixContent/fr-CA/Microsoft.ui.xaml.dll.mui' (17,408)
2026-09-28 06:18:11: Copy New 'C:/rock/bannister/BannisterTools/obj/x64/Release/net8.0-windows10.0.19041.0/win-x64/MsixContent/fr-CA/Microsoft.UI.Xaml.Phone.dll.mui' -> 'goodrive://www.googleapis.com/:personal:/bannister/BannisterTools/obj/x64/Release/net8.0-windows10.0.19041.0/win-x64/MsixContent/fr-CA/Microsoft.UI.Xaml.Phone.dll.mui' (4,096)
2026-09-28 06:18:11: Copy New 'C:/rock/bannister/BannisterTools/obj/x64/Release/net8.0-windows10.0.19041.0/win-x64/MsixContent/fil-PH/Microsoft.UI.Xaml.Phone.dll.mui' -> 'goodrive://www.googleapis.com/:personal:/bannister/BannisterTools/obj/x64/Release/net8.0-windows10.0.19041.0/win-x64/MsixContent/fil-PH/Microsoft.UI.Xaml.Phone.dll.mui' (4,096)
2026-09-28 06:18:12: Copy New 'C:/rock/bannister/BannisterTools/obj/x64/Release/net8.0-windows10.0.19041.0/win-x64/MsixContent/fi-FI/Microsoft.UI.Xaml.Phone.dll.mui' -> 'goodrive://www.googleapis.com/:personal:/bannister/BannisterTools/obj/x64/Release/net8.0-windows10.0.19041.0/win-x64/MsixContent/fi-FI/Microsoft.UI.Xaml.Phone.dll.mui' (4,096)
2026-09-28 06:18:12: Create Folder goodrive://www.googleapis.com/:personal:/bannister/BannisterTools/obj/x64/Release/net8.0-windows10.0.19041.0/win-x64/MsixContent/fr-FR
2026-09-28 06:18:12: Create Folder goodrive://www.googleapis.com/:personal:/bannister/BannisterTools/obj/x64/Release/net8.0-windows10.0.19041.0/win-x64/MsixContent/ga-IE
2026-09-28 06:18:12: Create Folder goodrive://www.googleapis.com/:personal:/bannister/BannisterTools/obj/x64/Release/net8.0-windows10.0.19041.0/win-x64/MsixContent/gd-gb
2026-09-28 06:18:12: Create Folder goodrive://www.googleapis.com/:personal:/bannister/BannisterTools/obj/x64/Release/net8.0-windows10.0.19041.0/win-x64/MsixContent/gl-ES
2026-09-28 06:18:15: Copy New 'C:/rock/bannister/BannisterTools/obj/x64/Release/net8.0-windows10.0.19041.0/win-x64/MsixContent/fr-FR/Microsoft.ui.xaml.dll.mui' -> 'goodrive://www.googleapis.com/:personal:/bannister/BannisterTools/obj/x64/Release/net8.0-windows10.0.19041.0/win-x64/MsixContent/fr-FR/Microsoft.ui.xaml.dll.mui' (17,408)
2026-09-28 06:18:15: Copy New 'C:/rock/bannister/BannisterTools/obj/x64/Release/net8.0-windows10.0.19041.0/win-x64/MsixContent/ga-IE/Microsoft.ui.xaml.dll.mui' -> 'goodrive://www.googleapis.com/:personal:/bannister/BannisterTools/obj/x64/Release/net8.0-windows10.0.19041.0/win-x64/MsixContent/ga-IE/Microsoft.ui.xaml.dll.mui' (17,408)
2026-09-28 06:18:15: Copy New 'C:/rock/bannister/BannisterTools/obj/x64/Release/net8.0-windows10.0.19041.0/win-x64/MsixContent/gd-gb/Microsoft.ui.xaml.dll.mui' -> 'goodrive://www.googleapis.com/:personal:/bannister/BannisterTools/obj/x64/Release/net8.0-windows10.0.19041.0/win-x64/MsixContent/gd-gb/Microsoft.ui.xaml.dll.mui' (17,920)
2026-09-28 06:18:17: Copy New 'C:/rock/bannister/BannisterTools/obj/x64/Release/net8.0-windows10.0.19041.0/win-x64/MsixContent/gl-ES/Microsoft.ui.xaml.dll.mui' -> 'goodrive://www.googleapis.com/:personal:/bannister/BannisterTools/obj/x64/Release/net8.0-windows10.0.19041.0/win-x64/MsixContent/gl-ES/Microsoft.ui.xaml.dll.mui' (17,408)
2026-09-28 06:18:17: Copy New 'C:/rock/bannister/BannisterTools/obj/x64/Release/net8.0-windows10.0.19041.0/win-x64/MsixContent/gd-gb/Microsoft.UI.Xaml.Phone.dll.mui' -> 'goodrive://www.googleapis.com/:personal:/bannister/BannisterTools/obj/x64/Release/net8.0-windows10.0.19041.0/win-x64/MsixContent/gd-gb/Microsoft.UI.Xaml.Phone.dll.mui' (4,096)
2026-09-28 06:18:17: Copy New 'C:/rock/bannister/BannisterTools/obj/x64/Release/net8.0-windows10.0.19041.0/win-x64/MsixContent/gl-ES/Microsoft.UI.Xaml.Phone.dll.mui' -> 'goodrive://www.googleapis.com/:personal:/bannister/BannisterTools/obj/x64/Release/net8.0-windows10.0.19041.0/win-x64/MsixContent/gl-ES/Microsoft.UI.Xaml.Phone.dll.mui' (4,096)
2026-09-28 06:18:18: Create Folder goodrive://www.googleapis.com/:personal:/bannister/BannisterTools/obj/x64/Release/net8.0-windows10.0.19041.0/win-x64/MsixContent/gu-IN
2026-09-28 06:18:19: Create Folder goodrive://www.googleapis.com/:personal:/bannister/BannisterTools/obj/x64/Release/net8.0-windows10.0.19041.0/win-x64/MsixContent/he-IL
2026-09-28 06:18:19: Copy New 'C:/rock/bannister/BannisterTools/obj/x64/Release/net8.0-windows10.0.19041.0/win-x64/MsixContent/ga-IE/Microsoft.UI.Xaml.Phone.dll.mui' -> 'goodrive://www.googleapis.com/:personal:/bannister/BannisterTools/obj/x64/Release/net8.0-windows10.0.19041.0/win-x64/MsixContent/ga-IE/Microsoft.UI.Xaml.Phone.dll.mui' (4,096)
2026-09-28 06:18:20: Copy New 'C:/rock/bannister/BannisterTools/obj/x64/Release/net8.0-windows10.0.19041.0/win-x64/MsixContent/fr-FR/Microsoft.UI.Xaml.Phone.dll.mui' -> 'goodrive://www.googleapis.com/:personal:/bannister/BannisterTools/obj/x64/Release/net8.0-windows10.0.19041.0/win-x64/MsixContent/fr-FR/Microsoft.UI.Xaml.Phone.dll.mui' (4,096)
2026-09-28 06:18:21: Copy New 'C:/rock/bannister/BannisterTools/obj/x64/Release/net8.0-windows10.0.19041.0/win-x64/MsixContent/gu-IN/Microsoft.ui.xaml.dll.mui' -> 'goodrive://www.googleapis.com/:personal:/bannister/BannisterTools/obj/x64/Release/net8.0-windows10.0.19041.0/win-x64/MsixContent/gu-IN/Microsoft.ui.xaml.dll.mui' (15,872)
2026-09-28 06:18:22: Copy New 'C:/rock/bannister/BannisterTools/obj/x64/Release/net8.0-windows10.0.19041.0/win-x64/MsixContent/he-IL/Microsoft.ui.xaml.dll.mui' -> 'goodrive://www.googleapis.com/:personal:/bannister/BannisterTools/obj/x64/Release/net8.0-windows10.0.19041.0/win-x64/MsixContent/he-IL/Microsoft.ui.xaml.dll.mui' (15,872)
2026-09-28 06:18:22: Copy New 'C:/rock/bannister/BannisterTools/obj/x64/Release/net8.0-windows10.0.19041.0/win-x64/MsixContent/he-IL/Microsoft.UI.Xaml.Phone.dll.mui' -> 'goodrive://www.googleapis.com/:personal:/bannister/BannisterTools/obj/x64/Release/net8.0-windows10.0.19041.0/win-x64/MsixContent/he-IL/Microsoft.UI.Xaml.Phone.dll.mui' (3,584)
2026-09-28 06:18:22: Create Folder goodrive://www.googleapis.com/:personal:/bannister/BannisterTools/obj/x64/Release/net8.0-windows10.0.19041.0/win-x64/MsixContent/hi-IN
2026-09-28 06:18:23: Create Folder goodrive://www.googleapis.com/:personal:/bannister/BannisterTools/obj/x64/Release/net8.0-windows10.0.19041.0/win-x64/MsixContent/hr-HR
2026-09-28 06:18:23: Create Folder goodrive://www.googleapis.com/:personal:/bannister/BannisterTools/obj/x64/Release/net8.0-windows10.0.19041.0/win-x64/MsixContent/hu-HU
2026-09-28 06:18:24: Copy New 'C:/rock/bannister/BannisterTools/obj/x64/Release/net8.0-windows10.0.19041.0/win-x64/MsixContent/gu-IN/Microsoft.UI.Xaml.Phone.dll.mui' -> 'goodrive://www.googleapis.com/:personal:/bannister/BannisterTools/obj/x64/Release/net8.0-windows10.0.19041.0/win-x64/MsixContent/gu-IN/Microsoft.UI.Xaml.Phone.dll.mui' (4,096)
2026-09-28 06:18:25: Copy New 'C:/rock/bannister/BannisterTools/obj/x64/Release/net8.0-windows10.0.19041.0/win-x64/MsixContent/hi-IN/Microsoft.ui.xaml.dll.mui' -> 'goodrive://www.googleapis.com/:personal:/bannister/BannisterTools/obj/x64/Release/net8.0-windows10.0.19041.0/win-x64/MsixContent/hi-IN/Microsoft.ui.xaml.dll.mui' (15,872)
2026-09-28 06:18:26: Copy New 'C:/rock/bannister/BannisterTools/obj/x64/Release/net8.0-windows10.0.19041.0/win-x64/MsixContent/hr-HR/Microsoft.ui.xaml.dll.mui' -> 'goodrive://www.googleapis.com/:personal:/bannister/BannisterTools/obj/x64/Release/net8.0-windows10.0.19041.0/win-x64/MsixContent/hr-HR/Microsoft.ui.xaml.dll.mui' (17,408)
2026-09-28 06:18:26: Copy New 'C:/rock/bannister/BannisterTools/obj/x64/Release/net8.0-windows10.0.19041.0/win-x64/MsixContent/hu-HU/Microsoft.ui.xaml.dll.mui' -> 'goodrive://www.googleapis.com/:personal:/bannister/BannisterTools/obj/x64/Release/net8.0-windows10.0.19041.0/win-x64/MsixContent/hu-HU/Microsoft.ui.xaml.dll.mui' (16,896)
2026-09-28 06:18:27: Copy New 'C:/rock/bannister/BannisterTools/obj/x64/Release/net8.0-windows10.0.19041.0/win-x64/MsixContent/hu-HU/Microsoft.UI.Xaml.Phone.dll.mui' -> 'goodrive://www.googleapis.com/:personal:/bannister/BannisterTools/obj/x64/Release/net8.0-windows10.0.19041.0/win-x64/MsixContent/hu-HU/Microsoft.UI.Xaml.Phone.dll.mui' (4,096)
2026-09-28 06:18:28: Create Folder goodrive://www.googleapis.com/:personal:/bannister/BannisterTools/obj/x64/Release/net8.0-windows10.0.19041.0/win-x64/MsixContent/hy-AM
2026-09-28 06:18:28: Copy New 'C:/rock/bannister/BannisterTools/obj/x64/Release/net8.0-windows10.0.19041.0/win-x64/MsixContent/hr-HR/Microsoft.UI.Xaml.Phone.dll.mui' -> 'goodrive://www.googleapis.com/:personal:/bannister/BannisterTools/obj/x64/Release/net8.0-windows10.0.19041.0/win-x64/MsixContent/hr-HR/Microsoft.UI.Xaml.Phone.dll.mui' (4,096)
2026-09-28 06:18:28: Create Folder goodrive://www.googleapis.com/:personal:/bannister/BannisterTools/obj/x64/Release/net8.0-windows10.0.19041.0/win-x64/MsixContent/id-ID
2026-09-28 06:18:28: Copy New 'C:/rock/bannister/BannisterTools/obj/x64/Release/net8.0-windows10.0.19041.0/win-x64/MsixContent/hi-IN/Microsoft.UI.Xaml.Phone.dll.mui' -> 'goodrive://www.googleapis.com/:personal:/bannister/BannisterTools/obj/x64/Release/net8.0-windows10.0.19041.0/win-x64/MsixContent/hi-IN/Microsoft.UI.Xaml.Phone.dll.mui' (4,096)
2026-09-28 06:18:30: Copy New 'C:/rock/bannister/BannisterTools/obj/x64/Release/net8.0-windows10.0.19041.0/win-x64/MsixContent/hy-AM/Microsoft.ui.xaml.dll.mui' -> 'goodrive://www.googleapis.com/:personal:/bannister/BannisterTools/obj/x64/Release/net8.0-windows10.0.19041.0/win-x64/MsixContent/hy-AM/Microsoft.ui.xaml.dll.mui' (17,408)
2026-09-28 06:18:31: Copy New 'C:/rock/bannister/BannisterTools/obj/x64/Release/net8.0-windows10.0.19041.0/win-x64/MsixContent/id-ID/Microsoft.ui.xaml.dll.mui' -> 'goodrive://www.googleapis.com/:personal:/bannister/BannisterTools/obj/x64/Release/net8.0-windows10.0.19041.0/win-x64/MsixContent/id-ID/Microsoft.ui.xaml.dll.mui' (16,384)
2026-09-28 06:18:31: Copy New 'C:/rock/bannister/BannisterTools/obj/x64/Release/net8.0-windows10.0.19041.0/win-x64/MsixContent/hy-AM/Microsoft.UI.Xaml.Phone.dll.mui' -> 'goodrive://www.googleapis.com/:personal:/bannister/BannisterTools/obj/x64/Release/net8.0-windows10.0.19041.0/win-x64/MsixContent/hy-AM/Microsoft.UI.Xaml.Phone.dll.mui' (4,096)
2026-09-28 06:18:31: Create Folder goodrive://www.googleapis.com/:personal:/bannister/BannisterTools/obj/x64/Release/net8.0-windows10.0.19041.0/win-x64/MsixContent/is-IS
2026-09-28 06:18:32: Create Folder goodrive://www.googleapis.com/:personal:/bannister/BannisterTools/obj/x64/Release/net8.0-windows10.0.19041.0/win-x64/MsixContent/it-IT
2026-09-28 06:18:32: Create Folder goodrive://www.googleapis.com/:personal:/bannister/BannisterTools/obj/x64/Release/net8.0-windows10.0.19041.0/win-x64/MsixContent/ja-JP
2026-09-28 06:18:33: Copy New 'C:/rock/bannister/BannisterTools/obj/x64/Release/net8.0-windows10.0.19041.0/win-x64/MsixContent/id-ID/Microsoft.UI.Xaml.Phone.dll.mui' -> 'goodrive://www.googleapis.com/:personal:/bannister/BannisterTools/obj/x64/Release/net8.0-windows10.0.19041.0/win-x64/MsixContent/id-ID/Microsoft.UI.Xaml.Phone.dll.mui' (4,096)
2026-09-28 06:18:34: Copy New 'C:/rock/bannister/BannisterTools/obj/x64/Release/net8.0-windows10.0.19041.0/win-x64/MsixContent/is-IS/Microsoft.ui.xaml.dll.mui' -> 'goodrive://www.googleapis.com/:personal:/bannister/BannisterTools/obj/x64/Release/net8.0-windows10.0.19041.0/win-x64/MsixContent/is-IS/Microsoft.ui.xaml.dll.mui' (16,384)
2026-09-28 06:18:35: Copy New 'C:/rock/bannister/BannisterTools/obj/x64/Release/net8.0-windows10.0.19041.0/win-x64/MsixContent/it-IT/Microsoft.ui.xaml.dll.mui' -> 'goodrive://www.googleapis.com/:personal:/bannister/BannisterTools/obj/x64/Release/net8.0-windows10.0.19041.0/win-x64/MsixContent/it-IT/Microsoft.ui.xaml.dll.mui' (17,920)
2026-09-28 06:18:36: Copy New 'C:/rock/bannister/BannisterTools/obj/x64/Release/net8.0-windows10.0.19041.0/win-x64/MsixContent/ja-JP/Microsoft.ui.xaml.dll.mui' -> 'goodrive://www.googleapis.com/:personal:/bannister/BannisterTools/obj/x64/Release/net8.0-windows10.0.19041.0/win-x64/MsixContent/ja-JP/Microsoft.ui.xaml.dll.mui' (12,800)
2026-09-28 06:18:37: Copy New 'C:/rock/bannister/BannisterTools/obj/x64/Release/net8.0-windows10.0.19041.0/win-x64/MsixContent/ja-JP/Microsoft.UI.Xaml.Phone.dll.mui' -> 'goodrive://www.googleapis.com/:personal:/bannister/BannisterTools/obj/x64/Release/net8.0-windows10.0.19041.0/win-x64/MsixContent/ja-JP/Microsoft.UI.Xaml.Phone.dll.mui' (3,584)
2026-09-28 06:18:37: Create Folder goodrive://www.googleapis.com/:personal:/bannister/BannisterTools/obj/x64/Release/net8.0-windows10.0.19041.0/win-x64/MsixContent/ka-GE
2026-09-28 06:18:37: Copy New 'C:/rock/bannister/BannisterTools/obj/x64/Release/net8.0-windows10.0.19041.0/win-x64/MsixContent/it-IT/Microsoft.UI.Xaml.Phone.dll.mui' -> 'goodrive://www.googleapis.com/:personal:/bannister/BannisterTools/obj/x64/Release/net8.0-windows10.0.19041.0/win-x64/MsixContent/it-IT/Microsoft.UI.Xaml.Phone.dll.mui' (4,096)
2026-09-28 06:18:38: Create Folder goodrive://www.googleapis.com/:personal:/bannister/BannisterTools/obj/x64/Release/net8.0-windows10.0.19041.0/win-x64/MsixContent/kk-KZ
2026-09-28 06:18:38: Copy New 'C:/rock/bannister/BannisterTools/obj/x64/Release/net8.0-windows10.0.19041.0/win-x64/MsixContent/is-IS/Microsoft.UI.Xaml.Phone.dll.mui' -> 'goodrive://www.googleapis.com/:personal:/bannister/BannisterTools/obj/x64/Release/net8.0-windows10.0.19041.0/win-x64/MsixContent/is-IS/Microsoft.UI.Xaml.Phone.dll.mui' (4,096)
2026-09-28 06:18:40: Copy New 'C:/rock/bannister/BannisterTools/obj/x64/Release/net8.0-windows10.0.19041.0/win-x64/MsixContent/ka-GE/Microsoft.ui.xaml.dll.mui' -> 'goodrive://www.googleapis.com/:personal:/bannister/BannisterTools/obj/x64/Release/net8.0-windows10.0.19041.0/win-x64/MsixContent/ka-GE/Microsoft.ui.xaml.dll.mui' (17,408)
2026-09-28 06:18:40: Copy New 'C:/rock/bannister/BannisterTools/obj/x64/Release/net8.0-windows10.0.19041.0/win-x64/MsixContent/kk-KZ/Microsoft.ui.xaml.dll.mui' -> 'goodrive://www.googleapis.com/:personal:/bannister/BannisterTools/obj/x64/Release/net8.0-windows10.0.19041.0/win-x64/MsixContent/kk-KZ/Microsoft.ui.xaml.dll.mui' (17,408)
2026-09-28 06:18:41: Copy New 'C:/rock/bannister/BannisterTools/obj/x64/Release/net8.0-windows10.0.19041.0/win-x64/MsixContent/ka-GE/Microsoft.UI.Xaml.Phone.dll.mui' -> 'goodrive://www.googleapis.com/:personal:/bannister/BannisterTools/obj/x64/Release/net8.0-windows10.0.19041.0/win-x64/MsixContent/ka-GE/Microsoft.UI.Xaml.Phone.dll.mui' (4,096)
2026-09-28 06:18:41: Create Folder goodrive://www.googleapis.com/:personal:/bannister/BannisterTools/obj/x64/Release/net8.0-windows10.0.19041.0/win-x64/MsixContent/km-KH
2026-09-28 06:18:41: Create Folder goodrive://www.googleapis.com/:personal:/bannister/BannisterTools/obj/x64/Release/net8.0-windows10.0.19041.0/win-x64/MsixContent/kn-IN
2026-09-28 06:18:42: Create Folder goodrive://www.googleapis.com/:personal:/bannister/BannisterTools/obj/x64/Release/net8.0-windows10.0.19041.0/win-x64/MsixContent/ko-KR
2026-09-28 06:18:43: Copy New 'C:/rock/bannister/BannisterTools/obj/x64/Release/net8.0-windows10.0.19041.0/win-x64/MsixContent/kk-KZ/Microsoft.UI.Xaml.Phone.dll.mui' -> 'goodrive://www.googleapis.com/:personal:/bannister/BannisterTools/obj/x64/Release/net8.0-windows10.0.19041.0/win-x64/MsixContent/kk-KZ/Microsoft.UI.Xaml.Phone.dll.mui' (4,096)
2026-09-28 06:18:44: Copy New 'C:/rock/bannister/BannisterTools/obj/x64/Release/net8.0-windows10.0.19041.0/win-x64/MsixContent/km-KH/Microsoft.ui.xaml.dll.mui' -> 'goodrive://www.googleapis.com/:personal:/bannister/BannisterTools/obj/x64/Release/net8.0-windows10.0.19041.0/win-x64/MsixContent/km-KH/Microsoft.ui.xaml.dll.mui' (16,384)
2026-09-28 06:18:44: Copy New 'C:/rock/bannister/BannisterTools/obj/x64/Release/net8.0-windows10.0.19041.0/win-x64/MsixContent/kn-IN/Microsoft.ui.xaml.dll.mui' -> 'goodrive://www.googleapis.com/:personal:/bannister/BannisterTools/obj/x64/Release/net8.0-windows10.0.19041.0/win-x64/MsixContent/kn-IN/Microsoft.ui.xaml.dll.mui' (16,896)
2026-09-28 06:18:45: Copy New 'C:/rock/bannister/BannisterTools/obj/x64/Release/net8.0-windows10.0.19041.0/win-x64/MsixContent/ko-KR/Microsoft.ui.xaml.dll.mui' -> 'goodrive://www.googleapis.com/:personal:/bannister/BannisterTools/obj/x64/Release/net8.0-windows10.0.19041.0/win-x64/MsixContent/ko-KR/Microsoft.ui.xaml.dll.mui' (12,288)
2026-09-28 06:18:46: Copy New 'C:/rock/bannister/BannisterTools/obj/x64/Release/net8.0-windows10.0.19041.0/win-x64/MsixContent/ko-KR/Microsoft.UI.Xaml.Phone.dll.mui' -> 'goodrive://www.googleapis.com/:personal:/bannister/BannisterTools/obj/x64/Release/net8.0-windows10.0.19041.0/win-x64/MsixContent/ko-KR/Microsoft.UI.Xaml.Phone.dll.mui' (3,584)
2026-09-28 06:18:46: Copy New 'C:/rock/bannister/BannisterTools/obj/x64/Release/net8.0-windows10.0.19041.0/win-x64/MsixContent/kn-IN/Microsoft.UI.Xaml.Phone.dll.mui' -> 'goodrive://www.googleapis.com/:personal:/bannister/BannisterTools/obj/x64/Release/net8.0-windows10.0.19041.0/win-x64/MsixContent/kn-IN/Microsoft.UI.Xaml.Phone.dll.mui' (4,096)
2026-09-28 06:18:47: Create Folder goodrive://www.googleapis.com/:personal:/bannister/BannisterTools/obj/x64/Release/net8.0-windows10.0.19041.0/win-x64/MsixContent/kok-IN
2026-09-28 06:18:47: Create Folder goodrive://www.googleapis.com/:personal:/bannister/BannisterTools/obj/x64/Release/net8.0-windows10.0.19041.0/win-x64/MsixContent/lb-LU
2026-09-28 06:18:47: Copy New 'C:/rock/bannister/BannisterTools/obj/x64/Release/net8.0-windows10.0.19041.0/win-x64/MsixContent/km-KH/Microsoft.UI.Xaml.Phone.dll.mui' -> 'goodrive://www.googleapis.com/:personal:/bannister/BannisterTools/obj/x64/Release/net8.0-windows10.0.19041.0/win-x64/MsixContent/km-KH/Microsoft.UI.Xaml.Phone.dll.mui' (4,096)
2026-09-28 06:18:47: Create Folder goodrive://www.googleapis.com/:personal:/bannister/BannisterTools/obj/x64/Release/net8.0-windows10.0.19041.0/win-x64/MsixContent/lo-LA
2026-09-28 06:18:49: Copy New 'C:/rock/bannister/BannisterTools/obj/x64/Release/net8.0-windows10.0.19041.0/win-x64/MsixContent/kok-IN/Microsoft.ui.xaml.dll.mui' -> 'goodrive://www.googleapis.com/:personal:/bannister/BannisterTools/obj/x64/Release/net8.0-windows10.0.19041.0/win-x64/MsixContent/kok-IN/Microsoft.ui.xaml.dll.mui' (16,384)
2026-09-28 06:18:50: Copy New 'C:/rock/bannister/BannisterTools/obj/x64/Release/net8.0-windows10.0.19041.0/win-x64/MsixContent/lb-LU/Microsoft.ui.xaml.dll.mui' -> 'goodrive://www.googleapis.com/:personal:/bannister/BannisterTools/obj/x64/Release/net8.0-windows10.0.19041.0/win-x64/MsixContent/lb-LU/Microsoft.ui.xaml.dll.mui' (17,408)
2026-09-28 06:18:50: Copy New 'C:/rock/bannister/BannisterTools/obj/x64/Release/net8.0-windows10.0.19041.0/win-x64/MsixContent/lb-LU/Microsoft.UI.Xaml.Phone.dll.mui' -> 'goodrive://www.googleapis.com/:personal:/bannister/BannisterTools/obj/x64/Release/net8.0-windows10.0.19041.0/win-x64/MsixContent/lb-LU/Microsoft.UI.Xaml.Phone.dll.mui' (4,096)
2026-09-28 06:18:52: Copy New 'C:/rock/bannister/BannisterTools/obj/x64/Release/net8.0-windows10.0.19041.0/win-x64/MsixContent/lo-LA/Microsoft.ui.xaml.dll.mui' -> 'goodrive://www.googleapis.com/:personal:/bannister/BannisterTools/obj/x64/Release/net8.0-windows10.0.19041.0/win-x64/MsixContent/lo-LA/Microsoft.ui.xaml.dll.mui' (15,872)
2026-09-28 06:18:52: Copy New 'C:/rock/bannister/BannisterTools/obj/x64/Release/net8.0-windows10.0.19041.0/win-x64/MsixContent/kok-IN/Microsoft.UI.Xaml.Phone.dll.mui' -> 'goodrive://www.googleapis.com/:personal:/bannister/BannisterTools/obj/x64/Release/net8.0-windows10.0.19041.0/win-x64/MsixContent/kok-IN/Microsoft.UI.Xaml.Phone.dll.mui' (4,096)
2026-09-28 06:18:52: Copy New 'C:/rock/bannister/BannisterTools/obj/x64/Release/net8.0-windows10.0.19041.0/win-x64/MsixContent/lo-LA/Microsoft.UI.Xaml.Phone.dll.mui' -> 'goodrive://www.googleapis.com/:personal:/bannister/BannisterTools/obj/x64/Release/net8.0-windows10.0.19041.0/win-x64/MsixContent/lo-LA/Microsoft.UI.Xaml.Phone.dll.mui' (4,096)
2026-09-28 06:18:52: Create Folder goodrive://www.googleapis.com/:personal:/bannister/BannisterTools/obj/x64/Release/net8.0-windows10.0.19041.0/win-x64/MsixContent/lt-LT
2026-09-28 06:18:53: Create Folder goodrive://www.googleapis.com/:personal:/bannister/BannisterTools/obj/x64/Release/net8.0-windows10.0.19041.0/win-x64/MsixContent/lv-LV
2026-09-28 06:18:53: Create Folder goodrive://www.googleapis.com/:personal:/bannister/BannisterTools/obj/x64/Release/net8.0-windows10.0.19041.0/win-x64/MsixContent/mi-NZ
2026-09-28 06:18:55: Copy New 'C:/rock/bannister/BannisterTools/obj/x64/Release/net8.0-windows10.0.19041.0/win-x64/MsixContent/marshal.dll' -> 'goodrive://www.googleapis.com/:personal:/bannister/BannisterTools/obj/x64/Release/net8.0-windows10.0.19041.0/win-x64/MsixContent/marshal.dll' (563,120)
2026-09-28 06:18:56: Copy New 'C:/rock/bannister/BannisterTools/obj/x64/Release/net8.0-windows10.0.19041.0/win-x64/MsixContent/lt-LT/Microsoft.ui.xaml.dll.mui' -> 'goodrive://www.googleapis.com/:personal:/bannister/BannisterTools/obj/x64/Release/net8.0-windows10.0.19041.0/win-x64/MsixContent/lt-LT/Microsoft.ui.xaml.dll.mui' (17,408)
2026-09-28 06:18:56: Copy New 'C:/rock/bannister/BannisterTools/obj/x64/Release/net8.0-windows10.0.19041.0/win-x64/MsixContent/lv-LV/Microsoft.ui.xaml.dll.mui' -> 'goodrive://www.googleapis.com/:personal:/bannister/BannisterTools/obj/x64/Release/net8.0-windows10.0.19041.0/win-x64/MsixContent/lv-LV/Microsoft.ui.xaml.dll.mui' (16,896)
2026-09-28 06:18:57: Copy New 'C:/rock/bannister/BannisterTools/obj/x64/Release/net8.0-windows10.0.19041.0/win-x64/MsixContent/mi-NZ/Microsoft.ui.xaml.dll.mui' -> 'goodrive://www.googleapis.com/:personal:/bannister/BannisterTools/obj/x64/Release/net8.0-windows10.0.19041.0/win-x64/MsixContent/mi-NZ/Microsoft.ui.xaml.dll.mui' (16,896)
2026-09-28 06:18:58: Copy New 'C:/rock/bannister/BannisterTools/obj/x64/Release/net8.0-windows10.0.19041.0/win-x64/MsixContent/mi-NZ/Microsoft.UI.Xaml.Phone.dll.mui' -> 'goodrive://www.googleapis.com/:personal:/bannister/BannisterTools/obj/x64/Release/net8.0-windows10.0.19041.0/win-x64/MsixContent/mi-NZ/Microsoft.UI.Xaml.Phone.dll.mui' (4,096)
2026-09-28 06:18:58: Copy New 'C:/rock/bannister/BannisterTools/obj/x64/Release/net8.0-windows10.0.19041.0/win-x64/MsixContent/lv-LV/Microsoft.UI.Xaml.Phone.dll.mui' -> 'goodrive://www.googleapis.com/:personal:/bannister/BannisterTools/obj/x64/Release/net8.0-windows10.0.19041.0/win-x64/MsixContent/lv-LV/Microsoft.UI.Xaml.Phone.dll.mui' (4,096)
2026-09-28 06:18:59: Copy New 'C:/rock/bannister/BannisterTools/obj/x64/Release/net8.0-windows10.0.19041.0/win-x64/MsixContent/lt-LT/Microsoft.UI.Xaml.Phone.dll.mui' -> 'goodrive://www.googleapis.com/:personal:/bannister/BannisterTools/obj/x64/Release/net8.0-windows10.0.19041.0/win-x64/MsixContent/lt-LT/Microsoft.UI.Xaml.Phone.dll.mui' (4,096)
2026-09-28 06:19:00: Copy New 'C:/rock/bannister/BannisterTools/obj/x64/Release/net8.0-windows10.0.19041.0/win-x64/MsixContent/Microsoft.Foundation.winmd' -> 'goodrive://www.googleapis.com/:personal:/bannister/BannisterTools/obj/x64/Release/net8.0-windows10.0.19041.0/win-x64/MsixContent/Microsoft.Foundation.winmd' (11,816)
2026-09-28 06:19:00: Copy New 'C:/rock/bannister/BannisterTools/obj/x64/Release/net8.0-windows10.0.19041.0/win-x64/MsixContent/Microsoft.DirectManipulation.dll' -> 'goodrive://www.googleapis.com/:personal:/bannister/BannisterTools/obj/x64/Release/net8.0-windows10.0.19041.0/win-x64/MsixContent/Microsoft.DirectManipulation.dll' (694,192)
2026-09-28 06:19:01: Copy New 'C:/rock/bannister/BannisterTools/obj/x64/Release/net8.0-windows10.0.19041.0/win-x64/MsixContent/Microsoft.Graphics.Display.dll' -> 'goodrive://www.googleapis.com/:personal:/bannister/BannisterTools/obj/x64/Release/net8.0-windows10.0.19041.0/win-x64/MsixContent/Microsoft.Graphics.Display.dll' (231,344)
2026-09-28 06:19:02: Copy New 'C:/rock/bannister/BannisterTools/obj/x64/Release/net8.0-windows10.0.19041.0/win-x64/MsixContent/Microsoft.Graphics.winmd' -> 'goodrive://www.googleapis.com/:personal:/bannister/BannisterTools/obj/x64/Release/net8.0-windows10.0.19041.0/win-x64/MsixContent/Microsoft.Graphics.winmd' (23,072)
2026-09-28 06:19:02: Copy New 'C:/rock/bannister/BannisterTools/obj/x64/Release/net8.0-windows10.0.19041.0/win-x64/MsixContent/Microsoft.InputStateManager.dll' -> 'goodrive://www.googleapis.com/:personal:/bannister/BannisterTools/obj/x64/Release/net8.0-windows10.0.19041.0/win-x64/MsixContent/Microsoft.InputStateManager.dll' (456,624)
2026-09-28 06:19:03: Copy New 'C:/rock/bannister/BannisterTools/obj/x64/Release/net8.0-windows10.0.19041.0/win-x64/MsixContent/Microsoft.Internal.FrameworkUdk.dll' -> 'goodrive://www.googleapis.com/:personal:/bannister/BannisterTools/obj/x64/Release/net8.0-windows10.0.19041.0/win-x64/MsixContent/Microsoft.Internal.FrameworkUdk.dll' (853,384)
2026-09-28 06:19:03: > Copy New 'C:/rock/bannister/BannisterTools/obj/x64/Release/net8.0-windows10.0.19041.0/win-x64/MsixContent/Microsoft.UI.Input.dll' -> 'goodrive://www.googleapis.com/:personal:/bannister/BannisterTools/obj/x64/Release/net8.0-windows10.0.19041.0/win-x64/MsixContent/Microsoft.UI.Input.dll' (1,480,624)
2026-09-28 06:19:05: Copy New 'C:/rock/bannister/BannisterTools/obj/x64/Release/net8.0-windows10.0.19041.0/win-x64/MsixContent/Microsoft.UI.Composition.OSSupport.dll' -> 'goodrive://www.googleapis.com/:personal:/bannister/BannisterTools/obj/x64/Release/net8.0-windows10.0.19041.0/win-x64/MsixContent/Microsoft.UI.Composition.OSSupport.dll' (67,616)
2026-09-28 06:19:05: Copy New 'C:/rock/bannister/BannisterTools/obj/x64/Release/net8.0-windows10.0.19041.0/win-x64/MsixContent/Microsoft.UI.dll' -> 'goodrive://www.googleapis.com/:personal:/bannister/BannisterTools/obj/x64/Release/net8.0-windows10.0.19041.0/win-x64/MsixContent/Microsoft.UI.dll' (120,752)
2026-09-28 06:19:05: < Copy New 'C:/rock/bannister/BannisterTools/obj/x64/Release/net8.0-windows10.0.19041.0/win-x64/MsixContent/Microsoft.UI.Input.dll' -> 'goodrive://www.googleapis.com/:personal:/bannister/BannisterTools/obj/x64/Release/net8.0-windows10.0.19041.0/win-x64/MsixContent/Microsoft.UI.Input.dll' (1,480,624)
2026-09-28 06:19:07: Copy New 'C:/rock/bannister/BannisterTools/obj/x64/Release/net8.0-windows10.0.19041.0/win-x64/MsixContent/Microsoft.UI.Text.winmd' -> 'goodrive://www.googleapis.com/:personal:/bannister/BannisterTools/obj/x64/Release/net8.0-windows10.0.19041.0/win-x64/MsixContent/Microsoft.UI.Text.winmd' (34,736)
2026-09-28 06:19:07: Copy New 'C:/rock/bannister/BannisterTools/obj/x64/Release/net8.0-windows10.0.19041.0/win-x64/MsixContent/Microsoft.UI.Windowing.Core.dll' -> 'goodrive://www.googleapis.com/:personal:/bannister/BannisterTools/obj/x64/Release/net8.0-windows10.0.19041.0/win-x64/MsixContent/Microsoft.UI.Windowing.Core.dll' (493,488)
2026-09-28 06:19:07: Copy New 'C:/rock/bannister/BannisterTools/obj/x64/Release/net8.0-windows10.0.19041.0/win-x64/MsixContent/Microsoft.UI.Windowing.dll' -> 'goodrive://www.googleapis.com/:personal:/bannister/BannisterTools/obj/x64/Release/net8.0-windows10.0.19041.0/win-x64/MsixContent/Microsoft.UI.Windowing.dll' (464,816)
2026-09-28 06:19:07: > Copy New 'C:/rock/bannister/BannisterTools/obj/x64/Release/net8.0-windows10.0.19041.0/win-x64/MsixContent/Microsoft.UI.Xaml.Controls.dll' -> 'goodrive://www.googleapis.com/:personal:/bannister/BannisterTools/obj/x64/Release/net8.0-windows10.0.19041.0/win-x64/MsixContent/Microsoft.UI.Xaml.Controls.dll' (6,883,384)
2026-09-28 06:19:08: Create Folder goodrive://www.googleapis.com/:personal:/bannister/BannisterTools/obj/x64/Release/net8.0-windows10.0.19041.0/win-x64/MsixContent/Microsoft.UI.Xaml
2026-09-28 06:19:08: > Copy New 'C:/rock/bannister/BannisterTools/obj/x64/Release/net8.0-windows10.0.19041.0/win-x64/MsixContent/Microsoft.UI.Xaml.Controls.pri' -> 'goodrive://www.googleapis.com/:personal:/bannister/BannisterTools/obj/x64/Release/net8.0-windows10.0.19041.0/win-x64/MsixContent/Microsoft.UI.Xaml.Controls.pri' (1,229,952)
2026-09-28 06:19:09: Copy New 'C:/rock/bannister/BannisterTools/obj/x64/Release/net8.0-windows10.0.19041.0/win-x64/MsixContent/Microsoft.UI.winmd' -> 'goodrive://www.googleapis.com/:personal:/bannister/BannisterTools/obj/x64/Release/net8.0-windows10.0.19041.0/win-x64/MsixContent/Microsoft.UI.winmd' (299,040)
2026-09-28 06:19:10: Create Folder goodrive://www.googleapis.com/:personal:/bannister/BannisterTools/obj/x64/Release/net8.0-windows10.0.19041.0/win-x64/MsixContent/Microsoft.UI.Xaml/Assets
2026-09-28 06:19:10: > Copy New 'C:/rock/bannister/BannisterTools/obj/x64/Release/net8.0-windows10.0.19041.0/win-x64/MsixContent/Microsoft.ui.xaml.dll' -> 'goodrive://www.googleapis.com/:personal:/bannister/BannisterTools/obj/x64/Release/net8.0-windows10.0.19041.0/win-x64/MsixContent/Microsoft.ui.xaml.dll' (15,174,728)
2026-09-28 06:19:10: < Copy New 'C:/rock/bannister/BannisterTools/obj/x64/Release/net8.0-windows10.0.19041.0/win-x64/MsixContent/Microsoft.UI.Xaml.Controls.pri' -> 'goodrive://www.googleapis.com/:personal:/bannister/BannisterTools/obj/x64/Release/net8.0-windows10.0.19041.0/win-x64/MsixContent/Microsoft.UI.Xaml.Controls.pri' (1,229,952)
2026-09-28 06:19:11: < Copy New 'C:/rock/bannister/BannisterTools/obj/x64/Release/net8.0-windows10.0.19041.0/win-x64/MsixContent/Microsoft.UI.Xaml.Controls.dll' -> 'goodrive://www.googleapis.com/:personal:/bannister/BannisterTools/obj/x64/Release/net8.0-windows10.0.19041.0/win-x64/MsixContent/Microsoft.UI.Xaml.Controls.dll' (6,883,384)
2026-09-28 06:19:13: Copy New 'C:/rock/bannister/BannisterTools/obj/x64/Release/net8.0-windows10.0.19041.0/win-x64/MsixContent/Microsoft.UI.Xaml/Assets/map.html' -> 'goodrive://www.googleapis.com/:personal:/bannister/BannisterTools/obj/x64/Release/net8.0-windows10.0.19041.0/win-x64/MsixContent/Microsoft.UI.Xaml/Assets/map.html' (9,234)
2026-09-28 06:19:13: Copy New 'C:/rock/bannister/BannisterTools/obj/x64/Release/net8.0-windows10.0.19041.0/win-x64/MsixContent/Microsoft.UI.Xaml/Assets/NoiseAsset_256x256_PNG.png' -> 'goodrive://www.googleapis.com/:personal:/bannister/BannisterTools/obj/x64/Release/net8.0-windows10.0.19041.0/win-x64/MsixContent/Microsoft.UI.Xaml/Assets/NoiseAsset_256x256_PNG.png' (3,241)
2026-09-28 06:19:13: > Copy New 'C:/rock/bannister/BannisterTools/obj/x64/Release/net8.0-windows10.0.19041.0/win-x64/MsixContent/Microsoft.UI.Xaml.Phone.dll' -> 'goodrive://www.googleapis.com/:personal:/bannister/BannisterTools/obj/x64/Release/net8.0-windows10.0.19041.0/win-x64/MsixContent/Microsoft.UI.Xaml.Phone.dll' (1,094,696)
2026-09-28 06:19:13: < Copy New 'C:/rock/bannister/BannisterTools/obj/x64/Release/net8.0-windows10.0.19041.0/win-x64/MsixContent/Microsoft.ui.xaml.dll' -> 'goodrive://www.googleapis.com/:personal:/bannister/BannisterTools/obj/x64/Release/net8.0-windows10.0.19041.0/win-x64/MsixContent/Microsoft.ui.xaml.dll' (15,174,728)
2026-09-28 06:19:15: Copy New 'C:/rock/bannister/BannisterTools/obj/x64/Release/net8.0-windows10.0.19041.0/win-x64/MsixContent/Microsoft.UI.Xaml.Internal.dll' -> 'goodrive://www.googleapis.com/:personal:/bannister/BannisterTools/obj/x64/Release/net8.0-windows10.0.19041.0/win-x64/MsixContent/Microsoft.UI.Xaml.Internal.dll' (939,552)
2026-09-28 06:19:15: < Copy New 'C:/rock/bannister/BannisterTools/obj/x64/Release/net8.0-windows10.0.19041.0/win-x64/MsixContent/Microsoft.UI.Xaml.Phone.dll' -> 'goodrive://www.googleapis.com/:personal:/bannister/BannisterTools/obj/x64/Release/net8.0-windows10.0.19041.0/win-x64/MsixContent/Microsoft.UI.Xaml.Phone.dll' (1,094,696)
2026-09-28 06:19:15: > Copy New 'C:/rock/bannister/BannisterTools/obj/x64/Release/net8.0-windows10.0.19041.0/win-x64/MsixContent/Microsoft.UI.Xaml.winmd' -> 'goodrive://www.googleapis.com/:personal:/bannister/BannisterTools/obj/x64/Release/net8.0-windows10.0.19041.0/win-x64/MsixContent/Microsoft.UI.Xaml.winmd' (1,611,296)
2026-09-28 06:19:15: Copy New 'C:/rock/bannister/BannisterTools/obj/x64/Release/net8.0-windows10.0.19041.0/win-x64/MsixContent/Microsoft.ui.xaml.resources.19h1.dll' -> 'goodrive://www.googleapis.com/:personal:/bannister/BannisterTools/obj/x64/Release/net8.0-windows10.0.19041.0/win-x64/MsixContent/Microsoft.ui.xaml.resources.19h1.dll' (566,816)
2026-09-28 06:19:18: Copy New 'C:/rock/bannister/BannisterTools/obj/x64/Release/net8.0-windows10.0.19041.0/win-x64/MsixContent/Microsoft.ui.xaml.resources.common.dll' -> 'goodrive://www.googleapis.com/:personal:/bannister/BannisterTools/obj/x64/Release/net8.0-windows10.0.19041.0/win-x64/MsixContent/Microsoft.ui.xaml.resources.common.dll' (55,728)
2026-09-28 06:19:18: Copy New 'C:/rock/bannister/BannisterTools/obj/x64/Release/net8.0-windows10.0.19041.0/win-x64/MsixContent/Microsoft.Web.WebView2.Core.dll' -> 'goodrive://www.googleapis.com/:personal:/bannister/BannisterTools/obj/x64/Release/net8.0-windows10.0.19041.0/win-x64/MsixContent/Microsoft.Web.WebView2.Core.dll' (714,304)
2026-09-28 06:19:18: < Copy New 'C:/rock/bannister/BannisterTools/obj/x64/Release/net8.0-windows10.0.19041.0/win-x64/MsixContent/Microsoft.UI.Xaml.winmd' -> 'goodrive://www.googleapis.com/:personal:/bannister/BannisterTools/obj/x64/Release/net8.0-windows10.0.19041.0/win-x64/MsixContent/Microsoft.UI.Xaml.winmd' (1,611,296)
2026-09-28 06:19:19: Copy New 'C:/rock/bannister/BannisterTools/obj/x64/Release/net8.0-windows10.0.19041.0/win-x64/MsixContent/Microsoft.Web.WebView2.Core.winmd' -> 'goodrive://www.googleapis.com/:personal:/bannister/BannisterTools/obj/x64/Release/net8.0-windows10.0.19041.0/win-x64/MsixContent/Microsoft.Web.WebView2.Core.winmd' (116,296)
2026-09-28 06:19:20: Copy New 'C:/rock/bannister/BannisterTools/obj/x64/Release/net8.0-windows10.0.19041.0/win-x64/MsixContent/Microsoft.Windows.ApplicationModel.DynamicDependency.winmd' -> 'goodrive://www.googleapis.com/:personal:/bannister/BannisterTools/obj/x64/Release/net8.0-windows10.0.19041.0/win-x64/MsixContent/Microsoft.Windows.ApplicationModel.DynamicDependency.winmd' (18,464)
2026-09-28 06:19:20: Copy New 'C:/rock/bannister/BannisterTools/obj/x64/Release/net8.0-windows10.0.19041.0/win-x64/MsixContent/Microsoft.Windows.ApplicationModel.Resources.dll' -> 'goodrive://www.googleapis.com/:personal:/bannister/BannisterTools/obj/x64/Release/net8.0-windows10.0.19041.0/win-x64/MsixContent/Microsoft.Windows.ApplicationModel.Resources.dll' (142,768)
2026-09-28 06:19:21: Copy New 'C:/rock/bannister/BannisterTools/obj/x64/Release/net8.0-windows10.0.19041.0/win-x64/MsixContent/Microsoft.Windows.ApplicationModel.Resources.winmd' -> 'goodrive://www.googleapis.com/:personal:/bannister/BannisterTools/obj/x64/Release/net8.0-windows10.0.19041.0/win-x64/MsixContent/Microsoft.Windows.ApplicationModel.Resources.winmd' (19,376)
2026-09-28 06:19:22: Copy New 'C:/rock/bannister/BannisterTools/obj/x64/Release/net8.0-windows10.0.19041.0/win-x64/MsixContent/Microsoft.Windows.AppLifecycle.winmd' -> 'goodrive://www.googleapis.com/:personal:/bannister/BannisterTools/obj/x64/Release/net8.0-windows10.0.19041.0/win-x64/MsixContent/Microsoft.Windows.AppLifecycle.winmd' (17,456)
2026-09-28 06:19:22: Copy New 'C:/rock/bannister/BannisterTools/obj/x64/Release/net8.0-windows10.0.19041.0/win-x64/MsixContent/Microsoft.Windows.ApplicationModel.WindowsAppRuntime.winmd' -> 'goodrive://www.googleapis.com/:personal:/bannister/BannisterTools/obj/x64/Release/net8.0-windows10.0.19041.0/win-x64/MsixContent/Microsoft.Windows.ApplicationModel.WindowsAppRuntime.winmd' (15,392)
2026-09-28 06:19:24: Copy New 'C:/rock/bannister/BannisterTools/obj/x64/Release/net8.0-windows10.0.19041.0/win-x64/MsixContent/Microsoft.Windows.AppNotifications.Builder.winmd' -> 'goodrive://www.googleapis.com/:personal:/bannister/BannisterTools/obj/x64/Release/net8.0-windows10.0.19041.0/win-x64/MsixContent/Microsoft.Windows.AppNotifications.Builder.winmd' (24,496)
2026-09-28 06:19:24: Copy New 'C:/rock/bannister/BannisterTools/obj/x64/Release/net8.0-windows10.0.19041.0/win-x64/MsixContent/Microsoft.Windows.AppNotifications.winmd' -> 'goodrive://www.googleapis.com/:personal:/bannister/BannisterTools/obj/x64/Release/net8.0-windows10.0.19041.0/win-x64/MsixContent/Microsoft.Windows.AppNotifications.winmd' (20,000)
2026-09-28 06:19:24: Copy New 'C:/rock/bannister/BannisterTools/obj/x64/Release/net8.0-windows10.0.19041.0/win-x64/MsixContent/Microsoft.Windows.Management.Deployment.winmd' -> 'goodrive://www.googleapis.com/:personal:/bannister/BannisterTools/obj/x64/Release/net8.0-windows10.0.19041.0/win-x64/MsixContent/Microsoft.Windows.Management.Deployment.winmd' (34,336)
2026-09-28 06:19:26: Copy New 'C:/rock/bannister/BannisterTools/obj/x64/Release/net8.0-windows10.0.19041.0/win-x64/MsixContent/Microsoft.Windows.PushNotifications.winmd' -> 'goodrive://www.googleapis.com/:personal:/bannister/BannisterTools/obj/x64/Release/net8.0-windows10.0.19041.0/win-x64/MsixContent/Microsoft.Windows.PushNotifications.winmd' (15,904)
2026-09-28 06:19:26: Copy New 'C:/rock/bannister/BannisterTools/obj/x64/Release/net8.0-windows10.0.19041.0/win-x64/MsixContent/Microsoft.Windows.Security.AccessControl.winmd' -> 'goodrive://www.googleapis.com/:personal:/bannister/BannisterTools/obj/x64/Release/net8.0-windows10.0.19041.0/win-x64/MsixContent/Microsoft.Windows.Security.AccessControl.winmd' (12,832)
2026-09-28 06:19:26: > Copy New 'C:/rock/bannister/BannisterTools/obj/x64/Release/net8.0-windows10.0.19041.0/win-x64/MsixContent/Microsoft.Windows.Widgets.dll' -> 'goodrive://www.googleapis.com/:personal:/bannister/BannisterTools/obj/x64/Release/net8.0-windows10.0.19041.0/win-x64/MsixContent/Microsoft.Windows.Widgets.dll' (2,055,200)
2026-09-28 06:19:26: Copy New 'C:/rock/bannister/BannisterTools/obj/x64/Release/net8.0-windows10.0.19041.0/win-x64/MsixContent/Microsoft.Windows.System.Power.winmd' -> 'goodrive://www.googleapis.com/:personal:/bannister/BannisterTools/obj/x64/Release/net8.0-windows10.0.19041.0/win-x64/MsixContent/Microsoft.Windows.System.Power.winmd' (17,328)
2026-09-28 06:19:28: Copy New 'C:/rock/bannister/BannisterTools/obj/x64/Release/net8.0-windows10.0.19041.0/win-x64/MsixContent/Microsoft.Windows.System.winmd' -> 'goodrive://www.googleapis.com/:personal:/bannister/BannisterTools/obj/x64/Release/net8.0-windows10.0.19041.0/win-x64/MsixContent/Microsoft.Windows.System.winmd' (13,744)
2026-09-28 06:19:28: < Copy New 'C:/rock/bannister/BannisterTools/obj/x64/Release/net8.0-windows10.0.19041.0/win-x64/MsixContent/Microsoft.Windows.Widgets.dll' -> 'goodrive://www.googleapis.com/:personal:/bannister/BannisterTools/obj/x64/Release/net8.0-windows10.0.19041.0/win-x64/MsixContent/Microsoft.Windows.Widgets.dll' (2,055,200)
2026-09-28 06:19:28: > Copy New 'C:/rock/bannister/BannisterTools/obj/x64/Release/net8.0-windows10.0.19041.0/win-x64/MsixContent/Microsoft.WindowsAppRuntime.dll' -> 'goodrive://www.googleapis.com/:personal:/bannister/BannisterTools/obj/x64/Release/net8.0-windows10.0.19041.0/win-x64/MsixContent/Microsoft.WindowsAppRuntime.dll' (1,332,768)
2026-09-28 06:19:29: Copy New 'C:/rock/bannister/BannisterTools/obj/x64/Release/net8.0-windows10.0.19041.0/win-x64/MsixContent/Microsoft.Windows.Widgets.winmd' -> 'goodrive://www.googleapis.com/:personal:/bannister/BannisterTools/obj/x64/Release/net8.0-windows10.0.19041.0/win-x64/MsixContent/Microsoft.Windows.Widgets.winmd' (32,288)
2026-09-28 06:19:30: Copy New 'C:/rock/bannister/BannisterTools/obj/x64/Release/net8.0-windows10.0.19041.0/win-x64/MsixContent/Microsoft.WindowsAppRuntime.Bootstrap.dll' -> 'goodrive://www.googleapis.com/:personal:/bannister/BannisterTools/obj/x64/Release/net8.0-windows10.0.19041.0/win-x64/MsixContent/Microsoft.WindowsAppRuntime.Bootstrap.dll' (391,208)
2026-09-28 06:19:30: < Copy New 'C:/rock/bannister/BannisterTools/obj/x64/Release/net8.0-windows10.0.19041.0/win-x64/MsixContent/Microsoft.WindowsAppRuntime.dll' -> 'goodrive://www.googleapis.com/:personal:/bannister/BannisterTools/obj/x64/Release/net8.0-windows10.0.19041.0/win-x64/MsixContent/Microsoft.WindowsAppRuntime.dll' (1,332,768)
2026-09-28 06:19:31: Copy New 'C:/rock/bannister/BannisterTools/obj/x64/Release/net8.0-windows10.0.19041.0/win-x64/MsixContent/Microsoft.WindowsAppRuntime.Insights.Resource.dll' -> 'goodrive://www.googleapis.com/:personal:/bannister/BannisterTools/obj/x64/Release/net8.0-windows10.0.19041.0/win-x64/MsixContent/Microsoft.WindowsAppRuntime.Insights.Resource.dll' (38,944)
2026-09-28 06:19:31: Create Folder goodrive://www.googleapis.com/:personal:/bannister/BannisterTools/obj/x64/Release/net8.0-windows10.0.19041.0/win-x64/MsixContent/mk-MK
2026-09-28 06:19:31: Create Folder goodrive://www.googleapis.com/:personal:/bannister/BannisterTools/obj/x64/Release/net8.0-windows10.0.19041.0/win-x64/MsixContent/mr-IN
2026-09-28 06:19:31: Create Folder goodrive://www.googleapis.com/:personal:/bannister/BannisterTools/obj/x64/Release/net8.0-windows10.0.19041.0/win-x64/MsixContent/ml-IN
2026-09-28 06:19:33: Copy New 'C:/rock/bannister/BannisterTools/obj/x64/Release/net8.0-windows10.0.19041.0/win-x64/MsixContent/Microsoft.WindowsAppRuntime.Release%211.5.1' -> 'goodrive://www.googleapis.com/:personal:/bannister/BannisterTools/obj/x64/Release/net8.0-windows10.0.19041.0/win-x64/MsixContent/Microsoft.WindowsAppRuntime.Release%211.5.1' (43)
2026-09-28 06:19:34: Copy New 'C:/rock/bannister/BannisterTools/obj/x64/Release/net8.0-windows10.0.19041.0/win-x64/MsixContent/mk-MK/Microsoft.ui.xaml.dll.mui' -> 'goodrive://www.googleapis.com/:personal:/bannister/BannisterTools/obj/x64/Release/net8.0-windows10.0.19041.0/win-x64/MsixContent/mk-MK/Microsoft.ui.xaml.dll.mui' (17,408)
2026-09-28 06:19:34: Copy New 'C:/rock/bannister/BannisterTools/obj/x64/Release/net8.0-windows10.0.19041.0/win-x64/MsixContent/mr-IN/Microsoft.ui.xaml.dll.mui' -> 'goodrive://www.googleapis.com/:personal:/bannister/BannisterTools/obj/x64/Release/net8.0-windows10.0.19041.0/win-x64/MsixContent/mr-IN/Microsoft.ui.xaml.dll.mui' (16,384)
2026-09-28 06:19:35: Copy New 'C:/rock/bannister/BannisterTools/obj/x64/Release/net8.0-windows10.0.19041.0/win-x64/MsixContent/ml-IN/Microsoft.ui.xaml.dll.mui' -> 'goodrive://www.googleapis.com/:personal:/bannister/BannisterTools/obj/x64/Release/net8.0-windows10.0.19041.0/win-x64/MsixContent/ml-IN/Microsoft.ui.xaml.dll.mui' (18,432)
2026-09-28 06:19:36: Copy New 'C:/rock/bannister/BannisterTools/obj/x64/Release/net8.0-windows10.0.19041.0/win-x64/MsixContent/ml-IN/Microsoft.UI.Xaml.Phone.dll.mui' -> 'goodrive://www.googleapis.com/:personal:/bannister/BannisterTools/obj/x64/Release/net8.0-windows10.0.19041.0/win-x64/MsixContent/ml-IN/Microsoft.UI.Xaml.Phone.dll.mui' (4,096)
2026-09-28 06:19:36: Copy New 'C:/rock/bannister/BannisterTools/obj/x64/Release/net8.0-windows10.0.19041.0/win-x64/MsixContent/mr-IN/Microsoft.UI.Xaml.Phone.dll.mui' -> 'goodrive://www.googleapis.com/:personal:/bannister/BannisterTools/obj/x64/Release/net8.0-windows10.0.19041.0/win-x64/MsixContent/mr-IN/Microsoft.UI.Xaml.Phone.dll.mui' (4,096)
2026-09-28 06:19:37: Create Folder goodrive://www.googleapis.com/:personal:/bannister/BannisterTools/obj/x64/Release/net8.0-windows10.0.19041.0/win-x64/MsixContent/ms-MY
2026-09-28 06:19:37: Copy New 'C:/rock/bannister/BannisterTools/obj/x64/Release/net8.0-windows10.0.19041.0/win-x64/MsixContent/mk-MK/Microsoft.UI.Xaml.Phone.dll.mui' -> 'goodrive://www.googleapis.com/:personal:/bannister/BannisterTools/obj/x64/Release/net8.0-windows10.0.19041.0/win-x64/MsixContent/mk-MK/Microsoft.UI.Xaml.Phone.dll.mui' (4,096)
2026-09-28 06:19:37: Create Folder goodrive://www.googleapis.com/:personal:/bannister/BannisterTools/obj/x64/Release/net8.0-windows10.0.19041.0/win-x64/MsixContent/MSIX
2026-09-28 06:19:38: Copy New 'C:/rock/bannister/BannisterTools/obj/x64/Release/net8.0-windows10.0.19041.0/win-x64/MsixContent/MRM.dll' -> 'goodrive://www.googleapis.com/:personal:/bannister/BannisterTools/obj/x64/Release/net8.0-windows10.0.19041.0/win-x64/MsixContent/MRM.dll' (304,576)
2026-09-28 06:19:39: Copy New 'C:/rock/bannister/BannisterTools/obj/x64/Release/net8.0-windows10.0.19041.0/win-x64/MsixContent/ms-MY/Microsoft.ui.xaml.dll.mui' -> 'goodrive://www.googleapis.com/:personal:/bannister/BannisterTools/obj/x64/Release/net8.0-windows10.0.19041.0/win-x64/MsixContent/ms-MY/Microsoft.ui.xaml.dll.mui' (16,896)
2026-09-28 06:19:39: Copy New 'C:/rock/bannister/BannisterTools/obj/x64/Release/net8.0-windows10.0.19041.0/win-x64/MsixContent/ms-MY/Microsoft.UI.Xaml.Phone.dll.mui' -> 'goodrive://www.googleapis.com/:personal:/bannister/BannisterTools/obj/x64/Release/net8.0-windows10.0.19041.0/win-x64/MsixContent/ms-MY/Microsoft.UI.Xaml.Phone.dll.mui' (4,096)
2026-09-28 06:19:41: Copy New 'C:/rock/bannister/BannisterTools/obj/x64/Release/net8.0-windows10.0.19041.0/win-x64/MsixContent/MSIX/Main.msix' -> 'goodrive://www.googleapis.com/:personal:/bannister/BannisterTools/obj/x64/Release/net8.0-windows10.0.19041.0/win-x64/MsixContent/MSIX/Main.msix' (89,174)
2026-09-28 06:19:42: Copy New 'C:/rock/bannister/BannisterTools/obj/x64/Release/net8.0-windows10.0.19041.0/win-x64/MsixContent/MSIX/main_license.xml' -> 'goodrive://www.googleapis.com/:personal:/bannister/BannisterTools/obj/x64/Release/net8.0-windows10.0.19041.0/win-x64/MsixContent/MSIX/main_license.xml' (2,747)
2026-09-28 06:19:42: Copy New 'C:/rock/bannister/BannisterTools/obj/x64/Release/net8.0-windows10.0.19041.0/win-x64/MsixContent/MSIX/Singleton.msix' -> 'goodrive://www.googleapis.com/:personal:/bannister/BannisterTools/obj/x64/Release/net8.0-windows10.0.19041.0/win-x64/MsixContent/MSIX/Singleton.msix' (169,255)
2026-09-28 06:19:42: Create Folder goodrive://www.googleapis.com/:personal:/bannister/BannisterTools/obj/x64/Release/net8.0-windows10.0.19041.0/win-x64/MsixContent/mt-MT
2026-09-28 06:19:42: Create Folder goodrive://www.googleapis.com/:personal:/bannister/BannisterTools/obj/x64/Release/net8.0-windows10.0.19041.0/win-x64/MsixContent/nb-NO
2026-09-28 06:19:43: Create Folder goodrive://www.googleapis.com/:personal:/bannister/BannisterTools/obj/x64/Release/net8.0-windows10.0.19041.0/win-x64/MsixContent/ne-NP
2026-09-28 06:19:43: Copy New 'C:/rock/bannister/BannisterTools/obj/x64/Release/net8.0-windows10.0.19041.0/win-x64/MsixContent/MSIX/singleton_license.xml' -> 'goodrive://www.googleapis.com/:personal:/bannister/BannisterTools/obj/x64/Release/net8.0-windows10.0.19041.0/win-x64/MsixContent/MSIX/singleton_license.xml' (2,752)
2026-09-28 06:19:45: Copy New 'C:/rock/bannister/BannisterTools/obj/x64/Release/net8.0-windows10.0.19041.0/win-x64/MsixContent/nb-NO/Microsoft.ui.xaml.dll.mui' -> 'goodrive://www.googleapis.com/:personal:/bannister/BannisterTools/obj/x64/Release/net8.0-windows10.0.19041.0/win-x64/MsixContent/nb-NO/Microsoft.ui.xaml.dll.mui' (15,872)
2026-09-28 06:19:45: Copy New 'C:/rock/bannister/BannisterTools/obj/x64/Release/net8.0-windows10.0.19041.0/win-x64/MsixContent/mt-MT/Microsoft.ui.xaml.dll.mui' -> 'goodrive://www.googleapis.com/:personal:/bannister/BannisterTools/obj/x64/Release/net8.0-windows10.0.19041.0/win-x64/MsixContent/mt-MT/Microsoft.ui.xaml.dll.mui' (17,408)
2026-09-28 06:19:46: Copy New 'C:/rock/bannister/BannisterTools/obj/x64/Release/net8.0-windows10.0.19041.0/win-x64/MsixContent/ne-NP/Microsoft.ui.xaml.dll.mui' -> 'goodrive://www.googleapis.com/:personal:/bannister/BannisterTools/obj/x64/Release/net8.0-windows10.0.19041.0/win-x64/MsixContent/ne-NP/Microsoft.ui.xaml.dll.mui' (16,896)
2026-09-28 06:19:47: Copy New 'C:/rock/bannister/BannisterTools/obj/x64/Release/net8.0-windows10.0.19041.0/win-x64/MsixContent/ne-NP/Microsoft.UI.Xaml.Phone.dll.mui' -> 'goodrive://www.googleapis.com/:personal:/bannister/BannisterTools/obj/x64/Release/net8.0-windows10.0.19041.0/win-x64/MsixContent/ne-NP/Microsoft.UI.Xaml.Phone.dll.mui' (4,096)
2026-09-28 06:19:48: Copy New 'C:/rock/bannister/BannisterTools/obj/x64/Release/net8.0-windows10.0.19041.0/win-x64/MsixContent/nb-NO/Microsoft.UI.Xaml.Phone.dll.mui' -> 'goodrive://www.googleapis.com/:personal:/bannister/BannisterTools/obj/x64/Release/net8.0-windows10.0.19041.0/win-x64/MsixContent/nb-NO/Microsoft.UI.Xaml.Phone.dll.mui' (4,096)
2026-09-28 06:19:48: Create Folder goodrive://www.googleapis.com/:personal:/bannister/BannisterTools/obj/x64/Release/net8.0-windows10.0.19041.0/win-x64/MsixContent/nl-NL
2026-09-28 06:19:48: Create Folder goodrive://www.googleapis.com/:personal:/bannister/BannisterTools/obj/x64/Release/net8.0-windows10.0.19041.0/win-x64/MsixContent/nn-NO
2026-09-28 06:19:49: Create Folder goodrive://www.googleapis.com/:personal:/bannister/BannisterTools/obj/x64/Release/net8.0-windows10.0.19041.0/win-x64/MsixContent/or-IN
2026-09-28 06:19:49: Copy New 'C:/rock/bannister/BannisterTools/obj/x64/Release/net8.0-windows10.0.19041.0/win-x64/MsixContent/mt-MT/Microsoft.UI.Xaml.Phone.dll.mui' -> 'goodrive://www.googleapis.com/:personal:/bannister/BannisterTools/obj/x64/Release/net8.0-windows10.0.19041.0/win-x64/MsixContent/mt-MT/Microsoft.UI.Xaml.Phone.dll.mui' (4,096)
2026-09-28 06:19:51: Copy New 'C:/rock/bannister/BannisterTools/obj/x64/Release/net8.0-windows10.0.19041.0/win-x64/MsixContent/nl-NL/Microsoft.ui.xaml.dll.mui' -> 'goodrive://www.googleapis.com/:personal:/bannister/BannisterTools/obj/x64/Release/net8.0-windows10.0.19041.0/win-x64/MsixContent/nl-NL/Microsoft.ui.xaml.dll.mui' (16,896)
2026-09-28 06:19:51: Copy New 'C:/rock/bannister/BannisterTools/obj/x64/Release/net8.0-windows10.0.19041.0/win-x64/MsixContent/nn-NO/Microsoft.ui.xaml.dll.mui' -> 'goodrive://www.googleapis.com/:personal:/bannister/BannisterTools/obj/x64/Release/net8.0-windows10.0.19041.0/win-x64/MsixContent/nn-NO/Microsoft.ui.xaml.dll.mui' (15,872)
2026-09-28 06:19:51: Copy New 'C:/rock/bannister/BannisterTools/obj/x64/Release/net8.0-windows10.0.19041.0/win-x64/MsixContent/or-IN/Microsoft.ui.xaml.dll.mui' -> 'goodrive://www.googleapis.com/:personal:/bannister/BannisterTools/obj/x64/Release/net8.0-windows10.0.19041.0/win-x64/MsixContent/or-IN/Microsoft.ui.xaml.dll.mui' (16,896)
2026-09-28 06:19:53: Copy New 'C:/rock/bannister/BannisterTools/obj/x64/Release/net8.0-windows10.0.19041.0/win-x64/MsixContent/or-IN/Microsoft.UI.Xaml.Phone.dll.mui' -> 'goodrive://www.googleapis.com/:personal:/bannister/BannisterTools/obj/x64/Release/net8.0-windows10.0.19041.0/win-x64/MsixContent/or-IN/Microsoft.UI.Xaml.Phone.dll.mui' (4,096)
2026-09-28 06:19:53: Copy New 'C:/rock/bannister/BannisterTools/obj/x64/Release/net8.0-windows10.0.19041.0/win-x64/MsixContent/nn-NO/Microsoft.UI.Xaml.Phone.dll.mui' -> 'goodrive://www.googleapis.com/:personal:/bannister/BannisterTools/obj/x64/Release/net8.0-windows10.0.19041.0/win-x64/MsixContent/nn-NO/Microsoft.UI.Xaml.Phone.dll.mui' (4,096)
2026-09-28 06:19:54: Copy New 'C:/rock/bannister/BannisterTools/obj/x64/Release/net8.0-windows10.0.19041.0/win-x64/MsixContent/nl-NL/Microsoft.UI.Xaml.Phone.dll.mui' -> 'goodrive://www.googleapis.com/:personal:/bannister/BannisterTools/obj/x64/Release/net8.0-windows10.0.19041.0/win-x64/MsixContent/nl-NL/Microsoft.UI.Xaml.Phone.dll.mui' (4,096)
2026-09-28 06:19:54: Create Folder goodrive://www.googleapis.com/:personal:/bannister/BannisterTools/obj/x64/Release/net8.0-windows10.0.19041.0/win-x64/MsixContent/pl-PL
2026-09-28 06:19:54: Create Folder goodrive://www.googleapis.com/:personal:/bannister/BannisterTools/obj/x64/Release/net8.0-windows10.0.19041.0/win-x64/MsixContent/pa-IN
2026-09-28 06:19:54: Create Folder goodrive://www.googleapis.com/:personal:/bannister/BannisterTools/obj/x64/Release/net8.0-windows10.0.19041.0/win-x64/MsixContent/pt-BR
2026-09-28 06:19:54: Create Folder goodrive://www.googleapis.com/:personal:/bannister/BannisterTools/obj/x64/Release/net8.0-windows10.0.19041.0/win-x64/MsixContent/pt-PT
2026-09-28 06:19:56: Copy New 'C:/rock/bannister/BannisterTools/obj/x64/Release/net8.0-windows10.0.19041.0/win-x64/MsixContent/pl-PL/Microsoft.ui.xaml.dll.mui' -> 'goodrive://www.googleapis.com/:personal:/bannister/BannisterTools/obj/x64/Release/net8.0-windows10.0.19041.0/win-x64/MsixContent/pl-PL/Microsoft.ui.xaml.dll.mui' (17,920)
2026-09-28 06:19:57: Copy New 'C:/rock/bannister/BannisterTools/obj/x64/Release/net8.0-windows10.0.19041.0/win-x64/MsixContent/pa-IN/Microsoft.ui.xaml.dll.mui' -> 'goodrive://www.googleapis.com/:personal:/bannister/BannisterTools/obj/x64/Release/net8.0-windows10.0.19041.0/win-x64/MsixContent/pa-IN/Microsoft.ui.xaml.dll.mui' (15,360)
2026-09-28 06:19:57: Copy New 'C:/rock/bannister/BannisterTools/obj/x64/Release/net8.0-windows10.0.19041.0/win-x64/MsixContent/pt-BR/Microsoft.ui.xaml.dll.mui' -> 'goodrive://www.googleapis.com/:personal:/bannister/BannisterTools/obj/x64/Release/net8.0-windows10.0.19041.0/win-x64/MsixContent/pt-BR/Microsoft.ui.xaml.dll.mui' (17,408)
2026-09-28 06:19:59: Copy New 'C:/rock/bannister/BannisterTools/obj/x64/Release/net8.0-windows10.0.19041.0/win-x64/MsixContent/pt-PT/Microsoft.ui.xaml.dll.mui' -> 'goodrive://www.googleapis.com/:personal:/bannister/BannisterTools/obj/x64/Release/net8.0-windows10.0.19041.0/win-x64/MsixContent/pt-PT/Microsoft.ui.xaml.dll.mui' (17,408)
2026-09-28 06:19:59: Copy New 'C:/rock/bannister/BannisterTools/obj/x64/Release/net8.0-windows10.0.19041.0/win-x64/MsixContent/pt-BR/Microsoft.UI.Xaml.Phone.dll.mui' -> 'goodrive://www.googleapis.com/:personal:/bannister/BannisterTools/obj/x64/Release/net8.0-windows10.0.19041.0/win-x64/MsixContent/pt-BR/Microsoft.UI.Xaml.Phone.dll.mui' (4,096)
2026-09-28 06:19:59: Copy New 'C:/rock/bannister/BannisterTools/obj/x64/Release/net8.0-windows10.0.19041.0/win-x64/MsixContent/pt-PT/Microsoft.UI.Xaml.Phone.dll.mui' -> 'goodrive://www.googleapis.com/:personal:/bannister/BannisterTools/obj/x64/Release/net8.0-windows10.0.19041.0/win-x64/MsixContent/pt-PT/Microsoft.UI.Xaml.Phone.dll.mui' (4,096)
2026-09-28 06:20:01: Copy New 'C:/rock/bannister/BannisterTools/obj/x64/Release/net8.0-windows10.0.19041.0/win-x64/MsixContent/pa-IN/Microsoft.UI.Xaml.Phone.dll.mui' -> 'goodrive://www.googleapis.com/:personal:/bannister/BannisterTools/obj/x64/Release/net8.0-windows10.0.19041.0/win-x64/MsixContent/pa-IN/Microsoft.UI.Xaml.Phone.dll.mui' (3,584)
2026-09-28 06:20:01: Copy New 'C:/rock/bannister/BannisterTools/obj/x64/Release/net8.0-windows10.0.19041.0/win-x64/MsixContent/pl-PL/Microsoft.UI.Xaml.Phone.dll.mui' -> 'goodrive://www.googleapis.com/:personal:/bannister/BannisterTools/obj/x64/Release/net8.0-windows10.0.19041.0/win-x64/MsixContent/pl-PL/Microsoft.UI.Xaml.Phone.dll.mui' (4,096)
2026-09-28 06:20:01: Copy New 'C:/rock/bannister/BannisterTools/obj/x64/Release/net8.0-windows10.0.19041.0/win-x64/MsixContent/PushNotificationsLongRunningTask.ProxyStub.dll' -> 'goodrive://www.googleapis.com/:personal:/bannister/BannisterTools/obj/x64/Release/net8.0-windows10.0.19041.0/win-x64/MsixContent/PushNotificationsLongRunningTask.ProxyStub.dll' (44,064)
2026-09-28 06:20:02: Create Folder goodrive://www.googleapis.com/:personal:/bannister/BannisterTools/obj/x64/Release/net8.0-windows10.0.19041.0/win-x64/MsixContent/quz-PE
2026-09-28 06:20:02: Create Folder goodrive://www.googleapis.com/:personal:/bannister/BannisterTools/obj/x64/Release/net8.0-windows10.0.19041.0/win-x64/MsixContent/ro-RO
2026-09-28 06:20:03: Create Folder goodrive://www.googleapis.com/:personal:/bannister/BannisterTools/obj/x64/Release/net8.0-windows10.0.19041.0/win-x64/MsixContent/ru-RU
2026-09-28 06:20:03: Copy New 'C:/rock/bannister/BannisterTools/obj/x64/Release/net8.0-windows10.0.19041.0/win-x64/MsixContent/RestartAgent.exe' -> 'goodrive://www.googleapis.com/:personal:/bannister/BannisterTools/obj/x64/Release/net8.0-windows10.0.19041.0/win-x64/MsixContent/RestartAgent.exe' (86,560)
2026-09-28 06:20:04: Copy New 'C:/rock/bannister/BannisterTools/obj/x64/Release/net8.0-windows10.0.19041.0/win-x64/MsixContent/quz-PE/Microsoft.ui.xaml.dll.mui' -> 'goodrive://www.googleapis.com/:personal:/bannister/BannisterTools/obj/x64/Release/net8.0-windows10.0.19041.0/win-x64/MsixContent/quz-PE/Microsoft.ui.xaml.dll.mui' (17,920)
2026-09-28 06:20:06: Copy New 'C:/rock/bannister/BannisterTools/obj/x64/Release/net8.0-windows10.0.19041.0/win-x64/MsixContent/ro-RO/Microsoft.ui.xaml.dll.mui' -> 'goodrive://www.googleapis.com/:personal:/bannister/BannisterTools/obj/x64/Release/net8.0-windows10.0.19041.0/win-x64/MsixContent/ro-RO/Microsoft.ui.xaml.dll.mui' (17,408)
2026-09-28 06:20:06: Copy New 'C:/rock/bannister/BannisterTools/obj/x64/Release/net8.0-windows10.0.19041.0/win-x64/MsixContent/ru-RU/Microsoft.ui.xaml.dll.mui' -> 'goodrive://www.googleapis.com/:personal:/bannister/BannisterTools/obj/x64/Release/net8.0-windows10.0.19041.0/win-x64/MsixContent/ru-RU/Microsoft.ui.xaml.dll.mui' (18,944)
2026-09-28 06:20:06: Copy New 'C:/rock/bannister/BannisterTools/obj/x64/Release/net8.0-windows10.0.19041.0/win-x64/MsixContent/ru-RU/Microsoft.UI.Xaml.Phone.dll.mui' -> 'goodrive://www.googleapis.com/:personal:/bannister/BannisterTools/obj/x64/Release/net8.0-windows10.0.19041.0/win-x64/MsixContent/ru-RU/Microsoft.UI.Xaml.Phone.dll.mui' (4,096)
2026-09-28 06:20:07: Create Folder goodrive://www.googleapis.com/:personal:/bannister/BannisterTools/obj/x64/Release/net8.0-windows10.0.19041.0/win-x64/MsixContent/sk-SK
2026-09-28 06:20:07: Create Folder goodrive://www.googleapis.com/:personal:/bannister/BannisterTools/obj/x64/Release/net8.0-windows10.0.19041.0/win-x64/MsixContent/sl-SI
2026-09-28 06:20:08: Copy New 'C:/rock/bannister/BannisterTools/obj/x64/Release/net8.0-windows10.0.19041.0/win-x64/MsixContent/ro-RO/Microsoft.UI.Xaml.Phone.dll.mui' -> 'goodrive://www.googleapis.com/:personal:/bannister/BannisterTools/obj/x64/Release/net8.0-windows10.0.19041.0/win-x64/MsixContent/ro-RO/Microsoft.UI.Xaml.Phone.dll.mui' (4,096)
2026-09-28 06:20:08: Copy New 'C:/rock/bannister/BannisterTools/obj/x64/Release/net8.0-windows10.0.19041.0/win-x64/MsixContent/quz-PE/Microsoft.UI.Xaml.Phone.dll.mui' -> 'goodrive://www.googleapis.com/:personal:/bannister/BannisterTools/obj/x64/Release/net8.0-windows10.0.19041.0/win-x64/MsixContent/quz-PE/Microsoft.UI.Xaml.Phone.dll.mui' (4,096)
2026-09-28 06:20:10: Copy New 'C:/rock/bannister/BannisterTools/obj/x64/Release/net8.0-windows10.0.19041.0/win-x64/MsixContent/sk-SK/Microsoft.ui.xaml.dll.mui' -> 'goodrive://www.googleapis.com/:personal:/bannister/BannisterTools/obj/x64/Release/net8.0-windows10.0.19041.0/win-x64/MsixContent/sk-SK/Microsoft.ui.xaml.dll.mui' (17,920)
2026-09-28 06:20:10: Copy New 'C:/rock/bannister/BannisterTools/obj/x64/Release/net8.0-windows10.0.19041.0/win-x64/MsixContent/sl-SI/Microsoft.ui.xaml.dll.mui' -> 'goodrive://www.googleapis.com/:personal:/bannister/BannisterTools/obj/x64/Release/net8.0-windows10.0.19041.0/win-x64/MsixContent/sl-SI/Microsoft.ui.xaml.dll.mui' (17,408)
2026-09-28 06:20:10: Copy New 'C:/rock/bannister/BannisterTools/obj/x64/Release/net8.0-windows10.0.19041.0/win-x64/MsixContent/sl-SI/Microsoft.UI.Xaml.Phone.dll.mui' -> 'goodrive://www.googleapis.com/:personal:/bannister/BannisterTools/obj/x64/Release/net8.0-windows10.0.19041.0/win-x64/MsixContent/sl-SI/Microsoft.UI.Xaml.Phone.dll.mui' (4,096)
2026-09-28 06:20:11: Create Folder goodrive://www.googleapis.com/:personal:/bannister/BannisterTools/obj/x64/Release/net8.0-windows10.0.19041.0/win-x64/MsixContent/sq-AL
2026-09-28 06:20:11: Create Folder goodrive://www.googleapis.com/:personal:/bannister/BannisterTools/obj/x64/Release/net8.0-windows10.0.19041.0/win-x64/MsixContent/sr-Cyrl-BA
2026-09-28 06:20:12: Create Folder goodrive://www.googleapis.com/:personal:/bannister/BannisterTools/obj/x64/Release/net8.0-windows10.0.19041.0/win-x64/MsixContent/sr-Cyrl-RS
2026-09-28 06:20:13: Copy New 'C:/rock/bannister/BannisterTools/obj/x64/Release/net8.0-windows10.0.19041.0/win-x64/MsixContent/sk-SK/Microsoft.UI.Xaml.Phone.dll.mui' -> 'goodrive://www.googleapis.com/:personal:/bannister/BannisterTools/obj/x64/Release/net8.0-windows10.0.19041.0/win-x64/MsixContent/sk-SK/Microsoft.UI.Xaml.Phone.dll.mui' (4,096)
2026-09-28 06:20:14: Copy New 'C:/rock/bannister/BannisterTools/obj/x64/Release/net8.0-windows10.0.19041.0/win-x64/MsixContent/sr-Cyrl-BA/Microsoft.ui.xaml.dll.mui' -> 'goodrive://www.googleapis.com/:personal:/bannister/BannisterTools/obj/x64/Release/net8.0-windows10.0.19041.0/win-x64/MsixContent/sr-Cyrl-BA/Microsoft.ui.xaml.dll.mui' (17,408)
2026-09-28 06:20:14: Copy New 'C:/rock/bannister/BannisterTools/obj/x64/Release/net8.0-windows10.0.19041.0/win-x64/MsixContent/sq-AL/Microsoft.ui.xaml.dll.mui' -> 'goodrive://www.googleapis.com/:personal:/bannister/BannisterTools/obj/x64/Release/net8.0-windows10.0.19041.0/win-x64/MsixContent/sq-AL/Microsoft.ui.xaml.dll.mui' (17,408)
2026-09-28 06:20:15: Copy New 'C:/rock/bannister/BannisterTools/obj/x64/Release/net8.0-windows10.0.19041.0/win-x64/MsixContent/sr-Cyrl-RS/Microsoft.ui.xaml.dll.mui' -> 'goodrive://www.googleapis.com/:personal:/bannister/BannisterTools/obj/x64/Release/net8.0-windows10.0.19041.0/win-x64/MsixContent/sr-Cyrl-RS/Microsoft.ui.xaml.dll.mui' (17,408)
2026-09-28 06:20:16: Copy New 'C:/rock/bannister/BannisterTools/obj/x64/Release/net8.0-windows10.0.19041.0/win-x64/MsixContent/sr-Cyrl-RS/Microsoft.UI.Xaml.Phone.dll.mui' -> 'goodrive://www.googleapis.com/:personal:/bannister/BannisterTools/obj/x64/Release/net8.0-windows10.0.19041.0/win-x64/MsixContent/sr-Cyrl-RS/Microsoft.UI.Xaml.Phone.dll.mui' (4,096)
2026-09-28 06:20:16: Copy New 'C:/rock/bannister/BannisterTools/obj/x64/Release/net8.0-windows10.0.19041.0/win-x64/MsixContent/sq-AL/Microsoft.UI.Xaml.Phone.dll.mui' -> 'goodrive://www.googleapis.com/:personal:/bannister/BannisterTools/obj/x64/Release/net8.0-windows10.0.19041.0/win-x64/MsixContent/sq-AL/Microsoft.UI.Xaml.Phone.dll.mui' (4,096)
2026-09-28 06:20:17: Create Folder goodrive://www.googleapis.com/:personal:/bannister/BannisterTools/obj/x64/Release/net8.0-windows10.0.19041.0/win-x64/MsixContent/sr-Latn-RS
2026-09-28 06:20:17: Create Folder goodrive://www.googleapis.com/:personal:/bannister/BannisterTools/obj/x64/Release/net8.0-windows10.0.19041.0/win-x64/MsixContent/sv-SE
2026-09-28 06:20:17: Copy New 'C:/rock/bannister/BannisterTools/obj/x64/Release/net8.0-windows10.0.19041.0/win-x64/MsixContent/sr-Cyrl-BA/Microsoft.UI.Xaml.Phone.dll.mui' -> 'goodrive://www.googleapis.com/:personal:/bannister/BannisterTools/obj/x64/Release/net8.0-windows10.0.19041.0/win-x64/MsixContent/sr-Cyrl-BA/Microsoft.UI.Xaml.Phone.dll.mui' (4,096)
2026-09-28 06:20:18: Create Folder goodrive://www.googleapis.com/:personal:/bannister/BannisterTools/obj/x64/Release/net8.0-windows10.0.19041.0/win-x64/MsixContent/ta-IN
2026-09-28 06:20:19: Copy New 'C:/rock/bannister/BannisterTools/obj/x64/Release/net8.0-windows10.0.19041.0/win-x64/MsixContent/sr-Latn-RS/Microsoft.ui.xaml.dll.mui' -> 'goodrive://www.googleapis.com/:personal:/bannister/BannisterTools/obj/x64/Release/net8.0-windows10.0.19041.0/win-x64/MsixContent/sr-Latn-RS/Microsoft.ui.xaml.dll.mui' (17,408)
2026-09-28 06:20:20: Copy New 'C:/rock/bannister/BannisterTools/obj/x64/Release/net8.0-windows10.0.19041.0/win-x64/MsixContent/sv-SE/Microsoft.UI.Xaml.Phone.dll.mui' -> 'goodrive://www.googleapis.com/:personal:/bannister/BannisterTools/obj/x64/Release/net8.0-windows10.0.19041.0/win-x64/MsixContent/sv-SE/Microsoft.UI.Xaml.Phone.dll.mui' (4,096)
2026-09-28 06:20:20: Copy New 'C:/rock/bannister/BannisterTools/obj/x64/Release/net8.0-windows10.0.19041.0/win-x64/MsixContent/sv-SE/Microsoft.ui.xaml.dll.mui' -> 'goodrive://www.googleapis.com/:personal:/bannister/BannisterTools/obj/x64/Release/net8.0-windows10.0.19041.0/win-x64/MsixContent/sv-SE/Microsoft.ui.xaml.dll.mui' (15,872)
2026-09-28 06:20:21: Copy New 'C:/rock/bannister/BannisterTools/obj/x64/Release/net8.0-windows10.0.19041.0/win-x64/MsixContent/ta-IN/Microsoft.ui.xaml.dll.mui' -> 'goodrive://www.googleapis.com/:personal:/bannister/BannisterTools/obj/x64/Release/net8.0-windows10.0.19041.0/win-x64/MsixContent/ta-IN/Microsoft.ui.xaml.dll.mui' (17,920)
2026-09-28 06:20:22: Copy New 'C:/rock/bannister/BannisterTools/obj/x64/Release/net8.0-windows10.0.19041.0/win-x64/MsixContent/ta-IN/Microsoft.UI.Xaml.Phone.dll.mui' -> 'goodrive://www.googleapis.com/:personal:/bannister/BannisterTools/obj/x64/Release/net8.0-windows10.0.19041.0/win-x64/MsixContent/ta-IN/Microsoft.UI.Xaml.Phone.dll.mui' (4,096)
2026-09-28 06:20:22: Copy New 'C:/rock/bannister/BannisterTools/obj/x64/Release/net8.0-windows10.0.19041.0/win-x64/MsixContent/sr-Latn-RS/Microsoft.UI.Xaml.Phone.dll.mui' -> 'goodrive://www.googleapis.com/:personal:/bannister/BannisterTools/obj/x64/Release/net8.0-windows10.0.19041.0/win-x64/MsixContent/sr-Latn-RS/Microsoft.UI.Xaml.Phone.dll.mui' (4,096)
2026-09-28 06:20:22: Create Folder goodrive://www.googleapis.com/:personal:/bannister/BannisterTools/obj/x64/Release/net8.0-windows10.0.19041.0/win-x64/MsixContent/te-IN
2026-09-28 06:20:23: Create Folder goodrive://www.googleapis.com/:personal:/bannister/BannisterTools/obj/x64/Release/net8.0-windows10.0.19041.0/win-x64/MsixContent/th-TH
2026-09-28 06:20:23: Create Folder goodrive://www.googleapis.com/:personal:/bannister/BannisterTools/obj/x64/Release/net8.0-windows10.0.19041.0/win-x64/MsixContent/tr-TR
2026-09-28 06:20:23: Create Folder goodrive://www.googleapis.com/:personal:/bannister/BannisterTools/obj/x64/Release/net8.0-windows10.0.19041.0/win-x64/MsixContent/tt-RU
2026-09-28 06:20:25: Copy New 'C:/rock/bannister/BannisterTools/obj/x64/Release/net8.0-windows10.0.19041.0/win-x64/MsixContent/te-IN/Microsoft.ui.xaml.dll.mui' -> 'goodrive://www.googleapis.com/:personal:/bannister/BannisterTools/obj/x64/Release/net8.0-windows10.0.19041.0/win-x64/MsixContent/te-IN/Microsoft.ui.xaml.dll.mui' (17,408)
2026-09-28 06:20:25: Copy New 'C:/rock/bannister/BannisterTools/obj/x64/Release/net8.0-windows10.0.19041.0/win-x64/MsixContent/th-TH/Microsoft.ui.xaml.dll.mui' -> 'goodrive://www.googleapis.com/:personal:/bannister/BannisterTools/obj/x64/Release/net8.0-windows10.0.19041.0/win-x64/MsixContent/th-TH/Microsoft.ui.xaml.dll.mui' (15,872)
2026-09-28 06:20:26: Copy New 'C:/rock/bannister/BannisterTools/obj/x64/Release/net8.0-windows10.0.19041.0/win-x64/MsixContent/tr-TR/Microsoft.ui.xaml.dll.mui' -> 'goodrive://www.googleapis.com/:personal:/bannister/BannisterTools/obj/x64/Release/net8.0-windows10.0.19041.0/win-x64/MsixContent/tr-TR/Microsoft.ui.xaml.dll.mui' (15,872)
2026-09-28 06:20:27: Copy New 'C:/rock/bannister/BannisterTools/obj/x64/Release/net8.0-windows10.0.19041.0/win-x64/MsixContent/tt-RU/Microsoft.ui.xaml.dll.mui' -> 'goodrive://www.googleapis.com/:personal:/bannister/BannisterTools/obj/x64/Release/net8.0-windows10.0.19041.0/win-x64/MsixContent/tt-RU/Microsoft.ui.xaml.dll.mui' (16,896)
2026-09-28 06:20:27: Copy New 'C:/rock/bannister/BannisterTools/obj/x64/Release/net8.0-windows10.0.19041.0/win-x64/MsixContent/tt-RU/Microsoft.UI.Xaml.Phone.dll.mui' -> 'goodrive://www.googleapis.com/:personal:/bannister/BannisterTools/obj/x64/Release/net8.0-windows10.0.19041.0/win-x64/MsixContent/tt-RU/Microsoft.UI.Xaml.Phone.dll.mui' (4,096)
2026-09-28 06:20:28: Copy New 'C:/rock/bannister/BannisterTools/obj/x64/Release/net8.0-windows10.0.19041.0/win-x64/MsixContent/tr-TR/Microsoft.UI.Xaml.Phone.dll.mui' -> 'goodrive://www.googleapis.com/:personal:/bannister/BannisterTools/obj/x64/Release/net8.0-windows10.0.19041.0/win-x64/MsixContent/tr-TR/Microsoft.UI.Xaml.Phone.dll.mui' (4,096)
2026-09-28 06:20:28: Create Folder goodrive://www.googleapis.com/:personal:/bannister/BannisterTools/obj/x64/Release/net8.0-windows10.0.19041.0/win-x64/MsixContent/ug-CN
2026-09-28 06:20:29: Create Folder goodrive://www.googleapis.com/:personal:/bannister/BannisterTools/obj/x64/Release/net8.0-windows10.0.19041.0/win-x64/MsixContent/uk-UA
2026-09-28 06:20:30: Copy New 'C:/rock/bannister/BannisterTools/obj/x64/Release/net8.0-windows10.0.19041.0/win-x64/MsixContent/th-TH/Microsoft.UI.Xaml.Phone.dll.mui' -> 'goodrive://www.googleapis.com/:personal:/bannister/BannisterTools/obj/x64/Release/net8.0-windows10.0.19041.0/win-x64/MsixContent/th-TH/Microsoft.UI.Xaml.Phone.dll.mui' (4,096)
2026-09-28 06:20:30: Copy New 'C:/rock/bannister/BannisterTools/obj/x64/Release/net8.0-windows10.0.19041.0/win-x64/MsixContent/te-IN/Microsoft.UI.Xaml.Phone.dll.mui' -> 'goodrive://www.googleapis.com/:personal:/bannister/BannisterTools/obj/x64/Release/net8.0-windows10.0.19041.0/win-x64/MsixContent/te-IN/Microsoft.UI.Xaml.Phone.dll.mui' (4,096)
2026-09-28 06:20:31: Copy New 'C:/rock/bannister/BannisterTools/obj/x64/Release/net8.0-windows10.0.19041.0/win-x64/MsixContent/ug-CN/Microsoft.ui.xaml.dll.mui' -> 'goodrive://www.googleapis.com/:personal:/bannister/BannisterTools/obj/x64/Release/net8.0-windows10.0.19041.0/win-x64/MsixContent/ug-CN/Microsoft.ui.xaml.dll.mui' (16,896)
2026-09-28 06:20:32: Copy New 'C:/rock/bannister/BannisterTools/obj/x64/Release/net8.0-windows10.0.19041.0/win-x64/MsixContent/uk-UA/Microsoft.UI.Xaml.Phone.dll.mui' -> 'goodrive://www.googleapis.com/:personal:/bannister/BannisterTools/obj/x64/Release/net8.0-windows10.0.19041.0/win-x64/MsixContent/uk-UA/Microsoft.UI.Xaml.Phone.dll.mui' (4,096)
2026-09-28 06:20:32: Copy New 'C:/rock/bannister/BannisterTools/obj/x64/Release/net8.0-windows10.0.19041.0/win-x64/MsixContent/uk-UA/Microsoft.ui.xaml.dll.mui' -> 'goodrive://www.googleapis.com/:personal:/bannister/BannisterTools/obj/x64/Release/net8.0-windows10.0.19041.0/win-x64/MsixContent/uk-UA/Microsoft.ui.xaml.dll.mui' (17,920)
2026-09-28 06:20:33: Create Folder goodrive://www.googleapis.com/:personal:/bannister/BannisterTools/obj/x64/Release/net8.0-windows10.0.19041.0/win-x64/MsixContent/ur-PK
2026-09-28 06:20:33: Create Folder goodrive://www.googleapis.com/:personal:/bannister/BannisterTools/obj/x64/Release/net8.0-windows10.0.19041.0/win-x64/MsixContent/uz-Latn-UZ
2026-09-28 06:20:33: Create Folder goodrive://www.googleapis.com/:personal:/bannister/BannisterTools/obj/x64/Release/net8.0-windows10.0.19041.0/win-x64/MsixContent/vi-VN
2026-09-28 06:20:34: Copy New 'C:/rock/bannister/BannisterTools/obj/x64/Release/net8.0-windows10.0.19041.0/win-x64/MsixContent/ug-CN/Microsoft.UI.Xaml.Phone.dll.mui' -> 'goodrive://www.googleapis.com/:personal:/bannister/BannisterTools/obj/x64/Release/net8.0-windows10.0.19041.0/win-x64/MsixContent/ug-CN/Microsoft.UI.Xaml.Phone.dll.mui' (4,096)
2026-09-28 06:20:35: Copy New 'C:/rock/bannister/BannisterTools/obj/x64/Release/net8.0-windows10.0.19041.0/win-x64/MsixContent/ur-PK/Microsoft.ui.xaml.dll.mui' -> 'goodrive://www.googleapis.com/:personal:/bannister/BannisterTools/obj/x64/Release/net8.0-windows10.0.19041.0/win-x64/MsixContent/ur-PK/Microsoft.ui.xaml.dll.mui' (16,384)
2026-09-28 06:20:36: Copy New 'C:/rock/bannister/BannisterTools/obj/x64/Release/net8.0-windows10.0.19041.0/win-x64/MsixContent/vi-VN/Microsoft.ui.xaml.dll.mui' -> 'goodrive://www.googleapis.com/:personal:/bannister/BannisterTools/obj/x64/Release/net8.0-windows10.0.19041.0/win-x64/MsixContent/vi-VN/Microsoft.ui.xaml.dll.mui' (16,384)
2026-09-28 06:20:37: Copy New 'C:/rock/bannister/BannisterTools/obj/x64/Release/net8.0-windows10.0.19041.0/win-x64/MsixContent/uz-Latn-UZ/Microsoft.ui.xaml.dll.mui' -> 'goodrive://www.googleapis.com/:personal:/bannister/BannisterTools/obj/x64/Release/net8.0-windows10.0.19041.0/win-x64/MsixContent/uz-Latn-UZ/Microsoft.ui.xaml.dll.mui' (17,920)
2026-09-28 06:20:37: Copy New 'C:/rock/bannister/BannisterTools/obj/x64/Release/net8.0-windows10.0.19041.0/win-x64/MsixContent/vi-VN/Microsoft.UI.Xaml.Phone.dll.mui' -> 'goodrive://www.googleapis.com/:personal:/bannister/BannisterTools/obj/x64/Release/net8.0-windows10.0.19041.0/win-x64/MsixContent/vi-VN/Microsoft.UI.Xaml.Phone.dll.mui' (4,096)
2026-09-28 06:20:39: Copy New 'C:/rock/bannister/BannisterTools/obj/x64/Release/net8.0-windows10.0.19041.0/win-x64/MsixContent/uz-Latn-UZ/Microsoft.UI.Xaml.Phone.dll.mui' -> 'goodrive://www.googleapis.com/:personal:/bannister/BannisterTools/obj/x64/Release/net8.0-windows10.0.19041.0/win-x64/MsixContent/uz-Latn-UZ/Microsoft.UI.Xaml.Phone.dll.mui' (4,096)
2026-09-28 06:20:39: Copy New 'C:/rock/bannister/BannisterTools/obj/x64/Release/net8.0-windows10.0.19041.0/win-x64/MsixContent/ur-PK/Microsoft.UI.Xaml.Phone.dll.mui' -> 'goodrive://www.googleapis.com/:personal:/bannister/BannisterTools/obj/x64/Release/net8.0-windows10.0.19041.0/win-x64/MsixContent/ur-PK/Microsoft.UI.Xaml.Phone.dll.mui' (4,096)
2026-09-28 06:20:39: Copy New 'C:/rock/bannister/BannisterTools/obj/x64/Release/net8.0-windows10.0.19041.0/win-x64/MsixContent/WindowsAppRuntime.png' -> 'goodrive://www.googleapis.com/:personal:/bannister/BannisterTools/obj/x64/Release/net8.0-windows10.0.19041.0/win-x64/MsixContent/WindowsAppRuntime.png' (232)
2026-09-28 06:20:39: > Copy New 'C:/rock/bannister/BannisterTools/obj/x64/Release/net8.0-windows10.0.19041.0/win-x64/MsixContent/WinUIEdit.dll' -> 'goodrive://www.googleapis.com/:personal:/bannister/BannisterTools/obj/x64/Release/net8.0-windows10.0.19041.0/win-x64/MsixContent/WinUIEdit.dll' (3,397,160)
2026-09-28 06:20:41: Copy New 'C:/rock/bannister/BannisterTools/obj/x64/Release/net8.0-windows10.0.19041.0/win-x64/MsixContent/WindowsAppSdk.AppxDeploymentExtensions.Desktop-EventLog-Instrumentation.dll' -> 'goodrive://www.googleapis.com/:personal:/bannister/BannisterTools/obj/x64/Release/net8.0-windows10.0.19041.0/win-x64/MsixContent/WindowsAppSdk.AppxDeploymentExtensions.Desktop-EventLog-Instrumentation.dll' (50,056)
2026-09-28 06:20:41: Copy New 'C:/rock/bannister/BannisterTools/obj/x64/Release/net8.0-windows10.0.19041.0/win-x64/MsixContent/WindowsAppSdk.AppxDeploymentExtensions.Desktop.dll' -> 'goodrive://www.googleapis.com/:personal:/bannister/BannisterTools/obj/x64/Release/net8.0-windows10.0.19041.0/win-x64/MsixContent/WindowsAppSdk.AppxDeploymentExtensions.Desktop.dll' (624,520)
2026-09-28 06:20:42: < Copy New 'C:/rock/bannister/BannisterTools/obj/x64/Release/net8.0-windows10.0.19041.0/win-x64/MsixContent/WinUIEdit.dll' -> 'goodrive://www.googleapis.com/:personal:/bannister/BannisterTools/obj/x64/Release/net8.0-windows10.0.19041.0/win-x64/MsixContent/WinUIEdit.dll' (3,397,160)
2026-09-28 06:20:42: Create Folder goodrive://www.googleapis.com/:personal:/bannister/BannisterTools/obj/x64/Release/net8.0-windows10.0.19041.0/win-x64/MsixContent/zh-CN
2026-09-28 06:20:42: Create Folder goodrive://www.googleapis.com/:personal:/bannister/BannisterTools/obj/x64/Release/net8.0-windows10.0.19041.0/win-x64/MsixContent/zh-TW
2026-09-28 06:20:43: Copy New 'C:/rock/bannister/BannisterTools/obj/x64/Release/net8.0-windows10.0.19041.0/win-x64/MsixContent/wuceffectsi.dll' -> 'goodrive://www.googleapis.com/:personal:/bannister/BannisterTools/obj/x64/Release/net8.0-windows10.0.19041.0/win-x64/MsixContent/wuceffectsi.dll' (485,296)
2026-09-28 06:20:44: Copy New 'C:/rock/bannister/BannisterTools/obj/x64/Release/net8.0-windows10.0.19041.0/win-x64/output.json' -> 'goodrive://www.googleapis.com/:personal:/bannister/BannisterTools/obj/x64/Release/net8.0-windows10.0.19041.0/win-x64/output.json' (8,947)
2026-09-28 06:20:45: Copy New 'C:/rock/bannister/BannisterTools/obj/x64/Release/net8.0-windows10.0.19041.0/win-x64/MsixContent/zh-CN/Microsoft.ui.xaml.dll.mui' -> 'goodrive://www.googleapis.com/:personal:/bannister/BannisterTools/obj/x64/Release/net8.0-windows10.0.19041.0/win-x64/MsixContent/zh-CN/Microsoft.ui.xaml.dll.mui' (11,264)
2026-09-28 06:20:46: Copy New 'C:/rock/bannister/BannisterTools/obj/x64/Release/net8.0-windows10.0.19041.0/win-x64/MsixContent/zh-TW/Microsoft.ui.xaml.dll.mui' -> 'goodrive://www.googleapis.com/:personal:/bannister/BannisterTools/obj/x64/Release/net8.0-windows10.0.19041.0/win-x64/MsixContent/zh-TW/Microsoft.ui.xaml.dll.mui' (11,264)
2026-09-28 06:20:46: Copy New 'C:/rock/bannister/BannisterTools/obj/x64/Release/net8.0-windows10.0.19041.0/win-x64/MsixContent/zh-TW/Microsoft.UI.Xaml.Phone.dll.mui' -> 'goodrive://www.googleapis.com/:personal:/bannister/BannisterTools/obj/x64/Release/net8.0-windows10.0.19041.0/win-x64/MsixContent/zh-TW/Microsoft.UI.Xaml.Phone.dll.mui' (3,584)
2026-09-28 06:20:46: Create Folder goodrive://www.googleapis.com/:personal:/bannister/BannisterTools/obj/x64/Release/net8.0-windows10.0.19041.0/win-x64/Platforms
2026-09-28 06:20:47: Copy New 'C:/rock/bannister/BannisterTools/obj/x64/Release/net8.0-windows10.0.19041.0/win-x64/MsixContent/zh-CN/Microsoft.UI.Xaml.Phone.dll.mui' -> 'goodrive://www.googleapis.com/:personal:/bannister/BannisterTools/obj/x64/Release/net8.0-windows10.0.19041.0/win-x64/MsixContent/zh-CN/Microsoft.UI.Xaml.Phone.dll.mui' (3,584)
2026-09-28 06:20:48: Create Folder goodrive://www.googleapis.com/:personal:/bannister/BannisterTools/obj/x64/Release/net8.0-windows10.0.19041.0/win-x64/Platforms/Windows
2026-09-28 06:20:48: Copy New 'C:/rock/bannister/BannisterTools/obj/x64/Release/net8.0-windows10.0.19041.0/win-x64/pri.resfiles.intermediate' -> 'goodrive://www.googleapis.com/:personal:/bannister/BannisterTools/obj/x64/Release/net8.0-windows10.0.19041.0/win-x64/pri.resfiles.intermediate' (514)
2026-09-28 06:20:49: Copy New 'C:/rock/bannister/BannisterTools/obj/x64/Release/net8.0-windows10.0.19041.0/win-x64/pri.resfiles' -> 'goodrive://www.googleapis.com/:personal:/bannister/BannisterTools/obj/x64/Release/net8.0-windows10.0.19041.0/win-x64/pri.resfiles' (514)
2026-09-28 06:20:50: Copy New 'C:/rock/bannister/BannisterTools/obj/x64/Release/net8.0-windows10.0.19041.0/win-x64/priconfig.xml' -> 'goodrive://www.googleapis.com/:personal:/bannister/BannisterTools/obj/x64/Release/net8.0-windows10.0.19041.0/win-x64/priconfig.xml' (3,194)
2026-09-28 06:20:50: Copy New 'C:/rock/bannister/BannisterTools/obj/x64/Release/net8.0-windows10.0.19041.0/win-x64/Platforms/Windows/App.g.cs' -> 'goodrive://www.googleapis.com/:personal:/bannister/BannisterTools/obj/x64/Release/net8.0-windows10.0.19041.0/win-x64/Platforms/Windows/App.g.cs' (681)
2026-09-28 06:20:51: Copy New 'C:/rock/bannister/BannisterTools/obj/x64/Release/net8.0-windows10.0.19041.0/win-x64/Platforms/Windows/App.g.i.cs' -> 'goodrive://www.googleapis.com/:personal:/bannister/BannisterTools/obj/x64/Release/net8.0-windows10.0.19041.0/win-x64/Platforms/Windows/App.g.i.cs' (3,518)
2026-09-28 06:20:52: Copy New 'C:/rock/bannister/BannisterTools/obj/x64/Release/net8.0-windows10.0.19041.0/win-x64/Platforms/Windows/App.xaml' -> 'goodrive://www.googleapis.com/:personal:/bannister/BannisterTools/obj/x64/Release/net8.0-windows10.0.19041.0/win-x64/Platforms/Windows/App.xaml' (286)
2026-09-28 06:20:52: Copy New 'C:/rock/bannister/BannisterTools/obj/x64/Release/net8.0-windows10.0.19041.0/win-x64/Platforms/Windows/App.xbf' -> 'goodrive://www.googleapis.com/:personal:/bannister/BannisterTools/obj/x64/Release/net8.0-windows10.0.19041.0/win-x64/Platforms/Windows/App.xbf' (665)
2026-09-28 06:20:54: Copy New 'C:/rock/bannister/BannisterTools/obj/x64/Release/net8.0-windows10.0.19041.0/win-x64/priconfig.xml.intermediate' -> 'goodrive://www.googleapis.com/:personal:/bannister/BannisterTools/obj/x64/Release/net8.0-windows10.0.19041.0/win-x64/priconfig.xml.intermediate' (3,194)
2026-09-28 06:20:54: Copy New 'C:/rock/bannister/BannisterTools/obj/x64/Release/net8.0-windows10.0.19041.0/win-x64/PublishOutputs.688e8a63b1.txt' -> 'goodrive://www.googleapis.com/:personal:/bannister/BannisterTools/obj/x64/Release/net8.0-windows10.0.19041.0/win-x64/PublishOutputs.688e8a63b1.txt' (37,104)
2026-09-28 06:20:54: Copy New 'C:/rock/bannister/BannisterTools/obj/x64/Release/net8.0-windows10.0.19041.0/win-x64/qualifiers.txt' -> 'goodrive://www.googleapis.com/:personal:/bannister/BannisterTools/obj/x64/Release/net8.0-windows10.0.19041.0/win-x64/qualifiers.txt' (0)
2026-09-28 06:20:54: Create Folder goodrive://www.googleapis.com/:personal:/bannister/BannisterTools/obj/x64/Release/net8.0-windows10.0.19041.0/win-x64/R2R
2026-09-28 06:20:55: Create Folder goodrive://www.googleapis.com/:personal:/bannister/BannisterTools/obj/x64/Release/net8.0-windows10.0.19041.0/win-x64/ref
2026-09-28 06:20:55: Create Folder goodrive://www.googleapis.com/:personal:/bannister/BannisterTools/obj/x64/Release/net8.0-windows10.0.19041.0/win-x64/refint
2026-09-28 06:20:56: Copy New 'C:/rock/bannister/BannisterTools/obj/x64/Release/net8.0-windows10.0.19041.0/win-x64/qualifiers.txt.intermediate' -> 'goodrive://www.googleapis.com/:personal:/bannister/BannisterTools/obj/x64/Release/net8.0-windows10.0.19041.0/win-x64/qualifiers.txt.intermediate' (0)
2026-09-28 06:20:57: Copy New 'C:/rock/bannister/BannisterTools/obj/x64/Release/net8.0-windows10.0.19041.0/win-x64/R2R/BannisterTools.dll' -> 'goodrive://www.googleapis.com/:personal:/bannister/BannisterTools/obj/x64/Release/net8.0-windows10.0.19041.0/win-x64/R2R/BannisterTools.dll' (1,040,384)
2026-09-28 06:20:58: Copy New 'C:/rock/bannister/BannisterTools/obj/x64/Release/net8.0-windows10.0.19041.0/win-x64/ref/BannisterTools.dll' -> 'goodrive://www.googleapis.com/:personal:/bannister/BannisterTools/obj/x64/Release/net8.0-windows10.0.19041.0/win-x64/ref/BannisterTools.dll' (550,400)
2026-09-28 06:20:59: Copy New 'C:/rock/bannister/BannisterTools/obj/x64/Release/net8.0-windows10.0.19041.0/win-x64/refint/BannisterTools.dll' -> 'goodrive://www.googleapis.com/:personal:/bannister/BannisterTools/obj/x64/Release/net8.0-windows10.0.19041.0/win-x64/refint/BannisterTools.dll' (550,400)
2026-09-28 06:21:00: Copy New 'C:/rock/bannister/BannisterTools/obj/x64/Release/net8.0-windows10.0.19041.0/win-x64/R2R/Microsoft.Extensions.Configuration.Abstractions.dll' -> 'goodrive://www.googleapis.com/:personal:/bannister/BannisterTools/obj/x64/Release/net8.0-windows10.0.19041.0/win-x64/R2R/Microsoft.Extensions.Configuration.Abstractions.dll' (36,864)
2026-09-28 06:21:00: Copy New 'C:/rock/bannister/BannisterTools/obj/x64/Release/net8.0-windows10.0.19041.0/win-x64/R2R/Microsoft.Extensions.Configuration.dll' -> 'goodrive://www.googleapis.com/:personal:/bannister/BannisterTools/obj/x64/Release/net8.0-windows10.0.19041.0/win-x64/R2R/Microsoft.Extensions.Configuration.dll' (81,920)
2026-09-28 06:21:01: Copy New 'C:/rock/bannister/BannisterTools/obj/x64/Release/net8.0-windows10.0.19041.0/win-x64/R2R/Microsoft.Extensions.DependencyInjection.Abstractions.dll' -> 'goodrive://www.googleapis.com/:personal:/bannister/BannisterTools/obj/x64/Release/net8.0-windows10.0.19041.0/win-x64/R2R/Microsoft.Extensions.DependencyInjection.Abstractions.dll' (131,072)
2026-09-28 06:21:02: Copy New 'C:/rock/bannister/BannisterTools/obj/x64/Release/net8.0-windows10.0.19041.0/win-x64/R2R/Microsoft.Extensions.DependencyInjection.dll' -> 'goodrive://www.googleapis.com/:personal:/bannister/BannisterTools/obj/x64/Release/net8.0-windows10.0.19041.0/win-x64/R2R/Microsoft.Extensions.DependencyInjection.dll' (204,800)
2026-09-28 06:21:02: Copy New 'C:/rock/bannister/BannisterTools/obj/x64/Release/net8.0-windows10.0.19041.0/win-x64/R2R/Microsoft.Extensions.Logging.Abstractions.dll' -> 'goodrive://www.googleapis.com/:personal:/bannister/BannisterTools/obj/x64/Release/net8.0-windows10.0.19041.0/win-x64/R2R/Microsoft.Extensions.Logging.Abstractions.dll' (135,168)
2026-09-28 06:21:03: Copy New 'C:/rock/bannister/BannisterTools/obj/x64/Release/net8.0-windows10.0.19041.0/win-x64/R2R/Microsoft.Extensions.Logging.Debug.dll' -> 'goodrive://www.googleapis.com/:personal:/bannister/BannisterTools/obj/x64/Release/net8.0-windows10.0.19041.0/win-x64/R2R/Microsoft.Extensions.Logging.Debug.dll' (24,576)
2026-09-28 06:21:04: Copy New 'C:/rock/bannister/BannisterTools/obj/x64/Release/net8.0-windows10.0.19041.0/win-x64/R2R/Microsoft.Extensions.Logging.dll' -> 'goodrive://www.googleapis.com/:personal:/bannister/BannisterTools/obj/x64/Release/net8.0-windows10.0.19041.0/win-x64/R2R/Microsoft.Extensions.Logging.dll' (86,016)
2026-09-28 06:21:04: > Copy New 'C:/rock/bannister/BannisterTools/obj/x64/Release/net8.0-windows10.0.19041.0/win-x64/R2R/Microsoft.Graphics.Canvas.Interop.dll' -> 'goodrive://www.googleapis.com/:personal:/bannister/BannisterTools/obj/x64/Release/net8.0-windows10.0.19041.0/win-x64/R2R/Microsoft.Graphics.Canvas.Interop.dll' (2,269,184)
2026-09-28 06:21:04: Copy New 'C:/rock/bannister/BannisterTools/obj/x64/Release/net8.0-windows10.0.19041.0/win-x64/R2R/Microsoft.Extensions.Options.dll' -> 'goodrive://www.googleapis.com/:personal:/bannister/BannisterTools/obj/x64/Release/net8.0-windows10.0.19041.0/win-x64/R2R/Microsoft.Extensions.Options.dll' (126,976)
2026-09-28 06:21:04: > Copy New 'C:/rock/bannister/BannisterTools/obj/x64/Release/net8.0-windows10.0.19041.0/win-x64/R2R/Microsoft.InteractiveExperiences.Projection.dll' -> 'goodrive://www.googleapis.com/:personal:/bannister/BannisterTools/obj/x64/Release/net8.0-windows10.0.19041.0/win-x64/R2R/Microsoft.InteractiveExperiences.Projection.dll' (2,576,384)
2026-09-28 06:21:06: Copy New 'C:/rock/bannister/BannisterTools/obj/x64/Release/net8.0-windows10.0.19041.0/win-x64/R2R/Microsoft.Extensions.Primitives.dll' -> 'goodrive://www.googleapis.com/:personal:/bannister/BannisterTools/obj/x64/Release/net8.0-windows10.0.19041.0/win-x64/R2R/Microsoft.Extensions.Primitives.dll' (73,728)
2026-09-28 06:21:07: < Copy New 'C:/rock/bannister/BannisterTools/obj/x64/Release/net8.0-windows10.0.19041.0/win-x64/R2R/Microsoft.InteractiveExperiences.Projection.dll' -> 'goodrive://www.googleapis.com/:personal:/bannister/BannisterTools/obj/x64/Release/net8.0-windows10.0.19041.0/win-x64/R2R/Microsoft.InteractiveExperiences.Projection.dll' (2,576,384)
2026-09-28 06:21:07: > Copy New 'C:/rock/bannister/BannisterTools/obj/x64/Release/net8.0-windows10.0.19041.0/win-x64/R2R/Microsoft.Maui.Controls.Compatibility.dll' -> 'goodrive://www.googleapis.com/:personal:/bannister/BannisterTools/obj/x64/Release/net8.0-windows10.0.19041.0/win-x64/R2R/Microsoft.Maui.Controls.Compatibility.dll' (1,163,264)
2026-09-28 06:21:07: < Copy New 'C:/rock/bannister/BannisterTools/obj/x64/Release/net8.0-windows10.0.19041.0/win-x64/R2R/Microsoft.Graphics.Canvas.Interop.dll' -> 'goodrive://www.googleapis.com/:personal:/bannister/BannisterTools/obj/x64/Release/net8.0-windows10.0.19041.0/win-x64/R2R/Microsoft.Graphics.Canvas.Interop.dll' (2,269,184)
2026-09-28 06:21:07: > Copy New 'C:/rock/bannister/BannisterTools/obj/x64/Release/net8.0-windows10.0.19041.0/win-x64/R2R/Microsoft.Maui.Controls.dll' -> 'goodrive://www.googleapis.com/:personal:/bannister/BannisterTools/obj/x64/Release/net8.0-windows10.0.19041.0/win-x64/R2R/Microsoft.Maui.Controls.dll' (4,317,184)
2026-09-28 06:21:08: Copy New 'C:/rock/bannister/BannisterTools/obj/x64/Release/net8.0-windows10.0.19041.0/win-x64/R2R/Microsoft.IO.RecyclableMemoryStream.dll' -> 'goodrive://www.googleapis.com/:personal:/bannister/BannisterTools/obj/x64/Release/net8.0-windows10.0.19041.0/win-x64/R2R/Microsoft.IO.RecyclableMemoryStream.dll' (118,784)
2026-09-28 06:21:09: < Copy New 'C:/rock/bannister/BannisterTools/obj/x64/Release/net8.0-windows10.0.19041.0/win-x64/R2R/Microsoft.Maui.Controls.Compatibility.dll' -> 'goodrive://www.googleapis.com/:personal:/bannister/BannisterTools/obj/x64/Release/net8.0-windows10.0.19041.0/win-x64/R2R/Microsoft.Maui.Controls.Compatibility.dll' (1,163,264)
2026-09-28 06:21:09: > Copy New 'C:/rock/bannister/BannisterTools/obj/x64/Release/net8.0-windows10.0.19041.0/win-x64/R2R/Microsoft.Maui.dll' -> 'goodrive://www.googleapis.com/:personal:/bannister/BannisterTools/obj/x64/Release/net8.0-windows10.0.19041.0/win-x64/R2R/Microsoft.Maui.dll' (1,609,728)
2026-09-28 06:21:09: < Copy New 'C:/rock/bannister/BannisterTools/obj/x64/Release/net8.0-windows10.0.19041.0/win-x64/R2R/Microsoft.Maui.Controls.dll' -> 'goodrive://www.googleapis.com/:personal:/bannister/BannisterTools/obj/x64/Release/net8.0-windows10.0.19041.0/win-x64/R2R/Microsoft.Maui.Controls.dll' (4,317,184)
2026-09-28 06:21:10: Copy New 'C:/rock/bannister/BannisterTools/obj/x64/Release/net8.0-windows10.0.19041.0/win-x64/R2R/Microsoft.Maui.Controls.Xaml.dll' -> 'goodrive://www.googleapis.com/:personal:/bannister/BannisterTools/obj/x64/Release/net8.0-windows10.0.19041.0/win-x64/R2R/Microsoft.Maui.Controls.Xaml.dll' (294,912)
2026-09-28 06:21:11: < Copy New 'C:/rock/bannister/BannisterTools/obj/x64/Release/net8.0-windows10.0.19041.0/win-x64/R2R/Microsoft.Maui.dll' -> 'goodrive://www.googleapis.com/:personal:/bannister/BannisterTools/obj/x64/Release/net8.0-windows10.0.19041.0/win-x64/R2R/Microsoft.Maui.dll' (1,609,728)
2026-09-28 06:21:12: Copy New 'C:/rock/bannister/BannisterTools/obj/x64/Release/net8.0-windows10.0.19041.0/win-x64/R2R/Microsoft.Maui.Essentials.dll' -> 'goodrive://www.googleapis.com/:personal:/bannister/BannisterTools/obj/x64/Release/net8.0-windows10.0.19041.0/win-x64/R2R/Microsoft.Maui.Essentials.dll' (544,768)
2026-09-28 06:21:12: Copy New 'C:/rock/bannister/BannisterTools/obj/x64/Release/net8.0-windows10.0.19041.0/win-x64/R2R/Microsoft.Maui.Graphics.dll' -> 'goodrive://www.googleapis.com/:personal:/bannister/BannisterTools/obj/x64/Release/net8.0-windows10.0.19041.0/win-x64/R2R/Microsoft.Maui.Graphics.dll' (536,576)
2026-09-28 06:21:13: Copy New 'C:/rock/bannister/BannisterTools/obj/x64/Release/net8.0-windows10.0.19041.0/win-x64/R2R/Microsoft.Maui.Graphics.Win2D.WinUI.Desktop.dll' -> 'goodrive://www.googleapis.com/:personal:/bannister/BannisterTools/obj/x64/Release/net8.0-windows10.0.19041.0/win-x64/R2R/Microsoft.Maui.Graphics.Win2D.WinUI.Desktop.dll' (126,976)
2026-09-28 06:21:14: Copy New 'C:/rock/bannister/BannisterTools/obj/x64/Release/net8.0-windows10.0.19041.0/win-x64/R2R/Microsoft.Windows.ApplicationModel.DynamicDependency.Projection.dll' -> 'goodrive://www.googleapis.com/:personal:/bannister/BannisterTools/obj/x64/Release/net8.0-windows10.0.19041.0/win-x64/R2R/Microsoft.Windows.ApplicationModel.DynamicDependency.Projection.dll' (102,400)
2026-09-28 06:21:14: Copy New 'C:/rock/bannister/BannisterTools/obj/x64/Release/net8.0-windows10.0.19041.0/win-x64/R2R/Microsoft.Windows.ApplicationModel.Resources.Projection.dll' -> 'goodrive://www.googleapis.com/:personal:/bannister/BannisterTools/obj/x64/Release/net8.0-windows10.0.19041.0/win-x64/R2R/Microsoft.Windows.ApplicationModel.Resources.Projection.dll' (135,168)
2026-09-28 06:21:15: Copy New 'C:/rock/bannister/BannisterTools/obj/x64/Release/net8.0-windows10.0.19041.0/win-x64/R2R/Microsoft.Windows.ApplicationModel.WindowsAppRuntime.Projection.dll' -> 'goodrive://www.googleapis.com/:personal:/bannister/BannisterTools/obj/x64/Release/net8.0-windows10.0.19041.0/win-x64/R2R/Microsoft.Windows.ApplicationModel.WindowsAppRuntime.Projection.dll' (81,920)
2026-09-28 06:21:16: Copy New 'C:/rock/bannister/BannisterTools/obj/x64/Release/net8.0-windows10.0.19041.0/win-x64/R2R/Microsoft.Windows.AppLifecycle.Projection.dll' -> 'goodrive://www.googleapis.com/:personal:/bannister/BannisterTools/obj/x64/Release/net8.0-windows10.0.19041.0/win-x64/R2R/Microsoft.Windows.AppLifecycle.Projection.dll' (90,112)
2026-09-28 06:21:16: Copy New 'C:/rock/bannister/BannisterTools/obj/x64/Release/net8.0-windows10.0.19041.0/win-x64/R2R/Microsoft.Windows.AppNotifications.Builder.Projection.dll' -> 'goodrive://www.googleapis.com/:personal:/bannister/BannisterTools/obj/x64/Release/net8.0-windows10.0.19041.0/win-x64/R2R/Microsoft.Windows.AppNotifications.Builder.Projection.dll' (131,072)
2026-09-28 06:21:18: Copy New 'C:/rock/bannister/BannisterTools/obj/x64/Release/net8.0-windows10.0.19041.0/win-x64/R2R/Microsoft.Windows.Management.Deployment.Projection.dll' -> 'goodrive://www.googleapis.com/:personal:/bannister/BannisterTools/obj/x64/Release/net8.0-windows10.0.19041.0/win-x64/R2R/Microsoft.Windows.Management.Deployment.Projection.dll' (217,088)
2026-09-28 06:21:18: > Copy New 'C:/rock/bannister/BannisterTools/obj/x64/Release/net8.0-windows10.0.19041.0/win-x64/R2R/Microsoft.Windows.SDK.NET.dll' -> 'goodrive://www.googleapis.com/:personal:/bannister/BannisterTools/obj/x64/Release/net8.0-windows10.0.19041.0/win-x64/R2R/Microsoft.Windows.SDK.NET.dll' (56,717,312)
2026-09-28 06:21:18: Copy New 'C:/rock/bannister/BannisterTools/obj/x64/Release/net8.0-windows10.0.19041.0/win-x64/R2R/Microsoft.Windows.AppNotifications.Projection.dll' -> 'goodrive://www.googleapis.com/:personal:/bannister/BannisterTools/obj/x64/Release/net8.0-windows10.0.19041.0/win-x64/R2R/Microsoft.Windows.AppNotifications.Projection.dll' (118,784)
2026-09-28 06:21:18: Copy New 'C:/rock/bannister/BannisterTools/obj/x64/Release/net8.0-windows10.0.19041.0/win-x64/R2R/Microsoft.Windows.PushNotifications.Projection.dll' -> 'goodrive://www.googleapis.com/:personal:/bannister/BannisterTools/obj/x64/Release/net8.0-windows10.0.19041.0/win-x64/R2R/Microsoft.Windows.PushNotifications.Projection.dll' (102,400)
2026-09-28 06:21:20: Copy New 'C:/rock/bannister/BannisterTools/obj/x64/Release/net8.0-windows10.0.19041.0/win-x64/R2R/Microsoft.Windows.Security.AccessControl.Projection.dll' -> 'goodrive://www.googleapis.com/:personal:/bannister/BannisterTools/obj/x64/Release/net8.0-windows10.0.19041.0/win-x64/R2R/Microsoft.Windows.Security.AccessControl.Projection.dll' (61,440)
2026-09-28 06:21:21: Copy New 'C:/rock/bannister/BannisterTools/obj/x64/Release/net8.0-windows10.0.19041.0/win-x64/R2R/Microsoft.Windows.System.Power.Projection.dll' -> 'goodrive://www.googleapis.com/:personal:/bannister/BannisterTools/obj/x64/Release/net8.0-windows10.0.19041.0/win-x64/R2R/Microsoft.Windows.System.Power.Projection.dll' (81,920)
2026-09-28 06:21:22: Copy New 'C:/rock/bannister/BannisterTools/obj/x64/Release/net8.0-windows10.0.19041.0/win-x64/R2R/Microsoft.Windows.System.Projection.dll' -> 'goodrive://www.googleapis.com/:personal:/bannister/BannisterTools/obj/x64/Release/net8.0-windows10.0.19041.0/win-x64/R2R/Microsoft.Windows.System.Projection.dll' (69,632)
2026-09-28 06:21:23: Copy New 'C:/rock/bannister/BannisterTools/obj/x64/Release/net8.0-windows10.0.19041.0/win-x64/R2R/Microsoft.Windows.Widgets.Projection.dll' -> 'goodrive://www.googleapis.com/:personal:/bannister/BannisterTools/obj/x64/Release/net8.0-windows10.0.19041.0/win-x64/R2R/Microsoft.Windows.Widgets.Projection.dll' (315,392)
2026-09-28 06:21:23: > Copy New 'C:/rock/bannister/BannisterTools/obj/x64/Release/net8.0-windows10.0.19041.0/win-x64/R2R/Microsoft.WinUI.dll' -> 'goodrive://www.googleapis.com/:personal:/bannister/BannisterTools/obj/x64/Release/net8.0-windows10.0.19041.0/win-x64/R2R/Microsoft.WinUI.dll' (14,249,984)
2026-09-28 06:21:24: Copy New 'C:/rock/bannister/BannisterTools/obj/x64/Release/net8.0-windows10.0.19041.0/win-x64/R2R/Microsoft.WindowsAppRuntime.Bootstrap.Net.dll' -> 'goodrive://www.googleapis.com/:personal:/bannister/BannisterTools/obj/x64/Release/net8.0-windows10.0.19041.0/win-x64/R2R/Microsoft.WindowsAppRuntime.Bootstrap.Net.dll' (20,480)
2026-09-28 06:21:26: < Copy New 'C:/rock/bannister/BannisterTools/obj/x64/Release/net8.0-windows10.0.19041.0/win-x64/R2R/Microsoft.Windows.SDK.NET.dll' -> 'goodrive://www.googleapis.com/:personal:/bannister/BannisterTools/obj/x64/Release/net8.0-windows10.0.19041.0/win-x64/R2R/Microsoft.Windows.SDK.NET.dll' (56,717,312)
2026-09-28 06:21:27: Copy New 'C:/rock/bannister/BannisterTools/obj/x64/Release/net8.0-windows10.0.19041.0/win-x64/R2R/SQLite-net.dll' -> 'goodrive://www.googleapis.com/:personal:/bannister/BannisterTools/obj/x64/Release/net8.0-windows10.0.19041.0/win-x64/R2R/SQLite-net.dll' (290,816)
2026-09-28 06:21:27: < Copy New 'C:/rock/bannister/BannisterTools/obj/x64/Release/net8.0-windows10.0.19041.0/win-x64/R2R/Microsoft.WinUI.dll' -> 'goodrive://www.googleapis.com/:personal:/bannister/BannisterTools/obj/x64/Release/net8.0-windows10.0.19041.0/win-x64/R2R/Microsoft.WinUI.dll' (14,249,984)
2026-09-28 06:21:28: Copy New 'C:/rock/bannister/BannisterTools/obj/x64/Release/net8.0-windows10.0.19041.0/win-x64/R2R/SQLitePCLRaw.batteries_v2.dll' -> 'goodrive://www.googleapis.com/:personal:/bannister/BannisterTools/obj/x64/Release/net8.0-windows10.0.19041.0/win-x64/R2R/SQLitePCLRaw.batteries_v2.dll' (20,480)
2026-09-28 06:21:29: Copy New 'C:/rock/bannister/BannisterTools/obj/x64/Release/net8.0-windows10.0.19041.0/win-x64/R2R/SQLitePCLRaw.core.dll' -> 'goodrive://www.googleapis.com/:personal:/bannister/BannisterTools/obj/x64/Release/net8.0-windows10.0.19041.0/win-x64/R2R/SQLitePCLRaw.core.dll' (110,592)
2026-09-28 06:21:29: > Copy New 'C:/rock/bannister/BannisterTools/obj/x64/Release/net8.0-windows10.0.19041.0/win-x64/R2R/WinRT.Runtime.dll' -> 'goodrive://www.googleapis.com/:personal:/bannister/BannisterTools/obj/x64/Release/net8.0-windows10.0.19041.0/win-x64/R2R/WinRT.Runtime.dll' (1,392,640)
2026-09-28 06:21:29: Copy New 'C:/rock/bannister/BannisterTools/obj/x64/Release/net8.0-windows10.0.19041.0/win-x64/R2R/SQLitePCLRaw.provider.e_sqlcipher.dll' -> 'goodrive://www.googleapis.com/:personal:/bannister/BannisterTools/obj/x64/Release/net8.0-windows10.0.19041.0/win-x64/R2R/SQLitePCLRaw.provider.e_sqlcipher.dll' (90,112)
2026-09-28 06:21:30: Copy New 'C:/rock/bannister/BannisterTools/obj/x64/Release/net8.0-windows10.0.19041.0/win-x64/R2R/SQLitePCLRaw.provider.e_sqlite3.dll' -> 'goodrive://www.googleapis.com/:personal:/bannister/BannisterTools/obj/x64/Release/net8.0-windows10.0.19041.0/win-x64/R2R/SQLitePCLRaw.provider.e_sqlite3.dll' (86,016)
2026-09-28 06:21:31: < Copy New 'C:/rock/bannister/BannisterTools/obj/x64/Release/net8.0-windows10.0.19041.0/win-x64/R2R/WinRT.Runtime.dll' -> 'goodrive://www.googleapis.com/:personal:/bannister/BannisterTools/obj/x64/Release/net8.0-windows10.0.19041.0/win-x64/R2R/WinRT.Runtime.dll' (1,392,640)
2026-09-28 06:21:31: Copy New 'C:/rock/bannister/BannisterTools/obj/x64/Release/net8.0-windows10.0.19041.0/win-x64/resources.resfiles' -> 'goodrive://www.googleapis.com/:personal:/bannister/BannisterTools/obj/x64/Release/net8.0-windows10.0.19041.0/win-x64/resources.resfiles' (0)
2026-09-28 06:21:33: Copy New 'C:/rock/bannister/BannisterTools/obj/x64/Release/net8.0-windows10.0.19041.0/win-x64/resources.resfiles.intermediate' -> 'goodrive://www.googleapis.com/:personal:/bannister/BannisterTools/obj/x64/Release/net8.0-windows10.0.19041.0/win-x64/resources.resfiles.intermediate' (0)
2026-09-28 06:21:33: Copy New 'C:/rock/bannister/BannisterTools/obj/x64/Release/net8.0-windows10.0.19041.0/win-x64/unfiltered.layout.resfiles' -> 'goodrive://www.googleapis.com/:personal:/bannister/BannisterTools/obj/x64/Release/net8.0-windows10.0.19041.0/win-x64/unfiltered.layout.resfiles' (0)
2026-09-28 06:21:34: Copy New 'C:/rock/bannister/BannisterTools/obj/x64/Release/net8.0-windows10.0.19041.0/win-x64/unfiltered.layout.resfiles.intermediate' -> 'goodrive://www.googleapis.com/:personal:/bannister/BannisterTools/obj/x64/Release/net8.0-windows10.0.19041.0/win-x64/unfiltered.layout.resfiles.intermediate' (0)
2026-09-28 06:21:35: Copy New 'C:/rock/bannister/BannisterTools/obj/x64/Release/net8.0-windows10.0.19041.0/win-x64/XamlC.stamp' -> 'goodrive://www.googleapis.com/:personal:/bannister/BannisterTools/obj/x64/Release/net8.0-windows10.0.19041.0/win-x64/XamlC.stamp' (0)
2026-09-28 06:21:35: Copy New 'C:/rock/bannister/BannisterTools/obj/x64/Release/net8.0-windows10.0.19041.0/win-x64/XamlSaveStateFile.xml' -> 'goodrive://www.googleapis.com/:personal:/bannister/BannisterTools/obj/x64/Release/net8.0-windows10.0.19041.0/win-x64/XamlSaveStateFile.xml' (829)
2026-09-28 06:21:36: Copy New 'C:/rock/bannister/BannisterTools/obj/x64/Release/net8.0-windows10.0.19041.0/win-x64/XamlTypeInfo.g.cs' -> 'goodrive://www.googleapis.com/:personal:/bannister/BannisterTools/obj/x64/Release/net8.0-windows10.0.19041.0/win-x64/XamlTypeInfo.g.cs' (101,413)
2026-09-28 06:21:36: Save State File C:/rock/bannister/_gsdata_/_file_state_v4._gs
2026-09-28 06:21:37: CopyFileSimple: UploadBuf: ERR: [SSL sending [-1] www.googleapis.com:443]: Connection was reset by remote machine
2026-09-28 06:21:37: Waiting for 0 + 0 of 4 sec on CopyFileSimple: UploadBuf: [SSL sending [-1] www.googleapis.com:443]: Connection was reset by remote machine
2026-09-28 06:21:41: Recovered the connection, continuing operations
2026-09-28 06:21:42: Account Manager supplied new AccessToken, so use it
2026-09-28 06:21:42: CopyFileSimple: CloseUpload: ERR: Auth method not supported: Bearer realm="https://accounts.google.com/", error="invalid_token", Error: Server says: Unauthorized (status code 401): Invalid Credentials
2026-09-28 06:21:42: Waiting for 1 + 0 of 8 sec on CopyFileSimple: CloseUpload: Auth method not supported: Bearer realm="https://accounts.google.com/", error="invalid_token", Error: Server says: Unauthorized (status code 401): Invalid Credentials
2026-09-28 06:21:50: Recovered the connection, continuing operations
2026-09-28 06:21:53: Save State File goodrive://www.googleapis.com/:personal:/bannister/_gsdata_/_file_state_v4._gs
2026-09-28 06:21:54: Deleted Recycled: goodrive://www.googleapis.com/:personal:/bannister/_gsdata_/_saved_/.git/objects/b4/2b132bed7dab4098641cb24ad0fa59bec66032
2026-09-28 06:21:55: Deleted Recycled: goodrive://www.googleapis.com/:personal:/bannister/_gsdata_/_saved_/.vs/Bannister/FileContentIndex/2204f7dc-c545-4b16-8c2e-121a8204dce7.vsidx
2026-09-28 06:21:55: Deleted Recycled: goodrive://www.googleapis.com/:personal:/bannister/_gsdata_/_saved_/.vs/Bannister/FileContentIndex/2ff00bdf-c700-44a2-91aa-925f9ca61014.vsidx
2026-09-28 06:21:56: Deleted Recycled: goodrive://www.googleapis.com/:personal:/bannister/_gsdata_/_saved_/.vs/Bannister/FileContentIndex/c4f755fe-8194-4787-835b-9f6c4243670d.vsidx
2026-09-28 06:21:57: Deleted Recycled: goodrive://www.googleapis.com/:personal:/bannister/_gsdata_/_saved_/bannister/Models/WritingExperiment.cs
2026-09-28 06:21:58: Deleted Recycled: goodrive://www.googleapis.com/:personal:/bannister/_gsdata_/_saved_/bannister/obj/Debug/net8.0-android/Bannister.genruntimeconfig.cache
2026-09-28 06:21:58: Deleted Recycled: goodrive://www.googleapis.com/:personal:/bannister/_gsdata_/_saved_/bannister/obj/Debug/net8.0-android/devices.cache
2026-09-28 06:21:59: Deleted Recycled: goodrive://www.googleapis.com/:personal:/bannister/_gsdata_/_saved_/bannister/Services/WritingExperimentService.cs
2026-09-28 06:22:02: GsDeleteEmptyFoldersFS: /_gsdata_/_saved_/.git/objects/b4
2026-09-28 06:22:04: == Sync Complete. Time: 00:51:25, Speed: 231.52 KB/s, OK: 2,955, Errors: 0
